Time (s),"Primary somatosensory area, barrel field (L)","Primary somatosensory area, barrel field (R)","Primary somatosensory area, lower limb (L)","Primary somatosensory area, lower limb (R)",Supplemental somatosensory area (L),Supplemental somatosensory area (R),Olfactory areas (L),Olfactory areas (R),Hippocampal formation (L),Hippocampal formation (R),Cortical subplate (L),Cortical subplate (R),Striatum (L),Striatum (R),Pallidum (L),Pallidum (R),Thalamus (L),Thalamus (R),Hypothalamus (L),Hypothalamus (R)
10,2.53908827646233,2.50545877167755,3.00010963034381,4.10490284426136,4.06999231040816,5,6,9.08079280298224,8.85676777087142,10.8411011427944,11.2915323791599,15.1592127211434,12.7031667719385,13.7194290890275,14.7204016960695,16.6671895690938,17.1970066681585,19.3062644006703,18,20.6531591713397
10.5999999999999,2.43188088443033,2.48962080343095,3.02466894751928,4.17603979585092,4.0730920863497,5.00865693088209,6.01808504845391,8.95303471447329,8.87133989532239,10.8327319002706,11.3732859753585,14.9633529561618,12.7160094138961,13.7677864947377,14.7621192492909,16.7156435094017,17.2276787539353,19.3301870109961,18.0366811728361,20.7178938501162
11.1999999999998,2.32435296372189,2.47346902803249,3.04912118582777,4.2469990568114,4.07611131338997,5.01726014699625,6.03605347446855,8.8251298331425,8.88800689905415,10.8247125970178,11.4547851618292,14.7673358852327,12.7286145727211,13.816102854355,14.8037981606343,16.7640943478506,17.2580997908297,19.35381942874,18.0731877889676,20.7823060026594
11.7999999999997,2.21622760172686,2.45673233976249,3.07337383720141,4.31762711583626,4.07898040335125,5.02576324283284,6.05380452504918,8.69695134105925,8.90431549795722,10.8234888352004,11.5358101477481,14.5710256078776,12.7407770808919,13.8643427071496,14.8454050464304,16.8125394046681,17.2880528915354,19.3769109493906,18.1093690445623,20.8461169906207
12.3999999999996,2.10769888070141,2.43960075094903,3.09749173860994,4.38803156578919,4.08174812913169,5.0341987430429,6.07140881586228,8.5685881222584,8.92091196594145,10.8260895198517,11.6165149799062,14.3745173738991,12.7526407360328,13.9125309068052,14.8869633045947,16.8609805580506,17.3176900678287,19.3996372864958,18.1453306348717,20.9095221057903
12.9999999999995,1.99923802288613,2.42253560224616,3.12163231104977,4.45847363688929,4.08453290894635,5.04264561589088,6.08903779829798,8.44025598283628,8.93578261645586,10.8310365074598,11.6972736763894,14.1780424451671,12.7645546717536,13.9607277968521,14.9285297441233,16.9094223681672,17.3468150787629,19.4224250639701,18.1813291828052,20.9729955070983
13.5999999999995,1.88955586259454,2.40427476192558,3.14536488353507,4.5282386577868,4.08701077527767,5.05088782068918,6.10568538690601,8.31015324202846,8.95254990079171,10.8363284162476,11.7900255219328,13.9809681374798,12.7755637313766,14.0087682899875,14.9699489474612,16.9578523593472,17.3737755367878,19.4447434877214,18.2166626216506,21.0352399946886
14.1999999999994,1.77672034133507,2.38292668699278,3.16804401417734,4.596255558359,4.08869620155615,5.05860157962596,6.11614899265343,8.20345697913496,8.97752299908418,10.8417155290568,11.8824800229712,13.777032550562,12.7842364320523,14.0564049716791,15.0109879920211,17.0062518344394,17.4007599920205,19.4636786741212,18.2506420792,21.0895289194978
14.7999999999993,1.77778631006932,2.38322859662442,3.16685634551711,4.62466701014727,4.08448754359991,5.05646570665815,6.11685219864309,8.16567747137309,8.98680943060808,10.832683321665,11.9198011567048,13.7324651209115,12.7399765380512,14.0948928932859,15.0434141517616,17.0539599364429,17.3980291931117,19.4254764494295,18.2746690493629,21.0968162650822
15.3999999999992,1.77517263282258,2.38789205532168,3.16462914626429,4.6513534264533,4.08008352830647,5.05417307920388,6.1191571376554,8.13469428692735,8.99254131296063,10.8225375583963,11.9050335815792,13.7033732210295,12.7317158647626,14.1213719786302,15.0754651729195,17.1016379253395,17.3891136488832,19.3811686072604,18.3024111142643,21.1199289574525
15.9999999999991,1.77959389677897,2.42063520203228,3.19979541150403,4.60059622316795,4.08147908529725,5.05538283644392,6.12579625222292,8.12636624511985,9.00663265101614,10.8293091189517,11.8977903489415,13.6814317023501,12.7753831638568,14.089923969165,15.0737379788803,17.0866166062627,17.3961057499101,19.3552687662488,18.3103046564701,21.1072109870816
16.599999999999,1.77774308299923,2.45776321003636,3.23510147987117,4.55007101435859,4.0845172892372,5.0573899097811,6.13375105987485,8.11638190088074,9.02084167756995,10.8422543362732,11.9057139902686,13.6397839651018,12.8591390819508,14.0331689614171,15.0720612360229,17.0715993370008,17.4032743925854,19.3364567376793,18.2999903421987,21.1067295295505
17.1999999999989,1.78111482089627,2.4765790786898,3.27455188442148,4.50642307016965,4.09110647553217,5.06157579457291,6.14923999382958,8.09858043618128,9.04213735521788,10.8548613016849,11.8964046135437,13.6020080646651,12.9298777125863,13.9832686189707,15.0718800724321,17.0567021208081,17.4245117078283,19.3323109644547,18.2839068121696,21.0714089716972
17.7999999999988,1.78695790162256,2.49720924328123,3.31359873593933,4.46210545516493,4.09779651499896,5.06559078334443,6.16926120349505,8.06958434650855,9.06581939579508,10.8714055937162,11.8752002917005,13.569375874419,12.9997213296581,13.9332135842329,15.071553277425,17.041793214497,17.4471708063117,19.3263279796452,18.269807631923,21.0401495243194
18.3999999999987,1.79277526312189,2.51781422798095,3.35263699544689,4.41777358226083,4.1044800912204,5.06960146204196,6.19299437787964,8.0419502678932,9.09105230528607,10.8872025616655,11.8470374196929,13.5410946141988,13.0695458910789,13.8831552559557,15.0712233817929,17.0268840592928,17.4647363188563,19.3169946360979,18.2556944452431,21.0088641974306
18.9999999999986,1.79796260239754,2.53780240209819,3.391464783721,4.37309244561375,4.1110053427688,5.07350656049031,6.21649832245137,8.01402765740277,9.12004664202682,10.9011222921612,11.818374487022,13.512504157797,13.1389036622799,13.8330162486233,15.0708175327634,17.011968807161,17.4838752220704,19.3081848243502,18.2412381547747,20.9769449219761
19.5999999999985,1.80534629865186,2.55994087532624,3.43102630795718,4.32962889753807,4.11808253913354,5.07777972836288,6.24080139835579,7.9871109146002,9.13521885998616,10.9118766234128,11.7914548448038,13.4849916081193,13.2098887379129,13.7831585012201,15.0706764692734,16.9970748098817,17.504734386232,19.3013634977182,18.2279779783037,20.9472356913486
20.1999999999985,1.81389975378074,2.58322457744571,3.47097861300064,4.28681382557571,4.12545369606727,5.08224892651632,6.26553008402101,7.96072988737847,9.14843863672653,10.9131504053635,11.76546366253,13.4580531413291,13.2817405004366,13.7334505501849,15.0706764280478,16.982192132735,17.5265097450421,19.2956012193801,18.2153548407918,20.9187035096136
20.7999999999984,1.82248323145921,2.60653767253834,3.51094094766339,4.24401539713424,4.13283239767193,5.08672315590222,6.29026969321109,7.93436260961226,9.16117115343899,10.9148108113416,11.7394963097268,13.431129408714,13.3536145069891,13.6837464437617,15.0706800062416,16.9673097461262,17.5483086185268,19.2898661221394,18.2027480532596,20.8902015375308
21.3999999999983,1.8312382502234,2.63001871147965,3.55096058897747,4.20131206546781,4.14025420757544,5.09122613244957,6.31507171659785,7.90807389267971,9.17266042001722,10.9164598997015,11.7136651123573,13.4042898633651,13.4256156101711,13.6340643044567,15.0707042648619,16.9524290195756,17.570241848782,19.2842863306614,18.1902346852833,20.8618721755896
21.9999999999982,1.83948064164195,2.65299787293191,3.59080897711081,4.15832454994442,4.14754719415521,5.09564320199101,6.33968722359503,7.88155040731565,9.18511921468686,10.9220995422896,11.6874270328798,13.3771987357515,13.4972369022569,13.5843165193882,15.0706667228233,16.9375433321654,17.5917735719908,19.2782424289059,18.1774421455924,20.8330269915738
22.5999999999981,1.84823529747125,2.67647855654911,3.63082849717939,4.11562101707873,4.15496891285314,5.10014611771708,6.36448911493012,7.85526152416946,9.196695940317,10.9236264134741,11.661595547442,13.350359012285,13.5692377365366,13.5346343336067,15.0706909376893,16.9226626021025,17.6137065179831,19.2726623088426,18.1649285799655,20.8046972644359
23.199999999998,1.85723563833991,2.7001997731611,3.67093009313567,4.07305368397429,4.16245237223586,5.10469020578073,6.38938039729535,7.82908515763368,9.20772951327052,10.9231775307624,11.6359590669089,13.3236398637334,13.6414206014958,13.484983609631,15.0707447715318,16.9077842496128,17.6360059806873,19.2673046212202,18.1525488119485,20.7766147534635
23.7999999999979,1.8663626809538,2.72404503456761,3.7110740162855,4.03055659017907,4.16996767178491,5.10925552674909,6.41685607607827,7.80732628712658,9.2229270877103,10.9231407362619,11.5945415061952,13.2969828966325,13.7136973411363,13.435349110761,15.070813880118,16.8929071232566,17.657430448431,19.2608516756609,18.1402380444322,20.7486597338503
24.3999999999978,1.85087736293151,2.72379405947645,3.74299569947814,3.97441520753779,4.17129788165918,5.10969626437516,6.45336348362714,7.88817718819448,9.24614971629026,10.9102836312211,11.544605138086,13.2844254143967,13.7677385189207,13.3825628151303,15.0679158038375,16.877791815175,17.6691112744315,19.2392870292847,18.1163807349951,20.6985768295553
24.9999999999977,1.83752165907751,2.7178784714689,3.77638919686441,3.92071620776181,4.1713215271826,5.11078840730727,6.48146786193881,7.96936711285106,9.26745508785414,10.8960874916624,11.484400902237,13.2608003775994,13.8250439360011,13.330340703862,15.0655488656439,16.8627191425852,17.6859624016515,19.2280255802305,18.0966177606685,20.6684715787676
25.5999999999976,1.83897974721958,2.71359743494498,3.81185234141408,3.87045165697464,4.17244944900648,5.1131987658066,6.51138709972876,8.04916408837573,9.29227232858881,10.8902059945953,11.4494971425861,13.2278672864977,13.802889476229,13.3010831095918,15.0639288073487,16.8477064235038,17.721867224801,19.2470283382872,18.0728145668856,20.5909089859002
26.1999999999975,1.82578360927586,2.67556589288671,3.79893178831238,3.92481502173261,4.16902909394762,5.11287628840481,6.53822131401779,8.10556096185659,9.30678740529995,10.8652490178696,11.4116197505865,13.1596125035859,13.790573362453,13.3158865299797,15.1285675442539,16.7811523934168,17.7399230028512,19.2493229961909,18.0483402258409,20.5276507440054
26.7999999999975,1.8130451546765,2.63225005239402,3.78270595890657,3.97369348884251,4.16167033451309,5.11070247043913,6.55325749572447,8.14781039670827,9.31848044742958,10.8320556934036,11.392541503942,13.1021561593687,13.7693582684882,13.3591548321843,15.1920134959962,16.7145026161346,17.7465395949949,19.2452463578429,18.0560424357918,20.4559231976378
27.3999999999974,1.78828054053478,2.58844916240397,3.76337984730354,4.01742723310032,4.15148933168521,5.10689709023945,6.55810302283875,8.19662553721751,9.32682906181979,10.8092109870249,11.3708689281107,13.0639289018465,13.7497034023105,13.3968287931621,15.2543406394251,16.6477630299235,17.7424487120415,19.226791742862,18.0721549326918,20.4152617029768
27.9999999999973,1.74172878385077,2.53012206098658,3.74331213972623,4.05993034559197,4.1379733963261,5.10256728780838,6.57406362048499,8.24008169298915,9.33674455882394,10.7782285235146,11.3771018221862,13.0214436727422,13.7284037995001,13.4342184812653,15.316400160848,16.5810019611713,17.7382084454729,19.2047497671998,18.0947350006827,20.3875826409091
28.5999999999972,1.69687819309421,2.47346045184425,3.7238127398651,4.10337652891025,4.12488496420281,5.09852256980098,6.58478328188866,8.2819318483026,9.34460669689158,10.7480029946101,11.3882658942193,12.9732100536375,13.708364608763,13.4718260163819,15.3786647692135,16.5142573551486,17.7384840534649,19.183438534156,18.1182415065876,20.3616153465524
29.1999999999971,1.65256534280992,2.41732530669234,3.70449298271534,4.14712081798264,4.11193166633551,5.0945679673021,6.59569859694259,8.32402827312995,9.34807236097772,10.7188064385841,11.3998567811284,12.9252403415736,13.6887238357068,13.5095024131857,15.4409942057934,16.4475179530133,17.7396373891418,19.1617173165498,18.1420408605642,20.3361891439036
29.799999999997,1.60720941541987,2.36016895788601,3.68482476527832,4.19028685917666,4.09871624304545,5.09043856407935,6.60623439463861,8.36564699894623,9.35813406519602,10.6910674243059,11.4106197578309,12.876758718269,13.6683102356404,13.5470452361689,15.5031978924443,16.3807684566855,17.7399737516091,19.1390517427577,18.1652721652034,20.3097133636207
30.3999999999969,1.56070761201161,2.30189076221825,3.6647737455688,4.23281766413286,4.08521286095154,5.08611713290744,6.61635327220804,8.40674094683603,9.36890277909115,10.6743526631632,11.420473230868,12.8277147330728,13.6470476437475,13.5844413211624,15.565263436069,16.3140078713472,17.7394126252875,19.1153487431605,18.1878794372477,20.2820845661411
30.9999999999968,1.51422868363418,2.24363496188919,3.64473036771027,4.275361150259,4.07171522735608,5.08179953517404,6.62648047272047,8.44784537082541,9.3794267751347,10.6577501341045,11.4303448602536,12.7786819742619,13.6258020002103,13.6218403354746,15.6273317374318,16.2472475073779,17.7388694154625,19.0916664536113,18.2104991668044,20.2544787862511
31.5999999999967,1.4677211103355,2.1853511173263,3.62467742045613,4.31788875657641,4.0582103952879,5.07747713707359,6.63659725094984,8.48893667627302,9.39006669566575,10.6412816099249,11.4401937536186,12.729635157375,13.6045351333438,13.6592356815905,15.6893965854575,16.1804868662024,17.7383037699679,19.0679582302089,18.2331032966242,20.2268441829227
32.1999999999966,1.42256702328178,2.12839237624036,3.6050766317271,4.36116669146036,4.04504569450263,5.0733815586148,6.64720648704339,8.53064783909949,9.40025081511489,10.6112448627243,11.4511169348483,12.6812525913083,13.5842710789465,13.6968043517376,15.7516246053124,16.1137393231485,17.7387982206019,19.0454753937898,18.2564445214875,20.2005715008589
32.7999999999965,1.37719742048576,2.07122263880295,3.58540384575351,4.40432515145597,4.03182683458114,5.06924986364311,6.65773730902484,8.57226030197713,9.4106568338922,10.5831534065407,11.4618690571201,12.6327642565209,13.5638473466252,13.7343454234828,15.8138266433015,16.0469896944794,17.7391238720295,19.0227974388859,18.2796683786377,20.1740819599439
33.3999999999965,1.33146476375615,2.01369746071624,3.56560977451992,4.44728234620889,4.01851673915529,5.06505732744496,6.66813603600689,8.6137064967006,9.42249825351492,10.5566934842194,11.4723330165556,12.5840977456537,13.5431546237523,13.771840003458,15.8759849127081,15.9802365524207,17.7392793757782,18.9997907909006,18.3026945202543,20.1472271025181
33.9999999999964,1.28688577093399,1.95730175406722,3.54620110725537,4.49087909455105,4.00549655963096,5.06105812430437,6.67491643870682,8.64859875472895,9.43202074173315,10.5303084544855,11.4936645988692,12.5359974187426,13.5233166628366,13.8094823187204,15.9382822640232,15.9134945747385,17.7404339521414,18.9751494935132,18.3263489356722,20.1215330987129
34.5999999999963,1.28016405453567,1.93796945223948,3.53943940285163,4.55546268044555,4.00198991897376,5.06340311114335,6.67128851004994,8.5397182051446,9.41344314879392,10.5199889390204,11.5114812143739,12.4777830499608,13.5315275638783,13.8519725412177,16.0051435634845,15.8471189540892,17.7569249725854,18.9714122945508,18.3705749134611,20.1291148376256
35.1999999999962,1.26242737610699,1.91356973407297,3.53394859047691,4.62215523154007,4,5.0659711475663,6.68574377422298,8.42137083271773,9.39568479519303,10.5039617452093,11.5573609317365,12.4229123938543,13.542557092244,13.8949499294267,16.0724634936372,15.7807801486214,17.7715234575023,18.9674253580679,18.4128891366175,20.092051898881
35.7999999999961,1.22731776900472,1.86573770731105,3.53334679252938,4.69696079385349,4.00245483433927,5.07075571166455,6.70041423942113,8.31144414150326,9.38414612371229,10.4876865118084,11.6166311861603,12.3502033759472,13.5999328962255,13.8748629910024,16.1415477373707,15.7145829680511,17.7763182697917,18.947508433052,18.4634898853694,20.1006728015192
36.399999999996,1.21430485432096,1.84766232987369,3.51354867042103,4.70550545651675,4.00877213313787,5.07880724258146,6.72470523686174,8.22662277302821,9.38358302564671,10.4914383938914,11.6697819355921,12.3169229928879,13.6775217170755,13.8416184010413,16.0853102173246,15.7598644022197,17.7942565359202,18.9458893046684,18.5344699887296,20.1152379865748
36.9999999999959,1.20755064939268,1.84465131714981,3.49514250563413,4.71635998460017,4.01720816534754,5.08743252758825,6.76138526757224,8.15935955546579,9.38258112654382,10.4942332561304,11.7144844755622,12.2750076930388,13.7321884257565,13.8334874922965,16.0295750171712,15.8051861585882,17.8163781633117,18.9296470791477,18.5714382437507,20.1239198606501
37.5999999999958,1.22130695759753,1.87027096150453,3.47299531037567,4.72100650846557,4.02358493191029,5.09435999077212,6.78804436930607,8.09322261795358,9.37491889563178,10.4909963633237,11.7825398692106,12.2095552260443,13.7892510412703,13.8223386036197,15.9724897799161,15.8503995448413,17.8392665832469,18.9420923633411,18.6094223643377,20.1238436680064
38.1999999999957,1.26893616108292,1.91367126276335,3.45087277110331,4.72569394738549,4.03347389607542,5.10140512185633,6.79975202391114,8.04403683011082,9.3626735234779,10.4933044589299,11.8340608350318,12.1614567624243,13.8463683396639,13.8111991662187,15.915413440342,15.8956136453287,17.854359722609,18.957473112666,18.6285643625554,20.091537849305
38.7999999999956,1.31677335696925,1.95727519479755,3.42881971575624,4.73049669049889,4.04341512876,5.10848510867842,6.80937337309988,7.99888587914281,9.35150394851335,10.4943752233744,11.878119018774,12.1163820352274,13.903639741857,13.8000863637994,15.8583621756444,15.9408297586254,17.8661349082346,18.9756570181974,18.6478196313498,20.059441319227
39.3999999999955,1.36524242983108,2.0014977532717,3.40697775125872,4.7356497255691,4.05351515221702,5.11567098657233,6.81922462694181,7.95402430947241,9.33812061111197,10.4955330904479,11.9226787353314,12.0716174144691,13.9613793084755,13.7890544779501,15.801387087947,15.9860519867987,17.8744057370324,18.9949823258026,18.667419014012,20.0279806040255
39.9999999999955,1.41371031357195,2.04571914756089,3.38513538951211,4.74080210142949,4.06361487684777,5.12285666519122,6.82907544812919,7.90916219521912,9.32525640575736,10.4959553674069,11.9672375080608,12.0268522101257,14.0191179940614,13.778022439825,15.7444118568931,16.0312742034645,17.8826756344704,19.0143065568299,18.6870177490909,19.9965186922923
40.5999999999954,1.46309959083987,2.09084261364496,3.36360083727579,4.74646526776665,4.07394614780091,5.13019675258258,6.83926151283318,7.86472205243303,9.3113223757767,10.4882355161853,12.012527608418,11.9825391983392,14.0775393499896,13.7671083930286,15.6875477059981,16.0765053367517,17.8916671984305,19.0344649770769,18.7071182658498,19.9659839162742
41.1999999999953,1.51230574697048,2.13578679866382,3.34200510984564,4.75202691772641,4.0842314003866,5.13750615220678,6.84938095000806,7.82019804548605,9.29876557706406,10.4804556165715,12.0576723620335,11.9381363161414,14.1358250295038,13.7561708962017,15.6306614786239,16.1217346979167,17.9005153357326,19.0544576074913,18.7271190566727,19.9352648778952
41.7999999999952,1.5616114659429,2.18082845867982,3.32044264332811,4.75764376207374,4.09454167312838,5.14483223674978,6.85953661252666,7.77571963542812,9.28550527818328,10.4726430869481,12.1028961405768,11.8937822964271,14.194184476195,13.745246149141,15.5737872542168,16.1669650225834,17.9094414540143,19.0745403777286,18.7471740684214,19.9046460228406
42.3999999999951,1.60960175836384,2.22458227679603,3.2984407328697,4.76253137690547,4.10452137899355,5.15193787976251,6.8692136649726,7.73063879822525,9.2727947506715,10.4778633610336,12.1470758399604,11.848782704459,14.2515693092519,13.7341529518773,15.5167544463316,16.2121826174444,17.9173372858043,19.0934322185569,18.7665127120541,19.8727035434054
42.999999999995,1.65768389251575,2.26842601071116,3.27646950393595,4.76746990579312,4.11452416469858,5.1590589137765,6.87892413348231,7.68560002186701,9.25989045077626,10.4823976176401,12.1913284358788,11.8038281856827,14.3090221888319,13.7230715156338,15.459732710582,16.2574011010875,17.9253050511392,19.1124072088535,18.785901371773,19.8408534780652
43.5999999999949,1.70606713486131,2.3125645385452,3.25459886607748,4.77257535922852,4.12460261893484,5.16623040803924,6.88874415840494,7.64069914431368,9.24550367449403,10.4862675066032,12.2358200271173,11.7590214418582,14.3666981627007,13.7120286385454,15.4027472754411,16.3026224986513,17.9331493103947,19.1316548092801,18.8054540119963,19.8093063974457
44.1999999999948,1.75334130320693,2.35561724979338,3.23235772037977,4.77706597826299,4.13440236271959,5.17321604170074,6.90135837057654,7.60146143360788,9.22800798658436,10.4900637355578,12.2776804502309,11.7136703974788,14.4235524117529,13.7008437362407,15.3456281340038,16.3478331633495,17.9426647095711,19.1515689682866,18.824402661635,19.7766433310006
44.7999999999947,1.7852782482485,2.38365436113977,3.20499287557221,4.77305414164318,4.14034786014009,5.17763143609541,6.92692423577345,7.59889655456504,9.22947129471271,10.4856008189398,12.3346830009054,11.6729037083221,14.4690431476339,13.6876947878439,15.2866599876068,16.3928954048078,17.9420420261662,19.1645241463367,18.8337406552992,19.7280357045512
45.3999999999946,1.8161164176974,2.41404893868967,3.17571209527247,4.76586293086232,4.14544549618833,5.18132362090436,6.93649975110343,7.61772879886027,9.23581815290075,10.4837626574985,12.3510556308415,11.6294436549327,14.5102846569827,13.6738114119298,15.2270004317121,16.437902145475,17.9448863445344,19.1741080244482,18.8375326196461,19.7411140630595
45.9999999999945,1.85410533112764,2.44926016623852,3.14261498579951,4.7523387624152,4.14666392797675,5.183253429118,6.9416140733229,7.62910732210998,9.23836304495619,10.4854877165902,12.3473599073764,11.6181008646323,14.535226933704,13.6878669104091,15.1659636654431,16.4827983347753,17.9530557023739,19.1913566138025,18.8391804905365,19.7329254791711
46.5999999999945,1.8820178191174,2.48101459108398,3.16339725672484,4.71680096172832,4.14957754256216,5.17886710867106,6.94941868392461,7.63348512214355,9.24881639805194,10.4963913714149,12.3723159647085,11.6041752168389,14.4917983496161,13.687308414992,15.1413966632335,16.5318014526108,17.9694919924186,19.2179044225979,18.8060493941452,19.7181214963418
47.1999999999944,1.90478692327793,2.49685745204829,3.1849031304299,4.68246393423458,4.15159001060956,5.17311118774227,6.94796542437026,7.6349147998842,9.26167169557116,10.5109085785139,12.379922604341,11.6209682010308,14.4348503029114,13.6633047148894,15.117090789771,16.5808255317609,17.9831155170433,19.2612341965396,18.7942367992129,19.7135879044791
47.7999999999943,1.91570080400503,2.50248549408861,3.21045239179708,4.65483665365478,4.15558703028337,5.16913808416406,6.96203010677726,7.63522455884041,9.27880498263995,10.5217349639104,12.3520206868362,11.645633911925,14.3836198087675,13.6429612485966,15.0942440659737,16.6299667397049,17.9931018208612,19.27933997879,18.7816318344349,19.7233743743116
48.3999999999942,1.90943656732162,2.49407404778291,3.23489995922682,4.62538118144098,4.15811205357078,5.16473257518691,6.97276177555739,7.64016716116361,9.29582934321168,10.527696311829,12.3315548661228,11.6667826337974,14.3299459405495,13.622195474587,15.0709997705177,16.6790760337952,18.0083324070552,19.2924690559487,18.7894055011585,19.7457680870713
48.9999999999941,1.90173328877244,2.48425373649106,3.25886678660474,4.59512795141898,4.16027544543581,5.16008590900442,6.98778660031739,7.6373633135297,9.31181041920206,10.5358915378829,12.3227091510093,11.6903891956043,14.2752058707858,13.6012454205094,15.0475819889297,16.7281714018149,18.0245879917583,19.301687044219,18.7963954801052,19.7667137897574
49.599999999994,1.89331775444819,2.47373610551269,3.28259567102463,4.56447987005901,4.16225984732482,5.15531988172737,7.00255227507935,7.63423327344313,9.33035562085919,10.5449261238658,12.3132981048934,11.7136462034468,14.2199380830825,13.5802041567556,15.024078340139,16.7772598771064,18.0437402391768,19.3096521662454,18.8029975716954,19.7869427978412
50.1999999999939,1.8848986503589,2.46321497962769,3.30632336289478,4.53382980973791,4.16424335213138,5.15055325622272,7.01731665100371,7.63110159850788,9.34809743782436,10.5551559336775,12.3038842253868,11.7369014593547,14.164667650502,13.5591624358667,15.0005742609893,16.8263483178522,18.0628896906348,19.3176140563634,18.8095977192274,19.807168213913
50.7999999999938,1.87558150330418,2.45181464284537,3.32975104596598,4.50268190372871,4.16600117861495,5.14563613507441,7.03175427937346,7.62755864598432,9.36637395055855,10.5740535985186,12.293757552039,11.7597159824671,14.1087318482607,13.5380057138631,14.9769619167473,16.8754280679476,18.0813357645192,19.3247628978343,18.8157088015611,19.8264899903537
51.3999999999937,1.8661863174917,2.44033790378735,3.35315265866539,4.47149073558112,4.16773939394777,5.14070593605173,7.04616351380858,7.62397995397686,9.38430816599715,10.5942647079516,12.2835689378396,11.7824922064768,14.0527382262673,13.5168389984132,14.9533401644104,16.9245070628368,18.0997207158134,19.3318410864425,18.8217773847695,19.8457332416936
51.9999999999936,1.85664994123151,2.42872293506214,3.3765071039371,4.44022129606089,4.16944212810131,5.13575207608172,7.0605213769449,7.62033660084622,9.40362246441262,10.6139709708776,12.2732682580871,11.8051991384112,13.9966399947574,13.495654202471,14.9297013906198,16.9735846913807,18.1179950819815,19.3387914474221,18.827769077075,19.8648344226773
52.5999999999935,1.84813805628863,2.41811097394912,3.40020380055032,4.40951980106497,4.17140231706636,5.13096990219596,7.07525199511133,7.61716243497548,9.42186526892452,10.6244539603347,12.2637807366463,11.8284088602339,13.9413008198478,13.4746006003003,14.906186126117,17.0226722342563,18.1370718643421,19.3466693378315,18.8343186970841,19.8849664796788
53.1999999999935,1.83962998376131,2.40750274530485,3.42390177077543,4.37882041954772,4.17336346409198,5.12618836720161,7.08998400040233,7.61399001508032,9.44113773441146,10.6334131035715,12.2542962411925,11.8516204530768,13.8859644695978,13.4535474863378,14.8826713212264,17.0717598140259,18.1561516327154,19.3545506798343,18.8408703932964,19.9051023728551
53.7999999999934,1.83121828136724,2.39698886590063,3.44763193532648,4.34817446248469,4.17534882894558,5.12142298208626,7.10475106938916,7.61086172990644,9.45949912274934,10.6427770423113,12.2448882365527,11.8748793415167,13.8306995210126,13.4325067132914,14.8591681344006,17.1208483264003,18.1752034646763,19.362519271122,18.8474745717174,19.92533523675
54.3999999999933,1.82437965011534,2.38801507014909,3.47188761502789,4.31840056468312,4.17772950679752,5.11692121504173,7.11507712096354,7.60434778274305,9.47817130917802,10.651280027677,12.2382937568187,11.8989102465177,13.776600077701,13.4116673837636,14.8358545918335,17.1699520618898,18.189585096922,19.3742027717993,18.8549354289162,19.9471509752749
54.9999999999932,1.81439277083844,2.37595904550918,3.49509156096476,4.28688138100479,4.17931902947986,5.11189185897178,7.11812085590117,7.64745582623338,9.49253931573251,10.6609206142126,12.2126784496023,11.9110708676398,13.7201680636764,13.3904248975425,14.8121615068879,17.2190253307711,18.2028631037419,19.3802917035733,18.8614956243319,19.972282606733
55.5999999999931,1.82088757031545,2.36887695902628,3.51712148273552,4.25341397823797,4.18073447125608,5.106573132349,7.1130590103905,7.6800240814586,9.50325433105335,10.6715688694077,12.233387125813,11.9658977879828,13.6611322591503,13.3687323775615,14.7880447482527,17.2680645905378,18.2084593055681,19.3793205691416,18.8461748235805,19.9492832520852
56.199999999993,1.82719725864566,2.37954941382679,3.53497844920638,4.2130218192308,4.17982236099088,5.09935078760335,7.12190288385925,7.71075352945727,9.50802294498173,10.6662652514024,12.2501104733781,12.0089528647737,13.6002143311239,13.3712249784651,14.7624220824827,17.3169829681972,18.1944536324934,19.3653603211304,18.8520847528838,19.9385280947405
56.7999999999929,1.82347891971356,2.37173978228463,3.49679205088349,4.21642631036354,4.17058200951534,5.09837379179736,7.11398845566036,7.73584487270917,9.49137042506787,10.6277453083039,12.2102791895552,12.0515468584869,13.6032352396187,13.4177369640704,14.8482009413684,17.2283798529426,18.1576060090149,19.316531837969,18.8770938694708,19.9326306627149
57.3999999999928,1.82303397034541,2.36913472910322,3.45773776074429,4.21839058974407,4.16168615888845,5.100206527994,7.11751758123497,7.75912323822492,9.4733880859231,10.5863140026716,12.1851977601916,12.0717427391482,13.6355786687129,13.4432563555148,14.9336666014829,17.1397515966092,18.1345052156463,19.2638778769956,18.896875813502,19.9140348742514
57.9999999999927,1.81635374278234,2.36069625468554,3.41715958224791,4.21782607246791,4.15195303557086,5.10130709528162,7.11338160546322,7.78608983875459,9.45378482929276,10.5559291765126,12.1698215955854,12.1091874454578,13.6671088429623,13.4686296906128,15.0185823313478,17.0510791963004,18.11368861049,19.2185113971034,18.8938355791295,19.9018669977817
58.5999999999926,1.80537475971033,2.35680901316865,3.37943731137361,4.22200075384271,4.14216045342279,5.10363362369753,7.11723318657823,7.78933717800064,9.43770888218359,10.5274360848407,12.1296399635421,12.1409040480223,13.7049729457237,13.4950977688025,15.1045286813262,16.9624895258813,18.0919061828673,19.1826175416512,18.8914547235898,19.9102495031133
59.1999999999925,1.79376673651757,2.35230592257747,3.34150489735656,4.2258267159204,4.1322097934043,5.10585473644684,7.12365197077724,7.80296604379199,9.42159015887997,10.4958145031285,12.0865132631045,12.1634726007996,13.742370985916,13.5214852937027,15.1903991963062,16.8738937680387,18.0725631241076,19.1481798403769,18.8887312991049,19.917999048103
59.7999999999925,1.78278892767178,2.34841983066325,3.30378301875551,4.23000204824795,4.12241750633946,5.1081814616417,7.13030005469205,7.81688352944547,9.40424560577082,10.4622960506544,12.043886775822,12.1863504440469,13.7802359586743,13.5479535222609,15.2763456878453,16.785304108983,18.0502712939408,19.1148973217938,18.8863510830371,19.9263827349789
60.3999999999924,1.77167663855173,2.34440207854214,3.26601621439132,4.23410282910386,4.11259142436286,5.11048565039208,7.13689920876448,7.83073942704024,9.38887068697485,10.4273526638162,12.0011535489793,12.2091622883726,13.8180012935557,13.5744045296147,15.362275966887,16.6967131485185,18.0278741342823,19.0814930506785,18.8838976303597,19.9346311034903
60.9999999999923,1.76153648695887,2.34133607810833,3.22857417156211,4.23874253125282,4.10300964068299,5.11295275168507,7.14385206925404,7.84504053538004,9.37418022145424,10.3812058561133,11.9591919262457,12.2324512289024,13.856486895553,13.6009800264458,15.4483234436166,16.6081315957412,18.0062383855602,19.0489689101713,18.8819735940364,19.9438576679569
61.5999999999922,1.7515633680523,2.33843360766543,3.19118792926532,4.24347483086741,4.09346983234058,5.11544784461388,7.15086570358613,7.85941813983752,9.35922463207147,10.3336855991075,11.9173628805432,12.2558221441101,13.8950962538582,13.6275769130609,15.5343910572548,16.519551659393,17.9847334624779,19.01659599372,18.8801405220398,19.9532523060691
62.1999999999921,1.74169661332075,2.33563527092813,3.15383721999938,4.24826609530657,4.08395675333025,5.11796076224106,7.15791803788632,7.87384445599709,9.34294531695859,10.2869549975785,11.8756182581163,12.2792452596934,13.933784418521,13.6541874204037,15.6204714938065,16.4309727523651,17.963311847409,18.9843193747199,18.878365374907,19.9627539712252
62.799999999992,1.7307567282101,2.33178630748379,3.11612801056303,4.25246245131422,4.07417399650536,5.12029384276317,7.16457992012504,7.8877793096195,9.32822793681165,10.2492521197866,11.8330218716263,12.3021417147827,13.9716774893813,13.6806605053797,15.7064225573059,16.3423834603095,17.9410497203921,18.9510711906205,18.8760058117252,19.9711758181796
63.3999999999919,1.71959160076528,2.32771682506389,3.07834355452407,4.25653394032868,4.06433463625035,5.12258917677274,7.17115984928946,7.90161100879659,9.31256561330183,10.2152782205428,11.7902467059967,12.3249276276291,14.0094036757814,13.7071047463911,15.7923464663337,16.2537919885115,17.9186111759735,18.9176190820073,18.8735235838258,19.9793710190741
63.9999999999918,1.70826792694322,2.32349212100319,3.04050613297004,4.26051753641005,4.05445543326853,5.12485794129731,7.17768209230405,7.91537009833896,9.29749979317882,10.1814210768938,11.7473456990816,12.3476357306259,14.0470123934709,13.7335286843537,15.8782512615342,16.1651989824092,17.8967296796232,18.8840234324696,18.8709550131583,19.9874066855194
64.5999999999917,1.69537832191934,2.31773432350477,3.00214558150222,4.26363303137968,4.04418271155639,5.12686428427502,7.18569627998017,7.93407248682299,9.28532022448794,10.150041100897,11.699716643832,12.3695753211322,14.0834608959451,13.7597520931204,15.9639672732437,16.0765908222873,17.8782412372115,18.8459729392278,18.867533652053,19.9938666617716
65.1999999999916,1.68697236043837,2.31636614700934,2.96528287876323,4.26923411188443,4.03503673009451,5.12962200424347,7.18758554713794,7.9064271844966,9.27490738310071,10.1225377343329,11.662776330054,12.4082861478873,14.1232313779879,13.7865496659586,16.0502238182025,15.9880260518253,17.8629251400877,18.8137494458585,18.867312490135,20.0031089973141
65.7999999999915,1.664197907676,2.30819406235825,2.92862999293936,4.27518337033212,4.02491027553164,5.13208944753258,7.20937935367688,7.89456703469809,9.25990375249192,10.1002459516432,11.5772557195421,12.4213732947302,14.1634671990812,13.813427667035,16.1365560804328,15.8994673593365,17.8411253043052,18.7884529962894,18.8955603546622,20.0281290930854
66.3999999999915,1.64465716148187,2.31336867018867,2.89512021663222,4.28634842086862,4.01629921187792,5.13579477454989,7.21550155075547,7.88448537056603,9.24907251718373,10.0886668864728,11.5107444500278,12.419550523559,14.1930055650181,13.8251881649346,16.2240226062022,15.8109997163976,17.8323378250005,18.7671747566667,18.9143634541319,20.0550688454505
66.9999999999914,1.6299771554099,2.32978927594121,2.95798072098966,4.27443989429795,4.01501139856674,5.13642521258919,7.22901713752703,7.87149507961153,9.2484094104584,10.0946766881036,11.505737468111,12.4097041529624,14.1664863859897,13.8104955797069,16.164208287595,15.8231120774116,17.8329182579877,18.7700085574571,18.9348210803118,20.0712572702702
67.5999999999913,1.60393930252947,2.34078511513822,3.02222339284304,4.26482498754684,4.01461291238998,5.1356493134453,7.23170255593639,7.85316068282038,9.24789874697599,10.1029273082247,11.5368319183994,12.395554526837,14.1251869359191,13.8040507333678,16.1048927559944,15.8352644770346,17.824853035662,18.7759440097246,18.9571717913757,20.0989457003222
68.1999999999912,1.59081693258148,2.35439769271006,3.0904242205618,4.26177839091631,4.01789544036183,5.13688912651993,7.23511491856585,7.82958874328578,9.25293627497025,10.106061363381,11.5529713699786,12.352992829699,14.0877848242679,13.7971334358355,16.0470056162001,15.847531536458,17.8246786864369,18.7819551772131,19.0013402954875,20.1015241428186
68.7999999999911,1.58565798619143,2.37358934079461,3.15790481120939,4.25753660627281,4.02159774144295,5.1377770547768,7.23568333125419,7.82140923397265,9.25699760920754,10.1184143819246,11.5864974545222,12.3122006594649,14.0487853464816,13.7899400528472,15.9888585622523,15.8597777320647,17.8309543515588,18.7833504756087,19.0253394991938,20.0703861804772
69.399999999991,1.58223217981625,2.39447778474114,3.22596439114171,4.25425561784552,4.02573558085251,5.13895542573196,7.22705032301703,7.80664696540541,9.26469894049665,10.1325062900277,11.6142401870119,12.2773734590382,14.0110699707125,13.7829686113933,15.9309204499375,15.8720406998244,17.8388282620786,18.7870664700554,19.0502825535813,20.0409921591982
69.9999999999909,1.57883627512726,2.41539550333194,3.29403396031654,4.25099120593641,4.02988093456,5.14013880766509,7.21842819432916,7.79189839094164,9.27041193701221,10.1488134036425,11.6420066530405,12.2425609334704,13.9733767494233,13.7760009990738,15.8729859424712,15.8843039569523,17.8477362913127,18.7900455782604,19.0752418921273,20.0116282259547
70.5999999999908,1.5756206486425,2.43648971967151,3.36216375494784,4.24782673437547,4.03407159220545,5.14135240094158,7.20987165878621,7.77723237865797,9.27301228896249,10.1677112368076,11.6699162093205,12.207836883087,13.9358170981883,13.769056472726,15.8150731687495,15.8965689586903,17.8567855205235,18.7931879024313,19.1002994083766,19.9824456944217
71.1999999999907,1.57169985878517,2.45689355999856,3.43005797597675,4.24427134327286,4.03808504219662,5.14244782168098,7.20105855377337,7.76224342203599,9.27419746789595,10.196059603666,11.6972660639732,12.1727667594795,13.8977349838508,13.7620216449371,15.7570753828618,15.9088271363357,17.8652824419706,18.7956918026647,19.1249728997207,19.9525536048893
71.7999999999906,1.56780760466595,2.47732533766589,3.49796172992653,4.24073177145143,4.04210566322278,5.14354802449032,7.19225583131796,7.74726753395308,9.27471187427461,10.2250746689007,11.7246385679859,12.1377106403641,13.8596740119475,13.7549904713627,15.6990810371484,15.9210855901306,17.8738017135712,18.7982215379017,19.1496619313417,19.9226902289317
72.3999999999905,1.5638510923472,2.4976942046358,3.56584401716925,4.23715657698299,4.04611013615439,5.14463745879585,7.18342972890148,7.73226221748159,9.27593067414772,10.2537500274368,11.7519600690392,12.1026229852342,13.8215654304554,13.7479510690456,15.6410789446788,15.9333434220783,17.8822706559803,18.8006930965879,19.1743159685914,19.892762194313
72.9999999999905,1.5613136464928,2.51945238007703,3.6342003712907,4.23436806661273,4.05047122068723,5.14596470279331,7.17511994531925,7.7179067922242,9.27541779919531,10.2700064986237,11.7804079102291,12.068231765747,13.78450825052,13.741093388797,15.5832479301728,15.9456149867883,17.8918510591602,18.804449415707,19.1997428152148,19.8642620698788
73.5999999999904,1.5589507445171,2.54138143919098,3.70261503520514,4.23167631766786,4.05487616812124,5.14732119716562,7.16687366848194,7.70363130299242,9.2749373830577,10.2843817511913,11.8089942902267,12.0339262072076,13.7475803920155,13.7342580601968,15.5254379581001,15.9578882406155,17.9015681709995,18.8083637591855,19.2252647166852,19.8359375770928
74.1999999999903,1.55645663530322,2.5631820424982,3.77098586677809,4.22891183171564,4.05924814315791,5.14865570359467,7.15857965267683,7.68929572465738,9.27599130923212,10.2981845823654,11.8374765285352,11.9995562560554,13.7105553206617,13.727405929529,15.4676121681163,15.9701602247081,17.910926167148,18.812159313395,19.2507151640087,19.8074810593761
74.7999999999902,1.55300296679717,2.58404320858608,3.83903613882122,4.22561539743304,4.06337898081008,5.14982940536419,7.15690678790265,7.67088449069232,9.27594468474502,10.3098506003558,11.8709688838132,11.9647153817231,13.6728193015412,13.7204309201209,15.4096706968351,15.982422922837,17.9204114440794,18.8166519307663,19.275643044959,19.7780590023275
75.3999999999901,1.54645959943147,2.60187946716794,3.90605423659244,4.2206061350186,4.06673337670611,5.15048532988197,7.16800475463859,7.67558674429488,9.27377541767425,10.3158098916659,11.9082133017939,11.9127905004037,13.6327940914119,13.7130602516779,15.3513567416693,15.9946557209568,17.9313992170298,18.8201854013849,19.294933129944,19.7444279997599
75.99999999999,1.55582884512374,2.62805934677669,3.97484473235634,4.21853805533397,4.07149961371839,5.15225535150014,7.16165975595166,7.65885790383839,9.27740643754633,10.3130225389661,11.9777362302766,11.8324703405782,13.596699765494,13.7063689891244,15.2936823971849,16.0069398618755,17.9554381964136,18.8233365821057,19.3097833959148,19.7374666823681
76.5999999999899,1.55589518968402,2.62158777106015,4.04596538547825,4.2203367248825,4.07846211260312,5.15472118578641,7.1569337058202,7.6334969809201,9.28320848319487,10.312577975872,12.0484996452722,11.7763357256987,13.5885034627442,13.6958682523132,15.236848943709,16.019291502758,17.9836773515074,18.8423685743579,19.2922554474467,19.7177861676237
77.1999999999898,1.54853685156082,2.60798902788083,3.99675253223906,4.2842970006835,4.08148663803656,5.15371975363503,7.16186915311563,7.61611356248932,9.29790448184664,10.3292290994071,12.1047291961225,11.7191320831486,13.5895294219438,13.6728295713377,15.2272924860438,16.0440026017828,18.0269106389721,18.8730615470149,19.2804033018745,19.7100039333761
77.7999999999897,1.54706755535259,2.58848251317525,3.95010265390912,4.3525103717706,4.08699539266408,5.15293924769951,7.17415147001292,7.60394125889878,9.31774950980366,10.3546883067627,12.1070327876334,11.672497216288,13.5876649427397,13.6462990374241,15.2186609369701,16.0687879450271,18.077279279462,18.9048473211349,19.2425882076425,19.7293430272201
78.3999999999896,1.53864711165499,2.56502356724485,3.9006892301637,4.41613781346572,4.08985177006313,5.15069770145602,7.18852547070272,7.59064534997037,9.33205295626828,10.3749141233691,12.1335735684872,11.6437473250256,13.5835964643746,13.6182183071982,15.2090320988147,16.0934932339287,18.1180454025713,18.9391956754286,19.1926727605987,19.7694947667115
78.9999999999895,1.5322350667588,2.53591223119372,3.85020114628578,4.4779819244218,4.0942216928357,5.14799293481123,7.19936177086947,7.57324723543478,9.34475257373057,10.3774853978716,12.1611013354032,11.6186554890904,13.5771445684223,13.5897256320105,15.1990154447724,16.1181673920916,18.1449877229608,18.9750043516306,19.1636413541561,19.8334473863747
79.5999999999894,1.52245872801171,2.50350715093494,3.79858915431394,4.5379609807517,4.0977461680924,5.14472437379576,7.21709247270937,7.56507675239468,9.35625885736114,10.3796893795603,12.193195746215,11.5959323136829,13.5682000310883,13.5608021338466,15.1885932025807,16.1428089929014,18.1677588673545,19.0054912048315,19.1327777870016,19.894014745676
80.1999999999894,1.51184694107719,2.47028414193689,3.74669806455176,4.59747689189396,4.10106069510259,5.14131580688128,7.23451920172992,7.55652365835629,9.37185600852725,10.3806478799508,12.2246270458554,11.5727991251367,13.5586365012357,13.5317716502972,15.1780702415163,16.1674425088105,18.193628860992,19.0355876307416,19.1014592431374,19.9537414502191
80.7999999999893,1.50133799699892,2.43716181916812,3.69484133145508,4.65704981575666,4.10440106653696,5.13792447455629,7.25198334950781,7.54801766335827,9.38777307475686,10.3800644999486,12.2561399738337,11.5497164088075,13.5491491687578,13.5027543365443,15.1675596788467,16.1920770199631,18.2195794046271,19.0657771660555,19.0701967064621,20.0135716385422
81.3999999999892,1.49116864114484,2.40437196341796,3.64309804443972,4.7168109962392,4.10782677653964,5.13459005103227,7.26957105442726,7.53966718990125,9.40472940690466,10.3744144517085,12.2879224394668,11.5268003522854,13.5399134408359,13.473780509602,15.1570900558113,16.21671481742,18.2457959252258,19.0962741496285,19.0391191061301,20.0737435314267
81.9999999999891,1.4811301659087,2.37171024370358,3.59139848065198,4.77664473266149,4.11128537685992,5.1312775607159,7.28720637947571,7.53137665596491,9.42231530515829,10.3664816299671,12.3198087875443,11.5039485280806,13.5307746837669,13.4448234429012,15.1466362113107,16.2413538814507,18.2721149559438,19.1268896267629,19.0081127820709,20.1340471205862
82.599999999989,1.47119571982502,2.33915037163792,3.53973366983519,4.83653613944809,4.11477011972079,5.12798250379064,7.30487955490823,7.52313376435816,9.43929503726102,10.3583289758225,12.3517777055456,11.4811477582917,13.5217130030122,13.415879697911,15.136194908221,16.265993952205,18.2985154658067,19.1575992873217,18.9771631112455,20.1944553872151
83.1999999999889,1.45949902165321,2.30486520212064,3.48748014427673,4.89545061123584,4.11781200838512,5.12439212551385,7.32191154547266,7.5140838124918,9.45691308023959,10.3677776428728,12.3823478904308,11.4574821275563,13.5113456507929,13.3867102833677,15.1255411538429,16.2906169690794,18.3235357203302,19.1867134822611,18.9452537355951,20.2530904192792
83.7999999999888,1.44777973024894,2.27055791315367,3.43521907100753,4.95435255807346,4.12084821936696,5.12079796102282,7.33893531562475,7.50502351358136,9.47463593322085,10.3773127283306,12.4129001426362,11.433805408734,13.5009615590055,13.3575379755922,15.1148846756993,16.3152397673118,18.3485382790712,19.2158072222803,18.9133320558968,20.3117027173083
84.3999999999887,1.43664310948712,2.23682107615628,3.38315265025091,5.01357751848402,4.12403085556285,5.11730144151844,7.35617108700048,7.49623006089748,9.48758602179132,10.3879961425407,12.4439148716512,11.4104146473447,13.4910091741437,13.328440283148,15.104298442403,16.3398682042353,18.3736077704411,19.2454284867008,18.8817276927905,20.3709013172234
84.9999999999886,1.42886485191929,2.20637217707608,3.33220815633636,5.07466424575824,4.12805744889973,5.11436772251468,7.36257313161097,7.48827394630567,9.49824249557235,10.3994467713253,12.4684997694202,11.3886720707923,13.4835450365762,13.2997726542151,15.0941170822756,16.3645291411189,18.3964147888044,19.2794828096182,18.8519522606203,20.4334792098837
85.5999999999885,1.42205114215979,2.17686759912161,3.28158588846292,5.13628568683325,4.13232643323591,5.1115956441549,7.36401775363735,7.48040115820737,9.508926852748,10.4140269105292,12.4876749241012,11.3742421236094,13.4767955428204,13.2712285428392,15.0840520048446,16.3891994122418,18.4103591634673,19.3131078457605,18.8257573833106,20.4960155904697
86.1999999999884,1.39733443403146,2.14644623837914,3.23159160057878,5.19894922111016,4.13617861386688,5.10894784398235,7.38313915583057,7.47617038269633,9.51962548774108,10.4319572369254,12.4880499570733,11.3716123738029,13.4714388043235,13.2429251523989,15.074213548472,16.4138878746796,18.4261012172388,19.356122660194,18.7865075887951,20.5398126325314
86.7999999999884,1.39023058571465,2.15096385582642,3.17648069054223,5.25312204349746,4.13670497690427,5.10404043733609,7.40578748286256,7.4839253338937,9.52481318648833,10.4417446318669,12.4443850458839,11.373263974286,13.4400098107994,13.211111570969,15.0625286410229,16.4384281188827,18.4349040813485,19.3845099563533,18.7917991364878,20.5978208973692
87.3999999999883,1.39479135587873,2.16836901039117,3.2158437037375,5.2754112221146,4.13827167315254,5.10604514530376,7.41000466003593,7.47300017739743,9.51248767377423,10.4149350310967,12.3702373880025,11.3771367308633,13.4533488667546,13.2021030228984,15.0657856708396,16.4686659021049,18.4100578137765,19.3767582872752,18.7766221744496,20.6567143521489
87.9999999999882,1.40917900709007,2.20945173262496,3.24914876409988,5.2876476099195,4.13417136236865,5.10812268049732,7.40889364711557,7.45728185373511,9.49244391622125,10.3771984380322,12.3165342069806,11.3712620149726,13.4854242157601,13.2200097881609,15.0668565486994,16.4987281986392,18.3794915598183,19.3567850088164,18.7849315202882,20.6779314485874
88.5999999999881,1.41593126895434,2.24888135040069,3.28020145526695,5.29614633304315,4.12810293202493,5.10914262257141,7.40222862216159,7.44270768890893,9.47133425378543,10.341842987908,12.2413182890089,11.3708290793058,13.5053835269618,13.2461058420915,15.0671146072027,16.528725248576,18.3471494103324,19.35315276267,18.8035398003997,20.7212961231074
89.199999999988,1.42680574908911,2.290058724222,3.31200896729596,5.30589763380025,4.12039180744064,5.1105466045073,7.39549796789511,7.43348506037599,9.45135566465718,10.3228965130683,12.1498063817085,11.3608456146024,13.5270169053992,13.2724912383378,15.0676450602178,16.5587441641523,18.3293417731031,19.3439770501327,18.8119070475819,20.7641172635368
89.7999999999879,1.44353738268313,2.33697042629579,3.34577317587755,5.31889594912839,4.11415258634089,5.11293213867818,7.3845261825891,7.41009398804386,9.42629467890465,10.3036152903174,12.057587044338,11.3464353923183,13.5529899116272,13.2996266868676,15.068881632299,16.5888197612854,18.3101338309032,19.3421909123727,18.8234640418341,20.8128320596099
90.3999999999878,1.46089117558347,2.38449124092103,3.37974522893144,5.33223916925494,4.10806971396195,5.11542193541651,7.37378076622045,7.38698784659877,9.39982081365725,10.2840578029197,11.9658615266831,11.3323305073295,13.5794238823552,13.3268418075474,15.0701932098502,16.6189013792541,18.2871715359166,19.3410452712607,18.8353598578088,20.862172892329
90.9999999999877,1.47751534216655,2.43129772957992,3.41347353605829,5.34517790838231,4.1018034863873,5.11778946007381,7.362769879686,7.36354755749742,9.37817424313546,10.2652123356387,11.8735568906948,11.3178675434305,13.6053172651226,13.3539634941232,15.0714168260637,16.6489759363944,18.2636377729618,19.3392390585357,18.846858326604,20.9107795516493
91.5999999999876,1.49399125293543,2.47795907136672,3.44715231543372,5.35803445932862,4.09550000210578,5.12013213975705,7.35170505116146,7.34003937154027,9.35683008309539,10.2474892426682,11.7811345812372,11.3033318199844,13.6311008035679,13.3810661954337,15.0726225690461,16.6790490588155,18.2399878910473,19.3372986215099,18.8582760567685,20.9592370312149
92.1999999999875,1.51013943878666,2.52429956066648,3.48072161189719,5.37070933028477,4.08911416050656,5.12241989871341,7.34052098188838,7.31638109709187,9.3357262313543,10.23286422355,11.6884521502577,11.2886352588894,13.6566415271083,13.4081269291187,15.0737888025954,16.7091190097372,18.2160813239114,19.3350614767417,18.8695153112276,21.0073647434585
92.7999999999874,1.52620788503084,2.57056198250825,3.51426426978693,5.38333999620722,4.08270828033291,5.12469429476404,7.32930789983683,7.29268630422001,9.31489593670105,10.2186830568208,11.5957064284302,11.2738995639654,13.682123170719,13.435177451551,15.0749454230012,16.7391881889932,18.1921123020227,19.3327521392364,18.8807111402959,21.0554122191524
93.3999999999874,1.54367727004674,2.6181959652686,3.5482749386455,5.39674729682716,4.0766544562688,5.1272034626355,7.31860454096715,7.26963310060568,9.29570691500456,10.1874129861536,11.5040726584436,11.2598514081512,13.7086427848846,13.4624073746652,15.0762709359559,16.7692709255839,18.169240542684,19.3317111501475,18.8926699065783,21.1048693643652
93.9999999999873,1.56099784067103,2.66568425429288,3.58223589314896,5.41007209960897,4.07056323512724,5.1296876919255,7.30784703687233,7.24651174432334,9.27733742683008,10.1565259677617,11.4123207716341,11.2457302186568,13.7350521408721,13.4896182409842,15.0775785083393,16.79935222205,18.1462522268889,19.3305354310462,18.9045476300345,21.1541767677647
94.5999999999872,1.57773446620728,2.71260084362727,3.61600176938639,5.42307318230683,4.06432526850327,5.13207406265497,7.29687706785448,7.22312295815539,9.264260383694,10.1240174979666,11.3201053964633,11.2313224462694,13.7610288456836,13.5167543287696,15.0788156822325,16.8294278674917,18.1229369449163,19.3288310337168,18.9161073428483,21.2028965868901
95.1999999999871,1.59170778641942,2.75681207447984,3.64884450948968,5.43454237878828,4.05739288286436,5.13399735374418,7.29513499742232,7.1995452937842,9.25278077140214,10.0907103164566,11.2353045780668,11.2155585257611,13.784958187956,13.5435365546521,15.0797197211672,16.8594767715395,18.1000681210208,19.322011122077,18.9261621872781,21.2488358795819
95.799999999987,1.60502559750536,2.80038154231077,3.68146826396174,5.44564818242045,4.05029576769023,5.13581079344357,7.28826952432208,7.17695753250797,9.24346222187988,10.0578884249688,11.1407918223058,11.2090555149471,13.8084018564893,13.5702348376909,15.0805447340878,16.8895193320149,18.0846547053375,19.31505909051,18.9348655550269,21.291493522972
96.3999999999869,1.63948624801297,2.83115621499573,3.70909567323437,5.44846286618376,4.04287490138665,5.13530426329195,7.25918950382326,7.16060052966178,9.23103892958876,10.0337625996975,11.0609829252082,11.2257049348625,13.8207644616611,13.595017892678,15.0795667006436,16.9194171584364,18.0533185282519,19.2920064228844,18.984768921872,21.3146302556236
96.9999999999868,1.66023615154173,2.84021840604544,3.74040996614298,5.45739570090506,4.03761479363815,5.13663846158183,7.22509712028046,7.14586110084427,9.22217898259847,10.0196113545707,11.0417096115811,11.2031139182491,13.8535265533287,13.6498307487473,15.0799191641671,16.9494217864486,18.0236178735581,19.2782768069527,18.9891114989515,21.3159585873872
97.5999999999867,1.70881328443676,2.87563214458164,3.69018735018138,5.35677403826942,4.03918874851853,5.14130360359493,7.21055789841138,7.16367314408623,9.23582814450524,10.0471886725938,11.0589659429623,11.1882250967944,13.8314190867033,13.6820343197997,15.0928822976599,16.9269460162509,18.0366134554291,19.3017967618112,18.9988819869145,21.3243431232553
98.1999999999866,1.74876223841267,2.89715794005132,3.6410298638078,5.25791989103563,4.04369997299591,5.1459087475515,7.19825129537041,7.19349441836893,9.24989907137258,10.0700714611069,11.0807641796894,11.1811653668513,13.797954046112,13.6900739001982,15.1062298077239,16.9045011007103,18.0371033624074,19.3358327614648,19.0176911136134,21.3467954850723
98.7999999999865,1.80147693992958,2.91025193378531,3.59603477961903,5.16597298781302,4.05142928546517,5.15268402681049,7.19919564999921,7.2235257688374,9.2691678770733,10.1004967177249,11.1284665457507,11.1628969839443,13.7807232924909,13.6893895309538,15.1210794165878,16.8821767615746,18.049811840636,19.3307395666506,19.0402411101552,21.291409039186
99.3999999999864,1.82215194097446,2.92069209345254,3.5519616649502,5.07555603488412,4.05772516268857,5.1598316931669,7.20748562512087,7.23995826894554,9.28810394083611,10.1301921819725,11.200081424835,11.1600970919196,13.7655373140526,13.6890585764187,15.1362617394106,16.8598791300382,18.0515135287522,19.3341396006257,19.064827826338,21.2222852815559
99.9999999999864,1.83833605444364,2.92673553999289,3.50638828154212,4.98264948056536,4.06289247923542,5.16622676856474,7.2190208225409,7.26972486392101,9.31164277187283,10.1620123366887,11.2704224372842,11.1590937590473,13.7470239888647,13.6881525301596,15.1509026556675,16.8375380387392,18.0544306675785,19.3290621968488,19.0869688501578,21.1486426488294
100.599999999986,1.85405783622841,2.93232634999941,3.46066044720163,4.88948662466148,4.06794361176522,5.17254436559339,7.23038780334657,7.299279724417,9.33496194807244,10.1953107550328,11.3403964882518,11.157863527526,13.7281681171754,13.6871872788723,15.1654878347443,16.8151924733079,18.0600555358616,19.3242193373899,19.1088580927761,21.0745348031355
101.199999999986,1.87060432925597,2.93872457695558,3.41520812376535,4.79678096173384,4.07320199434584,5.17900016920468,7.24205485039873,7.32921227870276,9.35286862860702,10.2277411124614,11.4110251282728,11.1570380397702,13.7099232828874,13.6863276380245,15.1801724382833,16.7928548888724,18.0663263458372,19.3201231352582,19.1311964648714,21.0012568083418
101.799999999986,1.88680948078373,2.94478862038392,3.36964176853179,4.70388607022762,4.07837459775975,5.18539877019794,7.25359770239048,7.35898850849821,9.3704597482891,10.2642136802629,11.4813828390308,11.1560450317518,13.6914255450226,13.6854242858461,15.194815890819,16.7705140011655,18.0723298056244,19.3157178975286,19.153348945807,20.9276353447844
102.399999999986,1.90326830921803,2.95110102108381,3.3241601590253,4.61113180891277,4.0836109502158,5.19183988282016,7.26523285320541,7.38888091494709,9.38760023385554,10.2986695007448,11.551941897991,11.1551765208192,13.6731157590976,13.6845534188918,15.2094899258043,16.7481755683715,18.0785319537305,19.3115423277255,19.1756395766435,20.8542691390657
102.999999999986,1.9198059428872,2.95749057446338,3.27870487594725,4.51842123464619,4.08886710643841,5.19829420176435,7.27689667683307,7.41880941190408,9.40451000254488,10.3326295547626,11.6225635061702,11.1543466851537,13.6548643608159,13.6836926435369,15.2241734612883,16.7258378982011,18.0847958247574,19.3074381047199,19.197973124021,20.7809822297014
103.599999999986,1.93599060576507,2.96353455889127,3.23313167607987,4.42551498490167,4.09403456105174,5.20468936923308,7.28843207415228,7.44857625849314,9.41992067207903,10.3724595628968,11.6929049546958,11.1533436219149,13.6363514426908,13.6827866676337,15.2388144437801,16.703496812219,18.0907832371423,19.3030143174669,19.2201144470433,20.7073401498075
104.199999999986,1.95228964010233,2.96969051639539,3.18759668423315,4.33267213895863,4.09923075722883,5.2111037032752,7.30000908484201,7.47839548388787,9.43442614811832,10.4123919506946,11.7633371820314,11.152396688789,13.6179232636062,13.6818953378509,15.2534692145171,16.6811568330462,18.096860229116,19.2986940771085,19.2423180556161,20.6338131541439
104.799999999986,1.96879738471545,2.97605080749599,3.14213141613194,4.23994499517562,4.10447940232747,5.217553013358,7.31166203351563,7.50831029252553,9.44594455871899,10.4542683323004,11.8339350666964,11.1515521844631,13.5996497202025,13.6810307349789,15.2681491466753,16.6588188736298,18.1032655163679,19.2945627938647,19.2646353257132,20.5604961694529
105.399999999986,1.98609619749392,2.98318557796815,3.09693041980759,4.14765639374555,4.10992684296685,5.22413489205646,7.31987101052656,7.53813013559375,9.45935958632215,10.4962213130645,11.9006770364187,11.1510959128803,13.5819622876832,13.6802674342989,15.2829244473974,16.6364885696343,18.1092386964822,19.2922063410131,19.2873834036047,20.4879751829187
105.999999999985,1.99820834650009,2.98524244962602,3.04999671711088,4.0524924753273,4.11407087427387,5.22984758037885,7.33343401113467,7.58463852125947,9.46906317290586,10.5315426884849,11.9815389246643,11.1454506929821,13.5604320003705,13.6788399425518,15.2970744610745,16.6141080726263,18.1116928550564,19.2861778709136,19.3116685959222,20.4174570835002
106.599999999985,1.97937280665535,3.00062349676046,3.00877645752882,3.96680965555948,4.11827425934881,5.23827723946118,7.37218514207515,7.62408396997494,9.47762612825037,10.5488033790037,12.033386480715,11.1455099250656,13.5515731804283,13.6796025609929,15.313286302433,16.5918930825539,18.1256443778292,19.289355553789,19.2888699843633,20.3751899494588
107.199999999985,1.95688202671189,2.9790327476247,2.97213310267244,3.88872192063752,4.12622728111316,5.24945255395782,7.42030414936262,7.65768527366056,9.49304474425633,10.5637208855638,12.0559912672416,11.1709672376603,13.5461838436536,13.6291024772852,15.3311498253903,16.5698106761898,18.1393572253984,19.2739317406486,19.2955352173032,20.3630538426791
107.799999999985,1.8936186027553,2.90150632839228,2.99469453580295,3.91529371732363,4.12866000262847,5.25222778606818,7.46522958413744,7.67376200492252,9.49697848943374,10.5625536314301,12.0774950020833,11.1942665980538,13.5677442011627,13.5809384531388,15.2762113048842,16.588774453545,18.1299481516231,19.2450808530616,19.3327562865345,20.3348679670626
108.399999999985,1.82769942544442,2.81473770915305,3.02175630240856,3.94933353369279,4.13272498813988,5.25523061489119,7.51077219430171,7.68390557013831,9.50652065835142,10.5743427021101,12.0971846471585,11.2308706438498,13.5599485325376,13.5489662780659,15.2228968334735,16.6078685964946,18.1220582624645,19.2149607745335,19.3541820968285,20.2930467145509
108.999999999985,1.76172813947271,2.751145332808,3.04747737556268,3.98114855380188,4.13586619207048,5.25745832145704,7.54308933162761,7.70103922471581,9.51427170113048,10.5821705596149,12.1139772056241,11.2744994363649,13.5481893819695,13.5185486957288,15.1690985419187,16.6269239022562,18.1039501306058,19.2033366735542,19.3431444054289,20.2968756517099
109.599999999985,1.73444519194803,2.69063964217467,3.07098669980198,4.00929331602433,4.14097658543993,5.25857095577776,7.57620446114246,7.7378072853356,9.52145364730043,10.5760814170672,12.1156897165693,11.3086823535394,13.5315249398559,13.4872832929559,15.1145020897722,16.645915138108,18.0883332358037,19.1834115932787,19.3239348368396,20.3109890830982
110.199999999985,1.70986033876534,2.63277546652226,3.09539737517234,4.038933813624,4.14676501029518,5.26013574156573,7.60558931841395,7.76885573918395,9.52693325883578,10.5679920227136,12.112248323617,11.3436415876839,13.5168595447649,13.4563634013319,15.0602309109636,16.664932484286,18.0743731844815,19.1681766933428,19.3061946233864,20.3278174235378
110.799999999985,1.68604160156999,2.57566134131354,3.12006398655697,4.06899902090411,4.15274596020535,5.2618289144388,7.63525292239904,7.80025505189723,9.53097926630706,10.5579340861748,12.1094150115454,11.3789768087842,13.5027617732221,13.425541616587,15.0060520925669,16.6839572444146,18.0572803010045,19.153372633015,19.2888716290214,20.3454166544525
111.399999999985,1.66214308744203,2.518469112104,3.14470394689855,4.09902000245847,4.15870686216117,5.26350871815106,7.66488750002498,7.83161782909303,9.53602949347103,10.5472674835807,12.1065183789999,11.4142728777371,13.4886048940947,13.3947096158095,14.9518636565267,16.7029812325163,18.04012493354,19.1384963461573,19.2715051889385,20.3629356112592
111.999999999985,1.63880555608181,2.46182610178665,3.16953131449441,4.1293519745364,4.1648087391651,5.26528253235721,7.69472618787122,7.86323752009887,9.54005313525652,10.5321843361293,12.1040670091838,11.4498442603587,13.474863653114,13.3639494530688,14.8977428507153,16.7220106494285,18.0234089467213,19.1241279484518,19.2544442544485,20.381019046917
112.599999999984,1.61541602480667,2.40513218199879,3.19434131050269,4.15965511955993,4.17089754858312,5.26704763232477,7.72454595585987,7.89483339665436,9.54426591792224,10.5173751455356,12.1015743660428,11.4853901229676,13.4610838848388,13.3331826313503,14.8436157759659,16.7410395631208,18.0066522318134,19.1097124723078,19.2373550013259,20.3990501585928
113.199999999984,1.59200041803875,2.34841273352435,3.21914259548314,4.18994380918194,4.17697980522616,5.26880836251468,7.75435623643662,7.9264173313917,9.54856944520905,10.5027092403826,12.0990610262855,11.5209231884997,13.4472847969516,13.3024124704701,14.7894855576414,16.7600682244722,17.9898750936991,19.0952733885582,19.2202515477513,20.4170550322716
113.799999999984,1.56802652598827,2.29114670707631,3.24375737435693,4.21992300367804,4.1829217646995,5.2704755342601,7.78396338825688,7.95774558768887,9.55326883551132,10.4933404230004,12.0961045648441,11.5561822642086,13.4330720695132,13.2715708169861,14.735288034288,16.7790914831174,17.9726606877005,19.080328857841,19.2028440576072,20.4344981413954
114.399999999984,1.54424175235464,2.23406583320937,3.26843533193295,4.25000703924746,4.18891124965748,5.27217439880749,7.81363934968049,7.98916045472669,9.55837250513965,10.4814014030455,12.0932982102997,11.5915341536155,13.4189994619374,13.2407533815291,14.681113310426,16.7981165719224,17.9555944056318,19.0655555466299,19.1855395594576,20.452131547535
114.999999999984,1.52072622294123,2.17724855747924,3.29320323580134,4.28024033501849,4.19496839572572,5.27391838378206,7.84341327400112,8.02069862779533,9.56374589983751,10.4665035464699,12.0907055600316,11.6270181800831,13.4051263402909,13.2099704248072,14.6269710457574,16.8171442662902,17.9384827101606,19.051025997307,19.1683816890118,20.4700358758435
115.599999999984,1.49840444696009,2.1216000020295,3.31836993632783,4.31113540870191,4.20132553219866,5.27586242008833,7.87187569204309,8.0545605308356,9.56481465535925,10.4527363760818,12.0830760293356,11.663088065254,13.3921376833601,13.1793403371358,14.5729726960579,16.8361835129937,17.9214034649123,19.0371630800772,19.1518739247206,20.489141397138
116.199999999984,1.48970994867329,2.07929295863527,3.34808909522362,4.34958500004397,4.21110720546466,5.28009013992295,7.89867991610396,8.03456470756083,9.56954793892227,10.4496455275838,12.068932778622,11.6897594279676,13.3892456225666,13.1504553242391,14.5206172059259,16.8553546352439,17.906035781227,19.0303135395826,19.138887000571,20.5173546213377
116.799999999984,1.50696973847506,2.03713531138164,3.37668939846685,4.38617792096774,4.22194616401077,5.28376222254426,7.90502821217811,8.01867510910089,9.58074747488651,10.4643616021622,12.0963023128188,11.6848507083846,13.3838721258666,13.1211414250973,14.4678579509345,16.8744933465001,17.886680686197,19.0225773143219,19.1452493703789,20.5044803086298
117.399999999984,1.54245384203209,2.06453440335963,3.39742271979873,4.40971608137567,4.22624010837965,5.28254084350196,7.90868210281683,8.00576543732228,9.58369774586687,10.4735205436378,12.0939258746271,11.6998866418673,13.370394963266,13.1206143119637,14.4122597141333,16.8934041671407,17.859975240011,19.0202261626396,19.1551968862295,20.4511726843963
117.999999999984,1.57507580952802,2.11040423558306,3.42972319663903,4.47784327288229,4.22477362769977,5.28061094460372,7.89514540881354,7.9761844619964,9.57207846275969,10.4511933899066,12.0482232104449,11.7102231986212,13.3394453086198,13.1780737932941,14.4755693267523,16.855240734606,17.8035020725083,18.9884093893494,19.1299316821559,20.3784326894252
118.599999999984,1.62754666876763,2.17520780337824,3.46261667049476,4.54695450555179,4.22482942830692,5.2796558531437,7.88066853571947,7.93954318808168,9.5615662727294,10.4337914239158,11.9850782627014,11.7096973891136,13.3129556407353,13.2160571809244,14.53909293602,16.8170944799986,17.7705766534656,18.9655808366259,19.0832760396166,20.3237285459831
119.199999999983,1.66496451638113,2.21274244956023,3.49601731353907,4.61690735351578,4.22577524856984,5.27873801540979,7.87257414648466,7.89583252874888,9.55066755701807,10.409922867692,11.9169520621425,11.7014792780953,13.2769193065425,13.254593617644,14.602799568983,16.7789629170607,17.7414182405726,18.9359725195704,19.0779448929992,20.2839365368422
119.799999999983,1.67835047481613,2.24788526620542,3.53050639647823,4.68866639886565,4.22612208050321,5.27846857467381,7.85363396477128,7.83186792848575,9.54125264639865,10.3958037115233,11.8736792897581,11.7003854587209,13.2432969511596,13.2935472814638,14.6668989905781,16.7408628840335,17.7112430591249,18.9128024685177,19.0825417240842,20.2392715637847
120.399999999983,1.6905341370122,2.28185099890782,3.56459382886805,4.75975893045056,4.22616677522352,5.27799765098748,7.83907426846346,7.75884414077635,9.53480693609708,10.3803931141059,11.8413568586245,11.7002130212963,13.2087838016044,13.332346982263,14.7308534673116,16.7027512159992,17.6796415675932,18.8893980359193,19.0864837966883,20.1933968016958
120.999999999983,1.70178717954271,2.31490562715006,3.59837036957575,4.83033555688885,4.22597760509153,5.27737077239591,7.82417597176398,7.68539415629615,9.53051637123687,10.3676238735485,11.8082957769012,11.6995838634001,13.1735811459621,13.3710275102576,14.7946957516135,16.6646305420592,17.6517544261442,18.8646329265071,19.0899190631497,20.1465856202553
121.599999999983,1.71263982053429,2.34756825032141,3.63201314832616,4.9006902137919,4.22568781399674,5.2766767937995,7.80913199136254,7.61176079954353,9.52818241817858,10.3562432789666,11.7749168888345,11.6987582003296,13.1380818285271,13.409656763842,14.858489764829,16.6265059933048,17.6235536766901,18.8395053111324,19.093136274946,20.0993715419459
122.199999999983,1.72313208177186,2.37987805094518,3.66553553517849,4.97084508793008,4.2253074594193,5.27592242212044,7.79395688894594,7.5379623993333,9.52706358254223,10.3468992238233,11.741251960479,11.6977556735872,13.1023155018689,13.448239868105,14.9222403318522,16.5883779570397,17.5950706656442,18.814051423761,19.0961572275403,20.051794837971
122.799999999983,1.73355488843541,2.41211985346562,3.69903471937334,5.04096145872094,4.22490965089767,5.27515641111984,7.77875651589854,7.46413219094595,9.52511528187125,10.3394804200775,11.7075319047026,11.6967190606041,13.0664977155721,13.4868140781906,14.9859825256615,16.5502492486404,17.5665332554306,18.7885346552697,19.0991403558696,20.0041482465764
123.399999999983,1.74391247154892,2.44429780018165,3.73251211436693,5.11104167170601,4.22449545168879,5.27437946984027,7.76353241165309,7.39027211206755,9.52343255381752,10.3323644118523,11.6737600797496,11.6956504378414,13.0306316044479,13.525379935913,15.0497168563351,16.5121199090518,17.5379447599304,18.7629588362417,19.1020879641073,19.9564360251541
123.999999999983,1.75513106302903,2.47731869981614,3.76627714602813,5.1815991996072,4.22429762400302,5.27374681788016,7.74862158014523,7.31680635000715,9.52143087013792,10.3166588905176,11.6406716535701,11.6950043723937,12.9954034236531,13.564056052193,15.1135549873322,16.473998901718,17.5100306352556,18.7381625363619,19.1055044688719,19.9095901779619
124.599999999983,1.76605485927905,2.51005098611166,3.79994369558288,5.25199330266145,4.22402571423463,5.27306476360902,7.73360348915844,7.2432055802957,9.5187105175439,10.3050872744385,11.6073492427901,11.6942136302091,12.9599568259118,13.6026944177402,15.1773575787905,16.4358750415559,17.4818856170025,18.7130993418322,19.1087604311089,19.8624476983554
125.199999999983,1.77669492697218,2.54250549367198,3.83351546006959,5.32223011587092,4.22368250344017,5.2723351615997,7.71848216523546,7.16947487114805,9.51571408093532,10.2962798599607,11.5738016312393,11.6932836424818,12.9243000106411,13.6412964497247,15.2411259648716,16.3977484356614,17.4541261821543,18.6877792719321,19.1118618776174,19.8150197219761
125.799999999982,1.78540801073834,2.57307342638815,3.86644347792528,5.39139867213057,4.22285504131499,5.27128263218314,7.70540326405675,7.09389003294942,9.5162932844002,10.2867488590606,11.5477994752825,11.6914079483179,12.8872154723203,13.6796517170128,15.3046620401381,16.359603181724,17.4272023509721,18.6623139063154,19.1139139079927,19.765652752573
126.399999999982,1.78623337792157,2.59591904887905,3.89673644994291,5.45619453594579,4.22004539490786,5.26890826513763,7.68834529753254,7.05519987507146,9.51770088320332,10.2731225748392,11.5096024182166,11.7043467605603,12.8442868402217,13.7169969032307,15.3672471983584,16.3213815958178,17.3994085674545,18.6339653549848,19.1127557641075,19.7068241771763
126.999999999982,1.78461677183702,2.61573299424118,3.92613978977236,5.51951411123071,4.21668354580328,5.2662321954625,7.6805510669766,7.02792725405089,9.51563303576793,10.2514594796276,11.4444444516873,11.7148582155873,12.7993851517684,13.7540010704727,15.4295113122915,16.2831342390595,17.3762096767067,18.6013550306375,19.0978474710453,19.6987976319586
127.599999999982,1.76086275000423,2.59332101281106,3.95707597131908,5.58537734070896,4.21582725748001,5.26466007801898,7.66648886252519,7,9.5138328141377,10.2308321761594,11.4329536242722,11.7195359749932,12.7391139526812,13.7964814973667,15.4923285875007,16.2449312856374,17.3632697072907,18.5622398536792,19.0623523790442,19.735874644374
128.199999999982,1.75968829639871,2.57677318679102,3.93265290232712,5.5374834444275,4.22723913319157,5.26926260205958,7.66786595380609,7.00064918588021,9.53185758203006,10.2489034371228,11.4715941981895,11.7200330226048,12.6989907811036,13.7866630500732,15.4972662364456,16.2720787120088,17.3974838887698,18.5597673206937,19.014524630693,19.8328908991874
128.799999999982,1.72544437309443,2.54653433841397,3.9034757668344,5.48170047450274,4.23478893760638,5.27264609778016,7.67599457803542,7.01080182666223,9.5452569904541,10.2507145314599,11.5319857058029,11.7089950955837,12.6935788173443,13.7694093468642,15.5004882708793,16.2990884226541,17.4102703335665,18.5355005793975,19.010954223176,19.9493283169829
129.399999999982,1.70883760124199,2.5462710929138,3.86899502493813,5.41711650411189,4.23847802269051,5.2740369370941,7.67884263944188,7.01885263421358,9.55412431923384,10.2585424385479,11.5757660636298,11.701492908889,12.699019267893,13.7518514282994,15.5017963766583,16.3259444985076,17.4199961265444,18.504497746145,19.0134143326713,20.0723029718106
129.999999999982,1.71422242265781,2.54919762973372,3.83317507890606,5.35031020888645,4.2422659429892,5.27477799215097,7.69555126382709,7.04068163382472,9.56346478621945,10.2684526700508,11.5946082294968,11.6710509181823,12.7014895862177,13.7337801582297,15.5026211997472,16.3527617803155,17.438363133638,18.467646837928,19.0197369313883,20.1870936446836
130.599999999982,1.71652886691834,2.54911034333395,3.79632674083836,5.28179736191185,4.24528026667747,5.27500316726741,7.71335243385649,7.0828032481844,9.57041675205316,10.2791873098795,11.6018188982506,11.6417790326772,12.7016791019052,13.7153146789537,15.5030749038586,16.3795492716782,17.4574552641296,18.4309295445546,19.0243830767595,20.2987867557416
131.199999999982,1.71966818153858,2.54983846190312,3.75975663938731,5.21374623106141,4.24850389080379,5.27536791628586,7.73145663877827,7.12530629297304,9.57611604978217,10.2871553266759,11.6096906321044,11.6129158951898,12.7024857001712,13.6969558549532,15.5036290160684,16.4063448229951,17.4730070129226,18.3950383697134,19.0294827949811,20.4113179276649
131.799999999982,1.72314219711341,2.55089426270792,3.72329835132966,5.14588064748816,4.25181162532687,5.27578875508791,7.74968262263783,7.16796262107515,9.57969305221653,10.2946639619687,11.6178280244939,11.5842170189829,12.7035402819626,13.6786398919118,15.5042234787192,16.4331436133207,17.4888209108045,18.359450218412,19.034764787988,20.5241858864222
132.399999999981,1.7265524275123,2.55188761591953,3.68681875458772,5.07797970349673,4.2551033306263,5.27619890465629,7.76788539864316,7.21058973741977,9.58384301699358,10.3020173160692,11.6259147893718,11.5554868389074,12.7045476046333,13.6603157607018,15.50481025164,16.4599417863767,17.5045848499829,18.3238043188146,19.0400120442274,20.6369896624899
132.999999999981,1.72986684124739,2.55278716175421,3.65030714841714,5.01002564187646,4.2583709571847,5.27659299709706,7.7860533123292,7.25317297251605,9.59006522594553,10.3073915194336,11.633925502735,11.5267096348612,12.7054839357106,13.6419793594518,15.5053854732205,16.486739032184,17.5202737423149,18.2880716710193,19.045207119672,20.7496970247577
133.599999999981,1.733230603747,2.55373502150393,3.61381202816554,4.94209893759941,4.26165098509453,5.2769953594919,7.80423918126767,7.29577880791277,9.59601795822102,10.3126353960834,11.6419753851544,11.4979566497219,12.7064568298166,13.62364927768,15.5059666441249,16.5135367555551,17.5360012862655,18.2523837014274,19.0504290699592,20.8624540433351
134.199999999981,1.73492412451291,2.55304766468835,3.57675893102891,4.87324630585874,4.26451128102277,5.2771178197947,7.82181734275442,7.33761972111916,9.60175983598324,10.3357372487988,11.6486995648321,11.4683839595834,12.706192223916,13.6051053089689,15.5063464562052,16.5403183154601,17.5504206404932,18.2151835683487,19.0547414233383,20.9735304111169
134.799999999981,1.73678348749549,2.55252267235837,3.53976123672506,4.80448561162625,4.26741325312329,5.27726807223228,7.83945584493848,7.37953658524276,9.60834530366831,10.355880468071,11.6555553766425,11.4388926598755,12.7060504922916,13.5865825775933,15.5067462616751,16.5671014802736,17.5649698879448,18.178133581527,19.0591440927265,21.0847736546556
135.399999999981,1.73821077236434,2.55157466264426,3.50261919828519,4.73548538740008,4.27020664393331,5.27734591624806,7.85693713808857,7.42125557014296,9.61869140362482,10.3754385419748,11.6620682398075,11.4091893090718,12.7055886293607,13.5680045153854,15.5070939772355,16.5938804637283,17.5788914833347,18.1406924101637,19.0633114567044,21.1955821273399
135.999999999981,1.74089181756403,2.55185412175727,3.46589600298034,4.6671802069509,4.27331510489006,5.27763386765875,7.87085687828567,7.46213857457768,9.62775501658347,10.3953350475302,11.6663361745676,11.3801012665737,12.7060556909,13.5495870065599,15.5075928419983,16.6206715802246,17.5957403695048,18.1021049592403,19.0681616059926,21.307652173876
136.599999999981,1.73858983073961,2.54725504362215,3.42750812846724,4.59611259630371,4.27517132920129,5.27708675366533,7.88763520151577,7.51492805613982,9.63515037725457,10.4118225378685,11.6954371537155,11.3418470150024,12.7028307705912,13.5305313832348,15.5074909688866,16.6474144743184,17.6139962792911,18.0614248518879,19.069271365961,21.4204405611023
137.199999999981,1.713982253083,2.53285746129082,3.38655655870917,4.52079069502308,4.27536768261351,5.27533336396183,7.90709966575864,7.55598658605454,9.63929751685301,10.42841302259,11.733234438366,11.3714529959315,12.693920000263,13.510493029363,15.5064639272354,16.6740831033262,17.617548030054,18.0266158029911,19.0763009709304,21.4912334644392
137.799999999981,1.68846848485479,2.52299209884646,3.34781523749214,4.44913656185338,4.27623609993295,5.27448234056537,7.93341257115026,7.59109782409009,9.64375876242113,10.4537754496165,11.7478365259481,11.3835294139874,12.7109118050297,13.4667718322292,15.5062345047313,16.7008157587811,17.6177665129251,18.0245170697158,19.0861766083778,21.5549579984972
138.399999999981,1.65195711895176,2.51835942045037,3.37315193614348,4.44217904706423,4.26913424807214,5.2744573133454,7.95526203463691,7.6164310216913,9.63906246292719,10.4637979936014,11.7243450103466,11.4128933996029,12.7134135538368,13.4242543953236,15.4449985828371,16.669564539537,17.5930435101701,18.0106264837701,19.1425945434876,21.5746468215757
138.99999999998,1.63035043073652,2.51373780292045,3.39779426502572,4.43406926941776,4.26103543760042,5.27355107413343,7.96013542697716,7.63617165222424,9.63152685884615,10.4770434214703,11.6697221454661,11.4645833714578,12.7259705315821,13.4459987356143,15.3835120815992,16.6382932057977,17.567103706957,18.007094969354,19.1903169080184,21.5220695266402
139.59999999998,1.59376304581014,2.48328273301247,3.42783829434104,4.43492327309517,4.25608670312867,5.2749906571413,7.97242769016364,7.66429428407572,9.6302178311812,10.4907706465703,11.6462343878181,11.5265305014296,12.7353830704646,13.4681711480218,15.3239749085082,16.6071783484367,17.5381765948926,18.0329299648213,19.1782405879831,21.447489626176
140.19999999998,1.53242114834916,2.44569724894026,3.45858627145814,4.43694543376994,4.25118332761507,5.2768575181284,7.97969386326218,7.69756719157582,9.62283479063143,10.4978162342603,11.6343506844871,11.6214348068441,12.7463568485891,13.4906134017879,15.2646917712123,16.5760838830251,17.4981664308702,18.0604227457374,19.153645149398,21.3796278423645
140.79999999998,1.47256612384605,2.40956745792317,3.48983096753826,4.43979186824868,4.24665360348422,5.27897355194082,7.98797350896651,7.72309615995105,9.61309149839617,10.5064796022744,11.6301096670713,11.7136809696161,12.758432266829,13.5132460607509,15.2055878864069,16.5450038065612,17.4570813668271,18.0870505061763,19.1298594469235,21.3132621978068
141.39999999998,1.41165296223926,2.37240171906371,3.52072217224457,4.4420517060781,4.24185796935103,5.28091226124805,7.99586815782289,7.74814053227343,9.60642633641333,10.5165083745842,11.6250287860413,11.8054078301479,12.7697236999449,13.5357432173481,15.1463564360889,16.5139134901643,17.4203121276707,18.1128415550511,19.1054974935876,21.245831821762
141.99999999998,1.3504751684978,2.334976897437,3.5515249714158,4.44416484049549,4.23699583312534,5.28280662302962,8.00366652186196,7.77306371076616,9.60085766168842,10.5277383356281,11.6197378614354,11.8970048170935,12.7808190642752,13.5582064858222,15.0870930825952,16.4828206128372,17.383335619691,18.1383930176172,19.0809914242434,21.1781351643768
142.59999999998,1.2894063642396,2.29765877977109,3.58236418065339,4.44633839512257,4.23216108597205,5.28471924946341,8.01150454107176,7.79803680327589,9.59366734277745,10.540159671401,11.6145334438624,11.988655292838,12.7919951800821,13.5806837112145,15.0278428685134,16.4517287902363,17.3464444759548,18.1640431544732,19.0565447094795,21.1105481757048
143.19999999998,1.22837071607317,2.26037312290975,3.61321446633125,4.44853033040399,4.22733467094927,5.28663743225426,8.01935462392698,7.82302508031242,9.58519938076949,10.5540736679266,11.6093553429123,12.0803220406069,12.8031958615928,13.6031651824921,14.9685966516205,16.4206372884977,17.3095793011892,18.1897233093981,19.0321160511909,21.0429945497557
143.79999999998,1.16710871294766,2.22286585777981,3.64398913371242,4.45059678188931,4.22245137289357,5.2885176820769,8.02712234888598,7.84790969335371,9.57864600849022,10.5676076479875,11.603997579711,12.1718777000897,12.8142288342877,13.6256176673252,14.9093231461218,16.3895435962493,17.2725368375765,18.2151985324875,19.0075641222602,20.9752131581877
144.39999999998,1.10814841635521,2.18761203212237,3.67553273113267,4.45393922429806,4.21814649401197,5.29078365599018,8.0357275359821,7.87384842111819,9.5720317107505,10.5570386443936,11.6004667249146,12.2645629687267,12.8269671660287,13.6483649028854,14.8503271267567,16.3584721783549,17.2372971482397,18.2427576195508,18.9842656796384,20.9097478175467
144.99999999998,1.0490465348869,2.15221959064082,3.70702902935879,4.45720317667609,4.21380603483125,5.29302590285716,8.04428120826908,7.89972230712286,9.56498772611846,10.5485768822877,11.5968234914999,12.3571787517148,12.8396005960173,13.6710940074439,14.7913140383868,16.3273993902982,17.2019465648472,18.2701885218878,18.9608901313122,20.8441400096632
145.599999999979,0.99039228938264,2.11726539814374,3.7386748691248,4.46071528381187,4.20957806663098,5.29534316535828,8.05299775022069,7.92580119739439,9.55545668345018,10.5391881500804,11.5935355552933,12.4500142211293,12.8525656842907,13.6938804351338,14.7323549155295,16.2963309341585,17.166755326083,18.2980246941606,18.9377583610456,20.7789826274419
146.199999999979,0.930312039780158,2.08091510502449,3.76984432435993,4.46343686085185,4.20499174340112,5.2974214555464,8.0640070309188,7.95702604605317,9.54557010621561,10.5314809320431,11.5924618507243,12.5421498501166,12.8644742308399,13.7164842523392,14.6732238783304,16.2652486781189,17.1275932377382,18.3252448400686,18.9138500032394,20.7123903541664
146.799999999979,0.876014850463302,2.05022660072683,3.80294572387535,4.46936437762745,4.20185870403094,5.30046888130319,8.08023264612464,7.96624018389433,9.53723528343047,10.5251869901016,11.5803526174806,12.6352380805268,12.8806675087531,13.7398286336436,14.6147900277692,16.2342223866125,17.0891352643941,18.3553867207559,18.8897264288173,20.6452322565267
147.399999999979,0.851081983932446,2.02996795431277,3.8380712597624,4.47865082110212,4.1999055777047,5.30441180882462,8.07590244210554,7.98816139822099,9.53281843093059,10.520143169436,11.5800286405397,12.6576511748279,12.9013499847682,13.7639489186545,14.5570866334877,16.2032547302586,17.0707065241403,18.3785266227885,18.8797450726314,20.5906338081335
147.999999999979,0.837613608967931,2.01384870222967,3.86906658971709,4.48108344821676,4.19554071994002,5.30714404166355,8.05986284874218,8.02312404885215,9.52555631889597,10.5000107754807,11.5780437215405,12.6810117726182,12.897448787373,13.8361145665177,14.4978927591663,16.1721674301604,17.054263960295,18.3956545310907,18.8869432391128,20.5060558672418
148.599999999979,0.839683350470431,1.99364285342516,3.82226458258452,4.43449907923294,4.19656655581294,5.30559224990574,8.04565804313181,8.04709184169939,9.52545666840062,10.4934418468613,11.5863123827051,12.6763856662473,12.9535113845538,13.8985546906948,14.5244021962366,16.1757961029959,17.0590294296391,18.4272144145371,18.8894433010331,20.4287133671724
149.199999999979,0.830171635308395,1.9604676779422,3.7783526432593,4.39271059557677,4.19807276966522,5.30496597933384,8.0464218394338,8.06974979991468,9.52873483742635,10.4893791496834,11.6297040667074,12.6487620499998,12.9765650041026,13.913127009656,14.5519545809148,16.1795084952742,17.0773581325127,18.4709541246249,18.8867665287092,20.4140130111329
149.799999999979,0.830498595000691,1.94149587047634,3.73209987930157,4.34703766101789,4.19961787080097,5.30311952486045,8.03633263994529,8.08688951669274,9.52861051017365,10.4840364924178,11.6579270423855,12.62445336644,12.9721527989109,13.9276185355564,14.5786622250525,16.1831530785792,17.1046817430888,18.5027914602642,18.9433639250284,20.3828466089223
150.399999999979,0.858882032720723,1.93385962861895,3.68741350249476,4.30396404718466,4.20176588437144,5.30185401131586,8.00953760469199,8.09271507548628,9.53617830310986,10.4864627425465,11.6551713748539,12.5805567205387,12.9712145801176,13.9427104980743,14.6059351361094,16.186843036964,17.1402504206172,18.5391034639557,19.0110483208731,20.3630713289109
150.999999999979,0.891411997959621,1.93028296110315,3.64411235422195,4.26318913277326,4.20495592088788,5.30128338025661,7.97368359445692,8.08409908104193,9.54771680422975,10.4884252993157,11.6562928198988,12.5348878650047,12.9733485680158,13.9583334544368,14.6337079388217,16.1905731226284,17.1757800995209,18.5783456321697,19.0809908740455,20.3474684178633
151.599999999979,0.925035129210297,1.92777653577746,3.60117639941412,4.22302023389372,4.20842067017617,5.30089594390954,7.93822732612787,8.07598372487186,9.55366607778868,10.4904673492096,11.6582819316711,12.4897555028577,12.9762924943317,13.9740963988787,14.661612530016,16.1943137872118,17.2083431839966,18.6189746108491,19.1515287544717,20.3329654855134
152.199999999978,0.958632357140523,1.92524475032703,3.55823179109598,4.18283697505939,4.21187890995641,5.30050416663776,7.90276163303081,8.06785650573356,9.56138383611235,10.4902331919611,11.6602504834835,12.4446104281309,12.9792172285997,13.9898560262068,14.6895139983915,16.1980542011203,17.240885980117,18.6595801378002,19.2220525282091,20.3184364884118
152.799999999978,0.992399665773875,1.9228794789671,3.51534400155983,4.14274800341167,4.21537989104116,5.30014089179391,7.86735782277897,8.05980717861613,9.5694685928842,10.4876826402861,11.6623540315961,12.3995488239579,12.9822679774841,14.0056374336403,14.7174359711346,16.2017962609546,17.273561989187,18.7003396483477,19.2926689261928,20.3040786319681
153.399999999978,1.02650146835373,1.92084168717571,3.47256795626199,4.10284446428264,4.21896493050152,5.29983367204287,7.83207571614628,8.05191104000851,9.576961831698,10.4824689783029,11.664723073938,12.3546513794719,12.9855665565195,14.0214616755241,14.7453982693626,16.2055415577942,17.3064999852103,18.741401995019,19.3634674862273,20.2900573540602
153.999999999978,1.06101130887858,1.91920337672493,3.4299282240121,4.06316712806294,4.2226525099546,5.29959483201923,7.79694207167612,8.04420177092543,9.58126635359607,10.4775619194121,11.6674159837846,12.3099541878815,12.9891674552427,14.0373381697168,14.7734097592969,16.2092908033482,17.33975757033,18.7828337613193,19.434488259637,20.2764466570179
154.599999999978,1.09426461506557,1.91633488161126,3.38686872191594,4.02279321024735,4.22602432215259,5.29914541972764,7.76135124471255,8.0359170456203,9.58592228259312,10.4853545610131,11.6691115583454,12.2646403265853,12.9918373742041,14.0530537552948,14.8012697656036,16.2130278890156,17.3720309953282,18.8231279166336,19.5048247370401,20.261571594829
155.199999999978,1.12768519768843,1.91363015512663,3.34386510178151,3.9825120250242,4.22943817094235,5.29872403991984,7.72582128027833,8.02770892806311,9.59112250419915,10.4906047936713,11.670939903406,12.2194085595919,12.9946312300701,14.0687907618709,14.8291499382046,16.2167665934707,17.4044354368793,18.863573516684,19.5752523115135,20.2468648515543
155.799999999978,1.16135598858247,1.9111703900159,3.30094506860874,3.94236954709428,4.2329148971057,5.2983445904609,7.69038235262509,8.01961539862508,9.59429592609258,10.4961366488256,11.6729668435468,12.1742995873813,12.9976104679267,14.0845598094864,14.857060275088,16.2205077192717,17.4370451267338,18.9042456443107,19.6458161469038,20.2324098758661
156.399999999978,1.19671728268374,1.91036567805848,3.2585897810621,3.90316422892712,4.23681644696177,5.29824843854792,7.65840565155901,8.00460268255273,9.59741347286643,10.4997715190228,11.6677498394696,12.1300202638989,13.0018422177328,14.1005453386743,14.8851744134518,16.2242652046157,17.4701547180614,18.9467059820397,19.7173006133975,20.2196559387176
156.999999999978,1.22816668118404,1.90573110341749,3.2149276483577,3.86179028360938,4.23973493690547,5.2974967241852,7.61224507333306,8.02805797815261,9.59550530458267,10.5057914241706,11.6581674601487,12.0837630624269,13.0031756021501,14.1160299203886,14.9128169466089,16.2279848332885,17.5000948025839,18.9852345456973,19.7912418006548,20.2077956081783
157.599999999978,1.22885750424501,1.89744980824301,3.17214200707965,3.82187082055616,4.24253138773936,5.29707306461126,7.59230006544554,8.03552666111428,9.5919821931073,10.5088669620171,11.6375741801835,12.0680076372226,13.006452898896,14.1318504838855,14.9407757819061,16.2317298521519,17.5220228958455,19.0297885741391,19.8480885939622,20.199481642771
158.199999999978,1.24043602125253,1.89481859485427,3.13356960713875,3.78894296588232,4.24861536779299,5.29830451275974,7.5876810787943,8.02919560491938,9.59347210214622,10.5258117148137,11.6384839325456,12.0334248409203,13.0176898158157,14.0974306029309,14.9702550624836,16.2355969201281,17.5478940977231,19.0553691003516,19.9033827575391,20.2037278940215
158.799999999977,1.24057792952507,1.89637226451092,3.07266143575895,3.88781773366975,4.24813486596457,5.30006000653007,7.58400914461674,8.03927020753071,9.58629835742324,10.5256238916279,11.6516020337708,12.0161852996327,12.9504540537643,14.0857362505667,14.9912249347905,16.1708573034827,17.5625757487276,19.0632921763467,19.920564669113,20.2069616548909
159.399999999977,1.2679297738522,1.92336886306596,3.01135586568928,3.98603304339129,4.25167073287594,5.30223194107276,7.57339177378778,8.05622706021209,9.58093633167266,10.5286182456417,11.64326132539,12.0080191479093,12.8957345148171,14.0561856913498,15.0120513966173,16.1061061749954,17.5862339924788,19.0684748831132,19.9234684406567,20.1811703014471
159.999999999977,1.30097674033599,1.95415954642276,2.95273516234943,4.0887037201862,4.25516213136924,5.30541627265666,7.56390055276941,8.07573642719865,9.57894434607672,10.5333032352182,11.5961689127119,11.9745410678627,12.8900462007635,14.0268744099056,15.033846754508,16.0414328216877,17.6052351260829,19.0724209518433,19.8961527993316,20.1973921231978
160.599999999977,1.32135768697426,1.98007422638327,2.89234829340047,4.18844355649894,4.2574280286217,5.30798156211359,7.57321667654017,8.10515262772149,9.5732315085247,10.5301577732996,11.5796419171212,11.9360088209123,12.8804408248913,13.9968861116053,15.0550047508166,15.9767083061209,17.6218155671583,19.0708291117955,19.8670523371711,20.1959670513466
161.199999999977,1.33806052911171,2.00238793213339,2.83073268177875,4.28614437181109,4.25876961769808,5.30993046825085,7.58826785763969,8.15243614702807,9.56666719548865,10.5274553588947,11.5579406403926,11.8945482439566,12.8681103019629,13.9664268045294,15.0757193270008,15.9119481963545,17.6403098471976,19.0650226634376,19.8359488161635,20.1908409527933
161.799999999977,1.35482754723828,2.02476446809448,2.76913850940008,4.38388076419549,4.26012733420951,5.31189012911496,7.60334238878878,8.19974905707395,9.5619501410155,10.5225490817866,11.5362903013712,11.8531191626689,12.8558273277129,13.9359757156685,15.0964416400303,15.8471887076398,17.6589510108078,19.05790779514,19.8048802447565,20.1857794301784
162.399999999977,1.37210879273703,2.0476444480184,2.70771612472228,4.48190222743929,4.26161427613158,5.31393596512028,7.61860401848751,8.24729746831701,9.55220387478844,10.5194855824526,11.5150481144295,11.8119424488913,12.8439253500357,13.9055904774667,15.1172259466124,15.7824341952686,17.6779949346591,19.0512584857134,19.7740917164225,20.1812353396361
162.999999999977,1.38917840003389,2.07031722781878,2.64622303816807,4.5798063653765,4.26304803334387,5.31594633441784,7.63378864489399,8.29474895541209,9.54311372220753,10.5177009032133,11.4936379462078,11.7706618693746,12.8318665673459,13.875178137411,15.1379847387924,15.7176776348066,17.6968730963246,19.0444175683568,19.7431879320448,20.176478291948
163.599999999977,1.40594031586331,2.0926887684785,2.58462716126736,4.67753992921401,4.26440446764731,5.31790514022989,7.64886131960281,8.34205952875413,9.53477431516564,10.5180681894543,11.4719835573958,11.7292302840311,12.8195798127492,13.8447263951629,15.1587064367057,15.6529180967153,17.7155102636434,19.0372980806634,19.7121165819779,20.171411635238
164.199999999977,1.42239712853352,2.11476160402865,2.52292935869507,4.77510435382535,4.26568422948411,5.31981281630973,7.6638229843544,8.38923037371306,9.52861517281936,10.5185002504158,11.4500870023833,11.6876489631254,12.807067003951,13.8142355821745,15.1793913523904,15.5881556060427,17.7339084638658,19.0299023659738,19.6808790757884,20.1660379739449
164.799999999977,1.43886712957502,2.13684735138838,2.4612359619559,4.87267608963898,4.26696730556047,5.32172270252038,7.67878944761592,8.4364072585629,9.52274797524145,10.5183729997226,11.4282009152328,11.6460741146804,12.7945639665584,13.7837464580557,15.2000778580216,15.5233932429981,17.7523169936659,19.0225185914562,19.6496487518537,20.1606775832139
165.399999999976,1.45524359387805,2.15884152348619,2.39951131744167,4.9701959717399,4.26822687584134,5.32361691367738,7.69372187809534,8.48354130630394,9.51613980131425,10.5202965870057,11.4062405861877,11.6044533611842,12.7819916267935,13.7532453558584,15.2207530871726,15.4586299747685,17.7706522623341,19.0150501328849,19.6183674887487,20.1552230728171
165.999999999976,1.47140741385607,2.18062751043586,2.33771563493595,5.06759797077244,4.26943300857356,5.32547548951871,7.70857693921063,8.53057796912183,9.51101204971926,10.5224884606681,11.3841114772834,11.5627282481736,12.7692617365685,13.7227170229656,15.2414026806266,15.3938646487114,17.7886563445686,19.0073891554839,19.5869704216756,20.1495545928811
166.599999999976,1.48803607783537,2.20286859355264,2.27607524265117,5.16525766413652,4.2707559566684,5.32741196474778,7.71713335012555,8.57757863886333,9.50532224066784,10.5233413817591,11.3692150812764,11.5212312667826,12.7568762542475,13.692248216822,15.2621083141372,15.3291038210992,17.8067076263939,19.0015043625007,19.5558265039866,20.1443538538863
167.199999999976,1.50825951151217,2.22862906361756,2.21563575341996,5.26491018040827,4.27298227089167,5.32995085790144,7.74069786648206,8.57493034618717,9.50462819392188,10.5215256890732,11.3618305524396,11.4841136478545,12.7471541753337,13.6622397478097,15.2832473212037,15.2643777812288,17.8264850533317,18.9992874024204,19.5290502303674,20.1417403278286
167.799999999976,1.56268792307899,2.26258905797616,2.15523697015022,5.36463024565682,4.27639290156156,5.33269149950761,7.74740556673742,8.57200268089123,9.50228629520709,10.5228542409034,11.3351408867776,11.4430153863567,12.737522375478,13.6322468824428,15.3044010179549,15.1996529205281,17.8486776905869,18.9985243588073,19.5096610412535,20.1389226738281
168.399999999976,1.60740233104853,2.27287423981599,2.09160934385636,5.458992249466,4.27668828736514,5.33367636692875,7.74593047417767,8.56992200004686,9.49491357272029,10.5122170782526,11.2956648101819,11.4268530992966,12.7225890640752,13.6518227524274,15.3243895122542,15.1348345267504,17.8592223457492,18.9987413139722,19.4794366276152,20.167894585788
168.999999999976,1.63858040558817,2.2516260226633,2.18864292165761,5.42009220719395,4.27728652095527,5.3301273964233,7.73906698099915,8.5594531298909,9.49424388045612,10.5128061916085,11.2487215122663,11.4066902506408,12.6792828161631,13.6639192938881,15.2901881778272,15.2217084336965,17.8768105705055,19.0048773768729,19.4726312914305,20.2161782414766
169.599999999976,1.66118928215659,2.22855360145661,2.28374942063321,5.37799429908548,4.27404028143649,5.32529451799192,7.73411800047409,8.5410755049814,9.48890444931504,10.5065343206861,11.2151834590527,11.3739842349771,12.6485381562941,13.6903414516956,15.2552914125692,15.3085265170576,17.8738198407107,18.9976251778407,19.4844258878413,20.2984039758895
170.199999999976,1.67033767512675,2.18920506171399,2.37494739352602,5.32941043835175,4.26843079708894,5.3199908265081,7.74384339120455,8.52072648289807,9.47736426984302,10.4977386701253,11.2236106087619,11.3620462233136,12.6029902081866,13.7159443845216,15.2189841655564,15.395231378293,17.8696718996029,18.9845181091871,19.524839892107,20.3221758716226
170.799999999976,1.6754700449448,2.14708110974152,2.46605465221733,5.28067604311961,4.26350415344129,5.31444813585375,7.75038161987055,8.49636746259482,9.46676017267359,10.4956332073652,11.2366578065983,11.3621063825959,12.5572410710548,13.7415125442532,15.1826441822324,15.4819336117208,17.8569671421248,18.9710592949561,19.5565814075399,20.3548286952551
171.399999999976,1.68265786426416,2.10696950424918,2.55784857397483,5.23308112195584,4.25909404454124,5.30924990109699,7.75926023022388,8.45013962261061,9.45371244528673,10.4911165301903,11.250040144473,11.3743872013164,12.5130148384944,13.7673439196582,15.146551997108,15.5686557363941,17.8452802878361,18.9605128276095,19.58944230017,20.3895497780925
171.999999999975,1.68899255825438,2.06602266356763,2.64935749254742,5.18501325597444,4.2544695451265,5.30390869807426,7.76782843603564,8.40352107600965,9.44272403296845,10.4898989187508,11.2627453404914,11.3862493314829,12.4681565162316,13.7930660459876,15.1103569620131,15.6553696050993,17.8343179272208,18.950625646075,19.6218385892964,20.4234124188649
172.599999999975,1.69490448795174,2.02466192401085,2.74072517844783,5.13671102327743,4.24973880498576,5.29849664745646,7.77624282159139,8.35670891564465,9.43596481288104,10.4870301152959,11.2751149804219,11.3979039814999,12.4229849633719,13.8187340341891,15.0741109598521,15.7420793825786,17.8230244433364,18.9403557123231,19.6540046452261,20.4568496606482
173.199999999975,1.7012312528871,1.98370732054767,2.83223144816472,5.08863876168699,4.24511231299842,5.29315411566856,7.78480814246403,8.31008673776692,9.42898384987471,10.480120961064,11.2878138829981,11.4097622203219,12.3781207663874,13.8444551451438,15.0379149688565,15.8287931745519,17.8120558724177,18.9304613521707,19.6863966162687,20.4907043229514
173.799999999975,1.70767976972468,1.94287191583478,2.92377839148339,5.04063399537447,4.24051641728117,5.28783198728183,7.79341776203712,8.26352031872326,9.42105526420567,10.4732977604789,11.3006094223828,11.4216802113587,12.3333467766924,13.8701918473397,15.001733655868,15.9155081447574,17.8011826616999,18.9206772208416,19.7188548921769,20.524681495923
174.399999999975,1.71431351375468,1.90221785407798,3.01538721356473,4.99273191296752,4.2359670691833,5.28254089959874,7.80209477541485,8.21703872835255,9.41151269692953,10.4668536394269,11.3135519801254,11.4336891063962,12.2887100238101,13.8959522692621,14.9655746732577,16.002224907466,17.7904545271735,18.9110607860749,19.7514140409577,20.5588450504356
174.999999999975,1.72108507860584,1.8616987230233,3.10704207738418,4.94490623392232,4.2314523554771,5.27727290817494,7.81082193407295,8.17062025591395,9.40156396801802,10.4595463242257,11.3266039288841,11.4457656397963,12.2441753838517,13.921730340171,14.9294323058701,16.088943003911,17.7798343385679,18.9015691282249,19.7840482455764,20.5931472846783
175.599999999975,1.72794560366172,1.82126668666722,3.19872666009816,4.89712987150898,4.22695999748281,5.2720198248611,7.81958146036874,8.12424252466468,9.39127972193583,10.4517875354577,11.3397264870551,11.4578858322208,12.1997066554627,13.947519803099,14.8933006632309,16.1756619612525,17.7692838265984,18.8921580110358,19.816730897031,20.6275390335319
176.199999999975,1.73496155117991,1.7809868135459,3.29046316472238,4.84943967023234,4.22250669717505,5.26679278752101,7.82839753619661,8.0779359723878,9.37964169623874,10.4438589883609,11.3529724070008,11.4700823013703,12.1553530812423,13.9733291690352,14.8571877578101,16.2623824226672,17.7593359948888,18.882887606516,19.8494981900008,20.6620871734512
176.799999999975,1.74090408536217,1.73965603669432,3.38184107464894,4.80115440366215,4.21778364794565,5.26138586565744,7.84521296906689,8.03245302547645,9.36783670800097,10.4358244667612,11.3639152659497,11.4817519711589,12.1102042035735,13.9990010763697,14.8209454452247,16.3490924963159,17.7508589984502,18.8678422059685,19.8816809128262,20.6955552104487
177.399999999975,1.75231013929623,1.70367420893362,3.47504418009713,4.75589793399249,4.21443358199503,5.25689453018932,7.85364200041204,7.96997939581161,9.35579340411859,10.4315812268148,11.3790013690417,11.4911328080446,12.0691033062614,14.0253726282491,14.7853617965263,16.4358554422015,17.7495667058479,18.8543957781358,19.9110341620119,20.7323072441082
177.999999999975,1.74539838668074,1.65859336981263,3.56745587367923,4.70932816622482,4.2098877575179,5.25189041813742,7.86624445420467,7.90685376327705,9.34804700230015,10.4217728101008,11.4325266810826,11.4862552614516,12.0262471889469,14.0514408115369,14.7494925486086,16.5225954624798,17.7394259645831,18.8366081605312,19.9493203669863,20.7779167011823
178.599999999974,1.73280499427966,1.64459004210869,3.66495177836032,4.6711953262469,4.20861224500068,5.24841317954542,7.8746091117382,7.85371285142312,9.34811808350584,10.4266352084442,11.4711035658375,11.4761249821054,12,14.0199839450792,14.7154580554915,16.60948276211,17.7396029374624,18.8417770482514,19.9868848419877,20.7790381314333
179.199999999974,1.75871096359366,1.68695373811864,3.61185923640304,4.66860061298681,4.21539849880912,5.25167309128499,7.88945591409214,7.80516626672173,9.3492877849308,10.4357410482087,11.4957246574967,11.4801938827834,12.0535894241885,13.9726016802529,14.7421069667371,16.5838401470473,17.7210938920305,18.850495285253,20.0083391564179,20.7517848761322
179.799999999974,1.76710711165969,1.7057839705044,3.56445963380593,4.67545297370138,4.22540924427115,5.25505823344599,7.90801598760063,7.75955547867534,9.35686963285832,10.4562424751295,11.5058281703864,11.505984401806,12.0899544377809,13.9512741666931,14.7708103064165,16.5583624449631,17.7059577195201,18.8729950988205,19.9952355624539,20.6920808324044
180.399999999974,1.78286069231662,1.72954906882941,3.52211691764511,4.69069691865061,4.23949427562159,5.2591762695808,7.91072916480243,7.7159696035764,9.37193620165114,10.4762990629033,11.5284069804576,11.5159265552454,12.1156828130962,13.9288270836138,14.8013385401618,16.5330312306903,17.6936799988197,18.9005616547665,19.9425461786099,20.6796357112012
180.999999999974,1.80868695170656,1.7550740558417,3.48080333227898,4.70764864127311,4.25422061763526,5.26387196642973,7.90528424027523,7.66480820683614,9.38570090818261,10.4899816600118,11.5250438051467,11.5328597957975,12.1436936294926,13.906774492926,14.8322381594829,16.5077298282631,17.6926185596354,18.9307649202346,19.8951523595335,20.6776998720663
181.599999999974,1.83091467442474,1.77707596792515,3.43828758542782,4.72260545270028,4.26804264687928,5.26796461407776,7.89674641590698,7.64241499875839,9.40089538067758,10.5048159395924,11.519549736105,11.5399458630753,12.16903825149,13.8842610827177,14.862703951114,16.4823936016398,17.6912214953855,18.9595740476106,19.8457988134523,20.6721430699308
182.199999999974,1.85373717107139,1.79966018145683,3.39597053442841,4.73789198736684,4.28201414289481,5.27215693500272,7.88842499647041,7.62029417986188,9.41392886484278,10.5182995013075,11.514527750482,11.5473238277188,12.1948235478673,13.861823837757,14.8932414467246,16.457063130835,17.6888036901813,18.9886100479055,19.7967691752914,20.6671847483959
182.799999999974,1.87657256690744,1.82225702368038,3.35365779265526,4.7531856729227,4.29598888047845,5.27635141759688,7.88010827032666,7.59817926841936,9.42652694348477,10.5322749282223,11.5095160031918,11.554708122901,12.2206184013923,13.8393882446339,14.9237804974189,16.4317327848598,17.6863959880576,19.0176577265599,19.7477465618997,20.6622394064391
183.399999999974,1.89809175644109,1.84356526060469,3.31090534645019,4.76774969669453,4.30963285523396,5.28032532798871,7.87131265040253,7.57546157272865,9.4416657921389,10.5564222543012,11.5034595578388,11.5614464631508,12.2454380635573,13.816784101455,14.9541608706307,16.4063897015331,17.6829573887151,19.045513769853,19.6980071557475,20.6559696554914
183.999999999974,1.91984249852413,1.86510019439381,3.26823025489841,4.78244208563675,4.32333501917756,5.28433804237022,7.86260127948675,7.5528499213785,9.45669328160361,10.5782964513479,11.4975869001636,11.5682984425096,12.2704292854886,13.7942096103108,14.9845691590527,16.3810488590149,17.6797001491479,19.0735794506516,19.6483938507929,20.6499329001445
184.599999999974,1.94153656388254,1.886579639976,3.2255362293794,4.79710305485402,4.33702294025232,5.28834125876502,7.85386928708414,7.53021231373505,9.47262799242199,10.599458978769,11.4916692570903,11.5751226066165,12.2953785150269,13.7716278612885,15.0149706147161,16.3557074680178,17.6763985184562,19.1015938188336,19.5987496802622,20.6438391148597
185.199999999973,1.96323331721647,1.90806171716651,3.18284310183113,4.81176551419711,4.35071153681571,5.29234492561555,7.84513827268532,7.50757593710628,9.48835587271165,10.620891305879,11.4857537475145,11.5819480899019,12.3203297361151,13.7490464564814,15.0453723944329,16.3303661030331,17.6730989930776,19.1296106205906,19.549106973576,20.6377480343022
185.799999999973,1.98471298439958,1.92933126052869,3.14007745241266,4.82630762806868,4.364345579599,5.29631221278131,7.83632827279066,7.48484014132722,9.5058419502037,10.6420715691568,11.4796659325176,11.5886670337568,12.3451201157469,13.7264372521701,15.0757480029607,16.3050226372359,17.6696294384957,19.157430882084,19.4993460439478,20.6314385146979
186.399999999973,2.00559649500595,1.95001714878866,3.09711264524177,4.84051925220581,4.37782980815106,5.30017959496347,7.82730136489595,7.46183132315548,9.52716314944398,10.6643104811331,11.4731049366676,11.595093401683,12.3694687965798,13.7037517055527,15.1060517408217,16.27967340224,17.6653773757678,19.1847114096037,19.4492604534229,20.624529123228
186.999999999973,2.0264113999333,1.97063587003888,3.05412491900336,4.8546928435953,4.39129679608637,5.30403548008343,7.80825964709556,7.44295367487866,9.55006986902915,10.691160989004,11.4668779204515,11.6014860999811,12.3937666467295,13.6810573734652,15.1363472078087,16.2543235033248,17.6593385640997,19.2173710855921,19.3991375009329,20.6175506985237
187.599999999973,2.04001313564789,1.98419268309519,3.00872749265548,4.86486768957027,4.40295111358833,5.30668256942717,7.79701975547291,7.46559838647007,9.56804130255252,10.7168945053641,11.4511683620234,11.6082454950918,12.4127201824796,13.6574393411406,15.1657730789513,16.2289038002525,17.6464705690127,19.2459883130201,19.3452998227368,20.6036598948442
188.199999999973,2.04100858383403,1.99386712491853,2.963630819911,4.87554161718938,4.41488924554239,5.30949539109229,7.78682430597005,7.50044941784992,9.5823924390982,10.753840073925,11.4246440283725,11.6307326658932,12.4323407397429,13.6339365954334,15.1953074839661,16.2034928094061,17.6363356744606,19.2759065618626,19.271062456671,20.5866891148091
188.799999999973,2.05886390586568,2.00696346249286,2.91427827519489,4.87915319357876,4.42666705861646,5.31206549060256,7.78515679653846,7.52982868493908,9.59145389025318,10.7749245885533,11.3975179690367,11.6695088874035,12.4556925549278,13.6411882983549,15.2233060594533,16.1779585345235,17.6209536871002,19.2678839668921,19.1884527916633,20.5759223565235
189.399999999973,2.02586455068865,1.97656050506343,2.96234916549931,4.89420255148928,4.43036458762889,5.31116948783428,7.77388389210317,7.54838477179691,9.58683787592618,10.7689711570137,11.4122001968235,11.6896570275473,12.4519860952149,13.6832873446668,15.211731397373,16.2019761837016,17.6038542043994,19.2359348247365,19.136157911393,20.5624923635199
189.999999999973,2.00917790951013,1.97753911843393,3.00610974272274,4.90209921657451,4.43289305772509,5.31238921217622,7.76120170145388,7.56897633008836,9.57851148579015,10.7567644062054,11.4228165502281,11.6987005926492,12.4510019673304,13.6897385153161,15.1986012594321,16.2258689717962,17.593152806569,19.2016089848451,19.1093883083545,20.5634889709884
190.599999999973,1.98793035247598,1.97676816426729,3.04534246441132,4.9024821908538,4.43177089560349,5.31168859015037,7.76059967584769,7.58683465278196,9.56380495738947,10.742027420017,11.4038532895839,11.7303770655575,12.4481836466736,13.6986895926538,15.1838371404238,16.2496305970388,17.5883586780598,19.1677840898611,19.1059146416879,20.5521291781555
191.199999999973,1.95103008154292,1.97714988037434,3.08547034486461,4.90435062466872,4.42892877693026,5.31122691831232,7.76408966775816,7.60681922393631,9.54834195590099,10.7325783180832,11.40156640646,11.7407565983777,12.4473506394,13.7079838074469,15.1693960600952,16.2734181532272,17.5740793686813,19.137685373416,19.1165443581623,20.5348347997983
191.799999999972,1.91734431293864,1.98067869031365,3.12667209262742,4.90800107358289,4.42689446314255,5.31130393851434,7.76278820900574,7.61430076449278,9.53098202642784,10.7234901006821,11.4026905635596,11.7571750885655,12.4488992913641,13.7176896632922,15.1553425095452,16.297236817188,17.5575266831473,19.1058669655311,19.1289246603884,20.5207749567705
192.399999999972,1.88349776955828,1.98405009694311,3.16782013043499,4.91156239421243,4.42481974663109,5.31135401579232,7.76142825331364,7.62170867487197,9.51451344281489,10.7135704613321,11.4036871106509,11.773514675272,12.450328823573,13.7273749307256,15.1412695765194,16.3210539252795,17.5425141516486,19.073402370967,19.1412174062829,20.5065533370073
192.999999999972,1.84992955960088,1.98769400031043,3.20906115096069,4.91527801380072,4.4228149753478,5.3114507366823,7.76016956757053,7.62924405387275,9.49621355992664,10.7033645238224,11.4049045762921,11.7899908597498,12.4519645759989,13.7370958408343,15.1272301984514,16.3448737268931,17.527719620285,19.0411897672561,19.1536617297698,20.4926117852601
193.599999999972,1.81851732800508,1.99344867091594,3.2510224181825,4.92018883737396,4.42135200172872,5.31190876027575,7.75969532164213,7.63776680832791,9.47126141827279,10.6800855409632,11.4078332831072,11.8075251343266,12.4551977159064,13.7470928400886,15.1134507380102,16.3687143926023,17.5146137239726,19.0109290916349,19.1672801774641,20.4808396480803
194.199999999972,1.78672534139898,1.99883155001901,3.2928568208233,4.92488913717308,4.41979359562237,5.3123031438465,7.75908290412757,7.64611564602092,9.44779147327976,10.6586618595133,11.4104605711227,11.8248730364316,12.4581494912555,13.7570412088751,15.0996254955598,16.3925513833001,17.5012103907134,18.9803246025111,19.1806918143859,20.4686853892308
194.799999999972,1.75487293899962,2.00415528025522,3.33467104038794,4.92955594442971,4.41822000701872,5.31268740283073,7.75844850468849,7.65443681503584,9.42462911811094,10.6374298961006,11.41303990597,11.8421912882609,12.4610565038957,13.7669818409676,15.0857929695811,16.416387789335,17.4877597377649,18.9496654155824,19.1940705494722,20.4564703380727
195.399999999972,1.72286367016178,2.00932543356087,3.37643285565388,4.93413579005644,4.4166069978571,5.31304537385711,7.75775703033522,7.66268614377918,9.40187066945207,10.617264544698,11.4154947329313,11.8594325547047,12.46384729251,13.7769023851401,15.0719415323029,16.4402226773228,17.4741862217251,18.918864208672,19.2073638566683,20.4440974428737
195.999999999972,1.69102904575206,2.01466656898016,3.41825301430332,4.93881245284986,4.41503787686473,5.31343261210859,7.75712909931119,7.67101545459687,9.37764440492145,10.5973788669531,11.4180881785083,11.8767595314429,12.4667674770533,13.786845293837,15.0581111495798,16.464059255401,17.4607494930984,18.8882211171541,19.2207522734695,20.4319002804989
196.599999999972,1.65979101632645,2.02059178871557,3.46027247716371,4.94381984841646,4.41361868027541,5.31391982881277,7.7567182357991,7.67961798858506,9.35027392119948,10.5755136951559,11.4211551529105,11.8943792992671,12.4701296852163,13.7968646009814,15.0443526903766,16.4879016069206,17.448017244864,18.8581181565245,19.2344655899197,20.4203034311293
197.199999999972,1.62829318348577,2.02626265314451,3.50220514761716,4.94868321745545,4.41213419505151,5.31436350719675,7.75849618242354,7.68737886228251,9.32267800617571,10.5502363487373,11.4262669651203,11.9118715632972,12.4732994022437,13.8068506383563,15.0305629101322,16.511741444239,17.4386457824703,18.8256183291435,19.248037420034,20.4084451592318
197.799999999972,1.59737397084383,2.0325000040376,3.54433111745332,4.95386735463369,4.41079511716458,5.31490415178681,7.75854491235827,7.69391554252409,9.29750039904129,10.5232606171323,11.4240766675768,11.9310421510132,12.4768978251796,13.816910772373,15.0168428864269,16.5355868810511,17.4255285634487,18.7948992159611,19.2656872760772,20.398826947581
198.399999999971,1.58144448869138,2.04431834058259,3.58638354715894,4.95892945660157,4.40861609266542,5.31522336175587,7.76302226165084,7.69503929296428,9.27566307600517,10.4824053654349,11.4136262907912,11.943636489523,12.4803331483269,13.8269427165599,15.0030963240699,16.5594301875537,17.4182785052793,18.7660851950861,19.2957560723774,20.3752383382957
198.999999999971,1.55053580049364,2.03808347361133,3.63163082907793,4.96929321440126,4.40505858461485,5.31600958062546,7.76593941350072,7.69419732702051,9.25798604663387,10.4577045657312,11.392572512138,11.949766842062,12.460037213468,13.8438406723178,14.990502697797,16.583366042488,17.4153035299012,18.7675839453354,19.3314610201076,20.3466704613466
199.599999999971,1.55870621483724,2.04617436755569,3.64739905350489,4.89644237665002,4.40256052262698,5.32052720624655,7.77689004307906,7.70386563372927,9.25198262303999,10.4536033394791,11.3201434382974,11.9706982844086,12.4549508474647,13.83781360849,15.0271473272607,16.5765581302775,17.4327389731303,18.799556834577,19.3354294430692,20.3412903776286
200.199999999971,1.56633173651538,2.03222125615091,3.66088950316334,4.81981171526885,4.39683216334184,5.32233954743331,7.7779463155213,7.71264540806659,9.24279994229969,10.4431951207775,11.2857153902701,11.9911799505793,12.4275111949019,13.8655232007208,15.062969969184,16.5696842355199,17.4602388254592,18.8222485424308,19.3503767483958,20.3271332213456
200.799999999971,1.5777592306368,2.038330174969,3.67683822326603,4.74726039871067,4.39432172476986,5.32609972690094,7.77046357734597,7.72461950787302,9.23684822609345,10.4365908649204,11.2585059675034,11.9735205573472,12.4127041711624,13.8954022793123,15.0996797346768,16.5628815519041,17.4770280891739,18.8462785784741,19.3512309028444,20.33669117398
201.399999999971,1.59503038908689,2.04330139009813,3.6908570517666,4.67150654870686,4.39302658529296,5.32907878835886,7.7733068679004,7.74230227527749,9.23459078247802,10.4268430618814,11.2339231009322,11.9684284928869,12.3936169685583,13.9245415806494,15.135693054288,16.5560229632169,17.5026640893665,18.8666136161372,19.3253583136902,20.3359014115734
201.999999999971,1.61205432660279,2.04803056854523,3.7047932912836,4.59561564749158,4.39166931916066,5.33201642009112,7.78637874986327,7.75027164887315,9.23402396178946,10.4186241568729,11.2102569495317,11.9586458832914,12.3743465973134,13.9536492234979,15.1716765697602,16.5491619820933,17.5262567147684,18.8904080866619,19.2993510904915,20.3348628875339
202.599999999971,1.62917526110783,2.05285470994303,3.71876193454,4.51977851823896,4.39033642838531,5.33497030675201,7.79948592360024,7.75828544427143,9.23261987713691,10.4120737917151,11.1866677864928,11.948910876935,12.3551480921775,13.9827692875358,15.2076717788689,16.5423019396407,17.5482600704068,18.9145182418628,19.2733966908809,20.3339219649754
203.199999999971,1.64584347048979,2.05723561991759,3.73257933612349,4.44369041296503,4.38888976772313,5.33784832492841,7.81242837601253,7.76609190471587,9.2335350928222,10.4069393428038,11.1627192868831,11.9389536865442,12.3356141581445,14.0118313767376,15.2436124089327,16.5354375160216,17.5699088364422,18.9382185196268,19.2471957417058,20.3325254958796
203.799999999971,1.66133214562394,2.06046173061823,3.74600269124527,4.36694841243016,4.38714668993929,5.34052867464943,7.82494166195302,7.77335817274252,9.23960675971103,10.4067710896544,11.1378345684289,11.9284176158032,12.3152062945418,14.0407424177618,15.2794108382455,16.5285616776704,17.5906337514266,18.9608508989035,19.2203524300012,20.3299421415973
204.399999999971,1.67671268260223,2.06358197083303,3.75938992070324,4.29014646363369,4.38537643702174,5.3431909023852,7.83741560247314,7.7805749166354,9.24521975775539,10.4084003192576,11.1128640186564,11.9178284740695,12.2947183102202,14.0696396108867,15.3151962307795,16.5216847928315,17.6112739689561,18.9833853746447,19.1934502273409,20.3272499752346
204.99999999997,1.69206695091224,2.06667649323665,3.77276837459932,4.21332995234551,4.38359958278416,5.34584872797064,7.84987998529561,7.78777963024135,9.25101723543605,10.4100397890811,11.0878726189405,11.9072264404541,12.2742108631606,14.0985334401123,15.3509784564496,16.5148076537822,17.6318936119775,19.0058960678877,19.166533719027,20.3245313764955
205.59999999997,1.70821795205783,2.07055104089326,3.78641299266602,4.13695512371844,4.38202294761975,5.34864007146728,7.86263425458868,7.79534922433942,9.25691713749424,10.4031580537295,11.0635136012825,11.8970154196337,12.2542937240005,14.1275292969332,15.3868567335976,16.5079382249728,17.6531372830581,19.0291280880371,19.1400511034301,20.322614475886
206.19999999997,1.7244750812307,2.07452949105975,3.80009306487381,4.06063912900332,4.38047298244346,5.35144920008822,7.87542713792886,7.80296742199076,9.26327906005617,10.3944951320804,11.0392388194651,11.8868564832946,12.2344552162334,14.1565387442414,15.4227478051899,16.5010698231983,17.6744640771932,19.0524561918398,19.1136262840932,20.3208043647009
206.79999999997,1.74066588661621,2.07844300825662,3.81375098032457,3.98428636654678,4.37890635009011,5.35424721405046,7.88819588975623,7.81055524527428,9.26964196580057,10.3869743667051,11.014911395192,11.876664997212,12.2145675684613,14.1855396982927,15.4586308810056,16.4942007795872,17.6952980700538,19.0757242489993,19.0871653454864,20.318927516394
207.39999999997,1.75740837841775,2.08289664293955,3.82759319740169,3.90823944102005,4.37747835661037,5.35713768060737,7.90495051598185,7.81617613539137,9.27694769935927,10.3796849884288,10.9832069018234,11.8667442624249,12.1950886710693,14.2146112999136,15.4945804663125,16.487337074823,17.7142513799836,19.0995264332258,19.0610048497725,20.317605792651
207.99999999997,1.77481385945046,2.0879993638904,3.84165689898524,3.83256005506849,4.37621697241728,5.36013925208344,7.91066502574778,7.82227857532069,9.28701450309925,10.3705911600745,10.9639324845492,11.8538683411259,12.1761009895063,14.2437678022615,15.5306099794102,16.4804797860186,17.7373931312884,19.1243101275688,19.0337881223666,20.3154114984399
208.59999999997,1.78017939595565,2.09628566310377,3.85606652913771,3.75745471576832,4.37615076898228,5.36344938887707,7.90556835238398,7.82434741987834,9.29488621720655,10.3700621282647,10.9223007941306,11.8476531824937,12.1578805200229,14.2730569079569,15.5667643288081,16.4736325180679,17.754894507364,19.1466648611636,19.0152738162832,20.3490687731391
209.19999999997,1.77945515444032,2.08383933124305,3.86680099170746,3.67625066756189,4.37404690740741,5.36453827498451,7.89392204483575,7.82774439413235,9.29455454297712,10.3570895949524,10.9248432564982,11.8468473351929,12.1559481406665,14.2862993021942,15.6015924092463,16.4666787879171,17.7657912658317,19.1557333202378,19.0083943924077,20.4215105191474
209.79999999997,1.77708506420214,2.08108138773264,3.79755080833608,3.73849597983761,4.37438813873506,5.36259527245241,7.88598475142321,7.83046118894012,9.29666855775313,10.3505020060152,10.95505007811,11.8352548038002,12.1780064018043,14.2785748883254,15.5354322414391,16.4353234685917,17.7707743418385,19.160362728641,19.0300046314318,20.5044895766414
210.39999999997,1.75940969019122,2.08549823372911,3.73130518350308,3.8057271676023,4.37823015154403,5.3614100400902,7.89332533196529,7.83040791085076,9.30220048584055,10.3515381366636,10.9682535535927,11.8213244435366,12.2258133478083,14.2285620379376,15.4703563378522,16.4040551852725,17.7520449402192,19.1662281717442,19.0663740838446,20.5933721634107
210.99999999997,1.72442113847086,2.04719614413985,3.66553924741649,3.87375436860014,4.38089841435136,5.35971773545162,7.90454491176018,7.82827640484876,9.31070210676445,10.3469924241666,10.9851156436443,11.8405649089773,12.2640567656199,14.1760218777007,15.4054535410095,16.3728007975698,17.7449250646517,19.1609880180637,19.1184137724287,20.6707857816978
211.599999999969,1.68939160365295,2.00859740122762,3.6004944035779,3.94297817672301,4.38351094523347,5.35837513065054,7.90017890048163,7.82662013017391,9.31802075504356,10.3413074126751,11.0090660229112,11.8674914986812,12.3038994462063,14.123758130731,15.3408109669305,16.3415672984567,17.7324072332997,19.153351806927,19.1762882636596,20.752653572996
212.199999999969,1.65406198373615,1.96970486603681,3.53534931044887,4.01203562746851,4.3860480646882,5.35698223705278,7.89319361719053,7.83758626937716,9.32659536583701,10.3336454833111,11.0261039255286,11.8901179767313,12.3435197905258,14.0714559556213,15.2761322155837,16.3103308953236,17.7232405404745,19.1429436155649,19.2339993315535,20.8342194090445
212.799999999969,1.61842033639232,1.93050684667133,3.47009997846133,4.08092010039993,4.38850677160682,5.35553705334166,7.88609480458872,7.84840950908445,9.33741037383777,10.3247755467639,11.0428941660216,11.9125913209942,12.3829089503795,14.019113823067,15.2114158472414,16.2790914726008,17.7138614619407,19.1336150521446,19.291540472438,20.9154712730895
213.399999999969,1.58303795241272,1.89156265388641,3.4049372584662,4.1499483004724,4.39103063144518,5.35413531744804,7.87909032340926,7.85935148388049,9.34662398854018,10.3154884344108,11.059890188795,11.9351919040103,12.4224902012393,13.9668048911246,15.1467307348335,16.2478545588529,17.7046854472279,19.124521214384,19.3492228055521,20.9969840162459
213.999999999969,1.5474569369227,1.85242399491753,3.33970818173406,4.21886638572321,4.39350457515715,5.35270029453124,7.87201357134433,7.87020249121536,9.3545361266896,10.3101643996297,11.0767285539475,11.9576950045849,12.4619242838835,13.9144705229325,15.0820216760671,16.216615722884,17.6953538576093,19.1152475443804,19.4067969659365,21.0782968900067
214.599999999969,1.51207640308433,1.81348161347616,3.27454607981476,4.28789561145355,4.39602889993626,5.3512988686876,7.86500976332766,7.88114531332231,9.36255463669239,10.3025800306857,11.0937260452133,11.9802964955953,12.5015069055327,13.8621618279145,15.0173367867061,16.1853788270406,17.6861792919896,19.1061553816564,19.464480306619,21.1598114948345
215.199999999969,1.47679235223827,1.77463369176723,3.20941620992416,4.35697832420349,4.39857747090485,5.34991361163608,7.85804106006992,7.89213232183674,9.36968811753392,10.2952569904599,11.1108001168716,12.0029453375907,12.5411610124653,13.8098654882649,14.9526635290159,16.154142864894,17.6770802951074,19.0971505703949,19.5222161909721,21.2414231839433
215.799999999969,1.44041130485239,1.73471177766679,3.14391986690586,4.42545289790193,4.40085036648935,5.34834451794567,7.85067322119108,7.90261693780575,9.37601540747196,10.3006250590859,11.1270034814393,12.0250558062897,12.580002342901,13.7574286700082,14.8878580210478,16.1228962867593,17.6671220934942,19.0871525866607,19.5793546620044,21.3219310399542
216.399999999969,1.40382357878527,1.69458751896171,3.07835447883591,4.49381289569005,4.40307132369231,5.34674078867282,7.84323018351188,7.91300690094317,9.38149283409647,10.3093899898041,11.1430428011931,12.0470648432349,12.6186905428861,13.7049653850013,14.8230275965809,16.0916477085286,17.6570020141591,19.0769674851285,19.6363805778983,21.402230929248
216.999999999969,1.3670101660903,1.65424230630428,3.01271369573836,4.56204778018307,4.40523556581408,5.34509923843189,7.83570503110477,7.92329350616165,9.38768660096767,10.3189660559535,11.158902989163,12.0689631198912,12.6572115292291,13.6524731991347,14.75816996408,16.0603969462559,17.6472270132463,19.0665780568386,19.6932835871166,21.4823037254193
217.599999999969,1.32900960435474,1.61273483926325,2.94667632230879,4.62962454802275,4.4071014772157,5.34325874363502,7.83017195738279,7.93625881166166,9.39078166652815,10.3295911548052,11.1805220330807,12.0902787790832,12.6948529441208,13.5998289899594,14.6931692128136,16.0291346955602,17.6362617688244,19.0562288876273,19.7495400868658,21.5611819741554
218.199999999968,1.28995425841043,1.57019470696417,2.88028657760547,4.69661657794853,4.40870232119794,5.34124148621706,7.83309544439912,7.94385785347182,9.39344399252286,10.3429831245951,11.1995893475513,12.1138872952637,12.7317128580843,13.5470497077815,14.6280413002486,15.9978622373788,17.6263516557246,19.043632499304,19.8044499064272,21.6391955768017
218.799999999968,1.2756110363872,1.52467027733469,2.81234257017358,4.76102940686318,4.40902622419747,5.33859147754394,7.84609527956795,7.96287794929874,9.39481258269173,10.3574652646506,11.2525304373925,12.1272198516243,12.7651256756027,13.49367463659,14.5623524961417,15.9665447553376,17.6183317311657,19.0292481213684,19.8441643681409,21.6739608474023
219.399999999968,1.2718425591491,1.51562866611188,2.74610846497202,4.82827971073,4.41172128922058,5.33699696445273,7.86584340669277,7.98631592759536,9.40256182273189,10.3747736712402,11.2637914977452,12.1133830969623,12.8103434280777,13.4516010148144,14.4972807496794,15.9352768057189,17.6135820150982,19.0097004041045,19.8911860301969,21.6642458941279
219.999999999968,1.24572498114877,1.48784583988177,2.75290938681486,4.75282412610428,4.41556388533982,5.33733019308756,7.87749896891544,8.00546816673943,9.40170457806378,10.3770218727541,11.2770141845724,12.1129408545251,12.8559108322363,13.4755465150587,14.5515645609743,15.9427460511301,17.6085864000428,18.9725273923491,19.8950732088936,21.6076318175023
220.599999999968,1.24757891944723,1.46983948405446,2.75772445613097,4.67407314439257,4.41803117910626,5.33848450041521,7.87581598040574,8.03121085107345,9.40081687019481,10.374372752024,11.2569035369306,12.1301975568961,12.9314085830207,13.5293019593482,14.6051317316025,15.9501577703967,17.6183125487564,18.9362074798653,19.831775775157,21.5583236728155
221.199999999968,1.28111580255516,1.50098976890508,2.76167177449372,4.59388218468026,4.41952090856096,5.34021090028264,7.86777654317811,8.05628216600655,9.39688280911883,10.3882714170308,11.2281369690934,12.1400348972139,13.0012950433742,13.5819500550926,14.6583857542917,15.9575443526665,17.6158184285273,18.9084341618325,19.7733433917789,21.4606227110065
221.799999999968,1.31836926074613,1.53268657593106,2.76520214432791,4.51299932517091,4.42025070937587,5.34169480392758,7.87403051600055,8.08220398370755,9.3891147042967,10.4054244229921,11.1742311575655,12.1419142876807,13.0702567811795,13.6344383237061,14.7114893114909,15.9649188567775,17.6159485672255,18.8801194031149,19.7236932759683,21.3655630858476
222.399999999968,1.35516963619095,1.56393980140997,2.76858115301814,4.43186529138557,4.42086665043312,5.34310277915686,7.87452367968475,8.10613010368301,9.3807872190256,10.423676007114,11.1203018641157,12.1535584450486,13.1388828251205,13.6868685716871,14.7645382465314,15.9722889762611,17.6160599816873,18.8528339141858,19.6737964158355,21.2700475542995
222.999999999968,1.39235828927975,1.59557316230434,2.77208987344168,4.35094650604409,4.42158016571669,5.34457582264702,7.87515811586401,8.13023404353913,9.37065246496495,10.4413795964676,11.0666807540424,12.1653931575442,13.2077965481306,13.7393485415228,14.8176339910415,15.9796628532323,17.6174309059514,18.8237941619864,19.624111007816,21.1749227201684
223.599999999968,1.42943268816271,1.62709466491719,2.7755604250154,4.26996438190268,4.42226496890233,5.34602971921335,7.87575098133474,8.15428565828826,9.36184365930561,10.4583732510847,11.0129689582254,12.1771717974715,13.2766256189747,13.7918138802534,14.8707159614422,15.9870356245288,17.6187123424635,18.7946509690484,19.5743633781012,21.0796829197914
224.199999999968,1.46674917152466,1.65885317546865,2.77911184963928,4.18911646148944,4.42301060795144,5.34752418472893,7.8764319277933,8.17844814069576,9.35394199755831,10.4715153877044,10.9594493094796,12.1890692452657,13.3456340528046,13.8443102197111,14.9238271167477,15.9944107385547,17.6201833877139,18.7657269487621,19.5247475851674,20.9846867125806
224.799999999967,1.50406162931181,1.69060774486208,2.78266192944125,4.10826630942902,4.42375523537304,5.3490179756315,7.87711140957059,8.20260877950696,9.3453003398139,10.4857661933247,10.9059264655584,12.2009647174275,13.414639504043,13.8968060436639,14.9769377867432,16.0017858136237,17.6216512799981,18.7367992838973,19.4751295999458,20.8896864547073
225.399999999967,1.54134434051547,1.72233319146144,2.7862020718158,4.02739966683429,4.42449238747405,5.35050678154849,7.87778006823164,8.22675579524713,9.33717142067854,10.4995907589932,10.852380011206,12.2128455908502,13.4836229157188,13.9492980583443,15.0300448705889,16.0091606008255,17.6230958737537,18.7078446877827,19.4254954150331,20.7946562648678
225.999999999967,1.57967514235293,1.75508475010896,2.79009234934461,3.94711405145413,4.42549292489811,5.35217122836533,7.87883006839276,8.25138280604852,9.32950227923335,10.5017374072915,10.7996654463932,12.2252408360042,13.5533828689814,14.0019242888651,15.083278308778,16.0165455307373,17.6253613674833,18.679838986882,19.3764320097749,20.7006806974352
226.599999999967,1.6179253815992,1.78775743557245,2.79395571336577,3.86678377480476,4.42647321693172,5.35382217435928,7.87985075633755,8.27597292152367,9.32439064879821,10.5010452988621,10.7468869375142,12.2375965434329,13.6230831325565,14.0545402027438,15.1365020346073,16.023929681019,17.6275637618712,18.6517603481506,19.327324730937,20.6066240653399
227.199999999967,1.65613191547887,1.82038733217608,2.79780447675527,3.78642926932765,4.42744252580059,5.35546579612986,7.88085554234647,8.30054302121063,9.32074496960296,10.4988897871725,10.6940737388515,12.2499308015668,13.6927510143569,14.1071505198236,15.189720491462,16.0313134083498,17.6295445860227,18.6236421405005,19.2781936505945,20.512523455503
227.799999999967,1.69733320157576,1.85594918068572,2.80265369563568,3.70773495666497,4.42916441632105,5.35761128382431,7.87555947006993,8.31979881694557,9.3188621476085,10.4957750985811,10.6381350903995,12.2637347950776,13.7646377401808,14.160144337311,15.2432999857479,16.0387261168604,17.6300898273118,18.5954602309762,19.2306934822944,20.4214362613858
228.399999999967,1.73766391072195,1.89065870834714,2.807212081276,3.62855802457565,4.43066753073188,5.3596108786789,7.87775635912033,8.33258512438649,9.31376550344448,10.4913565353946,10.5891598783624,12.2818953247872,13.8358794462087,14.2130266709122,15.2967745261535,16.0461304005181,17.6230966096373,18.5643247630204,19.1866860375727,20.3306174949976
228.999999999967,1.76383366744331,1.92561261051811,2.81191110202685,3.54961446758606,4.43237413906687,5.36165857085896,7.88027811141866,8.34063602831814,9.30836245454163,10.4828416514756,10.5445728004955,12.3051189878614,13.9074330575411,14.2659629135806,15.3502998179812,16.0535387580915,17.6171982238503,18.5332188971969,19.1495337609807,20.2391089151007
229.599999999967,1.78009926368099,1.91956692849548,2.81804997682354,3.47306025761138,4.43553296050673,5.36558828072407,7.88703670946479,8.34373174219363,9.30329189378271,10.4775843559724,10.5142730671507,12.3368051727418,13.9475795727679,14.319458024824,15.4043447143398,16.0609888253356,17.6078169846022,18.5275291051499,19.0920211419462,20.198640271181
230.199999999967,1.80723940701959,1.91161659114059,2.80857799380089,3.55071001855405,4.43400217243385,5.3651056366212,7.89336139319003,8.34567509964388,9.30575420851464,10.4841357633662,10.4812805885145,12.3464672533175,13.8940962609073,14.3254061845103,15.3974463221649,16.0240918150778,17.5869735905872,18.535158164162,19.0744056041852,20.1962926429862
230.799999999967,1.81683117062018,1.88426486391122,2.80249646010111,3.63398601641053,4.43340210865268,5.36494446259797,7.91136285394518,8.33840819890456,9.30892058279469,10.4910615015002,10.4920050522557,12.3310501562426,13.780830383013,14.3430962908031,15.391771451798,15.9872930193033,17.5570797789645,18.5454885926896,19.1136509328568,20.1694882378352
231.399999999966,1.80794789973437,1.83821322940534,2.79634294886136,3.71714257207718,4.43366933099996,5.36406195442104,7.93290018561405,8.33972029483879,9.31052553478317,10.480820226223,10.5055366964286,12.3214677066321,13.6680572358394,14.361460088207,15.3860706066761,15.9504921384845,17.5300740641534,18.5558504647642,19.1332105702064,20.1949645161816
231.999999999966,1.78123505901409,1.78951500461852,2.791901021483,3.80313939325672,4.43462119406165,5.36398580021176,7.94408572412836,8.33104122157415,9.31926140506041,10.4707576775136,10.5383000251093,12.3060303559929,13.5590800972401,14.3804799798746,15.3809874260542,15.9137408388016,17.5047764892513,18.5704980084874,19.14879003418,20.2341438606005
232.599999999966,1.75623679364027,1.74249540032943,2.78803188149966,3.89008671900746,4.43600393014833,5.36419697760073,7.9561915323593,8.32043643023302,9.32672704865625,10.4604186184141,10.574199453202,12.283535347469,13.4513733058973,14.3997194357322,15.3761109489704,15.8770061316155,17.4776869636242,18.5865526390405,19.1653032387033,20.2750484657196
233.199999999966,1.73058430903385,1.69483529586309,2.78394418679925,3.97667136698381,4.43722226085023,5.36429851976256,7.9680593068406,8.3095320254895,9.33681979931539,10.4523286353869,10.6095796150038,12.2607192675902,13.3431817965115,14.4188751139267,15.3711556013778,15.8402650933396,17.4498921134782,18.6031659437376,19.1814601619894,20.3152947744666
233.799999999966,1.70528319058087,1.64751918936004,2.77997387282755,4.06345080087927,4.4385288899157,5.36445894449176,7.98005492379249,8.29878853623642,9.34447128379435,10.4440637691086,10.6452386628276,12.2380756277761,13.2352506180755,14.4380757871836,15.3662426133276,15.8035274553469,17.4223724651678,18.6200973599136,19.197808435761,20.3558946391052
234.399999999966,1.68003302112502,1.60025296344758,2.77602057936379,4.15025847923465,4.43984832247128,5.36462790734488,7.99206907823185,8.28806838014384,9.35095984224569,10.4369392499891,10.6809381498428,12.2154569922155,13.1273571882978,14.4572829848405,15.3613357675201,15.7667903104041,17.3948927218323,18.6370749030732,19.2141844558459,20.3965457702586
234.999999999966,1.65506574836547,1.55326370185394,2.77216179306879,4.23722298627847,4.44123884700626,5.36484427853149,8.00418616293989,8.27747778251949,9.35767889744328,10.4265093518086,10.7168621773651,12.192977193945,13.0196733597152,14.4765264095341,15.3564630268035,15.7300559031435,17.3676345527415,18.6543085684731,19.2307145386363,20.43748156114
235.599999999966,1.63018920868684,1.5063632706577,2.76833331793225,4.32423779277882,4.44265217277718,5.36507585492982,8.01633626033601,8.26692873801024,9.36366051839291,10.4161885240189,10.7528582214654,12.1705419247738,12.912056756245,14.4957814532768,15.3516012245673,15.6933223739361,17.3404474488635,18.6716243796183,19.2472940337531,20.4785086505571
236.199999999966,1.60423085061553,1.45840370692951,2.76414344022461,4.41065287449669,4.44379363743452,5.36512613827024,8.02809274458899,8.255884252106,9.36917982469699,10.4179037458985,10.7879956056603,12.1475757312898,12.8036386219298,14.5148979620877,15.3466090018806,15.6565783756243,17.3124130282917,18.6879607599184,19.2632843814159,20.5184471796147
236.799999999966,1.5783892143186,1.41055841730618,2.75999255570627,4.4971326629539,4.4449644342901,5.36519598205403,8.03989169736052,8.24489322138345,9.37186426479533,10.4224773726211,10.8232256341552,12.1246668213833,12.6953069680286,14.5340294179942,15.3416308507852,15.6198355068667,17.2844700281549,18.704402814985,19.2793382945871,20.5585031578648
237.399999999966,1.55305379088159,1.36320872519871,2.75601078148438,4.5838930792867,4.44626244250828,5.36535065789276,8.05187483264943,8.2341340214443,9.37058445271471,10.4276689883924,10.8588574534584,12.1020063457027,12.5873503726622,14.5532256982415,15.3367137270395,15.5830975368937,17.2567007473648,18.7213031729355,19.2956678862083,20.5990685037284
237.999999999965,1.52507722503379,1.31327327575186,2.75114668203641,4.66918933253213,4.44689673126874,5.36506272637036,8.06771016027705,8.22654279361606,9.36711742471917,10.4323164486318,10.9007329510456,12.0780496758279,12.4774369265689,14.5720837604602,15.3314781958924,15.5463340077366,17.2332581232083,18.7388881335625,19.3105591381436,20.6369762473994
238.599999999965,1.49881322653479,1.26501448091221,2.74685469917218,4.75543497717974,4.44796138844379,5.36506178994218,8.07242262577684,8.22857311980359,9.3670542983992,10.4352170505332,10.9362571840428,12.043171056239,12.3687923399842,14.5911611297295,15.3264491262056,15.5095870516442,17.2224636033265,18.76083600855,19.322458992855,20.6763445174796
239.199999999965,1.47602611960663,1.22015969830948,2.74698973226982,4.84902697571929,4.45233238356921,5.36711757070693,8.06830734426707,8.2068666090155,9.3681641649151,10.4413872108837,10.9377214013712,12.006109810233,12.269966139123,14.6119354884617,15.3230176473014,15.4729683372846,17.2166185313539,18.789689206359,19.3415422362792,20.733072198819
239.799999999965,1.46404229939824,1.19917295111303,2.74927099969095,4.94618051481145,4.4561235391262,5.36878199878059,8.05967152300015,8.18666272762369,9.37062262585661,10.4471984184501,10.974164938626,11.9647158576405,12.1765349510037,14.6052337453616,15.320360686538,15.4364117950092,17.2268972683801,18.7809190049128,19.3866778575074,20.7294919083766
240.399999999965,1.45255347508224,1.19025184170911,2.7876159710447,4.92362269703867,4.46156145949495,5.37041630753643,8.06075409870772,8.16953877128065,9.37120740530274,10.4501009077487,11.0037140325029,11.9528073067536,12.1683986296494,14.5629378057562,15.3334338310593,15.5014106573201,17.2479588413281,18.7650441859175,19.4049536466929,20.7139326057805
240.999999999965,1.44359628931613,1.19816388821685,2.82343379063054,4.89687123021837,4.46620566040799,5.37062793114674,8.05045592017197,8.16452646343436,9.36927221849239,10.4550501837676,11.009939622416,11.9726294474032,12.1996798295815,14.4955106545245,15.3455949945975,15.5663363131419,17.2714275054587,18.7355496277785,19.4047948393871,20.7022647693357
241.599999999965,1.43492120871365,1.19167787850033,2.86095488714058,4.87294624407237,4.4724910312791,5.37127265526514,8.03975256886067,8.14609235040808,9.37072557056374,10.4693290408333,11.0439339562199,11.9746136719203,12.2395104743569,14.4258242656546,15.3583708248857,15.6313113094644,17.3030578482558,18.6936020949651,19.4234028234994,20.6617894737623
242.199999999965,1.43740996133634,1.18820867155334,2.8979883760459,4.84821210384708,4.47912775601678,5.37180826194113,8.03611647237158,8.13341446844374,9.366443316983,10.4813031495612,11.0741855040782,11.9764383442619,12.2782596864958,14.3559509642064,15.3709706907272,15.696272180777,17.3307815120021,18.6544487621358,19.4521220650599,20.590483311723
242.799999999965,1.43477328709743,1.17972151855699,2.9333096159651,4.82063659437637,4.48447646026619,5.37148494043177,8.04151803298623,8.12547655703755,9.36452339411291,10.4902564376099,11.1092729857882,11.9865562821827,12.3132114149244,14.2854213135351,15.382952652043,15.7611834516864,17.3555765924942,18.6119459626144,19.4780500505216,20.5140197808058
243.399999999965,1.43276518449431,1.17184975597424,2.96884084252054,4.79340954449009,4.48998312465571,5.3712669560795,8.04714829562668,8.11782651317979,9.35986712973113,10.4970250866029,11.1448593768027,11.9969827043803,12.3486288588167,14.2149721561604,15.3950103918782,15.8261008054855,17.380764193418,18.5695931503228,19.5043203497964,20.4381887388262
243.999999999965,1.43025569617943,1.1634871217979,3.00420457138267,4.76590454274149,4.49536379074563,5.37096494861439,8.05259613207871,8.10994684923224,9.35827691184565,10.5046449836214,11.1800478084085,12.0071630613729,12.3836748206599,14.1444587925974,15.4070076863088,15.8910133072139,17.4055590921225,18.5267864054353,19.5303175994376,20.3618531864645
244.599999999964,1.42775089747211,1.15512907888752,3.03956986689985,4.73840214075817,4.50074563533461,5.37066372704209,8.05804567481637,8.10206933298872,9.35709767604751,10.5116233534151,11.2152399622453,12.0173457198855,12.4187242570837,14.0739460295737,15.419005546103,15.9559258543252,17.430357663886,18.4839839063124,19.5563174029922,20.2855223529364
245.199999999964,1.42474692456039,1.14628232951534,3.07476840352096,4.71062301289998,4.5060020373761,5.37027885296531,8.0633135960093,8.09396320946154,9.3566900029692,10.5227361609596,11.2500359119891,12.0272833985353,12.4534038499879,14.0033693435618,15.4309432271047,16.0208335707672,17.4547652655577,18.4407294767951,19.582045361278,20.2086892343157
245.799999999964,1.42165706081183,1.13735149044741,3.10993824662986,4.68279626996722,4.51123685503827,5.36987958514873,8.06855026633567,8.08581775042637,9.35675165028206,10.5340753680356,11.2847636885364,12.0371789245152,12.4880198054503,13.9327816585861,15.4428705533908,16.085740456016,17.4791055946257,18.3973972854876,19.607726544275,20.1317696895806
246.399999999964,1.41942207114738,1.12925759865208,3.14539367712945,4.65544344130474,4.51668650267749,5.36962357865759,8.07409797747767,8.07806379888601,9.35854883403448,10.5339289369466,11.32016999496,12.0474939972867,12.5232691462865,13.8623034466272,15.4549009404716,16.1506556141561,17.5041154899419,18.3548390596185,19.6338732831301,20.0557103465638
246.999999999964,1.41737360033407,1.12134631438531,3.18091141789554,4.62819401260123,4.52218302253013,5.36939882932857,8.07971355238661,8.07039526756075,9.36112046506664,10.5307061993914,11.3557243449556,12.0579006079666,12.558656680939,13.7918491198014,15.4669538136488,16.2155725772991,17.5292714731204,18.312449699723,19.6601215982821,19.9798386847966
247.599999999964,1.41481101679754,1.11293169840048,3.21625740926149,4.60065957659596,4.52755034578343,5.36908792407142,8.08514207046022,8.06249128754421,9.36761816608929,10.5272456335229,11.3908706338706,12.0680549074025,12.5936633039633,13.7213289569984,15.4789447070949,16.280484565208,17.5540085068686,18.2695948847544,19.6860899327978,19.9034497063201
248.199999999964,1.41379020845398,1.10602652639889,3.2521184607545,4.5739798504001,4.53330511735864,5.36903539225403,8.08877540482313,8.05129717108318,9.3765686793943,10.5245317863362,11.4208149155231,12.0789658642779,12.629812244757,13.6510062300339,15.4911214718635,16.345411473371,17.5759781938104,18.2274949057834,19.7128979026311,19.828612111486
248.799999999964,1.41224833111073,1.09861121227669,3.28780543896731,4.54701126057,4.53892894422125,5.36889553876327,8.09357091573596,8.04504079120865,9.38121773793979,10.5242214831183,11.4454684498601,12.1012884836205,12.6655751199425,13.5806167762888,15.5032354182754,16.4103333389818,17.5858415122367,18.183217703303,19.7402712758632,19.7540876753886
249.399999999964,1.41115143250795,1.08651986405444,3.31868316920727,4.51206202692323,4.54010617749001,5.36651464296183,8.11443123543843,8.06537398133803,9.38698323420789,10.5184356436817,11.4824623111476,12.1149676134414,12.6906718823234,13.5083838136872,15.5136138366706,16.4751158903686,17.5857241340536,18.1311560947328,19.7610706938016,19.6961819532015
249.999999999964,1.40867413792955,1.09954010734173,3.34339739783685,4.46688485092583,4.53703978804118,5.36225733101566,8.13004301473685,8.07944223787023,9.38702031452638,10.5081747432941,11.4793175847217,12.1422723691246,12.7519606620234,13.4705209437402,15.5217680133993,16.539719897532,17.5605448460766,18.097790729999,19.7543832140655,19.6741106438647
250.599999999964,1.41270690907161,1.11943169922994,3.31511009751067,4.44137142007964,4.53864450372493,5.36467374336537,8.14380438590602,8.10424869630513,9.39585763319896,10.5135302459074,11.5028299156922,12.1391606439142,12.7538681742693,13.4924853047686,15.4611003889086,16.4793029414036,17.5320097717992,18.0892300942418,19.7861823703484,19.6785554610525
251.199999999963,1.41857849195681,1.13624991691804,3.28875362233244,4.41906207184603,4.54107503744853,5.36963450418666,8.16574936785584,8.12084118875334,9.4082183377409,10.5210005716434,11.5620110309954,12.0977298432841,12.7380272295928,13.5336638707627,15.4011295471881,16.4189419173821,17.5025735526978,18.096722030456,19.7851144948765,19.7084027438443
251.799999999963,1.43299626380469,1.17075202088586,3.26105018121241,4.39451751855016,4.54127996197204,5.37437961004883,8.19634366124495,8.14840757049516,9.42109562468464,10.5254135556858,11.5946521841763,12.0486082981861,12.7323237860801,13.5817841409778,15.3406726217509,16.3585418744711,17.4614030283371,18.1125110561297,19.7624864441698,19.7515530161031
252.399999999963,1.46350154205036,1.20360534537785,3.23196447571167,4.36767918465796,4.54069959711955,5.37836971129099,8.21763336235751,8.17220435115941,9.43604592013762,10.5282952709165,11.6294938384576,12.008791043435,12.723554709876,13.6293745535851,15.2797168743413,16.298101790146,17.4243499276591,18.1236931912645,19.7296127307604,19.8153730521323
252.999999999963,1.50072568954965,1.24303664363266,3.20512333976078,4.3445655724271,4.54180768505117,5.38348577263942,8.23201643786264,8.18392554205905,9.44562723610796,10.537371182537,11.6561900655053,11.959526145499,12.7197637159317,13.6778253676247,15.2195711316063,16.2377267264784,17.3926293789162,18.1392937458184,19.7003980462051,19.8859538298722
253.599999999963,1.53768480838742,1.2822084709086,3.17819366580728,4.32130503696268,4.54284917124303,5.38855742001153,8.24630308427595,8.19552535753037,9.45587999215068,10.547935862897,11.6826759342455,11.9101311793725,12.7157763594108,13.7262422427632,15.1593934378916,16.1773490980432,17.3606840844389,18.1550391548046,19.671039029697,19.9562679272737
254.199999999963,1.57489541633449,1.32162651353721,3.15134800670443,4.2981839188463,4.54395385668327,5.39367121237763,8.26068123349552,8.20724034770752,9.46423036090854,10.5585988173548,11.7093614146914,11.860859636626,12.7119753338671,13.774691322962,15.0992460628729,16.116973903349,17.3289357647238,18.1710122509818,19.6418169716372,20.0268350810819
254.799999999963,1.61200170042076,1.36094241998884,3.12446749617756,4.27500496698893,4.54503232552269,5.39876752196485,8.27502142510311,8.21890756058722,9.47217866284448,10.5709376010608,11.7359640912979,11.8115368948293,12.7080970136566,13.8231270437105,15.0390861109143,16.0565976990792,17.2971057350383,18.1868908969187,19.6125380998485,20.0972972608758
255.399999999963,1.6495259160583,1.40066749391724,3.09772660385112,4.25205770273306,4.54621582061947,5.40393386926768,8.28951367860265,8.23076617397572,9.47872419233222,10.5809053973959,11.7628984881532,11.7624192614161,12.7045283434128,13.8716162837184,14.9789765434025,15.9962255392674,17.2656030434556,18.203147919721,19.5834868293938,20.1681799767993
255.999999999963,1.68693039843208,1.44027534540272,3.07094571228852,4.22904406226651,4.54736922673031,5.40908015145638,8.30396236787125,8.24256995300789,9.48629580732281,10.5906529565952,11.7897378504318,11.7132428664757,12.7008709615103,13.9200901909867,14.918852541244,15.9358522207584,17.2340065727378,18.2192965412866,19.5543703534037,20.238942213273
256.599999999963,1.72386696079682,1.47942508921755,3.04400850290447,4.20577102223018,4.54840504447733,5.41414801877446,8.31824080724694,8.25415943826985,9.49209063350762,10.6078787390233,11.8162058156687,11.6638368303027,12.6968668926567,13.9685041776002,14.8586721281955,15.875474374037,17.2020436112692,18.2350215286332,19.5249990528664,20.309233613628
257.199999999963,1.76064508751653,1.51841971980173,3.01701836499763,4.18241015064708,4.54940104732458,5.41918933516425,8.33246160076206,8.26567636460928,9.49820919529913,10.626303154831,11.8425480275104,11.6143530386241,12.6927454371352,14.016897875345,14.7984726146692,15.8150949940829,17.1699565576537,18.2506030753073,19.4955414698648,20.379365590956
257.799999999962,1.79756052305299,1.5575487798204,2.99007409778382,4.1591253985872,4.5504315558967,5.42425366201072,8.3467323532678,8.27725617439769,9.5025166942281,10.6450360790718,11.8689992239804,11.5649366340317,12.6887257151881,14.0653091565101,14.7382896546401,15.7547169429104,17.1388243609724,18.2663089353517,19.4661586638686,20.4496357328188
258.399999999962,1.83296080326851,1.59519445750595,2.9626236633313,4.13500069390551,4.55108130572448,5.42906407642311,8.36199862861081,8.29746323934037,9.50675136278441,10.6622519197607,11.8951470103442,11.5147766362418,12.6835833984201,14.1135264107104,14.6779240324923,15.6943242290928,17.1079733413076,18.2799069063016,19.4359507194704,20.5183812768081
258.999999999962,1.87144707422145,1.63586141233504,2.93620416438001,4.11258676169379,4.55250656545675,5.43439164667351,8.37241593386194,8.30088230892337,9.51682946909911,10.6802859206096,11.9334792300468,11.4544224135814,12.6807275252735,14.1621388490929,14.6179304471902,15.6339613793995,17.0814685721222,18.2996831746529,19.4055736158065,20.5875080823119
259.599999999962,1.88970877059953,1.68178937713244,2.9148735863504,4.09861757292565,4.55744856375776,5.44218059561355,8.36601194117633,8.28942838724428,9.52578675083127,10.7014047690971,11.983897804389,11.3960757523698,12.689158033056,14.2127020021905,14.5597733163367,15.5737459454922,17.0649210423561,18.3271751002678,19.3681848213963,20.6453973573211
260.199999999962,1.90908826924849,1.71426115289179,2.89771855219566,4.09157743597486,4.56699805324265,5.45170539835652,8.36315482762778,8.29669755600333,9.53830409091326,10.7250948703797,12.0186041451293,11.3484980486137,12.6582980032283,14.2545799213399,14.503123026765,15.513651468678,17.0635365433199,18.3401871825042,19.3301147346258,20.6967088050221
260.799999999962,1.91656328471147,1.73716412090871,2.93225934221416,4.10398530726667,4.57245580001058,5.45968624951142,8.34964543121154,8.28632307363651,9.53115350005779,10.7118613850548,11.9919269747876,11.3132807681246,12.6676501617798,14.2982109491248,14.545534399688,15.5690426742565,17.0532487875249,18.3162493825637,19.2615461353741,20.7161635036092
261.399999999962,1.90232465448586,1.74674278207101,2.96677610926166,4.11635331394842,4.57917258378182,5.46554252609154,8.33320370980085,8.27892946742613,9.52329391617366,10.701712068719,11.9226011472207,11.2963458441111,12.6925846899589,14.3105705135545,14.5879371033731,15.6244331839452,17.0420855514952,18.2897108876635,19.2569005260173,20.7220004190628
261.999999999962,1.87020962679952,1.73549140471444,3.00397041029033,4.13316451946946,4.58796929188143,5.47225742378863,8.30716882714313,8.2628394927995,9.51486544884402,10.6874889016747,11.8489780810964,11.3209434198422,12.6961130312825,14.3191449425802,14.6313060569306,15.6799012563986,17.0409253463666,18.268746535331,19.2793089308388,20.6944450452929
262.599999999962,1.81471573972427,1.72953531962953,3.04280425066077,4.15269643716505,4.59826954713859,5.47980301940849,8.28480595573319,8.25858074968456,9.50588557755957,10.6762664133545,11.7598255785596,11.342016318299,12.7032775984063,14.3283478493456,14.675266676062,15.7354168230033,17.0383885009181,18.2512182844885,19.3012826888125,20.6596505823341
263.199999999962,1.75430709993643,1.71876754478447,3.07999622186166,4.16950377648378,4.60733472435123,5.48652499199348,8.2607935493019,8.26285865345465,9.50239344447414,10.6596080997893,11.6821364326665,11.3694538291624,12.7068007725574,14.3369213852879,14.7186347888474,15.7908848279663,17.0377347014699,18.2293355587927,19.3205799217182,20.6199107375857
263.799999999962,1.69401844323216,1.70811723696341,3.1172282757559,4.18637763050514,4.61643005332959,5.49326707155786,8.23682479799699,8.26719150599199,9.49936962645673,10.6422433300646,11.6045425196376,11.3969502241576,12.7104128434613,14.3455102859609,14.7620173663969,15.8463539940441,17.0364568927602,18.2070037067569,19.3399424962086,20.5802916236638
264.399999999961,1.63365617441649,1.69739486068572,3.15443573808607,4.20321067637627,4.62550688357404,5.49999681507317,8.2128292633662,8.27149064632087,9.49790071840403,10.6234115382147,11.5268901792711,11.4244104925165,12.7139703743627,14.3540897600528,14.8053910695134,15.9018224477539,17.0351214285593,18.1846052095494,19.359264982281,20.5405984388746
264.999999999961,1.57369856050062,1.6870686536463,3.19177838329183,4.22026804970699,4.63468540365148,5.50679437137913,8.18898095999723,8.27597510683787,9.49650881016307,10.6002158913788,11.4495590212215,11.4520693534728,12.7178277184176,14.3627210532295,14.8488135564875,15.9572948174392,17.0341029037394,18.1625730691105,19.3788078393561,20.5013124308226
265.599999999961,1.51341839122686,1.67642665527332,3.22901327257806,4.23714660888261,4.64378286552231,5.51353787328226,8.16501529679307,8.28031184637178,9.4962269644144,10.5788106400265,11.3719718448283,11.4795699138466,12.7214460777498,14.3713110407815,14.8921971572536,16.0127640656527,17.0328317426718,18.1402489012214,19.3981750360161,20.4617018572254
266.199999999961,1.45329356238304,1.66593673982294,3.26630005637003,4.25411128371885,4.65291936446494,5.52030740741202,8.14110615327402,8.2847197273097,9.49464255450881,10.557649812459,11.2945079650991,11.5071467106863,12.7251795304719,14.3799209208367,14.9355994853486,16.0682348171454,17.0316822494742,18.1180653717329,19.4176268295174,20.4222475921504
266.799999999961,1.39353985835928,1.65581016666086,3.30371082165932,4.27128169803362,4.66214912712682,5.52713913530179,8.11733204129808,8.2892975726333,9.49293199538448,10.5327702737271,11.2173386542227,11.534905644557,12.7291879535518,14.3885783261993,14.9790465550254,16.1237091601323,17.030823433767,18.0962178423519,19.437280733876,20.383166764771
267.399999999961,1.33388232214709,1.64577774465988,3.34115371368504,4.2885054246421,4.67140305677322,5.53398697916513,8.09359291940443,8.29391946002076,9.49098390050562,10.5072223152728,11.1402456735738,11.5627117747313,12.7332676283944,14.3972480465691,15.0225052183759,16.179184433766,17.030039939937,18.0744573790825,19.456987010261,20.3441827045275
267.999999999961,1.27435012379877,1.63586803217281,3.37863847727309,4.3057986344685,4.68068848384237,5.5408558273715,8.06989940094189,8.29859874850858,9.48819777074904,10.4823528739958,11.0632521759796,11.5905794170038,12.737440167404,14.4059338173892,15.0659789920451,16.2346609203345,17.0285764347326,18.0528103912086,19.4767615443905,20.3053247632622
268.599999999961,1.21615717527731,1.62726948528398,3.41657064343263,4.32383428065625,4.69031046458056,5.54794910945517,8.04827250412505,8.29225889988522,9.48367963984703,10.4594988461189,10.9911584675276,11.6191043232856,12.7426049709679,14.4147910891608,15.1096142212478,16.2901503672541,17.0259392222077,18.0313128439483,19.4972654205529,20.2678144181211
269.199999999961,1.16206681376693,1.6226874936672,3.45587335894129,4.34414426708395,4.7009634260092,5.55572991039558,8.04469322207933,8.25906768849411,9.46974457444757,10.4372342859738,10.905795895184,11.6492508214683,12.7508094252308,14.4241737278666,15.1537440447836,16.3456795162269,17.0282339497802,18.0088637715256,19.5215056017727,20.2377647144536
269.799999999961,1.13051547432878,1.61537760866802,3.49133386500517,4.3580783491663,4.71061214559978,5.56156833336511,8.04678655071372,8.24660792275119,9.45722309107,10.4188181354175,10.8110549957878,11.6935275745203,12.7504924974422,14.4320835485393,15.1964873184523,16.4010973641334,17.0239978231421,17.9837685836391,19.5431909735894,20.1745252917831
270.399999999961,1.10243445318973,1.59626390437424,3.52829576348229,4.37450389730464,4.72123332555453,5.568259536271,8.05523601166008,8.21772441599524,9.44601993292042,10.4029321319613,10.7554825079596,11.7120741269141,12.7838779789052,14.4075997903643,15.2397724041906,16.4565587043531,17.0155784102292,17.9834863762325,19.5603683505759,20.1073308906905
270.99999999996,1.06191912152288,1.57667166878187,3.57968196514385,4.38551723720344,4.73297677820755,5.57288267246238,8.06848900374749,8.20637254594049,9.45063335007027,10.4170907590291,10.769066576672,11.719225776962,12.8226373754687,14.2900638745446,15.2397704813501,16.4588301728256,17.0246061033631,18.0101452020037,19.572350843589,20.0312424157228
271.59999999996,1.03778054945842,1.55706989406796,3.63054513734973,4.39566264269248,4.74347862423119,5.58197275769147,8.084698475314,8.1921011860651,9.45389401055745,10.4194370222963,10.785273791059,11.7452545000172,12.8376804865791,14.2075784468192,15.2395798112679,16.461086490185,17.0323111009475,18.0318897959967,19.5454428038972,19.9623375836799
272.19999999996,1.03378689111577,1.56835969083007,3.67601652310615,4.39686071848846,4.74932985602328,5.58898378720322,8.10079261376258,8.18442002530975,9.45227987279468,10.4222119132848,10.7984126063472,11.7658004527205,12.8618173177342,14.1240910466552,15.2374433907283,16.4631866183544,17.0288233527835,18.0571908924316,19.4941882742006,19.9300869679237
272.79999999996,1.04936803999853,1.5738146771891,3.7202110529829,4.39593993245022,4.75448291913033,5.59521656087122,8.11340287146762,8.16569224617121,9.4508285181279,10.4225035293939,10.8248151136862,11.783025639448,12.8831222947371,14.0401141946818,15.2348461873044,16.4652497585816,17.0218595625256,18.0757609321282,19.4579264017505,19.9037342665096
273.39999999996,1.06985617334297,1.58407374795866,3.76604485689329,4.39773941832441,4.76086910811945,5.60227165575677,8.12470983978605,8.139335185642,9.44736615804637,10.4254237567548,10.8389854931687,11.7959321729431,12.9080629091326,13.956765718749,15.2328405537118,16.4673603852747,17.0125276001349,18.0982444685209,19.4243368238579,19.8823191302221
273.99999999996,1.0904319576694,1.59441863165866,3.81190794232678,4.39958749504016,4.76727732381261,5.60934143935038,8.13604869938913,8.11301826671545,9.44230198511879,10.4270844658594,10.8532254429074,11.8088817229346,12.9330684650803,13.8734284671797,15.230845487032,16.4694718601945,17.0050111638066,18.121781656102,19.3907949798117,19.8609921911636
274.59999999996,1.11125245885513,1.60500310047622,3.85785278020849,4.40157123478973,4.77374703688679,5.61645223303223,8.14747659775582,8.08681342100097,9.43403338910572,10.4307909047274,10.8676596290879,11.821951372687,12.9582553343726,13.7901225534334,15.2288799226081,16.4715857033181,16.9976863979857,18.1455403995763,19.3573864061144,19.8399114940566
275.19999999996,1.13177205204281,1.61529297137234,3.90369709389418,4.40338816097347,4.78014113173892,5.62351260001447,8.1587950125496,8.06047076816533,9.42606933065448,10.437221016797,10.8818549788473,11.8348733457376,12.9832192577032,13.7067781061687,15.2268780817103,16.4736966344582,16.9901259508603,18.169026714169,19.3238139609372,19.8185280136723
275.79999999996,1.15258843086236,1.62587340427024,3.94964055461894,4.40536961541788,4.7866098088619,5.63062270286284,8.17022141101806,8.03426403452691,9.41678603236382,10.4424330034316,10.8962858930271,11.8479409723553,13.0084030726902,13.6234716645226,15.2249120203076,16.4758104376883,16.982797956263,18.1927817254341,19.2904031422405,19.7974431685083
276.39999999996,1.17333685045149,1.63638730305088,3.99556131223494,4.40731339548464,4.79306140782075,5.63772141698202,8.18162308292756,8.00802617753528,9.40828345774627,10.4472341864557,10.9106628666686,11.8609752466025,13.0335365359548,13.5401565201892,15.2229377659646,16.477923583255,16.9754167337017,18.2164752093976,19.2569553136281,19.7762899405873
276.99999999996,1.19377720034268,1.6465995923919,4.04137915314916,4.40908639177306,4.79943558882138,5.64476850423115,8.19291266552248,7.98164723357202,9.4012783200121,10.4531153014212,10.9247953195112,11.8738583293985,13.0584417470775,13.456801925228,15.2209263717568,16.4800337475323,16.9677942205507,18.2398897805911,19.2233397133458,19.7548267230567
277.599999999959,1.21407634364802,1.65667363626601,4.08714982124442,4.41078110774237,4.8057742845872,5.65179192782848,8.20415087094683,7.95520362109477,9.39365242451741,10.4613750219718,10.9388156939916,11.8866721121993,13.083242336727,13.3734292477079,15.2188979541497,16.4821425453081,16.9600611096338,18.2631765095454,19.1896472133722,19.7332214189311
278.199999999959,1.23426213016436,1.66663670045653,4.13288262028951,4.41241298241034,4.81208449377607,5.65879635489272,8.2153478321824,7.92870809450138,9.38791501800873,10.468174979704,10.952746095025,11.8994302628572,13.1079589391162,13.2900420540037,15.2168558706226,16.4842502460937,16.9521698596751,18.2863606102431,19.1558929804274,19.7115020515692
278.799999999959,1.25428304042633,1.67643834586737,4.17856033920039,4.41395345506808,4.81835326953912,5.66577315169984,8.22314996131969,7.90957886445701,9.3835269707135,10.4730165911439,10.9594479193534,11.91210749715,13.1325533829209,13.2066337466626,15.2147939101592,16.4863563513189,16.9459824242707,18.3111166116687,19.1220489575269,19.6896167804327
279.399999999959,1.25925357528959,1.67150522404699,4.21921018614876,4.4071504911812,4.82083988385672,5.67022777972429,8.21107975734338,7.96808246650122,9.38872920923822,10.4737382392654,10.9732099696873,11.9316440967804,13.1459968422428,13.1212981262478,15.2109175261716,16.4883168092235,16.9330030027567,18.327661995534,19.0831793692731,19.6486484950203
279.999999999959,1.25141583435099,1.66172145467357,4.25931017670443,4.39943507527579,4.82194364421475,5.67449129444435,8.19263766656355,8.01079277938794,9.39128097917792,10.4691496080815,10.9925175366684,11.9461029782232,13.1582208114605,13.035751731688,15.2068427138269,16.4902613388962,16.9172055350428,18.3404091739357,19.0705344793715,19.6518936245277
280.599999999959,1.22568528844565,1.63326066602323,4.29674982880837,4.38730499542811,4.81986282183335,5.67758897702465,8.16399879537468,8.05665248643893,9.39378679225391,10.4604896995791,10.9961734004839,11.9754684778407,13.1361787061892,13,15.201807857013,16.4921288039241,16.9060870739297,18.3287178109492,19.0892722282774,19.6656378367286
281.199999999959,1.22991457891796,1.60771317237598,4.22897088973496,4.37990468067885,4.816535138374,5.67888180625994,8.14599517605089,8.08865659561792,9.39248124553582,10.4457880850172,10.9765795965574,12.0309907564349,13.1013654693489,13.0819131743809,15.1567208267094,16.5092689329491,16.8991983960716,18.3103135073303,19.1321445892525,19.7079265872712
281.799999999959,1.2504912315991,1.60483194602493,4.16209101999782,4.37399631482447,4.8110134803408,5.67430507421912,8.12846766157301,8.12912204831411,9.39398844781365,10.4446426404158,10.9680125982722,12.0566070288979,13.0805383189724,13.1351178156286,15.1119582463053,16.5264351062027,16.9052194894765,18.3007306228986,19.16816612809,19.7322757666037
282.399999999959,1.26001585342883,1.57632211079316,4.098017656653,4.37274516939473,4.8086132443182,5.67113500766767,8.11595557066139,8.16219521289594,9.39717070297437,10.4511116684076,10.9681803457056,12.0428648568444,13.0677885187968,13.1873833870407,15.0682084584418,16.5436825782918,16.9194412101457,18.2747162239854,19.2335061105962,19.7701979900502
282.999999999959,1.25510002754366,1.54808332587988,4.03449417858424,4.37240652391367,4.80362988840302,5.6684004929367,8.10933604995004,8.19815400219968,9.39827726829899,10.4563637684953,10.9663203924332,12.0389192289782,13.0562582727838,13.2398597436694,15.0246571093587,16.5609459794495,16.9383861340596,18.2533103931105,19.2864530510521,19.8056445542062
283.599999999959,1.24945899086001,1.51913453792605,3.97072842967915,4.37166584525342,4.79846428691269,5.66554444608541,8.1025746724146,8.23931641859914,9.39674297565067,10.4615649757922,10.9674715189488,12.0345961488948,13.0441907103164,13.2922432316345,14.9810183312584,16.5782023625092,16.9549444926465,18.2330365400227,19.3390050489753,19.8403613880008
284.199999999958,1.24419076088778,1.49055073888245,3.90708722414006,4.37113183845735,4.79339237180115,5.66275087484849,8.09594893836838,8.28064956964206,9.39433738003581,10.4687395528233,10.9689185492667,12.0304560312648,13.0323993643381,13.3446744602857,14.9374244975032,16.5954623533393,16.9685375701331,18.2116154987948,19.3917600736971,19.8754533518639
284.799999999958,1.23859629386182,1.46164754401503,3.84333703273901,4.37041697649426,4.78823847327231,5.65990263222358,8.08920450492398,8.32183331359218,9.39550207312448,10.4741979464663,10.9701066390086,12.0261558061852,13.0203663058293,13.3970639118435,14.8937913336869,16.6127191870685,16.9818751277433,18.189899096871,19.4443374329892,19.9102170455414
285.399999999958,1.23251115376648,1.43226396555104,3.77942292241216,4.36943010140792,4.78296126853242,5.65697216172959,8.08228154302195,8.36279234353152,9.39798249377882,10.4829172706607,10.9709052721706,12.0216147733472,13.007969702383,13.449390529047,14.8500990159468,16.6299712723967,16.9948283736377,18.167738461107,19.4966475766455,19.9444870082412
285.999999999958,1.2262057710724,1.40266476300187,3.71543523574201,4.36832113101841,4.77762871679663,5.65400478258764,8.0752784471694,8.40365050875911,9.40172360765083,10.4921346259671,10.9715290945785,12.0169656519879,12.9954099188342,13.5016889425393,14.8063801464868,16.6472212263665,17.007609118092,18.14537842737,19.5488377783899,19.9785353557752
286.599999999958,1.21997699147747,1.37314055717573,3.65147313983384,4.36725462688505,4.77231541543038,5.65105024072983,8.0683032228957,8.44454375598062,9.40464880560249,10.5017226516872,10.9722137183281,12.0123541251528,12.9829068913428,13.5539971656311,14.7626705120433,16.6644719216491,17.0204498606801,18.1230877467136,19.6010696974143,20.0126607838041
287.199999999958,1.21378453677514,1.34365191450487,3.58752317896577,4.36620826008571,4.76701124251473,5.64810178626237,8.06134121521662,8.48545363894764,9.40575480712122,10.5135504318469,10.9729271738384,12.0077604254953,12.9704307773537,13.6063100403969,14.7189652568088,16.6817229684594,17.0333190541507,18.100829953019,19.6533213986112,20.0468227631048
287.799999999958,1.20781687278222,1.31438334865541,3.52364831382623,4.36528650991353,4.76176355953584,5.64519100262338,8.05446099629089,8.52646646952898,9.4078037049405,10.5216569298936,10.9738190500249,12.0032770464367,12.9581212132112,13.6586517012935,14.6752871015994,16.6989761906416,17.046364311295,18.078775674957,19.7056955185755,20.0812109340262
288.399999999958,1.20193855267302,1.28520225313778,3.45980329575669,4.36441428907233,4.75653832868743,5.64229519139196,8.04761328460215,8.56752021701345,9.40828714764165,10.5303298620256,10.9747818401572,11.9988375147007,12.9458778449099,13.7110048033421,14.6316197173934,16.7162302774333,17.0602204765581,18.0568022849222,19.7581182943234,20.1156890056285
288.999999999958,1.19491453096968,1.2548994815251,3.39557553368443,4.36290692868832,4.75102518286797,5.63920738144166,8.03814020827737,8.60836908099114,9.4104644504086,10.5420375839412,10.9803345692851,11.9938357066754,12.9327856140148,13.7632111897374,14.5878142111891,16.7334732769024,17.0772425872737,18.0337331132364,19.8099171324659,20.1490142355453
289.599999999958,1.20273318430365,1.23912813228365,3.33630625721082,4.36962786255251,4.74924200336407,5.63860693347662,8.03988572909837,8.57082369464998,9.40562737355646,10.5568536896718,10.978930656376,11.9904866840016,12.9306904801782,13.8173182916224,14.5457980888398,16.750859913709,17.1005574962031,18.0194406728087,19.8676344930478,20.2012625512874
290.199999999958,1.22732682960979,1.23270033710881,3.27869108650084,4.37909368064997,4.7494855761351,5.6387481487773,8.05357588636098,8.53573475243864,9.40322836310416,10.5730853901422,10.9751469867822,11.9720874770417,12.9322638780466,13.8720594549329,14.5043788886936,16.7682944666267,17.1335887719964,18.0107251409763,19.9032592313689,20.219845629783
290.799999999957,1.26279348000708,1.26185056559018,3.22004786520258,4.38685351360862,4.75010177358144,5.63769530768921,8.07222796578619,8.50716672306583,9.39537761456797,10.5909737499105,10.9812316913771,11.9400974073533,12.9408253470791,13.8998587355937,14.4625886927891,16.7856992389903,17.1642176458227,18.029339884983,19.9236157269026,20.2250658839836
291.399999999957,1.27527258768086,1.28238494205019,3.28200404305084,4.3607224581388,4.7438289702434,5.63791175093231,8.08128491861122,8.4803666612085,9.38353036739604,10.6019558233941,10.9828836587435,11.9044476635996,12.9356838699203,13.889743933196,14.4724196508577,16.7458905725721,17.1684122288658,18.0419270751985,19.9233338104401,20.2136591630033
291.999999999957,1.26584393549631,1.28759968275615,3.34390961015621,4.33450741731524,4.73785385617587,5.64130650837872,8.08961574041428,8.44588566616427,9.37140486175281,10.6059088204553,10.9649914408724,11.8749128716631,12.9456329025425,13.8953986141479,14.4822323448734,16.7060804400584,17.1634448351073,18.0499706383534,19.9301823375357,20.2325394320751
292.599999999957,1.25962845916434,1.31095822614828,3.40522528040099,4.307313479841,4.73111286827737,5.64454169598493,8.09085376199883,8.42558713288645,9.36060515298489,10.6077339541503,10.968164404919,11.8617743176579,12.9624897669543,13.904413084167,14.4918321610059,16.6662532194211,17.1605283455385,18.0676000497042,19.880371772379,20.2331251766592
293.199999999957,1.26506221758782,1.33916135126505,3.46598551482662,4.27919783164178,4.72809455454564,5.64761872579218,8.0987265037966,8.40733049741933,9.35210604973497,10.6119205380363,10.9666272103278,11.8384734454658,12.9781147670219,13.9132146413032,14.5012315353165,16.6264099089273,17.1531886647412,18.0857039702672,19.8181046968382,20.2391197967938
293.799999999957,1.2659780181156,1.36294126060169,3.52523643714312,4.24857757515052,4.72394087736206,5.64993862814802,8.11045742813563,8.39111155308641,9.34649742061981,10.6150861746298,10.9713366820386,11.8225916431211,12.9903923636485,13.9214376401583,14.5100862395527,16.5865228767026,17.1483898643036,18.100182098133,19.7533771867075,20.2405683028069
294.399999999957,1.26622556280372,1.38606692750332,3.58426411553971,4.21758685944837,4.71961926739238,5.65214654299704,8.12194521158998,8.37458656699331,9.3427963008455,10.617055413765,10.9755157463361,11.8063818806733,13.0021748423592,13.9295750638577,14.518860381073,16.5466293775513,17.1471410208197,18.1155492655726,19.6882857511442,20.2413443883638
294.999999999957,1.2669127871421,1.4096230539205,3.64343867751412,4.18683988778348,4.71540814898038,5.65442814014693,8.13359296985185,8.3582629414065,9.33577629035616,10.6191862888805,10.9800437927635,11.7903878999294,13.0142830844365,13.9377687918231,14.5276875289191,16.5067401333214,17.1462365492843,18.1313144996512,19.6234337607117,20.242562893685
295.599999999957,1.268166159318,1.43373345598753,3.70280237223529,4.15640676998815,4.71133930359925,5.65680461336232,8.14544671761374,8.34219859508162,9.32657270923733,10.6185135913961,10.9850212015349,11.7746717677169,13.0268107915161,13.9460350192511,14.5365829296777,16.4668563678861,17.1457755038516,18.1475922991092,19.5588900887173,20.244351075116
296.199999999957,1.26963470426158,1.45805451862362,3.76223794962363,4.12609293694723,4.70732453116476,5.65921714561432,8.15737875469845,8.32623279163317,9.31667502364341,10.6165796719028,10.9901693970386,11.7590612359034,13.0394979224061,13.9543288011605,14.545504270954,16.4269746847468,17.1454829889961,18.1640649065378,19.4944635976556,20.2463557702863
296.799999999957,1.27109442231372,1.48236693946924,3.82167057821643,4.09577421056601,4.70330754053122,5.6616281986401,8.16930758017159,8.31026294572486,9.30691541111448,10.6145395542545,10.9953105864702,11.7434463721138,13.0521785133575,13.9626214527204,14.5544245480896,16.3870929161868,17.1451835606212,18.1805295224868,19.4300322995572,20.2483515835553
297.399999999956,1.27250268296046,1.50662898197739,3.88108601645755,4.06542695787994,4.6992776186445,5.664030628342,8.18121768317596,8.29426953381981,9.29854197974947,10.6110427142124,11.000410933177,11.7278062545592,13.0648209789657,13.970907514775,14.5633386216903,16.347210649657,17.1448438290688,18.1969475511615,19.3655729782716,20.2502956187328
297.999999999956,1.2735448651415,1.53053262272892,3.94037915903462,4.03487676324935,4.69515570118807,5.66637170996095,8.19299459072302,8.27810846861275,9.28998991152946,10.6116507560377,11.0052207164187,11.7119864765743,13.077192213114,13.9791466977455,14.572208562081,16.3073248404682,17.1442173725012,18.2130341484764,19.3009142943227,20.2518712940183
298.599999999956,1.27470408298093,1.55455084488714,3.99971139966005,4.00439144936516,4.69106319480899,5.66873240462452,8.20481408099347,8.26200100233712,9.28148048841259,10.6121223983177,11.0101233930962,11.6962241362119,13.0896501602363,13.9874008680069,14.5810926119038,16.2674401638711,17.1425421345519,18.2292267047347,19.2363193468202,20.2535647343366
299.199999999956,1.27683988686287,1.57952517396207,4.05936988793395,3.97444752288562,4.68721610463917,5.67125675732085,8.22393536894816,8.24248433648639,9.27043571723682,10.6092902929813,11.0143738745575,11.6809410752528,13.1028316704271,13.9957800974112,14.5900943957129,16.227564938011,17.1347881382441,18.2459552832193,19.1722562382887,20.2562408468489
299.799999999956,1.27351595678343,1.59915426034805,4.11720444540346,3.94147689822409,4.68199698256022,5.67286615805123,8.23328565715448,8.27144930511913,9.26434890200889,10.606059468119,11.0283535466205,11.6548896205894,13.111968005194,14.0034601670693,14.5984379720372,16.1876368765504,17.1212920826569,18.2578089921753,19.0986497824085,20.2494791789252
300.399999999956,1.24386572463203,1.60486665779575,4.17285070925492,3.90487493826221,4.67318068999541,5.67329945367089,8.23096223508743,8.32032818007051,9.25480195258589,10.6001972773373,11.0311471941724,11.6617635919296,13.1162510683659,14.0103014073121,14.6059918521545,16.1476454246327,17.0968802929148,18.2589880080773,19.029953827417,20.2835603612861
300.999999999956,1.21397299841935,1.58265121715518,4.22833892835078,3.86801071299218,4.66327090871846,5.67363929541864,8.22910603469719,8.36709400902729,9.24969977113205,10.5976512380705,11.0168978574853,11.6865477353397,13.1100776487424,14.0417749423952,14.6134886981777,16.1076493944768,17.0651102739307,18.2452252751148,18.9632828331741,20.3288836785524
301.599999999956,1.21509568368915,1.57785085766095,4.15987852061455,3.90223373989689,4.67009213601572,5.67929252417887,8.23337030592784,8.42510017197872,9.25625281501499,10.6129336964081,10.989942293765,11.69774583047,13.1342678334652,14.0234975277355,14.5780905969967,16.1309887791619,17.0665699075806,18.2494398541429,18.8960668402529,20.4096890032935
302.199999999956,1.23010340339876,1.57246630305592,4.08903567043405,3.93250325378439,4.67868718850789,5.68238612857655,8.23232258589688,8.47925569231312,9.25884258949534,10.6283172705289,11.0022247021934,11.7263641979464,13.1285677468244,13.9938975671185,14.5418327365284,16.1542591492944,17.0683148278821,18.2566219522353,18.8494964199142,20.4562768270075
302.799999999956,1.24656851812642,1.56003835606415,4.01886565243259,3.96388929025498,4.68813426796118,5.6852222402719,8.23555980800216,8.52378802797989,9.2616140850842,10.6416792887993,10.9796908541117,11.7606595177894,13.0912507434384,13.9609777954462,14.5058176830653,16.1775490100195,17.0627938328943,18.2575564276168,18.8792600420957,20.4877878423413
303.399999999956,1.25923537280195,1.54597067781194,3.95100642414048,3.99910993656681,4.69654920560059,5.68892815234078,8.2213864479856,8.56236901493333,9.26342554007197,10.6598329136976,10.9677612197782,11.7920739760564,13.0590586876191,13.9289438091021,14.4706365313481,16.2009058096667,17.0638705581073,18.2613069913426,18.9234656751025,20.502846616184
303.999999999955,1.27354476194146,1.53351108988025,3.88369591657887,4.03524115033735,4.70537691238084,5.6929093232681,8.20809481312198,8.60299026193197,9.26659268360688,10.677310352115,10.9521984540264,11.8173352819929,13.0280836031939,13.8971201615743,14.4356533981582,16.2242785046479,17.0616405356227,18.2647862448038,18.9685658159172,20.519558160878
304.599999999955,1.28827428843855,1.52146282897562,3.81652576411038,4.07160527453636,4.71431019973788,5.69696090156398,8.19495604271973,8.64380391963465,9.26919135003713,10.694619748549,10.9369691593136,11.8428027788565,12.997419803041,13.8653503157758,14.4007209153398,16.2476552654334,17.0575885892365,18.267257889912,19.013894759326,20.5366924612544
305.199999999955,1.30271800497643,1.50913475158072,3.74926013124074,4.10781095502914,4.72317166301215,5.70096458331656,8.18171328207554,8.68448668467936,9.27311355786877,10.7130257181402,10.9215130117812,11.8681300086871,12.9665442432253,13.8335438698755,14.3657539762172,16.271029260344,17.0533127868395,18.2694707752395,19.0590680534955,20.5535391704843
305.799999999955,1.31707689710756,1.496723628557,3.68196616112069,4.14396961164135,4.73201180990112,5.7049540500436,8.16843965857897,8.72513060261009,9.27810002750378,10.7307895474751,10.9059895374983,11.89341560922,12.9356058360973,13.8017265615759,14.3307768109444,16.2944024343816,17.048970547103,18.2716068642757,19.1041951531433,20.5703005266759
306.399999999955,1.33112628452312,1.48400949116851,3.61456879490317,4.17995668894832,4.74077417821172,5.70889164941777,8.15505342364527,8.76563277637278,9.28404707916302,10.7504220175859,10.8902204034155,11.9185493140378,12.9044381136074,13.7698696188838,14.2957623328059,16.3177726132425,17.0443858928225,18.27346274134,19.1491536996251,20.5867504492972
306.999999999955,1.34513682356729,1.47125732006361,3.54715845062815,4.21592222998705,4.74952678392115,5.71282273851249,8.1416530539643,8.80611715871001,9.29011031470328,10.7702953563487,10.8744204346389,11.9436639532296,12.8732416079426,13.7380077013674,14.2607431712361,16.3411424161553,17.0397708111858,18.2752834467955,19.1940910896731,20.6031612814413
307.599999999955,1.35919762393469,1.458554356296,3.47976489713018,4.25191563426175,4.75829202030815,5.71676225048951,8.12827097156477,8.84662455927306,9.29683415829226,10.7886884923836,10.8586603592338,11.9688032591849,12.8420823414311,13.7061522201892,14.2257300690053,16.3645127054631,17.0351950959146,18.2771496566449,19.239055851534,20.6196226881408
308.199999999955,1.37343096532343,1.44602031534394,3.41242898433158,4.28800468964313,4.76710061627798,5.72073067719896,8.11495166718251,8.88721097861126,9.30459172850413,10.803778597263,10.8430372329305,11.9940272431451,12.8110509124121,13.6743188341785,14.1907377677499,16.3878846645057,17.0307545205973,18.2791720775549,19.2841145775058,20.6362577111491
308.799999999955,1.38735784422613,1.43318623846072,3.34499069175171,4.32392385223194,4.77583219818214,5.7246477463778,8.10152085826009,8.92765704703416,9.31429300546583,10.8185719765846,10.8271708615029,12.019100824426,12.7797924220516,13.6424462033555,14.1557085203898,16.4112536578124,17.0267815035467,18.2809170407938,19.3290064070793,20.652584361776
309.399999999955,1.40018407156485,1.41927459080812,3.27718470501191,4.35923284954325,4.78428718619414,5.72838036640226,8.08839093153668,8.97089367468253,9.32621110967584,10.8343940242286,10.8082000579828,12.0436342386333,12.7477184471477,13.6104326258723,14.1205465821144,16.4346119997601,17.0261111377983,18.2811406334366,19.3732988328424,20.6678035015024
309.999999999955,1.41243284737866,1.40479760085796,3.20918580930771,4.39422172658991,4.79259706055705,5.73201621606911,8.0846320342894,8.99866107868789,9.33832789564012,10.8523196092682,10.7770622889233,12.0699805536925,12.7152166322183,13.5783451014048,14.0853150281912,16.4579647535238,17.0287913671398,18.2819171732774,19.4254481037097,20.6870589486533
310.599999999954,1.44626699918267,1.40428329217397,3.14500749843931,4.4355506233066,4.80356869848138,5.73767315526962,8.08906472830081,8.98384468366516,9.35637550892342,10.8782580052653,10.7665881034873,12.0725267829569,12.6911882395512,13.5477221056998,14.0514622203964,16.4814281819325,17.0408237277861,18.2973479685949,19.464525055345,20.6755803658938
311.199999999954,1.47891155240681,1.42454496201904,3.084496870197,4.4829658081159,4.81651281423563,5.7456199043874,8.08975647952993,8.96130006006243,9.37418023124522,10.8979801999858,10.7602000485242,12.0782893400576,12.6828842803799,13.4794076072114,14.0189329804421,16.5049978557171,17.0608222126803,18.3088549309092,19.5120339573035,20.6544585909957
311.799999999954,1.48066254727669,1.43312081762848,3.11688048948742,4.49712145032458,4.81417353121539,5.74592255601337,8.07800250472583,8.9209739960229,9.37333047622485,10.8863922481646,10.7664679489369,12.0680679310985,12.6478248085592,13.5140244612492,14.0313545510884,16.5060948412943,17.0511702441287,18.288204002608,19.5806955850795,20.5792768779131
312.399999999954,1.46917773695301,1.43776867434012,3.14970388554836,4.51200687434438,4.81000240019518,5.74817449163334,8.0678476383914,8.88051368257245,9.37282922088759,10.872010933721,10.7482541324755,12.0322038828808,12.6254118547079,13.5863634651912,14.043934825323,16.5072045663165,17.0316127932199,18.2556804889604,19.6639197555307,20.5200815643014
312.999999999954,1.44907854056951,1.43470537020541,3.18367548406592,4.52879766795365,4.80720933875681,5.7512426107972,8.06442531959913,8.83553317035165,9.37582588116075,10.8563125247565,10.7454575978473,12.0061708537328,12.6378502189382,13.6595500174357,14.0569294548879,16.5083475524505,17.0188885121537,18.2349861962862,19.681525644343,20.4593819779964
313.599999999954,1.42720205897686,1.42985149822204,3.21475247311547,4.54078503963853,4.80352293488694,5.75301024258546,8.07392728950479,8.80201643044228,9.37834980629646,10.8375453531898,10.7386778520283,11.9880321170513,12.6438688203962,13.7316269911722,14.068879497886,16.5094066875803,16.9984783805276,18.207039635232,19.6947272068096,20.4069149736606
314.199999999954,1.40725218511847,1.42688383277891,3.24647308312134,4.553840459724,4.80032068781046,5.75510073873782,8.07632519195413,8.76108135774059,9.37895833623855,10.8195949872963,10.7318607472438,11.9717954681457,12.6513148661786,13.8039506814307,14.081061806346,16.5104844671124,16.9846471275246,18.1819331260846,19.7089779805385,20.3563865838122
314.799999999954,1.38695539580793,1.42357652674204,3.27807779924224,4.56670356121376,4.79703126083227,5.75713309817928,8.07859687129327,8.71998740783974,9.38203743858763,10.8018663835912,10.7247682890438,11.9553885634475,12.6585038785833,13.8762299465724,14.0932022918255,16.5115588894322,16.9702839784539,18.1566542838817,19.7230398275891,20.3055091165107
315.399999999954,1.36653096907108,1.42014425985092,3.30963987558705,4.57949590468329,4.79370975855098,5.75914406791293,8.08082211051928,8.67883500370576,9.38667451064417,10.783234150955,10.7175745225825,11.9389190180942,12.6655983230505,13.9484928667874,14.1053273897586,16.5126320765635,16.9558208594412,18.1312598843605,19.7370321645766,20.2545032163375
315.999999999954,1.34624020167016,1.41684284944352,3.34124660344453,4.59236234452307,4.79042184487952,5.76117743651675,8.08309598089418,8.63774381166457,9.39127313839767,10.7632525673764,10.7104868440871,11.9225150687702,12.6727917971527,14.0207729030796,14.1174686012196,16.5137065571593,16.9414624269335,18.10598649413,19.7510972910989,20.2036318084745
316.599999999954,1.32621485543959,1.41380129429285,3.37294200042987,4.60537592519048,4.78720063158535,5.76325528487422,8.08546642317231,8.5967741748084,9.39545644887788,10.7410799122404,10.7036098354403,11.9062413802676,12.6801819246454,14.0930869285367,14.1296418109798,16.514783606321,16.9273118812486,18.0809534045664,19.7653069633303,20.1530274759049
317.199999999953,1.30618578200411,1.41075609009721,3.40463615226958,4.61838743961722,4.78397848164406,5.76533250862004,8.08783550932925,8.55580283100067,9.39981899279978,10.7186881480272,10.6967298684398,11.8899658625637,12.6875692906121,14.1654004766974,14.1418145714005,16.5158606194133,16.913158416291,18.0559169405552,19.7795146057633,20.1024193929022
317.799999999953,1.28660042338417,1.4081452959645,3.43647853571291,4.63164493504507,4.78086783729805,5.76748409088693,8.0903660384644,8.51503469568771,9.40269197120687,10.6937794879739,10.690202086357,11.873908106903,12.6952854096425,14.237770845857,14.1540408246131,16.5169419264766,16.8993524837593,18.0312821964442,19.7939638908376,20.0522577899763
318.399999999953,1.26725775436972,1.4057721022073,3.46840199436073,4.64503696966345,4.7778181808839,5.76967634351124,8.09298486875904,8.47437770516346,9.40339432595606,10.6694481223352,10.683866931646,11.8579694560873,12.7031813400034,14.3101722932347,14.1662963356825,16.5180255821252,16.8857366339212,18.0068671728399,19.8085453422388,20.0023403891143
318.999999999953,1.24803843832193,1.40351967469033,3.50036666147718,4.65849738713757,4.77479952308754,5.77188926784596,8.09564858029185,8.4337772067143,9.40234918889045,10.6465212404985,10.6776296845388,11.8420913432413,12.7111686638998,14.3825895368819,14.178566717778,16.5191104315,16.872036997133,17.9825638275923,19.8231939704292,19.9525471099632
319.599999999953,1.23063423752334,1.40304429923927,3.53293770330712,4.67296404522044,4.7722370040075,5.77440637243514,8.09024126590043,8.38891036780802,9.39787635761448,10.625034358496,10.6800005964913,11.8271040350101,12.7205008261435,14.455239219605,14.1910559241699,16.5202128463286,16.8579726687231,17.9599981268601,19.8388310921923,19.9045802579848
320.199999999953,1.21053625829208,1.39993163421059,3.56460883581944,4.68593736052461,4.76899753803008,5.77647204882467,8.08182890576493,8.35400800922876,9.38851916926398,10.5984756410605,10.6949641257201,11.8213115252678,12.7278371390674,14.5275439438634,14.2032203775356,16.5212891925975,16.8441567295657,17.9346909065873,19.8519690438384,19.8507371347795
320.799999999953,1.197308141686,1.39574095169308,3.593575828529,4.6944233263059,4.76590765602726,5.77711822986291,8.0667669592124,8.35426811294212,9.37678376758723,10.5648649470596,10.7091606141039,11.8249477481763,12.7291761192817,14.5988121015518,14.2144089797047,16.5222872053845,16.8317774692183,17.8987665189998,19.8590770749865,19.7849109641639
321.399999999953,1.18915499177319,1.39042404033983,3.61937624591776,4.6976545599759,4.76268971485435,5.77661533562903,8.05813529014165,8.3587909211155,9.36382198695905,10.5357472591088,10.7194151812707,11.8065018534344,12.7417078558794,14.6781870964667,14.2244548501583,16.5231934888645,16.8262820363149,17.863959560099,19.8498774116659,19.7419182982844
321.999999999953,1.17571673931143,1.3825703964279,3.62565366869635,4.69441668371451,4.76232431025232,5.77520623343201,8.05318497785786,8.36728027976053,9.35792820598727,10.520860110614,10.7319263341261,11.8056007694435,12.7644174751822,14.6568794963481,14.2909573833826,16.4915933968211,16.8277291000815,17.8417556905488,19.8309871093099,19.7310998872594
322.599999999953,1.16117612366967,1.37612879361083,3.63490565585039,4.69611490950779,4.76581763240564,5.7737868279101,8.05127049820207,8.38943978067334,9.35791398719658,10.5135045533003,10.7506219890974,11.8356051981413,12.7756379474407,14.5885387266449,14.3585333567505,16.4600794719119,16.8537104699355,17.830985380423,19.7587893639038,19.7175572164437
323.199999999953,1.15494258854033,1.37878317377453,3.64139563088051,4.69322975030971,4.76604131731232,5.77094272931803,8.04989733511211,8.41391784878426,9.35102027758496,10.5059693573209,10.7607961607377,11.8678257388048,12.7485252125581,14.5183247940192,14.4251125943605,16.4284855370765,16.8755862683277,17.8114960686303,19.7064143406514,19.7585148964271
323.799999999952,1.14816399669648,1.37865045901,3.64838061543776,4.69116602821453,4.76606376773355,5.76835104558264,8.05207724624232,8.43130631266928,9.34365535945378,10.4971275448875,10.7618776087151,11.8908932957967,12.7225103265437,14.4483006113194,14.4918704675716,16.3969059416697,16.8989105369414,17.7941507372611,19.6608892292148,19.8180978435197
324.399999999952,1.14074389200591,1.37788968399951,3.65515129009448,4.68874667235037,4.76592500588654,5.76565185597897,8.06182054396423,8.45073397628224,9.33644500502927,10.4896013343625,10.7651239329262,11.9108255701589,12.6960201367837,14.3781942781043,14.5585510021139,16.3653201381368,16.9144153484818,17.7742813523576,19.6150147563121,19.8770352798148
324.999999999952,1.13375340542599,1.37754951795664,3.66206548707512,4.68656548273453,4.76589420713091,5.76302466254538,8.07172015566331,8.47035839250887,9.32428302208983,10.4822972527885,10.7687112532314,11.9309686883203,12.6698482556878,14.3081429606997,14.6252833299959,16.3337384921565,16.9315457232496,17.7560142036975,19.5693742491266,19.9364050116302
325.599999999952,1.12676369370381,1.37721011052265,3.66897994291212,4.68438472267451,4.76586360309714,5.76039759896384,8.08162004928974,8.48998316359781,9.3118466050832,10.4753804967382,10.772299188556,11.9511121867588,12.6436769486922,14.2380917425214,14.6920157512922,16.3021568536748,16.9486767049123,17.7377477565597,19.5237341639208,19.9957755231324
326.199999999952,1.11968943829156,1.37678793228985,3.67586615527761,4.68215709435409,4.76581175322222,5.75775636739977,8.09148918220088,8.50956921613286,9.29929186925598,10.4695227907489,10.7758200199402,11.9712141936671,12.6174430023703,14.1680296978916,14.7587379802806,16.2705743970366,16.9657414691022,17.7194047672792,19.4780480370688,20.0550609640623
326.799999999952,1.11245976234862,1.37621359271343,3.68270044637815,4.67984330596781,4.76572084614616,5.75508909018564,8.10130176628274,8.5290840905801,9.28724829218526,10.4645619460848,10.7792174910829,11.9912399247984,12.591093903311,14.097947750501,14.8254414722834,16.2389904363439,16.9826845026846,17.7009210670782,19.4322772697534,20.1141900158702
327.399999999952,1.10531884730249,1.37572615270723,3.68956438979051,4.67757872372361,4.76565224469591,5.75243668768109,8.11114664548531,8.54863961493943,9.27481805763605,10.459225417564,10.7826854134435,12.0113092171397,12.5648105681518,14.0278771696068,14.8921556650066,16.207407334619,16.9996970567984,17.6825177270937,19.3865548407329,20.1734083817388
327.999999999952,1.09754793509547,1.37462192665575,3.69621787034213,4.67496489163042,4.76542532487088,5.74967870912742,8.12076230399395,8.56790661890166,9.26317156915784,10.4593807105437,10.7856532950335,12.0310693255994,12.538060461342,13.9577259128669,14.9587939073539,16.1758181362091,17.0162161758635,17.6635440153575,19.3404893215727,20.2319928242608
328.599999999952,1.08940823763531,1.37315664882188,3.70274815097446,4.67214661703818,4.76510572926011,5.74685892888254,8.13024378219691,8.58700472993189,9.25307926544259,10.4611722761206,10.7883284647297,12.0506484452181,12.5110371175845,13.8875274304185,15.0253876901698,16.1442253689457,17.0324464498659,17.6442364216549,19.2942229656598,20.2902061832345
329.199999999952,1.08144105933987,1.37186027240527,3.70933606500451,4.66942398143603,4.76482948773958,5.74406805970733,8.13978803046472,8.60618184972753,9.24272640662833,10.4614037087004,10.7911405661796,12.0703122321151,12.4841415951258,13.8173510403388,15.092002271326,16.1126342712057,17.0489327320305,17.6250850192248,19.248050561955,20.3485931365243
329.799999999952,1.0721027858016,1.36922155277663,3.71546593787966,4.66594125541406,4.76420868979252,5.74104741994315,8.15327166572123,8.6332517666049,9.23293280103342,10.4611922596468,10.7882224653451,12.0893031262193,12.4562302135026,13.7469990712641,15.1584515577706,16.0810299049364,17.0631619787977,17.6054538844754,19.2011314735228,20.4056004498111
330.399999999951,1.06365758146953,1.3674571745864,3.7218941579723,4.66295361779052,4.76381232026204,5.73817644231117,8.16997964336079,8.66081497036461,9.22802084939333,10.4619497429352,10.7774931985967,12.1032202241474,12.4289805164285,13.6767614663771,15.2250085096875,16.0494341811848,17.0722604697954,17.5887342392674,19.1529251313087,20.4640549596396
330.999999999951,1.04370682561309,1.35969558785402,3.72900872920615,4.6611049366155,4.76393655601235,5.7356605494234,8.19556963267982,8.66639147856975,9.21944668572221,10.4658826617838,10.7468922886361,12.0977125742788,12.403253032128,13.6067869575946,15.2918131472388,16.0178583396429,17.0775266037838,17.5785479730911,19.1489781071694,20.5408772205086
331.599999999951,1.01652742907954,1.34157459138145,3.73610357884491,4.65922352869674,4.76347305625481,5.73258071609249,8.21154325848403,8.67079633151137,9.21050174549966,10.4604835704767,10.708074907588,12.1212382211525,12.3792307302833,13.5642376911193,15.3586106677977,15.9862819268061,17.0743498228668,17.5871045002123,19.1359206074698,20.5912564958242
332.199999999951,1.01747100782009,1.33505803445498,3.6973785711629,4.64396138159101,4.76651244327764,5.73395016912209,8.23502221365291,8.68704236642387,9.21146027766461,10.4715097003939,10.6631181280343,12.1486763884998,12.3693097989022,13.5848090532901,15.3222644206376,16.0164354425855,17.0902068918122,17.6191205187447,19.107785436558,20.62895583959
332.799999999951,1.03934560299904,1.34650904562659,3.65381580640474,4.62067128161408,4.76571343411536,5.73682578660072,8.25389692115695,8.69453881472732,9.20533399921114,10.474226933667,10.5995890910924,12.153472614097,12.4063147609732,13.6286458154188,15.2841723572865,16.0464488182946,17.0855231708312,17.6492490557036,19.1097294336609,20.6475992672364
333.399999999951,1.06821423446422,1.36251452333958,3.61134307933385,4.59919003045882,4.7663298975049,5.74038963463439,8.25938850394457,8.70199225337706,9.20147594477781,10.47365730252,10.5593816792114,12.1206543844001,12.4819267484942,13.674146588222,15.2464736591676,16.0764937701994,17.0830778099019,17.6859308551693,19.1241289010387,20.623713405065
333.999999999951,1.09211471964711,1.38458154378491,3.57052924105237,4.58046160066661,4.76845285632436,5.7447383976229,8.24799084660053,8.70474976205253,9.20116785761977,10.4700970432928,10.5330155926931,12.0974494653258,12.5612178756796,13.7202832559079,15.2093736093169,16.10658677677,17.0875237467163,17.7268013406163,19.135215359556,20.5770532080513
334.599999999951,1.11422155518426,1.40489252763242,3.52911619906192,4.56073883009555,4.77012507073688,5.74878657760125,8.2391961906359,8.71446706085431,9.19683009008964,10.4634063639288,10.5061435441392,12.076289095126,12.6391800686139,13.7661902333491,15.1720573229922,16.1366624256164,17.0957914189676,17.7674089698173,19.1453250144531,20.528588183242
335.199999999951,1.13596092919594,1.42484375566648,3.48758039936927,4.54081235085683,4.77170494201658,5.75277317772102,8.2302678359962,8.72401607295349,9.19484055519432,10.457514264745,10.4789798343593,12.0549483857316,12.7168700053646,13.812050154595,15.1346967367203,16.1667345184196,17.1040820833774,17.8069783999536,19.1552345534865,20.4797534068617
335.799999999951,1.15794270036793,1.4450322977635,3.44612557718408,4.5210202486866,4.77334572773662,5.75680039918975,8.22142767611158,8.73367609591002,9.19073095150053,10.452129682209,10.4520085198319,12.0337266376588,12.79473953677,13.8579411166093,15.0973653730489,16.196808956978,17.1125626014279,17.8467672858294,19.1652760995838,20.4311625382775
336.399999999951,1.17994824179714,1.4652441116526,3.40467869591774,4.50124132397058,4.77499248692562,5.76083160412061,8.21259616489268,8.74334700495377,9.18593820782131,10.4474797048362,10.4250560722113,12.0125165553218,12.8726266798138,13.9038351225827,15.0600368750413,16.2268836255688,17.1210617371465,17.8865776922519,19.175330590725,20.3825955880885
336.99999999995,1.20198240513215,1.48548394724272,3.36324137635826,4.48147826630428,4.77664643880356,5.76486760556156,8.20377506758278,8.75303102199888,9.18013972421528,10.4439782200893,10.3981263423435,11.9913205197654,12.9505350291345,13.9497327938051,15.022711827596,16.2569585711429,17.1295832905081,17.9264140116904,19.1854006690693,20.3340574381789
337.59999999995,1.22377618427785,1.50548843952866,3.32172375176362,4.46158194749488,4.77823998210106,5.76886332299084,8.19486650792527,8.76260495006887,9.17561558987238,10.4411667743578,10.3710058149569,11.9700065107936,13.0282652752322,13.9955996820351,14.9853578002272,16.2870311904421,17.1379165668559,17.9660326978447,19.1953398365933,20.2852774059891
338.19999999995,1.24588569401497,1.52580204149784,3.28031160314192,4.44186065941294,4.7799128685404,5.77291195111639,8.18607282495254,8.77232347357717,9.16995099496537,10.436680465675,10.3441358889665,11.9488474530119,13.10622944951,14.0415070019275,14.9480418362952,16.3171068651676,17.1464971340638,18.0059372326055,19.205450947833,20.2368150720456
338.79999999995,1.26811315979733,1.54623112595993,3.2389388600418,4.4222047623098,4.78161539735044,5.77698034652662,8.17732205958042,8.78209601752734,9.16439995264298,10.4307908136615,10.3173595869406,11.9277462845513,13.1842810186862,14.0874294269733,14.9107400927542,16.3471836813917,17.1551700884293,18.0459485595874,19.2156262967527,20.1884714292576
339.39999999995,1.29015194310458,1.56647548464093,3.19750308387433,4.40244426580522,4.78327051022805,5.78101712219077,8.16850264321976,8.7917821503855,9.15960444942916,10.4258504613165,10.290433524033,11.90655251634,13.2621927909938,14.1333276898176,14.8734156022776,16.3772586716748,17.1636409394376,18.0857890617458,19.2256988910875,20.1399379281122
339.99999999995,1.31284753152632,1.58736287515482,3.15628672628827,4.3830478806035,4.78509067832292,5.78516396642877,8.16364425926438,8.79521490849415,9.15610241826335,10.4201747797006,10.2596799547783,11.885681088557,13.3405911972522,14.1793100614666,14.8361702940551,16.4073400180722,17.1744570870675,18.1240514557432,19.2361291749048,20.0920653253361
340.59999999995,1.34088803131442,1.61348309360611,3.11685594077528,4.36661453968741,4.78825402339269,5.7902065204572,8.16174690400676,8.77294296734401,9.15002945747352,10.416580922964,10.2366254764742,11.8568277049362,13.4229497056428,14.2259768889701,14.7995693506846,16.4374730888949,17.1896969945412,18.1640183183071,19.247332821195,20.0506909092536
341.19999999995,1.36957856126792,1.64347000464432,3.07713247510676,4.34969551450494,4.79022844146759,5.79531566775543,8.15711223256405,8.75643908397862,9.14798331631033,10.4075367325937,10.2153727329819,11.8378704176553,13.504659098086,14.272531524617,14.7628627869318,16.4675976813633,17.2017451561373,18.1986193833735,19.2389775909232,20.0261659386062
341.79999999995,1.41300601713666,1.68491562481677,3.039226675032,4.33579279078241,4.7930904759389,5.80110932320444,8.16666399442683,8.73676266136776,9.14817693537481,10.4157767817697,10.2441800962427,11.7842337497426,13.5676028257585,14.285583443923,14.726812169718,16.4977749279416,17.2127552947766,18.208114298365,19.2337504882351,20.0133330093463
342.39999999995,1.45680358744221,1.72585695188172,3.01907762228071,4.34753966057703,4.7990037366582,5.80896025143678,8.17365079354458,8.7054237048615,9.14419546282352,10.4159476185606,10.2993061194907,11.7328235409577,13.6052382432562,14.2200629241836,14.7469206886103,16.4447927259755,17.2010976620464,18.203255441312,19.254435369753,20.0071770143262
342.99999999995,1.48742982234433,1.75165173591081,3.00160652799715,4.36373043361933,4.80693046786632,5.81256037409385,8.18582496274823,8.67267328745308,9.14128834417768,10.4189636370697,10.3768626832021,11.6740716915187,13.5888918771394,14.1550460840245,14.7679956105649,16.3918880990636,17.1995783092311,18.1952306193637,19.2893529787348,20.0289484967443
343.599999999949,1.50381689607508,1.76962704278691,2.98431407353997,4.38021764819134,4.81470160568282,5.81686613783446,8.20300561313281,8.64313673067557,9.14218371172703,10.4321775120395,10.4186987666748,11.6525000287059,13.5535781616172,14.0960439820492,14.7891349988197,16.3389886469875,17.1981368799567,18.1930112810604,19.3222195241088,20.0297294196695
344.199999999949,1.52732888710597,1.78528306788413,2.96508308749289,4.39348799180268,4.82048252888474,5.82034691700829,8.23700506314011,8.62458908468863,9.14017904314091,10.4460688463238,10.4638812335772,11.624902475694,13.5139651051715,14.0362987908898,14.809574823254,16.286033039557,17.1901443602575,18.1868638321269,19.3481436172878,20.0301356432583
344.799999999949,1.55148521396231,1.80156991700687,2.94606735441724,4.40711553414971,4.82642537376952,5.82393567513007,8.26407709242239,8.60092821703273,9.14645213346177,10.4619046867847,10.5044744175735,11.5990496833317,13.4748294440458,13.9766361117493,14.830092326686,16.2330836675715,17.1836302379954,18.1818744543935,19.3744186092986,20.0311902182172
345.399999999949,1.57589205063676,1.81810202272696,2.92713530904089,4.42088195095772,4.83243117180667,5.82756641413448,8.29124026820109,8.57738207559525,9.15390467339812,10.4764284544455,10.5452664359931,11.5733198337425,13.4358793883299,13.9170055122635,14.850640030754,16.1801367198499,17.1742114480672,18.177245472154,19.4008300264456,20.0324968641887
345.999999999949,1.60039120655839,1.83472451174861,2.90823410471284,4.43469954654104,4.83846016968357,5.83121262416317,8.31843703378496,8.55387821369095,9.16145916675617,10.4898350345885,10.5861317299612,11.5476352916958,13.396997732934,13.8573867349475,14.8711988645253,16.1271906655314,17.1648649656904,18.1727000717051,19.4272917197293,20.0338964047473
346.599999999949,1.62478542730074,1.85124426609421,2.88929784473788,4.44845896948837,4.84446279733522,5.83484124896715,8.34559561933231,8.5303262945231,9.1697140372683,10.5033352080175,10.6269137348748,11.5218992505821,13.3580383299387,13.7977545198973,14.8917450476581,16.0742435957214,17.155436294538,18.168059667555,19.4536962663661,20.0351903561633
347.199999999949,1.64923327159554,1.86781651949996,2.87037949875833,4.46224811958171,4.8504789005931,5.8384788601018,8.37277371548806,8.50679893338441,9.17843539438715,10.5155995778019,10.6677383018253,11.4961895263141,13.3191186572084,13.7381291717439,14.9122976954693,16.0212970448438,17.1460496231625,18.1634678118135,19.4801300158521,20.0365382653175
347.799999999949,1.67389249041063,1.8845957148771,2.85153176656722,4.47615444880518,4.85654812229755,5.84215189375598,8.40002871899711,8.48336837563518,9.18573520894957,10.5276909089801,10.7087306407669,11.4705835383781,13.2803555941262,13.6785308916778,14.9328758258941,15.9683525395054,17.1368285074485,18.1590673252762,19.5066788777833,20.0380988662925
348.399999999949,1.69825917823329,1.90108851367162,2.83258630868249,4.48989860840111,4.86254383092262,5.84577590454412,8.42717728685653,8.45980384719,9.19450693937383,10.5407356380571,10.7494907922766,11.4448339849258,13.2413757916956,13.6188951508315,14.9534186897491,15.9154052032505,17.1273782715837,18.1544019940303,19.5330684302681,20.0393651132018
348.999999999949,1.72294691156319,1.91789562561078,2.81374810232217,4.50382074514024,4.86862021832862,5.8494537167116,8.454442665201,8.43638634826014,9.20157765776682,10.5528574193278,10.7905057637328,11.4192419910662,13.2026338553231,13.5593005222622,14.9740002577896,15.8624609738562,17.1181794894005,18.150027323282,19.5596328209183,20.0409544063961
349.599999999949,1.74756092055408,1.93463055921913,2.79488526690595,4.51770201151382,4.87467807879791,5.85311917402272,8.48168121938627,8.41293508572486,9.20949937330363,10.5649436720481,10.831462218774,11.3936138154922,13.1638372957975,13.4996964527402,14.9945729378674,15.8095160310078,17.10851228598,18.1455859057562,19.5861570620324,20.0424695157962
350.199999999948,1.77258557715245,1.95176752910563,2.77615961634641,4.53181092750838,4.88083913506847,5.85685344839313,8.5024562784887,8.38825741471995,9.21507641035046,10.5769047389006,10.881290234429,11.3681871735586,13.1253449894868,13.440144969714,15.0151951242638,15.7565750621282,17.1003986940165,18.1435077156793,19.6129049377178,20.044397831988
350.799999999948,1.79582587478751,1.96715755824915,2.75683786581163,4.54493065317454,4.88655178168165,5.86028869670239,8.50759206798649,8.38098909570322,9.22162431078898,10.591923949981,10.9134056966946,11.3541251303191,13.0855306324905,13.3803649861842,15.03560219424,15.7036168254334,17.0970655807379,18.1431780902512,19.6408344716576,20.0431997607747
351.399999999948,1.81035990523205,1.98024052684617,2.73784287160663,4.55859261036997,4.89278859759492,5.86358111288785,8.49991729637095,8.39188902603749,9.22702336971742,10.613923806815,10.9727722660828,11.338676886758,13.0464409667335,13.3207102567879,15.0561271817717,15.6506680542112,17.0905119152473,18.1473328185918,19.6569381886073,20.0227956603396
351.999999999948,1.79875266018615,1.98692571563483,2.71489189208842,4.56568985933926,4.89647568541477,5.86543473630461,8.47776596701532,8.41231688739769,9.22949847241163,10.6177682579668,11.006181242905,11.3365714331995,13.0144503034411,13.3087716096832,15.075224560791,15.5976046860649,17.082609931367,18.1570061150144,19.6769890077518,20.0170870454889
352.599999999948,1.76518522638826,1.99289214467493,2.76862022509189,4.49302346783144,4.89804664721336,5.86252205203827,8.45527158092517,8.43676574503839,9.22375978642094,10.6074780618228,11.0013234968939,11.3241008657513,12.9912767781823,13.3880102757757,15.0471493725955,15.6419773260405,17.0931526837436,18.1566427346106,19.6742079251657,20.0408955937885
353.199999999948,1.71344940071996,1.9848471668191,2.82345119602539,4.42218683443589,4.89571093471548,5.86223285869145,8.4327401784587,8.46054396488827,9.2218506094291,10.5968043329948,10.985074411562,11.3241624304993,13.0116627879563,13.4602195724291,15.0194720967139,15.6863819072236,17.1025109540768,18.1677117821189,19.6497811416018,20.0607256463154
353.799999999948,1.6729098321359,1.97577885759626,2.87923582602461,4.35293273813741,4.89427057271691,5.86086561757095,8.41243950438748,8.48294737878656,9.21519814083373,10.569774923348,11.0168521931047,11.308813794149,13.0308509190293,13.5258366683838,14.9921389706945,15.7308141139884,17.1145425243039,18.1669681696484,19.610313151434,20.1046512750739
354.399999999948,1.63740066274729,1.96294500516714,2.93482993714803,4.28336248777562,4.89363630020685,5.85920263103589,8.37629912503491,8.50651387438374,9.20987201429899,10.5482656352213,11.0409044775749,11.2950176750428,13.0496165108959,13.5913807335363,14.964737091546,15.7752408018052,17.1257960951467,18.1635895374558,19.5819970576088,20.160008956228
354.999999999948,1.60393955052515,1.95211626190065,2.99110824178355,4.21492761341288,4.8935167047495,5.85788286157762,8.34590872914248,8.52321199351935,9.19945997892571,10.527071859269,11.0706516385872,11.2744609441607,13.0698995302733,13.6571870677184,14.9375821194016,15.8196873093295,17.1350097628051,18.1612080079418,19.5547963151904,20.2174274581827
355.599999999948,1.56990350700542,1.94072464371445,3.04719447938587,4.14617401591719,4.89325262897655,5.85646674410592,8.31530914794112,8.53964681082283,9.18964204985873,10.5072730179653,11.099942465656,11.2536220540854,13.0897565768886,13.7229197776502,14.9103578354398,15.8641282530588,17.1471292836227,18.1587415075937,19.5272824709496,20.2742674458283
356.199999999948,1.53553625417881,1.92900876172005,3.10317007004791,4.07723680679974,4.89290532025839,5.85499512198719,8.28458905821707,8.55592994388601,9.18176755469958,10.4881546067883,11.1289704055766,11.2326206163267,13.1093682269777,13.7886100737544,14.8830936219785,15.9085659915692,17.1589893901279,18.1559751448903,19.4995882534398,20.3307741600477
356.799999999947,1.50117413254394,1.91729790331568,3.15914737488481,4.00830244224741,4.89255930100944,5.85352435976272,8.25387083544639,8.57221542688595,9.17324850339731,10.4699110954018,11.1580024182221,11.2116216968043,13.1289836788218,13.854301026946,14.8558300271166,15.9530037797359,17.1708535155557,18.1532134277425,19.4718968303257,20.3872860374369
357.399999999947,1.46693070181192,1.90570324685179,3.21516433073684,3.93943387605492,4.892243108801,5.85207348797169,8.22319579764987,8.58855526687118,9.16346517303705,10.4522420216562,11.1871286381024,11.1906810272493,13.1486870700282,13.920007179395,14.8285807412379,15.9974427165125,17.1828106037064,18.1505591681236,19.4442700450876,20.4439173454187
357.999999999947,1.43267309634178,1.89409471289572,3.27117655124064,3.8705574518506,4.89192335447888,5.85062024075273,8.1925156024598,8.60488861523817,9.15405467065766,10.4341846650996,11.2162436072226,11.1697334011541,13.1683799590192,13.9857115166628,14.8013297464995,16.0418815161156,17.1947565897235,18.1478920753196,19.4166355404292,20.5005343903246
358.599999999947,1.3988439390677,1.88290564252592,3.32733190323555,3.80191854533216,4.89171126924844,5.84923879364749,8.16199129557987,8.62141818043172,9.14360885258801,10.4131162737258,11.2456986438531,11.148996044699,13.188390289872,14.0514707199248,14.7741304040598,16.0863244619497,17.2070381508347,18.1456128806892,19.3892343643643,20.5575825535452
359.199999999947,1.36447811909758,1.87119116334084,3.3833079725713,3.73298213054356,4.89136432060732,5.8477674116494,8.13127172719207,8.63770196970156,9.13546159859608,10.3943758584782,11.2747277210593,11.1279953101436,13.2080030015798,14.117161199517,14.746866363339,16.1307622143263,17.2188993796015,18.1428478152311,19.3615409271738,20.6140907095508
359.799999999947,1.33035166739409,1.85971103284129,3.43936400755339,3.66417841370371,4.89107752524513,5.84633614341284,8.1006392515145,8.65409538268339,9.12556002923394,10.3749969120563,11.3039467894271,11.1071120504189,13.2277930638026,14.1828823320051,14.7196311800653,16.1752022831466,17.2315906570871,18.1402994632855,19.3339778475423,20.6708397255826
360.399999999947,1.2951257703161,1.84715451246788,3.49505275132671,3.59476520025841,4.89051443910636,5.8447206281573,8.07310906040288,8.67353310673423,9.12199629135879,10.3558665307078,11.3255251827272,11.0856892155825,13.2467685351606,14.2484626722943,14.6922634512904,16.2196317122806,17.2421652211328,18.1363458608683,19.3058160209791,20.7264824444205
360.999999999947,1.2588890646708,1.83360838030341,3.55040381474851,3.52479162755848,4.88969733663305,5.84293571979718,8.06018333014178,8.67408901040616,9.11733615877498,10.3345811474223,11.370286354471,11.0638097550887,13.2649950876145,14.3139135709907,14.6647738627749,16.2640513594952,17.2451863435106,18.1293707033657,19.2782516851851,20.7816632705615
361.599999999947,1.22379245730842,1.81479519850536,3.60444529033491,3.45264487640737,4.88691666307167,5.84090265050393,8.05974203944028,8.65477538901364,9.11164393836258,10.3059276142678,11.3855354315707,11.0733757294593,13.2803171918764,14.3788624708741,14.6368116792941,16.3084330705887,17.250753025627,18.1176997229661,19.2614559404674,20.8460699508607
362.199999999947,1.19935549440016,1.77786550192763,3.66317235787844,3.38827356971064,4.88709195787878,5.8411559561922,8.06541337848187,8.63301310008406,9.10946544427927,10.2889278025573,11.3855544638593,11.0918896243667,13.3154585711118,14.3853972983674,14.6105403997056,16.3529505138407,17.2573389692893,18.1181882663382,19.2572442954324,20.8901555623712
362.799999999947,1.17588271381964,1.72649412179459,3.64132799171543,3.46986119204965,4.88084515270314,5.84233587526512,8.06746746678297,8.61285206386097,9.10958953268408,10.2755957219044,11.3911020383555,11.1391559645833,13.3845623322826,14.3556296587591,14.5946026278034,16.3502862408009,17.2427158889081,18.1172521853973,19.2530105088315,20.8586010604399
363.399999999946,1.18619993226192,1.70280217230957,3.61491295586456,3.54386407621988,4.87745025327082,5.84059105646069,8.06454439569055,8.59505814302105,9.10364636534539,10.2583513498266,11.4142971903827,11.1966633767494,13.4142363133233,14.3253223842345,14.5770154243631,16.3474895646652,17.2172450143882,18.0974465665478,19.2526375864591,20.8489085867379
363.999999999946,1.18242921594944,1.66694133933767,3.58793961524909,3.61694048883102,4.87450173712212,5.83991035466676,8.05977965247222,8.5757211685267,9.10361770013498,10.2576246070684,11.4196737945686,11.2715814247614,13.4496598134408,14.2974454409953,14.5592267437758,16.3446767155654,17.187907691323,18.0803898981512,19.2491806978067,20.8295608404258
364.599999999946,1.16459512561048,1.6347743725789,3.56313754232715,3.69361998329417,4.87229000793115,5.84041803450339,8.06015724010656,8.53747318221095,9.10071160881136,10.2536890602653,11.4132728721819,11.3596261713455,13.4898988244826,14.2704008006956,14.5422216151981,16.3419267637159,17.1584630223872,18.0707405014813,19.2538207246465,20.8019790951266
365.199999999946,1.14509887398185,1.60098010025255,3.537780191951,3.76937802982897,4.86966057737568,5.84064716638352,8.05858977721137,8.50687881874181,9.09627900175673,10.2497502823185,11.4007547234594,11.4545330371829,13.5289063224068,14.243143308218,14.5250161019482,16.3391607265974,17.130026501092,18.0612591820905,19.2575555551085,20.7727248298345
365.799999999946,1.12634768010509,1.56791526172813,3.51267174267412,3.84554911204628,4.86721837993761,5.84100115637206,8.05729339911692,8.47662567007845,9.08796135721341,10.245435740249,11.3888279412939,11.5498055552207,13.5684658416069,14.2159812259549,14.5079004103987,16.3364018996423,17.1010195604405,18.0516889021155,19.2616961365548,20.7442202655455
366.399999999946,1.10778071654646,1.53503079019009,3.48762483913457,3.92182232553462,4.86482247960428,5.84138602000627,8.05606405212036,8.44645689354855,9.078765347545,10.2404507053479,11.3770473862481,11.6451684880228,13.6081618590248,14.1888427357612,14.4908069290476,16.3336448555431,17.0721569151948,18.0422854161767,19.2659370479859,20.7159010797108
366.999999999946,1.0890327059095,1.50196906815256,3.46251745328114,3.9979951724361,4.86238108211481,5.84174054344782,8.05476883222864,8.41620520271654,9.07081332464932,10.23557583388,11.3651231306809,11.7404425683,13.6477237367213,14.1616810611358,14.4736916212591,16.3308860593932,17.0431524677642,18.0327180181672,19.2700793629926,20.6873997184997
367.599999999946,1.07006222726041,1.46868954328364,3.43733574764158,4.07404469033793,4.85988377838274,5.84205778530266,8.05339266868307,8.38585162799808,9.06462699409481,10.2304946608161,11.3530222980064,11.8356074678892,13.6871207854827,14.1344908978185,14.4565494934621,16.3281251103488,17.0139737758746,18.0229492073932,19.2741005241497,20.6586745028406
368.199999999946,1.05104834602802,1.43536752598879,3.41213954252105,4.15007014726519,4.8573755675754,5.8423677536751,8.05200071336752,8.35547817615741,9.05819864200703,10.2262184075712,11.3408870158733,11.9307510667805,13.7264856768048,14.107295176476,14.4394021331931,16.3253637412837,16.9847610896163,18.013141101827,19.2780980486949,20.6299056141103
368.799999999946,1.03227020490542,1.40227630530548,3.38702209099018,4.22622629080956,4.85492659829067,5.84271722779607,8.05069453067905,8.32521268643832,9.05176514956356,10.2194719492111,11.3289388451646,12.026010359911,13.7660252305015,14.0801296434167,14.4222831929728,16.3226046535514,16.955733042972,18.0035464249995,19.2822239549412,20.6013739346384
369.399999999946,1.0139056238786,1.36958997231342,3.36204279728963,4.3026116985633,4.85258155671593,5.84313600705632,8.04953881935462,8.29513659522838,9.04338746985739,10.2111806451346,11.3173189249969,12.1214726160444,13.8058711953069,14.053017069819,14.405214110191,16.319849567973,16.9270289105588,17.9943261673137,19.2865750818707,20.5732583925974
369.999999999945,0.995389230558545,1.33675501055003,3.33701278772634,4.37891294654018,4.85019836469064,5.8435293453414,8.0483278720365,8.26499097839861,9.03576501977933,10.2038987426908,11.3055785085146,12.2168603672165,13.8456046807566,14.0258850555224,14.3881267254208,16.3170930132583,16.8977100621573,17.9849684654473,19.2908435333468,20.5449900921584
370.599999999945,0.977010825503244,1.30405514342102,3.31202887583897,4.45529069070405,4.8478498491356,5.84394580794628,8.04837458441789,8.23807667647831,9.02158373115072,10.1981606626521,11.2927582691139,12.3123158389277,13.8854404031911,13.9987707116546,14.3710559760598,16.3143377939004,16.8681711446898,17.9774391825389,19.2951871318489,20.5168606399365
371.199999999945,0.955439570520795,1.2682293808087,3.28597833005019,4.5298984231534,4.84469896994673,5.84382720705934,8.03670792126205,8.24767369744772,9.00832260536728,10.1858228708199,11.2757576314651,12.4038778117586,13.922910508885,13.9712474994866,14.3536003072623,16.3115516763075,16.8403935982578,17.9679140376424,19.2991403333491,20.4841050619009
371.799999999945,0.950389025275612,1.23956495564821,3.26010153630461,4.60479448616443,4.84326309324159,5.84336748138093,8.03343876516778,8.26147903403349,8.99494789968576,10.1787405351512,11.2760466346986,12.4546046584869,13.9607659677368,13.9437908909607,14.3362073408958,16.3087705919611,16.8171254169207,17.9600241475882,19.2969271808577,20.4437951509901
372.399999999945,0.94986862710322,1.24660678345245,3.23221514945322,4.67635575610916,4.84083670084407,5.84039917741624,8.03366591879671,8.27086640916142,8.97902004586594,10.1667834467912,11.2865211414086,12.5017370448581,13.9644101706834,13.9351725881861,14.3180891665224,16.3059312937515,16.7920280173702,17.9523853002504,19.3125005458211,20.3728162219638
372.999999999945,0.950386202008015,1.2487797460473,3.23577054446826,4.61866496176709,4.83826933741586,5.84022102443573,8.03575115653082,8.27308003311089,8.96641524352087,10.1605741383651,11.3063533465459,12.509983263546,13.8966569414678,13.9718696625768,14.3574573617533,16.332335867993,16.7746883927042,17.9576172382828,19.3539864969946,20.3612043775954
373.599999999945,0.923358830399773,1.2239290554752,3.2455967129111,4.57138012057718,4.83921617156472,5.84238783647917,8.04143394330588,8.2740820730211,8.96084076473275,10.1680662041292,11.3041789831281,12.5092527570967,13.8336705099075,14.0299884021266,14.3990885101635,16.3589220939089,16.7703266477104,17.9701352066064,19.4027622920068,20.2954512207193
374.199999999945,0.907417985951594,1.21936240243537,3.25414769711522,4.52197919153585,4.83818465492772,5.84321625059175,8.05050314038899,8.28264935772244,8.94825546136548,10.1681942193329,11.2925634769021,12.4908835327817,13.7672225170641,14.0823588956574,14.4402594789396,16.3854713803067,16.75603054822,17.9727235506619,19.4778796153676,20.247913992424
374.799999999945,0.894718262646773,1.21890555005769,3.2619918756956,4.47140536312175,4.83685130746793,5.8435232148909,8.06232918979818,8.30748934733113,8.93815192145381,10.1696238279492,11.287018151437,12.4533247536788,13.699206946804,14.1344584523521,14.4811753806097,16.4120001919697,16.7445312420337,17.9724981273611,19.5278339849684,20.2254365538117
375.399999999945,0.882363838835919,1.21878675620249,3.26995140831837,4.42102295746863,4.83560473381924,5.84388804509571,8.07152285441548,8.33679984424046,8.9317046495344,10.1716961053162,11.2817223582048,12.4112936233902,13.6314472126403,14.1866022272281,14.5221329104457,16.4385323452068,16.7317857918604,17.9688036195129,19.5779764012103,20.2033065666256
375.999999999945,0.869669949611173,1.21833561556362,3.27779753588701,4.3704523632777,4.83427285246448,5.84419598708032,8.08059300657474,8.36595487585272,8.92856771244466,10.1733185981978,11.2761571247947,12.3690958935658,13.5634359649123,14.2387025310202,14.5630495154531,16.4650612133281,16.7179749945433,17.9648650383476,19.6279339479902,20.1808349984537
376.599999999944,0.856918046841332,1.21782767793061,3.28562428289742,4.31984960827221,4.83292639229772,5.84449420705145,8.08964205085305,8.39508333894674,8.92561190410202,10.1752897965499,11.2705458449266,12.3268696924177,13.4953817343267,14.2907954057443,14.6039591265393,16.4915895200335,16.7041187590587,17.9608739342672,19.6778599011748,20.1583050551923
377.199999999944,0.844619311465544,1.21776340471735,3.29360241932999,4.26949807446859,4.83169381316056,5.84486836962364,8.09885597737368,8.42441933954187,8.92161481255286,10.1739987623946,11.2652942526682,12.2848658923575,13.4276632603216,14.3429463119407,14.644923369989,16.5181222121856,16.6906174595787,17.9572931080364,19.7280326447804,20.1362311034954
377.799999999944,0.832372937770642,1.21775039515428,3.30159804820512,4.21917556827062,4.83047439252113,5.84525130705981,8.10808895537831,8.45377932026562,8.91682338541908,10.1733020762841,11.2600842208752,12.2428877898538,13.3599835816473,14.3951039234417,14.6858939259899,16.5446554110584,16.6771571715352,17.953759687771,19.7782339040325,20.1142098398011
378.399999999944,0.820152588363265,1.21776286414631,3.30960237100198,4.16886748908764,4.8292615117888,5.84563860569255,8.11733140216409,8.483151219357,8.91250152470381,10.1716552148116,11.254894845056,12.200922459297,13.2923231846465,14.4472648675473,14.726867619393,16.5711888617767,16.6637172665925,17.9502498287523,19.8284493358508,20.0922147625794
378.999999999944,0.807142273347515,1.21700193320303,3.31734279035268,4.1181214787733,4.82785011258845,5.8458935204781,8.12628642469437,8.51216133714977,8.90899444362902,10.1771367118882,11.2490784584564,12.1585694370993,13.2240774936576,14.4993246506516,14.7677460771527,16.5977146677438,16.6496586339114,17.9460247695773,19.8782345603163,20.0694247966291
379.599999999944,0.793816842086931,1.21593249404014,3.32497793896491,4.06720077830516,4.82635952463165,5.84609562752069,8.1351267940662,8.54102714085711,8.90747845460237,10.1830608250314,11.243011958079,12.1160617652147,13.1555983296647,14.5513440807652,14.8085865455392,16.6242374242297,16.6353531915472,17.9415144179983,19.9278481756331,20.0463177506079
380.199999999944,0.780354061497569,1.21472858578029,3.33256720335028,4.01620393585527,4.82483442076929,5.84627471731751,8.14391718970735,8.56983004256214,8.90692377747646,10.1881186084114,11.236836440918,12.0734866863618,13.0870174020815,14.6033459222706,14.8494104555446,16.6507588515421,16.6218530293027,17.9368797163713,19.9773869918821,20.0230724992874
380.799999999944,0.767634464395793,1.21425227636165,3.34040474270031,3.96561909005698,4.82349607902144,5.84657835113018,8.15249528115019,8.58970207523418,8.90769774933592,10.1893387799186,11.2413970408498,12.0312763398754,13.0189871071117,14.6554429339769,14.8903239612953,16.6772874708799,16.6087865953934,17.9308869393951,20.0273305384098,20.0005750630252
381.399999999944,0.756640181620364,1.21546510122211,3.34881865701098,3.91599070216888,4.82259130900542,5.84717111619832,8.16842563605311,8.59322060015406,8.90808058258939,10.1983650765083,11.2433505927096,11.9886483164222,12.9522351160229,14.7077608850798,14.93144546524,16.703832786639,16.5975369457794,17.9250451861153,20.074088960111,19.9805733587326
381.999999999944,0.731553795390649,1.21953208502865,3.35983761367494,3.87068521783378,4.82251313580471,5.84931709087277,8.16708481267098,8.60460431798059,8.91022862938407,10.2060562861019,11.2364259160095,11.9678527011538,12.8912606759686,14.761077416143,14.9735070587816,16.7304535652265,16.5847261441106,17.9240521050965,20.1048795472118,19.9589316944364
382.599999999944,0.706362077219684,1.20687273197997,3.37044178836558,3.82469142896348,4.82163649487406,5.85211586710204,8.15846763101767,8.61873228506587,8.91162529094876,10.2183677978163,11.2249121066829,11.9528336365549,12.8500814027112,14.8523006767125,15.0154189686847,16.7570623284159,16.5759770683351,17.8977954053258,20.0804840871233,19.9842338217473
383.199999999943,0.68842571055137,1.21409832889985,3.3602955638978,3.86366874339723,4.83037921508994,5.85185059481715,8.15186991799671,8.64479896843732,8.9141069177843,10.2311979921985,11.2203466977443,11.9622106624897,12.8259940785716,14.8768714455123,14.9920256954989,16.7355623389554,16.5859415730556,17.8666278421695,20.0347953179832,19.9986233424801
383.799999999943,0.674874124710131,1.241680236374,3.34831503871147,3.89960215144145,4.83423588885163,5.85295018146414,8.14415278156562,8.67203674710552,8.91578118779087,10.2356907760458,11.2466989820909,11.9668952576102,12.8375706828147,14.8585327860894,14.9679704726003,16.7140092134944,16.589770824453,17.8475074710329,19.9528727424411,20.0584273584739
384.399999999943,0.655693323385064,1.26513012848507,3.33802070643985,3.93833369032328,4.83871053456335,5.85527451349248,8.1329629622881,8.70073153563592,8.92386654294472,10.2440562760763,11.2614870617363,11.9621448546123,12.8453759707128,14.8495087485746,14.9445237512931,16.6925049336447,16.6078421624175,17.8466794114126,19.8729233689603,20.0840927253818
384.999999999943,0.637336581463483,1.28097923842127,3.32704892066801,3.97594103783089,4.8427519158882,5.85736876686665,8.12481518217548,8.73388573609112,8.93206387649399,10.2447712886526,11.2781506441784,11.9696578531769,12.8516787793258,14.8402250256514,14.9208325552704,16.6709810293321,16.6238956836027,17.8449325733555,19.8066956258361,20.0780124409968
385.599999999943,0.619350130925426,1.29719087468571,3.31620083796765,4.01375366278689,4.84688635148952,5.85952507433202,8.11586035534545,8.7564723152214,8.93771542767,10.2445327549657,11.3021789846957,11.9845764098589,12.8582559407944,14.8309887213078,14.8971860003534,16.6494607084482,16.6378590874342,17.8467850016999,19.7406695396894,20.0723047556737
386.199999999943,0.601356733297013,1.3133957095411,3.30535043445603,4.05156243650289,4.85101904128607,5.86168021759157,8.10690300085812,8.77905571278513,8.94255662949825,10.2445529803393,11.3262018111754,11.9994915571162,12.8648279550892,14.8217515273374,14.873538607918,16.6279403203351,16.6530725530807,17.8483094842468,19.6746396702269,20.0665900799655
386.799999999943,0.583208109480888,1.32944857332046,3.29444817460353,4.08928515789044,4.8551127227199,5.86380934776943,8.09788916825202,8.80156802126448,8.94801948450171,10.2453087981294,11.3501014316674,12.0143305239742,12.8712849606375,14.8124944554933,14.8498725019264,16.6064184300483,16.6681644403357,17.8496934318228,19.6085252661383,20.0607192106893
387.399999999943,0.564619355358633,1.34507053637871,3.28339888062282,4.12676388541185,4.85909579934617,5.86586472012471,8.08871519687001,8.82387876285025,8.95418375730698,10.2496795876225,11.3736517123352,12.0289534879598,12.8774158689234,14.8031810216735,14.8261533352795,16.584892280479,16.6829116026737,17.8506789047559,19.5421711714963,20.0544054681845
387.999999999943,0.546092518565802,1.3607531183526,3.27237027133576,4.16427693787833,4.86309443580599,5.8679304686966,8.07956375373748,8.84621786077407,8.96067025720857,10.2529352895103,11.3972511379691,12.0436068391303,12.8835926524226,14.7938755168305,14.8024416331813,16.5633667301037,16.6977072607547,17.8517204349189,19.4758507964112,20.0481540288822
388.599999999943,0.527620950443407,1.37648981000631,3.26136012562793,4.20182062949051,4.86710696129043,5.87000547929098,8.07043241977967,8.86858227014331,8.96647689072608,10.2565898330011,11.4208944314016,12.0582873145215,12.8898103850721,14.784577089554,14.7787365940913,16.541841714581,16.7125462071246,17.8528120029079,19.4095605200902,20.0419582026886
389.199999999943,0.50919030689967,1.39226656804538,3.25036365157519,4.23938700835243,4.87112977112722,5.87208734809932,8.06131597598471,8.89096542178063,8.97224030595707,10.2598765410326,11.4445702074533,12.0729878744795,12.8960584391807,14.7752839029756,14.7550364887333,16.5203170950986,16.7274172070064,17.8539406222125,19.3432925308845,20.0358035561184
389.799999999942,0.490907559605487,1.40818812093201,3.23941658515429,4.27703537606449,4.87518974731223,5.87419400162523,8.05225334335441,8.91341630560357,8.97586090031841,10.2646967504102,11.4683633715809,12.087761017521,12.9024160712062,14.7660096556175,14.7313542132584,16.4987939068558,16.7424040442247,17.855203140284,19.2771050844941,20.0297977274973
390.399999999942,0.47291037619434,1.42438924939299,3.22856491692797,4.31484205106621,4.87932148574104,5.87634851045656,8.04329461143271,8.93599796938877,8.97803696711297,10.2695775107186,11.4923831932126,12.1026743068287,12.9089852805741,14.7567719768494,14.7077063644216,16.4772734821065,16.7566467778283,17.8567241953494,19.2110731533323,20.0240792424131
390.999999999942,0.452821430722785,1.43854248029349,3.21701445471565,4.35148912150291,4.88292756407113,5.87815247806684,8.0347002420139,8.96821077082224,8.98285744269251,10.2768643964339,11.5134054754042,12.1165610214893,12.9140046810063,14.7472664323131,14.683806339663,16.4557328147033,16.7698672301163,17.8557993039063,19.1439020695171,20.0162559592631
391.599999999942,0.431654692632995,1.45164052001553,3.20510393482084,4.387538698915,4.88626279296531,5.87977582726569,8.02894475502294,9.00522597000919,8.98837740821937,10.2790681504763,11.5273740819012,12.1346241468208,12.918225533333,14.7376228683754,14.6597763797879,16.4341817171545,16.7796823268972,17.8561943370625,19.077138836728,20.0093299595204
392.199999999942,0.412435569525344,1.46210447546902,3.19178670442412,4.42125392893382,4.88793909703861,5.88062247499084,8.02619850682057,9.03630247642367,8.9955320954817,10.2813036927328,11.5395076047724,12.1550873243064,12.9193265355331,14.7274400760004,14.635238775994,16.4125898700367,16.7896547200648,17.849661596159,19.0327058958506,19.9916535924942
392.799999999942,0.390796637019508,1.4547746870917,3.18012807723711,4.45772150641418,4.89082093388214,5.88303846405718,8.02604989326787,9.06102875772654,9.00551965090905,10.279298614359,11.5394905026394,12.1599401226126,12.9245599898171,14.6841708825197,14.6112997174104,16.3910460693122,16.8107540225571,17.8716179969793,19.0320719287718,19.9595943836505
393.399999999942,0.363424187292524,1.43804606877943,3.2093082789471,4.4616668906424,4.88668769258658,5.88708497090041,8.02017693457522,9.08150975056354,9.01101385337048,10.2737580101103,11.5218339218785,12.1561693228002,12.9476025587944,14.6514066197858,14.6476836115293,16.4193688235818,16.8046102238328,17.8903412684685,19.0239679054172,19.9055066679501
393.999999999942,0.361316845623527,1.43163754360651,3.2372227705433,4.46351190872251,4.88600278346068,5.88986197507394,8.01482600777912,9.09998366048344,9.01320407816132,10.2688287949359,11.4771737365342,12.1505772945363,12.9332973452085,14.6342194444078,14.6836107449749,16.4476549127844,16.8027838268308,17.8951965958961,19.05902968034,19.8261121825704
394.599999999942,0.369531115912221,1.4310794678337,3.26591771894937,4.46665204567549,4.88721534629908,5.89239748581252,7.99969444133193,9.09830874775498,9.01173033958902,10.2664919455018,11.4570893122223,12.1635680325042,12.923050454506,14.6078635499236,14.7198195242552,16.4759636102483,16.795978867894,17.8888139372334,19.0579843315573,19.8035671382256
395.199999999942,0.384914224351214,1.43353295082471,3.29513214739459,4.47065422700333,4.8896046285077,5.89521647751737,7.98141709469633,9.07873670351248,9.01124666805278,10.2720441701266,11.4420572904227,12.1690785544863,12.9139556842035,14.5817067855433,14.7562157698851,16.5042873560022,16.7912175690111,17.8846676577587,19.0548056032545,19.7942628082937
395.799999999942,0.399192462294193,1.43490473258541,3.323977472263,4.47404390421522,4.89171625660587,5.89785031305159,7.96673553077407,9.06639546470569,9.01443579627907,10.276218688283,11.4202202097826,12.1682288379884,12.9040423035051,14.5554085342369,14.7924788159789,16.5326004095692,16.790925130961,17.8783130776385,19.0510251735526,19.7838467222372
396.399999999941,0.413564343581291,1.43636819397814,3.35285408052016,4.47748549423851,4.89385141728953,5.90049984150463,7.9520880384221,9.05409711183076,9.0186757264124,10.2792481814448,11.3984574556513,12.1674250788598,12.8941983041644,14.5291222746606,14.8287531514049,16.560914369353,16.7888686492461,17.8726069872564,19.0472957410773,19.7735248631166
396.999999999941,0.428481900756567,1.43836588837058,3.38191298246941,4.4812295891513,4.89612370640031,5.90324081529734,7.93763908697401,9.04204866265968,9.01959911398667,10.2813219135467,11.3771278148871,12.1668891212384,12.8847586019391,14.5029058929609,14.8650932717128,16.5892336098177,16.7872395593118,17.8673949278503,19.0438634782217,19.763752080574
397.599999999941,0.443708670968529,1.44066631156543,3.4110751830751,4.4851451016721,4.89847370079052,5.90603360756286,7.92330264083743,9.0301418240762,9.01991269062221,10.2810245968203,11.3560436024115,12.1665049161849,12.8755479989678,14.4767291083019,14.9014706697226,16.6175558426364,16.7858526554687,17.8624628163429,19.0405996096867,19.754290438105
398.199999999941,0.458971803746712,1.44300233479916,3.4402495313065,4.48908077241193,4.90083283309871,5.90883249353216,7.90897942500279,9.01825163849162,9.01946537094285,10.2814415905737,11.3349882515988,12.166138556798,12.8663643374116,14.4505569801414,14.9378524514832,16.6458784273473,16.7844942320152,17.8575636259055,19.0373555438409,19.7448653848163
398.799999999941,0.474162105168919,1.44526705395913,3.46939954880043,4.49297606782683,4.90317366287694,5.91161917429277,7.89462970991545,9.00632809826191,9.01962339183226,10.2817517197004,11.3138750931488,12.1657364539464,12.8571267143229,14.4243755253812,14.9742254529363,16.6742003072458,16.7830787645845,17.852598497158,19.0340718147685,19.7353670462815
399.399999999941,0.489890479247541,1.44805856232773,3.49872931997832,4.49716965314788,4.90564971038909,5.91449602622991,7.88047576934166,8.99465097967678,9.0192612496599,10.277156315161,11.2931890132357,12.1655984211617,12.8482877550338,14.3982629748469,15.0106633226507,16.7025273942463,16.7820847338269,17.8481205157545,19.031081114672,19.7264101337091
399.999999999941,0.50566507632671,1.45089532439504,3.52807453285267,4.50138886299069,4.90813737374774,5.91738062430002,7.86633864672977,8.98299502988307,9.02057711710044,10.2696570386454,11.2725396214003,12.1654830732518,12.8394830428614,14.3721563435134,15.0471067648573,16.7308549285617,16.781126906484,17.8436843826249,19.0281155871583,19.7174997322022
400.599999999941,0.52115595850118,1.45345432109305,3.55732496521977,4.50545079055705,4.91055373951112,5.92021767691981,7.85209829614898,8.97120914690545,9.02314488630789,10.2627259929093,11.2516650396302,12.1652284864994,12.8304681232746,14.3460133803655,15.0835160033325,16.7591797172767,16.7805486956111,17.8389913864851,19.024995551351,19.7083038476597
401.199999999941,0.539868297136543,1.45916721992568,3.5876515880598,4.5112985883659,4.91377965773427,5.92359458696542,7.83239207486194,8.9557804326974,9.02305994518882,10.2567346472389,11.2213418226039,12.1665548948285,12.8238400153157,14.3202829487983,15.1203136099534,16.7875356810614,16.7800067004217,17.8387206234672,19.0236298884451,19.702349495917
401.799999999941,0.563004673402582,1.46921138379213,3.61945614710908,4.51959892813896,4.91811733723359,5.92771288513656,7.81357109189666,8.91765204145937,9.02214319426551,10.2558541931533,11.1933429078523,12.1601072030959,12.820489724266,14.29511904832,15.1576445639318,16.8159344576804,16.7807777336135,17.8397935879678,19.0302440906805,19.6990623179883
402.399999999941,0.584157602196534,1.47510281063351,3.65103690229807,4.52752787951539,4.92431018744269,5.93151548270294,7.80110673468018,8.87883036235488,9.02059790119361,10.2582795111646,11.1692288929136,12.1427818109723,12.8166430734459,14.2698693580466,15.194894753127,16.8443267511524,16.7804503894465,17.8452186004125,19.024992273194,19.7160158416487
402.99999999994,0.617473212489093,1.50161552838221,3.68552440416693,4.5402803937541,4.93183788703382,5.93607770726221,7.79396667450597,8.84359965500745,9.02085076900167,10.2700175452099,11.1501770728164,12.1158584478665,12.7868488529685,14.2425497965949,15.2331939088818,16.8728032472192,16.7787739413351,17.8402121016342,19.00583750381,19.7316141386269
403.59999999994,0.665886795223872,1.5382309666059,3.67169878096109,4.54911408428029,4.94503217454355,5.94257667541785,7.79468418081385,8.80167159972321,9.022560978754,10.280368436492,11.1398816691603,12.0727029606848,12.7840416160874,14.2536095610187,15.2176080440222,16.8513157011549,16.7914806322049,17.8329597136927,19.0054947827827,19.7677877897085
404.19999999994,0.687426067462142,1.55012825911301,3.65734645406167,4.5570737432401,4.95373541346831,5.94852897975199,7.79879726798334,8.76422609417814,9.02388120690343,10.2883902125675,11.1228597473352,12.0217972641444,12.7812494944108,14.2916543828321,15.201832105987,16.829812897541,16.80137115755,17.8334139983263,19.0145295194846,19.8179120278189
404.79999999994,0.695879497493453,1.54468201645705,3.64152356623968,4.56259309905892,4.96091767791722,5.95450293459728,7.81856345448277,8.7441572462575,9.0267078974456,10.2828089476336,11.0807890023221,11.9520544618299,12.7861546979539,14.3390891553562,15.1855254821366,16.80826749474,16.816799883836,17.8375424574384,19.0601146920996,19.8321252571723
405.39999999994,0.705287112819021,1.54133262414172,3.62553645634427,4.56783993870013,4.9669868009153,5.96062135522382,7.83611529192133,8.73430466254765,9.02690654951827,10.2762382619471,11.0392735965205,11.8851079500297,12.7906956842296,14.3864609773227,15.1691595949645,16.7867173347565,16.8352507121867,17.8385816452494,19.103873549268,19.8359551508999
405.99999999994,0.715140226606929,1.53841938813294,3.6096981739145,4.57333374813788,4.97316787773921,5.96681443327815,7.84877329070365,8.72345723143011,9.0231237057823,10.2730594381312,10.9995765712537,11.8219251208191,12.795566745092,14.4338898486973,15.1528474156149,16.7651714860048,16.8550414934645,17.8399541907827,19.1478750204337,19.8402333194659
406.59999999994,0.72478471081095,1.53530189752754,3.59379019469593,4.5787119001486,4.97929652591947,5.97297254881428,7.86135538086084,8.71251425402411,9.01809021853518,10.2717757538786,10.9597139527045,11.75863990241,12.800283230059,14.4812920034943,15.1365100845721,16.7436236182775,16.8765687929613,17.8413327018476,19.1917628740191,19.844301558254
407.19999999994,0.733811098960602,1.53157927241576,3.57767572841378,4.58374739989507,4.98526984647471,5.97902708270998,7.87371258047044,8.70128820658208,9.01670572856334,10.2717298826762,10.9193607395202,11.6950513408288,12.804541761033,14.5286150064711,15.1200982379114,16.722069769036,16.8976119787581,17.8421516158998,19.2353141186881,19.8477478489705
407.79999999994,0.742235036140404,1.52726682980284,3.56136000161421,4.58844892050115,4.99109177101686,5.98498065679643,7.88585058190274,8.6897862540982,9.01638259509054,10.2764862779017,10.8785293495029,11.6311671142178,12.8083539296247,14.5758608610978,15.1036137617527,16.7005100896829,16.9181833046129,17.8424250973114,19.2785372745971,19.8505879342012
408.39999999994,0.750599699165126,1.52289635602094,3.54502447312502,4.59311758145167,4.99689879995553,5.99092429761414,7.89796701678872,8.67825715577332,9.01706787353246,10.2804124831311,10.8376509124575,11.5672537976133,12.8121221813595,14.6230991252258,15.0871221396976,16.6789498367146,16.9387082049481,17.8426449145071,19.3217281503953,19.8533683758761
408.99999999994,0.758906993360105,1.5184697164405,3.52866977945735,4.59775443899677,5.00269141209925,5.99685832446093,7.91006257836957,8.66670178419109,9.01795012972249,10.2846577789438,10.796726940677,11.5033123260924,12.8158479279133,14.6703300428464,15.070623601446,16.6573890285698,16.9591881720788,17.8428127924848,19.3648877837037,19.8560910911948
409.599999999939,0.767025637133124,1.51385838245995,3.5122520634303,4.60228671490965,5.00843661636551,6.00276073693316,7.92208950062421,8.65506001619626,9.01878373705454,10.2909558826144,10.7556532334561,11.4392782705514,12.819433901347,14.7175368023702,15.054102320123,16.6358263947942,16.979520381829,17.8428098746584,19.4079446798832,19.8586239804091
410.199999999939,0.775222681638366,1.50932380513892,3.49586053869967,4.60686245362774,5.01420152274677,6.00867628794008,7.93414494851574,8.6434541534591,9.01838297931201,10.2982087637726,10.7146417543927,11.3752826917596,12.8230779627237,14.7647536016939,15.0375904905331,16.6142645197277,16.9999139976799,17.8428779374106,19.4510442723157,19.8612357589544
410.799999999939,0.783486438608918,1.50485454131484,3.47949130057153,4.61147517555763,5.01998319397989,6.01460301874106,7.94622466933823,8.63187884309293,9.01775864004837,10.30573186187,10.6736832262862,11.3113198534629,12.8267714520812,14.8119789440475,15.0210867035777,16.5927032902592,17.0197189228161,17.843006398698,19.4941801956881,19.8639146657217
411.399999999939,0.789439432162172,1.49812297105797,3.46235010677518,4.61480688572329,5.02518417004263,6.02014250768255,7.96445942320987,8.61843968388509,9.01959019090968,10.3115417065169,10.6395995367955,11.2462229611625,12.8287528720499,14.8589083758721,15.0043043386205,16.5711196987903,17.0419268508784,17.8406373112715,19.5360577004632,19.8642684082346
411.999999999939,0.792663666021696,1.48871986352366,3.44429731748747,4.61662586064169,5.02969940841218,6.02522470620221,7.96754643373587,8.63861193159292,9.02070134078822,10.3135915095214,10.6046341479716,11.1887006937128,12.8287125247073,14.9054883696201,14.9871930034118,16.5495097002367,17.0638074169486,17.8367446777179,19.5690761345617,19.8605697566812
412.599999999939,0.796346460578655,1.48302714944769,3.42713396556526,4.61992080079443,5.03385638251926,6.03085737694282,7.96057942121597,8.65210586865215,9.01849918848281,10.3201012810075,10.5680009216852,11.1314132725815,12.8306448016351,14.9524093076632,14.9704026421841,16.5279254668915,17.0853114985123,17.8342241885185,19.613388522394,19.8586327159645
413.199999999939,0.787804173413588,1.4845066128649,3.40254464408184,4.61089281262318,5.03402933330583,6.03391682683973,7.94464904333784,8.67332278113279,9.01038803117331,10.3130240635413,10.520368307957,11.1151446178635,12.8388307712782,15.0067276456152,14.9509324486213,16.50612611817,17.0845095886021,17.8357514906947,19.6631283171709,19.8816933871434
413.799999999939,0.78370549143964,1.49478338197106,3.38875234032502,4.59895398409828,5.03132144478228,6.03548606290979,7.92553587385963,8.70134719805121,9.00797573638628,10.3188956539388,10.4886093508918,11.1221249079067,12.8520865768632,14.984122707052,14.9193721122246,16.5151454088037,17.0828589688395,17.8555289288721,19.7020209399967,19.9168605230489
414.399999999939,0.804041553452234,1.53264858806169,3.37844927090904,4.59280531998458,5.03555916423811,6.0392199597824,7.89943015965166,8.72316166730139,9.01138608563998,10.3337965701923,10.4642146421093,11.1437792525152,12.8933467425176,14.919463485613,14.8890709464886,16.5242657755292,17.0886897628465,17.8773803868762,19.6807261166316,19.9459867756748
414.999999999939,0.829524768906105,1.58254514014842,3.36801393380782,4.5864371659859,5.03930006011563,6.04305522032319,7.86645770688313,8.73358972691019,9.01252867837303,10.3619833575244,10.4663576362615,11.1880594688034,12.9178852179054,14.8474178700286,14.8587220489087,16.5333823107264,17.0868788624143,17.9038741078329,19.6357638558745,19.9842311647086
415.599999999939,0.846785796062115,1.62802024667359,3.35688964557788,4.57892574102336,5.04240096539836,6.04613324275778,7.84148970457249,8.73462386360008,9.01582854114343,10.3888834501285,10.4675388315577,11.2383512348466,12.9408957141776,14.7751081616965,14.828124527429,16.5424788883974,17.0821698123245,17.9282264797996,19.5942034175297,20.0342244423681
416.199999999938,0.862404703848436,1.67188766926851,3.34521677528829,4.57050397871764,5.04508920585365,6.04893607589636,7.82164552012513,8.73865126558166,9.02261620038171,10.4111508947451,10.4757918431113,11.2858629564992,12.9626895466046,14.7025881677041,14.7973290374646,16.5515595747515,17.0709670877138,17.9534437449113,19.5517486974353,20.0825653668587
416.799999999938,0.87767755363965,1.71541629074576,3.33342829756401,4.56189037316239,5.0476904818863,6.05168091601821,7.8016754245494,8.7425201830555,9.03166622848423,10.4336547180051,10.4837701818302,11.3332048431734,12.9842269809531,14.6300238583986,14.7664918278919,16.5606369121911,17.0596162929888,17.9783654298735,19.5091055176251,20.130558076697
417.399999999938,0.893158357168425,1.75914850514588,3.32170929084885,4.55339205036705,5.05034401672233,6.05446060539871,7.78178099169565,8.74648433729969,9.03988116387665,10.4551763598204,10.4919135773996,11.380648787361,13.0059184904552,14.5574861791237,14.7356796885345,16.5697162620659,17.0484283746527,18.0034753870137,19.4665755873361,20.1787600362548
417.999999999938,0.90957381837694,1.80379577734272,3.31030252479334,4.54541187126151,5.05323243116418,6.05739692638208,7.76222662844098,8.75087653760762,9.04623883413192,10.4695511978217,10.5007988286079,11.4285514337576,13.0283024978523,14.4850681897514,14.7049802284185,16.5788046569235,17.037972511771,18.0294315421546,19.4245546622519,20.2279024783436
418.599999999938,0.925856921313337,1.84831346683618,3.29885154187096,4.53735831705299,5.0560875839537,6.06031106652986,7.74262410742171,8.75520812167218,9.05239056253029,10.4856138817989,10.5095790245295,11.4763891226483,13.0505884395867,14.4126332509129,14.6742648116265,16.5878917709075,17.0274129814213,18.0552678659309,19.3824616561792,20.2769117372943
419.199999999938,0.942238059171151,1.89292713544707,3.28743330942952,4.52935911020289,5.05896737293271,6.06324163554483,7.72305725582147,8.75958460288264,9.05810318379281,10.5012789943671,10.5184370326393,11.5242749241645,13.0729470164453,14.340210866179,14.6435612136007,16.596979833607,17.0169302353323,18.0811929462181,19.3404220389422,20.3260196421268
419.799999999938,0.958460674791024,1.93738560605025,3.27596211953723,4.52127202380173,5.06180732525112,6.06614563912011,7.70343272685433,8.7638884855135,9.06361586103852,10.5188982913156,10.5271692186232,11.5720829276781,13.0951881424784,14.2677681814874,14.6128385046578,16.6060663622359,17.0063233292739,18.1069745074354,19.2982960920833,20.3749680367999
420.399999999938,0.974400360026593,1.98156707935305,3.26439641122205,4.51302809003661,5.06457617712433,6.0690022287164,7.68370525536135,8.76806279424803,9.07040055590938,10.5376581448735,10.5356768373613,11.6197520773684,13.1172196423566,14.1952892654453,14.5820816865626,16.6151501528564,16.9954948225852,18.1324999159127,19.2560160641726,20.423631737847
420.999999999938,0.99035680006496,2.02576495610842,3.2528363001761,4.50479344458692,5.06734923948184,6.07186162611246,7.66398388000301,8.77224477619548,9.07740007067873,10.5556055878162,10.5441977547062,11.6674294498179,13.1392635560477,14.1228124949809,14.5513268883711,16.6242341056186,16.9850020523238,18.1580404934524,19.2137451607597,20.472312298114
421.599999999938,1.0065150699818,2.07016043034564,3.24134361434449,4.49667068702967,5.07017302171606,6.07475484651993,7.64523369172475,8.77556807685074,9.08329519026136,10.5743721880807,10.5537956524838,11.7152058743729,13.1614570076596,14.0503615703411,14.5205964221228,16.6333200115534,16.9722432491498,18.183923727572,19.1715841718758,20.5211959460772
422.199999999938,1.0182170950812,2.11019310775083,3.22836223286364,4.48607753289581,5.07187694900358,6.076901281464,7.63996010816895,8.77772135484378,9.08921183173481,10.5922387725367,10.5690155388091,11.7605198331195,13.1803487797123,13.9773399902414,14.489328725725,16.6423627929747,16.963424682547,18.207476785475,19.1292274090248,20.5679842220862
422.799999999937,1.03577790462044,2.15190276650319,3.21480421408123,4.47452748551356,5.07333835313646,6.07891796493566,7.64809113546224,8.78964631100115,9.09712623537507,10.592800442673,10.5868257831089,11.8012978681891,13.1979616660556,13.9040973701832,14.4578529364616,16.6513888703751,16.9608894382915,18.232358595059,19.0818701008285,20.5909385424111
423.399999999937,1.04907157023301,2.15531573108238,3.20613391071637,4.47108829372559,5.0777742054611,6.08115648372343,7.66086064900143,8.79035231710402,9.10891045203425,10.600009891264,10.6696993078228,11.7948442749397,13.2397198419667,13.8283352151853,14.4281409920014,16.6605565350434,16.9673361075853,18.248075202983,19.0352354165514,20.5931241871621
423.999999999937,1.02859151176856,2.12627599198685,3.22496220401892,4.49558644532405,5.07876020248857,6.08068903246884,7.66723339519669,8.78538161767241,9.10989785392185,10.5855812757189,10.7106149747929,11.7875714795785,13.1865868760453,13.8155702436775,14.4945168820186,16.6383627425666,16.9716125520921,18.2411051747134,19.0159194153978,20.5677740432615
424.599999999937,0.986814002322562,2.06379039868502,3.24019791224032,4.51412292846941,5.07083823155453,6.07686457892889,7.67714505727696,8.78313221706832,9.10495013048174,10.5578954979264,10.7587917211279,11.7903944322474,13.1048330489884,13.8247608694384,14.5595963048849,16.6160648801349,16.9667142278616,18.2276354978337,19.0569947994444,20.5546434287609
425.199999999937,0.951658656754557,2.00388600204189,3.2549877696336,4.53191955027375,5.06216423788722,6.07167016461173,7.69251140476617,8.7946819465526,9.10058857332674,10.5196723209418,10.7852085131239,11.7756992873456,13.0353814202951,13.8357560929326,14.6245148322001,16.5937541023031,16.9624174857953,18.2129045224222,19.101261943662,20.5487088236918
425.799999999937,0.92082739072171,1.94649142034515,3.27172965442677,4.55295543848458,5.05633617269469,6.06765737941477,7.69494920977955,8.81545073860857,9.0955503346971,10.4884792669255,10.801407998555,11.7477741460912,12.970259063989,13.8474995789039,14.6901377936099,16.5714998707721,16.9592441499338,18.2068325920213,19.1479643154044,20.5326760162803
426.399999999937,0.894591708846674,1.89359605285805,3.29000678389837,4.57653896845129,5.05166297844479,6.06441473041672,7.69223651819537,8.8245020793779,9.08831061541237,10.4617937520806,10.8069216495693,11.7184639155378,12.9085416252532,13.8598315637793,14.7563147834596,16.5492901121863,16.9622410451942,18.2024234708676,19.1971693962196,20.5212674330226
426.999999999937,0.869047347593818,1.84137750891722,3.30851486253112,4.60050574399097,5.04716351316408,6.06128793416293,7.68977535947852,8.83387002490655,9.07853763662303,10.4329916693324,10.8129840149542,11.6894929645976,12.8473363933778,13.872252077428,14.8225751166392,16.5270870437323,16.9646943874473,18.1981963400378,19.2467509633169,20.5105544787448
427.599999999937,0.843463614358341,1.78912041862893,3.32700978818381,4.62445069298946,5.04265415369861,6.05815453988199,7.68729987550161,8.84321993921099,9.06868806367441,10.4047137583496,10.8190151300451,11.6605026910585,12.7861019903784,13.8846675492001,14.8888307032626,16.5048835942629,16.9671168922341,18.1939335635447,19.296311088827,20.4998019071156
428.199999999937,0.817082442669586,1.73608261226686,3.3452383139405,4.64795356815545,5.03794439783816,6.05488750944118,7.68453424831932,8.85220464987093,9.06053421606889,10.382373271,10.824413303016,11.6311210584284,12.7242767566799,13.8969809030173,14.9549901533412,16.4826724277253,16.9689148162981,18.18894882131,19.3454369373478,20.4882469273416
428.799999999937,0.790768701311983,1.68311082221385,3.36348936611679,4.67149382449461,5.03325158722936,6.05163177909566,7.68179315525919,8.86122024166356,9.05252239462887,10.3591194307049,10.8298649967277,11.6017725186006,12.6625014828366,13.9093028917924,15.0211577325977,16.4604619137328,16.9707655540744,18.1840251275346,19.3945995077512,20.4767597981292
429.399999999936,0.764450917899472,1.63013507486831,3.38173906796566,4.69503184005055,5.02855776085161,6.04837537137536,7.67905059152158,8.87023398231247,9.04424546431536,10.3362901034238,10.8353134821833,11.5724219950525,12.6007232141916,13.9216243629522,15.0873248245574,16.4382513606239,16.9726131259767,18.1790977742603,19.443759876892,20.4652686016716
429.999999999936,0.738358332270133,1.57737980288156,3.40006400153401,4.71869469790206,5.0239205267083,6.04515670270167,7.67638996464869,8.87935085700366,9.03706997251399,10.3095067507608,10.8409407114174,11.5431819918829,12.5391117969983,13.9339746723715,15.1535190656177,16.4160429868264,16.9746370803868,18.1743743051653,19.4930428864884,20.4540040064452
430.599999999936,0.71249312518176,1.52484714128064,3.41846489534659,4.74248360699002,5.01934043282418,6.04197613852987,7.67381206809613,8.88857186446082,9.02848580568081,10.2823636157615,10.8467484153391,11.5140535793429,12.4776688470037,13.9463540993126,15.2197407186835,16.3938368134441,16.9768391253478,18.1698566946117,19.5424497241593,20.4429682067986
431.199999999936,0.686985645653353,1.4726647056501,3.43698529504001,4.76647082855311,5.01485023592598,6.03885552298132,7.67136432857383,8.89795670074779,9.01721409499298,10.2550283291692,10.8528400544527,11.4851007288568,12.4164909411934,13.9587793359419,15.2860054982019,16.3716341019064,16.9796227896087,18.165662954875,19.5920513766741,20.4322923640948
431.799999999936,0.662952372603267,1.42192556221217,3.45599818221117,4.79127530203714,5.01073050732225,6.03598195758669,7.66242809213811,8.90740134892804,9.00615063723144,10.226236557057,10.8585640132034,11.4568713750934,12.3564052907673,13.9713933557307,15.3524480031817,16.3494456567387,16.9830645843725,18.1623857695279,19.6424558672616,20.4230999152258
432.399999999936,0.65181378212811,1.38381069831737,3.47931879003824,4.82322816637368,5.00985121425546,6.03526930612221,7.65497799022916,8.84638574820291,9.00089663520502,10.2035555450297,10.8634625734658,11.4245957542643,12.3058734489005,13.9856586360129,15.4204450484824,16.3273819975591,16.987903361315,18.1693571797159,19.700003335315,20.4270786329517
432.999999999936,0.639120036222596,1.34193501316578,3.50211640491683,4.85431315688379,5.00806178700234,6.03435371582607,7.64562797334013,8.79462633803447,8.99614199985427,10.196602299367,10.8824053932773,11.4030437477336,12.2541816955848,13.9997234396014,15.488253359719,16.3053031883276,16.9859111825024,18.1678967009959,19.727587963965,20.4406398653457
433.599999999936,0.644884728811246,1.35946236373361,3.52108808012367,4.87904924171119,5.00538538279592,6.03440231395607,7.63928842277531,8.75462038248801,8.98757526776146,10.1883397407321,10.8388951551401,11.4262734003239,12.1781080101333,14.0062437097181,15.5546809924113,16.2831135493322,16.9910477854955,18.1673883606145,19.7443575538651,20.4272425193339
434.199999999936,0.683315942050373,1.39535213911933,3.46968874785876,4.80821800639819,5.00569016141845,6.03353029827113,7.64411467021019,8.72158669082818,8.9914551700012,10.2034853945202,10.8430303311073,11.4505508142301,12.2353947938064,14.0413660798699,15.515416348915,16.3352519102383,16.9968380088027,18.1851886455339,19.748167042797,20.431968943859
434.799999999936,0.72264783481087,1.44149588474831,3.41634617227787,4.73416208131445,5.01062378159418,6.03295725589465,7.65052381220565,8.69238544885503,8.99414076313013,10.2202244195299,10.846269524672,11.4697480386124,12.3386232237675,14.0752728381569,15.4754504412547,16.387333979309,17.002412136237,18.19981129133,19.7273857782693,20.4112139729032
435.399999999936,0.746650783681627,1.46600932797959,3.36323066203551,4.66048295684487,5.017465791278,6.03319628279755,7.66438385459255,8.65156488713798,8.99761002818767,10.2364024238004,10.8764720191618,11.5040875577244,12.4437293520963,14.1050828582368,15.4355664753571,16.439422626005,17.0125958402119,18.2191620831493,19.7080226855218,20.3594364293039
435.999999999935,0.770414765831297,1.48938497540065,3.30773364424624,4.58285187074097,5.02099806168374,6.03227149074556,7.69682687824968,8.61511520089176,8.99780768241585,10.24171349249,10.9211561565527,11.542581446148,12.5435536924443,14.1339799850157,15.3948230875513,16.4914422852257,17.0173219044919,18.2276938030751,19.6829569439409,20.3168523423332
436.599999999935,0.788671333277287,1.50736869926123,3.25039676696876,4.5021676538085,5.02314631800279,6.03042375630359,7.73738762888274,8.58820006432485,8.99876432256692,10.2439655691374,10.9779047631384,11.5857059938803,12.6392975301947,14.162171846173,15.3534157440281,16.543408647424,17.0184979214255,18.2303625278854,19.6548919195102,20.2687265180715
437.199999999935,0.806947084594012,1.5253712047045,3.19306629843813,4.42149407178738,5.02529939523124,6.02857923672893,7.77795535945335,8.5612937134147,8.99983510635108,10.2461095254935,11.0346685963303,11.6288399564869,12.7350555814805,14.1903661639683,15.3120107132489,16.5953751952707,17.0197614811093,18.2326805333368,19.6268373424232,20.2206199972356
437.799999999935,0.825469979652651,1.54361567125592,3.13581839310328,4.34095749818455,5.02751457971665,6.02677613394382,7.81861301179433,8.53450054715835,9.00039148296941,10.2463972968744,11.091628592227,11.6720952098964,12.8309967442142,14.2185921303672,15.2706354773026,16.6473441348069,17.0212186121168,18.2352222918744,19.598917357341,20.1727621603586
438.399999999935,0.844531706204417,1.56238766993979,3.07875049495662,4.26071963516216,5.02986517263174,6.02506332950245,7.85946671474701,8.50795415007178,9.00109747427131,10.2408063857762,11.1490162689637,11.7156149057874,12.9273371329779,14.2468870981667,15.2293252011005,16.6993182887886,17.0230977741438,18.2382518847733,19.5712908144896,20.1254465130097
438.999999999935,0.863738464406166,1.58130165894264,3.02173104746634,4.18056217294948,5.03225221202079,6.02337482972395,7.90037318659693,8.48147417326745,9.00135907969966,10.2343315776906,11.2065190600891,11.7592057789014,13.0237849772458,14.275200638353,15.1880324094348,16.7512938462883,17.0250905298562,18.2414127829563,19.5437432544211,20.078276801158
439.599999999935,0.88284125586917,1.60011386140166,2.96467686785563,4.10034707497262,5.03461312455383,6.02166890701373,7.94124183077163,8.45494658271721,9.00248515476145,10.2277037215627,11.2639393308296,11.8027456282303,13.1201557914424,14.3035008648213,15.1467270838827,16.8032683976684,17.0270018553083,18.2444795542217,19.5161390751087,20.0310024746397
440.199999999935,0.9016660118686,1.61865385883395,2.90752980506594,4.01997784321596,5.03690416673593,6.01991639062408,7.98200931340806,8.42829166000213,9.0026219719895,10.2254235549136,11.3211389195162,11.8461490260175,13.2163206061834,14.3317654867702,15.1053882392939,16.8552402584099,17.0286954139972,18.2472946043934,19.4883834804695,19.9834483799217
440.799999999935,0.920272110921231,1.63697978458169,2.85030969565095,3.93948739518979,5.03914026039668,6.01812723131286,8.02269723902393,8.40153659875778,9.00458374012577,10.2228116389333,11.378164956011,11.8894451134742,13.3123234156483,14.3600021080624,15.0640230341461,16.9072100031379,17.0302177131822,18.2499116921717,19.4605088074485,19.9356742655716
441.399999999935,0.938512195679126,1.65494737139811,2.79296731200947,3.8587940407934,5.04128437461391,6.01627673467258,8.06325199253074,8.37461391359988,9.00924286740027,10.2205070043329,11.4349004799744,11.9325615719939,13.4080550411983,14.3881918584883,15.0226137035244,16.9591762058278,17.0311102563925,18.2521974066876,19.4324348067111,19.8875318559005
441.999999999935,0.955148320607702,1.67134463361418,2.73508909424817,3.77721150345628,5.04302541350139,6.01415744358014,8.10805759409057,8.35225472032376,9.01341520140599,10.2198993535262,11.4886808012351,11.9748908547029,13.5025982757152,14.4161762098682,14.9810110048061,17.011126886483,17.0331224527312,18.2529611732243,19.4034873055264,19.8377754904118
442.599999999934,0.960885561817647,1.6770715630033,2.67356989143366,3.68958698096566,5.04202756138402,6.01021169809351,8.14956602665283,8.4052047495031,9.01123025993403,10.2142021519592,11.5324739937324,12.0229638737196,13.5890664104418,14.442764877717,14.9380943726819,17.062972095137,17.0252369082189,18.2430788079591,19.3687537267243,19.7773151353374
443.199999999934,0.965173335443822,1.67935252871302,2.61033923510796,3.59912240927008,5.04021609418758,6.00528261246078,8.18981536246388,8.42839817922478,9.00669824161633,10.1986040628963,11.5713187392889,12.0632754429334,13.6717388256893,14.4686975012689,14.8945601230976,17.1147677264311,17.014987415809,18.2345804890605,19.3959916851484,19.7323582787507
443.799999999934,0.963281806088889,1.64334606074112,2.54930175230908,3.51229727077583,5.03607575066443,5.99984839669191,8.2308789278893,8.44757749251472,9.00596561131739,10.1786999050982,11.6172449861666,12.0718104073178,13.7893287365552,14.4997579311121,14.851817330748,17.1666268895434,16.9933889975043,18.2337008024445,19.4287009980381,19.7203198142107
444.399999999934,0.948688597201069,1.61041980255,2.6036620013097,3.5169348383616,5.03305569324769,5.99640546643884,8.25845466414128,8.45934910726437,8.99372466657765,10.1380882551097,11.6494344108711,12.065793474621,13.7837259938993,14.4583193600714,14.879847289082,17.1514540387747,16.9736763779266,18.2105641769715,19.437553957478,19.7033260011041
444.999999999934,0.935045224231373,1.57755427313033,2.6594717153131,3.52397770172844,5.02752652728321,5.99101082226789,8.27986852943506,8.45990167972233,8.98102686435598,10.0980532220284,11.6793132331735,12.0625460730031,13.7191954848906,14.4548730389934,14.9084003202855,17.136323176079,16.9580745142194,18.1880797102487,19.4571959882113,19.7103010705623
445.599999999934,0.932320320979982,1.56707151786787,2.71542663899031,3.53126153139437,5.02135015736785,5.98590657250116,8.27797897987569,8.46338640253724,8.96848674542614,10.0667852734509,11.6744522240599,12.0463625402358,13.649033526707,14.45933059727,14.9370057537478,17.1211965198151,16.9376712874276,18.1384694623914,19.5100830444846,19.7537820299879
446.199999999934,0.911361275096618,1.55385140978737,2.77226193844501,3.54000628916063,5.01596800887812,5.98142134341785,8.27119307767937,8.45952685705801,8.96375661356881,10.0391553247133,11.6593153042576,12.0416718095693,13.5808240956967,14.4641256263021,14.965928891108,17.1060953662636,16.9182499352683,18.0940217196962,19.5618935625727,19.8002706507364
446.799999999934,0.894894617345566,1.54502948392582,2.83059800793026,3.55124148017803,5.01171479815579,5.97768895675959,8.25568690849104,8.45318385625686,8.9569319081318,10.0130520710804,11.6285357069505,12.0363077544536,13.5159431232167,14.4694959392162,14.9953936159367,17.0910376869961,16.9005963398099,18.0559521035385,19.6161505902133,19.8512796564925
447.399999999934,0.877917707526959,1.53570800604344,2.88876361774282,3.56219380411506,5.00733336101743,5.97387106114876,8.2399950871427,8.44660717483208,8.95198065098789,9.98741040095108,11.5973511128368,12.0306932827888,13.4506840995097,14.4748009105388,15.0247968264622,17.0759750698554,16.8835629708527,18.0187182051334,19.670129739692,19.9017752302548
447.999999999934,0.860670407103288,1.52612180767924,2.94683889829075,3.57299623233216,5.00288397468214,5.97000785299754,8.22420488579207,8.43990666236554,8.94787316434702,9.96339461449728,11.5659519045392,12.0249461114517,13.3852247405046,14.4800712563233,15.0541674395899,17.0609098360579,16.8663178228438,17.9812395069537,19.7239616371572,19.9519987283192
448.599999999934,0.842899571271339,1.51602305250672,3.00473928160649,3.58350842961866,4.99830302382544,5.96605690984779,8.20822419921861,8.4329663858917,8.94224366041688,9.94707443054938,11.5341371561961,12.018942004497,13.3193774885028,14.4852745594852,15.0834749370188,17.0458395358399,16.8486626242254,17.9432868228159,19.7775084224862,20.0016954282666
449.199999999933,0.824981208072777,1.50577986363406,3.06259038052296,3.59393884255166,4.99368499932084,5.96208124379853,8.19218983569634,8.42595854616989,8.9365814525526,9.93235187673859,11.5022053125664,12.0128654954956,13.2534209318935,14.4904589706649,15.1127646490358,17.0307678079522,16.8308918771922,17.9052005738817,19.8309748658899,20.0512436814466
449.799999999933,0.807115119741215,1.49558785341821,3.12045894288012,3.60439823496352,4.98908011149764,5.95811433806482,8.17617449207136,8.4189746468185,8.9309853254288,9.91698469293322,11.4703149604964,12.0068146414451,13.1875031062937,14.4956500760322,15.1420606631381,17.0156965859452,16.8131620735999,17.8671616523155,19.8844697776622,20.1008445352741
450.399999999933,0.78984170872789,1.48597609200654,3.17852550067542,3.61518618832254,4.98462416356752,5.95424675425435,8.16037479053906,8.41226217646044,8.92550263836787,9.89522503959392,11.4388950277255,12.0010546558067,13.1220244016727,14.5009170781605,15.1714281284594,17.0006310994671,16.7958964748955,17.8296593147551,19.938287455562,20.1510417600259
450.999999999933,0.772879730060784,1.47666923216763,3.23669609853086,3.62614678960228,4.98024647862961,5.95043136083256,8.14468840180076,8.40569233306927,8.91771546875828,9.8735130945411,11.4077222847517,11.9954475119073,13.0567764406159,14.5062239615286,15.2008331390352,16.9855686268199,16.7788748005204,17.7924389343587,19.9922747363961,20.2015523579917
451.599999999933,0.755719995003077,1.46716876291322,3.29480063200018,3.63699776119821,4.97581909748306,5.94658282704171,8.12893006058412,8.3990319229964,8.91135018911601,9.85205815921889,11.3763925787563,11.9897433150491,12.9913819597292,14.5115055207127,15.230214308754,16.9705042404206,16.7614735244703,17.7550395140144,20.046154321082,20.2518639671355
452.199999999933,0.739429070467379,1.45851888512054,3.35319540859957,3.64833037297039,4.97161004854236,5.94287989006946,8.1151003076019,8.39012120805028,8.90538921392062,9.83164388255611,11.3377478257715,11.9844655045721,12.9266311898724,14.5168983375787,15.2597002193984,16.9554482617799,16.7437169080415,17.7179710824,20.1005070512704,20.3030498012884
452.799999999933,0.726759221523779,1.45341414853283,3.41279987625059,3.661670390779,4.96831097640508,5.93978377941059,8.1025642464293,8.35014949749369,8.90204571592236,9.8156992562199,11.3154442978659,11.9735803120791,12.8645633137422,14.5227548602422,15.2896226749504,16.9404273254518,16.7331341674721,17.683505467533,20.1551617683118,20.3528864233062
453.399999999933,0.725116549471397,1.46067663703113,3.4753113579258,3.67983441509094,4.96745616403554,5.93828250605518,8.08375433775337,8.33371250102416,8.90105139839929,9.80865258519323,11.2746610726804,11.958745104488,12.8089427116311,14.5297257164004,15.3205941935392,16.9254905994628,16.7286721357054,17.6572206814023,20.1569917891108,20.3990257591673
453.999999999933,0.71139227058435,1.47437829749632,3.53904420744526,3.70002522234048,4.96989952329141,5.93723460107125,8.0578059081573,8.3136770307925,8.8980306604243,9.80762960301694,11.2373352612271,11.966906771489,12.719254908223,14.5351992719072,15.3520064708755,16.9105892540395,16.7390004928138,17.624703913574,20.1609530646257,20.4416051816899
454.599999999933,0.69475828278845,1.4764678509892,3.52012757462869,3.72681804790762,4.96935470114651,5.93639312499863,8.047923398219,8.30444515574822,8.90287679812021,9.8202067190558,11.1759392625021,11.9801948328209,12.7369319043547,14.5617130627174,15.315673985437,16.8717517193737,16.754291821689,17.6146197596327,20.1778835375822,20.4781945891815
455.199999999933,0.682332013784742,1.4792819819958,3.50955187163658,3.76745212068897,4.97896231168562,5.94434575905996,8.05101709184258,8.30588483124362,8.9208671178292,9.84941266811748,11.1309489179386,11.9736404590239,12.7814643652142,14.5096955716671,15.2823515168363,16.8331558046371,16.7744915984985,17.6217038810254,20.1481048598031,20.4940827708278
455.799999999932,0.662696601365156,1.47605259794969,3.5003842969519,3.81042289362246,4.98885704617279,5.95270380691443,8.06412268948187,8.30763768975959,8.93890898701886,9.88054173262311,11.098231736604,11.9807754414209,12.8240803582492,14.4566625528084,15.2495372038022,16.7946006805405,16.8025456693569,17.6547037274433,20.0776462342255,20.4854725183995
456.399999999932,0.678555920193304,1.48397995857298,3.49212388593259,3.8548990474674,4.99994318508269,5.96118539384966,8.06398412590229,8.30478978743917,8.94793886649493,9.91134001289867,11.078183072507,11.9686201708342,12.8687082895413,14.4039772731928,15.217050261693,16.7560718351475,16.8365324015595,17.6909663264988,20.011881081787,20.4676677100987
456.999999999932,0.690919057692403,1.48848445320409,3.4826955072292,3.89743703257398,5.0101507331341,5.96908108447447,8.07265021155962,8.30065725959387,8.9599530132009,9.94144487592667,11.0688150919149,11.9555055604389,12.9107458626026,14.3508442814231,15.1841418315154,16.717509156084,16.8707857801524,17.7232618565342,19.9442119440359,20.4463449320207
457.599999999932,0.703817596821724,1.49351312202936,3.4734459899013,3.94027182685703,5.02049282769016,5.97706649866046,8.08151109989472,8.2967699301408,8.9701190664758,9.97264143591574,11.0598720698166,11.9426537092504,12.9531801204715,14.2977798518344,15.1512979475891,16.6789516582741,16.9028760452911,17.7544429237995,19.8768343806465,20.4255608922327
458.199999999932,0.716770079579869,1.49859460327913,3.46421449349658,3.98313652572599,5.0308484782877,5.98506095281609,8.09039161529612,8.29290730530257,8.98004838695949,10.0036121923786,11.0509718638061,11.9298283319916,12.9956543457534,14.2447223301306,15.1184605669285,16.640394682494,16.9350085609011,17.7856728292562,19.8094861944166,20.404831132254
458.799999999932,0.730222286447807,1.50416532936449,3.45514993969456,4.0262782553194,5.04132970962402,5.99313915163033,8.09945395232199,8.2892735395887,8.99117629019134,10.0276036821135,11.0424682983591,11.9172482044728,13.0384988219856,14.1917288018346,15.0856834313552,16.6018425427048,16.9675324773075,17.8173551629675,19.7424101529285,20.3846042107001
459.399999999932,0.743795947655019,1.50985496287715,3.44612596008759,4.06948731523154,5.05184146245281,6.00123770397961,8.10856047978181,8.28569539643373,9.00240313946927,10.0501761102256,11.0340611335392,11.9047276831339,13.0814332850398,14.1387508266746,15.0529209379157,16.5632915782683,17.0001515208534,17.8491474561017,19.6754002542562,20.3644995003974
459.999999999932,0.757390635554324,1.51556518214967,3.43710900485795,4.11270803165501,5.06235849929226,6.00933978001949,8.11767465767765,8.28212688289287,9.01324101255317,10.0730880777253,11.0256706580061,11.8922174810705,13.1243833269956,14.0857755441397,15.0201609793847,16.5247408173138,17.0327870332146,17.8809587858792,19.6084018065097,20.3444159478266
460.599999999932,0.77048284728984,1.52078346224348,3.4279241876482,4.15565019170519,5.07274926380138,6.01735765020664,8.12660601263059,8.27832824986689,9.0245902416521,10.1005441534369,11.0168813575518,11.8794606786407,13.1669610789748,14.0327359157759,14.9873404439879,16.486185193736,17.0650289892778,17.9123151958133,19.5411297152805,20.3238267876258
461.199999999932,0.783569891878354,1.52599668354598,3.41873764425204,4.19858948725784,5.08313872980574,6.02537465447408,8.13553548754807,8.2745272504377,9.03672181962058,10.1269271430382,11.0080879558342,11.8667013403287,13.2095350025594,13.9796956257203,14.9545192856569,16.4476295201541,17.0972668982569,17.9436669276395,19.4738548100748,20.3032324280761
461.799999999932,0.797032227397021,1.53157732588306,3.40967647412369,4.24173683184439,5.09362250647341,6.03345455066569,8.14460150982285,8.2708981233516,9.04596284535004,10.1533249422949,10.9995924296906,11.8541261836507,13.2523869832175,13.9267033944737,14.9217433711603,16.4090774783831,17.1300024290715,17.9753584313862,19.4067842845483,20.2830156982955
462.399999999931,0.810846986884538,1.53750300181633,3.40073303810794,4.28507954876837,5.1041948473338,6.04159350669527,8.14664946238462,8.26557243617752,9.05334668523855,10.1779577964232,11.0060822447674,11.8417239861817,13.2955000785723,13.8737562937508,14.8890099437327,16.3705288471321,17.1605261504913,18.0100464096487,19.3399056855831,20.2631535888142
462.999999999931,0.820480024227505,1.53933464681724,3.39039261610556,4.32610405551912,5.11371632083362,6.04903168226116,8.14433677262878,8.28618075690751,9.05834552455961,10.1961568111056,10.9993628786327,11.8361565113106,13.3355148911594,13.8202736922482,14.8557723817019,16.3319397480118,17.1874223283054,18.0453128934453,19.2767903487441,20.2444085797462
463.599999999931,0.807605514035306,1.52764838554306,3.37774767564819,4.36330435917989,5.12098726783469,6.05520905541271,8.14347426392032,8.32124033640999,9.06149598004033,10.2112607775393,11.0045116159854,11.8427854607725,13.3704186647774,13.7659077093509,14.821703181052,16.2932838916349,17.2089523152292,18.0714797271117,19.236297311799,20.2131344676562
464.199999999931,0.805531185967845,1.51643278174318,3.36307005483734,4.39713155794237,5.12580360002641,6.06115405871365,8.14649322420878,8.35293369857268,9.06647625973006,10.2217066217464,11.0229570834742,11.8436281858126,13.4036977527924,13.7405290167259,14.7869004408294,16.2545691526037,17.22539450791,18.0981218003565,19.1811345953475,20.1671653967781
464.799999999931,0.812359741133372,1.51929725244582,3.37467382352519,4.47568044452856,5.13378363837302,6.07292444175052,8.13847679901011,8.36936239585777,9.07022566777836,10.2314411697127,11.0535868693333,11.8387910668715,13.3657285537388,13.7195794959397,14.7744084115557,16.2863145591712,17.2364108436928,18.1176705858235,19.0848154813245,20.1266336670134
465.399999999931,0.809462206130878,1.52628632110848,3.37665313623049,4.53825815317607,5.12916646840204,6.0760374115541,8.11939184621572,8.38157056470457,9.06025856237286,10.224593450105,11.0597641318728,11.8580620492207,13.3362876482306,13.7665346299041,14.7584431754333,16.3177811646483,17.2295657385181,18.1208026242326,19.0293463016686,20.1025133796038
465.999999999931,0.811270231791118,1.52950279486363,3.3772170793578,4.59848714523948,5.12404732788635,6.07796222015345,8.1015319280857,8.39731875890491,9.05011052466818,10.2124148836145,11.0475125612602,11.8739159365706,13.301230684827,13.8105435181177,14.7419671705649,16.3492067697203,17.2160351648401,18.1198109039342,18.9932512860707,20.1080408509206
466.599999999931,0.78961653280248,1.52082689915409,3.37684451284337,4.65716205859374,5.11810942182068,6.07957928055544,8.085812182422,8.42300158558693,9.04600366342622,10.2026658056211,11.0203810614116,11.9078810733491,13.2640966986665,13.8541934180176,14.7251532045994,16.380605245995,17.2023354423133,18.1146261953282,18.9574783493627,20.116423990594
467.199999999931,0.772780616681433,1.51686775683197,3.37808142082853,4.71850779341234,5.11338222526494,6.08200371361324,8.06273266920747,8.45229254500145,9.04036294789315,10.1948338877136,10.980659184663,11.9359281266524,13.2305322594843,13.8984602710276,14.7089200546164,16.4120503455031,17.1830725787299,18.1130852809355,18.9243291289195,20.1296549378932
467.799999999931,0.755413980536531,1.51238902374822,3.37914103142029,4.77955931438414,5.10852165869288,6.08433920766181,8.0394600566897,8.48134045006361,9.03647158685845,10.1865454747858,10.9405160653003,11.9637147183412,13.1965746041466,13.9426591613713,14.692622922781,16.443490309063,17.1658642950549,18.1121872044014,18.8908908836704,20.1423518576848
468.399999999931,0.738027477178154,1.50789084006882,3.38019400498121,4.8405998216217,5.10365609948729,6.08667137232727,8.01618021560528,8.51037925651919,9.03274049782965,10.1782349072764,10.9003571769512,11.9914915597922,13.1626022289776,13.9868555075698,14.67632339582,16.4749300803614,17.1486404507077,18.1112711409653,18.857441818936,20.1550287864491
468.99999999993,0.720548239843707,1.50330186705589,3.38121599894556,4.9015889201718,5.09876723622053,6.08898799646744,7.99286663381905,8.53937559350783,9.02835005279556,10.1718491229538,10.8601246838754,12.019222890164,13.1285611462115,14.0310399784895,14.6600126891574,16.5063689542434,17.1313439739793,18.1102711202612,18.8239422522076,20.1676124033128
469.59999999993,0.703070428804256,1.49871429042839,3.38223846939161,4.96257880941327,5.0938787313819,6.09130485962867,7.96955357098172,8.56837258369814,9.02358595380847,10.1659867969691,10.8198933228771,12.046954920519,13.0945211202026,14.075224632057,14.6437021544441,16.537807841928,17.1140486143732,18.109272390862,18.7904434622252,20.1801974553602
470.19999999993,0.685491701927592,1.49402791418081,3.38322722693051,5.0235127542107,5.08896486637924,6.09360481113371,7.9462037905214,8.5973233573668,9.01913787089967,10.1607296992032,10.7795818630528,12.0746374243806,13.0604063245681,14.1193963625971,14.627379453651,16.5692457530177,17.0966742140759,18.1081822966973,18.7568897144893,20.192680962656
470.79999999993,0.668085807976469,1.48951074653171,3.38427372268507,5.08454251193697,5.08409443431498,6.09593372628901,7.92291689428594,8.62635328349424,9.01403509127815,10.1545995803112,10.7394075840202,12.1024047495049,13.026419582701,14.1635902256853,14.6110775890242,16.6006853366672,17.0794351823618,18.1072486778704,18.7234300898324,20.205338379984
471.39999999993,0.650373559032382,1.48469364819039,3.38521787456853,5.14540243646133,5.07914701519808,6.09821130192758,7.89951853262105,8.65524290793509,9.01013816475606,10.1499515545042,10.6989901451826,12.1300217247044,12.9922058591353,14.2077448577266,14.5947387912519,16.6321219556209,17.0619562030728,18.1060376986919,18.6898036273168,20.2176875330936
471.99999999993,0.632550429730661,1.47976799466577,3.3861249847021,5.206200892537,5.07417173183178,6.10047029603783,7.87607982780211,8.68408175239343,9.00750942816386,10.143842679032,10.658484698489,12.15758428312,12.9579099831239,14.2518852907092,14.57838662611,16.6635575015497,17.0451789418415,18.1047263333089,18.6561167804697,20.2299251148315
472.59999999993,0.613410875718662,1.47355352201408,3.38659231744034,5.26626956575045,5.06886563075142,6.10250868134458,7.85876210808955,8.71608851816059,9.00791211279446,10.1373365376333,10.612892609066,12.184500779415,12.9226387539317,14.2958571456672,14.5618757571552,16.6949803080135,17.0301982366464,18.0969683986867,18.6217130219194,20.2408380678095
473.19999999993,0.598785418028341,1.47175848454572,3.38856767225315,5.3288407065249,5.0646939227089,6.10530354697311,7.8390776457017,8.72493882059405,9.00797829537908,10.1354750506405,10.5725228125839,12.2131805520714,12.8907120670983,14.3404070644028,14.5459090927361,16.7264467988384,17.018746788711,18.089808304313,18.5839354808513,20.2571318728392
473.79999999993,0.603943454314595,1.48142157785482,3.39282336782877,5.39519592903342,5.0621012920489,6.10922572815814,7.81309602147284,8.68344360484253,9.00901867655639,10.1332614814758,10.5294110410362,12.2360611253358,12.8638427971306,14.3858310965997,14.5307653418585,16.7579793465407,17.0134343084702,18.089277633007,18.5648361455631,20.2844547804628
474.39999999993,0.592118170353768,1.4787353446775,3.39797565902308,5.46303899544619,5.06257411686405,6.11284531512974,7.78186301410901,8.63589359086768,9.00753116142146,10.1392749882249,10.4964613312348,12.2390490113757,12.8737667374945,14.3958691274876,14.5159451481825,16.7895378668117,17.0011865590549,18.1009202379575,18.5643126182185,20.3404548098855
474.99999999993,0.554695262887173,1.44632900206941,3.4206046309169,5.36592646934553,5.05818617860415,6.10588818683161,7.75515495849739,8.60379457176654,9.00244152443803,10.1367063270278,10.4901835055132,12.2481075375021,12.9129372768468,14.4178187299408,14.5702931480945,16.721436370528,16.9768614646777,18.1072974162796,18.6364536438331,20.4057910024048
475.599999999929,0.52720409702479,1.41060335554227,3.44647195144342,5.27418777861962,5.06253232175997,6.10185030131698,7.73197304978729,8.57682669903466,9.00137992129986,10.1396286952907,10.4849574069447,12.2289214050425,12.9388502690764,14.3982763057428,14.6258097807838,16.6534286826679,16.9735960197966,18.1200926185208,18.716406305291,20.4779547597684
476.199999999929,0.50646186361377,1.38147805724339,3.47221686532602,5.18224596178514,5.06625098189549,6.0992643417175,7.71654783144595,8.545872046682,8.99949867452629,10.1392606507465,10.5113525879509,12.2068058456967,12.9732960495864,14.381301084973,14.6812822402133,16.5854174489339,16.9717361413585,18.1260919494837,18.7827350208123,20.5123112788294
476.799999999929,0.491248225775305,1.35677997003163,3.49756390224809,5.0896438932184,5.07014812077279,6.0964196748008,7.70305865719888,8.51435777402987,8.99741212663576,10.1411714509363,10.5463066035556,12.179892607444,13.0068594051181,14.3641733476969,14.7366111165679,16.517394689506,16.9647228947968,18.1319691605056,18.8508463531678,20.5362586887506
477.399999999929,0.471779307330503,1.32791583595533,3.52148937954189,4.99468283606934,5.07297590703763,6.09286190036189,7.68820415335409,8.48449325454526,8.99482645608956,10.1408966476477,10.59455620688,12.1631745828366,13.0372699776285,14.3465006899302,14.791426990354,16.4493307503599,16.9625387334398,18.134164239336,18.9166403023538,20.5559242988613
477.999999999929,0.452658859229758,1.29939286475841,3.54553127016267,4.89991495949727,5.07589126394873,6.08936252320545,7.67347643835702,8.45478832435491,8.99089759283927,10.1405228882715,10.6430823977694,12.1466275771182,13.0679387355527,14.3288726563959,14.8462848745733,16.3812701834732,16.9593785052643,18.1362718656684,18.9826240249966,20.5759405510073
478.599999999929,0.43361450005216,1.27094438689083,3.56959857977489,4.80518926413896,5.07882574201687,6.08587589716661,7.65877640785893,8.42511824068083,8.9864404619764,10.1401106918484,10.6916689818892,12.1301179135817,13.0986638685757,14.311254366617,14.9011519318218,16.3132103529236,16.9562778725024,18.1384483795688,19.0486491849043,20.5960333662679
479.199999999929,0.414440671297273,1.24236915443845,3.59362263754518,4.71039179507576,5.08172768436211,6.08236757438483,7.64402927063055,8.39538886370171,8.98187895891489,10.141209615934,10.7401528035345,12.1135447102249,13.129293076201,14.2936194972909,14.9560033806458,16.2451492694552,16.953075834796,18.140507677402,19.1146038369779,20.6159959050878
479.799999999929,0.395058889720637,1.21359032995981,3.6175772246123,4.61547904376034,5.08457736813412,6.07882440249787,7.6292064710134,8.36556425037163,8.97816571873078,10.1432717331608,10.7884715690563,12.0968694498039,13.1597682093512,14.2759579980515,15.0108297593648,16.1770861735605,16.9497109214178,18.1423787038863,19.180445240029,20.6357491951097
480.399999999929,0.375805262018231,1.18493697195335,3.64157462398503,4.52063733676703,5.08745925699268,6.07530270686598,7.61443029941587,8.33579832779285,8.97387480135246,10.1448194151991,10.836892052754,12.0802570834954,13.1903382930807,14.2583129098736,15.0656715878914,16.1090243178521,16.9464463824812,18.1443657552583,19.2463564343955,20.6556314376695
480.999999999929,0.356181093415882,1.15592084333384,3.66544823693035,4.42559021400142,5.09024802887118,6.07171891532846,7.59951930873106,8.3058627082468,8.96973677281583,10.1500411386961,10.8850184310673,12.0634628667266,13.220633839085,14.2406203711637,15.1204687452316,16.0409588763003,16.9428916234001,18.1460173351784,19.3120658359018,20.675140830093
481.599999999929,0.336863477457943,1.1272048389132,3.68942425977609,4.33071303400922,5.09311383747215,6.06818649643045,7.58471985539,8.27606748090596,8.96434141671014,10.1538528683414,10.9333881260653,12.0468190968842,13.25115651323,14.2229670888114,15.1753028595456,15.9728964013569,16.9395769667012,18.1479464543949,19.3779421829057,20.6949586856181
482.199999999928,0.317589227475244,1.09853129107813,3.71341476987316,4.23585989469728,5.09599054394878,6.06466134488001,7.56993618049929,8.24629211392191,8.9579565980762,10.1597399488347,10.9817922414655,12.0301966097735,13.2817113176909,14.2053193597964,15.2301422019182,15.90483434608,16.9352050132122,18.1499148352602,19.443842146585,20.7148201773783
482.799999999928,0.298755819007184,1.07028934025856,3.73755255169155,4.14125114352226,5.09897803395978,6.06121007033774,7.55120855486578,8.21460616033349,8.9509877898291,10.1671551321435,11.0272506433123,12.0137904745753,13.3125927463562,14.1877280838328,15.2850346906871,15.8367765569682,16.9328800012279,18.1586580104527,19.5099821881349,20.7351252580077
483.399999999928,0.281864344446388,1.04394860076056,3.76233907447398,4.04771893707784,5.10245353223363,6.05808422854709,7.54200384533986,8.16875827032761,8.95005344100475,10.1739654716592,11.0680101709366,11.9877780024889,13.3449129746722,14.1703854870222,15.3401612925908,15.768737560575,16.9346307431244,18.1703709784434,19.5787230613782,20.750681015429
483.999999999928,0.254542947533087,1.00944840037125,3.7857956015936,3.95197968667925,5.1056368379241,6.0542494236472,7.54838956363014,8.16713069076835,8.94796750684132,10.1703063075701,11.1004906273133,11.963186637049,13.3742834936263,14.1525330685519,15.3948079348941,15.7006600368871,16.9341791512398,18.1792149102118,19.622345952529,20.7595034408882
484.599999999928,0.256029622580905,1,3.81014134216488,3.8577160299441,5.10695608588941,6.05157075192837,7.5659003922582,8.18171602149112,8.94881790814297,10.1579773395523,11.0777225566919,11.9598440951619,13.3704499113824,14.1471229276804,15.4497754703738,15.6326082719214,16.9437724416979,18.1755479895631,19.6642157295102,20.7257733724489
485.199999999928,0.284569363423382,1.02955528846179,3.78299108885581,3.87666143816764,5.11111407192577,6.05426318441483,7.58013475378101,8.19490326043794,8.95193659911885,10.1506228853876,11.0388601370325,11.9876467897565,13.3362521314955,14.136338775675,15.438626163314,15.7023673631877,16.9704016494813,18.1709091787423,19.6580518318825,20.6798781013245
485.799999999928,0.329723981496105,1.08105428110037,3.75573473653011,3.89543078178582,5.11077643676436,6.05879677764629,7.59465976885208,8.19531276317494,8.95587679813229,10.1408031313421,11.0208296870137,12.0441660882094,13.2873574521478,14.1358411045189,15.4274385679721,15.7721233809961,16.9843264722263,18.1682487456923,19.6355884700361,20.5929504919248
486.399999999928,0.376934332298056,1.14135199224856,3.73146814082466,3.9191614380291,5.1143399152986,6.06340346919233,7.59326206466478,8.19879265540878,8.96193999402342,10.144490695024,11.0109196664428,12.0833540450763,13.2327338167917,14.1327227014999,15.4173298952407,15.8419660060299,16.9951071112124,18.1763180300696,19.6022273553363,20.516889825432
486.999999999928,0.414543812902421,1.20412864344817,3.70984801491591,3.94728374405592,5.11826251700591,6.06917967591914,7.60094523855428,8.18819830090678,8.96425604912365,10.1416399213718,11.0053004863401,12.108921493233,13.1839796116538,14.1306187586489,15.4081762621545,15.9118852939616,17.0078801632051,18.1913888950319,19.5647116720632,20.4585242866322
487.599999999928,0.452952565535232,1.26768780584788,3.68849490144548,3.97584914039061,5.12238597588623,6.07508982607996,7.62002099214782,8.1686021379746,8.96716980207747,10.1383202855804,11.0019974415238,12.1251476021066,13.1358175957321,14.1286171685561,15.399118986663,15.9818123167057,17.0197355771415,18.2078612791511,19.5276312643261,20.4009630009825
488.199999999928,0.49144393927631,1.33132785678135,3.66716938917055,4.00446033916915,5.12653019746264,6.08101382203363,7.6391268069381,8.14904381310857,8.96859948955992,10.1351006127252,10.9987599746583,12.1414142589633,13.0877167946752,14.1266261587138,15.3900716716994,16.0517401390008,17.0324579015052,18.224805819696,19.4905958512165,20.3434848513416
488.799999999927,0.529896889748248,1.39493029018623,3.64583104085184,4.03305023734226,5.13066476326612,6.08693137894726,7.65821864165205,8.12946789150156,8.9694527554053,10.1331154098471,10.9954920105107,12.1576620588215,13.0395875254063,14.1246302284848,15.3810197245534,16.1216675894615,17.0451501314672,18.2417155735011,19.4535395131797,20.2859680389751
489.399999999927,0.568386247081523,1.45856836699622,3.62450485495648,4.06166031829017,5.13480847811896,6.09285503698771,7.67732372278444,8.10990864317934,8.97087962516651,10.129920989737,10.9922529431837,12.1739277260851,12.9914852303712,14.1226389604264,15.3719721664983,16.1915953922432,17.0578708765123,18.258658288479,19.4165030019547,20.22848786036
489.999999999927,0.607039206287725,1.52236661492834,3.60323332346331,4.09036109477286,5.13899330614538,6.09880611172215,7.69648832947847,8.09042431976198,8.9718183293635,10.1257105889445,10.9891437297857,12.1902736842853,12.9435041497178,14.1206686428108,15.3629443317444,16.2615247782528,17.0707197600684,18.2757491214051,19.3795555866699,20.1711723031959
490.599999999927,0.645651989643928,1.58612552950283,3.58194837044246,4.11903959907653,5.14316803797507,6.1047504537159,7.71563831843012,8.0709215969725,8.97318226404265,10.1213096613984,10.9860026280489,12.2065999253725,12.8954933023463,14.1186931803773,15.3539116535228,16.3314537754678,17.0835371765423,18.2928035808817,19.3425862920199,20.1138163198032
491.199999999927,0.684437209891337,1.65005326494635,3.56072102333427,4.14781369676054,5.14738610321966,6.11072369299179,7.7348510475119,8.05149784526958,8.97428419905401,10.1154739846476,10.9829983927636,12.2230107933607,12.8476102153162,14.1167397997767,15.3448997637229,16.4013844414099,17.0964896514118,18.3100141571439,19.3057109047726,20.0566338479403
491.799999999927,0.722942291021277,1.71370673582311,3.53940009028041,4.17643249446775,5.1515337694648,6.11664998605416,7.75396184965352,8.03194579798942,8.97645281626011,10.1110454241209,10.9797718057142,12.2392841773964,12.7995195702107,14.1147505452681,15.3358541012768,16.4713123963558,17.1092227118654,18.3269711077565,19.2686829565696,19.9991694911137
492.399999999927,0.761763579410397,1.77766978305511,3.51818479243967,4.20522658715146,5.15576089863846,6.12262926969363,7.77318770191265,8.01253856444756,8.97707930094405,10.1048467702653,10.9767961984014,12.2557127465564,12.7516632064535,14.1128017834627,15.3268465597329,16.541243411341,17.122863999427,18.3442143385296,19.2318272116708,19.9420233121717
492.999999999927,0.801916302294048,1.84293634444146,3.49741428630596,4.23475878363154,5.16032261748706,6.12883167750306,7.80034456848858,7.99151722737582,8.97497899179962,10.097301288267,10.968036343754,12.272794744193,12.7047933167871,14.1110235217969,15.317999531532,16.6111873110458,17.1323891041153,18.3569598857535,19.1956965526533,19.8862168653158
493.599999999927,0.837880693744352,1.90410240420424,3.47524458622356,4.26196910596455,5.16383180805989,6.13433219725236,7.82135662949521,7.99206695966767,8.96772704168715,10.0875509107409,10.9675409776978,12.2940701072304,12.6548202474601,14.1087089129828,15.3086475719338,16.681090678921,17.1374628114216,18.364331227474,19.159928510015,19.833521329731
494.199999999927,0.880180902265171,1.96823738862326,3.45413512761026,4.29093883217367,5.16736558874207,6.14023407629891,7.82711287300673,7.97483415499218,8.9633443290775,10.0938346233783,10.9946450909527,12.2967238073767,12.607198617521,14.1068007220845,15.2996782249154,16.7510247598554,17.1406722579956,18.3731937854798,19.1297674542473,19.7867819872192
494.799999999927,0.90600908797082,2.02504158255758,3.43224068990303,4.31860593506464,5.170918191893,6.14376384408614,7.82047002546519,7.95836903388987,8.95699613539126,10.1053564056355,11.0624882143495,12.2896193308985,12.5516382075841,14.1021359661895,15.2904256000919,16.820936101527,17.1272441014038,18.383429528463,19.0982530776698,19.7940958187909
495.399999999926,0.93023721832148,2.06105687229761,3.44821849045152,4.32946121610329,5.17643814560605,6.14690677486756,7.81961125450167,7.92551654057968,8.95159607824561,10.1181984525707,11.1115801615418,12.2243697019729,12.5585672031053,14.0958772189225,15.2855403302655,16.8075108011994,17.1107069636394,18.4018438184188,19.0847956455369,19.8025777855343
495.999999999926,0.932632075749822,2.07043416113935,3.46036592245654,4.33396024201604,5.17842848905475,6.14733951366842,7.8137747719518,7.91489570400749,8.94155158570314,10.1251909407426,11.1489037260893,12.1228404938999,12.6146523740843,14.1456495923452,15.2792727836331,16.7939745428022,17.1002333573238,18.398711715033,19.0655893456998,19.8288915303023
496.599999999926,0.926899359234067,2.07024434221055,3.46643351525504,4.32837015806298,5.17416258024965,6.14504215176042,7.8163314425106,7.91152927086527,8.92716895297746,10.111558873617,11.1303688418561,12.0475938306991,12.6957787301104,14.1983139083592,15.2708111868416,16.7802621637129,17.0908271596589,18.3860379444307,19.0828229809696,19.8637562650584
497.199999999926,0.942565543467877,2.06908224496769,3.46935703079212,4.31756267610981,5.1696960981213,6.14153894264468,7.81595371994935,7.92558012805539,8.91756217720594,10.1022960097364,11.0946713652908,11.9772211685688,12.769932045257,14.2497730184227,15.2612149772781,16.7664587070401,17.0853871890128,18.3652817524069,19.0994622116187,19.8865979308621
497.799999999926,0.961096382307708,2.07072473017934,3.4732375401699,4.30834326510256,5.16594950409595,6.13851579746225,7.80062725383615,7.94456996724673,8.90834959121359,10.0963008309841,11.0476282218351,11.9094942539438,12.8462078137094,14.3015989689218,15.2519641210071,16.7526829725506,17.0811858515933,18.3459069732395,19.1176615044535,19.9123221039929
498.399999999926,0.979733955116856,2.07247171113624,3.47715370611555,4.29918302392176,5.16222973233203,6.13551053894897,7.78533962223651,7.96360868749565,8.89889364433894,10.0892849961142,11.0006697951664,11.8418197211788,12.922562662504,14.3534385875035,15.2427261322309,16.7389082709601,17.0772866256787,18.3266602133226,19.1359189235383,19.9381536762665
498.999999999926,0.998622287947091,2.07446419364667,3.48115364334569,4.2901617959063,5.15857297659653,6.13254730324778,7.77014322816872,7.98276224854916,8.88904707734042,10.0801965879018,10.9539104015123,11.7742682539789,12.9991033020864,14.4053103177804,15.2335183742541,16.7251359960549,17.0735838034797,18.3076404805121,19.1543129040172,19.9642375713149
499.599999999926,1.01747276655257,2.07641961573997,3.48514093463245,4.28111958274503,5.15490670808905,6.12957772386801,7.75493306106797,8.00189847346748,8.87874982692444,10.0721554758139,10.9071209622375,11.7066982090506,13.075615895068,14.4571772005409,15.2243060526971,16.7113633548223,17.0698513325737,18.2885864761495,19.1726862694648,19.9902833762285
500.199999999926,1.03635917893189,2.07841021807157,3.48914023029845,4.27209729009431,5.15124946974396,6.12661416633422,7.73973596825563,8.02105115501028,8.86786274986622,10.0645866633178,10.8603600442849,11.6391457993504,13.1521551117678,14.5090486848897,15.2150980631971,16.6975910613323,17.0661470062127,18.2695650046471,19.1910792040855,20.0163653388576
500.799999999926,1.05533745245389,2.08049075520673,3.49317021397397,4.26312592226072,5.1476153161169,6.12366600305474,7.72457229856989,8.04024590628768,8.85596308373566,10.0575115732226,10.8136720382744,11.5716384723688,13.228762389373,14.5609319327444,15.2059011481729,16.6838196568121,17.0625146286004,18.2506267001876,19.2095221653638,20.0425397351144
501.399999999926,1.07429120389312,2.08254728449012,3.49719200556863,4.25414096018538,5.143975000087,6.12071373032085,7.7093997066712,8.05942942716359,8.8449318096562,10.0494428248012,10.7669645686188,11.5041191106777,13.3053514983042,14.6128120403632,15.1967012768475,16.6700480149838,17.0588630444649,18.2316661945116,19.2279517721616,20.0686894564651
501.999999999925,1.09336496700683,2.08472130878886,3.50125388940799,4.24522252866254,5.1403648430077,6.11778156935766,7.69427078030151,8.07866790989982,8.83308469057961,10.0412884234109,10.7203523545198,11.4366586471495,13.3820295251717,14.664707516374,15.1875158737329,16.6562775345471,17.0553054575251,18.2128143421333,19.2464467361145,20.0949599374113
502.599999999925,1.11200895007805,2.08647456558388,3.50517219682693,4.23606584112166,5.13664668214354,6.11477738508755,7.67898548103733,8.09770956586255,8.82381217623773,10.0343212308276,10.6733990157983,11.3689872603505,13.4583891233981,14.7165479558377,15.1782786577566,16.6425028949907,17.0510357273866,18.193573385786,19.2647076461637,20.1207979598962
503.199999999925,1.12902384057401,2.08663289206927,3.5085462740412,4.22600603786658,5.13251913008706,6.11150019457483,7.6528349012573,8.12110414167069,8.8160134513801,10.0289619722733,10.6428245987835,11.3005163633362,13.5335417094706,14.7681797778194,15.1688450437628,16.6287124901819,17.0478293961718,18.1752074446487,19.2820813687241,20.1449967371884
503.799999999925,1.146668176327,2.08740746426956,3.51213062974196,4.21629517850302,5.12854975771183,6.1083284876222,7.62558792115631,8.16088813403122,8.80713317734464,10.0243818709029,10.6004292412414,11.2329573209005,13.6091606582821,14.8198922049715,15.1594873136092,16.6149281767171,17.0408311354702,18.1569601507776,19.2946462647325,20.1650983840698
504.399999999925,1.14309802083589,2.08479057661225,3.51706464714136,4.20882399764029,5.12467346666358,6.10601059017215,7.60358344428896,8.20551601869337,8.7977242468717,10.0079070848427,10.5139253529552,11.2005197134056,13.6877729324549,14.8721219922823,15.1506166399984,16.6011829602324,17.0287446908268,18.1429980158649,19.3092217200348,20.1865950642565
504.999999999925,1.1275696265762,2.0513082884493,3.52483693478156,4.20606274730624,5.12278999836244,6.10571731580858,7.59063267551035,8.23862524550505,8.79215759865958,9.9967266723012,10.4455169969,11.1683314178166,13.7924225021778,14.9230719838592,15.1427702216453,16.5875199627181,17.0370800923788,18.1458945731348,19.3019253715558,20.1565910715652
505.599999999925,1.0978618827984,2.01504062785679,3.51211370731954,4.20808880117305,5.11860176226894,6.10350270410528,7.5718441307966,8.28634255933491,8.78597878723876,9.98437026413174,10.4044662534578,11.1698236476532,13.8126906618704,15.0142203485028,15.1255050913005,16.5745479265726,17.0410743172018,18.1476613048861,19.3116715380463,20.122060088476
506.199999999925,1.07807074776237,1.99504454671783,3.50335372261682,4.21669160654508,5.11970648429286,6.10199549400318,7.55587835318932,8.32318730522719,8.78380644291043,9.98246551441222,10.3479282932425,11.1855400028339,13.798656510389,15.0264769179394,15.1096701884848,16.5616906975849,17.0399773037573,18.1720856752198,19.3529872944127,20.1145282169527
506.799999999925,1.06173411358929,1.97414404671371,3.49807788641204,4.23107613669478,5.12419410763957,6.10258288914567,7.54707424450829,8.34371376753453,8.78507587076455,9.9967469979856,10.3518534576334,11.2029264339323,13.7526931169519,15.0335348854293,15.0950926209877,16.5489343973592,17.0433905781658,18.2012759538387,19.3660430695842,20.0720794491953
507.399999999925,1.03498410324976,1.94856410016994,3.49256348542003,4.24506478362015,5.12806374807599,6.10272116025572,7.53076698195163,8.36442859578573,8.7804373819563,10.002420841129,10.3790669567525,11.2331966283393,13.7062006264563,15.0405014048789,15.0804289618866,16.5361711863924,17.0376528592648,18.2298912682497,19.385405973443,20.0355434703625
507.999999999925,1.00315285358416,1.91800946849559,3.48535159715216,4.25623655742761,5.13065647235839,6.1020079082068,7.52598524886137,8.39116716124612,8.77528706007509,10.0036645909978,10.4164172075902,11.2643177784617,13.6559433912707,15.04681723365,15.0651527253634,16.5233588026393,17.0313065977259,18.2575854003679,19.4020016852933,19.9938945855716
508.599999999924,0.970805923850159,1.88694997062539,3.47796743588187,4.26712245504834,5.13311960616739,6.10120823757125,7.52101588866832,8.41766956021772,8.77308447834191,10.0067348609626,10.4533581533173,11.2951858481342,13.6053040831939,15.0530670257335,15.0498143201553,16.5105414284843,17.0243692636583,18.2842962585102,19.4183165629469,19.9517268069586
509.199999999924,0.938050413389502,1.85549046001512,3.47044678023681,4.2777818488593,5.13548006358256,6.10034009624798,7.51589786882487,8.44398484108658,8.77304469623708,10.0109826156384,10.4899748007236,11.3258533985301,13.5543620532766,15.0592644960008,15.0344266578049,16.4977201003624,17.0171119153695,18.3106372056128,19.4344089316317,19.9091479013156
509.799999999924,0.905255055070102,1.82399193716045,3.46291281263598,4.28841915231889,5.13783050722524,6.09946527714938,7.51076535057666,8.47028187279377,8.77426407566396,10.0138346721693,10.5265598201239,11.3565013927812,13.5033904996534,15.0654568634519,15.0190341915283,16.4848983866199,17.0098233568922,18.3369420762148,19.450479599572,19.8665288994793
510.399999999924,0.872341471144573,1.79237766790471,3.45533934946147,4.29899091536393,5.14015124075655,6.09857064559261,7.50558981664972,8.49652476060803,8.77749175254261,10.0150352439231,10.5630510016042,11.3870913654189,13.4523313514113,15.0716340912303,15.0036274723634,16.4720755287703,17.0024422001282,18.363139910547,19.4664858830322,19.8237909352467
510.999999999924,0.839249028549687,1.76058829066725,3.44770613505386,4.30946352500458,5.1424270270792,6.09764604058067,7.50034920606711,8.52268573634791,8.78188245248449,10.016439650658,10.599400219545,11.4175935595377,13.4011396848636,15.0777884148192,14.9881991905883,16.4592509400478,16.9949209552151,18.3891758140978,19.4823947618537,19.7808729976853
511.599999999924,0.806850010829202,1.72947779710187,3.44030457277396,4.3203205467469,5.1448770711699,6.09683764094734,7.49536089397215,8.54916428053497,8.78527858146433,10.0119894210761,10.6362998220431,11.4484360659747,13.3504617842392,15.0840315366466,14.9728545058246,16.4464330618207,16.9879428240777,18.4158395140655,19.4986812729118,19.7386528064698
512.199999999924,0.774496420899137,1.69841177870071,3.43291818653504,4.33120275217246,5.1473385312707,6.09603685418423,7.49038911050665,8.57566362933026,8.7888208702331,10.0068511270602,10.6732354814455,11.4793008670209,13.2998175415518,15.0902804758423,14.9575152976852,16.4336156232129,16.9810002735196,18.4425443423589,19.5149925234893,19.6964783261539
512.799999999924,0.742124216968526,1.66732753663681,3.42552558192555,4.34207463860409,5.14979531367054,6.09523294805368,7.48541055444853,8.60215445345409,8.79249402342487,10.0017252007095,10.7101563665603,11.5101565328689,13.2491595075519,15.096527031376,14.9421738455035,16.4207980044715,16.9740378951789,18.469232318354,19.5312936370687,19.6542851158338
513.399999999924,0.711037523153268,1.63750184738781,3.41856242708693,4.35365916985626,5.15257514494242,6.09464447000362,7.48867452208194,8.62350388259021,8.79632146816151,9.99543686703575,10.7305104755804,11.5416430888731,13.1994539217779,15.1029382060893,14.9269873701732,16.4079928260246,16.9682685360045,18.4980725204378,19.5482948265728,19.6133854270167
513.999999999924,0.68109872346651,1.6087999807905,3.41198274870998,4.36588005612066,5.15564344216954,6.09424835810124,7.49632240341712,8.61953675057942,8.80136298269979,9.98986739369359,10.7607693457013,11.5701529535899,13.1505988230699,15.1094963772265,14.9119392811659,16.3951987561183,16.9642549895741,18.5307297289379,19.569531987142,19.5787107121805
514.599999999924,0.679203052451786,1.57931320853021,3.39997350573347,4.36909092223358,5.15744284213482,6.0913172427943,7.50938210812938,8.6204616016498,8.80186951547607,9.99275281982003,10.8294845686349,11.5821040718779,13.0897018523632,15.1139732561361,14.8949318085847,16.382247402665,16.9699167706376,18.5501956877586,19.5971136884328,19.5223448866791
515.199999999923,0.694184643839191,1.58442447871864,3.38158750222627,4.36171995626234,5.1542640164848,6.08822486431687,7.51953641782932,8.62332877713372,8.79591044744561,9.98400661647341,10.8832064959319,11.5896357938077,13.0391664778489,15.1105628367295,14.8756231349385,16.369111327307,16.9603998959651,18.5348614641338,19.6632419137027,19.5039093413981
515.799999999923,0.727466163291693,1.61453780237667,3.32457983080202,4.37068878036319,5.15111390907319,6.09425009768748,7.53382556033016,8.62284284292094,8.78783538117995,9.97215796306123,10.9121442473305,11.5857434839636,13.0572724214975,15.0281324222994,14.9087425018829,16.398199331044,16.9488014705584,18.5133256773487,19.7199657710277,19.5037742664204
516.399999999923,0.755155932858213,1.62863448265085,3.26772328918382,4.3799083948596,5.14755318659275,6.10100257410872,7.55088640648651,8.61907569733012,8.78108007273799,9.95799871809727,10.9601075085752,11.5919774161671,13.0676493814387,14.9760464182525,14.9419164075109,16.4272917127124,16.9394881240834,18.4814010216893,19.7392491293322,19.516362985482
516.999999999923,0.776276888264333,1.63382205212131,3.2108132727438,4.3890392712605,5.14454399994678,6.10757726049189,7.56516474968993,8.62051676757928,8.77254651548708,9.94055503716432,11.0034203622286,11.5735196519787,13.0913149177698,14.9273793013389,14.9750710155165,16.456382545323,16.9303251435201,18.4309722954291,19.7791071845718,19.5598122542026
517.599999999923,0.792630223563201,1.6408494325897,3.15586134132833,4.40141946631409,5.1419463594741,6.11516081271536,7.58209688025075,8.60447139488532,8.7680980453923,9.93414315795352,11.0294312500589,11.5628503254623,13.1193231612931,14.8794627689464,15.0089322436502,16.4855300997116,16.9272505705478,18.3832020110859,19.805860054799,19.6101099058644
518.199999999923,0.815455060134093,1.65421260617729,3.10307134135616,4.41738725030103,5.14097500817759,6.12382887067749,7.5894376413197,8.57328003213315,8.76228548131408,9.93163834593353,11.043437433056,11.5561397692927,13.1521262094887,14.8323749606675,15.0435736545925,16.5147402808982,16.9248684439423,18.3361267914799,19.8361372397565,19.6669193896422
518.799999999923,0.838673147999594,1.66796078453294,3.05041271466245,4.43357303996129,5.1401024809865,6.13256283039374,7.59692148451548,8.54226876704689,8.75467973035065,9.92932670890034,11.057755747109,11.5496222091702,13.1852206217844,14.7853375111564,15.0782624746113,16.543954267704,16.9214341478514,18.289002758344,19.8666285854277,19.7241245754837
519.399999999923,0.862288048630398,1.68209745444286,2.9978866510261,4.44997880965791,5.1393296728989,6.14136328870174,7.6045497056594,8.51143923067898,8.7447770007537,9.92615462433769,11.0723890190271,11.5432993929586,13.218609036912,14.7383508764862,15.1129991330658,16.5731720945945,16.9183106489168,18.2422379820524,19.8973360313538,19.7817290470551
519.999999999923,0.886421446666801,1.69674174880594,2.9455338015787,4.466672017381,5.13868716328194,6.15025063773077,7.61236657897906,8.48084715105951,8.73265833205259,9.92072641410017,11.0874338322319,11.5372310398627,13.252381612326,14.6914306392846,15.1477982998541,16.6023949391511,16.9155932546577,18.1959426305327,19.9283258457703,19.8398552473437
520.599999999923,0.910703873084216,1.7115319464071,2.89323073797376,4.48344784157094,5.138082104518,6.159162961202,7.6202376753826,8.45032332210897,8.71803977480231,9.91733435377697,11.102596932107,11.5312358254668,13.2862646044652,14.6445294862812,15.1826154330116,16.6316192259032,16.9129925844588,18.1497822027619,19.9593968195494,19.8981314047685
521.199999999923,0.935144552214207,1.72647707814259,2.84098054177946,4.50031139589587,5.13751681468289,6.16810180494537,7.62816635108787,8.41987196830326,8.70271007713622,9.91330384675442,11.1178856401804,11.5253182767985,13.3202648477357,14.5976485987207,15.2174516445932,16.6608450441177,16.9105158631278,18.1037650500445,19.9905539761698,19.9565668011476
521.799999999922,0.958715961519786,1.74057116874556,2.78843994901616,4.5166930554223,5.13673307721917,6.17689497489943,7.63577874817357,8.3890225141719,8.6884332936553,9.91689201988127,11.1324843922037,11.5189741163372,13.3536210396742,14.5506563946612,15.2521830598773,16.6900624501286,16.9073583003188,18.0569608986178,20.021237737156,20.0141275103528
522.399999999922,0.982274586508737,1.75465274312056,2.73589508540211,4.53306762774116,5.13594612705489,6.18568600243488,7.64338649376223,8.35816720519493,8.67385791441666,9.92104484238745,11.1470729970708,11.5126236817133,13.3869677595754,14.5036625534743,15.2869129339264,16.7192797324216,16.9041907244013,18.0101451728325,20.0519145359315,20.0716753555687
522.999999999922,1.00582959726098,1.76873077904982,2.68334901438166,4.54944019644523,5.13515826863242,6.19447642429009,7.65099292433251,8.32731024100256,8.6602118358156,9.92366387769049,11.1616587332493,11.5062714733294,13.4203118016499,14.4566682494575,15.321642372255,16.7484969797385,16.9012499862729,17.9633261748761,20.08258936643,20.1292195640236
523.599999999922,1.0281834754871,1.78163287034531,2.63040168157263,4.5651468965083,5.13406856543792,6.20306555821187,7.65069698345471,8.30147518648983,8.64883299054197,9.92594675302692,11.1832593383529,11.4993297848023,13.4527659117588,14.409520131442,15.3562270060155,16.7777026033099,16.9032541877735,17.9148248562788,20.1126100721932,20.1855551544117
524.199999999922,1.04974608740009,1.79376028827665,2.5771900107916,4.58041494437176,5.13278001690811,6.21152209031205,7.65664173224031,8.27529346137968,8.63893477713781,9.92736062531565,11.2074418582178,11.4898263625146,13.4846337641735,14.3622706858603,15.390716247324,16.8069005695427,16.906634782681,17.8636954681557,20.1430732276855,20.2351785764947
524.799999999922,1.0538584953522,1.81347022826983,2.53009057550854,4.6058258617043,5.13308979364682,6.22297971157941,7.66663306426091,8.22541963364575,8.63674490400835,9.92402283480303,11.2031239377259,11.4711865109792,13.5300575391935,14.3173642178787,15.4274112297403,16.836275594923,16.9112958206892,17.8268595532221,20.15476985493,20.3225130399341
525.399999999922,1.04242823216492,1.80323126041805,2.4883021561349,4.64005007511082,5.13911548425888,6.23330766966983,7.67715187680236,8.18665052228223,8.63918155081403,9.92395396629316,11.1916237592876,11.4515059351457,13.5350954027443,14.2917675854117,15.4660228147023,16.8658044697336,16.9298436402347,17.8195691560913,20.1496042868815,20.3973162504006
525.999999999922,1.01842026472656,1.76183879400948,2.50979187659642,4.63759332793031,5.14772245721874,6.23111244182387,7.68958681447614,8.14960849875555,8.64939020464091,9.93902764449557,11.2029701411658,11.44754862035,13.4924638669311,14.2989415150288,15.4614683938938,16.8312455305527,16.9615748916451,17.8260731884873,20.1311905026708,20.4486961072115
526.599999999922,0.989576985314594,1.72497662434302,2.53062521359792,4.63404735376046,5.15705655797916,6.22861192924979,7.70199900707629,8.11152369749391,8.65761378459967,9.95087926993845,11.2099723961264,11.4550554205082,13.4907575657344,14.2751857762124,15.4566771019712,16.7966675772569,16.9898477833867,17.8470801498137,20.1379614203663,20.4413747166664
527.199999999922,0.959992376114652,1.6995060812766,2.55051346112823,4.62893306319541,5.16449686866573,6.22516031472103,7.70395155092498,8.08177551516798,8.66571246595661,9.95967495702894,11.1712608240334,11.4794309845971,13.4851227033405,14.2537031854527,15.4515447527221,16.7620622466233,17.0138070706201,17.9028905173133,20.1354780177954,20.4534651413826
527.799999999922,0.942912978301643,1.67916076334446,2.56974818195821,4.62273428627208,5.17233659622414,6.22172803249116,7.70657531973371,8.07283325940819,8.67447454697939,9.9653001566158,11.1378759456752,11.4748917598751,13.4780384273277,14.231970081044,15.4461765632951,16.7274379846379,17.0324909569208,17.9592437805331,20.1404128012315,20.4539356335313
528.399999999921,0.91688206289426,1.65005164220878,2.58599247343663,4.61157308036849,5.17792680615708,6.21679563895907,7.72495843368942,8.08710015404462,8.68856376981134,9.96734199152482,11.1174278722032,11.4632385693046,13.4643218759618,14.209090667893,15.4397292084869,16.6927270959394,17.0451582772899,18.0114531623638,20.1404726779029,20.4453988216071
528.999999999921,0.890578758830683,1.62067584443952,2.60214576816241,4.60026087109068,5.18344856478257,6.2118175980496,7.7432424406664,8.1012423025935,8.70305333901795,9.96754178068578,11.0967635986588,11.4514516984773,13.4504035089202,14.1861763733386,15.4332490154024,16.6580135712482,17.0607302574103,18.0644930760872,20.1403842144421,20.4365879234819
529.599999999921,0.86393715318705,1.5909688393147,2.61818604663548,4.58876111846651,5.18888530817362,6.2067828639573,7.76140335863957,8.11522951884701,8.71948825742109,9.9684937792837,11.0758308086936,11.4394987992897,13.4362344906112,14.1632187567379,15.4267280377974,16.6232967727039,17.0760372683105,18.1172267064228,20.1401115153315,20.4274366154578
530.199999999921,0.836559901289156,1.56054161452532,2.63398056810396,4.57685354758671,5.19413718355794,6.20162484895216,7.77929661612892,8.12887983048797,8.73738540782089,9.9750702418934,11.0543141222561,11.4271848667857,13.4215204241058,14.1401669351353,15.4201183731109,16.5885728550744,17.0907680962247,18.169294314959,20.139438190644,20.4175450765813
530.799999999921,0.809093465698637,1.53002707623599,2.64974529601741,4.56489653618065,5.19936664706782,6.19645188838457,7.79715742466585,8.1424892985887,8.75634583483054,9.98105179974412,11.0327266490196,11.414827165576,13.4067402804464,14.1171036928943,15.4134979567331,16.5538480743856,17.1054290724595,18.221281180498,20.1387162974112,20.4075637982132
531.399999999921,0.781581103517798,1.49946757444241,2.66549468125602,4.55291406457297,5.20458456921912,6.19127123135696,7.81500152308793,8.15607773364529,8.77536503877624,9.98743134329141,11.0111027229718,11.4024469249609,13.3919261092838,14.09403456941,15.4068720035973,16.5191228492504,17.1200540774379,18.2732264661199,20.1379693930177,20.3975363070372
531.999999999921,0.75476842996173,1.46959308871968,2.68147781115055,4.54131947748558,5.20997832321981,6.18620782939844,7.83310019902568,8.16998660576474,8.79305149205918,9.98837774787628,10.9900341531396,11.3904100707264,13.3776303449245,14.0710550462844,15.40033040261,16.4844043952269,17.1352271021729,18.3258052190831,20.1376035320365,20.3882128649936
532.599999999921,0.728103466635633,1.43986321572578,2.69751028653343,4.52980677612517,5.21540919682199,6.181169180984,7.85125261844598,8.18396312487828,8.81025336635848,9.98847002347739,10.969082823736,11.3784457082825,13.3634440206581,14.0480944385579,15.39380660908,16.4496873706429,17.1505158185475,18.3785177023992,20.1373181125662,20.3790380537204
533.199999999921,0.701538639744618,1.41023137929397,2.71357621444896,4.51834958713371,5.22086523472432,6.17614731361215,7.86944147190846,8.19798550356991,8.82516682172555,9.99079118454739,10.9482109745321,11.3665304898246,13.3493318885501,14.0251466540505,15.3872948876676,16.4149713151113,17.16589913777,18.4313208448443,20.1370872263948,20.3699640029395
533.799999999921,0.675309038819119,1.3809277390992,2.72975413114805,4.50707823646835,5.22640551495873,6.17118162400616,7.89369117965492,8.20713963963038,8.8381957756578,9.99466595475325,10.9304481953516,11.3547797903068,13.3354681289537,14.0022417977338,15.3808235799899,16.3802585036691,17.1739673968,18.4848183740206,20.1370389009243,20.3612272672754
534.399999999921,0.649056823337897,1.35160195857863,2.74592449301295,4.49579434903194,5.23194011215213,6.16621214461255,7.89965683710196,8.235845682244,8.85250061305242,10.0000456904247,10.9048649801557,11.3499885440922,13.3215876139905,13.9793340454542,15.3743495459761,16.3455454733786,17.1809529764774,18.538391181311,20.1333486919798,20.354144797632
534.99999999992,0.639221353119878,1.3217129548452,2.75885921002914,4.47914111295709,5.23704626004309,6.15949224478024,7.89686048363687,8.28712224587779,8.85941516857125,10.0117019043579,10.9115845776946,11.3508011256193,13.3005309764512,13.9551859870042,15.3667078549152,16.310738712976,17.1788713109348,18.5833411112421,20.1327206603702,20.3122969617302
535.59999999992,0.6629426712477,1.35134267927179,2.7694098348638,4.45853162620972,5.23964055450521,6.15430168192355,7.89320835127207,8.32970139005488,8.86555510948117,10.0304349782872,10.9126048328141,11.3726484701461,13.2784853151589,13.9255094942047,15.3582058092211,16.2758628902264,17.1654708331393,18.6098828625498,20.1052175699358,20.2577828295204
536.19999999992,0.689866379227293,1.40498066760615,2.80987624869349,4.46646794276012,5.23858892177664,6.15470520479341,7.87873858836823,8.36799643943771,8.8592788622849,10.0237711817183,10.8982208341683,11.3871048585295,13.2656565798477,13.9138551163951,15.3180385009564,16.3092694457492,17.1310344921113,18.6129211058536,20.088779435941,20.2131073031013
536.79999999992,0.728048793369697,1.48070442917297,2.85085489861451,4.47525428280786,5.23428451479621,6.15454078846243,7.85950035121816,8.40517779707838,8.85294198756442,10.0185150129561,10.8757534581692,11.3845174898902,13.1961957124954,13.9394762152128,15.2780560448902,16.3426908397286,17.0989764966628,18.6021648805016,20.0566157844485,20.2399018710533
537.39999999992,0.774839334733133,1.55951129416208,2.89437876927276,4.48826425620814,5.23265854615532,6.15665002799297,7.85115510349548,8.43858880320038,8.8527625671521,10.0161096275103,10.888912817917,11.3551743995425,13.1292558663493,13.9617462410491,15.2389920904116,16.3761859636245,17.0729744850297,18.579196288439,20.0130808814259,20.2316961869864
537.99999999992,0.805454607001333,1.63353294346865,2.93842187182389,4.50213586220018,5.23056926952783,6.1589125750616,7.85431493800992,8.45661603980221,8.85234969893688,10.0163901746199,10.8910852210108,11.3396365609871,13.0634675902555,13.9842153018687,15.2001155127333,16.4096961286223,17.0577841300491,18.5576203048965,19.9702714182737,20.2170449672619
538.59999999992,0.846279164110493,1.71754978769669,2.98587558545024,4.52166716225299,5.23104558761114,6.16288601231357,7.83738692977149,8.4481300951358,8.84600519851495,10.0218952956644,10.8799846994428,11.3280272462333,13.0052434827523,14.0079917379284,15.1624697326991,16.4433050921512,17.0525777934138,18.5443186392569,19.9330218293238,20.2126666573472
539.19999999992,0.887335051996066,1.80179311166716,3.03340657964229,4.54132670453249,5.23158003915096,6.16689821639009,7.82054308984744,8.43975009324021,8.83983669554513,10.0273341274389,10.8690677895244,11.3165314617488,12.9471907707015,14.0317977976233,15.124851841139,16.4769162943423,17.0450342678675,18.5311510118342,19.8958982207963,20.2085211198782
539.79999999992,0.928574959339495,1.88621659618551,3.08099904912969,4.56108826118897,5.23216073480632,6.17094125877595,7.80376620430104,8.4314543669102,8.8324142674736,10.0326458777582,10.8582969393618,11.3051259885447,12.8892744006397,14.0556274223854,15.0872561343565,16.5105292773489,17.0376348725738,18.518149987544,19.8588748274211,20.204560748689
540.39999999992,0.969854328526558,1.97067871502792,3.12860470161697,4.58087169420265,5.2327513472285,6.17499091424802,7.7870036767101,8.42317671295815,8.82501101529299,10.0375152536408,10.8475574108177,11.2937398820405,12.831387268281,14.0794621005315,15.0496651849636,16.5441426422405,17.0302663851286,18.5051846902733,19.8218729245705,20.2006400852724
540.99999999992,1.01114188709224,2.0551488515167,3.17621308992618,4.60065966714036,5.23334401764268,6.17904194211078,7.77024412877553,8.41490280950357,8.8177238205951,10.0421313167605,10.8368243823396,11.2823577946399,12.7735062035207,14.1032978273887,15.012075222855,16.5777560863833,17.0229043118812,18.4922268073063,19.7848754815735,20.1967276622712
541.599999999919,1.05228108313354,2.13947373666094,3.22377191483536,4.62036539274038,5.2338994045337,6.1830681071168,7.75343060002501,8.40656096032304,8.81137014272733,10.0469614290711,10.8259735956943,11.2709028953221,12.7155152153755,14.1271145553157,14.9744673746508,16.6113680947743,17.0154260360951,18.4791346034277,19.7477972418326,20.1926659521402
542.199999999919,1.09280377423868,2.22319504505107,3.27112478422509,4.63972934814012,5.23429986364792,6.18699095712481,7.73639275964572,8.39793676979241,8.80642397795757,10.0562426901027,10.8146334773149,11.2591454337056,12.6570674521138,14.1508523351771,14.9367852026487,16.6449741370488,17.0074648928262,18.4654842430649,19.7103832596824,20.1879838949716
542.799999999919,1.13295664189652,2.30655428523571,3.31835410686647,4.65888828549988,5.23460738607805,6.19085183145918,7.71922036122002,8.38914321086696,8.80359337001039,10.0663621780293,10.802999823007,11.2472064737333,12.5983456826952,14.1745427563817,14.8990584459539,16.6785766004229,16.999214091346,18.4514990608005,19.6727678753894,20.1829297095906
543.399999999919,1.17309861628813,2.3899028605872,3.36557979039943,4.67804118398864,5.23491217102885,6.19471088028054,7.70204399934463,8.38034466314205,8.80204064185391,10.0750585002524,10.7913575225058,11.2352621676696,12.5396158423389,14.198231782622,14.8613303760029,16.7121789583794,16.9906547923668,18.4375040162513,19.6351465587328,20.1778645630557
543.999999999919,1.21324840811685,2.47325908944322,3.4128080855,4.69719841620919,5.23521892050269,6.19857123916197,7.68424960753478,8.37490011350451,8.8008180936655,10.0815329006191,10.7772670629552,11.2233216981717,12.4808917940056,14.2219218099436,14.8236032484963,16.7457813919878,16.9834528669556,18.4223130778146,19.5975294993741,20.1728072826767
544.599999999919,1.2541965328491,2.55739691006656,3.46030307930517,4.71679821811626,5.23572629114699,6.20256538409685,7.6824946242212,8.34339552769691,8.79510133264396,10.0887132746368,10.7683484887998,11.211929235708,12.4227592390791,14.2457140697612,14.7859723653665,16.7793915513203,16.9758796560904,18.4078960667527,19.5633880434884,20.1719969962552
545.199999999919,1.27774041004944,2.63076872532912,3.50796779754533,4.73667966702311,5.23563476762384,6.20673201077598,7.68820145489532,8.29727786329452,8.79274853697708,10.0881852970794,10.7389815639361,11.2079122243217,12.3650031047448,14.2695713893347,14.7484027312123,16.8130066272277,16.97410502028,18.3958373283992,19.5411344276335,20.1977583522531
545.799999999919,1.26182396707766,2.63077440506064,3.5576705435275,4.75994309448239,5.23762413653308,6.20826903342519,7.69146945191926,8.25365837908649,8.7904696924284,10.0801384057441,10.7169682305759,11.1835765218186,12.3450409360047,14.2996871065872,14.7115685663592,16.8466807406926,16.9736547857933,18.407869494179,19.5515410699609,20.2250127417854
546.399999999919,1.23555701064053,2.59806462760445,3.56352399901138,4.72230495446918,5.23472815814918,6.20071126308202,7.70804497398568,8.20952411869652,8.7985654272026,10.09255483824,10.69636938152,11.155971463359,12.3743023829035,14.3061173064755,14.7712461524368,16.8226608390145,16.9902549104141,18.4476648457739,19.5464221588595,20.2514125407338
546.999999999919,1.19982583622006,2.52743554825383,3.56689098676279,4.68054067801241,5.2310904179331,6.19179025626653,7.7252848015885,8.17969801666727,8.80515431547219,10.0995422766992,10.701806248927,11.1332711131438,12.4436272209683,14.3208247550701,14.8300264393186,16.7985689093684,17.0051383659431,18.4759787566565,19.5605258550596,20.2056662609273
547.599999999919,1.15686676026596,2.44209521624142,3.56889133603078,4.63650855115078,5.22524634539494,6.18142015593647,7.73714214895206,8.14125396009024,8.8065322891355,10.1006443950785,10.6912568026311,11.1472394146626,12.5285039428994,14.335446226283,14.8883135431933,16.774437390959,17.0156343490811,18.4920910931754,19.5888115345623,20.1718034984799
548.199999999918,1.12886237834271,2.35746151617269,3.56941792964554,4.59003081969405,5.21946638143625,6.16992311303286,7.73087557841549,8.11043061078929,8.80440636153448,10.0978023159518,10.6919835079719,11.1635531885983,12.6101121197023,14.349502768922,14.9460688083606,16.7502631808176,17.0185393793443,18.5038386082232,19.6253212096282,20.1522167063092
548.799999999918,1.09178027847345,2.26394045898426,3.56691193421526,4.53852069790366,5.21140518568592,6.15690480994654,7.73789324954421,8.10293336003635,8.80409611102904,10.0903687761474,10.7100093144078,11.1807229308766,12.6849945179579,14.3623968419204,15.0027296938492,16.7260011226816,17.0161382069313,18.5052476046482,19.6568872504828,20.1234956232278
549.399999999918,1.05443013483388,2.17015697893536,3.56431639352637,4.48686198140187,5.20327663049857,6.14384158760659,7.74481339455468,8.09531335302752,8.80490826162369,10.0846583591134,10.7278223693908,11.19776112524,12.7596783197105,14.3752565899103,15.0593582648667,16.7017364705999,17.0135001043118,18.5058629790633,19.6883073173866,20.0945048259089
549.999999999918,1.01699317862262,2.07628850678476,3.56169185140171,4.43515513884582,5.1951262592998,6.13076381706087,7.75170195333086,8.08765358838293,8.80603295651928,10.0794099488897,10.7455665195788,11.2147567145736,12.834297801098,14.3881052209015,15.1159763700474,16.6774709784051,17.0107940071547,18.5063997571898,19.7196801070339,20.0654266749963
550.599999999918,0.980212890919548,1.98306293272539,3.55928668222249,4.38381233186255,5.18714090898909,6.11779609219627,7.75882943701096,8.08029455883763,8.80685985454337,10.0676891330806,10.7638318800947,11.2320745772931,12.9094038152231,14.4010379432038,15.1726736410134,16.6532118410024,17.0086022349463,18.5075310541342,19.7514105117693,20.0370092849954
551.199999999918,0.943274035548922,1.88968211618137,3.55682854041576,4.33238162014354,5.17911571060133,6.10480179427881,7.76589922679487,8.07286290990728,8.80817412940529,10.0569325253801,10.7819713824264,11.2493146197145,12.9843923448634,14.413950359731,15.2293517955855,16.6289511690895,17.0062862671864,18.5085187908787,19.7830545621422,20.0084323391223
551.799999999918,0.906632224647783,1.79659211504888,3.55446963211784,4.28111558017633,5.17116515953035,6.09185727560394,7.77307709443002,8.06556729871424,8.80792403772225,10.0453083081572,10.8003466546229,11.2667004427326,13.0596009579357,14.426900815023,15.2860657608572,16.6046933717714,17.004202954685,18.5097754586358,19.814860379956,19.9801542889203
552.399999999918,0.870352958792105,1.703857056349,3.55223183907591,4.23005052334084,5.16330571608006,6.07897351287513,7.78038687190866,8.05843772261941,8.80691905196503,10.0309615962592,10.8190096857414,11.2842641920833,13.1350781845188,14.4398976969181,15.3428234333616,16.5804390829183,17.0024035997049,18.5113603587494,19.8468636361679,19.9522410431695
552.999999999918,0.834182875771063,1.61122889090669,3.55003052069316,4.17904599390274,5.15547371029141,6.06610804720071,7.78773637490779,8.05135814909086,8.80479353043471,10.0170821119808,10.8377593773595,11.3018815251241,13.2106363058347,14.4529085604913,15.3995942685877,16.5561858506625,17.0006897604075,18.5130441082046,19.8789263522574,19.9244376606883
553.599999999918,0.798068192866967,1.51865496383426,3.5478477098019,4.12807217648,5.14765562655991,6.0532518655768,7.79510603490768,8.04430394720642,8.80110569806136,10.00482543677,10.8565530411078,11.3195260468956,13.2862354736911,14.4659265184637,15.4563717826688,16.5319331545315,16.9990650104253,18.5147780144919,19.9110192386952,19.8966900235814
554.199999999918,0.763238013653515,1.42733860425686,3.54609401246567,4.07781044594879,5.14016033878576,6.04061094337493,7.79892457301281,8.03567093259774,8.79423814549041,9.9943300707569,10.8770010505245,11.3378009648999,13.3627863441027,14.4791089667355,15.5133041522703,16.5076928889556,16.9960870915434,18.5182285633887,19.9438116529689,19.8702348952808
554.799999999917,0.725494405440693,1.33316991063374,3.54336702724841,4.02593360553896,5.13193290589605,6.02748178353924,7.80164601219897,8.04787287292542,8.79213008876571,9.97971536643256,10.8872129654148,11.357916139199,13.4371786237347,14.4919183286456,15.569885288499,16.4834244291908,16.9960910842934,18.522233632025,19.9710792509373,19.8365189649558
555.399999999917,0.701814269609342,1.25116252308017,3.54002791826633,3.97304098433217,5.12418973622146,6.01381871453244,7.80440066279993,8.07651639990155,8.78889178062521,9.96728637987266,10.9035224035974,11.3801589585722,13.5102133145789,14.50449304772,15.6262455257536,16.4591382374338,16.993878564925,18.5253231874811,19.9833795100316,19.7684789275785
555.999999999917,0.712665560202616,1.23320863068164,3.53527060779562,3.91779494716408,5.1119423779816,6.00373594307756,7.81369664834064,8.09271577803744,8.78519209789067,9.95612441085568,10.9199389067427,11.3964144870142,13.5816836977682,14.4886980586276,15.6820939723019,16.434810963237,16.9995562064137,18.4991103358614,19.986744843772,19.7106158362023
556.599999999917,0.747844901916641,1.26009380859291,3.49420731355781,3.94124200552071,5.11748365332962,6.01303304943159,7.80817648834944,8.12043274238533,8.7783688117093,9.93675052319086,10.9233389752947,11.4190943803569,13.5995963863255,14.5003778761606,15.6500704097444,16.4563372550991,16.99320790004,18.4525450372148,20.0069579630535,19.6485796569451
557.199999999917,0.802345764980099,1.32941974854314,3.45658654996248,3.97040172646683,5.13006627441606,6.02779509405371,7.80651067491402,8.13179815464581,8.77585333199482,9.9295913108096,10.8987966350341,11.4567255853695,13.5839584758563,14.4717315371143,15.6192891637325,16.4779632701443,16.9937539064076,18.4228560225921,19.9915757209064,19.624805234176
557.799999999917,0.867789045590538,1.4147645731221,3.41744238164191,3.99703345331294,5.14250576692963,6.04249324669447,7.81732613740829,8.15331243332678,8.77201898198614,9.92780841904887,10.898407640758,11.4729001178523,13.5409228042664,14.4464069037554,15.5879581620008,16.499545155224,16.9913122654448,18.3906378995135,19.9624710370097,19.6011106367603
558.399999999917,0.9344799108312,1.50072197659117,3.37902358199551,4.02486888374369,5.15477460402468,6.05781039885277,7.83776512401124,8.17527615464978,8.77019838091939,9.92852309250031,10.9084252206024,11.4807317235526,13.4994958798511,14.4213603229289,15.5568889262798,16.5211480527728,16.9865874821636,18.359777427374,19.9144465246474,19.575638784985
558.999999999917,1.00395400087826,1.58940424031035,3.34153457297555,4.05424724310128,5.16774286590329,6.07359396879379,7.85864097023838,8.18444802105513,8.76848956692626,9.92922799179047,10.9108871453002,11.4905598150056,13.4601310765329,14.3966701548439,15.5261552269443,16.5427778844826,16.9811412533579,18.3353924489809,19.8679377286169,19.5529675032647
559.599999999917,1.07361087269267,1.67826545284142,3.30410662577624,4.08372693070067,5.18075706086564,6.08940816962976,7.87958332051684,8.19370359619785,8.76429780379961,9.93014771546041,10.9134941473739,11.5004776103174,13.4209016981857,14.3720033933306,15.4954435631746,16.5644094850303,16.9768149017528,18.311675953331,19.8215284737049,19.5304801424204
560.199999999917,1.14321844622035,1.76707840087671,3.26666220952103,4.11317928894007,5.19375886716162,6.10521410897081,7.9005077339089,8.20293659415742,8.76066124353139,9.93078549376246,10.9160620204566,11.5103712114953,13.3816357942093,14.3473303188031,15.4647259561665,16.5860406085027,16.972449938065,18.2879148251781,19.7750923714401,19.507943176059
560.799999999917,1.21222244815746,1.85530043428967,3.22901615838316,4.14229704680356,5.20660899583237,6.12091890070699,7.92121254139253,8.21189317386343,8.75683381127134,9.93804182181757,10.9181508272483,11.5199685976762,13.3419226975708,14.3225799524217,15.4339355845618,16.6076658910188,16.9676122367274,18.263607249824,19.7283275701364,19.4847988766073
561.399999999916,1.2814766041185,1.94376737596686,3.19145367608459,4.17155348188737,5.21952198824436,6.13666561370118,7.94200836591961,8.22096431684496,8.75285017282989,9.94289414671228,10.9204381860632,11.5296887520168,13.3023949427304,14.2978616201329,15.4031753706997,16.6292935943557,16.962970464468,18.2395261529331,19.681699000207,19.4619062901565
561.999999999916,1.35052014155156,2.03202811581172,3.1538208325516,4.2006931569385,5.23238205219078,6.15237703086637,7.96272755815666,8.22993900265952,8.7501109446187,9.9481668187512,10.9225583729325,11.539305541044,13.2627111383647,14.2731163165672,15.3723897653638,16.6509192594695,16.9581637286657,18.2152543712801,19.6349557295381,19.4388017725887
562.599999999916,1.41905538543136,2.11979122107976,3.11601818362589,4.22955105064563,5.24511438189607,6.16800326729032,7.98326181082853,8.2386809047936,8.74841322211385,9.9572807748581,10.9242751175076,11.548672874703,13.2226507338561,14.2483059222125,15.3415428818368,16.6725400056632,16.9529588801897,18.1905224029748,19.5879356472946,19.415185793747
563.199999999916,1.48776872615676,2.2077286884813,3.07827503143119,4.25850767542694,5.25789146736361,6.18365934950165,8.00386086297106,8.2475043701089,8.74648959492123,9.96484848187738,10.9261332209481,11.5581276130003,13.1827222832098,14.2235183344902,15.310717469077,16.6941624753573,16.9478935231766,18.1659516757293,19.5410125548081,19.3917490216628
563.799999999916,1.55628793559441,2.29547609555136,3.04046702588679,4.28735668016306,5.27061976761135,6.19928289884516,8.0243892816072,8.25623892893429,8.74670288669691,9.97095687799284,10.9278372386804,11.5674870774317,13.1426499986111,14.1987058868053,15.2798686524906,16.7157830663805,16.9430910302314,18.1412051905446,19.4939837403681,19.3681169084513
564.399999999916,1.62246153815032,2.38092708339578,3.00187542453409,4.31490535705631,5.2827586165212,6.21451336719919,8.05208153095679,8.26731182259353,8.75105564612197,9.9773755960037,10.9228869544484,11.5756953877226,13.1008398287273,14.1735930666254,15.2487370572896,16.737380958212,16.9415070620211,18.1149630674629,19.4456775319292,19.3421245703742
564.999999999916,1.6907281488736,2.46842718877664,2.96398303345378,4.34361432931558,5.29542343867664,6.23009458559911,8.07100336281837,8.27598984461472,8.75416097105124,9.98829695999268,10.9300963043927,11.5715108057264,13.0605803910331,14.1487482717869,15.2178577882369,16.7589991047562,16.9355012388339,18.0870055834789,19.4065587358997,19.3207255320281
565.599999999916,1.75378595955818,2.55062116299029,2.92780409457378,4.37516666747839,5.30818260013465,6.24668587068076,8.08185814938062,8.27351751455178,8.7572886336905,10.0058431317925,10.9153985283695,11.5712062147822,13.0241211055784,14.1245602873946,15.1875968579174,16.7806668865585,16.9299129833578,18.059343825575,19.3666434997346,19.3407217105158
566.199999999916,1.78477059854487,2.5863688033658,2.88728707582251,4.39952023558473,5.32028067347248,6.2594921195426,8.0859139826059,8.28523011214969,8.7549372291723,10.019992787604,10.905173595952,11.6000433104833,12.9706456289857,14.1492308531971,15.1557704314543,16.8022090029272,16.9049502747657,18.0409293775443,19.3411712315211,19.3554912676803
566.799999999916,1.79627550678134,2.60463674122695,2.93834852540216,4.36581491991525,5.31803177417864,6.2622636717987,8.10228534634145,8.28007937886964,8.74877133650014,10.0311026704289,10.9255356889066,11.6003906973089,12.9496771290811,14.1717137467098,15.1319473656999,16.8010437262641,16.8886061346495,18.0309348206632,19.2861910553803,19.3740056767064
567.399999999916,1.76965261590579,2.57597477694233,2.98483222948728,4.32451312416749,5.30874254478013,6.25701516139404,8.11707246623326,8.27039732660984,8.73635002984065,10.0306354060409,10.9742196163814,11.5637204935931,12.9779753921658,14.2496844547818,15.1064723149324,16.7997458415336,16.8628405322886,18.0215568300098,19.2758911753628,19.3855953047009
567.999999999915,1.72239737117016,2.52516626958452,3.0315033670051,4.28352236238473,5.29959602074289,6.25086097057834,8.11494809031555,8.24863114884539,8.72632567199958,10.0281927846096,11.0306743551902,11.5462562854907,13.0073843475575,14.3214858904365,15.0810649038407,16.7984533863721,16.8405135044667,18.0164984414874,19.2777318117136,19.4305408419125
568.599999999915,1.63031949113956,2.47007338038003,3.07864214947997,4.24330762792599,5.28954914148207,6.24496299875804,8.11614583915412,8.22285851087016,8.71826652360524,10.0194874983729,11.0746438235077,11.5481772906787,13.037830461751,14.3934665864705,15.0558262532141,16.7971744779427,16.820829579074,18.0139316643715,19.2931092502191,19.482150695113
569.199999999915,1.54165857035556,2.41832579638471,3.12692243395534,4.20498714407221,5.28036094455991,6.23963764707058,8.10985311701741,8.19660847582958,8.71252112034148,10.0140300199431,11.1108707502027,11.5447597273649,13.0708082376873,14.4658848496792,15.0309995399037,16.7959286365264,16.8026228063699,18.0095507703135,19.3103475304889,19.5371988022933
569.799999999915,1.45290366546271,2.36648619913853,3.17517132120284,4.1666145584982,5.27114912941805,6.23429654535834,8.10352619932434,8.17031539879727,8.70977829323888,10.0062198984471,11.1470230799154,11.5412960394429,13.1037163797897,14.5382910775202,15.0061614961797,16.7946818855957,16.7835373263579,18.0048949025946,19.3275346279551,19.5921523396492
570.399999999915,1.3641969338188,2.31469376494251,3.22343630166538,4.12826867859997,5.26194942022038,6.22896351660517,8.0972168091794,8.14404438371345,8.70629376705357,9.99897229406495,11.1832136456552,11.5378559935196,13.1366602139686,14.6107034743058,14.9813292600634,16.7934356008529,16.764489577261,18.0002826488189,19.3447479600898,19.647154350473
570.999999999915,1.27569052079281,2.26309744865909,3.27176820247615,4.09003384880069,5.25280005111946,6.22366405760367,8.09098030376385,8.11786510873701,8.703274919453,9.98894829524727,11.2195632081053,11.5345142580201,13.1697524663592,14.6831415233878,14.9565211736978,16.7921912546579,16.7455987244696,17.9958517547192,19.3620703837361,19.7023579283142
571.599999999915,1.18704781602057,2.21136769868361,3.32005457236616,4.05172346330886,5.24361643188362,6.21834175858799,8.08469420941272,8.09162341610032,8.69885260333783,9.98237916134697,11.2558045931951,11.5311056345824,13.2027437387338,14.755562119293,14.9316966564496,16.7909455895238,16.7266011233806,17.9912974680602,19.3793185842633,19.7574243650296
572.199999999915,1.09851515416423,2.15974568401094,3.36837770424228,4.01347408201538,5.23446046644795,6.21303790076063,8.07844815351747,8.06543211992214,8.69353499111408,9.97594363732377,11.2921333214475,11.5277510169371,13.2358165430846,14.8279968070161,14.9068854056117,16.7897009893103,16.7076897116189,17.9868428094228,19.3966267130597,19.812601530456
572.799999999915,1.0104147965591,2.10854690811777,3.41684525580007,3.97546435607881,5.22541313913115,6.2078064892516,8.07235938893494,8.03943880653179,8.68567250357177,9.96863188058051,11.3288051778349,11.5246085613691,13.2692096462896,14.9004868545301,14.8821262719457,16.7884605726441,16.6891168951439,17.9827795400619,19.4141702704185,19.8682136942834
573.399999999915,0.922185800681102,2.05722219151166,3.46526983322942,3.93738331728536,5.21633348499837,6.20255352031111,8.06622382008725,8.01338658054963,8.67748293070728,9.96314344490454,11.3653749315699,11.5214029739603,13.3025074400192,14.9729604289517,14.8573516300747,16.7872189111039,16.67044332483,17.9785998072602,19.4316437726631,19.9236964181554
573.999999999915,0.834307240138586,2.00624056157024,3.51381148042954,3.89949654839596,5.20734189531447,6.19735927794986,8.06021575503762,7.9874948437703,8.66641889268098,9.95856620060557,11.402222832519,11.5183693697984,13.3360648750458,15.0454788792376,14.8326192355297,16.7859806408392,16.6515979209389,17.9747373432156,19.4493081184792,19.9795317613001
574.599999999914,0.747948086269614,1.95674647616318,3.56286071511576,3.8624520889394,5.19873213274042,6.19241966047196,8.05010475620672,7.95853809494043,8.65170409235524,9.95319683346835,11.4478304407287,11.5160814452713,13.3707480547658,15.1181919009058,14.8080700156324,16.7847570743612,16.6310827504171,17.9701681504408,19.4677999179414,20.0368959801656
575.199999999914,0.662022891581529,1.90767724976121,3.61205492234523,3.82564820227872,5.19023142416931,6.18755276664846,8.0340855163035,7.93087708743023,8.63564428277196,9.94632520636188,11.4940427810472,11.5277959593805,13.4057527594953,15.190960494291,14.78357311242,16.7835377074457,16.6140648413093,17.9659120619227,19.4748509017934,20.0941896668189
575.799999999914,0.570753257963356,1.85793015765188,3.66010907197041,3.7869524618975,5.18064853738653,6.18190651358513,8.01936365138889,7.91075183943924,8.62320727925885,9.92442977933393,11.571878084598,11.525049079539,13.4382290059128,15.2632920741759,14.758664793135,16.7822853153584,16.5929028682512,17.9581613148549,19.5110077599006,20.1156500910786
576.399999999914,0.495397101807747,1.82162039929204,3.7180708302226,3.76469777341749,5.17848192570108,6.18079920377105,8.01319508942741,7.89115149185581,8.62261948554447,9.90621084688759,11.6482758287243,11.5031659394407,13.4724973040163,15.2549573525175,14.7373318628604,16.7813199267311,16.5913143270505,17.9602369757778,19.5214098215571,20.1535422153618
576.999999999914,0.411728980087176,1.74037510263195,3.7258718034039,3.75464853429947,5.17238539749786,6.16888203078261,8.0030429171815,7.88284933718397,8.6264735600168,9.89575661683488,11.7206237960035,11.5260211301608,13.4703589073315,15.2133589038558,14.7725279613657,16.7718657517216,16.5898803718319,17.9587621265889,19.5699197623203,20.2103347981423
577.599999999914,0.350946769913215,1.67897209658345,3.7383842821226,3.75241774160227,5.16879771659259,6.16204303544663,7.99926214840267,7.8815422671402,8.63551316102352,9.89327457992835,11.7553128466917,11.5876301524358,13.4361330581543,15.1401900269962,14.809424315287,16.7625480595337,16.5971012720087,17.9495928122191,19.5915273982396,20.2534955231831
578.199999999914,0.303870086620359,1.63651682862422,3.75138941347527,3.75100447489235,5.16498820351537,6.15559948762688,8.00239711306791,7.89943582447539,8.64188590164911,9.89149726921521,11.7581562758716,11.6416163425923,13.4281733159265,15.06997428108,14.8464984542702,16.7532446385001,16.6064567962523,17.9587017529375,19.5872419190978,20.2496469455717
578.799999999914,0.318829236153696,1.60074180512955,3.7637207222736,3.74847304213397,5.16326658633804,6.14875346793704,8.00785942988627,7.91258244385907,8.64427745971079,9.89703449046264,11.7440227840762,11.6733912559924,13.4187191472524,14.9995002415903,14.8833294288485,16.7439216981846,16.620469101462,17.9660518175104,19.5876236983853,20.2277265459526
579.399999999914,0.32943336218017,1.56070308348271,3.7745971503761,3.74352732658236,5.16045055114158,6.1411776256302,8.02218863277105,7.93376408556142,8.64250764307289,9.89943058034592,11.734748475749,11.7087046222854,13.4060382949665,14.9284685087849,14.9196353761829,16.7345566129067,16.6355902840708,17.9731233546885,19.5856337755152,20.2014239820081
579.999999999914,0.340148123341625,1.52077267693886,3.78551053830708,3.73864294353602,5.15766231857004,6.13362032375684,8.03655808958862,7.95499639494287,8.6385771525374,9.90307978523054,11.7255619806412,11.7440722850152,13.3934394134381,14.8574509436356,14.9559546613235,16.7251925982806,16.6518868507257,17.979845284223,19.5837041034309,20.1752327426844
580.599999999914,0.350855484420906,1.48083502549345,3.79642145409602,3.73375445812582,5.15487222635681,6.12606178176449,8.0509248539306,7.97622531530167,8.63578451560097,9.90516707707548,11.7163696119469,11.7794363160046,13.3808350491095,14.7864324308504,14.9922730543347,16.7158285120415,16.6681776213866,17.9865605140481,19.5817704013359,20.1490340571607
581.199999999913,0.361319385474601,1.44065901940823,3.8072510373066,3.72873100642935,5.15202095260505,6.11846244030634,8.06520303680036,7.99734273804173,8.63315880052241,9.90957257694254,11.7069840043838,11.8146808640497,13.368050302638,14.7153827411891,15.0285620966098,16.7064620697614,16.6842777059348,17.9930553258621,19.5797041133511,20.1225903943518
581.799999999913,0.371891097511302,1.40058856349685,3.8181166368825,3.72376732162053,5.14919677176843,6.11088116600522,8.0795204460506,8.01850953507989,8.63176491618804,9.91106987889655,11.6976839684555,11.8499783225208,13.3553454344795,14.64434685753,15.0648641362206,16.6970966708029,16.7004622316852,17.9996477450036,19.5776965381471,20.0962552144113
582.399999999913,0.382332089528293,1.36039012878016,3.82893856688175,3.71873116990236,5.14633974097254,6.10327798540979,8.09379029360455,8.03961646614669,8.63122393000097,9.91271198289703,11.6882801775526,11.8852116274916,13.342543714457,14.5732942341952,15.1011504166579,16.6877300068248,16.7165443731023,18.0061218159822,19.5756177741305,20.069788499795
582.999999999913,0.392568975088783,1.3199918677437,3.83969231113129,3.71358186823125,5.14343141819555,6.09564060028994,8.1079858782467,8.0606299223861,8.63324407647093,9.91280854888545,11.6787143834598,11.9203447630801,13.3295907697728,14.502215473503,15.1374120906953,16.6783613676429,16.7324666514508,18.0124110979421,19.5734278557833,20.0431164067166
583.599999999913,0.402848296897243,1.27963515306204,3.8504602320386,3.70845609182996,5.14053375965362,6.08801032671229,8.12219690306354,8.08166281319421,8.63613016160273,9.91121126445819,11.6691822718269,11.9554987251177,13.3166692665596,14.4311421470895,15.1736788807064,16.6689931391301,16.7484221673017,18.0187387998165,19.5712610477915,20.0164870143518
584.199999999913,0.412937690357942,1.23909249285272,3.86116470367044,3.70322502535612,5.13758837209129,6.080348224603,8.13633882358851,8.10260872233683,8.64151255446413,9.90795484480953,11.6594994104395,11.9905594759674,13.3036070433974,14.3600444989314,15.2099227735836,16.6596230726197,16.7642861908624,18.024894548909,19.5689908067251,19.9896665099927
584.799999999913,0.423177091527208,1.19869669467244,3.87191928830825,3.69807711825635,5.13468068148714,6.07271126105336,8.15055482754837,8.12538781948052,8.64972626433409,9.90426093024229,11.6389163258992,12.0256938461419,13.2906559625547,14.2889660603816,15.2461847508944,16.6502544577822,16.7805402524016,18.0344995138462,19.5668022583533,19.9629969482005
585.399999999913,0.43426985594909,1.15913636461555,3.88295895561396,3.69340228787122,5.13198744118788,6.06521730564132,8.18176536697869,8.1407003776121,8.65872498605399,9.9030234188111,11.596663609192,12.0517435621597,13.2783371476944,14.2179969013754,15.2825496068591,16.6408941012151,16.7967399119023,18.0449891390582,19.5735440740375,19.9343587613372
585.999999999913,0.44603735722362,1.12103988199917,3.89359071947068,3.68805056742836,5.13059092972189,6.05782486765646,8.21984979130973,8.15869488823063,8.66652494204296,9.91008445797443,11.5482575211792,12.0753980747683,13.2651136707696,14.1468713824508,15.3187672614592,16.6315219285069,16.8180002742121,18.060836755468,19.5467997929458,19.9311201977221
586.599999999913,0.461296623529651,1.09706046001752,3.89315428981629,3.66433187763703,5.12116146659741,6.04492305253728,8.24897739736151,8.16844450553626,8.66147108246833,9.91456406189753,11.5086635762176,12.1232433975425,13.2414322918759,14.1439205461294,15.3509907032341,16.621829132533,16.8313968931807,18.0788102776609,19.5367670142188,19.887010177104
587.199999999913,0.51528253035222,1.14658153289568,3.80181946519955,3.63738801320857,5.12794291598527,6.05074021224697,8.28221719151138,8.17904361483524,8.6607572456594,9.92474072079809,11.4610835776891,12.1672577258557,13.246080048941,14.1610119447002,15.3194696640569,16.5894202024144,16.8567276002958,18.1084779992659,19.5252523412806,19.8428798042153
587.799999999912,0.580872679402415,1.20926362872666,3.7083992366766,3.60698355249147,5.1357460008668,6.05641269292984,8.30166624074088,8.19864400821811,8.65842238866874,9.92946362633319,11.4333756860491,12.1909105437292,13.2521137402756,14.172087202213,15.2871960587929,16.5569508623434,16.8771190597172,18.1442462707902,19.5098016787184,19.8257813624705
588.399999999912,0.65757006116499,1.28242613672477,3.61486195142919,3.57638484351985,5.14501622603368,6.06250030328112,8.32309206357166,8.21335256806154,8.65532717470255,9.93128897614122,11.3862378655627,12.2137823344594,13.2381821493961,14.1867265633028,15.2548802109109,16.5244781313749,16.8891614387447,18.1575019075565,19.5333848682119,19.8113865618257
588.999999999912,0.696918096329968,1.3461461039888,3.51924349219384,3.5423325575208,5.15150348619208,6.06771190547424,8.33766656428098,8.24475178528938,8.65421774917455,9.92234574118106,11.373944537143,12.265124058934,13.2196348604572,14.2005681566962,15.2218133234103,16.4919451129891,16.892003514643,18.1625113120905,19.5498600000099,19.8038245088578
589.599999999912,0.74044961788058,1.4139618294339,3.42502260832586,3.51059945973513,5.15904205706604,6.07362458378652,8.34404585864217,8.26999915417679,8.65581315974566,9.91684188879591,11.3575147766762,12.3122252408466,13.2041871614346,14.2149454767942,15.1892507832045,16.4594525795459,16.8905013680831,18.170719437853,19.5686134165662,19.800472014058
590.199999999912,0.783774643892893,1.48157538957676,3.33073274058871,3.47875188756761,5.1665287355823,6.07950265720778,8.35035002083704,8.29515195410555,8.65914642016145,9.91217584434521,11.3409211167585,12.3592250808856,13.1885864676539,14.2292963535948,15.1566633485791,16.426958047779,16.887435692177,18.1790159671149,19.5872543777219,19.7969117368253
590.799999999912,0.827096557958019,1.54918590303034,3.2364418332448,3.4469025902382,5.17401463206581,6.08538020912337,8.35665305076853,8.32030332885292,8.66179215486352,9.90853325519131,11.3243249868289,12.4062233936735,13.1729834681981,14.2436468318874,15.1240755387875,16.3944634858968,16.8843675788885,18.1873096789567,19.6058936441424,19.7933483282516
591.399999999912,0.870785881920301,1.61715612175171,3.14227366635564,3.41525697295542,5.18159285870792,6.09131933224556,8.36308976059071,8.34562296665923,8.66421568565725,9.90134941667542,11.3080204771469,12.4534020203185,13.157652686674,14.2580443597638,15.091532022719,16.3619724795583,16.8815872334374,18.1959360275778,19.6247329983105,19.7901546192989
591.999999999912,0.91434014138459,1.68499410829371,3.04806037853199,3.38353648032643,5.18913714362277,6.09723582101801,8.36947732800418,8.37088074884933,8.66611217688284,9.8963445795784,11.291608764195,12.5005143613224,13.1422218344154,14.2724245916215,15.058972223721,16.3294801661571,16.8787011009109,18.2044400947363,19.6434987977067,19.7868250041169
592.599999999912,0.957945797074768,1.75288241327662,2.95386426062179,3.35184448008636,5.19669434441638,6.10316092286177,8.37588359562664,8.39616206901773,8.66777388916076,9.89113789642863,11.2752378454086,12.5476519260663,13.1268290621716,14.2868114051502,15.0264186208821,16.2969883501338,16.8758552236439,18.2129906937797,19.6622925869724,19.7835471054657
593.199999999912,1.00198934415678,1.82119942701665,2.85981442888674,3.32039523253149,5.20436158737809,6.10915940732686,8.38244918740948,8.42164393072201,8.66838309345001,9.88284570582696,11.2592144893773,12.5950043948902,13.1117607283545,14.3012542939449,14.9939178087825,16.2645007717263,16.8733523177008,18.2219377404513,19.6813248475013,19.7807098271756
593.799999999912,1.04620966368814,1.88968950626665,2.76582365144225,3.28904398184879,5.21207325328108,6.11518751563464,8.3890790967893,8.44720674907253,8.66757623277754,9.87473624862743,11.2433314410128,12.6424436183781,13.0968233671401,14.3157198197731,14.9614383077851,16.2320149040025,16.8709878659089,18.2310448291324,19.7004533765344,19.778050422993
594.399999999911,1.09061831972552,1.9583639725837,2.6718957914874,3.25779713877356,5.2198322481744,6.12124718571039,8.39577753127891,8.47285582007127,8.66455028402003,9.86728438561227,11.2275978789278,12.6899752718253,13.0820255464622,14.3302094634988,14.9289815120146,16.1995308588717,16.8693246032839,18.2403224294119,19.719684471741,19.7755805290425
594.999999999911,1.13501547312657,2.02702717747606,2.57796408885213,3.22654391901245,5.2275883524536,6.1273049281538,8.39762368344661,8.49566631195004,8.66139047860009,9.85900696501502,11.2237903628311,12.7375012801205,13.0672192033577,14.3446976342259,14.8965233295243,16.1670467024262,16.8691430691344,18.2488698076611,19.7389093027272,19.7730990607705
595.599999999911,1.17937115756992,2.09564978301972,2.48401853270131,3.19526771021565,5.23533403557793,6.13335572115524,8.38403279658473,8.51237295027144,8.65787738079768,9.84752057390677,11.2447503096398,12.7925590559011,13.0523821354579,14.359180494543,14.8640601476734,16.1345621446722,16.8675488306835,18.260462631173,19.7558747634209,19.7746223576828
596.199999999911,1.2327173256655,2.16408505642614,2.38896045474288,3.16214534161696,5.24123080499726,6.13881910468983,8.35860037861015,8.53495309977347,8.64714378260256,9.83738917869306,11.2670364685493,12.8566810819165,13.0350776790673,14.3732368965412,14.8311954866771,16.102045359403,16.8656201639066,18.2659024471718,19.7973654035354,19.7561433200904
596.799999999911,1.28248551276785,2.22865367802506,2.29989961568822,3.13897501288912,5.25090537938859,6.14769984757015,8.336610726272,8.56434861676647,8.64430206865449,9.83153956116104,11.2576731485391,12.8711511019358,13.022098563391,14.4032788103879,14.8004950676162,16.0697023020615,16.8721226961741,18.2542577927021,19.8279784618788,19.7812436977189
597.399999999911,1.294780280957,2.24520160460481,2.32501261302127,3.1740683575253,5.25097284269192,6.145645146747,8.30563336611287,8.58405629761506,8.62775409161598,9.80273019248816,11.2202975898,12.8360483085501,13.0217916385129,14.4371127438229,14.8572543579843,16.0912886187851,16.855438239289,18.2190049089064,19.8258541436752,19.7684756081113
597.999999999911,1.29508814330129,2.26348948212227,2.34936350529874,3.20789703684843,5.24692570456365,6.14251359536948,8.28577178753032,8.60235815295033,8.61012956686576,9.77344071433148,11.1823136154311,12.8008468271615,13.0380952739455,14.454870089285,14.9137386251784,16.1128528588682,16.8381781763011,18.1841951151548,19.8455745919733,19.7334966785587
598.599999999911,1.26934769893805,2.24819409898506,2.37513695069193,3.24408635338366,5.24203796593636,6.14004242145586,8.26233189928335,8.60535059639126,8.59746537230473,9.75119108764605,11.2072855676703,12.7523171356889,13.0537472914463,14.4707720161729,14.9707362534637,16.1344583074489,16.8289021398854,18.1662415549128,19.8489095522938,19.7159038901626
599.199999999911,1.25544457811481,2.24555020732269,2.40609185368062,3.28887397213877,5.24024879710609,6.14012082657092,8.23219460826342,8.59065260624882,8.58743653496361,9.73937170653958,11.1921746598461,12.6783787853557,13.0808909208405,14.4886601294707,15.0296037301899,16.1562138524165,16.8313842444645,18.1667516086313,19.8469023426294,19.7103648009963
599.799999999911,1.23897819604244,2.24039680630552,2.43619044916713,3.33224060257909,5.23781548036496,6.13976967578906,8.20268203195559,8.57594804942178,8.57715700748655,9.72388005983886,11.1860784197418,12.609660013939,13.1061354024958,14.5062199980048,15.0881621886104,16.1779445918811,16.8395230904378,18.1638614398905,19.8434992065774,19.7022464761599
600.399999999911,1.22276250293564,2.2354888372764,2.46637279220066,3.37574620679389,5.23544516179598,6.13946053591168,8.17326066732674,8.56135830085812,8.56615716445318,9.70623346901369,11.1801811562556,12.5410642732164,13.1315656222933,14.523811969135,15.1467508692641,16.1996777573433,16.8489580607084,18.1605811053325,19.8402325932235,19.6943804026
600.99999999991,1.2066312008838,2.23066348961175,2.49658332771497,3.41929859465319,5.23309605071093,6.13916553843798,8.1438700078778,8.54680720094593,8.55522319105699,9.68760501344603,11.1743508755605,12.4725099491153,13.157058368328,14.5414147471705,15.2053497238245,16.221411739485,16.8584591289029,18.1573771747279,19.8370119383923,19.686599246026
601.59999999991,1.1907024200655,2.22603641628622,2.52686151940429,3.46296325366959,5.23079783324023,6.1389044798342,8.11455303456679,8.53234884987508,8.54352111751677,9.66795493301816,11.1686813398336,12.4040550164163,13.1827011645159,14.5590434595639,15.2639729936757,16.2431476814897,16.8681188185658,18.1543565979508,19.8339015745951,19.6790218728117
602.19999999991,1.17486466348321,2.22149845840762,2.55717011951811,3.5066783735494,5.22852249017278,6.13865867523443,8.08526917987892,8.51793218525989,8.53319711147091,9.64536234990363,11.1630840517801,12.3356447557067,13.2084114015361,14.5766838282911,15.3226072371079,16.2648845043652,16.8778498014838,18.151418430518,19.8308407816845,19.6715360911029
602.79999999991,1.15898351325765,2.21691801685561,2.58746422313756,3.5503694374107,5.22623624227671,6.13840559865043,8.05596953667381,8.50349564761676,8.52355469733359,9.62224363291473,11.1574523213638,12.2672131986869,13.2340894877407,14.594318640138,15.3812362491459,16.2866209073065,16.8875467970353,18.148440976387,19.8277563570307,19.6640066453185
603.39999999991,1.14264921013827,2.21189392508002,2.61760694217894,3.59380928810858,5.22383611699496,6.13807658189536,8.02650501650223,8.48885157911321,8.51424541756493,9.60340746363333,11.1514609148469,12.1985592476955,13.2594318281083,14.6118954223694,15.4398106305684,16.3083529249415,16.8968888679392,18.1450532575344,19.8244251498527,19.6560212225603
603.99999999991,1.12595542688793,2.20651789151471,2.64762956985889,3.63704985476323,5.22134565430595,6.13768732281807,7.99690970163794,8.47404287915326,8.50711119448584,9.5852150722753,11.1451841820892,12.1297288745405,13.2845078257929,14.6294261704828,15.4983416742543,16.3300814637718,16.9059493818663,18.1413400811643,19.8208981733984,19.6476740793661
604.59999999991,1.1088322619525,2.20072148044946,2.6775087541975,3.68005238623615,5.21874728793935,6.1372261071913,7.9671581588191,8.45903753485588,8.50225623670005,9.56902045364792,11.138566640893,12.0606877736167,13.3092656899838,14.6469019330618,15.5568209531031,16.3518058473375,16.913913841792,18.1372381614805,19.8171373599818,19.6388948785505
605.19999999991,1.09101483149079,2.19424536268883,2.7071560055722,3.72267003957745,5.21597445254876,6.13664854530798,7.94398775927959,8.44750535187291,8.49588884354721,9.55590168504043,11.1261527348949,11.9913059478079,13.3335091654033,14.6642887897504,15.6152165335942,16.3735235122725,16.9182041783147,18.1310070633601,19.8129984565179,19.6294170854981
605.79999999991,1.06881986770891,2.18348350900395,2.73534085641121,3.76286093142535,5.21210154242174,6.13533738857452,7.93990255177754,8.45368030916998,8.4852595363577,9.54056688171012,11.1032367031849,11.9196082926826,13.3545092794558,14.6811150705746,15.6730843731339,16.3951988144105,16.9238354942218,18.1173560406767,19.806096411293,19.6150764524429
606.39999999991,1.04662632845174,2.17614801074509,2.76824589790422,3.81088468208386,5.21192411443326,6.13611576588683,7.94080830357165,8.43198056192607,8.4844362621719,9.52758801757716,11.0484674997858,11.8490902940219,13.3859779919793,14.6997507222868,15.7326556023033,16.4170108509614,16.9335081772876,18.1145584145407,19.7757627222488,19.6221591146976
606.99999999991,1.02477373082442,2.15783158581401,2.80157029639482,3.85960432924192,5.21210786576172,6.13612075615025,7.94739580237811,8.40932714052962,8.48049222251516,9.5118941302161,10.9936358489796,11.8096723312845,13.4226076504417,14.6862467054265,15.7923781661143,16.4388350354396,16.9263220780054,18.1222168048214,19.760682868583,19.6138273067548
607.599999999909,1.02059653958998,2.1757912200497,2.79340763271582,3.85986585138768,5.21077150603464,6.14387700728788,7.96116778592886,8.39401781897149,8.48768784147483,9.51384835527301,10.9739915158881,11.8218843551247,13.436730588335,14.6629110332615,15.7686176228535,16.3764274810824,16.9271926828251,18.1434816020044,19.7617110375132,19.6286118303023
608.199999999909,1.01500677161172,2.18113713412874,2.78647455977959,3.86216780185583,5.21016781104613,6.15170221361671,7.96930087814714,8.37438936438431,8.49599050191201,9.51973722028552,10.9693248836292,11.8348693108301,13.4123823520812,14.703647784612,15.7453008057522,16.314055545479,16.9241907604266,18.1675298708042,19.7365688932766,19.6360276255582
608.799999999909,1.03272669537001,2.21567492377446,2.77870684288252,3.86308471329025,5.20842511955261,6.15884982727161,7.9697329447207,8.36869663559796,8.50202813799214,9.52166910717767,10.903223692741,11.8527763135722,13.4064645555881,14.7362393489342,15.7216827881335,16.2516594319217,16.913268070471,18.1742964178222,19.7140502237182,19.6768458900777
609.399999999909,1.05505413638129,2.24451629429987,2.76772131122259,3.85866186398964,5.20576606108989,6.1641656210694,7.97718771436265,8.36895766880654,8.50387773636655,9.52196808925061,10.8816126826455,11.8724698653671,13.3934101806895,14.767597441817,15.6969035478652,16.189170104754,16.8923542199179,18.1665215496628,19.6901660729477,19.7101165262483
609.999999999909,1.07764778734564,2.27361829232233,2.75682471219809,3.85438659279084,5.20317390122534,6.16952602680606,7.98809393725303,8.36623962141618,8.5055780578681,9.52374894641028,10.8605188283786,11.8916221919886,13.3805530435973,14.7989896248739,15.6721564009889,16.1266833537856,16.8671240826529,18.1593547211611,19.6664268974489,19.7436550314089
610.599999999909,1.10038762797129,2.30286341439147,2.74597695068626,3.85019236436543,5.20061847884315,6.1749109312672,7.99905335037668,8.36358852464314,8.50475540596622,9.52717845333286,10.8395410076361,11.9108462641507,13.3678042199926,14.8304005286098,15.647426878255,16.0641980175416,16.8415514036274,18.1533347831555,19.6427673353745,19.7773406372949
611.199999999909,1.12321577798379,2.33219499398907,2.73515869065053,3.8460470917797,5.19808524862224,6.18031063477307,8.01004489434182,8.36097787100369,8.5025869343789,9.53161920850385,10.8186332797393,11.930113675935,13.3551208257592,14.8618227410228,15.6227080018091,16.0017135358958,16.8160478914954,18.1473947965892,19.6191558657071,19.8111151029178
611.799999999909,1.14531766182877,2.36081553730732,2.72409780721145,3.84149920095206,5.19536950761173,6.1855886292978,8.02077219071154,8.35803460855896,8.50051086363672,9.54355981889491,10.7971491005241,11.9490246578708,13.3418993331363,14.893151949624,15.5979015691139,15.9392220259389,16.7899755431781,18.140797280542,19.5951488787639,19.8441587762325
612.399999999909,1.16746054873183,2.38947622384464,2.71305062164505,3.83697404088058,5.19266407067545,6.19087349518821,8.03151440579838,8.35511012432359,8.4963686563189,9.55804686602983,10.7756974662187,11.9679557628887,13.3287082201187,14.9244864089734,15.5731000796119,15.8767309127818,16.7639353098403,18.1342368868621,19.5711642216752,19.877243708139
612.999999999909,1.18973079033234,2.4182615944362,2.70204598140365,3.83251948209369,5.18999063799248,6.19617970340621,8.04230295812915,8.35224396483977,8.49072511215706,9.57335890359157,10.7543469157673,11.9869493698069,13.3156114655618,14.9558371770437,15.5483139435714,15.814241032077,16.7379948250018,18.1277917945303,19.5472489206783,19.9104567884263
613.599999999909,1.21188076525254,2.44692922035408,2.69100116372787,3.8279982513874,5.1872869822759,6.20146575711919,8.05304775214855,8.34932272671034,8.48582108388014,9.58886926717478,10.7329009073564,12.005883953413,13.3024256041321,14.9871725440667,15.5235133085773,15.7517499875129,16.7119601432384,18.1212378180298,19.5232681236527,19.9435488525231
614.199999999908,1.2341868679404,2.47574970002171,2.68000850358337,3.82356357281604,5.1846225614892,6.20677797500225,8.06384935232119,8.3464729905627,8.47921100785577,9.60519721384414,10.7115788205344,12.0248951598869,13.2893554194392,15.0185279044173,15.498731495831,15.6892604538474,16.6860477460144,18.1148251927509,19.4993723522445,19.9767980173865
614.799999999908,1.25644489851992,2.50452311565887,2.66899978401182,3.81910224463796,5.18194606017494,6.21208213687556,8.0746334617451,8.34360123878601,8.4746284359606,9.61875896843601,10.6902185779626,12.0438827739989,13.2762496176059,15.0498771087752,15.4739438876702,15.6267704549727,16.6604429850808,18.1083690450971,19.475450401248,20.0099988105529
615.399999999908,1.27857253456375,2.53316887114928,2.65794750359792,3.81456862998824,5.1792367906956,6.21736444699975,8.08839797350402,8.33766914892529,8.47158293231825,9.6288956432733,10.6693306674163,12.0628063943484,13.2630472050632,15.081209615138,15.449140559575,15.5642791942281,16.6361845880441,18.1018970696616,19.4514574386942,20.0430683965558
615.999999999908,1.30698445173845,2.56796712564561,2.64899461008072,3.81351881553985,5.17810676194455,6.22369988817681,8.08979301885738,8.30481090566675,8.47412812682111,9.6421515962539,10.6557999983147,12.0760155049035,13.254500883782,15.1133468706756,15.4250948436465,15.501848748492,16.6126435391104,18.1025802156132,19.4334603767969,20.0800544554393
616.599999999908,1.32246701850875,2.5969792879837,2.6380007571169,3.80908215756003,5.17504946215063,6.22918621167072,8.10288514077638,8.2826346307101,8.47462078482008,9.65393669249043,10.6758784948774,12.070484425426,13.2414280536141,15.1447017737878,15.4003126004439,15.4393591802729,16.5863555354872,18.0996249756953,19.4314053867426,20.0958293326801
617.199999999908,1.33879422567606,2.62864780001171,2.63007558698179,3.80973778527242,5.17351839742443,6.23669385066555,8.10692824018851,8.25266915991571,8.48324022416784,9.67544789808736,10.7271859696796,12.0457848951542,13.245725890388,15.1277620170188,15.3766377621938,15.3769585056126,16.5836629681966,18.1091499947411,19.4195163179947,20.1098105717059
617.799999999908,1.35911751038407,2.63910214704032,2.60971609343372,3.85220930208616,5.17187900050161,6.23518099469954,8.1147353530232,8.22265395912441,8.49231805451752,9.70088734651009,10.770090418969,11.9829029144558,13.2662618895606,15.1014664792941,15.3444527305547,15.4446151342475,16.5930085749691,18.1282919329165,19.4173672910007,20.1250627997711
618.399999999908,1.38853586152267,2.65429336502246,2.5895474899738,3.89499758897632,5.17665657572256,6.23220146467676,8.12084286796619,8.18617402583471,8.50357942835102,9.72635335288025,10.7861491500465,11.9280103208493,13.3106401521115,14.9982097011479,15.3123365860046,15.5122772926036,16.6208247867968,18.14419843253,19.4408462057296,20.1730413012484
618.999999999908,1.40412440445885,2.66648203337262,2.5699434376466,3.93872271287964,5.183553611948,6.22950888356046,8.14573536152871,8.14592615623577,8.5157658684289,9.75164790165875,10.8384592381631,11.8917105898049,13.3272056040685,14.9093297748837,15.2804241727475,15.5799558048686,16.6494894524786,18.1636833482427,19.4544742153777,20.1485331083575
619.599999999908,1.418727102385,2.67736582003881,2.55008051893179,3.98201826433272,5.19015683028378,6.22685890748653,8.16503093045039,8.116608134043,8.5290102555102,9.78114385557309,10.8563285205659,11.8676544109544,13.3431969333918,14.8203506184549,15.2484183415858,15.647626818296,16.6837597971825,18.1870430929093,19.480081376245,20.1048514222316
620.199999999908,1.4334211273882,2.68833901864231,2.53024810981148,4.0253644445344,5.1967829991268,6.22422423616727,8.18151393202998,8.09594878451771,8.54242699415987,9.81250130645927,10.8620480603028,11.8432547649954,13.3592559279255,14.731383157141,15.2164235205147,15.7152987155248,16.7200020920906,18.2103561888169,19.5057382729251,20.0612616323365
620.799999999907,1.44748703217942,2.69869726878959,2.51020586486187,4.06836241540627,5.20325132127259,6.22148430334134,8.19776839583182,8.07500177418472,8.56003560992724,9.84436163225274,10.8672690490374,11.8185468563055,13.3748495414603,14.6423352603386,15.1843529753465,15.7829645342324,16.756530597184,18.2322896770143,19.5310531016332,20.0170398077409
621.399999999907,1.46120402657346,2.70871392523234,2.49004705957693,4.11116696175008,5.20963196218671,6.21868589948805,8.21389591067526,8.05389497302633,8.57989407102735,9.87664687569729,10.8722131009307,11.7936677127631,13.3901846435413,14.5532426829518,15.1522403666938,15.8506269764219,16.7927858238732,18.2539072770668,19.5561779172359,19.9724668983145
621.999999999907,1.47525603026777,2.71905856579037,2.4700001706943,4.15415722630786,5.21609679098489,6.21594363709148,8.23014531664625,8.03294159639481,8.59971470446379,9.90546570514429,10.8774230560994,11.7689529818281,13.4057679576044,14.4641930060101,15.1201681456553,15.9182926606042,16.8293034411581,18.2758281798217,19.5814851755458,19.9282310859895
622.599999999907,1.48920901302937,2.72930626189647,2.44992020193438,4.19709259689478,5.22253673580883,6.2131847805902,8.24635869444391,8.01194287105286,8.62115486386032,9.93299144351152,10.882554416464,11.7441896543624,13.4212779059969,14.3751306486978,15.0880839869803,15.985957386529,16.8657435019051,18.2976594333744,19.6067385080483,19.8838956356264
623.199999999907,1.50307687097075,2.73947061825998,2.42981179556507,4.23998077706172,5.22895528875351,6.21041165871955,8.26254110008554,7.99090516101631,8.64347443245429,9.96014457811022,10.8876182116341,11.719384550165,13.4367247844975,14.2860573905159,15.0559895659383,16.0536212886736,16.9021168900186,18.3194136186546,19.6319454824269,19.8394745299394
623.799999999907,1.51734267983242,2.75002458046552,2.40983633247601,4.28308956822097,5.23547384682021,6.20770522617469,8.27886829778619,7.97004970093999,8.66364797011045,9.98620778226331,10.8929978680448,11.6947747484513,13.4524665091012,14.1970350929241,15.0239431205443,16.1212890419171,16.93880196673,18.3415280912149,19.6573691768881,19.7954538552302
624.399999999907,1.53150773439833,2.76047990120489,2.38982721044587,4.32614250448949,5.24196708531826,6.20498190904503,8.29515883663975,7.94914809832333,8.68420616386238,10.0127756041454,10.898297553848,11.6701154995239,13.468133583767,14.1079998929916,14.9918845285452,16.188955820129,16.9754081292749,18.3635513452623,19.6827380015697,19.7513317983176
624.999999999907,1.54621989968876,2.77147085969162,2.37000086144294,4.36949874107391,5.24859781281801,6.2023502777075,8.31164843845376,7.92849705652389,8.69930469136173,10.0413935137078,10.9040314918752,11.6457247562786,13.4842060186341,14.0190347546771,14.9598918944072,16.2566278929072,17.0125093416455,18.3860699293234,19.7084047772684,19.7077602617612
625.599999999907,1.56198515537007,2.78349282513812,2.3505263178608,4.41343877657493,5.25549318208047,6.19989512513803,8.31780801888332,7.91388987165915,8.71432779223966,10.0717558873313,10.9068377305745,11.6218508384968,13.5010586994615,13.9302044724592,14.9280262173668,16.3243101567796,17.0496217265728,18.4103497996849,19.7346450554393,19.6652483785278
626.199999999907,1.57287493589918,2.79074155472795,2.32942302654499,4.45467600789468,5.26116334375438,6.19662293173709,8.32995297966447,7.92040639401589,8.72996619177269,10.1038662386611,10.9062618007073,11.5974559181808,13.5142990884804,13.8407498492031,14.8955727691531,16.3919452391118,17.0841303504747,18.4295258857117,19.7563981741068,19.6197313762403
626.799999999907,1.5930379192831,2.79602584357968,2.30501237002317,4.49042487516463,5.26473828424054,6.19144505077575,8.32435270233445,7.93599789405065,8.73800204653378,10.1281238064701,10.9169173191906,11.6035176614401,13.5202042910891,13.7500274275129,14.8619257819476,16.4594845137377,17.1165709275939,18.4383537549576,19.7800185374084,19.5894496389069
627.399999999906,1.61526033113475,2.8139225726244,2.27558805002162,4.51785388397137,5.2666746997042,6.18441518531775,8.31972858155513,7.9618750244628,8.73841986471351,10.1469915221309,10.9282276462083,11.6351233121792,13.4853009613832,13.7273828913831,14.8264694986766,16.5268785526341,17.1316333811634,18.4335750406308,19.7919789600636,19.5349410883683
627.999999999906,1.62241862075451,2.82491286826835,2.29109800210395,4.47882971305758,5.27167529558414,6.18118980479816,8.30287459571351,7.98038827849057,8.73008473784685,10.1482812557288,10.9271078188501,11.7105070899779,13.4165891609576,13.7837069572508,14.8389662752526,16.5138827053053,17.1282968195659,18.4087865625363,19.7752569133629,19.4733160588767
628.599999999906,1.62968710166382,2.83196460621192,2.30917341392277,4.44406276081764,5.27145100356895,6.18275233770511,8.29108137139187,8.00739328054083,8.72327233227532,10.1525242054598,10.9234862087476,11.7746413868444,13.3760209696087,13.8666967695391,14.8523888571307,16.5009611741635,17.1116896608772,18.3818363756113,19.7324470012889,19.3785941694071
629.199999999906,1.64493814631749,2.83367713543934,2.32727572189662,4.40934044105132,5.27037695063425,6.18469139046869,8.26781671980004,8.03381606872584,8.7157273281133,10.1529755909675,10.8860118655941,11.8222763598694,13.3692775033085,13.9400882559119,14.8658211451065,16.4880404221491,17.0993243100264,18.3655504751338,19.6864121379212,19.3395740741365
629.799999999906,1.64811862787503,2.83862056403754,2.34727253512015,4.37776193330967,5.26933374476855,6.1874070875966,8.25336848381458,8.03934181920601,8.70801608669858,10.1396573943084,10.8766745168232,11.8617579518922,13.3667357348291,14.0142059550354,14.8799371089827,16.4751745501347,17.0813982390424,18.3539668095366,19.6324915191882,19.3221469483451
630.399999999906,1.65160713683307,2.84386556066726,2.36737225091613,4.34635418589959,5.26836794623223,6.19017440450673,8.24610679634277,8.03566806040155,8.69781374578024,10.1220580363978,10.8819340251094,11.8988679311436,13.3644221871552,14.0883630993704,14.8940902076248,16.4623116590005,17.0596349502965,18.3428708181009,19.5787386490901,19.3050297696075
630.999999999906,1.65583949014252,2.84983880314361,2.38772046245123,4.31535880150243,5.26758907588558,6.19306637618144,8.23911575218442,8.0323349606985,8.68380659686306,10.1037318082296,10.8877839368564,11.9363429670934,13.3626597617357,14.162615498535,14.9083329816839,16.4494559662872,17.0366042490264,18.332743409557,19.5253908691705,19.2886610709106
631.599999999906,1.66047921479364,2.85621087433599,2.40820476434241,4.28458925047149,5.26691257801415,6.19602661587298,8.23227292764899,8.02918842523502,8.66771407354477,10.0841292334056,10.8939571870121,11.9740179287896,13.3611991621105,14.2369200646451,14.9226248670858,16.4366042158373,17.013892614746,18.3229848171288,19.4722649396007,19.2727022823217
632.199999999906,1.66568079679089,2.86313302065894,2.42887676565788,4.25413117480183,5.26637727497248,6.19908101262182,8.225634531544,8.02629920411306,8.65235002605145,10.057571816511,10.9005763940669,12.0119686333716,13.3601548486165,14.3112965807883,14.9369844881527,16.4237579026615,16.9916210461107,18.3137349056577,19.4194449919104,19.2573088526126
632.799999999906,1.67089588625575,2.8700683911963,2.44955327940681,4.22368058723103,5.26584536635932,6.20213767297619,8.21900105005019,8.02341616901883,8.63643877815034,10.0316609722482,10.9072063222565,12.0499259670172,13.3591205429502,14.3856748266636,14.9513457376352,16.4109117202019,16.9693600569802,18.3044972232543,19.3666324002515,19.2419290145507
633.399999999906,1.67617016305171,2.87706170789935,2.47024956584012,4.19326281118341,5.26532833153075,6.2052042520492,8.21238910351232,8.02056024000274,8.61987831071322,10.0060636215357,10.9138832285605,12.0879123480457,13.3581300898119,14.4600606519192,14.9657141225468,16.398066110517,16.9471454253658,18.2953131264602,19.3138520414199,19.2266087326793
633.999999999905,1.68110503989953,2.88372274191167,2.49083246908942,4.16265688289005,5.26472600544768,6.20821395387287,8.205653668336,8.01754887567061,8.60550370139554,9.98088344214477,10.9202907466479,12.1257321616675,13.3568881716135,14.5344030144743,14.9800415905222,16.3852172163498,16.924664964252,18.2858217518639,19.2608868487783,19.210946935696
634.599999999905,1.68642472396574,2.8907605136891,2.51154392470855,4.13226427914996,5.26422038147249,6.2112881423773,8.19905824296147,8.01471374186514,8.59079713841524,9.95213732201594,10.9270036935689,12.1637408272346,13.3559313612086,14.6087946544703,14.9944154495843,16.3723720460858,16.9024858971449,18.2766787648174,19.208131218291,19.1956723440761
635.199999999905,1.69135681058442,2.89741881598372,2.53212589582728,4.1016568040447,5.26361735420445,6.21429737660939,8.19232179257698,8.01170109968914,8.58076918432516,9.92082237660102,10.9334089969982,12.2015592714948,13.3546873756995,14.6831366597158,15.0087425811788,16.3595231249166,16.8799049199069,18.2671848640703,19.1551645061185,19.1800077394747
635.799999999905,1.69507338278986,2.90288709334733,2.55230180060704,4.07037548744995,5.26270886799413,6.21710291276574,8.19432831244526,8.00183030533491,8.56990619130349,9.889371665402,10.946214530476,12.2387811774091,13.3525428025305,14.7573230092544,15.0229231743724,16.3466624408238,16.8594418433863,18.2546478390998,19.1015358369791,19.1631200452904
636.399999999905,1.69621221478619,2.90583168602152,2.57161656090498,4.03766515587761,5.26115259530826,6.21947646661513,8.17953664663948,8.0272788292981,8.55432536274132,9.8484225513067,10.9546503137465,12.2884081192974,13.3484883540055,14.8311792598903,15.0367930037245,16.3337768111103,16.8373164317157,18.2395371324463,19.0476934566106,19.1406296540687
636.999999999905,1.68967428769125,2.91374469887649,2.59300630513427,4.00839812932406,5.26104747955528,6.22327778466414,8.1650617365632,8.06204467565398,8.54354930105166,9.80994038219273,10.938281666491,12.3376314908573,13.3490358750202,14.9058309054146,15.0514116388707,16.3209512895007,16.8074120491533,18.2329929462669,18.9853898251316,19.1138844471842
637.599999999905,1.67354695159684,2.89988673380838,2.61273530036344,3.97637519450508,5.25798119988476,6.22518350825788,8.15594360140414,8.09963365237769,8.53011049144407,9.75859493405956,10.9096406325549,12.3967833163641,13.3774117660099,14.9625717708077,15.0654309544487,16.3080776593386,16.7822001773168,18.2175895661931,18.929665321121,19.1254263436456
638.199999999905,1.65560574967073,2.88185294590739,2.63673527665176,3.98778225864724,5.24923949161936,6.22501760031587,8.15105757200039,8.15357408699053,8.52238085526722,9.71601640296377,10.9136241302018,12.4228588749634,13.4203620244693,14.8958151682702,15.0803131674776,16.3279917131043,16.7595429887668,18.2103483306852,18.9023158968509,19.1484890524719
638.799999999905,1.62133902275221,2.86535900291381,2.65830992691869,3.99516464716493,5.24209190501251,6.22027912201188,8.1551696572314,8.21005508579185,8.51115684061741,9.67148956866296,10.9426649457435,12.4570538572366,13.4073599203143,14.8253045930027,15.0943201456915,16.347835510067,16.7410138985939,18.213600579664,18.89071795813,19.1824924421016
639.399999999905,1.57685546236586,2.83402819613912,2.68016445631566,4.00301147745422,5.23571177405392,6.21516556900783,8.15647687313045,8.26420558274735,8.50033269411339,9.63193204845188,11.0138431295924,12.4816205251043,13.3685402642091,14.7550508339879,15.1084281247425,16.3676874145641,16.7315400746849,18.2173272063257,18.908699003078,19.1813981926607
639.999999999905,1.52395953750004,2.79796194353897,2.70101027778873,4.00918442053678,5.2285355585362,6.20964773340511,8.15387136070894,8.33305781718892,8.49514091644452,9.60233648423395,11.0625323208243,12.5076341024257,13.3274834615512,14.6844104111949,15.1221720882816,16.3875100988251,16.7278388786935,18.2182570631705,18.9276879168969,19.1836600947689
640.599999999904,1.47053084323867,2.76137409378159,2.72167811723602,4.01506201366827,5.22122545799497,6.20404061535595,8.14486095806014,8.40661470328128,8.49424246501014,9.5750612288367,11.1019806933979,12.5353498939131,13.2860319243371,14.6137017632984,15.1358518229031,16.4073276273053,16.7295183500651,18.2186809245288,18.9463866898435,19.1853859072278
641.199999999904,1.41668368364181,2.72437655395673,2.74220616016185,4.02070762328571,5.21381019705632,6.19836337013867,8.13569829930422,8.47997994440797,8.4963212786652,9.54703790941841,11.1410969220466,12.5628603150519,13.2442703416697,14.5429395277876,15.1494811087265,16.427141106162,16.7318527636527,18.2185709384587,18.9648575707625,19.1866906464464
641.799999999904,1.36251390785135,2.68706316323835,2.76262642684479,4.02617438502274,5.20631386262305,6.19263206032362,8.12641825857844,8.55319743669062,8.49968911163433,9.52054774173397,11.1799570840652,12.5902124057519,13.2022697292058,14.4721359788617,15.1630715010077,16.4469514629581,16.7339344933442,18.2181688698604,18.983152758136,19.187670758905
642.399999999904,1.30743496496565,2.64885967076715,2.78274296849587,4.03113713421744,5.19858905437142,6.18674839066338,8.11680742285005,8.62599855685667,8.5023801863916,9.50458809109019,11.2180956228083,12.6171183042641,13.1595955050942,14.4012160042929,15.1765522871083,16.4667530214519,16.7353041326679,18.2169436813166,19.0009528222216,19.1877360382763
642.999999999904,1.25235199451726,2.61065223519174,2.80285816466095,4.03609765066293,5.19086323399271,6.18086404605698,8.1071951217171,8.69879783251602,8.50477452014342,9.48909838417237,11.2562309647979,12.6440222261683,13.1169182969182,14.3302955139647,15.1900325876592,16.4865545409698,16.7366706174684,18.2157148463945,19.0187506929368,19.1877972649849
643.599999999904,1.19714467910415,2.57232306218036,2.82293182096106,4.04098923432135,5.18310616570696,6.17495886349938,8.09753757841342,8.77154016179399,8.50836746084684,9.47318829925514,11.2942676118159,12.6708651232597,13.0741489602248,14.2593591003343,15.2034978975921,16.5063548571614,16.7379397110941,18.2143734350041,19.0364808466306,19.1877333718023
644.199999999904,1.14220032589003,2.53425133701928,2.8430933249216,4.046026595634,5.17541517985864,6.16909774861661,8.08797571233099,8.84440292011953,8.51015579431487,9.4571150025221,11.3325129769499,12.6978370743824,13.0315744550437,14.1884563609791,15.2169949093787,16.5261577181228,16.7394147655931,18.213270098036,19.0543542069024,19.1879340796173
644.799999999904,1.08676757972223,2.49570146056302,2.86309167167355,4.05079320784506,5.16760146079266,6.16315478797062,8.07823614739734,8.91704200866105,8.51309427804554,9.44451727524677,11.3703706952755,12.7245693367597,12.9886380942874,14.1174910792554,15.2304330421247,16.5459558527485,16.7405072942398,18.2117245915443,19.0719615932665,19.18764335078
645.399999999904,1.03142526332236,2.45724011755166,2.88312022825632,4.05560995136582,5.15981046674003,6.1572269817066,8.06852948479317,8.9897225114091,8.5132214612271,9.4348003730994,11.4083001894336,12.7513459793793,12.9457687339156,14.0465373777395,15.2438820767847,16.5657548624922,16.7418878102924,18.2102609561916,19.0896182267759,19.1874436152752
645.999999999904,0.976955042493385,2.41963258216306,2.90344012540393,4.06091015618665,5.1522386304265,6.15144532277553,8.05246317449354,9.06778668268584,8.51418635568912,9.42651267228476,11.4381308119433,12.7785506205843,12.9035455185017,13.9756953545804,15.2574362484049,16.5855623117851,16.7416913571621,18.2125003682184,19.1077497947927,19.1881214103011
646.599999999904,0.92882561637509,2.38823287426366,2.92587828891375,4.06972549049159,5.14626023671178,6.14672626554395,8.05288414294961,9.09652209500178,8.51854404313644,9.42696573928816,11.4807801006859,12.7835511685704,12.8660202658665,13.9056653175825,15.2717548452822,16.6054311229866,16.7434569175536,18.2232128978932,19.1262166280723,19.2006152308033
647.199999999903,0.897665303459184,2.35825522285655,2.95006596343512,4.081444028024,5.14148483914081,6.14303273059111,8.06633169692639,9.09063820247006,8.52585697464721,9.44047386480485,11.5193381214458,12.7566720622121,12.8323751379218,13.8363059133036,15.2867047935462,16.6253506139971,16.7575888053566,18.2324225820164,19.1553837784867,19.2181235960286
647.799999999903,0.868189236002607,2.33388384978747,2.97794672922506,4.09929101768938,5.14053698761154,6.14293670832032,8.07512682217075,9.07350906542889,8.53897259490801,9.46891655729591,11.5457995813057,12.7125458128507,12.7947756902579,13.7761889900653,15.3029874789451,16.6453770864209,16.7778926261079,18.2500093109058,19.1836605693923,19.2148793652682
648.399999999903,0.845842451004309,2.32030108766248,2.98009735828833,4.1252501463305,5.14640662773865,6.14713021533042,8.08318955639304,9.0333926450756,8.54893983973889,9.49596178684273,11.5336176085325,12.6688622747247,12.783305254602,13.8122926463835,15.265326068812,16.6082439237793,16.8020099709282,18.2665779845725,19.2066920590397,19.2157094493869
648.999999999903,0.830946364027922,2.30396533478849,2.98214578362823,4.15103967434423,5.15263013833168,6.15462761485167,8.07285870217962,8.97943522445313,8.55946688793599,9.52319594901927,11.4983052162784,12.6144624835474,12.809281876957,13.8520290050726,15.2276277761016,16.5711078004927,16.8196149077968,18.2664302381203,19.2569773444262,19.2393818322964
649.599999999903,0.820319460554028,2.28518025810685,2.98134776009041,4.17210569989691,5.15755668992518,6.16103333939477,8.06531765418589,8.92337464291039,8.56812140706916,9.54750319222396,11.4614024321351,12.5900765013638,12.8405068530697,13.8960720877197,15.1889022766838,16.5338892213171,16.8188829501195,18.2601997132643,19.2835390018183,19.2903618654184
650.199999999903,0.837514824226428,2.27018247097089,2.98028490489198,4.19273225400486,5.1635890498341,6.16748846478646,8.05447123515349,8.86381870843913,8.57375640893416,9.57544965418868,11.4271076958708,12.5623547504361,12.8711444765705,13.9400136535578,15.1500812066551,16.496662970502,16.8178298628834,18.2536563342576,19.3102599388376,19.3256723232913
650.799999999903,0.855425729006714,2.25588521995662,2.97946109017963,4.21375548072939,5.1698012253227,6.1740635018339,8.04100193460718,8.81109891153324,8.57616576398095,9.60431331834596,11.3927994281411,12.5300962279663,12.9023122521459,13.984046849783,15.1113463998973,16.459443644208,16.8154364646723,18.2485120027289,19.3373705523703,19.3617027815666
651.399999999903,0.873150646162496,2.24140588150053,2.97857514266741,4.23467560198964,5.17596666209521,6.18060737074314,8.02746496357712,8.75829393769969,8.5774538009311,9.63384581524703,11.358343538484,12.4977464282977,12.9333422274963,14.0280562289026,15.0725891710861,16.4222225180521,16.8147831336794,18.2443007613376,19.3643798789068,19.3975460931297
651.999999999903,0.890925900912347,2.22697582505316,2.97770601141201,4.25562362876792,5.18214474871216,6.18715967531627,8.01394630757918,8.70551201702179,8.57947755685199,9.66178907031515,11.323927602736,12.465421332824,12.9644094985099,14.0720720541273,15.0338380108089,16.3850018790292,16.8141692287902,18.2401350933927,19.3914166187926,19.4334400559943
652.599999999903,0.909363603653875,2.21319432498405,2.97705818385142,4.27693889507586,5.1884893086022,6.19382299410669,8.0006686793156,8.65303347827875,8.58261775863479,9.68116120387073,11.2900374646023,12.4334213471351,12.9959675843423,14.1161727107693,14.9951667130725,16.3477876507285,16.8140741755361,18.2365691767561,19.4188141212151,19.4700005952721
653.199999999903,0.927770685914792,2.19938284654946,2.97640012692101,4.29823718638947,5.19482617356117,6.2004811814623,7.98737990997354,8.60054091624514,8.58616260577204,9.70027204828835,11.2561230224087,12.4014063338244,13.0275029831324,14.1602694462299,14.9564917238321,16.3105731261035,16.8139551392877,18.2329755376816,19.4461949480308,19.5065303232403
653.799999999902,0.946242378829643,2.18563462387569,2.97576365444193,4.31957129573931,5.20117927518652,6.20715019638666,7.97411464883097,8.548077944014,8.58911204723958,9.71956183981105,11.2222598629242,12.3694230295024,13.0590862526487,14.2043744555677,14.9178245238387,16.2733592267367,16.8138867082852,18.2294403942546,19.4736109611611,19.5431250645206
654.399999999902,0.964832372898692,2.1720022215668,2.97516670277483,4.34097098738507,5.20756210590848,6.21383903642967,7.96089243085483,8.49566915027458,8.59261910157987,9.73680475430395,11.1884906013237,12.3374977838705,13.0907571727584,14.2484946142526,14.8791715858415,16.2361464722081,16.8139109347411,18.2260123554953,19.5010913999142,19.579838844216
654.999999999902,0.983911570192767,2.15884876383295,2.9747331790033,4.3626418773204,5.21406787346941,6.22060985802263,7.94784820654229,8.44348439739996,8.59405810854316,9.75188630574564,11.1551096296597,12.3058126246413,13.1227905487821,14.2926774190673,14.8405776245685,16.1989384518564,16.8143183216812,18.2230272198437,19.5288382538407,19.6170448758846
655.599999999902,1.00296683519817,2.14567187567337,2.97429166018315,4.38429949997657,5.22056762684285,6.22737666899993,7.93479527460983,8.39128868423239,8.59714281820552,9.7653494260218,11.1217096624813,12.2741157201561,13.1548061931165,14.3368571591736,14.801980778098,16.1617301999042,16.8142117640668,18.2200204169494,19.5565720744826,19.654226826117
656.199999999902,1.02085152505201,2.1313489594628,2.97345908786243,4.40530819400211,5.22677321451676,6.23394731290319,7.92323669810228,8.33691931482493,8.59975788687207,9.77689855376732,11.097422592631,12.2418443321788,13.1859545457718,14.3808869983815,14.7632428109553,16.12451061992,16.8190424031114,18.2139951109283,19.5836684116291,19.6902309060926
656.799999999902,1.0354118691039,2.1137714093783,2.97151595287409,4.42447397929508,5.23214339362507,6.23996085700114,7.91601568996262,8.27664627931623,8.60406825679911,9.78847097884544,11.0623352868337,12.2350652288784,13.2146398549833,14.4244911302594,14.724104071668,16.0872588691729,16.8271247179865,18.2044630238221,19.6074937615784,19.7192901172881
657.399999999902,1.03573328394206,2.09663990469781,2.96652165410711,4.43857655065496,5.23582670460596,6.2438790059482,7.90970688305802,8.24734693337702,8.60480101416146,9.78840435324144,11.0381801253809,12.235854618367,13.236558189975,14.4669256723219,14.6838642495812,16.0499187323586,16.8310357633832,18.1934344387025,19.6272977803241,19.7470185143998
657.999999999902,1.03997179916732,2.08277858344333,2.9600247924537,4.45018571363239,5.23674589679437,6.24569736957451,7.91143235403186,8.21850906489497,8.60257468184894,9.77937005905869,11.0460795280289,12.2244146355864,13.265307503237,14.4786123484769,14.6430821930326,16.0125350693249,16.8252513301156,18.1727688341778,19.6694578196499,19.7913764179755
658.599999999902,1.0509851709076,2.06867005356957,2.94502718424516,4.42366277632407,5.23326081155175,6.24572762203492,7.92019458648607,8.2016660151715,8.60265435204572,9.77196160301675,11.0837951638746,12.2096064273384,13.2786222830034,14.473257350587,14.6649843312201,16.0090615347438,16.8219799411223,18.1516636029671,19.7060153206288,19.8013582890784
659.199999999902,1.06252420206946,2.04924861207651,2.92794508239672,4.39368075323122,5.22634531487354,6.24204153980114,7.94220519480415,8.19694021851766,8.599025222812,9.75675071158931,11.1602288076825,12.1821744469445,13.2954242547917,14.5091385206994,14.6861342318268,16.0055276165875,16.8209858923455,18.1374858121333,19.6931213859935,19.784199099238
659.799999999902,1.08235652829816,2.0631565149724,2.91490891346263,4.37041270073792,5.22050992391398,6.24025299941741,7.97111549679919,8.20267405782467,8.59885018607335,9.74794993408527,11.2018792976769,12.1220516571127,13.3042503736796,14.5401317747406,14.7087442006117,16.0021109009559,16.8352077271504,18.121867414935,19.6724171010978,19.7636598014124
660.399999999901,1.09840261013039,2.07541257429888,2.90146605541003,4.34646977329178,5.21426352659736,6.23791410478217,8.0090789044588,8.2107639997282,8.5931553300055,9.73105082057703,11.2511240341142,12.0645315005638,13.3121745236834,14.5709691343465,14.7312074062513,15.99868240436,16.8439060060369,18.1006614759864,19.6510170182769,19.7523835488193
660.999999999901,1.11472128716047,2.08793551246974,2.8881142631095,4.32267796372004,5.20808563249222,6.23562089213693,8.05154818159869,8.20509353723677,8.58860543016794,9.71378793891909,11.3002789712059,12.0129381941403,13.3203006423919,14.6018414018053,14.7537034750672,15.9952565457554,16.8540362606623,18.0796069097378,19.6297653880689,19.7413815902582
661.599999999901,1.13160451105847,2.10101115889334,2.87495106872055,4.2991991204926,5.20204960909406,6.23342228726384,8.09422286573612,8.19968162080741,8.58246510788375,9.69697171455924,11.3498819999212,11.9616219505409,13.3288450399272,14.6327859637105,14.7762676037879,15.9918361504523,16.8618624117634,18.0576123459373,19.608821204427,19.7309476968601
662.199999999901,1.14860442318488,2.11420104657929,2.86182685631421,4.27578496540771,5.19604290946403,6.23124323721243,8.1369400061866,8.19432314419665,8.5746185649214,9.68138782936544,11.3995776463106,11.9103629740557,13.3374758930219,14.6637454684157,14.7988458000559,15.9884168843787,16.8697799570246,18.0357234265321,19.5879405680248,19.7206312188995
662.799999999901,1.16543608826311,2.12722621537773,2.84864643769413,4.25227753965461,5.18999392932723,6.22903599202027,8.17959593095624,8.18888761532573,8.56654059771784,9.66790569976748,11.4491397518067,11.85902142692,13.3459820900749,14.6946834278286,14.8214037130157,15.9849959901243,16.8775657255166,18.0136821836411,19.5669683059663,19.7101454453635
663.399999999901,1.18241954197456,2.14039998978364,2.8355167270327,4.22885426056204,5.18398309369522,6.2268541838383,8.22230708311102,8.18352160123907,8.5581686353156,9.6532519394495,11.4988223348379,11.807754373134,13.3546007489535,14.7256408249107,14.8439799251115,15.9815765647774,16.8854703799915,17.99177836351,19.5460787064763,19.6998124064179
663.999999999901,1.19947536585635,2.1536446167488,2.82241119304067,4.20547110112814,5.17799044469716,6.22468450357869,8.26504456671885,8.17818873058792,8.5491169989124,9.63881700790062,11.5485623594547,11.7565228364765,13.3632730276672,14.7566074895341,14.866564861916,15.9781578397798,16.8934317172274,17.9699400641518,19.5252285190556,19.6895521886586
664.599999999901,1.21639333639863,2.1667542811754,2.80925960644714,4.1820115203054,5.17196315313556,6.2224917216103,8.3077318932147,8.17279272711219,8.5417852576841,9.62335247563229,11.5981929672448,11.7052236454973,13.3718431693638,14.7875565010069,14.8891331795773,15.9747377807312,16.901285083073,17.9479769584362,19.5043032580879,19.6791532584483
665.199999999901,1.23300539057603,2.1795644443398,2.79600582251479,4.15838234944182,5.16585898474863,6.22024767363125,8.35030791387332,8.16725662282879,8.5365759132178,9.60804465456588,11.6475807633775,11.6537743198588,13.380186654346,14.8184663376024,14.9116646169726,15.9713147612315,16.9088988448922,17.9257368894838,19.483211398134,19.6684465053811
665.799999999901,1.24993892033547,2.19268934170493,2.78285943378176,4.13493139414087,5.15983560322049,6.21805749910425,8.39300090149716,8.16186774502249,8.52902422978293,9.59285955845592,11.6972237208152,11.602482764881,13.3887683240333,14.8494173415492,14.9342348104018,15.9678948527544,16.9166399767804,17.9037878703999,19.46229461056,19.6580632313541
666.399999999901,1.26839623336454,2.20730606842277,2.77022209462226,4.11232517451469,5.15419514864141,6.21612268289839,8.43821924887086,8.15370433671632,8.52136652199526,9.57798455694395,11.7449038903361,11.5519390374414,13.3984789810811,14.8805634773342,14.9569887061066,15.9644896904179,16.9153979083609,17.8823388452436,19.4422076600825,19.6492132369191
666.9999999999,1.28839269098293,2.22342966368427,2.75809893678528,4.09057220637717,5.14894148131318,6.21444579929104,8.46635963405241,8.17213491062005,8.50946365858667,9.56181015965234,11.7900541845523,11.494087992116,13.4093300068558,14.9119067120893,14.979928155997,15.9610994228782,16.9084712717628,17.8596548325625,19.4268067669311,19.6431328735862
667.5999999999,1.3078824263647,2.23129064175396,2.74690446137196,4.07036032817388,5.14314300752304,6.21376681964754,8.47815244147024,8.17682661232863,8.49705167332028,9.54966866072959,11.8432179487117,11.4516099282308,13.422240695918,14.9436059347831,15.0032027423524,15.9577360573973,16.9023030780929,17.8372052079613,19.4202796746218,19.6376144556379
668.1999999999,1.33109608451368,2.24027740529866,2.73565832327494,4.05006271900399,5.13883217618854,6.21407071802586,8.48073537979414,8.18843962036806,8.48571240333761,9.54245558500785,11.8632711559269,11.4253181966555,13.4275938495363,14.9913861812046,15.0264586850371,15.9543711953525,16.9009296070835,17.8350957232958,19.3886325128872,19.6301317639521
668.7999999999,1.34305168528094,2.25303044993855,2.74213100864985,4.03659665950869,5.14221120769959,6.21536716914767,8.48169492549283,8.20200257134689,8.47348608168431,9.53462879655867,11.8525971554008,11.4261920060046,13.415496491112,14.9831497226588,15.0247594129445,15.9816044806442,16.8970135341647,17.8390204351299,19.3837209181322,19.6567055049
669.3999999999,1.35504724274932,2.27181792836376,2.7484923454878,4.02294582413243,5.14985359815951,6.21980385193341,8.47392098593555,8.21219835292965,8.46356816681165,9.53022256473801,11.7931277293835,11.4716930844184,13.3873703579546,14.9499660542822,15.0230199581598,16.0088345403981,16.8947456503466,17.8436483472063,19.3982614213998,19.6874093797427
669.9999999999,1.35988395106288,2.27539987580525,2.75008057657736,4.0013743206824,5.15761171198724,6.22246461727191,8.45997372804073,8.21532619591338,8.44852450007317,9.51604580977941,11.7587115354968,11.5298773601791,13.3630724521372,14.9227676219193,15.0195580181134,16.0359263328954,16.8870155229895,17.8519321913688,19.4497955453755,19.6910360466708
670.5999999999,1.34496718464502,2.27472461660915,2.75131649251449,3.97921817244828,5.16450114157728,6.22536388286875,8.44825794391519,8.21599360128589,8.43965453858917,9.50548785995168,11.728330318204,11.5857989448928,13.3379931698616,14.8954341380678,15.0159689370209,16.0630079195326,16.8819647125674,17.8644717439953,19.5066551002118,19.6905061081306
671.1999999999,1.32786345992774,2.27190825989258,2.75182181230303,3.95584964596527,5.17084098824109,6.22789665408942,8.43866697680663,8.2300166290456,8.43155988024934,9.49441311266632,11.6974315955996,11.6369070263593,13.3112935467388,14.8678205978586,15.0121162034631,16.0900683422714,16.8758518018704,17.8755626944475,19.5623236594798,19.6877755820187
671.7999999999,1.31031334202341,2.26865487090733,2.75217800572563,3.93223365367949,5.17706865623447,6.23035461794274,8.42891359221091,8.24383522169662,8.42637091455769,9.48267032141586,11.6661785622031,11.6877960313169,13.2842631861179,14.8401498936649,15.0082096542178,16.1171244451198,16.8695791690538,17.8873379376217,19.6177491174922,19.6845958807666
672.3999999999,1.29272725356355,2.26536626567339,2.75252218248133,3.90859772049259,5.18328728482221,6.23280655378614,8.41914711994398,8.2576373408782,8.42201708474722,9.47010211783105,11.6348969782902,11.738667382995,13.2572061745269,14.8124745831728,15.0042987684812,16.1441801998696,16.8632783628835,17.8990806146354,19.6731549863006,19.6813799847879
672.9999999999,1.27504927884291,2.26198770104452,2.75283566283631,3.88491084856391,5.18948282237975,6.23524309116589,8.40934721541138,8.27139737882181,8.41673959771491,9.45983065543204,11.6035424624984,11.7894936396273,13.2300810834202,14.784787505958,15.0003768052405,16.1712350654065,16.8569055882912,17.9107401018655,19.7285108147722,19.678071629907
673.599999999899,1.25717303396935,2.2584150240115,2.75308290717282,3.86111406213838,5.19562853462009,6.23764640207939,8.39947517147107,8.28506661479553,8.41216321591845,9.45063268136378,11.5720305759022,11.8402225911617,13.2028090918316,14.7570750387681,14.9964309392055,16.1982880122194,16.8503775218204,17.9222200840097,19.7837586673058,19.6745637692398
674.199999999899,1.23921066463063,2.25475802855362,2.75330137994901,3.83726953112235,5.20175260377028,6.24003528010123,8.38957179165992,8.29869640826628,8.40849567787837,9.44103019348398,11.5404503306741,11.8909092753684,13.1754732897034,14.7293515426966,14.9924746902895,16.2253401255782,16.8437819997603,17.9336220928469,19.8389596173188,19.6709692473739
674.799999999899,1.22123054918907,2.25108365913078,2.75351392429281,3.81341516224654,5.20787221332234,6.24242118419948,8.37966195503553,8.31231807453747,8.40316699465864,9.43400798507239,11.5088560000257,11.9415872503153,13.1481243392974,14.701625774104,14.988516301962,16.2523920672022,16.8371725783533,17.9450080351422,19.894150902982,19.6673568688102
675.399999999899,1.2030983944255,2.24726043866867,2.75367567693049,3.78947650773653,5.21395361537148,6.24478160927666,8.3696967998144,8.32587011121622,8.39726592096916,9.42940853458544,11.4771409928655,11.9921906088819,13.1206627413278,14.6738805357398,14.9845395842763,16.2794425374929,16.8304440746156,17.9562563277149,19.9492593895544,19.663591503405
675.999999999899,1.18447027244238,2.24295165147876,2.75367174202806,3.76526290519931,5.21991038078889,6.24705891928162,8.35955118989079,8.33919500931721,8.39395868029307,9.42516141794128,11.4450323270573,12.0425505614785,13.0928336759281,14.6460717850656,14.9805030744214,16.3064882081493,16.8244353263243,17.9670555933565,20.0040977773498,19.6593270798783
676.599999999899,1.16533834415638,2.23814962286424,2.75349950078658,3.74077000890313,5.22574053961184,6.24925180052676,8.34785652297474,8.35447704404294,8.39090969892105,9.42038890231355,11.4096101707668,12.092663260916,13.0646313350374,14.6181985182283,14.9764058273436,16.3335290033102,16.8226454488757,17.9803943760119,20.0586617972821,19.6545557102931
677.199999999899,1.14444208749323,2.2316202640491,2.75273785117851,3.71529902658128,5.23112732246651,6.25114901247214,8.35806828407293,8.36192441491597,8.39051881055928,9.41314036806648,11.3761670889799,12.130067632288,13.0351217843374,14.5900993159537,14.9720958786668,16.3605527244982,16.8227481712842,17.9931651524045,20.1137413607544,19.6464751715647
677.799999999899,1.13158887837889,2.22944387760833,2.75210199624889,3.69003679259771,5.23859883747282,6.25288748223356,8.38887532181129,8.38994274009608,8.39337252884732,9.40019928700701,11.3082746803659,12.1772002645204,13.0058912253296,14.5620483340256,14.9678313259001,16.3875800897047,16.821877726757,18.0060514372566,20.1374993016088,19.6233287284569
678.399999999899,1.10635464223838,2.23090431797553,2.75261598857759,3.66668265764834,5.24685044950176,6.25369787877768,8.42268154382968,8.41209166441543,8.39517342145931,9.38912519335608,11.2555604222889,12.2144489937135,12.9842261189777,14.5334240172026,14.9639817220284,16.4146407636694,16.8116482956168,18.0051953266561,20.1720766511167,19.6059525931968
678.999999999899,1.08589646192491,2.22453910186791,2.72087968354451,3.67362575288885,5.24982672079561,6.25356600296668,8.4454580262902,8.43601015350039,8.39913573956982,9.38235335672919,11.2220072794501,12.2299224407346,13.0448810054543,14.5475099034008,14.932701350088,16.3575233785029,16.8025858832837,18.0027992415709,20.1694063973299,19.5819696916146
679.599999999899,1.06621006675894,2.21976926249294,2.69132769050513,3.68419357618929,5.24935411708672,6.25198948609613,8.47141271972516,8.46357430938889,8.40402517743642,9.37800005833989,11.2344693207151,12.2290725522457,13.1040844474376,14.5298827576541,14.902209237491,16.3004692684398,16.7872749440704,17.9945324178118,20.1757266772784,19.5588667302398
680.199999999898,1.04431683136463,2.20481023836532,2.66403802245463,3.69851558518277,5.24577462201211,6.25110794163316,8.49849162552835,8.49066876296791,8.41078058006501,9.38083984407492,11.2402560666783,12.2359855979437,13.1818044395414,14.5095020374254,14.8725335370281,16.2434806933735,16.7726661438634,17.9642744414709,20.1492938171236,19.5792079504827
680.799999999898,1.04065984391715,2.20008152337011,2.63876762339344,3.7161884437612,5.24309802751551,6.25098120101764,8.50030639583963,8.52538098317668,8.4148579523798,9.38566147550047,11.2307536803612,12.2468531551756,13.2640028347043,14.4898953551094,14.8435865363378,16.1865506124613,16.7589450857723,17.9393185397713,20.1133959549774,19.607657361869
681.399999999898,1.03797544707664,2.19630500363954,2.61382213722671,3.73440047480417,5.24066584517402,6.25101744887227,8.49780784012864,8.55789281805218,8.41679542085777,9.39116594849922,11.2282518021818,12.2622112228285,13.3469218326732,14.4704132202906,14.8147567879569,16.1296299436211,16.7384298523321,17.9143031220015,20.0780277559247,19.6370854251122
681.999999999898,1.03550027957447,2.19273332568313,2.58894654820847,3.75272849575846,5.23828624219456,6.25108875975302,8.49538541125854,8.5905004738857,8.41608504726372,9.39767403347451,11.2259159933226,12.2776719740226,13.4299958509019,14.4509578788526,14.7859522635737,16.0727112995604,16.7191561768452,17.888945732783,20.0427735010726,19.6667240216255
682.599999999898,1.03301599254754,2.18915271943948,2.56406791263479,3.77105146114608,5.23590434747726,6.25115854236752,8.49295966430396,8.62310395324182,8.4160880631306,9.40324994451557,11.2235729461226,12.2931282496249,13.5130631123771,14.4315013695913,14.7571466397707,16.0157925672472,16.6998753586388,17.8635800871475,20.0075142798187,19.6963534417804
683.199999999898,1.0304719307026,2.18551359186288,2.53916930811525,3.78934128932696,5.23350743133981,6.25121830781128,8.49051216863984,8.65568005746786,8.41577921575154,9.40990349083654,11.2211824545087,12.3085551895232,13.5960860860487,14.4120372057177,14.7283338097131,15.9588732564738,16.6805477227766,17.8381603240178,19.9722225057981,19.7259227145966
683.799999999898,1.028104511979,2.1820474031803,2.51432971468173,3.80772904268479,5.2311549056435,6.25130767542473,8.48812894351749,8.68833705911166,8.41409040062773,9.41668911241786,11.2189321679116,12.3240688206152,13.6792399365026,14.3925956623163,14.6995422751666,15.9019556551327,16.6613584397715,17.8129004858096,19.9370269298509,19.7556697313863
684.399999999898,1.02578225378331,2.17862542800397,2.48950520800492,3.82614183156425,5.22881372879417,6.25140461112009,8.48576214978277,8.72101474296523,8.41183929998332,9.42381037329869,11.2167177260873,12.339604615152,13.7624272468758,14.373159902058,14.670756185024,15.8450384908246,16.6422045280167,17.7876815339595,19.9018559478745,19.7854621901474
684.999999999898,1.02340586528296,2.17515045764193,2.46466261804221,3.84452461237082,5.2264589489917,6.25149247556233,8.48337566106091,8.75366763671187,8.40922070872126,9.4320301070231,11.2144603200072,12.3551138441442,13.845574451526,14.3537172100096,14.6419635691108,15.7881208026801,16.6230082195796,17.7624135749095,19.8666554870768,19.81520018126
685.599999999898,1.0212868041703,2.17192741848156,2.43990599332114,3.86305004707628,5.2241688355978,6.25162346338768,8.48108279936789,8.78643837892622,8.40640347664564,9.43783159583144,11.2124071595858,12.3707493617698,13.9289123127965,14.3343074706568,14.6132019757371,15.7312056047754,16.6040134586414,17.7373785887712,19.8315951641954,19.8451971034424
686.199999999897,1.01954018982113,2.16906901583162,2.41527379171843,3.88178195410254,5.22197231812773,6.25181686650668,8.47892545019918,8.81937969093795,8.40158183717792,9.44334973740889,11.2106496172691,12.386567665197,14.0125261238669,14.3149454258961,14.5844852833145,15.6742940111578,16.5845772037477,17.7126807995698,19.7967376720884,19.8755687935022
686.799999999897,1.01758351145991,2.16600495423702,2.39057141412817,3.90039740850164,5.219723011542,6.25197506672345,8.47527756373014,8.85238803462673,8.39921278860974,9.44926143830398,11.2088553476367,12.4022828754507,14.0959842962587,14.2955564808684,14.5557432662687,15.6173803846832,16.5667320842613,17.6859689996807,19.7617657812259,19.9057291104164
687.399999999897,1.01572792877297,2.16303986832835,2.36590280952316,3.91906890704056,5.21749911031338,6.25215020873384,8.44797475108275,8.90352830193334,8.39463639319943,9.45957030928339,11.2054419721817,12.4294745965761,14.1795173715194,14.2761804818974,14.5270134369834,15.5604677365439,16.5529232418167,17.6587652522848,19.7198998294246,19.9364784902783
687.999999999897,1.00478327158404,2.16824565748793,2.3437288200985,3.94188006220075,5.21479834634073,6.25327561074669,8.40659239488606,8.9221815305369,8.38964826553815,9.47705113541992,11.2442233121886,12.4362690514311,14.2685830886959,14.2577607333018,14.4991838471036,15.5036273523803,16.537786564628,17.6377723838968,19.6932588318387,19.9751953432583
688.599999999897,1.00120602487663,2.16926484158012,2.3179410316382,3.95869434568965,5.21139658740288,6.25485297270402,8.36507417624572,8.93828980057497,8.38121922831984,9.48462331933465,11.2755518622439,12.4345395872349,14.3654572563277,14.2541525753209,14.4700501345193,15.4466822837397,16.5232369642745,17.6158652936464,19.6866858237809,20.0115660579894
689.199999999897,0.999391083624771,2.17489347896661,2.34984482407553,3.96431463883788,5.20279398630583,6.25147462361243,8.3376776020755,8.95097248138759,8.37409544879283,9.49062133873747,11.3112529334256,12.4335549580472,14.3257269120742,14.2263318174807,14.5143612945254,15.4794573431583,16.5122895066064,17.5943041898741,19.6806429766488,20.023533165187
689.799999999897,1.00705119779085,2.19662149578904,2.38348232252874,3.97281190780137,5.19558550691152,6.24687680167608,8.31034399240825,8.96087580486471,8.36878863364435,9.49866525225808,11.3158889610699,12.4203655030544,14.2540750217891,14.2368674365423,14.5592981023299,15.5122826245623,16.507774557419,17.5855154559107,19.6528142896083,20.0522193339981
690.399999999897,1.01745883035491,2.21946144470893,2.41739177919734,3.98176047427795,5.19062850778472,6.24221837722543,8.27855068533759,8.97039062022656,8.36568219647288,9.50487307035549,11.3133482873285,12.40220545981,14.1621256704127,14.2464236825277,14.604333052527,15.5451157840478,16.5014732184182,17.6150866470119,19.6447153073128,20.0524141418496
690.999999999897,1.02470077556415,2.23317679044159,2.44916213286296,3.98715933417871,5.18517741537378,6.23641523911441,8.27506128025506,8.96854615430177,8.35834266496382,9.50308999525426,11.3269549258197,12.3830279389252,14.0654321440476,14.2551599551296,14.6485960580846,15.5778869780291,16.4949912739895,17.6358703794596,19.6454890656674,20.0471435875549
691.599999999897,1.03172126249683,2.24667532190315,2.48085850406418,3.99243542484393,5.17967067046698,6.23057498862987,8.2740675814481,8.96439434391997,8.35369981935265,9.49950130758047,11.3350024719694,12.3621490201519,13.9685745368708,14.2638678683437,14.6928323653641,15.6106560288876,16.4963595434583,17.655174700876,19.6461422200659,20.04165019484
692.199999999897,1.03864190726367,2.26007610490099,2.51252152103913,3.99765616627346,5.17413883520993,6.22471800641691,8.2730375556675,8.96019680872643,8.35059625972993,9.49561926067561,11.3429707714856,12.3412211018109,13.8716429555629,14.2725629960222,14.7370566360021,15.6434241135413,16.4971983773495,17.6739239113824,19.6467410014216,20.036056337736
692.799999999896,1.04538732549942,2.27330533588901,2.54412600016772,4.00277976783741,5.16856296550107,6.21883165942899,8.271943774763,8.95591902487233,8.34746783270991,9.49361466751847,11.3507999903598,12.3202071874966,13.7745815470396,14.2812356846335,14.7812597819085,15.6761905024715,16.4978999679049,17.6925144794856,19.6472443561647,20.0302861620771
693.399999999896,1.05187561933701,2.28628283440816,2.5756445818673,4.00776082803324,5.16292248039494,6.21290222307531,8.27075644068614,8.95152348551381,8.34578464000938,9.49222980040714,11.3584251246918,12.2990670841701,13.6773296322931,14.2898754465435,14.8254319297471,15.7089544031263,16.4984001699497,17.710872258455,19.6476076835376,20.0242572596031
693.999999999896,1.05806116580592,2.29896393420708,2.60706202489317,4.01257405497623,5.15720591483267,6.20692205177702,8.26945895379235,8.94698929665584,8.34570414383089,9.4917172450447,11.3658099626591,12.2777784014334,13.5798534087756,14.2984764393899,14.8695675793634,15.7417153739975,16.4986632500327,17.7289559432575,19.6478061377278,20.0179237230179
694.599999999896,1.06426334148898,2.31166131450353,2.63848502323294,4.0173965006124,5.15149352819424,6.20094466723213,8.26816751733853,8.94246272349483,8.34541330554437,9.49133302821003,11.3732079995511,12.2564978798207,13.482389506021,14.3070795617316,14.9137052337428,15.7744765057949,16.4989393546778,17.7470546834198,19.6480136480214,20.0116069192812
695.199999999896,1.07041494803793,2.32430918610665,2.66989112796542,4.02219091237232,5.14576843352533,6.19495880822145,8.26685768160813,8.93791299113954,8.34568881017568,9.4906641693064,11.3805658987562,12.23519254038,13.3848881360529,14.3156762083175,14.9578367916745,15.8072371482186,16.4991758518695,17.7651076405098,19.6481936188713,20.0052392312601
695.799999999896,1.0763846929496,2.33677900973271,2.70123647826466,4.02688450598049,5.13999763700149,6.18894247251287,8.26548167661017,8.93327997143777,8.34596510169596,9.49190552992968,11.3877794509089,12.2137979486532,13.2872520228481,14.3242495661614,15.0019464249682,15.8399960307087,16.4992699088862,17.7829959480632,19.6482745496963,19.9986885482274
696.399999999896,1.08217769253935,2.34907579440735,2.73252278333581,4.03148011775507,5.13418242435351,6.18289651750765,8.26404136388537,8.92856600751337,8.34788035805063,9.49320470989059,11.3948527169262,12.1923166155756,13.1894849571394,14.3328002904456,15.0460347504299,15.8727532027776,16.4986706133922,17.8007242381671,19.6482592267905,19.9919600183838
696.999999999896,1.08890266067987,2.36228500414107,2.76412043071052,4.03659238245417,5.12860141553286,6.17700674345625,8.26423900387842,8.92356775770229,8.3444054152101,9.49556930573332,11.4003058254812,12.1712926649624,13.0924083969213,14.3414703602693,15.0902354309404,15.9055193938057,16.4975817326596,17.8187291252039,19.6487514446167,19.9861692651832
697.599999999896,1.10249807690963,2.38222058784803,2.79801328550717,4.04551339917089,5.12474695127922,6.17226833136326,8.27326883583852,8.8682420332627,8.34489724050752,9.4972412054453,11.4085211385295,12.1449557071733,13.0004222253483,14.3510202423285,15.1352643899692,15.9383520723684,16.4954919977562,17.8431709348509,19.6598398330036,19.9893584298568
698.199999999896,1.11496081341227,2.38866812164472,2.83160020784955,4.05392674026698,5.12185103638662,6.16756005003637,8.28640225349852,8.81762805691865,8.34806261541882,9.49548240654156,11.4010438093055,12.1086363369855,12.9077575464315,14.360452852583,15.180182946218,15.9711758886843,16.4964381419808,17.8674341429591,19.6883181708605,19.9963509454968
698.799999999896,1.12552441548062,2.38759608467544,2.87212853893187,4.0738589115528,5.12099609910764,6.16319468435652,8.30161862260051,8.77007056171647,8.3603550904071,9.50751161221659,11.3953118839955,12.1050629125825,12.7839302082356,14.3375970419685,15.2276064698571,16.0042007836258,16.5143283985408,17.9040321251499,19.6871801274251,19.9759999826912
699.399999999895,1.1243929537869,2.38044986618032,2.86334131795176,4.08402192256159,5.12425356062478,6.16053684940926,8.31493074885302,8.72517932728742,8.37374230581369,9.52473391218213,11.3888280748429,12.1056528225016,12.7227113465617,14.3228044639262,15.2118957930921,16.0162380117624,16.5398945531038,17.943316454262,19.7214728598484,19.9934173058485
699.999999999895,1.09834620268941,2.33890914939117,2.85108608854187,4.08842999223084,5.12946471910858,6.1601444102474,8.32784131847796,8.67279558561473,8.38466772461109,9.5380379113538,11.3827071402614,12.102379206381,12.7352787368013,14.2994556646786,15.1949336055163,16.0281747786787,16.5610651403539,17.9718413617416,19.7794688045203,20.0077337965474
700.599999999895,1.0822594436733,2.31538234344314,2.84097895977866,4.0964026994984,5.13552162036746,6.16088900865098,8.3493122014519,8.62723863030249,8.39696654099032,9.55572806042721,11.384144417882,12.1087594661283,12.7586265581664,14.2746131222696,15.1787466095871,16.0401737717428,16.5843762148523,17.9762836120108,19.7791680434049,20.0222499010818
701.199999999895,1.0610578640438,2.29833373153329,2.83299471077374,4.10789819189001,5.14287429719462,6.16292224213459,8.35743211436561,8.58363164314093,8.41717827068738,9.58412503065712,11.3615969444291,12.1201448418699,12.7866825740571,14.2505843344552,15.1633257037655,16.0522342603563,16.6123651201998,17.9864293085218,19.7673845365188,20.0345138873349
701.799999999895,1.04106441740804,2.2824679179262,2.82541406220107,4.12006343375433,5.15053057801276,6.16515793670287,8.36121065844409,8.53452496408018,8.43602199586647,9.61462929066344,11.3376553215814,12.1351783904353,12.8156337086362,14.2267102571018,15.1480504464655,16.0643064404611,16.641558993623,17.9990346911171,19.756258966751,20.0479935357505
702.399999999895,1.0210890706792,2.26661982466883,2.81783946025594,4.13223870961587,5.15819140734005,6.16739666448586,8.36499578806448,8.48542657424991,8.45507658178093,9.64373610116545,11.313728064975,12.1502208218974,12.8445982536305,14.2028384975768,15.1327773712305,16.0763787957246,16.6706844084013,18.0127526783696,19.7451432540111,20.0614913968729
702.999999999895,1.00143428826747,2.2510855734566,2.81037194908426,4.14459169586452,5.16593279452511,6.1696891130095,8.36889755309177,8.43647499356388,8.47212429503098,9.67236577715899,11.2900552463852,12.1654205767985,12.8738003081639,14.1790077887089,15.1175429421702,16.088454253192,16.7000608999769,18.0267608904715,19.7342021173854,20.0753118200913
703.599999999895,0.982093344420917,2.23585857957739,2.80300928181719,4.15711866396309,5.17375304938556,6.17203415516027,8.37291350640144,8.38766714182309,8.48848805654845,9.69868262984798,11.2666315274544,12.1807743543394,12.9032348890548,14.1552172692152,15.1023463484503,16.1005327477761,16.7296832005137,18.0410532382225,19.7234318940969,20.0894480377385
704.199999999895,0.963061108765787,2.22093382024201,2.79574974455314,4.16981676979993,5.18165088265775,6.17443093118098,8.37704178133769,8.33900066946541,8.50374728200627,9.72334665604724,11.243452836107,12.196279636685,12.9328981951544,14.1314662821131,15.0871869715698,16.1126142298285,16.7595472917298,18.0556250768075,19.7128297901953,20.1038948874679
704.799999999895,0.944011052388646,2.20599161388728,2.78848425392871,4.18250499641055,5.18954423758,6.17682472077327,8.38116357231097,8.29032603573478,8.51967395229495,9.74723616514659,11.2202600001124,12.2117761731499,12.9625482976899,14.1077130129343,15.072025446282,16.1246955394242,16.7893974251547,18.0701807812937,19.7022179813072,20.1183238054152
705.399999999895,0.925036969187557,2.19112378754204,2.78124414362814,4.19523534006853,5.19745668457203,6.17923124208606,8.38531300566934,8.24168619551162,8.53624376055641,9.7694004166895,11.1971274654777,12.2273099949916,12.9922546895661,14.0839694726887,15.0568730800692,16.1367775842366,16.8193070633364,18.0848052685557,19.6916475466493,20.1328291700087
705.999999999894,0.906180007525942,2.17637062668362,2.7740431600662,4.20803061208257,5.20539856422334,6.18165739083556,8.38950505299843,8.19309999355094,8.55352949249483,9.78930205738812,11.1740878924442,12.2429012966037,13.0220478580465,14.0602409307316,15.0417348336422,16.1488607624719,16.8493084350626,18.0995357925141,19.6811408952079,20.1474523860512
706.599999999894,0.887460070497513,2.16175161703548,2.76688795226021,4.22090184607774,5.21337487818415,6.18410650241776,8.39374695591965,8.14457654489143,8.56881194469493,9.81014224409677,11.1511570784772,12.258559845833,13.0519425495466,14.0365299358031,15.0266131064522,16.1609452667385,16.8799188192469,18.1143903725554,19.6707088660084,20.1622134806739
707.199999999894,0.865058100199145,2.1435277867943,2.75850268929929,4.23173188109088,5.22042589666857,6.18593857229009,8.40570030800827,8.0995127177568,8.58743045893193,9.82949452097702,11.1366677286209,12.2724113625724,13.0791091831231,14.0123474289907,15.0110474854984,16.1729941387857,16.9081428167322,18.127995607864,19.6582716383936,20.1732695953412
707.799999999894,0.832403821259194,2.11526664004673,2.74669244232272,4.23687837105475,5.22490050855555,6.18605254197414,8.41959283069411,8.11102945788945,8.60234926787886,9.84391379506533,11.1225782829969,12.2921655790625,13.0986797713156,13.9868520374191,14.9942458800935,16.1849437959466,16.9335844331127,18.1310983844283,19.6360611245165,20.1723255662198
708.399999999894,0.814937529971848,2.09453515031631,2.73132070847067,4.23611479807917,5.22699289615071,6.18441818371931,8.42750121865717,8.15505080384084,8.60960956698677,9.85707627909986,11.0866253106219,12.3463349041836,13.1103515734649,13.9599914360196,14.9761590300333,16.1967902840084,16.9550518677217,18.1245565368529,19.5978367093684,20.1657609358458
708.999999999894,0.805419693059757,2.08598246384294,2.71108313862044,4.22727667702638,5.22664570156258,6.181409188979,8.42393042360322,8.20449767872768,8.61157588606973,9.86298861900738,11.0484793852999,12.3679184612029,13.1560979881006,13.9680185127379,14.9563162308627,16.208495818605,16.9639444118943,18.1216937932212,19.5596279491434,20.1728707171959
709.599999999894,0.813104346322913,2.08993144391869,2.7149926363453,4.18007428497599,5.22666453825334,6.1830456228455,8.4155797732992,8.24677837334324,8.61323248297531,9.86749731230992,11.0013519771474,12.3942151285335,13.1933963649941,13.9887417291665,14.9577854681312,16.2459968867105,16.9616434307861,18.1257882357585,19.5019434139204,20.1741879816373
710.199999999894,0.833561767050819,2.10876870710225,2.72346757590788,4.14044795581769,5.22404602772848,6.18294387446359,8.41159300720406,8.30299696840866,8.61905417534033,9.88048625316515,10.9776616858624,12.4347720933282,13.1876432133863,13.9725627347145,14.9609022503533,16.283630206472,16.9712891022553,18.139666255346,19.4176462914539,20.1586491180339
710.799999999894,0.830881197154426,2.09669066571388,2.73070582190861,4.09876941165964,5.22167343025595,6.18203321318435,8.40424004134858,8.3520166723805,8.62204536432257,9.88565443294137,10.9593948340043,12.4570296452123,13.1882331113993,13.9608247564626,14.9635727431895,16.3212277017126,16.9859794510347,18.1597354118001,19.3937118450575,20.1391110108537
711.399999999894,0.812313347295942,2.08047832688619,2.73749718430014,4.05634929232542,5.21850823271182,6.1806378898852,8.39437794227812,8.40633228199539,8.62347663728046,9.88583560425888,10.9559461745888,12.4606737156086,13.1878318958316,13.9489154761918,14.9660819677716,16.3588122516355,16.9945777917568,18.1810632947241,19.3977558284501,20.1253653763996
711.999999999894,0.794078934532407,2.06459243293981,2.74439993786892,4.01411401962734,5.2154268279569,6.17929844457018,8.38363758620061,8.46764021848679,8.62342736193084,9.88563794933173,10.9586742391741,12.4600520041246,13.1876777273842,13.9370488950338,14.9686313904284,16.3964000283364,16.9960646127534,18.2009575935036,19.4019813983492,20.1119552570471
712.599999999893,0.775665197843918,2.04853097551257,2.75124278477688,3.97177933560235,5.21230035907454,6.17792894783162,8.37283198418681,8.52886602983148,8.62353654982561,9.88740291234087,10.9612599709387,12.4593422857873,13.1873906959183,13.9251593501068,14.9711591943853,16.433986069662,16.9980126207081,18.2196726274405,19.406109310236,20.0983646962107
713.199999999893,0.756943117636464,2.03216764056674,2.75798262350777,3.92927371600158,5.20909640342267,6.17650777833559,8.36191419323031,8.58995062880245,8.62537731046843,9.88991328704498,10.9636009645673,12.4584812416157,13.1868752094336,13.9132303194872,14.9736498254666,16.4715691270482,16.9997191236073,18.2381085007016,19.4100693013328,20.0844638702372
713.799999999893,0.73815386735987,2.01573854411614,2.76470002276467,3.88673085950839,5.20587556792302,6.17507535235943,8.35097196284642,8.65100446583318,8.62729112211496,9.89302434552805,10.9658886440301,12.4575872323706,13.1863099559245,13.9012926872382,14.9761323587462,16.5091515344081,17.0013730166404,18.256483561133,19.4139927122831,20.0704954555861
714.399999999893,0.719335894246331,1.99928132714991,2.77140782659669,3.84417208001255,5.20264751437042,6.17363811295898,8.34001928183033,8.71204514863902,8.62907975519382,9.89661766583413,10.968153525629,12.4566791268108,13.1857234213576,13.8893513768152,14.9786114292956,16.5467336638079,17.0030044129777,18.2748326171698,19.4179004810644,20.0564981390953
714.999999999893,0.700439948641787,1.9827477727851,2.77808958219464,3.80157007511444,5.19939986631992,6.17218780678925,8.32903823099037,8.77305012230925,8.63088731673344,9.90100319514378,10.9703565189736,12.4557327546699,13.1850791161361,13.8774000814319,14.981081099739,16.5843150386428,17.0045747386272,18.2931110803388,19.4217657868085,20.0424223641836
715.599999999893,0.681615312952204,1.96628403295784,2.78479516026295,3.75900760210406,5.19617013846103,6.1707494508624,8.3180831258359,8.83408775384884,8.63093806489116,9.90717089249363,10.9726161123587,12.4548213793158,13.1844876451952,13.8654579178162,14.9835593670702,16.6218971035667,17.0062009166099,18.311454104372,19.4256699272176,20.0284183435952
716.199999999893,0.662847801184972,1.94987621915746,2.79151982169364,3.71647679673044,5.19295476585183,6.16932066786446,8.30714880487845,8.89515154648531,8.62942179314249,9.91499635257183,10.9749210460913,12.453938038685,13.1839384979808,13.8535230693458,14.9860445210727,16.6594797212971,17.0078718359775,18.3298488458948,19.4296051767423,20.0144718029293
716.799999999893,0.643692096098487,1.93308835249805,2.79811479956135,3.67373078965982,5.18964184020713,6.16782683073694,8.29607324210669,8.9560375578593,8.63070363195807,9.92236575547839,10.9769178633774,12.4528641843111,13.1831017341744,13.8415385098191,14.9884828757714,16.697058582356,17.0097360891624,18.3478921342409,19.433329020076,20.0001346496966
717.399999999893,0.628442301912102,1.92012448932122,2.80601462328057,3.63315009201708,5.18731047051865,6.16698755313229,8.2745982901977,9.01355944949397,8.63318370668877,9.93069833844461,10.9681139987323,12.4537072349138,13.1851589016279,13.8300541313804,14.9913921141812,16.7346752421702,17.0129550341974,18.3671235910351,19.4391799833386,19.9897277492703
717.999999999893,0.615966576333048,1.90987652220211,2.814841178819,3.59410724740343,5.18567622465969,6.16661315889813,8.25289614464177,9.05589499725838,8.63742561875466,9.94151024553535,10.9554730050916,12.4484313991158,13.1892714062524,13.8189249931634,14.9946357851353,16.7723187475381,17.015623730806,18.3935296651192,19.4530664887291,19.9795236900116
718.599999999893,0.593568560406132,1.8980454646001,2.82454662333258,3.55652286363536,5.18495277784034,6.1667676906988,8.2467272930064,9.06885986036616,8.64358954848648,9.95583545629503,10.9714914305896,12.41955859396,13.1953331405703,13.8081327557715,14.9981966234405,16.8099877125487,17.0191892289014,18.4274499581884,19.4631179308088,19.9862968116742
719.199999999892,0.577113084404015,1.89716197385156,2.83445976377288,3.51928313816372,5.18394521553826,6.1701800723069,8.25510010122784,9.08027552028085,8.64958077402219,9.97331147013048,11.0045693612022,12.3874877570452,13.1699990821231,13.7655867744195,15.0018324136096,16.8476626940919,17.0302688558329,18.4360933533405,19.4935952619161,20.0008026402437
719.799999999892,0.54155222587602,1.87867193674823,2.79772830382687,3.57368394323753,5.17918805462887,6.17118098301575,8.25901092026798,9.09883640506253,8.64366804330415,9.97098008228592,11.0368951438102,12.3421447633165,13.1953886379941,13.7409389048667,15.0655380062811,16.8050874234396,17.0265735890218,18.418189169513,19.5026880880654,19.9864172227395
720.399999999892,0.515418788155741,1.86529384000054,2.75644818758621,3.6205365399862,5.17750078917965,6.17331737701844,8.2610848442069,9.10655309713956,8.6321375518521,9.9625811660178,11.0532439011614,12.2847346188683,13.2437701492363,13.7495197199668,15.1276021114652,16.762380387365,17.011439274045,18.3952790570159,19.5253034045641,19.9691973274908
720.999999999892,0.504762287208004,1.86813333131274,2.7133950963133,3.66444699644428,5.17533373372461,6.17547535018068,8.25564609549696,9.11822478726888,8.62181651968203,9.96103829847035,11.0688685544636,12.2475434043806,13.264451952945,13.7563387152236,15.1890263977298,16.719621991776,16.9855059965552,18.360128787632,19.5443868906272,19.9641389981376
721.599999999892,0.508695458537276,1.86659241517161,2.66737381941833,3.70343193598886,5.17103737259872,6.17640774867736,8.25715604877948,9.12592304948488,8.60798375318641,9.95413567195871,11.1042562354644,12.2309016317297,13.2785508141917,13.7620199283337,15.249379545776,16.6767776138297,16.9581711251127,18.3170126364174,19.5507119210908,19.9589854380926
722.199999999892,0.510474133563753,1.86294218276881,2.62063279093655,3.74122249315114,5.16619958624915,6.17697909283597,8.26659730992131,9.12786340231252,8.60007438771166,9.94477855690032,11.1390539195043,12.2116613621622,13.291053386027,13.7674252420864,15.3094729548669,16.6339123861302,16.9376794021712,18.2742833697304,19.5558636344577,19.9516639547725
722.799999999892,0.512456859628695,1.85949172242985,2.573959929691,3.77912616954442,5.16141307795413,6.17758463223194,8.27611281381299,9.12989720458686,8.59169318491562,9.93344902901684,11.1740135627481,12.1925212347792,13.3037071414642,13.7728566861,15.3695909636767,16.5910491330982,16.916866171472,18.2328442031454,19.561126471975,19.9445477941511
723.399999999892,0.514646341853217,1.85624368254915,2.52735613938025,3.81714446479948,5.15667852751097,6.17822482019432,8.28570354469507,9.1320256951756,8.58312415859241,9.92021716829802,11.2091373123019,12.1734825771741,13.3165140847567,13.7783146067853,15.4297338983259,16.5481878809119,16.8962148791782,18.1915922245041,19.5665019068247,19.9376396782078
723.999999999892,0.517169621883764,1.85332244069465,2.48086386074848,3.85534780665568,5.15202786050321,6.17892094658905,8.29541572590976,9.13430705546206,8.57482951624485,9.90308171825615,11.244526003545,12.1546077376109,13.3295683424221,13.7838152727748,15.4899170745355,16.5053298589944,16.875825028597,18.1506424517316,19.572059124614,19.9310674403216
724.599999999892,0.51960135036144,1.85031156713427,2.4343409975317,3.89350039532123,5.14735418657739,6.17960173061107,8.30509459664022,9.13654648779705,8.56709624193992,9.88609951755606,11.2798420285733,12.1356879672666,13.3425547685605,13.7893042149037,15.5500892135925,16.462470951103,16.8553634717483,18.1096097922052,19.5775664843452,19.9244030803269
725.199999999892,0.522073121429485,1.84733989646637,2.38783151132461,3.931675182291,5.14269057536013,6.18028922504189,8.31478803662739,9.1388042584751,8.55944635689896,9.86857630506217,11.3151898361698,12.1167878486355,13.3555708626834,13.7947982847856,15.6102661800518,16.4196124307166,16.8349332776085,18.068613385481,19.5830956508697,19.9177790124707
725.799999999891,0.524473653305874,1.84429848050115,2.34129822627364,3.96981047657974,5.13800906172404,6.18096478108177,8.32445555666132,9.14102940367302,8.55336496782586,9.8495415533049,11.3504810998603,12.0978527679267,13.3685341749255,13.8002832319564,15.6704345581497,16.3767532209257,16.8144472865283,18.0275524819224,19.5885860212445,19.9110832614553
726.399999999891,0.526774971599659,1.841159931474,2.29473179698692,4.00789077009881,5.13330261570075,6.18162371073233,8.33408697842743,9.14320911193244,8.5484917348472,9.82980853377476,11.3856936158366,12.0788689961403,13.3814239787606,13.8057554740864,15.7305909753858,16.3338930510131,16.7938835880202,17.9864017547448,19.5940223608966,19.9042876785515
726.999999999891,0.529282775084478,1.83822353761879,2.24823434811267,4.04608553226355,5.12864805943488,6.18231724353989,8.34379352859362,9.14548338441057,8.5429382536777,9.80981148548607,11.42107002305,12.0599865611484,13.3944667696873,13.8112541581886,15.7907722857942,16.291034879324,16.7725674976547,17.9454379701877,19.5995711503142,19.8976998676686
727.599999999891,0.530829517356372,1.83434623611893,2.20141583796261,4.08374751348209,5.1237519883516,6.18284971999335,8.35509718539234,9.14723449385627,8.53508404425188,9.79025340683735,11.4632298497791,12.0406324658783,13.4067975000583,13.8166297712184,15.8508377338387,16.2481674071367,16.7526399949612,17.9039448021947,19.6045965554275,19.890145006173
728.199999999891,0.535494922783697,1.83352219903611,2.15563917817339,4.12313837969202,5.11963963775605,6.18390482758697,8.36803070740943,9.1265102541877,8.52537015125867,9.77433334990177,11.5104672561882,12.0267887006456,13.4214388813952,13.8224047523777,15.9112791576075,16.2053301152551,16.733542933617,17.8611468961685,19.60488737863,19.8923643810182
728.799999999891,0.546126594826259,1.83123312520959,2.11126722095755,4.16486026126439,5.11608157327474,6.18575524554195,8.37194750638034,9.11874680507753,8.52146213962201,9.7560335326637,11.5479079714815,12.0102020211193,13.4391956596069,13.8287181922835,15.9722275006878,16.162533514777,16.7200170453123,17.8139957187591,19.6122446626811,19.8661205777752
729.399999999891,0.540580976672264,1.80789217546323,2.06604136532148,4.20516515224157,5.11062322030152,6.18360252441603,8.36900449928765,9.10831218498196,8.51700341548489,9.72721688178318,11.5857877668493,12.0210159969732,13.4852130512628,13.8561172005082,16.0328676948351,16.119712178582,16.703145293929,17.7988618267212,19.6014218160199,19.8069407418001
729.999999999891,0.554690266170584,1.80035699908366,2.11483332678772,4.17715522898277,5.11417246014288,6.18427652313823,8.36835580830036,9.09175776308501,8.51871801503257,9.70885880134144,11.6272458850883,12.0551314300945,13.4808008680012,13.8423758240496,16.0204173308956,16.1946115912928,16.6994147012217,17.7949323368834,19.5840678327298,19.7536555766436
730.599999999891,0.568705776680107,1.79831606705033,2.16379949321701,4.14943438783674,5.11453811762746,6.18509781605655,8.3591409617582,9.07480408519347,8.52111752810732,9.68413682781533,11.651620882482,12.0985518630153,13.4406850284333,13.8360959184318,16.0080298328141,16.2695160503913,16.701339541349,17.7888903294627,19.5887391521131,19.723459386695
731.199999999891,0.59046445351514,1.82126809111211,2.21443101584551,4.1244771003126,5.11436400069121,6.18573562581007,8.35497145134701,9.05307425086869,8.52189728734417,9.6518322054682,11.6483653391154,12.1075885539278,13.4166008019292,13.8275144083852,15.9962433169148,16.3444687515035,16.7180588746329,17.8061397465639,19.5896659480033,19.700366120086
731.799999999891,0.626054240557201,1.85297197893032,2.26850838358816,4.10523797551552,5.11751356835091,6.1880446327143,8.35425208726389,9.0268675895676,8.52441662844781,9.63059660297231,11.6122869738953,12.1103706572881,13.4001588872612,13.8202537796945,15.985700313675,16.419521271806,16.7453480429754,17.8298237835072,19.5740027059699,19.6569745206652
732.39999999989,0.663189559757796,1.88618898891247,2.32310206654542,4.08685564326649,5.12105152845846,6.19061264265719,8.35224894225088,9.0045314203136,8.51893846617691,9.61123997626229,11.5743183497733,12.1158813530491,13.3848620739381,13.8131910679498,15.9753436346849,16.49458874872,16.7666908373134,17.8542382919104,19.5591811452554,19.6151380852596
732.99999999989,0.70047378895221,1.91955178622809,2.37774549579557,4.06855586185433,5.12462690966831,6.19320560720273,8.35029997724695,8.98226344751122,8.51290667401696,9.59265538236867,11.536467918355,12.1214651294095,13.3696755896258,13.8061474252429,15.9650049077916,16.5696576666838,16.7872066316808,17.8781395660891,19.5444406794311,19.5734514878653
733.59999999989,0.737824592337413,1.95297976166578,2.43241116545492,4.05029298699909,5.12821902098164,6.19580972837003,8.34837523486363,8.96002596375411,8.50584811784217,9.57485070161917,11.4986703281425,12.127081578404,13.3545384308452,13.7991123078587,15.9546742068628,16.6447272289075,16.8077745692023,17.9021011136153,19.5297364692439,19.5318318795567
734.19999999989,0.775081991820911,1.98631629189273,2.48704563171593,4.03197833207151,5.13178765988138,6.19839819674471,8.34641650803006,8.93774570372358,8.49697105809853,9.56064821768865,11.4607986014706,12.1326521875398,13.3393320681125,13.7920652294068,15.9443322454682,16.7197958872316,16.828269349634,17.9259780973524,19.5149813922279,19.4901182852469
734.79999999989,0.812564765621131,2.01987347031009,2.54175538867091,4.01378861730393,5.13541293537848,6.2010244337498,8.34453978229186,8.91556865858256,8.48745745873664,9.54499434116032,11.4231057586952,12.1383334036915,13.3242926876272,13.7850470118208,15.9340174544565,16.7948667265754,16.8489406508406,17.9500591250945,19.500349051806,19.448631469802
735.39999999989,0.850067072460724,2.05344977215666,2.59647167101933,3.99560973101539,5.13904311953111,6.20365394413651,8.34267016353306,8.89340055900609,8.47745576991084,9.52983852794644,11.385428419666,12.1440242060784,13.3092677793802,13.7780312955865,15.9237050182835,16.8699377549467,16.8696272509831,17.9741578371922,19.4857273488816,19.4071643091278
735.99999999989,0.887861124447655,2.08731170122003,2.65128541653446,3.97759257870754,5.14274661928012,6.20633234569594,8.34090669449886,8.87136607023137,8.46697274774423,9.51231011145913,11.3479826443284,12.1498581883122,13.2944590282406,13.7710529394992,15.9134277539413,16.9450116066296,16.8905423557761,17.9985206825291,19.4712645274403,19.3659907117768
736.59999999989,0.925799626738344,2.12131505144706,2.7061474184959,3.95965550493003,5.1464864194107,6.2090349544952,8.33919578284254,8.84939773549921,8.4550871647947,9.49528467192895,11.3106515219538,12.1557630624617,13.2797573018796,13.764093081353,15.9031679040505,17.0200868562045,16.9115705989244,18.0230143068249,19.4568803721868,19.3249624649538
737.19999999989,0.963985051145587,2.1555601458044,2.76109190961483,3.94185531670897,5.15028827110375,6.21177894294364,8.33757471231955,8.82754248392288,8.44097017246545,9.4777029903052,11.2735163863757,12.1617891186468,13.2652385227619,13.7571648434297,15.8929378222741,17.0951644953241,16.9339539713007,18.047731483557,19.4426306882431,19.284182679083
737.79999999989,1.00233326244806,2.18996461339635,2.81609078287672,3.92414537222566,5.15413103116637,6.21455021151065,8.3341810907746,8.80751237435074,8.42544304435241,9.4589873226513,11.2368484914719,12.1678950658018,13.2508403542001,13.7502574515851,15.8827273655478,17.1702437097848,16.9557014242755,18.0750963584739,19.428469656411,19.2435666946066
738.39999999989,1.03998270622805,2.22368496670412,2.8708562191949,3.90604805385107,5.15779819085272,6.21720437936855,8.32319133861546,8.79672503332474,8.41061030455259,9.43755470058379,11.2007814608831,12.1731745878584,13.2359244612897,13.7432605773359,15.8724326677181,17.2453161620476,16.9808021607491,18.1032243498813,19.4173369296904,19.1982383910509
738.999999999889,1.0649211408392,2.25846512181712,2.92448195246232,3.88605947011518,5.16024522066038,6.21922261140616,8.31241469206558,8.77666409640379,8.38923975778248,9.41166114325608,11.1762510002217,12.1897382824686,13.218480896408,13.7358268254959,15.8617266817647,17.3203555994093,17.0010541987499,18.1314337906995,19.4110881119956,19.1755884478796
739.599999999889,1.10602045963279,2.30526903671936,2.98119803544639,3.87119912690606,5.16723685996406,6.22360502297738,8.3059055711872,8.75840947316854,8.36954045380306,9.40310788108011,11.1299054535031,12.2050312054646,13.1753332137101,13.719952528885,15.85213591976,17.3954845579758,17.0209046854078,18.1250388996091,19.3881578175126,19.1996785768686
740.199999999889,1.15149956045375,2.34577410205072,2.95815710838438,3.87016023119086,5.17224643485674,6.22916128357814,8.30587492637248,8.74698170684497,8.35665135794715,9.40508696893155,11.0854008610244,12.201685955464,13.1376442874137,13.7198810557927,15.8091957013257,17.3718876406557,17.0440958178804,18.1308030867813,19.4300838494904,19.2531505423969
740.799999999889,1.19751005639547,2.38472864667724,2.93539476937866,3.86958363481876,5.18020293596976,6.23472425237691,8.31728729697199,8.74210555854136,8.34388563591614,9.41066084803756,11.0510860756174,12.1962549660346,13.1286163603026,13.7092658568562,15.766356017814,17.3482987934524,17.0663829045384,18.1275830268067,19.4424421852,19.290958375172
741.399999999889,1.23078934188499,2.39077673799898,2.9092465290197,3.86338834861171,5.18657392453905,6.23934913806357,8.34274599685619,8.74425130397012,8.32904323040892,9.42031643769632,11.0659365391712,12.2216149001503,13.1265394828365,13.6981484365381,15.7222944537311,17.3246118635089,17.0702611028121,18.1232560450121,19.4267720707688,19.3054101939575
741.999999999889,1.26239239048599,2.39497501636362,2.88182184201093,3.85507487966163,5.19194003089461,6.24328409705919,8.35508832047466,8.75615879269643,8.31426836509545,9.42170020187397,11.0899004627409,12.2471468172409,13.1216316588233,13.6865417212789,15.6777722544438,17.3008879574778,17.0634293249887,18.1173176060984,19.4186036262592,19.3471189270844
742.599999999889,1.2946619471264,2.39982582601455,2.85461981503511,3.84713090099884,5.19747363081371,6.24733075066206,8.36090155871396,8.7607369672394,8.30272015320376,9.42507378954567,11.1089969544985,12.2794502622264,13.1172176577616,13.6750203573563,15.6333304071633,17.2771705014591,17.0620531871344,18.1113511801086,19.4107981553493,19.38949832198
743.199999999889,1.32660706312216,2.40435899857984,2.82730940232288,3.83900706303956,5.20292569875338,6.2513230339224,8.36659675116653,8.76516655739132,8.29104496977077,9.42867996101769,11.1278359315233,12.3115944813878,13.112563275148,13.663457446384,15.5888494463908,17.2534499057241,17.0634961801079,18.1053659278966,19.402815997316,19.4315512542945
743.799999999889,1.35841186838505,2.40875480274508,2.7999521160689,3.83080544139282,5.20834250658623,6.2552918036596,8.37224089239927,8.76953188930387,8.27992243687671,9.43296439973461,11.1465635412415,12.343669840212,13.1078049348083,13.6518765675735,15.54435157022,17.229727952157,17.0648292769783,18.0992536445114,19.3947574274639,19.47346300145
744.399999999889,1.38984843858951,2.41279009378498,2.77247181369891,3.822399682257,5.21366677689732,6.25919886390819,8.37775105351136,8.77372858025759,8.27115040570851,9.43773180754734,11.1649988757659,12.3755644802143,13.102773765166,13.6402485335111,15.4998093008474,17.2060024350609,17.0658739597172,18.092807977282,19.3864983204896,19.5150042186808
744.999999999889,1.42086202231902,2.41641126842677,2.74485020443247,3.81375943323508,5.21888475064801,6.26303503932804,8.38310731352781,8.77773155569433,8.2636723204099,9.44508015259606,11.1830984778521,12.4072515310269,13.0974292003097,13.6285663328687,15.4552160376231,17.1822728245887,17.0665873451663,18.0859793566813,19.3780088593205,19.5561198133558
745.599999999888,1.4519075750181,2.42006374164503,2.71723927502495,3.80513690676572,5.22411075820524,6.2668765721649,8.38847520526237,8.78174917199038,8.25610203136465,9.45222537481453,11.2012234543196,12.4389542712596,13.0921083216058,13.6168882260919,15.4106266284721,17.1585435234905,17.0673257697919,18.0791796793812,19.3695368081318,19.5972675762331
746.199999999888,1.482437152096,2.42321105931242,2.68945597387981,3.79622834026481,5.2292071010166,6.27063163688585,8.39365536235736,8.78553048644201,8.24894928119171,9.46419177745642,11.2189388910889,12.4704037859934,13.0864051510325,13.6051440447798,15.3659750150053,17.1348092291303,17.0676600648887,18.071912860422,19.3607837617911,19.6378961478935
746.799999999888,1.5129987315403,2.42638970825279,2.66168336375046,3.78733751483057,5.23431148602713,6.27439206462051,8.39884716332169,8.78932645704772,8.24272013715236,9.47449088819698,11.2366797287471,12.5018690065374,13.0807256913555,13.5934039616099,15.321327259638,17.1110752444673,17.0680194253194,18.0646750149994,19.3520481436185,19.6785569213614
747.399999999888,1.54355319531548,2.42956139074046,2.6339083764928,3.77844274470178,5.239414082869,6.27815129989863,8.40403637529243,8.79311916888369,8.2362910387836,9.48578606260725,11.254414918563,12.5333307349226,13.075040959603,13.5816629672254,15.2766786464292,17.0873411909437,17.0677481014141,18.0574307273627,19.3433086503238,19.7192105348147
747.999999999888,1.57314741239426,2.4317929630195,2.6058126000645,3.76901564516815,5.24427536958159,6.28174961532079,8.41738686856329,8.79479104772588,8.23089958949454,9.49672067185411,11.2726090522569,12.56432120277,13.0686447707787,13.5697990060734,15.2319142690518,17.0635978448042,17.0651757939517,18.0474860846521,19.3340462163024,19.758897917248
748.599999999888,1.6045873031694,2.43583150499732,2.57833340699603,3.76061172684827,5.24960047435256,6.28565723203655,8.44016830753205,8.78301385182935,8.22768694982933,9.50974280825091,11.2852827010248,12.5916238177669,13.0636160613829,13.5581713972349,15.1873723999962,17.0398723598423,17.0600380930137,18.0373875595082,19.328205353217,19.7981029396687
749.199999999888,1.63424137646147,2.44103576294733,2.55402538576933,3.75747016827643,5.25710261421751,6.29100523180778,8.45398937474045,8.76572379146546,8.22934508582776,9.53092705575827,11.3011417092524,12.6033465569479,13.0656204841478,13.5477593803994,15.1439749214167,17.0162387373394,17.0543369362228,18.0346910272335,19.3158873864632,19.8374956033008
749.799999999888,1.6337536434138,2.42399312059652,2.53017919313856,3.75509498514402,5.26412803134612,6.29580891426759,8.46725906373262,8.74631420970774,8.2339732074504,9.54149885715602,11.3440461594377,12.5927108067002,13.0688895325258,13.5157299119249,15.1007441043342,16.9926184930804,17.0375424324374,18.0623729695207,19.3571643054731,19.8736567010418
750.399999999888,1.60759210557979,2.39455909856148,2.50008642760312,3.79887231740206,5.26265962423292,6.2869302520459,8.47767945043821,8.72149575305455,8.23806800480828,9.55179355137851,11.3992593983343,12.5884588971492,13.0713033238286,13.5287490545885,15.0884319251157,16.9838657540816,17.0229342852978,18.0862928607339,19.350997638931,19.8803090084661
750.999999999888,1.56169479633144,2.34941337646224,2.47310981005386,3.84782070079927,5.2554039230248,6.27435313636584,8.48511621546693,8.69290669499081,8.24562874018639,9.56884344284951,11.4798474763814,12.5702279455178,13.0905644613281,13.511177346881,15.0772442797526,16.9752032836144,17.0074225555407,18.1259717839649,19.3652773086736,19.8925915495029
751.599999999888,1.51415522167645,2.31102327130442,2.44903120039259,3.90157814558459,5.25010976587211,6.26253011209377,8.47215434605558,8.65460180018864,8.25566946612713,9.58275601297499,11.5175000082092,12.5450153711865,13.109386433656,13.4978652988933,15.0671024473544,16.9666247625968,16.9968819984458,18.1419753316011,19.4318428178074,19.9297446659752
752.199999999887,1.45298819915877,2.27136941174136,2.42544615673531,3.95615463203716,5.2449629904883,6.25093738731847,8.46435553144342,8.62012564926695,8.26780829613971,9.59910874824215,11.5680069852398,12.5090427277694,13.1293030533588,13.4847424474925,15.0571387296289,16.9580605391919,16.9906802400273,18.1584947743881,19.4937417025986,19.9577936098963
752.799999999887,1.38980012206494,2.22973687935997,2.4011859403096,4.0096107118461,5.23930832380713,6.23900597060905,8.4609411286433,8.59726441230813,8.27985925821735,9.61252651118219,11.6248216444033,12.4651414892153,13.1477222520611,13.471360784946,15.0469313602425,16.9494767573922,16.9812377460843,18.1749797183972,19.5545399413244,19.9838089038906
753.399999999887,1.32663442273396,2.18812625547706,2.3769331996128,4.06307919715587,5.23365928066089,6.22707830400509,8.45753486785914,8.57441342371693,8.29242475167765,9.62676291886336,11.6816540652258,12.4212512330007,13.1661580306879,13.4579819880392,15.0367266886453,16.9408931921493,16.9706397485788,18.1908105722243,19.6153503667555,20.0098467151075
753.999999999887,1.2632446184834,2.14629622618148,2.35260559228895,4.11642344601795,5.22795391991698,6.21511308149856,8.45404706784217,8.55145980158323,8.30635994515075,9.64138086772785,11.7383086096965,12.3772509927526,13.1844277675772,13.4445744928223,15.0264949996996,16.9323074581711,16.959866224533,18.2064385313027,19.6760387468936,20.0356590247675
754.599999999887,1.19973089691441,2.10434487812841,2.32823658796373,4.16969899916609,5.22221741873359,6.20312709270653,8.45051418125101,8.52844942891772,8.31912573694137,9.65898632850491,11.7948647986264,12.3331899375677,13.2026056927968,13.4311511290665,15.0162483716914,16.9237205250051,16.9489956442592,18.2219543010851,19.736659642902,20.0613466448478
755.199999999887,1.13655742313546,2.06272664282864,2.30398125006068,4.22316317457583,5.21656642186749,6.1911981232467,8.44710509178053,8.50559487985521,8.33064019563662,9.67481902348812,11.8516910487212,12.2892958658852,13.2210357112517,13.4177713365835,15.0060427628325,16.9151368845264,16.9383915575433,18.2377781162684,19.7974658344467,20.0873766331659
755.799999999887,1.07337159861199,2.02109631578093,2.27972178615011,4.27662050313622,5.21091232125756,6.17926708402705,8.4436915085656,8.48273467451052,8.34254947267818,9.69021257671478,11.9085074957943,12.2453957328243,13.2394565789076,13.4043899624954,14.9958356650086,16.9065531245256,16.9277777973073,18.2535907496302,19.8582652998997,20.1133941937687
756.399999999887,1.01012961691341,1.97941100918078,2.25544356183797,4.33004669999292,5.20524410834166,6.16732663388772,8.44025749289884,8.4598487508111,8.35376462966909,9.70719658965591,11.9652793698457,12.2014680394911,13.2578358391105,13.3910013970613,14.9856217970612,16.8979688210737,16.9171200528755,18.2693525407529,19.9190341827179,20.139355247221
756.999999999887,0.946533559658637,1.93737905203109,2.23104705166821,4.38327660892612,5.1994869161889,6.15532684713446,8.43669464896153,8.43680067079351,8.36592151751834,9.72654484508096,12.0217702073705,12.1573665763988,13.2759527609378,13.3775674896054,14.9753652429348,16.8893810911189,16.9061849845125,18.2847937674226,19.9796102395371,20.1649600184938
757.599999999887,0.882252839103198,1.89467678905181,2.20642181634562,4.43612696288795,5.19355766805281,6.14321232328276,8.43288269438273,8.413439034875,8.38295180413057,9.74634250313768,12.0777176145662,12.1129291009085,13.2935624083856,13.3640459058959,14.9650261480634,16.8807867354572,16.8944407899763,18.2996151300193,20.0398134355848,20.1898758595971
758.199999999887,0.818501753175974,1.85249305419942,2.18197351581881,4.4892709289887,5.18776151717295,6.13118655654776,8.42439219634291,8.39073242942644,8.40377120472081,9.76802080724939,12.1272960474582,12.0687515543516,13.3115644678074,13.3505921458597,14.9547509041926,16.8721975052401,16.8844866126401,18.3144299975134,20.1003050653427,20.2153246360481
758.799999999886,0.752038250518817,1.80765378231948,2.15661907948703,4.54091121984752,5.181283735589,6.11870623817397,8.41946606196756,8.37523869193801,8.42188286655014,9.78717834278957,12.1915140711644,12.0206475630309,13.3275568685952,13.3367910405854,14.944148660324,16.8635820260943,16.8775621598957,18.3298111670754,20.1530818469408,20.2412249709526
759.399999999886,0.705854682425313,1.76495420987537,2.1272317787667,4.58585922650147,5.17217766207889,6.10425429578081,8.4269130256847,8.37198178642728,8.43465438902765,9.80527904939572,12.2158409170068,12.0029844588658,13.3346050463492,13.321444034318,14.9320910643559,16.8548497229927,16.8719680033289,18.3383171924954,20.2052630305769,20.2574634509298
759.999999999886,0.684850712508676,1.76114920778474,2.09191508810217,4.6209677843555,5.15859362193376,6.08877701145903,8.42651074652713,8.36823720315295,8.43878235200619,9.81780827497281,12.2152790470401,11.9930777212739,13.3501144929018,13.3693317464404,14.917893711314,16.845945657411,16.8812934297785,18.3214035243682,20.2296278144099,20.249897418796
760.599999999886,0.696479309575396,1.79892787590087,2.11228606463509,4.56135110484081,5.15510660967638,6.09157667179099,8.42395091576371,8.36686758293615,8.43703166465293,9.82017342904812,12.1741165695299,11.9824365087906,13.3957926774374,13.3814195317493,14.887476433963,16.8426514969766,16.8906177505688,18.2954954842234,20.2594055639269,20.268725599711
761.199999999886,0.716294126198448,1.84622530304459,2.12707801155618,4.49247637737415,5.15614565377325,6.10006623026091,8.41763052849046,8.36568515874866,8.42969194864104,9.80876048118039,12.1055018192949,11.98732276268,13.4108006542981,13.44334021609,14.8550458351352,16.8391957232957,16.8922783284658,18.2596408399287,20.2940792986243,20.294743266066
761.799999999886,0.743399433395563,1.90600190582678,2.1416608801884,4.42325469766825,5.156077201079,6.10931661079261,8.41418888415414,8.37751743009832,8.42210494074427,9.80529714072159,12.0735502758508,11.9934533533829,13.4159414579843,13.5033139806634,14.8225397855863,16.8357338930381,16.888705818491,18.2408133427531,20.2587655274519,20.3330437409504
762.399999999886,0.777484202357662,1.96347251472897,2.15488206789856,4.35177339431802,5.1546970803428,6.11793152783418,8.41947378868966,8.37408313645066,8.41230213102624,9.80634355542983,12.0407179173911,12.0089189342839,13.4180622796672,13.5627657777991,14.7895423420807,16.8322326176276,16.878932911258,18.2191252615275,20.2353394773807,20.3676598596484
762.999999999886,0.813364059059696,2.02270056816533,2.16870293974073,4.28128722897836,5.15376806540645,6.1268472688841,8.42888231085335,8.35891309551879,8.4050353379334,9.80901401312875,12.0002722040053,12.026230382181,13.4215131010997,13.6224474493383,14.7567613084208,16.8287487138583,16.8681052080173,18.1975734077118,20.2128910141029,20.404082253195
763.599999999886,0.849343808794798,2.08202641986593,2.18255718280235,4.21085644107352,5.1528641536033,6.13577975018687,8.43832717849952,8.34378880269157,8.39846388762645,9.80990191170743,11.9599057776246,12.0435908546099,13.4250379343512,13.682141912927,14.723992317535,16.8252657767859,16.8562873312682,18.1770146884336,20.1904969515697,20.4406051623149
764.199999999886,0.885837006866647,2.1418549528304,2.19658295331283,4.14071029215628,5.15208927143908,6.1447982760787,8.44795886124797,8.32889965428594,8.38941100081229,9.80896934115835,11.9199468849883,12.0612033122215,13.42894318698,13.7419021274134,14.6912852262839,16.8217878085181,16.8448716045931,18.1569208227223,20.1683825078547,20.477644719617
764.799999999886,0.923043829846905,2.20238214590384,2.21084712416706,4.07095975357981,5.15149372331429,6.15393639250691,8.45785019214543,8.31433732535621,8.38189080411503,9.79832796043847,11.8805544100618,12.0791659957276,13.433377171954,13.8017537269037,14.6586641672937,16.8183167462279,16.8340148130425,18.1374730416513,20.1466566971124,20.5154023491872
765.399999999885,0.960176045326646,2.26283629600493,2.22508637092804,4.00116785504187,5.15087942631417,6.16306200607696,8.46771437755065,8.29974082835873,8.37517415745919,9.787312755369,11.8411027177381,12.0970920640898,13.4377558794309,13.8615957723459,14.6260341138697,16.814844961937,16.8230995863783,18.1179577142271,20.1248902558731,20.5530849062978
765.999999999885,0.997319106254204,2.32330106412351,2.23932924082276,3.93138196886598,5.15026785477661,6.17218943714652,8.47758250900713,8.28514929826127,8.36808603718925,9.77671887203499,11.8016596336534,12.1150234550756,13.4421426224164,13.9214392066288,14.593405367937,16.811373282601,16.8121928542351,18.0984522057948,20.103129720956,20.5907783764457
766.599999999885,1.03512576109134,2.38441551050823,2.25379379722855,3.8619639574792,5.14982304448146,6.18142807446834,8.48769208513332,8.27086167489574,8.36187062100864,9.75789306420981,11.7627432567199,12.1332805182285,13.4470210292437,13.9813676190723,14.5608566226933,16.8079080250765,16.8018058712486,18.0795474861345,20.0817305726311,20.6291395760664
767.199999999885,1.07326630979645,2.44585684896668,2.2683698974047,3.79273104594717,5.14946214176209,6.19072266632074,8.49792314654368,8.25672696522149,8.35420920455618,9.73764179218736,11.7240918977219,12.1517014465677,13.4521468216173,14.0413387891214,14.5283481305909,16.8044459987504,16.7916804052137,18.0609450593133,20.0605132595602,20.6678367504045
767.799999999885,1.11236658744176,2.50823779073497,2.28326661378492,3.72403017679284,5.1493424190598,6.2001780912626,8.50850339958111,8.24303178351989,8.34174437130911,9.71453451505376,11.6862022939008,12.1705933813453,13.4579836874517,14.1014328596355,14.4959553402381,16.8009932600296,16.7820017587901,18.0432115289107,20.0398186052513,20.7074996347799
768.399999999885,1.152606402891,2.57173437406349,2.2985440150333,3.65596103017735,5.14950906236722,6.20982448198435,8.51892556017456,8.2297089110164,8.324183582582,9.69086716344628,11.6463867432003,12.1900445674072,13.4646648490616,14.1616728564836,14.4636999287974,16.7975515489826,16.7729122043756,18.0267157728603,20.0197445318092,20.7483091586374
768.999999999885,1.19469758990971,2.63704350547885,2.31443990312735,3.58891822349035,5.15014095560934,6.21978112885944,8.51858822396135,8.22280537664885,8.31124001051577,9.66818025503041,11.5879173261584,12.2122762849854,13.4727177117152,14.2221499353004,14.4316677125952,16.7941277542532,16.7608217420717,18.0108904873272,20.004514329042,20.7919910087067
769.599999999885,1.21866228856007,2.69730914733433,2.3340817902661,3.52809166605526,5.15355574393506,6.23186092057406,8.51921303671789,8.2116692490348,8.30432234752133,9.64470977542094,11.5473412892747,12.1987278802991,13.4890785777412,14.2840629522212,14.4009873265189,16.7908124735688,16.750704242853,17.9971768848332,19.9961665128232,20.8365770528211
770.199999999885,1.22434993151358,2.70631529500304,2.360090824017,3.47783098701262,5.16153532367192,6.24624675204564,8.53985197545325,8.20311193936216,8.30533979518909,9.62831026378693,11.5000149318361,12.1947522902724,13.528039452752,14.2832997527247,14.3726046721034,16.7876816362931,16.7395218237744,17.9954312890269,19.9839128015728,20.895172807846
770.799999999885,1.19008139154686,2.66072326263604,2.40956023309935,3.49330816005274,5.15741945771484,6.24251827816223,8.56912529957585,8.1867951083157,8.3112254209477,9.62136369161951,11.4957790383392,12.1809512174323,13.5311408711343,14.2144142525285,14.4182076635933,16.7495673152725,16.7166640259326,18.0035483437682,19.9829272439099,20.9303674023083
771.399999999885,1.14990454462673,2.60253920774996,2.46521242316523,3.51904526835292,5.15282029939625,6.23426301576252,8.60395566299019,8.17156289238834,8.32395550288477,9.62997349290231,11.4885372732775,12.1790846033491,13.5337493818276,14.1555724674036,14.4660418541686,16.711632096953,16.7032940498234,18.0259479049632,19.92609034962,20.9486822387128
771.999999999884,1.09607612024933,2.51759470747742,2.5227791434725,3.54795941888903,5.15176253269252,6.22596193960315,8.64673254859626,8.14013589674409,8.33910910123207,9.62528002300818,11.4499934527511,12.1865569173692,13.5392942030409,14.099115852904,14.5145669471244,16.6737523387172,16.708846053828,18.0400172441486,19.9298743084171,20.9209067319242
772.599999999884,1.02570204298952,2.43699769449659,2.58300529661163,3.58128673054832,5.15161888465402,6.21885850672475,8.67371277550315,8.11117136604898,8.3529414904485,9.61267124100435,11.4120285695613,12.1977819314129,13.5507372043313,14.0436786676392,14.5640517577355,16.6359496188923,16.7211858400643,18.0618471800697,19.9305122409249,20.8975680620754
773.199999999884,0.956195682686205,2.35725020234812,2.64352132755548,3.61509507614949,5.15169329400919,6.21190048740404,8.68949242198051,8.08913056747491,8.3631841185144,9.59888043106897,11.3831122000495,12.206852045026,13.5628231064209,13.9883526000176,14.613641177436,16.5981552962434,16.7367705249201,18.0828505345447,19.9316227233915,20.8751025168591
773.799999999884,0.887191128564963,2.27799399344623,2.70420499665895,3.64918160670796,5.15189380732819,6.20502656165932,8.70545464762967,8.06731958155504,8.37088780604218,9.58632704977914,11.3545941236834,12.2161684301979,13.5752808020904,13.9330907924286,14.6632910932316,16.5603658297341,16.7501804709446,18.1040284057895,19.9330064844755,20.8531419051156
774.399999999884,0.81799099897644,2.19854631031794,2.76482332995634,3.68315971661528,5.15204517250487,6.19811986102859,8.72134571431637,8.04541902775302,8.37914874409561,9.57502613559805,11.3259208153363,12.2253888327434,13.5875935937995,13.8778039399391,14.7129174310952,16.5225744705783,16.7634372356588,18.1250292115983,19.9342837371202,20.830984499065
774.999999999884,0.748390849663363,2.11870699592644,2.82530802884899,3.71691606865277,5.15209601266874,6.19114612437816,8.73709123622201,8.02333527653845,8.385571722743,9.57057796627028,11.2969300036991,12.2344129174977,13.5996100066063,13.8224658619337,14.7624955439026,16.4847792403029,16.7763806914177,18.1456678571226,19.9353431430322,20.8084245803394
775.599999999884,0.678738731394388,2.03881680237425,2.88577536649652,3.75064361079853,5.15213379302673,6.18416367867731,8.75281784953429,8.00122772505192,8.391094663861,9.56797297314906,11.2678979433097,12.243411497433,13.6115879150564,13.767121128915,14.8120673915045,16.4469835071073,16.7892834433357,18.1662594522374,19.9363742471716,20.7858123687837
776.199999999884,0.609068193536549,1.95890857549416,2.94623655072051,3.78436094172584,5.15216694453945,6.17717814618886,8.76853776098948,7.97911173792878,8.39666380656298,9.56549499053504,11.2388512629411,12.2524010375816,13.6235521762357,13.7117740371302,14.8616370185016,16.4091875956594,16.8021717684096,18.1868343710657,19.9373953201875,20.7631816228471
776.799999999884,0.538535232877453,1.87815601092184,3.00640962575736,3.81760017362065,5.15198336908143,6.17004808734747,8.78394388507348,7.95660078621769,8.40174915871283,9.57277817236184,11.2091200611354,12.2609673262526,13.6348774591158,13.6563165056591,14.9111026746556,16.3713833382688,16.8143846148252,18.2066284901786,19.9379467263895,20.7396830794307
777.399999999884,0.467665525561862,1.79707376131058,3.06647020399411,3.85065272416794,5.15171516914148,6.1628615959001,8.79922748590331,7.93393561432105,8.40882336154217,9.58073453430492,11.1791215770812,12.2693683496736,13.645953242788,13.6008158512613,14.9605277337455,16.3335758220725,16.8263337098889,18.2261177336631,19.9383147437375,20.7158456907295
777.999999999884,0.395921880484769,1.71513590051692,3.12623882624626,3.88322079216488,5.15122734851967,6.1555286484022,8.81419310971263,7.9108702043192,8.41986898322595,9.5913767338201,11.1484294319462,12.2773404704167,13.6563815166034,13.5452032826003,15.0098474337869,16.2957598484997,16.8383647008342,18.2448157522931,19.9382068233397,20.6911289178264
778.599999999883,0.323232502946128,1.63227213938426,3.18569150809152,3.91526457697471,5.15050186519782,6.14803721336972,8.82673038192127,7.88779798624453,8.43547178309114,9.60024789449915,11.1236183611879,12.2848484537772,13.6661090870993,13.4894696058282,15.0590531194478,16.2579347227698,16.8505415686115,18.262945943706,19.937583866522,20.6654605185917
779.199999999883,0.246516143859957,1.54546584298749,3.24379889806996,3.94507593474415,5.14876440084911,6.13987092957908,8.84541448509492,7.88500176677351,8.44699208969101,9.60644289723711,11.1068361894732,12.2945641440248,13.6728530237946,13.4332202439665,15.1077733255205,16.220070626645,16.8559210123686,18.2772741770981,19.9324819534573,20.6319882284899
779.799999999883,0.193433322435019,1.4666196682687,3.29817596305759,3.96869705336596,5.14523095199517,6.12962906424272,8.84086598818099,7.88469065659881,8.45484129425602,9.61537853957771,11.1131471026499,12.3285559720952,13.6713237195644,13.3755409522703,15.1551473578111,16.1820984705211,16.8516505534589,18.2863617083065,19.9325045931841,20.5892298637336
780.399999999883,0.169699719321173,1.44113607564241,3.35015956463362,3.98834637034974,5.13908605602659,6.11826427585601,8.81484261668497,7.88692817579253,8.46018634863439,9.62726095257247,11.154280624257,12.3450638642877,13.6497065124602,13.3520152681059,15.201657653644,16.1440569805846,16.8355213397066,18.2873402318762,19.9165598011773,20.5281736960734
780.999999999883,0.186154777263243,1.46877044146611,3.31835788096068,3.99339748334551,5.15161463552716,6.12535957639074,8.77730180133241,7.89879629813811,8.45899392564866,9.6257155446431,11.1705182689843,12.3629657611949,13.6437171739009,13.4268831137764,15.1853726472465,16.1286216805795,16.8305378418312,18.274785014385,19.9000701537958,20.4695964308407
781.599999999883,0.234826784333409,1.51894202779873,3.28267028128169,3.99200016373718,5.16545376224841,6.13587360871562,8.73361762793358,7.90822315506067,8.45205340202951,9.61685537949451,11.2210397970716,12.3552924659163,13.6501277368622,13.4481338999416,15.1676853184551,16.113073813422,16.8212154450727,18.2457092077925,19.9418672121896,20.4003637993065
782.199999999883,0.308405649057685,1.59953415379952,3.24378268885075,3.98529265789734,5.17424433992817,6.14514467045284,8.68136992452066,7.92542770184643,8.44241579480293,9.62476352362874,11.2819607603509,12.3212269969688,13.6680583831492,13.4624369079806,15.1488431984978,16.0974332489219,16.7974028688154,18.2162820001077,19.9593712205128,20.375118660389
782.799999999883,0.405487097223762,1.67495004095184,3.20098122502134,3.97209032921786,5.1826277622435,6.15264547500806,8.64719304794998,7.95989486620126,8.43627946480387,9.63448132319272,11.3205003777459,12.2821491105344,13.6773087130837,13.4752396281092,15.1285886678051,16.081679307453,16.7703103511584,18.1766109415436,19.9780116543409,20.3451050890774
783.399999999883,0.498011925009286,1.74590486059105,3.15665753312234,3.95636195902425,5.18986610521782,6.15938267298267,8.62359915407843,8.00012696239594,8.43168076897533,9.64433089286198,11.3549087928419,12.2487357216809,13.6831829941233,13.4874588389357,15.1077848060158,16.0658812701039,16.7405072982533,18.1369502016322,19.9941705983766,20.310506500207
783.999999999883,0.589725671221785,1.81606560713456,3.11206288357662,3.94018395169815,5.19690062327925,6.16598394845903,8.5997101530365,8.03998760679517,8.43030676405666,9.65392555912309,11.3886734370133,12.2149242781003,13.68845633613,13.4995741847038,15.0868831629123,16.0500753836577,16.7148014525416,18.0958212503132,20.0098878355166,20.2750917750473
784.599999999883,0.681186174373356,1.88597842115434,3.06738363323842,3.92386555469052,5.203871501324,6.17254278501106,8.57572901102354,8.07973227322968,8.43121044501132,9.66289956661851,11.422237077334,12.1809885503523,13.693542047638,13.511657100805,15.0659509896623,16.034267046497,16.6888972583145,18.0544630238524,20.0254671590239,20.2394222285985
785.199999999882,0.772633401676932,1.95587823772225,3.02269994784381,3.90753979798639,5.21083904314629,6.17909939677278,8.5517430386728,8.1194708597115,8.43249757383129,9.67146054039855,11.4557901803607,12.1470463072128,13.6986179229278,13.5237383168345,15.0450172159198,16.0184585808617,16.662982665995,18.013092778022,20.0410392526373,20.2037393235657
785.799999999882,0.864062922618883,2.02576071923304,2.97801034729315,3.89120422545368,5.21780213535742,6.1856530412708,8.52775062396841,8.15920133719409,8.43452472023952,9.67914121524092,11.4893292295102,12.1130953743172,13.7036806793845,13.5358172654322,15.0240813075569,16.0026499438762,16.6370542054552,17.9717065016298,20.0566017035437,20.1680386018239
786.399999999882,0.955442884898669,2.09559468133273,2.93330419070309,3.87484117921737,5.22475277346981,6.19219838063972,8.50374017764161,8.19890911824921,8.43675146383047,9.68705512163725,11.5228289430038,12.0791201195033,13.7087067172972,13.5478898676726,15.0031394245655,15.9868408272957,16.6110869288978,17.9302753570021,20.0721371652994,20.1322880125671
786.999999999882,1.04773833951578,2.16632493778622,2.88890387221559,3.85898565203099,5.23193347493478,6.1988971398492,8.48006282771885,8.23903616819801,8.43789271873016,9.68691149343032,11.5570553002382,12.0455941611178,13.7144110532972,13.5600797055503,14.9823079103051,15.9710405702287,16.5858366968514,17.8896730589162,20.0881711950065,20.0974586210589
787.599999999882,1.14059486663753,2.23760450098699,2.84469099096074,3.8434411651154,5.23925517399875,6.20568992459084,8.45658962066663,8.27942017305372,8.43556557763039,9.68586911296422,11.5917269914279,12.0123435604412,13.720531093931,13.5723413929563,14.9615440370917,15.9552457428407,16.5610259157356,17.8495787312263,20.1045107791761,20.0631937986979
788.199999999882,1.23410759510964,2.30952650491754,2.80069732658811,3.82826045479555,5.24674177655396,6.21259267672646,8.43335516854573,8.320104699064,8.42875765193987,9.68395010833539,11.6269195221535,11.9794150038835,13.7271373211801,13.5846871118505,14.9408592733447,15.9394572657242,16.5371605165085,17.8100784994101,20.1212077240244,20.0295892671794
788.799999999882,1.32664553094983,2.38049415773394,2.75637801369089,3.81253935127931,5.25398341358426,6.21933207137228,8.41148846025515,8.36376607106273,8.42126712691397,9.68326100087289,11.6653032028885,11.9460080480752,13.7330213141179,13.5969080012614,14.9200569918192,15.9236593552259,16.5104576414804,17.7702534443247,20.1373738065752,19.995003868054
789.399999999882,1.42146706764202,2.45369752402007,2.71282158227622,3.79808420148828,5.26179891982847,6.22645415592637,8.38630537838356,8.38088782507329,8.4155938497641,9.68697847933654,11.7113953480705,11.9132907832063,13.7405972514086,13.6094213228316,14.8995300136662,15.9078835438672,16.495133578411,17.7328662720413,20.1526524328868,19.9658118136052
789.999999999882,1.47941976975353,2.51498691470677,2.67164244544295,3.78757402218091,5.26923283042956,6.23487187800351,8.38781091553494,8.39714956797595,8.41241543075499,9.68245965830467,11.7450683114499,11.8806255040223,13.7534456330229,13.6228459227639,14.8798609370757,15.8921765979427,16.4891981684543,17.7076159919492,20.1387309897602,19.956848779911
790.599999999882,1.51402662607735,2.53760058967873,2.63118380797047,3.77825946613959,5.28037759600261,6.24253793046196,8.39682501480708,8.40574531520474,8.41056256230756,9.68208415119187,11.7620670418675,11.8608670501176,13.7523002973077,13.6191998246746,14.8604518692919,15.8764905234331,16.4958562629116,17.7198848807011,20.1263518069036,19.976765767574
791.199999999882,1.51174896265177,2.51723457605361,2.62671389990887,3.78853508697598,5.27660729412142,6.24015042633172,8.40763531333593,8.41285794016344,8.41189068405101,9.68882958873591,11.795400090609,11.8549427011526,13.7466478482523,13.5768848292965,14.8954188013473,15.9384156285497,16.4929313331231,17.7392777829426,20.0838264355523,19.9918284426618
791.799999999881,1.48693061005175,2.49244205555036,2.62361158791771,3.8010801472646,5.27205922752608,6.2373852303553,8.41981805724118,8.42520822010724,8.41679140393805,9.69808306365819,11.818348720001,11.8582940079819,13.7045433516991,13.5469718131562,14.9308792619853,16.0003803501841,16.496815227047,17.7690657945087,20.0269959722181,20.0360006680162
792.399999999881,1.44613193570619,2.45550154064973,2.62085039429574,3.81419127198143,5.2692429482227,6.23514784613114,8.4401544222308,8.44360558543557,8.42151416382824,9.69315590516521,11.8427584187092,11.8813578751637,13.6495466534184,13.5201361414949,14.9664628230518,16.0623549533304,16.50327301543,17.8070392191801,19.9876975760484,20.0308369109306
792.999999999881,1.39921462221374,2.42469204242443,2.6212679853315,3.83257738943446,5.26776782433038,6.23433164695215,8.45380785512543,8.43986256657876,8.42297455336992,9.6887068699606,11.8846348633074,11.9144218442325,13.6015999712565,13.4945189800259,15.0031935218546,16.1244216394637,16.5099678660033,17.8515498084532,19.9359381648093,20.0239811309101
793.599999999881,1.35777011733182,2.39924058736267,2.6235138750147,3.85399745322963,5.26766801800892,6.23443259081263,8.46125413560007,8.4244682892157,8.42568011911513,9.68608223707151,11.9214257808602,11.9416313304395,13.5577081516686,13.46960265261,15.0405840043789,16.186541287725,16.5177179230122,17.8972934939296,19.8871591902861,20.0226322664218
794.199999999881,1.31629146999423,2.37375570581659,2.62574835874348,3.87539858956253,5.26755963168356,6.23452781301943,8.46868799354508,8.40905837559703,8.4289879375386,9.68340427534431,11.9581895988924,11.9688240605424,13.5137910355693,13.4446819529974,15.0779703708016,16.2486606055789,16.5244601681079,17.9436037246887,19.8383616221238,20.0212490466998
794.799999999881,1.27513510252536,2.34858634589194,2.62809050635925,3.89697838732832,5.26753223433435,6.23467704346208,8.47623911109018,8.3937960567954,8.42966297771856,9.68113310092099,11.9952092166074,11.9961749560259,13.4701127000798,13.4198025237311,15.1153955902204,16.3107830422386,16.5314548336787,17.9902057334823,19.7897395643479,20.0201901153168
795.399999999881,1.23369907908501,2.32314319441489,2.63033922943371,3.91840315295767,5.26743455940034,6.23477940865769,8.48368847748493,8.37840566368335,8.43163192167924,9.67993653052424,12.0320068660404,12.0233886046706,13.4262271644829,13.3948872824271,15.1527870952393,16.3729027725776,16.5382304632498,18.0365545540454,19.7409652087328,20.018849785127
795.999999999881,1.19229908639787,2.29773531812186,2.63259998928526,3.93984789285976,5.26734593899965,6.23488781195125,8.49115095345344,8.36303177160952,8.4334441077107,9.67858717309417,12.0688331137698,12.0506199361381,13.3823683244573,13.3699766551305,15.1901829440067,16.4350228515978,16.5450343133234,18.0829359952696,19.6922104751047,20.0175457102366
796.599999999881,1.1509413677607,2.27236882938693,2.63487487160917,3.96131606811439,5.26726794207365,6.23500329960559,8.49862881058185,8.34767723982243,8.43558461768738,9.6763203918166,12.1056929152196,12.0778720144529,13.3385408057286,13.3450714413419,15.227583889194,16.4971433397175,16.5518712738604,18.1293557095613,19.6434787635006,20.016284172851
797.199999999881,1.10899722413993,2.24642821307026,2.6369538472095,3.98245914851197,5.26704257646714,6.23502051311409,8.50589330049209,8.33205414242962,8.43962706894628,9.67747613244762,12.1420872599676,12.1048362928156,13.2942787984426,13.3200911314506,15.264914136923,16.5592581528142,16.5582489265491,18.1752445004364,19.5944276907279,20.0144325558408
797.799999999881,1.0664070712988,2.21985513442364,2.63881701080776,4.00324410249778,5.26665486865307,6.23492946724394,8.51292274381645,8.31613519158168,8.44764573467565,9.67969152002255,12.1779688548679,12.131483529054,13.2495381559996,13.2950280952496,15.3021665039152,16.621366714272,16.5641206030033,18.2205484229446,19.5450248078084,20.0119309036362
798.39999999988,1.02372699841525,2.19319402136863,2.64065013485896,4.02397920774906,5.26624456391976,6.23482335241253,8.51991947027192,8.30017505996665,8.45752474349272,9.68105522542082,12.2137790785144,12.1580866352082,13.2047308908333,13.269953544115,15.3394080304442,16.6834744055447,16.5690489736466,18.2657709357968,19.4955729553351,20.0093387710013
798.99999999988,0.982637249434932,2.16808988293488,2.64301453768245,4.045595936629,5.26623390780605,6.23498374690044,8.52934867151873,8.27849237658565,8.46330587717884,9.68260889455955,12.2470088572223,12.1854702250658,13.1611019136961,13.2450826458442,15.3768412811677,16.745597486893,16.5750840211159,18.3117110284139,19.4469871773204,20.0083468732779
799.59999999988,0.943150892593777,2.14455551331587,2.64591458497778,4.06810153374079,5.26662618436146,6.23541284070599,8.53431578676575,8.26833736989924,8.46686476064612,9.68191362196707,12.2642654781619,12.2165498299099,13.1186609069842,13.2204170739223,15.4144678315492,16.8077360847823,16.5718695522056,18.3571948600054,19.4058402524531,20.0065875019586
800.19999999988,0.939581781035937,2.13086527999444,2.64691802692309,4.08745983384384,5.26809642305465,6.23455946128307,8.52587801877858,8.27489893757089,8.46627893883761,9.68034930304902,12.2842825344017,12.2383808292244,13.0720135447833,13.1950244842256,15.4514099481605,16.869819741836,16.5684020380623,18.3907682707205,19.3814950786872,19.9785575375619
800.79999999988,0.940569216094195,2.13549622613333,2.64500385080012,4.10197653070088,5.26463592043768,6.23402572843294,8.51081873363969,8.28731979644301,8.46042367240566,9.66462498920707,12.2900947761377,12.2697809528163,13.0396752476623,13.1984126922788,15.487299175021,16.9318188813727,16.5547219757757,18.3694858434693,19.3886554409483,19.9411346107525
801.39999999988,0.956177457510378,2.15532909518881,2.6380533256883,4.06682423121998,5.2599731904511,6.23195325490178,8.49412655147619,8.29704411562242,8.45042079533311,9.64092795154254,12.2866341036252,12.2870334880161,13.0083633988555,13.2105181027938,15.5815134763141,16.9048503485607,16.5439782474621,18.3392293608151,19.4179027817201,19.9090711070839
801.99999999988,0.967441663393202,2.17350177054763,2.62719921903339,4.02519418425748,5.25190215453223,6.23128278707183,8.47442601017766,8.30146521852783,8.43558162754717,9.60492736155781,12.2562872448547,12.3125219505958,13.0274527297954,13.2840681124159,15.6743190802155,16.8777687368386,16.5227891937845,18.2893619991589,19.4475454037819,19.8388596509885
802.59999999988,0.982404052596753,2.19175818723815,2.61837820569997,3.98693792748763,5.24554235071416,6.23107120859308,8.44929746927238,8.30029766259451,8.4243036366929,9.577222798761,12.2260486216491,12.3271780251387,13.0551511249611,13.361966912216,15.7678583727185,16.8507460197337,16.5014062135214,18.235409105593,19.4477959111006,19.8058376335127
803.19999999988,1.00178071180639,2.20506405403986,2.60732206548671,3.94497261857206,5.23834597041469,6.23007061853968,8.42026315748892,8.31451981480106,8.41246824729999,9.54917483085893,12.1985281689039,12.3281328996414,13.0778923801407,13.4390089302035,15.860591068152,16.8236585555065,16.4859070216053,18.1764734759881,19.4583942937049,19.7791251126485
803.79999999988,1.01691204281133,2.2142136176739,2.59484769043892,3.90065383835977,5.23008273854243,6.22835858880513,8.39712287248153,8.33631452389736,8.39839431067367,9.51918920193012,12.1814446301127,12.3319934636361,13.0974882261392,13.5155073021797,15.9528119608457,16.7965300078736,16.4695631738516,18.1149774346664,19.4666807131196,19.7481408064016
804.39999999988,1.03242015797129,2.22373206425428,2.58249918749988,3.85654393497647,5.22191419258109,6.22670970123205,8.37411967813386,8.35828178919227,8.38195104772497,9.48935879869592,12.1646601520993,12.3360389420961,13.1173632355574,13.5920539241834,16.045078277392,16.769405106502,16.4526133769534,18.0540576401733,19.4751723254088,19.7175356324546
804.999999999879,1.04770623006368,2.23303312403669,2.57007650673575,3.8123109381689,5.21368984716578,6.22502360328523,8.35103569474591,8.380147365213,8.36770003542604,9.4587029420728,12.1476994342653,12.3399754484182,13.1370737308864,13.6685721119125,16.1373178251598,16.7422780563484,16.435489668427,17.9929368176419,19.4835430152688,19.6867070316523
805.599999999879,1.06327648966287,2.24261241188,2.55774876436084,3.76823548563295,5.20553691811073,6.22338512998824,8.32805511128027,8.40214309085566,8.35224759718059,9.4267915914549,12.1309642814794,12.3440514255219,13.1569947837859,13.7451266919762,16.2295916336343,16.7151537563685,16.4185885451518,17.932073285994,19.4920684707967,19.656164389433
806.199999999879,1.07874451673983,2.25209161102926,2.54538686921441,3.7241033587258,5.19735829800852,6.22172952438264,8.3050373311237,8.4240919969732,8.33731692904171,9.39520280847217,12.1141479847894,12.3480772299423,13.1768400915137,13.8216681804013,16.3218531172938,16.6880284670517,16.4016073499132,17.8711171975118,19.5005382515177,19.6255188775713
806.799999999879,1.09415997616388,2.26151934487557,2.53300741281645,3.67994209002885,5.18916646764778,6.22006510939589,8.28200042454147,8.44601682863289,8.32218345031149,9.36445876520956,12.09728996415,12.3520772357212,13.1966464513038,13.8982029371454,16.4141082635707,16.6609026690208,16.3845849819139,17.8101135165861,19.5089794044217,19.5948204704514
807.399999999879,1.10997336467251,2.27133666318607,2.52076089240409,3.63600142021919,5.18107463692172,6.21846738007567,8.25910830207342,8.46812390025271,8.30555139670722,9.33169201383721,12.0807477874198,12.3562725332673,13.2167476410188,13.9747886516834,16.5064113828631,16.6337807218776,16.36787428541,17.7494701031714,19.517637265517,19.5645224723377
807.999999999879,1.12631135742052,2.28166758472249,2.50868962628783,3.59235157386519,5.17311463931448,6.21695756487059,8.23640705371605,8.49047122537344,8.28608063708838,9.29750238359166,12.0646219990867,12.3607252909815,13.2372375156389,14.0514415457158,16.5987777467091,16.6066638514983,16.35157447666,17.6893016433875,19.5265808208231,19.5347523478331
808.599999999879,1.14233020863072,2.29168605715721,2.49651174470535,3.54852480586646,5.1650744413941,6.21539426735676,8.21358968762146,8.51267239294151,8.26748351407899,9.265600653533,12.048242902024,12.3650214235147,13.2574909348722,14.1280535712886,16.6911056359059,16.5795438926837,16.3348344624618,17.6288442468761,19.5353505748464,19.5046610928787
809.199999999879,1.15845616719273,2.3018093908898,2.48436964442645,3.50475741468521,5.15706115956623,6.2138489190842,8.18378017148861,8.53914175143172,8.25336433597973,9.23318080617935,12.0274832955826,12.3693701211527,13.2778237110907,14.2046793127584,16.7834464376111,16.5524249703813,16.3211464767112,17.5678061424016,19.5441786584599,19.4746776127764
809.799999999879,1.17063029856055,2.30806376771586,2.47090735906087,3.45879925958237,5.14805478301102,6.2116413165542,8.15720405905857,8.58072290918633,8.24012423659335,9.19808008432962,12.0090353260572,12.3708316511107,13.2952285361748,14.2807989932155,16.8753108200885,16.5252678049769,16.313122367544,17.5048020778654,19.5457239486429,19.4450174333771
810.399999999879,1.16428951461342,2.31018718553002,2.45902811129126,3.41546805556902,5.13847622059409,6.21033344083414,8.13851689714938,8.59732658982757,8.2298198458236,9.17166932706999,11.9616394799674,12.3704326361245,13.3161442755782,14.3575254928354,16.9677464781822,16.4981564969822,16.3102760209819,17.4450192804545,19.5573625045918,19.4495317461021
810.999999999879,1.15868406851295,2.30336787547754,2.44905167755839,3.37529445148862,5.13140282865505,6.20851690157922,8.1295631431065,8.60780742548943,8.22405284607066,9.14981888726114,11.9484402674579,12.3504773034226,13.3277682149657,14.3986708899822,17.0608688105938,16.4711003096763,16.3212881392487,17.4096279960967,19.5648643281389,19.4481818251203
811.599999999878,1.15097206371978,2.28772245229537,2.48980126004921,3.38913206140892,5.12963043849779,6.20889303052522,8.12888829747346,8.62382168046295,8.22458323790979,9.14112291476262,11.9344692526366,12.3485635664593,13.3370640289157,14.419105898153,16.9296577434575,16.4959373739148,16.3455736352825,17.3955436327058,19.5919465725925,19.4665910034205
812.199999999878,1.13896461683551,2.25390886744714,2.53583959578132,3.41174602390287,5.13096206995357,6.20260605419241,8.13770251745783,8.64061927409752,8.22962415650748,9.14876639864595,11.9139789246726,12.3441828180735,13.3281778380125,14.3677096728037,16.8003552448208,16.5209276426891,16.3744896053352,17.4074685597601,19.6335862445683,19.528203269213
812.799999999878,1.11778983211333,2.21058925531006,2.58141550987352,3.43359262683828,5.13190661658917,6.19597301596622,8.15482515861441,8.66161753069738,8.2321981701464,9.15028541324133,11.8952791074598,12.3510682961617,13.315851399094,14.3101298819929,16.6708858706733,16.5459045160402,16.4130417313438,17.4305504507219,19.6863409651488,19.5521284744898
813.399999999878,1.06769336175413,2.1670660403789,2.62936420410289,3.45937670882177,5.13149445122662,6.19005903799101,8.18197437892774,8.67096940571168,8.23836767214819,9.15530061785753,11.8679666452422,12.3684066408228,13.3087873922114,14.25345963904,16.5422727689469,16.5709501240512,16.4457176906263,17.4594706499032,19.743523221681,19.5638390197749
813.999999999878,1.01904793555621,2.12496344104557,2.67779764798788,3.48596520229821,5.13144693346621,6.1843882285884,8.20570139719428,8.67304715865605,8.24823643062142,9.16009174565028,11.8399266767062,12.3840263923256,13.3027984795096,14.1969752131396,16.4138346003106,16.596009774283,16.4817173338507,17.4900291512464,19.8014957023243,19.577009652232
814.599999999878,0.970731242793677,2.08318268156828,2.7263409116999,3.51273593485411,5.13148202646416,6.17877250892186,8.2295480231517,8.67527546196185,8.25877370734909,9.16306038229003,11.8121476301716,12.3998074764273,13.2970531289342,14.140532884013,16.2854360626909,16.6210726057739,16.5159221374881,17.5203109116708,19.8596472079018,19.5905110668139
815.199999999878,0.922399661655754,2.0413873459266,2.77487920165923,3.53949841378099,5.13151337801129,6.17315429423479,8.25338923206289,8.67749694682428,8.26832826729682,9.16760162448604,11.7843567664493,12.4155812537569,13.291296747402,14.0840886483186,16.1570357301779,16.6461352931852,16.5501152800469,17.550579192814,19.9177906054193,19.603997500235
815.799999999878,0.874282795107086,1.99980222228363,2.82348922122228,3.56637992346313,5.13159868736477,6.16757206180198,8.27730856359146,8.67981676473071,8.27776755328939,9.17005234478422,11.7567363257944,12.431460406625,13.2856994502108,14.0276719084324,16.0286612829462,16.6712000584587,16.5844765943219,17.5810418671133,19.9760509343501,19.6176999863616
816.399999999878,0.826369770035061,1.95841666553721,2.87216733801334,3.59337443620203,5.13173522210988,6.16202398948779,8.30130206162049,8.68222993611145,8.28627361986525,9.17170550728618,11.72927767801,12.4474395988312,13.2802531813549,13.971281271971,15.9003114101694,16.6962667963716,16.6189975641243,17.6116890905301,20.034422273306,19.6316075843189
816.999999999878,0.778535701700557,1.91710840979612,2.92087183184526,3.62041271997733,5.13189159869418,6.15648914888466,8.32532428758559,8.68467926738417,8.29464713350202,9.17271985332445,11.701881699695,12.4634575406574,13.2748654123924,13.9149007465101,15.7719710561559,16.7213342983743,16.6535803755097,17.6424077979083,20.0928366113099,19.6455946310776
817.599999999878,0.730125406796478,1.87523601102535,2.96938382593306,3.6471315625632,5.13190316946085,6.15085774320411,8.3491368569644,8.68686470362846,8.30391189736773,9.17850597829363,11.6740283593542,12.4791926876101,13.2690507109869,13.8584464309296,15.6435612341713,16.7463962240472,16.6877118667889,17.6726048150658,20.1509371420992,19.6590018601829
818.199999999877,0.68151156194128,1.83316433077022,3.01782782018265,3.67373756370454,5.13186358809629,6.1451922262593,8.37287536591254,8.68895691990867,8.31390659523213,9.18537953864447,11.6460134575323,12.4948279382968,13.2630851972404,13.8019660492562,15.5151268728773,16.7714561799018,16.7216839308734,17.7026175470401,20.2089268216253,19.6722042707998
818.799999999877,0.633116738429611,1.79130707895492,3.06634498279136,3.70046498312503,5.13187904682604,6.13956341330232,8.3966935644648,8.69114944160123,8.32285268952234,9.19090421011195,11.6181723971309,12.510570678149,13.2572819587554,13.7455137149031,15.3867189160727,16.7965182552964,16.7563785298403,17.7328285713166,20.2670357779798,19.6856270677164
819.399999999877,0.582034498100429,1.74681876577334,3.11396436130431,3.7257025864385,5.13121915733318,6.13348423823651,8.43327516344579,8.69217617314096,8.32958640191695,9.19668775732625,11.5969778146459,12.5249945137038,13.2494875843395,13.6887172367377,15.2579869731771,16.8215543236945,16.7872113700934,17.7633603687582,20.3236811940704,19.6963456996485
819.999999999877,0.535606701596,1.70688729217429,3.1631386477174,3.75352046138464,5.13172893022533,6.12818506317765,8.47644935483253,8.65822975453289,8.33835942836992,9.2075967093051,11.5803155120272,12.5364319653962,13.245141737252,13.6325167948967,15.1298161546485,16.8466354346417,16.8190420396212,17.797743005218,20.3843336215984,19.7071156485614
820.599999999877,0.486343468708504,1.6662913871981,3.21046115115065,3.77826541921954,5.13211355439141,6.12232604583933,8.51044336035829,8.63678796605635,8.3481568913136,9.21891952190827,11.6006863330177,12.5450231683948,13.2366889432439,13.575606516852,15.0009770775354,16.871662903167,16.8371757358063,17.8298698049372,20.436072601423,19.725041218184
821.199999999877,0.443133074628283,1.646935817104,3.25744965138379,3.80245611980075,5.13164878167705,6.11740924733924,8.54099714818469,8.62791108006182,8.35770436594911,9.23413018180496,11.5756998225264,12.5756177830289,13.2536376466937,13.5407471569139,14.8720174676665,16.8966806962925,16.8417804989895,17.8607578999975,20.4520102766125,19.7236382633088
821.799999999877,0.407778801525596,1.64517804506296,3.24224962776557,3.8415468408235,5.13850345325166,6.12109692204761,8.56013019075116,8.61506790756641,8.36381528816477,9.23975169833934,11.5505514165152,12.5969610670022,13.2790304224593,13.5272425031323,14.8714793888667,16.7877183979627,16.8247331587111,17.8714175678168,20.4444874782455,19.6977348543275
822.399999999877,0.396124286175826,1.67110969800686,3.22637654415062,3.87952066123827,5.14675289992927,6.13177585795194,8.57200194097145,8.61415198430535,8.37047472560336,9.24482707388664,11.5442137113942,12.6033948955475,13.2963773591028,13.5206922700832,14.8706984208794,16.6787366024138,16.8107939549617,17.8748620492115,20.4000843058997,19.6650989029273
822.999999999877,0.394562748665368,1.71165502520179,3.20820295769985,3.91367694222992,5.15317555230912,6.14247720366274,8.57097979558116,8.61134930220142,8.37548052343029,9.25874854129653,11.5209855161545,12.6033981168306,13.2957968961619,13.5200745168264,14.8690872634017,16.5696881659329,16.7881508869482,17.8650370980949,20.3604896834085,19.7056048333362
823.599999999877,0.434647159347419,1.75735209886992,3.18742721040241,3.94351510134715,5.16183133926458,6.15231407841854,8.55427474116683,8.61920216905042,8.37924597574635,9.2684418223177,11.5041296487536,12.5855536140383,13.2894452728865,13.5184592881665,14.866537056185,16.460564350095,16.7651856703828,17.8525981614713,20.3132433334904,19.7746446623597
824.199999999877,0.475287959457255,1.80359389440584,3.1668373358609,3.97366170458468,5.17062694695946,6.16224419390651,8.53417021740089,8.6374481686398,8.37921318782818,9.2781781005704,11.478443580132,12.5694645718005,13.2835058844956,13.5169153093306,14.8640539254379,16.3514459186164,16.7394575277074,17.841940340496,20.2662999876718,19.8442443482654
824.799999999876,0.515609513118357,1.84952313812913,3.14614081080561,4.00363132801828,5.17934232797707,6.17212080950456,8.51394953772581,8.65554796263246,8.37811118693084,9.29023848657879,11.4525041195091,12.5532188528948,13.2773299629882,13.5153304486006,14.8615323073939,16.2423243976873,16.7157595739158,17.8312849223211,20.219182783437,19.9135227981566
825.399999999876,0.55603816229139,1.89555723155871,3.12548006309857,4.03366032170574,5.18808462211183,6.18201537235973,8.49376782411134,8.67369680325827,8.37720234118882,9.30089496259576,11.426649662638,12.5370256932832,13.2712333896938,13.5137593022514,14.859023600431,16.1332039131559,16.6921455009459,17.8207264637177,20.1721239023446,19.9829090109863
825.999999999876,0.596044077100682,1.94117745541457,3.10467809271775,4.06345496526931,5.19672068304177,6.19183909263541,8.4734323011304,8.69165204382671,8.37625789879088,9.31604564412126,11.4004596734342,12.5206250682106,13.2648236079773,13.5121340216069,14.85646393001,16.0240793376881,16.6682003281482,17.8097852799934,20.1248348043546,20.0518698549425
826.599999999876,0.635965408161675,1.98671486925343,3.08384786548318,4.09320271836551,5.20533548806393,6.20164863821552,8.4530660028592,8.70956854749574,8.3749048455438,9.33267411782785,11.3742025484951,12.5041829319483,13.2583511572549,13.5104979093812,14.8538940624519,15.9149539436763,16.6441889065029,17.7987675178594,20.0774996429031,20.1207455880187
827.199999999876,0.675792815380599,2.03216032884439,3.06298626115404,4.12289840315141,5.21392669001141,6.21144244387046,8.43266553096056,8.72744203677379,8.37394122508124,9.34972853828101,11.34787087441,12.487694700656,13.2518091173509,13.5088497695054,14.8513128717458,15.8058276407332,16.620103920533,17.7876647212051,20.0301133314685,20.1895268119129
827.799999999876,0.715842562820051,2.07782346615493,3.04219893391975,4.15271734609348,5.22257376608746,6.22127350969656,8.41234595621959,8.74541735141342,8.37232451529624,9.36538730299212,11.3217156760013,12.4713155873354,13.2454318117,13.5072301019568,14.8487584856419,15.6967034894479,16.5961930789314,17.7767632216185,19.9828481042895,20.2585317616673
828.399999999876,0.755722406499874,2.12332026260794,3.02135484701491,4.18244209994062,5.23117814532491,6.23107610274726,8.39196456301322,8.76331485506718,8.37064130764363,9.38292757046878,11.295425621736,12.4548530902996,13.2389286225321,13.5055886769618,14.8461836165022,15.5875776939493,16.5721491629683,17.7657078986322,19.935490349226,20.3273657488101
828.999999999876,0.795372717614654,2.16859233982119,3.000434080272,4.21203960843071,5.23972484299663,6.24084023032085,8.37149965575774,8.78110723947449,8.37022452699183,9.4010165002476,11.268953383093,12.4382779455031,13.232255370226,13.5039178586061,14.843581075675,15.4784496771903,16.5479637213551,17.7544447669457,19.888007593028,20.3959687729251
829.599999999876,0.836971970740559,2.2157724894991,2.98016439568716,4.24271754671529,5.24876131006868,6.25093096507663,8.34256971035108,8.80091906588217,8.37168338297563,9.42006458317016,11.231412611661,12.4226592835184,13.2270261099499,13.5024966168435,14.8412134928563,15.3693405209696,16.52790542554,17.7434512060939,19.8415862111159,20.4665328849922
830.199999999876,0.877742969750086,2.26214175364825,2.95961801663197,4.27293632797024,5.25758963676529,6.26088289952868,8.30993684771659,8.82372751080007,8.37460336071223,9.43978514482222,11.1986062906659,12.4049101146026,13.2211831873196,13.50096931095,14.8387460584583,15.2602233494676,16.5119714456373,17.7323576385157,19.7924936286438,20.537344278348
830.799999999876,0.921216235606421,2.30561328976635,2.94032658294265,4.30523761194307,5.26631252632373,6.27125275105811,8.29571367200564,8.83768089195368,8.37584837496801,9.45541340900591,11.1418362776213,12.3947884189717,13.2181235249643,13.4999230580006,14.8367315000306,15.1511425312044,16.5068913378057,17.7273383281322,19.7469056617072,20.5761509602611
831.399999999875,0.952100821639082,2.31656113450973,2.92244555605688,4.3398793770887,5.27558417721649,6.28269908893365,8.28220309706654,8.83791069648595,8.37601564198496,9.47474581606664,11.0854516877822,12.3499364708355,13.1841518364233,13.4884765397211,14.8352259194174,15.0421025695846,16.5155312829419,17.7555578574019,19.7416998958413,20.6670945772593
831.999999999875,0.973304007087062,2.30456346276133,2.94146992222062,4.30534262680934,5.27170454817807,6.27996224669228,8.28326259317902,8.83326370719353,8.38220874411033,9.50649558229467,11.0448657869247,12.2797124480046,13.1721795942827,13.46706903105,14.8233243141293,15.1133510968383,16.5453991194601,17.8040708588703,19.7436634934882,20.7751591565127
832.599999999875,0.966150906840311,2.265124713995,2.96050468672046,4.27082313188611,5.26921620706236,6.27330340112438,8.29405930664601,8.80302242561935,8.38802426413928,9.53607056970037,11.0247186075078,12.199360966013,13.1592174610099,13.4948178202811,14.8114264613156,15.1845999253481,16.5763508197851,17.8562154024557,19.7460788226391,20.8851690646071
833.199999999875,0.949788494335619,2.21261058823064,2.98081435402364,4.23841925779004,5.26718011629644,6.26718627905069,8.31564912101216,8.76270026492817,8.39689581104995,9.55828801043863,11.0451760765538,12.1066217474185,13.1743381811564,13.5197180889637,14.7999886865736,15.2558856852235,16.6080773461077,17.9074027494487,19.7601994497048,20.9312917605067
833.799999999875,0.895267642695684,2.15666666109135,3.00501777194463,4.2124768173666,5.26432593702371,6.26269819837432,8.34365356450945,8.71189050352053,8.40968676563605,9.59054572070149,11.0646862956264,12.0228444132059,13.1980945931164,13.5461109327404,14.7899560615194,15.3272842392091,16.6476362299715,17.9625800312147,19.7730706852904,20.9458173897334
834.399999999875,0.840661722397011,2.10063944920029,3.02919277102152,4.18648721766301,5.26145037998694,6.25819586174189,8.37793867178531,8.65483802864254,8.42407601591481,9.62387636591187,11.0873885362171,11.9367395370446,13.2217879768028,13.5724928828408,14.77991318087,15.398681969958,16.6852926504832,18.0157718382724,19.7858955933412,20.960257420149
834.999999999875,0.785786601393415,2.04434868177521,3.05327783834317,4.16034838188127,5.25850717277532,6.25364841197466,8.41212583199825,8.59766226766117,8.44015341778316,9.65698411166707,11.1098771070711,11.8505025451782,13.2452819068009,13.5988403597785,14.7698378462732,15.4700770955652,16.723903585039,18.0680970712814,19.7985738973862,20.9744265721823
835.599999999875,0.730832773124579,1.98798085758563,3.07733661196506,4.13416591336242,5.25554418641693,6.24908777230338,8.44628435504412,8.54045046103891,8.4563561610895,9.69073844397783,11.1323032064665,11.7642269261254,13.2687175217424,13.6251777576627,14.7597530229886,15.5414714594968,16.7624528734073,18.1203510461902,19.8112093382433,20.9885165264412
836.199999999875,0.6761078165167,1.93183710559098,3.10147184463708,4.10811032381698,5.25263871553899,6.24456548735371,8.48052615167309,8.48334347098823,8.47298819014267,9.7214687346798,11.1549109656674,11.6780636304811,13.2923227101512,13.6515444642738,14.7496957917151,15.6128680382931,16.8011814217885,18.1728122314457,19.8239694203132,21.0028367787051
836.799999999875,0.621234969899284,1.87554856485792,3.12555767176187,4.08197274888065,5.24969607988094,6.24001841873217,8.51471413940783,8.42616875160966,8.49206937241105,9.75022402267655,11.1774013417451,11.5918277548159,13.3158183252664,13.6778922324638,14.7396207313108,15.6842631859103,16.8397941377206,18.2251395235839,19.836648962966,21.0170082192987
837.399999999875,0.566493474220423,1.81938862061858,3.14968737923408,4.05590799061446,5.24678645273214,6.23549336213545,8.54894991839489,8.36905418714496,8.51020533443144,9.7789609171348,11.1999959735697,11.5056563422872,13.3394112597001,13.7042568211233,14.7295615061416,15.7556596046527,16.878509732143,18.2775857350912,19.8494000380236,21.031311829419
837.999999999874,0.511683525990815,1.76316165928664,3.17379421879426,4.02980528448993,5.24385962344776,6.23095683413805,8.58316079133132,8.31190827340068,8.529534975496,9.80669710940655,11.2225362732983,11.4194513352811,13.3629534769052,13.7306126439219,14.719494028559,15.8270553609577,16.9171717122162,18.3299699726664,19.862113834508,21.0455465603875
838.599999999874,0.457164173621106,1.70721919998475,3.19799813757922,4.00386367521868,5.24100582094366,6.22646900471373,8.61747739583099,8.2548954441179,8.5493674504222,9.83065455748625,11.245307224507,11.3333889440859,13.3867109996983,13.7570056796927,14.7094615842531,15.8984539294523,16.9560612967792,18.3826173029663,19.8749858865853,21.0600736982294
839.199999999874,0.402529776817785,1.65116410874475,3.22216362352335,3.97785828907102,5.23812310775729,6.22196189593781,8.65175214210251,8.19782992782676,8.57089852969438,9.85359684822736,11.2679868627532,11.2472700925021,13.4103832848371,13.7833839831638,14.6994152705704,15.969851384625,16.9946401250833,18.4351604770903,19.887795286617,21.0744850746728
839.799999999874,0.347243270730024,1.5944705830298,3.24611125961982,3.9514913948353,5.23507651941641,6.21734550552362,8.69048442404961,8.13728032567283,8.59297306504549,9.8748251916003,11.301134172054,11.1608312050637,13.433572415216,13.8096787791664,14.6892903407473,16.0412425291265,17.0275334889223,18.4862455004005,19.9002495544683,21.0882402778417
840.399999999874,0.28320833469246,1.52921208298467,3.26713631176105,3.92027465677725,5.22983144940394,6.21126303759758,8.72033506985386,8.13147756660892,8.61194558318788,9.88813791228464,11.33257388573,11.0867882888899,13.4502797400562,13.834853273318,14.6781107291186,16.1125490122592,17.0474241670324,18.5291393943723,19.913440400187,21.0928912458774
840.999999999874,0.231620330310845,1.47259280925551,3.28765183795386,3.88821239253035,5.22492074704482,6.20470393219725,8.72370550364623,8.13466298012587,8.63153385505079,9.89925362171124,11.3690980320571,11.0242006272937,13.4658570210156,13.8598324530247,14.6667472433034,16.1838407354518,17.0597544012248,18.568496785737,19.9249041109449,21.1075657587108
841.599999999874,0.191661761129061,1.43227482470386,3.30410391004209,3.84940708237331,5.21915286058216,6.19501009411519,8.72285560559711,8.14476261855473,8.64898939672583,9.90321440990761,11.4423257474139,11,13.5091659094616,13.9010739271071,14.6539173663844,16.2550147485661,17.0596708978906,18.5583197907628,19.9069792780551,21.0763595182424
842.199999999874,0.151227663473607,1.39824787211967,3.27469675838768,3.89222352513823,5.21953293046782,6.19448007250146,8.70754344028929,8.14784796188827,8.65178328241835,9.88270144137627,11.4842469180498,11.0201619670505,13.5139511160458,13.9655266821369,14.709159939027,16.2340589391469,17.0413313434347,18.5203991226585,19.8909865203364,21.0062405392706
842.799999999874,0.125955338014731,1.38165786046015,3.24155384515039,3.92884070710692,5.2147783724566,6.19625880618812,8.67607579621109,8.17517941686995,8.65314672547057,9.85378122711568,11.505114460257,11.0830147967522,13.5194703343896,13.9624680536034,14.7630543759855,16.2129949122225,17.0247596752656,18.4726649782064,19.9331804559608,20.9021501950648
843.399999999874,0.106727789121443,1.36857794260413,3.20694019256379,3.96301728984669,5.21052538045976,6.19706529530849,8.64284403223246,8.21336992119487,8.65023295670068,9.82770542841189,11.4943108855363,11.1672390130034,13.501947927284,13.9570435968439,14.8164180627394,16.1918882809424,17.0047734297608,18.4416727849453,19.9569145916962,20.8360653745939
843.999999999874,0.103988575793404,1.35202440539923,3.16863566545933,3.99106909901159,5.20518176978857,6.19612302191031,8.60950220939803,8.26391251913508,8.6430770834211,9.79236206151045,11.4697621356232,11.263357970454,13.4762397738419,13.9502043326337,14.868449812324,16.1706747324639,16.9783795102847,18.4043763050084,19.9926045323562,20.7835583270189
844.599999999873,0.0978747510634986,1.33216702279199,3.12920378347956,4.01725013383388,5.19899011879838,6.19461522510688,8.57191311354407,8.32712558569677,8.63666737765766,9.75755237478746,11.4418439688889,11.3665984662645,13.4480313346298,13.942932924207,14.9200747299086,16.149428526786,16.9550707912253,18.3650137458941,20.0264566934697,20.7276556372303
845.199999999873,0.09180137466237,1.31234924030725,3.08978541405431,4.04345359188852,5.19280863247888,6.19311420670662,8.53433873457168,8.39035717642097,8.63051017478784,9.7227628554315,11.4139579067648,11.4698588129144,13.419852864018,13.9356666954912,14.97170452381,16.1281827125396,16.9297461460911,18.3270924305705,20.0603308823376,20.6717936478473
845.799999999873,0.0859000000027781,1.292699852667,3.05042450517147,4.06975240209073,5.18667037022112,6.19164201266531,8.4968269374028,8.45366753894579,8.62277569877211,9.68843851600515,11.3862083657058,11.5732035729068,13.3918018313406,13.9284224928841,15.0233550536731,16.1069385628094,16.9045562185282,18.2893268380675,20.0942987416301,20.6161047321325
846.399999999873,0.080000773303696,1.27305256794427,3.0110643138568,4.09605240305209,5.18053264774613,6.19017017858307,8.45931592175649,8.51697888517413,8.61456609346547,9.65477627982281,11.3584605295241,11.6765493870543,13.3637523901101,13.9211785653395,15.0750058424871,16.0856944338656,16.8793679733205,18.2515631902335,20.1282677706803,20.5604179777645
846.999999999873,0.0741491239503844,1.2534518628647,2.97172001668407,4.12237877933997,5.1744068814648,6.18870631759738,8.42182221684251,8.58031202044463,8.60407302895238,9.62390455468713,11.3307504563897,11.779918550749,13.3357381994452,13.9139407304296,15.1266623670688,16.0644507653432,16.8542169922965,18.2138426168382,20.1622627098761,20.5047790972475
847.599999999873,0.0681774880120192,1.23373368733308,2.93233563564826,4.14863863898411,5.16825096253784,6.18722234904553,8.38428485552815,8.643590205345,8.59456175300313,9.59287908826598,11.3029451476128,11.8832288285941,13.3076351094331,13.9066875303405,15.1783044264642,16.043205935672,16.8289720337277,18.1760134128601,20.1961923055804,20.4490194823809
848.199999999873,0.0624433418976372,1.2142480214355,2.89303059272833,4.17503015522976,5.1621547248369,6.18577817946243,8.34683390346393,8.70697715368524,8.5849605406203,9.55948722150854,11.2753283390418,11.986655659386,13.2797079781776,13.8994647425987,15.2299751168481,16.0219634042661,16.803913085208,18.138399221735,20.2302512358625,20.3934988373911
848.799999999873,0.0563592734855889,1.19441977115258,2.85360865142793,4.20122768598277,5.15597055161356,6.18427536927588,8.30925563426738,8.77020384777905,8.57560746667159,9.52941543805809,11.2474337904646,12.0899107587148,13.2515215857403,13.892197144691,15.281603621756,16.0007174865497,16.7785800657294,18.1004682263348,20.2641196019684,20.3376260893638
849.399999999873,0.0496470966003555,1.17397658390608,2.81397687821981,4.22707701391356,5.14962853464294,6.18266729954987,8.27144883156461,8.83314288643988,8.56758089161603,9.50368755224751,11.2190407002044,12.1928576010738,13.2228698210016,13.884849112798,15.333156403982,15.9794654904257,16.7530966528229,18.0619685691177,20.2976459064951,20.281121318448
849.999999999873,0.0432026632201694,1.15379552555139,2.77443454996084,4.2530747700985,5.14335380165264,6.1811040987585,8.22579774487737,8.89930367844844,8.55720079996693,9.47973702022258,11.192474316862,12.2959358439871,13.1944164302961,13.8775353674624,15.3847414644802,15.9582160853417,16.7325271020148,18.0241975473313,20.3313180214511,20.2248859596332
850.599999999873,0.0470646715334992,1.14370478157846,2.7383352899212,4.28478608092859,5.13966907890331,6.18126806986892,8.19782660240836,8.90853819335818,8.5465514044561,9.46394428077197,11.1584057689527,12.3813343627015,13.1735991927332,13.8715414390277,15.4375690355314,15.9370664190068,16.718715995958,17.9978099158801,20.3679462732225,20.1800122648661
851.199999999872,0.0387390269781585,1.12479076644465,2.70129148746453,4.31492998316538,5.13547082637557,6.18177432430416,8.18714358381809,8.90307371017493,8.53622756945465,9.45941475800274,11.1514223055932,12.4497745943504,13.1506871170532,13.8651854431096,15.4900557466733,15.9158893911812,16.7084437186459,17.9690115508113,20.4049635939795,20.1365736142891
851.799999999872,0.0253223905898006,1.1041751013478,2.66695067971811,4.34955933471621,5.13223352625523,6.18439321864075,8.1825465189891,8.89858653315887,8.52892208447779,9.45547620298028,11.1250253498006,12.5000526122418,13.1146371250694,13.8403614180233,15.5435178957787,15.8947906636664,16.7009922431017,17.978401461446,20.4539955837107,20.0964497110721
852.399999999872,0.0141937966258721,1.09170621950413,2.68553806368167,4.35468727833384,5.12789635637429,6.18303296032408,8.18500734117832,8.91300688540074,8.5338337345344,9.47046362040819,11.1181502366947,12.5095272745208,13.0652927943646,13.8032909552193,15.5125275007155,15.9278041729708,16.7041583660732,18.006245562224,20.4880764199579,20.0960122275529
852.999999999872,0.000253197947142292,1.07383964042435,2.703220848238,4.35831409623977,5.12377526651582,6.17984546857433,8.20015397858865,8.91080357764041,8.53327790770097,9.48465084489332,11.125093824768,12.4858087861102,13.0227904830243,13.8173954892519,15.481210660077,15.9607914778641,16.7061693561135,18.0367327910036,20.4890765961209,20.1293578410713
853.599999999872,0,1.07152899973686,2.72258152137591,4.36472526446603,5.11929766773717,6.17667878400543,8.21471052180602,8.90716107016958,8.53762485636531,9.50012991634682,11.1329027610785,12.4505756051253,12.9987359626626,13.8372484584461,15.4504993242199,15.993827387809,16.7057837085185,18.0614922129655,20.473992180048,20.1391925691753
854.199999999872,0.0274648064523595,1.07379709824442,2.74200871565929,4.37124682033943,5.11627490340087,6.17372032774805,8.23171626509793,8.89522146722332,8.54113766222518,9.5192441515201,11.1543464929659,12.3945803303041,12.9748289751501,13.8571269269132,15.4198119940519,16.0268652247374,16.7050140621454,18.0873187259594,20.4452300424214,20.1589183152982
854.799999999872,0.0606147274412477,1.08163109375369,2.76333513352981,4.38092001802102,5.11468080914261,6.17171459313486,8.24645173868114,8.86535439309115,8.54563570021372,9.53827235180186,11.1818457494109,12.3240962608499,12.9551341499416,13.877733416793,15.3898100425053,16.0599580783467,16.7076412046396,18.1168691602389,20.4195639611859,20.1843646059799
855.399999999872,0.0935870514164376,1.08929121647982,2.78460222164793,4.3904947617189,5.11304208472993,6.16967909649702,8.2611225946536,8.83540598468187,8.55056891631748,9.5569679500412,11.209204043717,12.2535250320563,12.9353077412017,13.8983171640476,15.3597866804495,16.0930492132925,16.7124142571912,18.1454343919718,20.3938011623966,20.209632192851
855.999999999872,0.126216952465161,1.0966160969291,2.80575491669706,4.39987967733059,5.11131730938788,6.16758621601373,8.27566886209506,8.80530075652029,8.5583133163065,9.57521137428722,11.236290550411,12.182785752268,12.9152276276446,13.9188570614868,15.3297220370173,16.1261370345016,16.716919112545,18.1736896090305,20.3678518835136,20.2345552227923
856.599999999872,0.158853407452972,1.10394739388058,2.8269098012176,4.40926822623205,5.10959418105164,6.16549443385126,8.29021751414799,8.77519852987241,8.56706160039694,9.59193928447612,11.2633822590915,12.1120496889582,12.8951523699712,13.939397798207,15.2996581837063,16.1592249191352,16.7214291011652,18.2019507597378,20.3419061738401,20.2594848475173
857.199999999872,0.191474205879897,1.11126336259114,2.84805945535807,4.41864809564753,5.10786711821945,6.16340002793437,8.30476046965503,8.74508913297449,8.57688907768633,9.60727658837337,11.2904615408609,12.0413059418738,12.8750655121841,13.9599365299875,15.2695924428921,16.1923126522553,16.7259268270384,18.2301977356828,20.3159519377605,20.2843987181086
857.799999999871,0.224234490042691,1.11871589200504,2.86925570743394,4.42810529139908,5.10617510817223,6.16132899728615,8.31935417621165,8.71504361649128,8.58554363702664,9.62283812302942,11.3176515351209,11.9706306502426,12.855082000874,13.9804931239591,15.2395435180172,16.2254017352237,16.7305338028496,18.2585709958849,20.2900736642146,20.3094529437206
858.399999999871,0.256878878158372,1.12605495572575,2.89041324217084,4.43749823816751,5.10445397343213,6.15923854457141,8.33390571468566,8.6849450229855,8.59302312518193,9.64131103653518,11.3447495404764,11.8998984802761,12.8350126209401,14.0010348765755,15.2094806210979,16.2584896966288,16.7350500049635,18.2868393288976,20.264132274843,20.3343905510133
858.999999999871,0.289593965400299,1.1334632360036,2.91159439533222,4.44693037822236,5.10275060539236,6.15715993974249,8.34848297661333,8.65487880762559,8.60185276887102,9.6570952850035,11.3719036610778,11.8292010073396,12.8149956227468,14.0215856827436,15.1794262474316,16.2915783422121,16.7396215810203,18.3151716697933,20.2382293875071,20.359399298034
859.599999999871,0.324271064662148,1.14279238467527,2.93343099694347,4.45745019365767,5.10154029124797,6.15541013239116,8.36377410486392,8.62571113677065,8.6019766705083,9.66554700242933,11.4006150680656,11.7594664315866,12.7964323002931,14.0423877392171,15.149608407451,16.3246859748164,16.7449964884112,18.3452803301744,20.2133949922527,20.386382284469
860.199999999871,0.35957769507459,1.15273786315422,2.95547790573562,4.46831900060109,5.10048817836989,6.15376582299412,8.38364919346062,8.5926734520745,8.60118182101995,9.67284460129198,11.4259571819974,11.6900408110112,12.7783354042178,14.0632704118604,15.1198664616656,16.3577996995959,16.7487747757926,18.3770593484061,20.1889034333535,20.4139987253361
860.799999999871,0.388267383541839,1.15620515774988,2.97531429578638,4.47551959105311,5.0977732270543,6.15101263465094,8.38985283383286,8.58863015422882,8.59989694348292,9.67379191144715,11.4643252495414,11.6388100707464,12.7553359449174,14.0833057356249,15.089326799225,16.3908493901013,16.7528309911016,18.3991044258436,20.1584457364226,20.4363492500323
861.399999999871,0.426931550911349,1.1672053106244,2.99651348178446,4.48498165546359,5.09593946088208,6.14825014408298,8.3923671530712,8.60025383408149,8.5961847902317,9.66451600772394,11.4699830033388,11.5864260511239,12.7353589405592,14.1038634542446,15.0592789331236,16.4239385580595,16.7554381264665,18.4263247243996,20.1221445216293,20.4711390838851
861.999999999871,0.470319057433341,1.19814090739574,3.01542140474984,4.49064151332172,5.09240412518905,6.14492184942438,8.38944386459268,8.59847932819973,8.58896826040714,9.65067491500947,11.5040088370633,11.549076107275,12.7228634280478,14.1257087590784,15.0284042119278,16.4569613527441,16.7577306893186,18.4213924542664,20.0875610441598,20.5036326238742
862.599999999871,0.54165463749909,1.25568448134401,3.01688710415363,4.45916915584415,5.09936006589916,6.15044926019084,8.3762030063454,8.58516647522709,8.57138385738939,9.61989251585218,11.5150792782726,11.538975382007,12.7978639319594,14.1351399081802,15.0371597055618,16.4622142596353,16.7476024737605,18.4043306187735,20.0293414645927,20.5152002073819
863.199999999871,0.637618584102071,1.34128930269635,3.02406443135001,4.43717488460275,5.10973694498075,6.16150762060597,8.35158975688717,8.57884718274191,8.5621798137697,9.60113785220883,11.5117098817024,11.5268255875901,12.8572681313683,14.1275072670077,15.0479763717863,16.4676326208698,16.7217808164083,18.3948379026937,19.9556599139173,20.510663816659
863.799999999871,0.708214181393145,1.40880076229865,3.02971765794766,4.41265146450315,5.11965580124152,6.17177224837545,8.32100415384888,8.56736430339668,8.54826184026418,9.57486034829734,11.5225080002599,11.5192260669965,12.9121387689335,14.1143334745854,15.0582430311689,16.4730068319808,16.7082747024767,18.3794513978338,19.9217279854301,20.5156312524133
864.39999999987,0.733419086322892,1.46919609251068,3.03477605445395,4.3871409613674,5.12725161487148,6.18152380910607,8.297334369948,8.56448232056571,8.53575032500898,9.54365615319239,11.5339553667754,11.5464872899202,12.9656901722044,14.1009316684376,15.0682950323982,16.4783638120625,16.6898133496587,18.3607367953625,19.8968480660363,20.495252036988
864.99999999987,0.753154259207123,1.52423639161873,3.03800718010365,4.35859821744361,5.13347288407433,6.19035874237549,8.28033019365986,8.57102435864033,8.52159667126113,9.51068443647524,11.544893914051,11.58767357889,13.0151889923706,14.0868294222156,15.0776876208079,16.4836678597891,16.6673668309143,18.3411839656767,19.8689893853985,20.469369001774
865.59999999987,0.77308146031609,1.57946469209673,3.04130245653374,4.33016192769558,5.13974240999695,6.19922585607769,8.26339588569311,8.5776543400657,8.50763784437946,9.4778897650219,11.5559848777944,11.6289541096086,13.0648300883072,14.0727517666432,15.0871033595059,16.4889737658346,16.6431026865609,18.3212689033753,19.8412352814074,20.443679191518
866.19999999987,0.79329295385102,1.63497132335461,3.04469270640336,4.30188324038292,5.14608337864603,6.20814061201226,8.24656501582292,8.58441451916288,8.4918457022214,9.44474907182136,11.5673014898622,11.6703741626001,13.11468181955,14.058710516841,15.0965533715593,16.4942824230692,16.6190612096344,18.3016112269463,19.813636000222,20.4182754454179
866.79999999987,0.813112244373304,1.69009397614381,3.04795193319358,4.27338712853021,5.15232578662311,6.21698964186566,8.22959144523549,8.59099508067455,8.47507559771672,9.4171396840921,11.5783068029134,11.7116017340101,13.164242963376,14.0446190425113,15.1059561009135,16.4995872848292,16.5947125460653,18.2815984671404,19.7858231292069,20.3924770520689
867.39999999987,0.83310072387675,1.74538227000105,3.05126768086863,4.24498480952259,5.15861071181484,6.22586702471062,8.21267943304557,8.59765312582432,8.45786282092795,9.38839003812154,11.5894464044881,11.7529123383434,13.213929461132,14.0305492340954,15.1153792271322,16.5048937838854,16.5704963970191,18.2617388836051,19.7581023968152,20.3668489020985
867.99999999987,0.852871614484328,1.80045753782753,3.05451073872168,4.21646186633801,5.16484095688657,6.2347079436199,8.19568825243903,8.60421152158116,8.44224975327097,9.3596219990673,11.6004133016033,11.7941161565138,13.2634547449424,14.0164515617948,15.1247761215527,16.5101981772639,16.5461098250026,18.2416823046428,19.7302631676916,20.3410018072032
868.59999999987,0.872622408774769,1.85551313075904,3.05774708300734,4.1879277824116,5.17106615175099,6.24354549475247,8.17868975990787,8.61076071380858,8.42720229541944,9.33025010714751,11.611364247888,11.8353101120091,13.3129651391759,14.0023513160106,15.1341705932275,16.5155023761638,16.521707512872,18.2216075313578,19.7024129943151,20.3151344907492
869.19999999987,0.892589477939963,1.91078046325537,3.06105567814058,4.15951359421176,5.17734569652173,6.25241928961472,8.1617699576946,8.61740895364544,8.40916460532409,9.30291421171664,11.6224868556685,11.8766102087847,13.3626357737828,13.9882787658408,15.1435911382866,16.5208086680253,16.4974745945259,18.2017285638428,19.6746806020677,20.2894847970098
869.79999999987,0.911429261352241,1.9649441493155,3.06398768144267,4.13047447560999,5.18334195422488,6.26110417191766,8.14443999931147,8.62354092935725,8.39661188036385,9.27894828704612,11.632714715232,11.9173570672185,13.4114711902901,13.9740618583038,15.1528757815004,16.5261040507801,16.4729251719772,18.1808290013323,19.6463343012977,20.262700792195
870.39999999987,0.929308791714701,2.01816771894682,3.06659889345164,4.10090302408126,5.18909690020214,6.26962813329992,8.12743526244933,8.63234873477657,8.38736153177547,9.25669073236348,11.637684188106,11.9576326619964,13.4595951450182,13.9597219831856,15.1620446597797,16.5313901408575,16.4500097295653,18.1592588663164,19.6174650563408,20.2349505499671
870.999999999869,0.951270509740654,2.07538787227936,3.07057384000911,4.07359460406047,5.19587770051093,6.27883619497983,8.11813452246956,8.62231932890657,8.38011446978738,9.23907531995166,11.6325977540296,11.9852391989637,13.51074363635,13.9459048627127,15.1717056731141,16.5367157355772,16.4259599244396,18.1431428041999,19.5960090073984,20.2103942067876
871.599999999869,0.964356268235903,2.12489923936975,3.07428515974567,4.04584871195048,5.2017589991299,6.28810719034989,8.11490428453036,8.61975562943934,8.37617808104686,9.22712265380358,11.6431877621021,12.0201288138239,13.5613074472024,13.9319866872762,15.1812715506318,16.542033693559,16.405900469849,18.1253583408882,19.57558231175,20.1332000329749
872.199999999869,0.96913089392049,2.13580740983708,3.08389535151389,4.02789162608851,5.21064190069775,6.29941247158974,8.11550602785469,8.62951899509741,8.38036670901286,9.22690230580272,11.6159626316426,12.0302045702854,13.5924724930342,13.9200866070355,15.1929661721311,16.5475225299784,16.388433348183,18.1350920162452,19.5376968726425,20.1110617610227
872.799999999869,0.937024576661584,2.11039726429034,3.10967432035352,4.0221309662927,5.20584926531032,6.30379330314919,8.12706700327782,8.64975966504754,8.39673197912776,9.24769524967756,11.6102931210826,12.0372444981917,13.5070641680303,13.894965521507,15.172557231989,16.5729211707487,16.3975322475794,18.1640192815047,19.559777522303,20.1106781039806
873.399999999869,0.895733385395615,2.06637852902808,3.12909517062532,4.00581940957161,5.19861350354235,6.30414053129129,8.14599326384548,8.67436031084937,8.40736544483961,9.25637314489924,11.6056185851503,12.0765281111638,13.4593573013102,13.8726266652508,15.1498538181559,16.5981356296387,16.4232645377546,18.1792478491384,19.5682942008964,20.0938949855832
873.999999999869,0.884208021768607,2.05847858679468,3.1469211589501,3.98686127999594,5.19068214820263,6.30473509977551,8.17320092974988,8.70496175838613,8.41779264322292,9.28339884885717,11.5779875156343,12.1161969981988,13.4018077221434,13.848537611416,15.1265748616168,16.6233038885915,16.441217151765,18.2056321346196,19.548267883312,20.0564178177809
874.599999999869,0.9044934771516,2.03859338627467,3.15594858937786,3.95330249828647,5.18126729257591,6.30167697866559,8.18980011909183,8.81980344942372,8.43244939436756,9.30747410415727,11.5479730601619,12.1422131061703,13.3247444037008,13.8210758432814,15.1001207425943,16.6482172710493,16.4517967646773,18.2104928427345,19.5015768489817,20.0540371112887
875.199999999869,0.92843585702361,2.0222884240915,3.16619768687746,3.92177099606395,5.17277142258335,6.29923169148923,8.20247562944536,8.93185048807519,8.44651054018295,9.33354156316774,11.5162056728057,12.1605367952135,13.2503905398073,13.7940823716621,15.0741074903024,16.6731660427408,16.4623381713617,18.2140786831028,19.4568773390666,20.055336119492
875.799999999869,0.952570050671712,2.00617125332664,3.17651086351671,3.89034582913386,5.16432375541959,6.29681854880796,8.21522093009141,9.04398537186258,8.45865772608019,9.35962753517513,11.4845905317034,12.1789546207548,13.1761787927969,13.7671134632306,15.0481173624455,16.6981166706759,16.4730635720392,18.2186038561113,19.4122822890116,20.0568281368681
876.399999999869,0.97659960370858,1.98995163627667,3.18678908291526,3.85886265286668,5.15584979205557,6.29438787026622,8.22792815787773,9.15607233329005,8.47081485382367,9.38679894634956,11.4528923353509,12.1973210917943,13.1018895164359,13.7401311547866,15.0221146194623,16.7230662859701,16.4837070146568,18.2230342921077,19.3676302527285,20.0582148615054
876.999999999869,1.00069131694982,1.97379287592415,3.19708806814459,3.82741393618652,5.14739144955962,6.29196760864252,8.24065800228214,9.26818776228523,8.48355728613027,9.41247361335712,11.421243476739,12.2157180692145,13.0276462952367,13.7131568064215,14.9961193703079,16.7480165028087,16.4943991432453,18.2275210052223,19.3230120682696,20.0596641337338
877.599999999868,1.02454498767771,1.95740106483819,3.20730753062137,3.79583325651192,5.13887328694673,6.28950745542939,8.25330123634373,9.38019417472489,8.49730174317636,9.43920613782389,11.389405679241,12.2339982224444,12.9532267057873,13.6861519749332,14.9700954235347,16.7729644160333,16.5049048288996,18.2317922051033,19.2782642482438,20.0608738799514
878.199999999868,1.04849377931685,1.94110237996664,3.21755877009706,3.76430530876368,5.13037902823215,6.28706324274842,8.26597907957918,9.49224414977846,8.51052608237612,9.46568845623844,11.3576433810257,12.2523250581902,12.8788775924409,13.6591593243886,14.9440829442243,16.7979132497735,16.5154850164635,18.2361495232783,19.2335682301129,20.0621793398804
878.799999999868,1.07234190859841,1.92470514363913,3.22777638134542,3.73272155709223,5.12185947305301,6.28460216088982,8.2786202974187,9.60424802439669,8.52335142074682,9.49380370354642,11.325801185176,12.270602491843,12.8044538972745,13.6321537832766,14.9180583293927,16.8228611093717,16.5259863618699,18.2404157061772,19.188817392271,20.063383510117
879.399999999868,1.0960529966763,1.90817373987834,3.23794821130212,3.70106183425351,5.1133054794002,6.28211811342162,8.29121165363699,9.71618913812495,8.53801081052835,9.52071631145672,11.2938502171074,12.2888126697461,12.7299286668112,13.6051306930141,14.8920171933264,16.8478076427782,16.5363803719784,18.2445578179909,19.143991923163,20.0644497850998
879.999999999868,1.11984828523246,1.89172477090176,3.24814817007373,3.66944878940979,5.10477264533937,6.27964817641991,8.30383364569504,9.82816881322607,8.55246934820403,9.54753260205777,11.2619660805655,12.3070641707413,12.655465821385,13.5781183852522,14.8659862081915,16.8727549910197,16.5463474698176,18.2487761612185,19.0992123087916,20.065600785304
880.599999999868,1.14404977559917,1.8756734856353,3.2584838284967,3.63806092958244,5.09634188985042,6.27724631144291,8.31684906239837,9.93796954105085,8.5635402598398,9.57305020699912,11.2412634015943,12.3255150235119,12.5813039352349,13.5511580946686,14.8400041934046,16.8977062702068,16.5534805123187,18.2502883873513,19.054653907855,20.0671605187964
881.199999999868,1.16532978984374,1.85676198794949,3.26784351074004,3.60505349881444,5.08717696700284,6.27435486028088,8.32422419257373,10.0698815996933,8.57440804868809,9.5973065180312,11.2276183801774,12.3471083887281,12.5049774961057,13.5238236872291,14.8136699751104,16.9226292773303,16.5623972675865,18.250038999671,18.9979136035349,20.0644913980771
881.799999999868,1.19409882098695,1.84446325211783,3.27643811796963,3.57077647429453,5.07879412574951,6.27096040835898,8.32095188934445,10.1746552037505,8.58332163483256,9.61915706225849,11.2087405098735,12.3621422588234,12.426954247736,13.4961960067931,14.7870596618574,16.9475301217722,16.5682771932579,18.2490391243762,18.9601735800759,20.1192335666104
882.399999999868,1.24482270798727,1.88936665715742,3.27505156328019,3.51993634082239,5.06735676286613,6.26425366251719,8.31176406917475,10.2845911693102,8.58079706275905,9.63206402029249,11.1999017141765,12.4042895784275,12.3615388008234,13.4713359876712,14.7568474161926,16.9721418320633,16.5712302535369,18.2407805333972,18.9463507860425,20.0844943821008
882.999999999868,1.33128659199307,1.96180452496489,3.22459861649967,3.451493345093,5.06996115142012,6.26213191509679,8.30943227444777,10.3836055244149,8.57629718980955,9.63952854197192,11.2179842338332,12.4423424384611,12.3450321454527,13.4629406940368,14.726346393466,16.9017465894314,16.5695688964972,18.2277372516328,18.8983541602058,20.0539745828238
883.599999999868,1.38138360567137,2.00579628966144,3.17696917326336,3.38773577550433,5.07489085032278,6.25524631731464,8.30366609499655,10.4694501452752,8.57385141978881,9.65171678681049,11.2294212168806,12.4569080056734,12.3115016150095,13.4687707647542,14.6968642970981,16.8314331379877,16.5641434224146,18.230413008734,18.8987830925286,20.0570010146714
884.199999999867,1.41180987438776,2.01191545443972,3.1317261041235,3.32793824328215,5.08068498507445,6.24903064445612,8.29512945613963,10.549488001533,8.57608429172774,9.64178027780423,11.2616481014423,12.4674073335578,12.2906095028852,13.478078150533,14.6682433788449,16.7611888149935,16.5597451848605,18.2279647143439,18.9193243895269,20.0699641529377
884.799999999867,1.43540848053206,2.05754696771242,3.10736481795967,3.30279271343749,5.09369543707785,6.25211424500915,8.29348013849946,10.4400645357638,8.56904662194968,9.64953648327869,11.2937987246286,12.4479339554108,12.3160297152761,13.4953900626073,14.6471581334448,16.6915493951793,16.5857358294955,18.2775066379582,18.9792579395857,20.0462980148588
885.399999999867,1.45896303190666,2.10313535005942,3.08298881444438,3.27762276107593,5.10669481811344,6.25519046278752,8.29005746135774,10.316739720181,8.56595727564653,9.65738121606817,11.333280246929,12.4320406365022,12.3414172870273,13.5126963331409,14.6260675769492,16.6219095490331,16.6137074881121,18.3303048008335,19.039167497868,20.0225875474513
885.999999999867,1.48259943043475,2.14880386321532,3.05864015356988,3.25249818210296,5.11971476735015,6.25828039665801,8.28666456381225,10.1934523882135,8.56220797460967,9.66451553471111,11.3728267328788,12.4161874857445,12.3668655002119,13.5300130848144,14.6049868876759,16.5522704949482,16.6425507503395,18.3831585824363,19.0991216292897,19.9989594372744
886.599999999867,1.50617381298237,2.19441166087327,3.0342707750454,3.22733922349599,5.1327191319623,6.26135993777976,8.28324910212368,10.0701366547287,8.55940869043467,9.67093262909927,11.4123239955614,12.400303899387,12.3922677650917,13.547321894878,14.583898721961,16.4826308407147,16.6713454395571,18.4359562174949,19.15904198743,19.9752689246291
887.199999999867,1.5301303316732,2.24039358123392,3.0100290565659,3.20239210868546,5.14581952744074,6.26450351795872,8.27997267838219,9.94699592849565,8.5571180872706,9.6726004711827,11.452124566994,12.3846078540905,12.4179531587368,13.5646796403312,14.5628566253167,16.4129948845354,16.7004394307053,18.4890998218292,19.219170453084,19.9519629296259
887.799999999867,1.55429848464766,2.28658269788202,2.98585803865385,3.17756231700936,5.15897310664431,6.26768256418881,8.27677325650732,9.82395212461617,8.5536695556043,9.6737126673612,11.4920931165969,12.3690156726101,12.4437953544914,13.5820644871365,14.5418400426023,16.3433609764092,16.7296991809704,18.5424350305461,19.2794141726476,19.9288698878258
888.399999999867,1.57859722995546,2.33289966832666,2.96173064766232,3.15280492145744,5.17215950371953,6.27088349531531,8.27362134987081,9.70096812823138,8.54927375337891,9.67481739746158,11.532165319827,12.3534875819654,12.4697343075059,13.5994660572662,14.5208392036681,16.2737283320669,16.7590612155605,18.5958884718243,19.3397290114872,19.9059082522194
888.999999999867,1.60304325617968,2.37936083118933,2.93765245873855,3.12812917363509,5.18538291250967,6.27410910804075,8.27052303051368,9.57805158222754,8.54539044644919,9.67363569122726,11.5723544227315,12.3380317724169,12.4957823825303,13.6168864878183,14.4998561204344,16.2040971130094,16.7885386055375,18.6494752547737,19.4001240580377,19.8830948153942
889.599999999867,1.62764201780079,2.4259715265694,2.91362529405833,3.10353809732812,5.19864470372644,6.27736031643673,8.26748028301598,9.4552049845982,8.54057083754334,9.67219799070294,11.6126647546356,12.3226509208616,12.5219436208477,13.6343264772797,14.4788914504755,16.1344673720215,16.8181356230345,18.7032003176413,19.4606022827546,19.8604350658235
890.199999999867,1.65187583725724,2.47222493266554,2.8894762133176,3.07874470900483,5.21181478492612,6.28055036717313,8.26430475349732,9.33219125405972,8.53752265122294,9.6711638695856,11.6526854249784,12.3070909665388,12.5478344696029,13.6517197331688,14.4578827842952,16.0648340993709,16.8483149146414,18.7565949779061,19.5208817636262,19.8374080997434
890.799999999866,1.67513690007093,2.51752598094175,2.86500216421424,3.05341205617104,5.22474041224525,6.28357740161442,8.26340248607332,9.21400954930163,8.53947869961382,9.67075682376756,11.6801149963363,12.2910536121684,12.5730045925329,13.6689884202984,14.4367568457885,15.9951914130416,16.877739698129,18.8119023975504,19.5806314909797,19.8134023147341
891.399999999866,1.7044694676293,2.56877121378389,2.84255641989845,3.03144524725979,5.23919180955701,6.28762190966186,8.26082883192218,9.06598198899017,8.54379425801809,9.67187224542697,11.6891919538156,12.2752551354231,12.6026731584187,13.6870346089959,14.4163628678305,15.9256074826153,16.9106706457735,18.8719892250258,19.6534185871233,19.7960531687323
891.999999999866,1.70229331262532,2.61351864318795,2.82166110003263,3.01205126997829,5.25329224263101,6.29252880680566,8.27090179340283,8.93156328857777,8.54872161896176,9.6651525242309,11.7015742240399,12.2734514874182,12.6357803080856,13.7056751153957,14.3965283962831,15.8560684648616,16.9452852395076,18.9324222372964,19.7010351790417,19.7734459042385
892.599999999866,1.67645922879532,2.60637702691476,2.80519059864315,3,5.26685431997087,6.29689318750926,8.28468332739718,8.78574823262927,8.55626286050947,9.66137727654882,11.726840487016,12.2430544655095,12.6908082143972,13.7361053239494,14.3782907225049,15.7866576251839,16.9751319535502,18.9714523570758,19.7534007505442,19.8198387523024
893.199999999866,1.62123019784116,2.56247532175434,2.78285843744061,3.05559444505127,5.26585706900461,6.29564103432447,8.28633296175751,8.64161208694172,8.55475323651446,9.64573341367764,11.701642932671,12.2090461203919,12.7896803634441,13.7809540899042,14.4138443068203,15.9069473316414,16.9808661344878,18.9909652858803,19.82400425289,19.8324720518484
893.799999999866,1.59756103167047,2.54753324866845,2.75916513116226,3.10893015567851,5.26127963004717,6.29880248866285,8.28911939709531,8.50865945648493,8.55092351393258,9.62624374066168,11.683704612416,12.1801605885676,12.9043053023628,13.8023753315735,14.4489066905641,16.0271976085108,16.9870581418286,18.9903471600314,19.8714387233541,19.8335590192704
894.399999999866,1.57078532910802,2.53023468816247,2.73636280284084,3.16374438805447,5.25949892480105,6.30301417228508,8.286225367895,8.3842498972701,8.54560060632269,9.62232983567412,11.6682019508536,12.147673636673,13.003825014093,13.826795473858,14.4842906042467,16.1474736952165,16.9967610366734,18.9730207032963,19.9153314926355,19.845311815508
894.999999999866,1.5253212764455,2.48410093076933,2.70115931696358,3.19797968128514,5.2532914320321,6.30158180840241,8.27813638348999,8.365849727903,8.54419596934384,9.6032214332522,11.6730356084623,12.136276214294,13.0758410191805,13.8464619324247,14.5151992742947,16.2673905453738,16.9856924089505,18.9272548201054,19.9488866711721,19.8793117262203
895.599999999866,1.47490157955316,2.43311544959466,2.66430030130451,3.22946772721412,5.24583858517422,6.29931896881054,8.27534972797861,8.38138924290412,8.5368876135467,9.58149914091427,11.6733112721562,12.1259330443452,13.1441853343272,13.8654937837032,14.5455105082498,16.3872594381688,16.9686727103759,18.8746809072549,19.9797430555294,19.9083251087952
896.199999999866,1.42404256210389,2.38169986046756,2.62729452202977,3.26071222817546,5.23827533699887,6.2969825070953,8.27240322831529,8.39672756186139,8.53373684146296,9.55950332584925,11.6732382387391,12.1153742689255,13.2122041521635,13.8844693767003,14.5757687791703,16.5071240795176,16.9504426047114,18.8214615532759,20.0103601903146,19.9368964329373
896.799999999866,1.37325551236909,2.33035472988337,2.59031278497618,3.29199662568708,5.23073017432024,6.29465810585816,8.26948291367385,8.41209883994108,8.53034043362977,9.53710510482002,11.6732223274706,12.104850813121,13.2802762916509,13.9034541857012,14.6060357262806,16.6269894173211,16.9322688665907,18.7683073557038,20.0410165179957,19.9655401733014
897.399999999865,1.3228130876571,2.27934699749415,2.55344617664489,3.32347207205518,5.2232716159581,6.29239145749769,8.26668798878301,8.42762794626918,8.52584519417,9.51266835355121,11.67347995166,12.0944964890347,13.3486037675124,13.9224831265124,14.6363442202449,16.7468580901717,16.9143650504244,18.7154651664869,20.0718605250103,19.9945306864154
897.999999999865,1.27235597180535,2.22832488204011,2.51657466045132,3.35493937413524,5.21580936571049,6.29012234716978,8.26388771860895,8.44315032448211,8.52073806197163,9.48926776430681,11.6737259152115,12.0841349549735,13.416920358551,13.9415101860133,14.6666509430939,16.8667266208514,16.8964497276613,18.6626096765575,20.1026965313773,20.0235064168334
898.599999999865,1.22169357574042,2.17710179112346,2.47963456639169,3.38629287556999,5.20829552851655,6.28781883561722,8.26101275845876,8.45857869032117,8.51718899943467,9.46577942251311,11.6738089439398,12.0736726754852,13.4850848552788,13.9605109578485,14.6969329180387,16.9865931649686,16.8783736225039,18.6095683349417,20.1334207441978,20.0522755877178
899.199999999865,1.17115960136301,2.12600442887622,2.44273737410593,3.41771756979379,5.20081396371067,6.28553684520035,8.25818452377044,8.47406586956222,8.51280160978206,9.44214943661467,11.6739939034126,12.0632734215442,13.5533445010117,13.9795281750407,14.7272303750778,17.1064609518636,16.8603981015484,18.5566432606798,20.1642148941821,20.0811739806225
899.799999999865,1.12050757714584,2.07479149230845,2.40580074496469,3.44907682104217,5.19330273296353,6.28323507178054,8.25531333735493,8.48949898540622,8.50846121227448,9.41969242917011,11.6740851644744,12.0528162322504,13.6215166823528,13.9985302750685,14.7575136004184,17.2263275963525,16.8423301199723,18.5036113092792,20.1949447554068,20.1099535879926
900.399999999865,1.07044452442647,2.02415517643591,2.36906087325987,3.48076257885191,5.18593951083627,6.28103199925599,8.25265644469155,8.5052018330855,8.50002739328342,9.39775597658599,11.6746439034549,12.0426480926622,13.6901252389907,14.0176077972992,14.7878678302164,17.3461999405078,16.8239218924535,18.4511125867974,20.2259953646063,20.1393258373717
900.999999999865,1.02158137421673,1.97469360097423,2.33272185243258,3.51311352342168,5.17887782437773,6.27903000853649,8.2455440865662,8.51695704945986,8.48706381363114,9.37533579390032,11.6798975630465,12.0330688295617,13.7596228162618,14.0368389760158,14.818366716296,17.4660838965054,16.8110900375189,18.3998083720732,20.2576994286864,20.1699054671355
901.599999999865,0.964720099398468,1.91740162253116,2.29371090180909,3.5410305689438,5.16980620808494,6.27568767781396,8.24773433775157,8.55290101314707,8.46774266428645,9.35045990900589,11.7080943875147,12.0254786370968,13.8231944972652,14.055045935089,14.8479013749025,17.5858904520802,16.7907060966586,18.3401957380923,20.2865315754422,20.1915201975042
902.199999999865,0.952744080527317,1.8622973862535,2.25082367569561,3.5625151796662,5.15915082976196,6.27043355866487,8.23785127328884,8.60396897835663,8.44551055962798,9.33898620421196,11.7465094355805,12.0025800834292,13.8781692433899,14.0717670177348,14.8760371901241,17.7055847197641,16.7630653874597,18.2763418324018,20.3385433088703,20.1809581031241
902.799999999865,0.945709801819527,1.80760004939173,2.21491193495273,3.59557516859859,5.15443838075918,6.27057426277067,8.23302242777173,8.65425396515353,8.43242582865911,9.33091543594461,11.7790204321005,11.9831607991974,13.8824426817028,14.0555367192919,14.9066902700738,17.8254810532049,16.7609881120093,18.2408852904363,20.3881286272704,20.138138566768
903.399999999865,0.940541476106183,1.76891042200407,2.21681581618983,3.64414611614145,5.15732247466499,6.26824739827001,8.23307488086719,8.70762376761159,8.42563943498745,9.33105699306758,11.8158694639879,11.9712752060106,13.8386856121448,14.0335170134743,14.8665838525892,17.7883736555521,16.7803868214491,18.2174407498835,20.4175837576761,20.1046555698488
903.999999999864,0.935861858375402,1.73763914207962,2.22219262075563,3.69848016099066,5.16217972126179,6.26528405792826,8.2326647596969,8.75401804005731,8.42278989549204,9.34046255232322,11.8495357505383,11.9710652962403,13.7588448742736,14.0070918843231,14.8277307195431,17.7513668614551,16.7989897430297,18.2107304744104,20.43580019123,20.0753808275598
904.599999999864,0.941430314084023,1.73209594738138,2.2268116998484,3.75155680818741,5.16399873800006,6.26170697571552,8.23106835740954,8.79727750598604,8.41815001034669,9.34466656031838,11.8720392787799,11.9811447531774,13.6841409999569,13.9761509281618,14.7886041437894,17.7143381175779,16.8112315483455,18.2136674437453,20.4165257575684,20.0910720683018
905.199999999864,0.956303510265649,1.73748310327942,2.23387369387794,3.80868731871057,5.16612475704617,6.25925249439253,8.22507311916718,8.82493999081297,8.41680114424697,9.35659516209706,11.8730512107549,11.9931697359374,13.6148551050087,13.9461464043372,14.7503591502162,17.6773801400244,16.8282512722343,18.2192748450516,20.3944969847867,20.1016979914675
905.799999999864,0.977019977081799,1.74859099573015,2.24288774663107,3.86905714761996,5.16971919082062,6.2577772387959,8.21797697247565,8.82397784550387,8.41981019778965,9.37291620906193,11.8623748095514,12.0018552349704,13.5498985519171,13.9168901549967,14.7128186020417,17.6404787096792,16.8518944248213,18.2311205896938,20.3756503986263,20.1182036009301
906.399999999864,0.998095766650304,1.76005067589226,2.25202183817022,3.92962617332702,5.17340392245305,6.2563621991477,8.21101156321486,8.82318025956922,8.41862164115696,9.39081345542744,11.8519836096706,12.0107170789289,13.4852082249049,13.8876799196206,14.6753213726308,17.6035807566157,16.8759793306054,18.2438845601887,20.3569994960356,20.1350707724693
906.999999999864,1.0192225551479,1.77156028552984,2.26117296689808,3.99022347117464,5.1771014701235,6.2549557059911,8.20406470960899,8.82240602966247,8.41733203404613,9.4083203238341,11.8416328886132,12.019603951646,13.420555683546,13.8584762150386,14.6378302914822,17.5666832970852,16.9001041804728,18.2566947028737,20.3383763669504,20.1519892607665
907.599999999864,1.03978898002005,1.78252128243403,2.27013689520823,4.05051012173094,5.18065819833641,6.25345530609758,8.19691397105402,8.82137516949491,8.41563489828215,9.43230383914832,11.8308373962514,12.0282158145511,13.3554879627695,13.8292007517056,14.6002716547467,17.5297804147358,16.9237901346277,18.2689975169506,20.3194480694511,20.1683438932134
908.199999999864,1.06028474613239,1.79341310230104,2.27907721857911,4.11075760137867,5.18419716999308,6.25194306508293,8.18973752373245,8.82031194966813,8.41514200897122,9.45529461137242,11.8199858206834,12.036793000237,13.2903678901603,13.7999162399902,14.5627044996246,17.4928768485988,16.947420746456,18.2812363596908,20.3004812918994,20.1846274265502
908.799999999864,1.08096253296299,1.80448312589014,2.28807834952732,4.17110598736743,5.18778188348173,6.25046132742526,8.18262730355912,8.81933209004228,8.41307901876758,9.47863492928937,11.8092787184334,12.0454595162814,13.2253826786527,13.7706550373883,14.5251592883188,17.4559750439349,16.9711939230569,18.2936399959924,20.2816136410066,20.201094114971
909.399999999864,1.10135992595651,1.81527863553436,2.2969858094358,4.23129893217116,5.19129613395986,6.2489326008677,8.17541506376744,8.818223818185,8.41142205763859,9.50433706509855,11.7983490622434,12.0539884233645,13.1601897203452,13.7413579282597,14.4875802736586,17.4190705258097,16.9947474857369,18.3057897760326,20.2625932904403,20.217278662121
909.999999999864,1.12156149588785,1.82588242854938,2.30582785082429,4.2913833190652,5.19476117407504,6.24737105793173,8.16813157492737,8.81702586505427,8.41120161014183,9.53002722089368,11.7872639775516,12.0624212263089,13.0948516746316,13.7120357425242,14.449977651217,17.3821641126417,17.0181476731825,18.3177622664754,20.243466296597,20.233266165826
910.599999999863,1.14159006060984,1.83631684429493,2.31461209644234,4.35137179752188,5.19818273795689,6.24578052247387,8.16078513917802,8.8157486805638,8.4128886937092,9.55441440383801,11.7760415753232,12.0707691234389,13.0293854475037,13.6826914021783,14.4123541718392,17.3452560252468,17.041780061902,18.3295781256023,20.2242450858507,20.2490795861411
911.199999999863,1.16075833180868,1.84590900697513,2.32310894420021,4.4108833573483,5.20138810995588,6.24404581749129,8.15902928742753,8.81597478069699,8.41445781071264,9.5780301600433,11.7674775938989,12.0786948140776,12.9632818196815,13.653236894816,14.374626978317,17.3083396125148,17.0601604082814,18.3398084669579,20.204555367874,20.2640273515246
911.799999999863,1.18571528690691,1.86116846416283,2.33353961491641,4.47360397445814,5.20604817902948,6.24328119049262,8.14862687765937,8.797203300313,8.42336823902257,9.60309865750377,11.7507167450291,12.0855874605038,12.9014670898189,13.6245236716983,14.3375976493971,17.2714792187377,17.0815289473686,18.3558309957523,20.1825670614293,20.2866342794014
912.399999999863,1.19344309610812,1.88548292346412,2.34903062181733,4.54472190044264,5.21430424513741,6.24550938803198,8.13879238229964,8.77561046200722,8.43933465221237,9.61823632869035,11.7116564489594,12.0903072994114,12.8508753446891,13.5977502060284,14.3023944594643,17.2347654127043,17.1146962908255,18.3768713285703,20.134842108995,20.3168749616453
912.999999999863,1.2056941111976,1.94356111933704,2.3560708218678,4.60181624523154,5.21677296477912,6.24290508172388,8.12390843195682,8.76744296277267,8.4456424739376,9.62533772658744,11.6673538332702,12.1152669494728,12.8348829840645,13.6150381161138,14.2641416010314,17.1978068038231,17.1247723817507,18.3703829731364,20.0532395214058,20.356384489139
913.599999999863,1.22877181123881,2.01456860279598,2.35688968673541,4.55282702773383,5.22001423833127,6.24662961184054,8.11052698733843,8.7530612456321,8.4547311903949,9.63801779094899,11.6634485430939,12.1325280787661,12.8315988569635,13.6198219150878,14.2861133553071,17.1371588418461,17.1106091720162,18.375035058319,19.9787695323479,20.4213745128967
914.199999999863,1.22538473203012,2.05361833616337,2.35771864208861,4.50385455473895,5.22743936829468,6.25146989417608,8.1035005968222,8.74484539642456,8.46414019865583,9.64878730602351,11.6635466749064,12.1266425344255,12.8491977980688,13.6554184031552,14.3080887509816,17.0765111721647,17.1003448596158,18.3705295369502,19.9058580442683,20.4768372767916
914.799999999863,1.2157504028877,2.07001936128805,2.35753634766524,4.45320397649308,5.2338863501914,6.25581021388982,8.10001495605872,8.72630642324054,8.47275599209969,9.65446465178538,11.6787101168855,12.1282389023044,12.8628440761547,13.69416034356,14.329699213858,17.0158342086148,17.0881030667599,18.3632696143888,19.9016819190631,20.4541349726994
915.399999999863,1.23423384357089,2.08253890148857,2.35642583729066,4.40101308239463,5.24246706229814,6.25984653564652,8.10519331878206,8.7156853864719,8.47591594317571,9.65324288547987,11.6878619268256,12.1289684027307,12.8744317255109,13.7325464748376,14.3509747086068,16.955130356519,17.0726940471604,18.3557424188762,19.8902368164805,20.4234625296922
915.999999999863,1.25276536525128,2.09510551441486,2.35533138931026,4.34884884282669,5.2510598571651,6.26389091490144,8.11012678670711,8.70993496551051,8.47531148673554,9.64888629454338,11.7057458418418,12.1261140157723,12.8860549985883,13.7709387632455,14.3722559998408,16.8944269697183,17.0556894786331,18.3476421570565,19.8788178983219,20.392838467318
916.599999999863,1.27135116222264,2.10772526447281,2.35425507305127,4.29671469170732,5.25966629142027,6.26794438970653,8.11508000237168,8.70420940105671,8.47479574767761,9.64376709486084,11.7236728361942,12.1232862655128,12.8977184848106,13.8093380020101,14.3935438343246,16.8337241081571,17.0394536780472,18.3388455521763,19.8674285379428,20.3622690184822
917.199999999862,1.28985030119875,2.120260173764,2.3531498069958,4.24453250022582,5.26825094850911,6.27198334221004,8.12000168804368,8.69844414975865,8.47340810069242,9.64081511507906,11.7415310484419,12.1204159860849,12.9093177651951,13.8477261435706,14.4148212216069,16.7730204079786,17.0231500039934,18.3299704909541,19.8559919844881,20.3316123715924
917.799999999862,1.30843679849054,2.13288060945657,2.35207372469253,4.19239873734123,5.2768575587549,6.27603693437608,8.12495515851563,8.69271890603126,8.47236068543054,9.63645471934725,11.7594585986521,12.1175885795218,12.9209817702923,13.8861254720164,14.436109140519,16.7123175531946,17.0069147519222,18.3211745201131,19.8446030054965,20.3010436274415
918.399999999862,1.32701837250033,2.14549622510895,2.35099599767072,4.14026224514989,5.28546293177924,6.28008970148973,8.12990683768092,8.68699140758375,8.47095631552834,9.63266045127444,11.7773822411594,12.1147587567582,12.9326421276771,13.9245241699992,14.4573964658965,16.6516146507664,16.9906756437703,18.3123740919487,19.8332113453349,20.2704699293262
918.999999999862,1.34553210306427,2.15804542000063,2.34989560622026,4.0880881427681,5.29405125573614,6.28413109927758,8.13483383241475,8.68123283880902,8.47027041085594,9.62854387932854,11.7952520350288,12.1118956384479,12.9442522191255,13.9629141801216,14.4786756122923,16.5909110917954,16.9743833983408,18.3035122413091,19.8217827383126,20.2398279649601
919.599999999862,1.36457630279844,2.17111396006077,2.34897242836065,4.03620811516805,5.30277288666981,6.28826139403617,8.13995383517918,8.67571720950311,8.47105810758657,9.61672860051886,11.8135428724031,12.1092928586395,12.9562553408692,14.0013721207866,14.5000187102984,16.5302126663451,16.9585066342772,18.2951306541511,19.8106430194838,20.2097197756847
920.199999999862,1.38384517004627,2.18440245632999,2.34812430507363,3.98445263589946,5.31155097658112,6.29242933897786,8.14515558187293,8.67030447139144,8.46976978774977,9.60554369491215,11.8320120326708,12.1068003389692,12.9684249211822,14.0398588318062,14.5213888934775,16.4695164150745,16.9428058373963,18.2869524710896,19.7996256523312,20.1798376540664
920.799999999862,1.40294056035959,2.19752111349673,2.34721822842716,3.9326009866845,5.3202854717145,6.2965682123451,8.15029421002299,8.6648122858836,8.46909174856007,9.59563007194117,11.8503435009847,12.1042226819755,12.9804659705748,14.0783233278075,14.5427381628507,16.4088184850118,16.9266458310929,18.278617229633,19.7885138113787,20.1497809743934
921.399999999862,1.42364456496729,2.21221465212419,2.34684954081552,3.88164110069368,5.32942421184534,6.30097666016808,8.14687474662304,8.65821178555148,8.47135941797591,9.5868449633604,11.8654143949714,12.1024344850657,12.9936988595434,14.1169938188939,14.5642813614475,16.3481361220268,16.9123094300628,18.2703029518283,19.7782780056485,20.12134293401
921.999999999862,1.44336156784264,2.22594188656338,2.34615112599073,3.83013405317995,5.33831491830261,6.30521970447839,8.14677484936315,8.65785294906016,8.4679773415999,9.58115289285503,11.8805792026022,12.0969823688914,13.0062004683472,14.1555379170304,14.585705570377,16.2874442075087,16.9027509169853,18.2613786303409,19.7670406722593,20.0898313318192
922.599999999862,1.45143244758695,2.2269229989113,2.34344757403909,3.77529960701608,5.34433508133522,6.30796755731628,8.16305216101501,8.6310377884395,8.4605917519728,9.57770002447917,11.902385036645,12.1126265685154,13.0142550162166,14.1933133943612,14.6064061793423,16.2266942082081,16.8824894087261,18.2535496109514,19.7709075438226,20.0721146895564
923.199999999862,1.46471584082293,2.20778311662732,2.34535794784953,3.72812167977404,5.35169909470834,6.31363791948078,8.17579533307328,8.59320544376452,8.45804834526867,9.5817399348205,11.9049744175363,12.1339694180877,13.0108106354733,14.1963342916882,14.628771829801,16.1660778650406,16.8657584615242,18.262377069819,19.8164427151452,20.0400739046628
923.799999999861,1.46420987151029,2.17361174425177,2.41150049790477,3.69213182504118,5.3464770792666,6.3154696938312,8.1804448950509,8.56518135754506,8.44808230488831,9.57269847354705,11.888416750554,12.1594344504775,13.0126505780174,14.230318809687,14.621049979304,16.1660511191873,16.8652752513876,18.2495554268636,19.8495512763882,19.9748419216843
924.399999999861,1.48996062244813,2.16504986829325,2.47702859283561,3.65512232074504,5.33800092460122,6.3188459837666,8.18428512524691,8.5389977812716,8.4393331548034,9.56550028595719,11.8749990752282,12.1946383323976,12.9836697057724,14.2443653903459,14.6131063884957,16.1660065738207,16.8574138636646,18.2429587152227,19.8884290017082,19.9009468047768
924.999999999861,1.51639156675587,2.16859936311321,2.54512669693614,3.62237758464235,5.33273811185877,6.32344155571197,8.19651063897636,8.5315332171466,8.43398957569881,9.56626176851581,11.8447713073128,12.2017016306285,12.9800005927014,14.2562523907823,14.6060902447523,16.1660364764416,16.8591803003917,18.2550380049613,19.8697082219915,19.8259274135425
925.599999999861,1.49754794256804,2.17055883916524,2.61367625044063,3.59038200036433,5.32401998057634,6.32806281728823,8.20697594128444,8.53290435261897,8.43296638189087,9.56480444183743,11.8228938376817,12.2211521129178,12.9773327193913,14.2683124434247,14.5992370169354,16.1660794566422,16.8631881071672,18.267414041642,19.8377933671801,19.7709155407741
926.199999999861,1.47593052995028,2.1698026934715,2.68129916572826,3.55684871838443,5.31460479587485,6.33221924244839,8.2152513042518,8.53936753959579,8.43442850720558,9.5620717916773,11.8032554985693,12.2488373715062,12.9726097165046,14.2800172917255,14.5920493903525,16.1660955940006,16.8671645624961,18.276866881263,19.8043679349929,19.71311259315
926.799999999861,1.4539463630545,2.1686874843807,2.74879955958351,3.52311211981174,5.30509744577192,6.33631420627178,8.22339322587133,8.54566276376965,8.4388885126453,9.56011048731068,11.7833260595877,12.2763426379981,12.9676149814414,14.2916751743995,14.5848175490859,16.16610818216,16.8695877055697,18.2860381857141,19.7707427721017,19.6549406056099
927.399999999861,1.43203486920566,2.16764342437436,2.81632423129001,3.48941580880262,5.29560835841587,6.34042134877414,8.23156158914374,8.5519912700877,8.44428061553316,9.5560422086662,11.7634543025905,12.3038835702613,12.9626740906178,14.3033423634004,14.5775944690417,16.1661214735998,16.8720677686272,18.2952752851493,19.7371571862235,19.5968417440202
927.999999999861,1.40982116041218,2.16630348690684,2.88374794218945,3.45555195969916,5.28604332440191,6.34447784555645,8.23961999331849,8.55818137074104,8.4513359193245,9.55275345707011,11.7433426718238,12.3312761844123,12.9575092855018,14.3149708515186,14.5703349549624,16.1661318404085,16.8743111267355,18.3042387724507,19.7034070171154,19.5384387840615
928.599999999861,1.38756465169127,2.16492164703147,2.95115735493689,3.42166438371388,5.27646753476019,6.34852716985051,8.247662824996,8.56435187027104,8.45828830361574,9.55006284045632,11.7231970699378,12.3586477936309,12.9523127694607,14.3265938587861,14.5630702810653,16.1661417930285,16.8765209624956,18.3131635105783,19.6696335395958,19.4799927574433
929.199999999861,1.36526031613688,2.16349298325702,3.01855079019614,3.38775029409422,5.26687972622851,6.3525684792384,8.25568825516658,8.57050046650076,8.46529039992145,9.54780324383927,11.7030135069812,12.3859959308613,12.9470808180059,14.3382107414701,14.5557998413232,16.1661512828129,16.8786933386646,18.3220449483919,19.6358340160621,19.4214986059314
929.799999999861,1.34227680020184,2.16139938159552,3.08571733197913,3.35345968905497,5.25712123957207,6.3564959703654,8.26346656962328,8.57633801784762,8.47044444702619,9.5553448913718,11.682290865594,12.4130107465477,12.9413456545259,14.3497406500293,14.5484475218387,16.1661541999504,16.8803337578265,18.3303114861274,19.6016646177002,19.3623210413399
930.39999999986,1.31952271046518,2.15953039503765,3.15296051806631,3.31929627040658,5.2474204077514,6.36046190914437,8.27132835942822,8.58228063972808,8.47662262758715,9.55899947249364,11.6617503241591,12.4401381577932,12.9357804753758,14.3612999383282,14.5411228612186,16.166159337319,16.8821538713338,18.3387857362636,19.5676201625464,19.3033743327467
930.99999999986,1.29684542105028,2.15773659828964,3.22022936080154,3.28517542734811,5.23773887586235,6.36444071825839,8.27921809257027,8.58825843392469,8.48243401221721,9.56206090199252,11.6412707406054,12.4673032603539,12.9302721984075,14.3728690614825,14.5338074593915,16.166165217909,16.8843447013785,18.347329518037,19.5336175320782,19.2445049031002
931.59999999986,1.27253728459676,2.15434615355994,3.28695338721933,3.25015049595827,5.2276475118841,6.36814622711371,8.29590288292546,8.59093718127067,8.48680846701257,9.56174992965952,11.6239980202374,12.4936679916608,12.9235556093845,14.3842293424826,14.5262954480346,16.1661553162679,16.889160301659,18.3577745946721,19.498726758658,19.1839944628637
932.19999999986,1.24695233940929,2.14970567492776,3.35325087073272,3.21441774350954,5.21723528569219,6.37163776608157,8.31628957731759,8.59678778099392,8.49198497873698,9.55600026542536,11.6028461694688,12.5285890012394,12.9158930190823,14.39542611858,14.5186295088359,16.1661330585384,16.8839391680386,18.3682266661386,19.4666401037373,19.1215017742409
932.79999999986,1.22731361008952,2.15671623279769,3.4216025526597,3.18209380382328,5.20907380991943,6.37602499840304,8.32000829699497,8.61816911642411,8.49880282441643,9.55412709111193,11.5885217214814,12.5266229954881,12.9127862994955,14.4074103219404,14.5117048744979,16.166170306798,16.8912387040149,18.3832402231978,19.4241299065466,19.0646300256024
933.39999999986,1.19148810605375,2.1742428711858,3.48559829567066,3.14254145812169,5.20055954841475,6.37713021768299,8.33219697481678,8.64159231208246,8.50322808530398,9.54070042431305,11.6007553431191,12.5011993690003,12.9323818204458,14.432669051553,14.5032082991682,16.1660813722837,16.8929134505831,18.3864760324318,19.3727835341969,19.0319452256481
933.99999999986,1.16058717393324,2.19902024909005,3.45446849388793,3.14808487323897,5.20499920905434,6.38028707607913,8.35180268542725,8.65577773588968,8.51267086982632,9.5372902767693,11.6046096714541,12.4779717093602,12.9582615810428,14.4122274943656,14.5440674416649,16.2107168359341,16.8951484628389,18.4013211253761,19.3336356107918,19.0096495496703
934.59999999986,1.12750941743602,2.22466824506676,3.42364894341015,3.15414313088471,5.21116586657782,6.38115051079037,8.36712654852045,8.66979484733876,8.51973689903599,9.53184833288173,11.6189330275823,12.4441021331036,13.0141237624378,14.3787088908511,14.585038545518,16.2553612869508,16.9045056616268,18.4160220650194,19.2825330364224,19
935.19999999986,1.09224476867731,2.24012186079708,3.39199898325659,3.15882337602584,5.21712297036943,6.38172598733212,8.37245770142902,8.66659479208902,8.52673900418469,9.52615170043573,11.6427560274506,12.4159733594618,13.0580449261884,14.3450116351979,14.625709976893,16.2999816826724,16.9108512961813,18.4045011881646,19.2499027756712,19.0551134247462
935.79999999986,1.08091185305639,2.25701029177861,3.36054541979492,3.16382952909552,5.22423338089694,6.38240161211511,8.37662686335971,8.65158191870697,8.52978182384333,9.53336665465983,11.6678698904519,12.3683322219482,13.1024016651621,14.3113896634649,14.6664522825425,16.3446077676104,16.9143142839359,18.392972074752,19.2434646593559,19.0878977755228
936.39999999986,1.06928323705949,2.27360922325118,3.32899307184332,3.16867175553194,5.23126948187743,6.38302768290018,8.38128964629828,8.63628341117838,8.53137333164842,9.54382068566367,11.6983194276722,12.3170066703448,13.1465393165531,14.2777298250878,14.7071589395312,16.3892309909607,16.9169139201023,18.3825057851285,19.2368655075825,19.1203845830874
936.999999999859,1.05799968649553,2.2905459840934,3.29755599974163,3.17370527497382,5.23839229784954,6.38371158036664,8.38607797922817,8.62114293359321,8.52935520963319,9.55365324180304,11.7290428499138,12.2658504665989,13.1909326306227,14.2441141749187,14.7479071964682,16.4338575536202,16.9217537364947,18.3725754191109,19.2304542749855,19.1532186065566
937.599999999859,1.04675926563177,2.30752497020086,3.26613333595897,3.17876270411278,5.24552595232135,6.38440270558527,8.39088200464116,8.60602220815774,8.52609984999549,9.56481541102504,11.7598005050216,12.2147154296279,13.2353578999495,14.2105040478301,14.7886606529794,16.4784845336596,16.926627333525,18.362684100829,19.224066530391,19.1860960285132
938.199999999859,1.03579948250381,2.32477870903732,3.23480442469517,3.18397570964626,5.25273013109546,6.38514086057677,8.39578813841359,8.59103000665221,8.52159677910434,9.57482609287384,11.7907809076564,12.1637181213164,13.2799910967835,14.1769298585014,14.8294479422486,16.5231142295207,16.9317207355059,18.3530468596239,19.2178316182946,19.2192558371593
938.799999999859,1.02490658492426,2.34209793082427,3.20349785785566,3.18922579434317,5.25995111821726,6.38589022436789,8.40071860809224,8.5760684367847,8.51741299579112,9.58367370742309,11.8218143986276,12.1127536384441,13.3246738498373,14.1433642343672,14.8702432950185,16.5677445726546,16.9368665245068,18.3434701736557,19.2116331313976,19.2524829481893
939.399999999859,1.01413243967962,2.35953341469549,3.17223096255386,3.19454171145584,5.26720194781746,6.38665948888734,8.40569228509672,8.56116125203659,8.51269180337781,9.59204766857184,11.8529421455934,12.0618474356881,13.3694445877691,14.1098138173571,14.9110529641775,16.6123760649931,16.9421053243462,18.3340010008345,19.2054993158319,19.2858295516268
939.999999999859,1.00345202925889,2.37706066776019,3.14099538120142,3.19990959209332,5.27447633299203,6.38744446165595,8.41070006695551,8.54629699511467,8.50869021140673,9.59839951332007,11.884144291678,12.0109872351977,13.4142847748369,14.076275403792,14.9518739336971,16.6570084644336,16.9474175404647,18.3246166914048,19.1994165473119,19.3192704740502
940.599999999859,0.992492059717447,2.39431422409228,3.10966640766256,3.20512249428526,5.28168046492041,6.38818258540794,8.41560613290251,8.53130470823718,8.50449214881354,9.60797262658447,11.9151245463529,11.9599898354,13.4589178335551,14.0427011905916,14.9926612004929,16.7016381584907,16.9525107964404,18.314979281429,19.1931815336966,19.3524300951211
941.199999999859,0.981727782168685,2.41175936873262,3.07840280885736,3.21044388172623,5.28893377427396,6.38895350357348,8.42058340020905,8.5164020426071,8.49875151699619,9.61753311080956,11.9462601254973,11.9090884754159,13.5036958825686,14.0091520372138,15.0334720592687,16.746269746322,16.9579338746465,18.3055190423861,19.1870530919793,19.3857866277507
941.799999999859,0.972367253124978,2.43057882510442,3.04760815966731,3.21654346148908,5.29653984582343,6.38995966441998,8.41430311750269,8.51137425793126,8.49086376441353,9.63190969081424,11.9766665845185,11.8588760334752,13.5495139838986,13.9757826443253,15.0744521493256,16.7909149186789,16.9577301579862,18.2944459707896,19.1816891176286,19.4205556571429
942.399999999859,0.961004574296558,2.44743811701132,3.01614465322283,3.22153311480563,5.30364277685159,6.39063030143059,8.40146414021715,8.51573447957128,8.4829940490136,9.6452889696658,12.0221915105313,11.7995624488227,13.5938486709888,13.9421568611905,15.1151908668205,16.8355407155887,16.9647078412246,18.279744907285,19.1748591990819,19.4583461117574
942.999999999859,0.966821453234904,2.45605080808001,2.98015310558032,3.2190087692199,5.30746825717764,6.38954882638372,8.39167583332116,8.53282034203867,8.47281241408871,9.64852447130204,12.0662328670319,11.7789937768438,13.62814091517,13.9067953630127,15.1542955362471,16.8800353442682,16.9570497345291,18.2502401000458,19.173560178741,19.4858474313548
943.599999999858,0.98356202714623,2.45748265831902,2.94889063076534,3.22433202185177,5.31407924890848,6.39178255146517,8.37671486591759,8.55153086406307,8.46448739700545,9.66617152034744,12.1218216919107,11.7559469294401,13.6308630741875,13.8630075522169,15.1951068006407,16.9246669646593,16.9626385641502,18.2395800447777,19.1491527638685,19.5038926581179
944.199999999858,0.983661282348912,2.44077001719136,2.97263731454909,3.280791709352,5.31522990579767,6.38700981633739,8.35105532471269,8.57374844769219,8.45111756521193,9.67197447471,12.1503811200594,11.7188798087021,13.6012712028568,13.8448305144502,15.2255665123412,16.8953532072437,16.9590221794531,18.2184772445571,19.1323764234498,19.5256344499024
944.799999999858,0.964142666969714,2.40816901133171,2.99051914843938,3.32751904818819,5.3122792833724,6.38067467296998,8.31865655619414,8.59066457632897,8.43088761160035,9.66488983144495,12.1641039478145,11.7346613990747,13.5718169207468,13.8400833806406,15.2539097577261,16.8658695569253,16.9381941595797,18.1850343403409,19.157660138885,19.5499775289558
945.399999999858,0.954770206121687,2.38387783522017,3.00594509558098,3.37017099779384,5.30825944182228,6.37259865517335,8.30023352813381,8.61884405840636,8.40835822442822,9.65483272540078,12.1534968058879,11.768052112354,13.5288020399091,13.8343429130201,15.2813667397529,16.836314764516,16.9103270630235,18.1655331524602,19.1801211094635,19.5514525341387
945.999999999858,0.94938658131493,2.36196730384586,3.02154160229424,3.41310598025592,5.30571315952638,6.36527703754438,8.28430363060945,8.63947434437256,8.39029166799893,9.63901202995604,12.1336289251437,11.8088153680428,13.486165431856,13.8286678252849,15.3088852721337,16.8067649128739,16.88636058819,18.1470026353491,19.1928026674286,19.5568870375456
946.599999999858,0.946331999603559,2.34233697525504,3.03791617135908,3.45733210813825,5.30375216608664,6.358345725116,8.27206524007932,8.65395170247417,8.37474815772643,9.6210163294645,12.1016400426805,11.8517001442373,13.4452544368005,13.8232909889279,15.3366845862536,16.7772376001304,16.858655914382,18.1286312268744,19.2067525989175,19.5646650988051
947.199999999858,0.942998939754736,2.32243400824653,3.05419770936106,3.50140385683685,5.30172119105195,6.3513677448241,8.25972552694735,8.66830152567744,8.36270669400391,9.60228711731431,12.0694301268015,11.8944482516391,13.4041371143075,13.8178784913637,15.3644503279695,16.7477075924645,16.8286006062058,18.110866877733,19.2205508740039,19.5721629464322
947.799999999858,0.939480452368868,2.30234950213855,3.07041730167134,3.54537281056536,5.29964361805124,6.34435869025445,8.24731834711656,8.68256642845576,8.35280182666353,9.58242782480937,12.0370730335472,11.9371053567172,13.3628824065644,13.8124422484173,15.3921937151543,16.7181757903567,16.7984000649209,18.0929346506462,19.234248167112,19.5794742109251
948.399999999858,0.936004615359268,2.28230675202336,3.08665114217313,3.58936540826942,5.29757676309606,6.33735678311101,8.23492668536974,8.69685086386735,8.34216192900549,9.56317948450776,12.0047497927106,11.9797833933322,13.3216592989424,13.8070114671704,15.4199422441276,16.6886444009903,16.7682329288508,18.0750410373364,19.2479686871876,19.5868283915943
948.999999999858,0.932584481286926,2.26231853674818,3.10290359132946,3.63338888586253,5.29552390629681,6.33036421076526,8.22255529080303,8.71116080960593,8.33151478893882,9.54335614668489,11.9724707643585,12.0224887672932,13.2804774622237,13.801587819101,15.4476974884629,16.6591135506791,16.7381094212021,18.0571978550187,19.2617195425246,19.5942386223453
949.599999999858,0.928829810224812,2.24200279976382,3.11904428186803,3.67722690707517,5.29338698030518,6.32331557611343,8.21006217695614,8.72531754712211,8.32302583497831,9.52393874717419,11.9399262076127,12.0650299604429,13.2390477634628,13.7961213310694,15.4754124021241,16.629579462946,16.707723892887,18.0390517976077,19.2752882123698,19.601312231249
950.199999999857,0.92594654182734,2.22254019202627,3.13547608149256,3.72154800546328,5.29146903792521,6.31641297267608,8.19788611774993,8.73987336174282,8.31421400911923,9.49582823467524,11.9080732997931,12.1079988121202,13.1982636962782,13.7907664326628,15.5032323692111,16.6000538080565,16.6780208765625,18.0216946698859,19.2893314393725,19.6092626734588
950.799999999857,0.922997906260795,2.20301358787698,3.15188604393709,3.76583286642789,5.2895346687665,6.30949941489182,8.18568627509076,8.75439924009912,8.30596521371216,9.46759337983108,11.8761685088038,12.1509355835338,13.1574311978572,13.7854031635016,15.5310444558482,16.5705275205879,16.6482666624641,18.0042783616009,19.3033390680701,19.6171473411268
951.399999999857,0.919779235647106,2.1832226113477,3.16820579589806,3.80996802878226,5.28753243976262,6.3025406041522,8.17338818179691,8.76880145024886,8.3005673496043,9.43856200187762,11.8440493858439,12.1937398297724,13.1163986275749,13.7800053143341,15.5588239879523,16.5409986199034,16.6178332329865,17.9866175754478,19.3171996383875,19.6247602908707
951.999999999857,0.915748592018475,2.16263668897446,3.18425429240872,3.85365305981786,5.28532616182638,6.29544572152491,8.17131108406541,8.77291200878558,8.29815388581505,9.40693457544351,11.8111878695213,12.236145583789,13.0747644577809,13.7745034859524,15.5865056312729,16.511461861495,16.5899458538072,17.9698209798881,19.3306180163389,19.6315562073278
952.599999999857,0.914269206478328,2.14454852450325,3.20115508653139,3.89875242500835,5.28376101540507,6.28877838328351,8.17647331263057,8.78470606611124,8.29543243044394,9.37844921397278,11.7490162583826,12.2758710706535,13.0350205424558,13.7693283652399,15.614494845838,16.4819497924312,16.5552168584533,17.9548342793266,19.3446240597775,19.6391318270575
953.199999999857,0.890428916883637,2.12990081770345,3.22074926705836,3.94832129513491,5.28443587209146,6.2827791454863,8.18925215139133,8.78345709636256,8.28881494572229,9.36122092602169,11.6767379957172,12.3093204144578,13.0012501105895,13.7651856890424,15.6434560309879,16.4525157453449,16.5272379781339,17.9468322423132,19.3665739239661,19.6327367391766
953.799999999857,0.862803203569348,2.11118409129405,3.24075729319653,3.99857691596277,5.28488604324389,6.27669026419452,8.20581075415404,8.78065645825406,8.28479446994626,9.3441475621337,11.598787423278,12.3378424092502,12.9874371274128,13.7492502636607,15.6725665618685,16.4230936865322,16.4883310073087,17.9318867012697,19.3897762623981,19.6503496893062
954.399999999857,0.879215416997783,2.12590692642074,3.17900663088236,3.9979090643366,5.29468177719176,6.28024442033835,8.23721111936382,8.7841025608281,8.29257283831973,9.35210897247957,11.5584162220308,12.3852276041089,12.9921293857571,13.7349562717139,15.6091632143557,16.4023773473395,16.4641854746612,17.9400106692523,19.4189350876477,19.6816962979019
954.999999999857,0.896506527472716,2.12982335260919,3.12274361437228,4.00634761497938,5.30548278597549,6.28475889555532,8.27895192420054,8.79023270680189,8.30821771644309,9.36912479845508,11.4984883750561,12.3542325859112,13.0522788319652,13.7514227319975,15.5477402103436,16.3818199741919,16.4672592351011,17.9604141117626,19.3897332381261,19.7254646283336
955.599999999857,0.910744157643795,2.13487399710541,3.06980844871327,4.02030852430846,5.31399828372718,6.29112458952418,8.30503407476713,8.78900893108947,8.32636359151933,9.3868145764522,11.4620957553924,12.3117511693318,13.1273039887667,13.7709452464824,15.4875181380406,16.3613590021785,16.4819123171067,17.9707261142812,19.3700672549659,19.7414719018502
956.199999999857,0.906660702998032,2.13728543892359,3.0160212797806,4.03285558791861,5.32085324167785,6.29611050680257,8.33081208397899,8.80990127046254,8.34097464351287,9.39874725622236,11.4334118282949,12.257344730713,13.2004395438948,13.790141166126,15.4269886007118,16.3408733493469,16.4946985434357,17.9762486848787,19.3583669462523,19.7723819370064
956.799999999856,0.901574068576369,2.13871473776909,2.9618989790445,4.04484652142901,5.32745610041106,6.30092830942329,8.35225966672861,8.83397812747871,8.35225361298293,9.41176326318783,11.4100352897473,12.2020623532323,13.2728318323748,13.8092086211009,15.3663381233447,16.3203779884221,16.5135546414518,17.9838895786236,19.3461203158914,19.802282540509
957.399999999856,0.896713832704545,2.14036568755984,2.90785231116744,4.0569629629008,5.33411585313154,6.30578405231724,8.37378962323373,8.85815866845427,8.36043127730293,9.42608996028824,11.3868384480512,12.1468910854307,13.3453918619677,13.8283050681024,15.3057149398387,16.2998848184289,16.5353828244394,17.9894568707517,19.3339969799116,19.8324109534929
957.999999999856,0.892169037766613,2.14232546345046,2.85391102249757,4.06925427452338,5.34085487620289,6.31069265736613,8.39543435103347,8.88248367221339,8.36580924917978,9.44113585071594,11.3638919778447,12.0918746266637,13.4181856051301,13.8474419096734,15.2451297848493,16.279394701059,16.5574580714182,17.9953097492424,19.3220454299029,19.8628567732603
958.599999999856,0.887982193669192,2.14463568390978,2.80008931429976,4.08174402240053,5.3476838523706,6.31566124845602,8.41720931710277,8.90697260705833,8.37169770884974,9.45168407109113,11.341229620052,12.0370338395301,13.4912445579078,13.8666245895254,15.1845877832303,16.2589080476944,16.5798136775818,18.0014867006983,19.3102888163344,19.8936627746426
959.199999999856,0.883741484094403,2.14689316845721,2.74624961128679,4.09420390901639,5.35449929213629,6.32062081267303,8.43896468454072,8.9314368730795,8.3768792493046,9.46381710964333,11.3185245082018,11.9821666168213,13.5642636011758,13.8858003715003,15.1240392877674,16.2384208730564,16.6021270944847,18.0076148847174,19.2985028681667,19.9244145748541
959.799999999856,0.879867929804876,2.14951010899977,2.69253256367051,4.10686733453034,5.36140699807659,6.32564190542832,8.46085363923032,8.95606928555478,8.37963641804031,9.47558497672329,11.2961108145089,11.9274795830137,13.6375546737308,13.905023170454,15.0635350553324,16.217937251498,16.6247280798044,18.0140754750015,19.2869168690876,19.9555358184879
960.399999999856,0.874993602734966,2.15114726308654,2.63848118835341,4.11897596430215,5.36806320967702,6.33049528689413,8.4823784687374,8.98024337317099,8.38235589574454,9.49792521189812,11.2729027883599,11.8723013996709,13.7101042630039,13.9241178129723,15.0029101730381,16.1974439451397,16.6465452260905,18.0196300095773,19.2747858591826,19.9856500524564
960.999999999856,0.87027361702923,2.15293552198066,2.5844813737846,4.13117015588516,5.37475820728389,6.33537453316134,8.50395945442549,9.00448814464808,8.38424368377369,9.51984182413901,11.2498172658974,11.8171989624822,13.7827682054483,13.9432322200559,14.9423038976286,16.1769521323924,16.6684832577445,18.0253242780436,19.2627389020377,20.015919589655
961.599999999856,0.865844443488216,2.15500849467372,2.53057871070143,4.14352556423376,5.38152628602848,6.34030251425038,8.52564625037805,9.02886609964797,8.38290856621281,9.54292135129202,11.2269625666003,11.7622392472603,13.8556476137433,13.9623838678112,14.8817326815728,16.156463133928,16.6910686661001,18.0312818350675,19.2508503182829,20.0464817513799
962.199999999856,0.861093449894225,2.15676639591871,2.4765685373417,4.1557025660563,5.38821349134868,6.3451765641603,8.5438445724286,9.0577885035343,8.38364236333195,9.56788586517439,11.2003465999584,11.7071215923217,13.9282885821109,13.981494304103,14.8211226679547,16.1359710211074,16.7145584173037,18.0362955668415,19.2387864745528,20.076720087447
962.799999999856,0.854270084469747,2.1564953832177,2.42186604768113,4.16673071262398,5.39437990933765,6.34970332229853,8.56065112630851,9.05638564624051,8.38609080643158,9.590385211746,11.2006690161363,11.669100618423,13.9993941079721,14.0003393576906,14.760262816037,16.1154588532785,16.7464925421639,18.0406359778242,19.2264372687198,20.1034449074321
963.399999999855,0.854997702649672,2.15877910091855,2.3682022420509,4.17948248985721,5.40124629603579,6.35552951368077,8.56055182319825,9.04734680677514,8.39671619986569,9.61556373929766,11.2154876725719,11.6073874487566,14.0728032624045,14.0195825656716,14.6997777972003,16.0949767740331,16.7762381529389,18.0515683810987,19.2102868047257,20.159206651793
963.999999999855,0.848992936353413,2.15738758173867,2.31069134088651,4.1858502545878,5.40471605196006,6.35891257659021,8.55236449146084,9.03610641034888,8.4021705848046,9.62998196220084,11.2227825023145,11.5572800592917,14.1573348022159,14.0686858520267,14.6379044652385,16.0743832521814,16.8062658816627,18.0532687178657,19.2133993878787,20.2061094779738
964.599999999855,0.820520977572972,2.13518392249941,2.31676849560703,4.14444864223605,5.39664318552532,6.36186151948142,8.54005560796559,9.01556251525254,8.39739630177783,9.62257802514988,11.2355035312224,11.51503565457,14.2564307677021,14.1171206342921,14.6154084821188,16.0322794164528,16.8272107316323,18.0440798376275,19.2355620773115,20.2403527464707
965.199999999855,0.825880421912651,2.14739039890752,2.32549932343677,4.10745063307392,5.39020278859214,6.36778393373469,8.53038254896526,8.99652043746898,8.39511245352962,9.62640784260836,11.2616723945571,11.5182367132485,14.2365588200824,14.1080156194033,14.5938701381296,15.9902524522818,16.8309562564547,18.0402117573361,19.3034029075903,20.2488536922635
965.799999999855,0.815966217280145,2.14365901143998,2.33391334317139,4.06992690085077,5.38926343162119,6.37407580161247,8.52136840769146,8.97753128157068,8.39152009478619,9.62269596747297,11.2891113161493,11.5381771104099,14.2032108125175,14.0989067064188,14.5722174666347,15.9482163108187,16.8322242281339,18.0604828283546,19.3692289673356,20.2565640892417
966.399999999855,0.822590702159887,2.14332357505922,2.34274827829549,4.03310165118029,5.38891264484593,6.38108308661187,8.50156094894706,8.94643351439941,8.39186908770936,9.6263719903389,11.3122859461923,11.574413225908,14.1707963253358,14.0899591411654,14.5507166921631,15.9061923624264,16.8324298017353,18.0868023411696,19.4250431663346,20.2523117616611
966.999999999855,0.829776354768761,2.1435375386503,2.35177068246262,3.9965874945679,5.38870287959874,6.38818441310082,8.47548009833818,8.9261000159977,8.39475414311677,9.63046772734769,11.329263191421,11.6075001323878,14.1387976133379,14.081083437634,14.529283570218,15.8641738446345,16.8309644520102,18.1121317362356,19.48116297165,20.2486240990387
967.599999999855,0.837322075355884,2.14410401955116,2.36091337437303,3.96027294788208,5.3885835994849,6.39534608042449,8.44953025630516,8.90593141827192,8.39758752603276,9.63322199996818,11.3465262294745,11.6407637495285,14.1070656795653,14.0722538434987,14.5078938568786,15.8221588113362,16.8259642909874,18.1394501972107,19.5374788663775,20.2452987483631
968.199999999855,0.84472895388828,2.14453456993175,2.37000968338231,3.923881431696,5.38842942834326,6.40248448034871,8.42352989742208,8.8856992349187,8.4020831500791,9.63504014472272,11.3636790659393,11.6739592271154,14.0752308762259,14.0634064696006,14.4864874051999,15.7801424344187,16.8208553841783,18.1666429566895,19.5937191491136,20.2418336903594
968.799999999855,0.851790733187336,2.14462725785108,2.37899070525,3.8872986037666,5.38818853371596,6.40956504792722,8.39740397624974,8.86530900614239,8.40764257688491,9.63895228147753,11.3805579905562,11.7069853402558,14.0431403851648,14.0545149031659,14.4650393494979,15.738122717865,16.8154761839971,18.1935232784838,19.649771494266,20.2380213824402
969.399999999855,0.858919394036439,2.14478542480638,2.38799407020625,3.85075285278406,5.38796444643154,6.41665682363531,8.37130238952883,8.84494940717297,8.41340872466218,9.64186360542859,11.3974900003358,11.7400442768731,14.0110994473612,14.0456319014136,14.4435993568147,15.6961036485455,16.8101493677042,18.2204641518952,19.7058602624402,20.2342763728815
969.999999999854,0.865974930080477,2.1448720003925,2.39697300639261,3.814166563798,5.38772198287338,6.42373634495799,8.34517419678554,8.82455631916726,8.41984077731371,9.64458387357015,11.414363969562,11.7730673260095,13.9790043306055,14.0367395354835,14.4221505484465,15.6540838715738,16.8047652775949,18.2473388213207,19.7619092075785,20.2304577827989
970.599999999854,0.873271063828978,2.14519412832053,2.40603231894305,3.77771365432088,5.38753998155204,6.43085618607359,8.31913354407608,8.80427341792034,8.42666296213047,9.64421328188175,11.4314289057781,11.806208453348,13.9470874752684,14.0278779798879,14.4007307457426,15.6120664229435,16.7995696317317,18.2744313173376,19.8180891798152,20.2268812898422
971.199999999854,0.880548661830485,2.14549810919838,2.41508543926505,3.74125046923104,5.38735332219489,6.43797292093561,8.29308614724609,8.78398202783982,8.43459080231107,9.64244421103397,11.4484791298182,11.8393404838929,13.9151568865977,14.0190140506513,14.3793087084303,15.5700487949367,16.7943594680455,18.3015070319035,19.8742590576699,20.2232861456225
971.799999999854,0.887308462754465,2.14529515126518,2.42396557935637,3.70450023435373,5.38703654035963,6.44500288243882,8.26685035305053,8.76345350174077,8.445932869068,9.64106322612679,11.4651183684353,11.8722183950223,13.8828426565211,14.0100838136284,14.3578242472133,15.5280261560412,16.7888759553154,18.3281139557439,19.9301469484258,20.2191699773782
972.399999999854,0.893771149574145,2.1448013097459,2.432746462676,3.66758528912137,5.38664509370836,6.45198305302992,8.24310802793806,8.74823988812177,8.45121185003598,9.63938328722134,11.4855843017507,11.9049504913803,13.8503082914194,14.0011155289234,14.3363039669018,15.486000641877,16.7808375209783,18.3528101203215,19.9858730338184,20.2147548433939
972.999999999854,0.907091370775106,2.15102119929389,2.4438182393411,3.63447193696872,5.38797694640748,6.46011242147718,8.21053686889404,8.72875248770789,8.456591943384,9.64213408614796,11.4898915744079,11.9279513756499,13.822854747058,13.9930254027571,14.3156104082745,15.4440414902773,16.7733950628184,18.3849019109033,20.0436566357606,20.2142822476813
973.599999999854,0.923562254248243,2.14477738822987,2.4528181655919,3.59792047967129,5.38789253485285,6.46621766897744,8.18894610614836,8.71234678635749,8.45457649952893,9.63610139170198,11.4758477143784,11.9815319814912,13.7908061827772,13.9841410828603,14.2941691746551,15.4020223213454,16.7726138884591,18.4094055620045,20.0987678256416,20.2199517651337
974.199999999854,0.949421895030327,2.14422071987593,2.46357747809704,3.56428861294418,5.38886317568433,6.47367900901811,8.17449338516634,8.70555350394762,8.45619245139333,9.63495838683787,11.4356543403551,12.0475854767892,13.71648316714,13.9784911285498,14.2733628561313,15.3600541182886,16.7831727604306,18.4472232724272,20.1598389967628,20.1763519126114
974.799999999854,0.946167238897361,2.13326201500249,2.51517494027726,3.61492666477883,5.38922243290942,6.47149405540142,8.14976606150977,8.69704473424801,8.45233125487811,9.62727789063111,11.3780542851135,12.0654956873253,13.6242934429264,13.9512584226749,14.3688856648983,15.4825787422482,16.7782866658489,18.4602503534842,20.1759858884618,20.0996880666462
975.399999999854,0.917603927426025,2.10983830449589,2.55979853332079,3.65399202044579,5.39189920290189,6.46419395504396,8.11071398944362,8.68630392553503,8.44068505499142,9.59995155197548,11.33429409621,12.0670004356825,13.5876727170789,13.9807401111244,14.4618917922172,15.6049013473098,16.7775265818703,18.4543261640724,20.1866879488354,20.0464187596774
975.999999999854,0.898160756999506,2.1074651869226,2.6019521680876,3.68895863606858,5.38941772880945,6.45505638580671,8.08009771648318,8.68468075994211,8.42756453730214,9.58410215985707,11.2552437289334,12.0623958029194,13.5622283945161,14.0085239723809,14.5540065781427,15.7271524026566,16.7676884578149,18.4141279253977,20.205421460012,20.0225906139739
976.599999999853,0.871518983027693,2.09884176726517,2.64409241781444,3.72390304006139,5.38595557029516,6.44600446341152,8.05779159093709,8.68164523307538,8.40949118085072,9.56079451007896,11.2007115941902,12.0573293377538,13.5367543861632,14.036302702806,14.6461165337679,15.8494030702657,16.7578416087335,18.3712828708355,20.2233969324043,19.9936818731006
977.199999999853,0.842053009258065,2.08745337161677,2.685289188419,3.75728179993147,5.38178368997636,6.43647925657173,8.04569326243708,8.66838452103706,8.39091327206872,9.5352109768015,11.1610122565155,12.0617353857523,13.509187897904,14.0637197733359,14.7378860131983,15.9716264071856,16.7427679010195,18.3244928314667,20.2398343738933,19.9619313318219
977.799999999853,0.812091170278243,2.07557950911079,2.72632030556167,3.79038566832501,5.37748719866079,6.42687095175463,8.03341451635284,8.65489671713614,8.37492436805471,9.51007595850469,11.1209193411638,12.0658980778465,13.4812540177946,14.0910733446189,14.8295957127575,16.0938449454585,16.7287259997817,18.2768026556425,20.2560017721586,19.9296818350668
978.399999999853,0.782049667572833,2.06362765343704,2.7673248094803,3.82344537375106,5.37317068783982,6.41724929674815,8.02110678509914,8.64137242956327,8.35863709654776,9.48620815869705,11.0807631951927,12.070021673352,13.4532611139768,14.1184167143663,14.9212958083212,16.2160627127998,16.7146217032245,18.2290403557809,20.2721257863574,19.8973521781163
978.999999999853,0.751716968035932,2.0513907073641,2.80823203340784,3.85634364916483,5.36878099921432,6.4075788424567,8.00869310362228,8.6277147823014,8.34193161975522,9.46600346647173,11.0403759207387,12.0740023581077,13.4250524593048,14.1457227941828,15.0129607981571,16.3382776621359,16.7002893314764,18.1810144191012,20.2880912176803,19.8647295095756
979.599999999853,0.721241696181495,2.03901417873213,2.84909162826708,3.88916288714246,5.36435548214546,6.3978844956417,7.99622754806155,8.61399184106009,8.32583422723991,9.44642092860986,10.9998754839152,12.0779130726076,13.3967381712743,14.1730106165482,15.1046085999456,16.4604912317538,16.6858452922751,18.132859403709,20.303979005548,19.8319633801969
980.199999999853,0.690651831113515,2.02652545991998,2.88991294102436,3.92191859838535,5.35990116778598,6.38817094509137,7.98372029844638,8.60021641945613,8.31001428578715,9.42764294081926,10.9592840922711,12.0817675481643,13.3683389799033,14.2002837643961,15.1962425867549,16.5827036924163,16.6713114997996,18.0846006406556,20.3198043871002,19.7990819434517
980.799999999853,0.660097081448527,2.01407112013662,2.93074598476811,3.95469377646072,5.35545567793219,6.37846327924297,7.97122582536029,8.58645707968658,8.29403061075217,9.40873183842749,10.9187205723925,12.085639257317,13.3399658059108,14.2275614090338,15.2878808069612,16.7049164929019,16.6568052108935,18.0363736695453,20.3356488921488,19.7662358409512
981.399999999853,0.62949848034169,2.00157384848139,2.97156437908092,3.98744464472901,5.35099916820493,6.36874826469164,7.9587153971897,8.57267765723061,8.27660017473167,9.39236644561578,10.8781222467876,12.0894894454854,13.311560141915,14.2548334381665,15.3795137405826,16.8271288690229,16.6422645760574,17.9881069972661,20.3514695161418,19.7333456137236
981.999999999853,0.599412003475238,1.98957796176012,3.01255385850233,4.02047941794913,5.34667135537099,6.35911907283495,7.94639130235686,8.55913277279857,8.25706820837098,9.37452008017601,10.8379304039665,12.0935909690095,13.2835339162592,14.2821710486365,15.47120841421,16.9493462011349,16.6272630828591,17.940303979775,20.3675690378632,19.70097070233
982.599999999853,0.571352159490607,1.97956620918739,3.05422037423512,4.05463769024491,5.34285283566408,6.34982950773527,7.93132387220179,8.53493700302942,8.24011596767364,9.35506007561695,10.7948635800965,12.0986871037155,13.2570092446324,14.3097681845963,15.5631474120007,17.0715831456247,16.6168058951084,17.8945550080333,20.38477224354,19.6706350539342
983.199999999852,0.539596367747974,1.96593601332203,3.09465218640636,4.08674704982095,5.33810552376798,6.33992056911096,7.91764342553021,8.53478302560579,8.22298770563521,9.33532277854348,10.7549064218298,12.0979693705846,13.2277462056886,14.336892026818,15.654640838543,17.19378432324,16.6003977871625,17.8430103035035,20.3971242829163,19.6446185462939
983.799999999852,0.499033683996729,1.95994051854623,3.13627428600003,4.12083161633402,5.3334798942049,6.33105452510628,7.8987191891848,8.54115267480802,8.2081614614105,9.31709754914292,10.7286609426211,12.0963205643213,13.2011230264463,14.3644721369255,15.7465638077458,17.3160199810838,16.5793296121267,17.7933504128837,20.4212151566669,19.5700280861883
984.399999999852,0.453383577279825,1.95143979068159,3.17903151646112,4.15679986095838,5.33238495359442,6.32162488484814,7.88363664855781,8.54157901965409,8.19143008938343,9.30253865240929,10.7341277672595,12.0800413294913,13.1940377626887,14.3723294964757,15.8388964150945,17.4382885213817,16.5501657231512,17.7183999950842,20.4205960126676,19.5614301799417
984.999999999852,0.457706996621032,1.97729980517558,3.15506903090775,4.14670415232204,5.34354233984489,6.31742868786952,7.88410748940441,8.55538216698846,8.19363513323513,9.31924810162572,10.7411887615943,12.1093060045607,13.2083706337497,14.4063021907529,15.7278655878886,17.2946301709908,16.5536011198851,17.6872692947507,20.4178447024982,19.6196239295419
985.599999999852,0.478851200882853,2.01308669360688,3.13810149817502,4.14821612691765,5.34960710702677,6.32044042318545,7.89843864392242,8.57219847861086,8.20412996037214,9.3496931066182,10.7374900878174,12.1434855705459,13.2249273860263,14.3915400847348,15.6193590506447,17.1511744502247,16.5476415013419,17.6732851637188,20.3973598771293,19.6474100683203
986.199999999852,0.497602998169511,2.0472058987436,3.12230308272229,4.15166817793359,5.3568997834301,6.32443860702179,7.90475392969044,8.58261378759633,8.21524190259878,9.37020718559235,10.7827928307758,12.1706745732886,13.226537473763,14.3820532189956,15.5112744163275,17.0077525964306,16.5443645619856,17.6752922164591,20.3693468518759,19.6609665989075
986.799999999852,0.512704037461647,2.09043073772987,3.10751755334704,4.15680104953871,5.36602550430105,6.329260260448,7.91182533280578,8.59340436482148,8.22892356058045,9.39589966886843,10.7824777153708,12.1823951690977,13.2303939744943,14.3729546186298,15.4035553053051,16.8643600839055,16.5468521175206,17.6820540327467,20.3511161585269,19.6960161449616
987.399999999852,0.530525869152063,2.1363193137764,3.09364095783298,4.16344223958364,5.37583496068341,6.3345378691228,7.91745997989672,8.61090158850047,8.24298723745029,9.42322424539422,10.7652723547083,12.1820832799959,13.2362663394833,14.3642044360692,15.2961642040237,16.7209939013629,16.5537572538004,17.6918433803689,20.3343671814516,19.7338034395862
987.999999999852,0.548134506743031,2.18199916642919,3.07969314066452,4.1699652417832,5.38559084135872,6.33977975034975,7.92301705759079,8.62830117547695,8.25650437644147,9.45073837494102,10.7478977778155,12.1816667615635,13.2419807466785,14.3554269524105,15.1887474007661,16.5776256556726,16.5619852799855,17.7029164441101,20.3175021010065,19.771376211471
988.599999999852,0.565796854626773,2.2277316030635,3.06576326646877,4.17651801921477,5.39536021943812,6.34503063244346,7.92859367745325,8.64572536020714,8.2703735968189,9.47718065118882,10.7305658318071,12.1812766025465,13.2477349484054,14.3466563467562,15.0813370726439,16.434257929754,16.5702553738858,17.714038134791,20.3006662706486,19.8090030283748
989.199999999852,0.583908230111843,2.27390365113676,3.05198339871654,4.18331972288236,5.40524243821663,6.35035676338438,7.93433367331919,8.66335518653363,8.28260871561068,9.50125847618404,10.7135902875759,12.1811068129299,13.2538218394959,14.3379432424429,14.9739808778056,16.2908945492198,16.5788771613653,17.7255663553351,20.2840749762219,19.8470816712509
989.799999999851,0.602116327175137,2.32017039252523,3.0382358426973,4.19017504583378,5.41514896314128,6.35569910310007,7.94010886075212,8.681029308533,8.29421800684522,9.52522160366912,10.6966915131073,12.1809844913891,13.2599803926408,14.3292425240507,14.866636343401,16.1475321046914,16.5875747044507,17.7371821433468,20.2675363553973,19.8852576384808
990.399999999851,0.620498235767105,2.36660730059388,3.02454635181522,4.19712672421966,5.42509916692744,6.36107057046209,7.94594728846878,8.69878303116295,8.30509563487064,9.54841233642723,10.6799306961663,12.1809474713806,13.2662677246106,14.320564063524,14.7593127631401,16.0041713421931,16.5964083825942,17.7489552926805,20.2510923905892,19.9236085004448
990.999999999851,0.638904038730093,2.41306760196573,3.01086484331464,4.20409164886439,5.43505537537238,6.36644604208547,7.95179441000925,8.71654769672066,8.31660835053507,9.57043675715089,10.6631888446436,12.1809221780191,13.272572760176,14.31188866285,14.6519920635055,15.8608108109283,16.605260775616,17.7607500749279,20.2346614384161,19.9619834056911
991.599999999851,0.657191258780258,2.4594118071226,2.9971437198751,4.21099083501542,5.44498178391472,6.37180164137258,7.95759838586708,8.73425805474933,8.32941502103639,9.59184284141568,10.6463528715998,12.1808386876885,13.2787899363901,14.3031980767477,14.5446570679068,15.7174491320985,16.6140202904964,17.7724374974158,20.2181659071771,20.0002389890078
992.199999999851,0.675026667629738,2.50531367561354,2.9832716600763,4.21763955179387,5.45479465223905,6.37708152533194,7.96323797292543,8.75176149637408,8.34432037798095,9.61445699485089,10.6291582873828,12.1805334618497,13.2846723608418,14.2944496328438,14.4372676034428,15.5740830809465,16.6229355427222,17.783715869892,20.2014243240866,20.0380399454052
992.799999999851,0.691397613366622,2.54978179095807,2.96891036776144,4.2234764180551,5.46423950077809,6.38211599194801,7.96960985223716,8.77394657964694,8.35921021533597,9.63765012797066,10.6200343678403,12.1795095210425,13.2894697488734,14.2855136534912,14.3297015881452,15.4307028577142,16.6257122803637,17.7947342645345,20.1838852090627,20.0743673120549
993.399999999851,0.709029706042601,2.59548460683993,2.9549703862224,4.23001242298769,5.47400127571955,6.38736180381998,7.97908787377591,8.7782765792779,8.37365921199984,9.65901436428668,10.6208505263813,12.1798238922463,13.2952015341925,14.2767391734315,14.2222876125552,15.2873348390062,16.6324807449453,17.8089566739734,20.1695041699338,20.1040013048996
993.999999999851,0.733600774121163,2.64756646566284,2.94058586446447,4.23581074145263,5.48374540193967,6.39309804637443,7.9908018541306,8.79868425897694,8.39140527671358,9.67326317026998,10.6286934261357,12.1601831018667,13.2999474031797,14.2677942896339,14.1147132143775,15.1439539428637,16.6387697789166,17.8198294786214,20.1287514309019,20.1648450946049
994.599999999851,0.795819554754067,2.79985810232726,2.9064192723468,4.2087819612965,5.4787098188035,6.39377924038616,7.9775062326744,8.8430373223355,8.38848286931042,9.65338152593134,10.5831470987563,12.24691161797,13.3413582687441,14.2917334219437,14,15,16.610782611789,17.8088029236004,20.099076270878,20.144526497057
995.199999999851,0.820271565089376,2.90538221541483,2.85925028931403,4.18664880640183,5.45586923022493,6.39525720154892,7.95285612894355,8.87509489184915,8.37183302420474,9.60996906677842,10.5449201297349,12.3168480164353,13.3512907766806,14.356025852748,14.0574121544824,15.080326198215,16.5594437617286,17.7703062901466,20.0861533917112,20.1007235873189
995.799999999851,0.818890110189846,2.98151621767305,2.8056345719064,4.15381770224663,5.43475577482266,6.39219793575742,7.92344332103646,8.89529347369333,8.34761067099339,9.56396892291577,10.5418790686307,12.3956234313282,13.3696089775776,14.4223819345006,14.1124978562689,15.16046564758,16.5214896225838,17.7182040299182,20.0936260884138,20.0909960950972
996.39999999985,0.823787869326949,3.048769853261,2.7508073634778,4.11897620511937,5.41382443258138,6.38727853576605,7.90373445497145,8.91080810260819,8.32396797648254,9.52698017468514,10.5137389958474,12.4792169879418,13.3955825286705,14.4825251350066,14.1671463635874,15.2405700024911,16.4905592851597,17.6749829503269,20.0821793570747,20.1047354333963
996.99999999985,0.824635652931405,3.1043634970431,2.69495302272037,4.08243024664694,5.39150216440919,6.38085174943385,7.88692732354115,8.9250516904288,8.30410070972355,9.48514123463858,10.5416236689862,12.5662739012062,13.419278070949,14.542274609183,14.2214242065226,15.3206446034481,16.449939649498,17.6251494850631,20.0628784969948,20.1022363211317
997.59999999985,0.82453220381291,3.159025855564,2.63878090408633,4.04535695582227,5.3689408513204,6.37426555382324,7.87183034293044,8.933346911366,8.28267869531106,9.44374339770278,10.5803814643039,12.6545381887583,13.4422688347055,14.6019022708988,14.2755873719842,15.4007099990202,16.4110458591374,17.5744637324114,20.0430596051064,20.0987800479931
998.19999999985,0.824696562598158,3.21395040602495,2.58269825191508,4.00843212895227,5.34644683839533,6.36772423793932,7.8568308026221,8.94176478054142,8.26007546111826,9.40232071358052,10.619351823869,12.74293390847,13.4654580202089,14.6615642274185,14.3297828234817,15.4807779862555,16.3726111178155,17.5225321288983,20.0233865587183,20.0955932517556
998.79999999985,0.824803362644979,3.26881860476109,2.52659637112264,3.97147539339768,5.32393836095123,6.36117327625924,7.84181031991152,8.95015628948684,8.2376781470722,9.36120622965524,10.6582764979649,12.8313013800638,13.4886045598259,14.7212188131115,14.3839713358879,15.5608454164765,16.3341312945462,17.4705484142317,20.0036821664181,20.0923485380696
999.39999999985,0.824772708310924,3.32355223155111,2.47044857100864,3.93444245762388,5.30139534120196,6.35459927972859,7.82673982524766,8.95848484831913,8.21716916384817,9.31881523023957,10.6970920718953,12.9196013931329,13.5116492580186,14.7808557967436,14.4381432772481,15.6409115165071,16.2955438123646,17.4184402544075,19.9839029178397,20.0889655133776
999.99999999985,0.824710307739175,3.37825477782583,2.41429016544366,3.8973919227728,5.27884434361872,6.34801996310674,7.81165777990534,8.96679886829684,8.19754920555366,9.27547676516585,10.7358824482309,13.007885826092,13.5346704350834,14.8404887150326,14.4923113913868,15.7209773093193,16.2569314654576,17.3663033529345,19.9641063805784,20.0855505446031
1000.59999999985,0.824496414683635,3.43280900843222,2.35808115085455,3.86025740543676,5.25625527595309,6.34141525910395,7.7965206149301,8.97504350911811,8.17869610336995,9.23262540895268,10.7745525820908,13.0960959110429,13.5575793697428,14.9001022335766,14.5464612420923,15.8010416360899,16.2182004645221,17.3140292968221,19.9442273420288,20.0819831392333
1001.19999999985,0.82428444006008,3.48736511724084,2.30187277715513,3.82312395161675,5.23366669038968,6.33481087659542,7.78138414796484,8.9832890285255,8.15842645319762,9.1917951860526,10.8132242386468,13.1843069375032,13.5804897257891,14.9597159977902,14.6006113240776,15.8811059814259,16.1794709661673,17.2617569775738,19.924349348238,20.0784176642512
1001.79999999985,0.824338576298433,3.54218175653485,2.24575330298851,3.78613802096686,5.21114497852314,6.32825108942029,7.76634450384295,8.99165641897662,8.13676417422113,9.15017498356896,10.8521071124728,13.272648563265,13.6035972462259,15.0193638394889,14.6547934875091,15.9611729020022,16.140949894825,17.2097255834087,19.9046162757555,20.0751199585523
1002.39999999985,0.825189381487687,3.59777835853683,2.1898999716506,3.74959373756248,5.18882346967553,6.32182480945045,7.75159472294758,9.00038866066252,8.10998058622922,9.10729335657959,10.89162231765,13.361381170469,13.6272950272292,15.0791137006019,14.7090716947167,16.0412475322,16.103317874002,17.1584154583117,19.8853170611991,20.0726238867002
1002.99999999985,0.826530083546893,3.65385458421296,2.1342102999339,3.71332103698176,5.16662507197994,6.31548062727282,7.73763677692124,9.00609644655396,8.08458831791114,9.06535563919903,10.9223677713624,13.4503542044959,13.6513557780754,15.1389262966712,14.7634089622721,16.1213269032873,16.0701214028121,17.1083060925673,19.8662846395679,20.0706207647891
1003.59999999985,0.823493147892921,3.70564497176097,2.07705819280699,3.67462151703557,5.14332657331396,6.30840283275067,7.72378229706012,9.04280536271469,8.05588578657277,9.023941147072,10.9286211928505,13.5456072249107,13.6721730902088,15.1981783035078,14.8172184762906,16.2013639105673,16.0344479295339,17.0532717798924,19.8502417779509,20.0671553370248
1004.19999999985,0.826383254527874,3.75042607861669,2.02014655632482,3.63632104296411,5.12140154368492,6.30072485927962,7.71945244703399,9.05151584622804,8.02484037501723,9,10.9149095199942,13.6307723068273,13.6935237262709,15.2575224889482,14.8711147696858,16.2814078837974,16,17,19.8544189673761,20.0805270253685
1004.79999999985,0.75795280994455,3.59992263816611,2,3.65902990159592,5.12258329918112,6.30632722012869,7.75451182349266,9.00656381976451,8.034791471982,9.03693678491561,10.9870683586697,13.5182865078393,13.6652309003011,15.2843360830771,14.9382785899395,16.3625168673251,16.031896016453,17.0381664848483,19.8426900655732,20.1674350759936
1005.39999999985,0.709219475076231,3.49807721195856,2.0020344589735,3.6162847354145,5.14209288956802,6.3154610101003,7.79564605850326,8.98065796673316,8.05496765092165,9.09331089966161,11.0924683633074,13.4131998814559,13.6258162360751,15.2379725299372,14.9309364152145,16.3758057767734,16.0887800440736,17.0981681618728,19.8292217962656,20.2572790661322
1005.99999999985,0.671656980876842,3.41096973934305,2.01043587876908,3.58410513929288,5.16224768333119,6.32330258150221,7.83675590261039,8.96744344176259,8.08058314370158,9.149453930038,11.1479316795825,13.3140189285443,13.5615233141484,15.2313585007578,14.9258919050829,16.3892791242313,16.1404346157739,17.1642350534527,19.7940388740993,20.3139690843341
1006.59999999985,0.641075600596939,3.32978395328999,2.02303149420409,3.55888554641601,5.18461852257879,6.33610481161705,7.87888163191416,8.9678310463986,8.10789884779019,9.20730418689871,11.1984675428848,13.2051351019828,13.5001330667534,15.2245943055338,14.9223609671524,16.4028739690864,16.1817463249809,17.2135780593858,19.7626302776027,20.3361167788934
1007.19999999985,0.631114921022621,3.25624707893962,2.03556651928749,3.53356540767052,5.20685731653722,6.34899521751868,7.91660197593124,8.97489785370497,8.12838559214431,9.26755143259548,11.2060879593642,13.1116793182572,13.4386084400258,15.217806884464,14.9188081637964,16.4164670587611,16.2284965326941,17.2650592102249,19.7276872635098,20.3589562618082
1007.79999999985,0.622236664285115,3.1837699288869,2.04846314886662,3.50884532878869,5.22936812350479,6.36206701777119,7.94756449932713,8.97676481844755,8.14824031152248,9.32644109456693,11.2189604840171,13.0246582819994,13.3778857919784,15.2111580757291,14.9153858537602,16.4300706233894,16.2724298797649,17.3191046709622,19.6933337260415,20.3828849132886
1008.39999999985,0.613701562274021,3.11162873756505,2.06147441598681,3.48431548367903,5.25196516530317,6.37519632450547,7.97865187751324,8.97878893808409,8.16742138152927,9.38515712283904,11.2321053771269,12.9378056558834,13.3174173909466,15.2045532105221,14.9120049133239,16.4436775088364,16.3144199848168,17.3732145543432,19.6591670671979,20.4071588580593
1008.99999999985,0.605211827466522,3.03953196209112,2.07450083890777,3.45981078866527,5.27457360788616,6.38833323395674,8.00975576228468,8.98083383458187,8.18597957484102,9.44429393229563,11.245286279052,12.8509752946425,13.2569826029624,15.1979541549245,14.9086294422077,16.4572848333163,16.3564456229938,17.4273655111973,19.6250251148787,20.4314784527652
1009.59999999985,0.596509563169875,2.96722711389677,2.08745626220038,3.43518827424437,5.29712864177877,6.40143452733673,8.04078231947433,8.982781398748,8.20374779047187,9.50680279811728,11.2582984922654,12.7640406302453,13.1963903496012,15.1913278833373,14.9052283492386,16.4708901010801,16.3983048008987,17.4813240531889,19.5907674211298,20.4555841934835
1010.19999999985,0.587822745000963,2.89493738792303,2.10041684557376,3.41057432265218,5.31968755728544,6.41453840920638,8.07181449664505,8.9847360367919,8.22113216680674,9.56970245222694,11.2713229653651,12.6771135463484,13.1358095404416,15.1847035897421,14.9018291184036,16.484495518321,16.4401760767323,17.535296579426,19.5565181391872,20.4797054765909
1010.79999999985,0.579275594162518,2.82278440043917,2.11342408754775,3.38603779806618,5.34228157121181,6.42766569677667,8.10289749093751,8.98675463841556,8.2376326392631,9.63240794902008,11.2844582950906,12.5902550070261,13.0753322123045,15.1780971815926,14.8984467254004,16.4981022871676,16.4821567447352,17.5893955543281,19.522344918673,20.5039672974451
1011.39999999985,0.570653795085121,2.75055833009883,2.12640639181902,3.36145989093467,5.36485682602528,6.44078047466177,8.13395332491528,8.98873905331443,8.25455100087024,9.69529580064619,11.2975343750842,12.5033598325668,13.0147995764868,15.1714812141781,14.8950553330522,16.5117083336192,16.5240789457167,17.6434269459942,19.488131045476,20.5281540048475
1011.99999999985,0.561531721990518,2.67784247654711,2.13922156978027,3.33660464822801,5.38730636190817,6.45381141573381,8.16482713718804,8.99049435724734,8.27325586718977,9.76086708156478,11.3102133780423,12.4162191384892,12.9538962822866,15.1648011829361,14.8916036293217,16.5253095387583,16.5656093151959,17.6970054115437,19.4536447280633,20.5518373204904
1012.59999999985,0.551578117371792,2.60431252878651,2.15175895838908,3.31128843160392,5.40954693380259,6.46670300726828,8.1953984016958,8.99186884389978,8.29709460249331,9.82772782653161,11.3222323785594,12.3286703534548,12.8923768974656,15.1580146678666,14.8880516788984,16.5389026968995,16.6065395330936,17.749831044983,19.4187055669166,20.5746839224474
1013.19999999985,0.541516456317905,2.53067679054709,2.16426024863447,3.28591231202152,5.43176035109972,6.47957649051241,8.22193016962654,8.99910801801676,8.31881150534446,9.89198584623699,11.3394032723511,12.2410685375336,12.8307774524733,15.1512143153628,14.8844867015484,16.5524948093439,16.6479245100141,17.8012101256661,19.3837075593183,20.5974217945541
1013.79999999985,0.5302237724769,2.45583584421524,2.17635029166558,3.25985375361369,5.45366441219805,6.4922436767598,8.25400938436768,8.99041624264816,8.34401727294538,9.95088846732759,11.384160541987,12.155997469654,12.7682659295006,15.1442563211891,14.880773316159,16.5660750087851,16.6868653724865,17.8492873586554,19.3445921164188,20.6200466387809
1014.39999999985,0.513361035051021,2.38324656707918,2.18814245484749,3.23330088237566,5.47399047529075,6.50555180686518,8.27545036267742,8.99720601856275,8.36736882035532,9.99418356199143,11.4524057330965,12.1047248130553,12.7050937585241,15.137184141982,14.876952433958,16.5796465792472,16.7210725481537,17.8987252145747,19.3014048926774,20.5912231672165
1014.99999999985,0.53417226739601,2.38346796681484,2.18418982632743,3.18062052192291,5.48536752911821,6.5105687914638,8.2766115765503,9.03634772393119,8.37345496952243,10.0070374836092,11.4936522966633,12.1527147047088,12.6489398766414,15.1107814745302,14.8674496806473,16.5927620548164,16.7277046985646,17.8945688589815,19.2850947660916,20.5483696348779
1015.59999999985,0.55472710983343,2.3610130691807,2.22746668228209,3.26068160786007,5.48844489336742,6.51053253270397,8.27523167847054,9.06156501131363,8.37033263709159,9.99886928311216,11.4636262719083,12.1973766455334,12.6239408096488,15.0631330852202,14.8252562281426,16.6280416419494,16.7093459490146,17.8721260136676,19.2850998579266,20.4798124409774
1016.19999999985,0.578952160937784,2.34080716452588,2.26699952676639,3.33452974281346,5.49221365154843,6.51293311048503,8.27474321172164,9.08542870786017,8.36354898880897,9.9879760818701,11.4645296469157,12.2248200049386,12.600845264467,15.0086548532068,14.7817116627613,16.6632127726188,16.6922813612888,17.8592836669972,19.2755646638668,20.431485208779
1016.79999999985,0.589367223070934,2.30011578212647,2.30236923284634,3.40146941204574,5.49266106275872,6.51010576432846,8.26827639012234,9.10004509210036,8.35348388905577,9.9670713884244,11.4859039080735,12.2539248076245,12.5883406447645,14.953905826637,14.7366647328984,16.6982633055566,16.6939256400726,17.8487188968455,19.2976604181624,20.3839199271603
1017.39999999985,0.580336669983532,2.25422317398758,2.33808317747124,3.46898032344119,5.49445579346385,6.5083311458034,8.2732426555554,9.10883926290103,8.348693191507,9.9482976239611,11.5078887761721,12.2666846136241,12.5765994889542,14.8992887555854,14.6917420294514,16.7333238103915,16.6965512847704,17.8385525518237,19.3268249432282,20.3441946709857
1017.99999999985,0.571064332974538,2.20809385216831,2.3737163494548,3.53635719773056,5.49618976383721,6.50651600869814,8.28227136726684,9.12260977783625,8.34546849883119,9.92981889135171,11.5213260768666,12.2749831668547,12.5646791928482,14.8446407222959,14.6467901773344,16.7683819754057,16.7000881622578,17.8275522172467,19.3558577951982,20.3042261240824
1018.59999999985,0.561415027227409,2.16159546669031,2.409223587666,3.60352509286409,5.49782900191388,6.50463769849865,8.29116292116162,9.13620765204237,8.34344824882999,9.91134893574699,11.5344641702768,12.283096715032,12.5524795965628,14.7899444153415,14.6017928791121,16.8034364923722,16.704698615529,17.8171335905444,19.3846853537715,20.2638782591458
1019.19999999985,0.55179973908841,2.11513038546713,2.44474219012386,3.67071184624848,5.49947678862025,6.50276508903066,8.30006685215939,9.14982110532473,8.3416510281438,9.89220006423488,11.5476292641118,12.2912269580402,12.5403052042879,14.7352524645962,14.5567996819402,16.8384913385381,16.7093357125398,17.8067457618902,19.4135314379933,20.2235646238173
1019.79999999985,0.542435699379462,2.06891128396446,2.48034472702877,3.7380378835562,5.50118771409227,6.50093458422321,8.3090621983937,9.16354962308881,8.34010655179929,9.87004637521739,11.560993778621,12.2994805063102,12.5283169646684,14.6805926880904,14.5118367744488,16.8735486161158,16.7141695958046,17.7965854025264,19.442514349592,20.1835038027165
1020.39999999985,0.533013780235066,2.02263551676501,2.5159279281774,3.80533183439537,5.50288409445405,6.49909437987661,8.31803648554207,9.17725163375295,8.33775566350769,9.84966306335988,11.5743123531176,12.3077056490736,12.5162858415547,14.6259254996903,14.4668668892039,16.9086053335755,16.7189581459413,17.7863726416647,19.4714657406302,20.1433847414716
1020.99999999985,0.523490875808772,1.97626088195706,2.55147739321951,3.87256980229264,5.50455509720036,6.49723725223616,8.32697402980041,9.1909073960918,8.33594519727029,9.82956233260816,11.5875507736686,12.3158812312622,12.504179897363,14.5712453793699,14.4218848295071,16.9436610737683,16.7236676009953,17.7760684531653,19.500362136096,20.1031640655976
1021.59999999985,0.514206154596761,1.93011943563298,2.58710642801808,3.93993981118435,5.50628595542177,6.49542003976405,8.3359982355948,9.20467223942313,8.33497496540411,9.80574750490833,11.6009782447826,12.324173706693,12.4922504256682,14.5165957601906,14.3769314843915,16.9787191189365,16.7285636091852,17.765979905284,19.5293882437531,20.063183057312
1022.19999999985,0.505808902865002,1.88484684844829,2.62303193933628,4.00780180416933,5.50823983484785,6.49375155101207,8.34534534184451,9.21884351799372,8.33160943884649,9.77605713784153,11.6151101173611,12.3329017257669,12.4809784896256,14.4620597881122,14.3320851296639,17.0137857524322,16.7341547134382,17.7566948332808,19.5588976583944,20.0240950492778
1022.79999999985,0.497929563538721,1.84008131298415,2.65913046941273,4.07595091087581,5.51032386573396,6.49216985494576,8.35488088742117,9.2332519853997,8.32575314525958,9.74517749090962,11.6296530669004,12.3418839208559,12.4700902804366,14.4075901385888,14.2873012127444,17.0488573979328,16.7394952291649,17.747878656416,19.588689122941,19.9855281813148
1023.39999999985,0.489495466392983,1.7947726530382,2.69504367180049,4.14379247796672,5.51226848590236,6.49049519157352,8.36756075691383,9.24697686204209,8.32039586436095,9.71700141098035,11.64123805472,12.3505938572958,12.4587910452318,14.3530494481798,14.2424504160554,17.0839236748636,16.7431082402849,17.7403401042473,19.6181784719392,19.9464030982434
1023.99999999985,0.488208859180609,1.7564615993091,2.73334463285116,4.21559638002487,5.51600927129199,6.49001831732658,8.37346849463161,9.24208669799629,8.31504373590508,9.69747255871647,11.6379037821659,12.354484278826,12.4527874619445,14.2994240472852,14.1984612971338,17.1190591203519,16.7506128229316,17.7412608896162,19.6467656985901,19.9154297942717
1024.59999999985,0.49183503003037,1.72244985199545,2.77224764708791,4.28839935138947,5.52112502786786,6.48852032206888,8.39101169277527,9.23411816436293,8.31371876906323,9.68043741384463,11.6057644564528,12.3320224723108,12.4481191325748,14.2460294289137,14.1546894429859,17.1542120061081,16.7693766273162,17.7450218206477,19.6694555761286,19.9140533430334
1025.19999999985,0.506695256077231,1.74440057437524,2.80795931677927,4.35590648767613,5.52344783465757,6.48683988180058,8.40559949108264,9.2217189447814,8.30890294709315,9.66103304517057,11.555321808136,12.3043281044858,12.4732562777124,14.2154736061727,14.1097659185767,17.1892724450427,16.7792068375697,17.7451273918322,19.6805006857339,19.8797315390111
1025.79999999985,0.504225827257851,1.74594820996904,2.80336657998263,4.3395402112346,5.51983849596198,6.48341332372159,8.42481811425388,9.19919347805144,8.31051418506261,9.66015538607016,11.5725057709629,12.2613433280098,12.5074997541847,14.2309854285593,14.1550167477952,17.1692680386871,16.7942325580536,17.7566468052703,19.6530701798307,19.8614801819484
1026.39999999985,0.494436173814763,1.7474128631115,2.80062678658795,4.32624877754729,5.51516086940521,6.47828487841732,8.44197473706764,9.17682527780121,8.31713564129757,9.66395692421889,11.5708439375106,12.2203069386644,12.594237901033,14.1805218968952,14.20093625439,17.1493173083546,16.8128956574079,17.7587954360702,19.6662311423361,19.8306565798119
1026.99999999985,0.486088737837959,1.76588700545563,2.79847600475757,4.31393477141728,5.51081900419995,6.47539156841189,8.46135005698377,9.16066968916891,8.3228010128104,9.66872782838444,11.5506815243921,12.190995553571,12.6756040760343,14.1323752383441,14.2470683193884,17.1293836405004,16.8123985358525,17.7779788401442,19.6461975675408,19.8225104709968
1027.59999999985,0.490411634701424,1.78848447778926,2.79528142636265,4.29988865069354,5.50490007459687,6.4711623948646,8.4621775323109,9.14500566736814,8.32287631631449,9.66579742791166,11.5428857535261,12.1882500432327,12.7546552837114,14.0838284656341,14.29282370633,17.1094197359628,16.8096225869916,17.7936847964006,19.6333667346386,19.8008380435082
1028.19999999985,0.495812752306392,1.81213756044471,2.7924470486718,4.28644026032971,5.49925210201591,6.4671139114735,8.46191566313424,9.12414799279817,8.32459885647407,9.66369302353212,11.5291823841087,12.1885463683706,12.8345053566921,14.0354197671493,14.3387090800008,17.0894662657138,16.8094396951252,17.807577922627,19.6211230899457,19.7802505563005
1028.79999999985,0.501442166246624,1.83601415203403,2.78968893783231,4.27311842999753,5.49366150033597,6.46310368638991,8.46173685821152,9.10339487131587,8.32489677082546,9.66243840282845,11.5156602178482,12.1889547345651,12.9145245768752,13.9870403037167,14.3846219763233,17.0695150047618,16.8089992798358,17.8208400300743,19.6090037731488,19.7598927881866
1029.39999999985,0.507099914028094,1.85991848330056,2.78694029246607,4.25981230702149,5.4880780189543,6.45909820954202,8.46156836238724,9.08265472590968,8.32462824315051,9.6617022584314,11.5021605406981,12.1893770061666,12.994564789905,13.9386644686444,14.4305382884801,17.0495640180056,16.8085810565675,17.8341277897366,19.5968998866779,19.7395635304923
1029.99999999985,0.512691687653904,1.88375822389735,2.78416960714411,4.2464696101284,5.48247795825808,6.45508167662732,8.46137586226153,9.06188436625687,8.32477330918599,9.66106349472286,11.4886084986015,12.1897668996135,13.0745561219755,13.8902801850882,14.4764466470106,17.0296123927962,16.8081111601127,17.8473558192967,19.5847600713431,19.7191678874869
1030.59999999985,0.518496173608014,1.90780621621953,2.78146998253148,4.23324483400249,5.47693135219975,6.45110079042441,8.46126075624255,9.04121142267074,8.32540683753101,9.65748524736843,11.4752252903397,12.1902611859488,13.1547050548905,13.8419231409357,14.5223806494366,17.0096628260724,16.8078078671359,17.8607764292538,19.5727360970104,19.6989862824478
1031.19999999985,0.52422392861221,1.93177908664897,2.77874472444583,4.21997752074415,5.47136546364295,6.44710704551191,8.46111773212699,9.02050333853873,8.32691378295444,9.65345481209446,11.4617811792585,12.1907178150145,13.2347971370222,13.7935562708116,14.5683054014328,16.9897125167986,16.8074444758882,17.8741275703798,19.5606703357713,19.6787274682661
1031.79999999985,0.530401326902353,1.95619217129102,2.77616967848516,4.20695947503725,5.46591257050689,6.44318865262413,8.46113830802809,9.00000117796868,8.32817369718982,9.6450546371159,11.448693958635,12.1913951156405,13.3152223646848,13.7452469808713,14.6142843609377,16.9697665588673,16.8074332604447,17.8878857987827,19.5488494457592,19.6589210995783
1032.39999999985,0.536004902839425,1.9800434667032,2.77340293595587,4.19362332096003,5.46031547573314,6.43917409756183,8.46095010210266,8.97923622343157,8.33095742144637,9.64048943181557,11.4351512842582,12.1917908013109,13.3952224412143,13.6968642086893,14.660194142316,16.9498150478727,16.8069726079586,17.901124513637,19.5367160578449,19.638537332437
1032.99999999984,0.541192910435206,2.00348790829177,2.77049736470263,4.18005678936773,5.45461394857702,6.43508990081488,8.4606106941251,8.95828095066718,8.33567458976186,9.63700930179462,11.4212787653575,12.1919825383912,13.4749146187046,13.6484282198748,14.7060538241482,16.9298595152897,16.8066765344336,17.9139869911722,19.5243563555768,19.6177354071038
1033.59999999984,0.547089433205237,2.02762600740687,2.76782848678661,4.16688303544646,5.44909047138342,6.43112443830592,8.46050105495339,8.93315285063322,8.33886186836103,9.63105787228421,11.4098584606373,12.1925219936602,13.5551317426832,13.6000829617246,14.7519989222286,16.9099108392357,16.8094040679359,17.9267582598497,19.5123825035716,19.5976464124603
1034.19999999984,0.548611835828433,2.0474817121964,2.76369834857214,4.15128441218361,5.44246777718433,6.4264259529325,8.46400467010515,8.92270304656381,8.34072470152147,9.62079323098897,11.4112505067155,12.1904497635118,13.6321080341516,13.5511775647924,14.7974166908383,16.8899198334151,16.8113120969681,17.9355990071897,19.5034466101304,19.5666239100076
1034.79999999984,0.524530355375641,2.05380095299913,2.7608505941881,4.13781382404075,5.43448120327768,6.42326031438419,8.46142885703783,8.89615985927425,8.34088866394089,9.61678156849754,11.4484463245844,12.1968857050959,13.7119284398498,13.5027637386759,14.8432972372209,16.8699659756703,16.8017902403862,17.9481098637117,19.4992697338663,19.5438568583736
1035.39999999984,0.479476896788787,2.02654667962479,2.75672453314474,4.12222196658632,5.42315927229794,6.41970667807296,8.46653983060532,8.87610803504397,8.34014937214643,9.61699313930588,11.484218603468,12.2100821926467,13.7677373024588,13.4516068287553,14.8887164771718,16.8499750879571,16.7900568988237,17.9685519845957,19.5091156955144,19.5580094449125
1035.99999999984,0.468224682782466,2.04151801300159,2.74654605704146,4.07989402523857,5.42699068212346,6.42585772152332,8.46919371212661,8.86677164534047,8.33235108556118,9.59952012094367,11.4442339735683,12.2532007692669,13.8345815193316,13.4071369864717,14.8769100143124,16.8716606917087,16.7812373096263,17.9731079942907,19.5672229110482,19.5544293022137
1036.59999999984,0.462079300789618,2.05015477759682,2.73421589240269,4.03399549241292,5.42927441086245,6.43315878607366,8.47139673013839,8.8498365303073,8.31940013723535,9.5768051151124,11.4245744389584,12.2921063251252,13.8495083552597,13.4231074204235,14.8643270650198,16.8932839653894,16.7612928620262,17.9715308664065,19.6205852191148,19.5776628358333
1037.19999999984,0.467103046800277,2.0580361922135,2.72560200819876,3.99426389267968,5.43498138975739,6.43993829035047,8.4698560998509,8.8181468335332,8.3139438976178,9.56422453108039,11.4304495588588,12.323767105616,13.8507226245633,13.4392342364179,14.8530852212074,16.9150148922268,16.7435107514748,17.9639737615058,19.6757118554679,19.5726716968524
1037.79999999984,0.454411043600519,2.06621916563274,2.71994712814202,3.95944257378123,5.44196612125589,6.44862928176791,8.47025162174308,8.78876541937312,8.31635808070665,9.5652845056856,11.4220859092505,12.3385775004917,13.8584994733334,13.4564953150624,14.8429112022666,16.9368315354526,16.7292201140225,17.9631630365636,19.7173008429004,19.5714749653432
1038.39999999984,0.440001301711815,2.07272042155283,2.71371840391664,3.92366899666237,5.44851918478279,6.45703241147001,8.46799886274216,8.77326805404314,8.31494427970596,9.56582377249642,11.418850655816,12.3517143840562,13.8650036310987,13.4735364244283,14.8325300984265,16.9586315555689,16.7108955989959,17.9647495607147,19.7579543670581,19.5685497900847
1038.99999999984,0.424129436392909,2.07779021494547,2.70700122879182,3.88708486606978,5.45470481648691,6.46519051591696,8.46521411888731,8.75710107866342,8.32216117310493,9.56666530434841,11.4144548871112,12.3641337008989,13.8704244859396,13.4903902979593,14.8219727258173,16.9804174262468,16.693071485252,17.9660792885191,19.7978116334498,19.5641533793419
1039.59999999984,0.40821742494122,2.08282070407452,2.70027064206695,3.85047847977243,5.46088035946224,6.47334189260329,8.46241476810246,8.7409157175212,8.329619883635,9.5675803022656,11.4100272536546,12.3765333152128,13.8758155960803,13.507239030478,14.811410513323,17.0022029084177,16.6752159277018,17.9673726697789,19.83764703666,19.5597165722729
1040.19999999984,0.392356559991681,2.08790126715746,2.69355714183044,3.81390044742533,5.46706875556073,6.48150184051179,8.45963402666613,8.72475377999107,8.33620819566013,9.56921202903993,11.4056402161529,12.3889580307098,13.8812446012129,13.5240943126885,14.800854466882,17.0239888855498,16.657400429819,17.9687123568347,19.8775102937427,19.5553312304545
1040.79999999984,0.376210770839411,2.0927028809322,2.68674845709705,3.77716446240644,5.47318555016716,6.48961404031363,8.45674961726503,8.70846135545367,8.34358808639932,9.57269759683429,11.4010270288735,12.4012429138767,13.886462502949,13.5409131082251,14.7902640709206,17.0457721053787,16.63936176968,17.9697940860349,19.9172183839602,19.5506591887661
1041.39999999984,0.360168528935577,2.09760587055722,2.67997436434514,3.74048588060002,5.47932836621163,6.49774359274826,8.45390288291014,8.69221635254781,8.34987594940237,9.576668540784,11.3964960290215,12.4135786149555,13.8917571239516,13.5577451637608,14.7796861582734,17.0675563272676,16.6214042112423,17.9709695623647,19.9569828649714,19.5460913396398
1041.99999999984,0.34324404851536,2.10164512231279,2.67290554257929,3.70331821457585,5.48524947559337,6.50572529807703,8.4507351513548,8.67556731003215,8.35605840848662,9.59006364243381,11.3912647796209,12.4254813395927,13.8963980849793,13.5744642420597,14.7690018858659,17.0893320114509,16.6027556538091,17.9713462987013,19.9962668877289,19.5406357538257
1042.59999999984,0.326339942709974,2.10570432142507,2.66584352735161,3.66616184357267,5.49117570511868,6.51371041782013,8.44757483298104,8.65892759849815,8.36200804564365,9.60358011292124,11.3860497019411,12.4373940634852,13.9010541417774,13.5911859294803,14.7583200697547,17.1111078928058,16.5841230544621,17.971741481319,20.0355620062975,19.5352006696025
1043.19999999984,0.309907476485393,2.1102252697799,2.65893907254099,3.62926693414836,5.49722045773669,6.52177457576632,8.4445861178441,8.64250388419014,8.36475322779852,9.61703685450161,11.381208973598,12.4495382540658,13.9060596413973,13.6079680138748,14.7476951129528,17.1328883383686,16.5655839637719,17.9725636656926,20.0751139750547,19.5302401642506
1043.79999999984,0.292978708455037,2.11426032383702,2.65186881841519,3.59209689121318,5.50314048964141,6.52975556256972,8.43919190205007,8.63166284624984,8.37127342721168,9.63323073433553,11.3759572041722,12.4614388744714,13.9106974256887,13.6246865431131,14.7370103236452,17.1546639810592,16.5408021666029,17.9708623692447,20.1143956628227,19.5247802641057
1044.39999999984,0.279858604615504,2.12202417394256,2.64607092297763,3.55703824730652,5.51001763939067,6.53837481211882,8.43667437017464,8.61029318858817,8.38139823128972,9.64853017577193,11.3596619018939,12.4637464901796,13.9181570901104,13.6418928002714,14.7267846943068,17.1764764814175,16.5167125162198,17.9729610340344,20.1544465934919,19.5288270489965
1044.99999999984,0.304826197006181,2.14055757693998,2.63776994277757,3.51782589204098,5.51857297510838,6.54522054150889,8.41986876437556,8.61473235176213,8.38939333477038,9.65939063303716,11.3060078239953,12.4767133996976,13.9200653284906,13.6581395604451,14.7156557691188,17.1982164724535,16.4953411989079,17.9622745180616,20.198623330558,19.5276955133166
1045.59999999984,0.345030611281268,2.15317406203378,2.63341689379449,3.48516487973663,5.53569061973291,6.55262494881343,8.39247116516782,8.60472175818193,8.39836377337728,9.6664055632594,11.2642310480534,12.459284471679,13.9183513104426,13.7018511279958,14.7059515459369,17.2200708271025,16.4900034816839,17.9494849345713,20.2414702484875,19.5114151681723
1046.19999999984,0.347815646074034,2.11794313615251,2.64494441081286,3.5062767125582,5.53984966712451,6.54800734338306,8.35275049337704,8.59818489167983,8.39915567395519,9.66128990741195,11.2859066335545,12.4401219670388,13.8778391888955,13.7888521098935,14.7498701390654,17.2397927699265,16.4689773538052,17.9205687891653,20.2323265986125,19.5093314032341
1046.79999999984,0.351841647544638,2.07181929335597,2.6600056111074,3.53325247000621,5.54796189839113,6.54213222585967,8.31789512767098,8.59348915528081,8.40512687739549,9.6619034499467,11.2952872981421,12.4265662972151,13.8569534135135,13.875472613462,14.7950639432919,17.2596170764346,16.4604897968595,17.9094915499785,20.1866017633826,19.4690691098402
1047.39999999984,0.339529779701613,2.02318820628558,2.67476403345793,3.55972578654448,5.55588361001581,6.53747926497967,8.28355354793968,8.5979590619606,8.40757222147992,9.65609050240067,11.2787684381035,12.3899100804632,13.84168132778,13.9646837765263,14.8401484831162,17.2794326120758,16.463500478787,17.8915197856458,20.1676130033817,19.4547390601964
1047.99999999984,0.360082816107643,1.97556958955806,2.685916025186,3.58021445882858,5.5632666198085,6.53057761515975,8.26631671176786,8.59776398341885,8.40046548214267,9.63904853528598,11.2825869842855,12.3500740961454,13.8184107782427,14.0525125016653,14.8839315592978,17.299143676688,16.4636338611095,17.8655436726431,20.1488476109457,19.4405938096286
1048.59999999984,0.380843232340124,1.9281540038691,2.69713729619313,3.60081809570865,5.57070174417831,6.52371071841941,8.25374647697625,8.58787019569246,8.39397118385085,9.62157815773946,11.2898815537331,12.3093843383421,13.7952938786337,14.1403677833398,14.9277396365046,17.3188567481814,16.4666102402809,17.8392200610407,20.13019515548,19.4266572312841
1049.19999999984,0.403911478719799,1.88299785285386,2.70912954295229,3.62270111824382,5.57871682658731,6.5172305719759,8.24201593236329,8.57903332712407,8.37520380991291,9.60153202113478,11.2990078920158,12.2698271949804,13.7738868751222,14.228518599916,14.9718259380877,17.338592153289,16.4688832993899,17.8133751547714,20.1127995211821,19.4150428656434
1049.79999999984,0.42687971274897,1.83774378675903,2.72108837863168,3.64452869719848,5.58670677587863,6.51073366528411,8.23024899885558,8.57015065580471,8.35709288661966,9.58159103887897,11.3080548485871,12.2302209685298,13.752405771388,14.3166566091632,15.0159001825124,17.3583265905449,16.4710780254484,17.7874397017134,20.0953494211605,19.4033278643684
1050.39999999984,0.450320792596645,1.79295265084949,2.7332051776954,3.66661840643079,5.59481555139036,6.50431599893889,8.21865410746702,8.56148453413315,8.33834333282845,9.55760076837396,11.3174771119091,12.1908468007527,13.7312750041899,14.404855169852,15.0600314316664,17.3780656036818,16.4736431003179,17.7619323424859,20.0781568282325,19.3920886557197
1050.99999999984,0.473938391101462,1.74833433197979,2.74538094626544,3.68880597184116,5.60296868606535,6.49792791390541,8.20712344133473,8.55289925287838,8.31858671162578,9.53320651863078,11.3270394814582,12.151559263086,13.7102750215574,14.4930763350744,15.1041839613264,17.3978063250465,16.47634643056,17.7365847954956,20.0610603655961,19.3810270658045
1051.59999999984,0.497598901653444,1.70375802528651,2.75757105044327,3.71101732628888,5.6111326045438,6.49154702014942,8.19560838849378,8.54433362409451,8.29877276719933,9.50844387098406,11.3366359111183,12.1122927853766,13.6893068329206,14.5813029955051,15.148341664321,17.4175474616848,16.4790833709664,17.7112760991875,20.0439872724304,19.3700086553674
1052.19999999984,0.521410427491007,1.65932956707025,2.76981160422784,3.73331239867845,5.61933447318467,6.48519143380464,8.18414828166006,8.53583715592418,8.27903152172558,9.48198930116833,11.3463522044926,12.0731004214808,13.6684505331279,14.6695489945721,15.1925175732194,17.4372900597466,16.4819385916437,17.6861041254844,20.0269964206757,19.3591422013534
1052.79999999984,0.545236990879305,1.6149158310655,2.78205718160005,3.75561580739499,5.62754012076414,6.47883836747945,8.17269364614912,8.52734757451519,8.25927044465239,9.45540526575357,11.356080433458,12.033915437568,13.6476053748178,14.7577969193098,15.2366952949952,17.4570328033317,16.4848055902384,17.6609457661191,20.0100137582204,19.3482908786053
1053.39999999984,0.568909723356738,1.57035149000244,2.79425136875087,3.77783393727899,5.63570711061417,6.47245952189555,8.16118304018255,8.51878754301813,8.24174060008994,9.42729712876782,11.3656865638935,11.9946549580163,13.6266462415366,14.8460251448495,15.2808544714248,17.4767740582455,16.487478615612,17.6356481350053,19.9929473209928,19.3372847662615
1053.99999999984,0.593482375765858,1.52666819744274,2.80674619173789,3.80055095337987,5.64410025046906,6.46623148650067,8.15342074860382,8.50364990306811,8.22159598198105,9.39698885102594,11.3704740206497,11.9558361324194,13.6063538685805,14.9343686118635,15.3251221392275,17.4965240219738,16.495548518727,17.6133563668724,19.9763709711406,19.3271841822125
1054.59999999984,0.611059602154039,1.47613617378024,2.81690405598303,3.81938993377983,5.6507354387852,6.45883114512243,8.13513368433273,8.5205512653338,8.19497321389967,9.36453334549625,11.3789125038014,11.9443416185995,13.5808785094899,15.0218162622836,15.3685464615855,17.5162062887159,16.5003322381534,17.5846486660084,19.9514601843346,19.3085650570418
1055.19999999984,0.612181143397265,1.42263787097398,2.82896397742044,3.84138525817707,5.65552687532002,6.45244749803871,8.1303558602105,8.50858725716971,8.1699656821934,9.33021319126566,11.4108798126281,11.9180219134696,13.5596215971686,15.1099930203105,15.4126571851367,17.5359436542225,16.509562128131,17.5645784253896,19.9305872102643,19.2941903640167
1055.79999999984,0.602544393738291,1.36543686981137,2.84242667136931,3.86570839512069,5.65592840388831,6.44750608545466,8.1370398598149,8.5048398321798,8.15004712246232,9.30044499423825,11.46440122982,11.9158228884014,13.5559139993648,15.1648688880465,15.457274131492,17.5557216552225,16.5114326197336,17.5449817582615,19.8751594908326,19.2680083834702
1056.39999999984,0.610506640759979,1.33003106497677,2.81699270512462,3.89317692699065,5.65508353312795,6.4459720870521,8.16465529190488,8.498144666213,8.1554201873522,9.31269660769325,11.5210343825775,11.8848643118613,13.572795741791,15.1317282417006,15.4089588578241,17.5017801934807,16.5533365323897,17.5753603641737,19.8644707300437,19.2656385650219
1056.99999999984,0.605156666186628,1.31868092919447,2.78520775886538,3.91010640793558,5.64720636211096,6.44247417883584,8.18910351159858,8.49503213405346,8.15262991474301,9.31100101584692,11.5860904427522,11.870585640769,13.6105428100494,15.1065366776836,15.3583516865641,17.4476547566247,16.5710801999177,17.5756577182167,19.8777708211694,19.2799977726971
1057.59999999984,0.625362113681179,1.32841594973926,2.75080929775349,3.92269892574897,5.6363507419895,6.43662552226893,8.20817483624255,8.48741304415809,8.14739514797581,9.3065260628934,11.6355927731642,11.8785489434786,13.6552085900833,15.0778420362343,15.3068013682103,17.3934536115091,16.581369567268,17.6009296465613,19.8675207669046,19.2934978325315
1058.19999999984,0.630242429427062,1.33650801348423,2.7178719442567,3.93771605953556,5.62620896677123,6.43290005464468,8.20967257733778,8.48778714645437,8.14655383128168,9.30750645126498,11.6815273766376,11.8825354370495,13.7031148640044,15.0497074750389,15.2557783242278,17.3392947917373,16.5930830327915,17.6297437711886,19.8570816348389,19.3173963959634
1058.79999999984,0.634351498023342,1.34384500322786,2.68467694058238,3.95230563909582,5.61587337703746,6.42904534004723,8.21017710453998,8.49266392452432,8.1469316988513,9.30813429530578,11.731414774709,11.886953276275,13.7504497126479,15.0214741498816,15.2046623012382,17.2851285083589,16.6022702052343,17.6546303711338,19.8462224893076,19.3405189057869
1059.39999999984,0.637818774271959,1.35055365908592,2.65126753363471,3.9665394299408,5.60537650479684,6.4250830727422,8.21044811944001,8.49724678034561,8.14984982842794,9.30983371780481,11.7807927699462,11.891056142892,13.7973090504607,14.9931586384166,15.153468905884,17.2309560141497,16.6120127377272,17.6799814185381,19.8350138300961,19.3629956235687
1059.99999999984,0.641426895556002,1.3574002064422,2.61790517872301,3.98085130067314,5.59491502693334,6.42114440849969,8.21077037996266,8.50189413910132,8.15198162697214,9.31118599945493,11.8302825565762,11.8952281320663,13.8442727418702,14.9648611632112,15.1022924903418,17.1767848829432,16.6218655848078,17.7054599808499,19.8238818736793,19.3856140641418
1060.59999999984,0.644244692120902,1.36347300228299,2.58427880039719,3.99472504119483,5.58425494035725,6.41707330022957,8.21080508556951,8.50617955209609,8.15506667033653,9.31947088064818,11.8791450473927,11.8990122533587,13.8906508732224,14.9364624810177,15.0510207958631,17.1226061035103,16.6310994228824,17.7302230178825,19.8123195143416,19.4074372546377
1061.19999999984,0.647103360350923,1.3695858127052,2.55066607604967,4.0086214396327,5.57360512483632,6.41300904130608,8.21085466208694,8.51048368312607,8.15815927950461,9.32731530082425,11.92803997883,11.9028164332495,13.9370592868295,14.9080690327465,14.9997540287373,17.0684277196057,16.6403652730252,17.7550230583251,19.800779413303,19.4293015715137
1061.79999999984,0.65002039268481,1.37575576332906,2.51707284937139,4.02255019322347,5.56296997622287,6.40895456314333,8.21092547403401,8.51481454322006,8.16096480077663,9.33496002207328,11.9769812349703,11.9066492565078,13.9835109430269,14.879683058435,14.948494297795,17.0142499005093,16.6496768359049,17.7798759390632,19.7892710967704,19.4512246162226
1062.39999999984,0.653566442079842,1.38254154045126,2.48368975813238,4.03682765332793,5.55249289968497,6.40500549678282,8.2112251500716,8.5194334748539,8.16340855488452,9.33651513602934,12.0264217539573,11.9107907826438,14.0304286447083,14.8513776344603,14.897310399071,16.9600781686131,16.6594810661861,17.8052983042138,19.778105336625,19.4737805980705
1062.99999999984,0.657282250387819,1.38949351662174,2.45036337817506,4.05119922222906,5.54205848358568,6.40108487892407,8.21158659187295,8.52413015113805,8.16516136835847,9.33728176529921,12.0759970138334,11.9150156214086,14.0774721225883,14.8230939493833,14.8461469659205,16.9059080795285,16.66941825738,17.8308743616261,19.7670320254821,19.4965073967805
1063.59999999984,0.660533819276389,1.39599098852883,2.41688190996919,4.06531343195908,5.53150740405527,6.39708646299448,8.21177912294191,8.52861421925515,8.16803111741929,9.34063766407729,12.1252037980221,11.9190126252647,14.1241716405054,14.7947508149784,14.7949275655998,16.8517334978499,16.6796635279567,17.8560301170636,19.7557058942043,19.518767062899
1064.19999999984,0.663263475616966,1.40197749245631,2.38322608667931,4.07913831041924,5.52082516782845,6.3930005840282,8.21126277703185,8.53284105965936,8.17135779839399,9.34362600467056,12.1836912501962,11.9227534899548,14.1704844678206,14.7663408457704,14.7436452452269,16.7975538654557,16.6862176879145,17.8803170357387,19.7440955345838,19.5405015638746
1064.79999999984,0.668784034358492,1.41069637322846,2.3505026188663,4.09451037401384,5.51084428576586,6.38938240946959,8.22476661505207,8.51496257830262,8.17343375904759,9.35248810528322,12.2345643328627,11.9110025516783,14.2188651046449,14.7382882724772,14.6926993868249,16.7434012415212,16.6981675950113,17.9078860415819,19.7408805133381,19.5651516969272
1065.39999999984,0.672097875672004,1.42934486792124,2.31744966671532,4.1093356791216,5.50189779833482,6.3871984115262,8.24658159447008,8.51739320699271,8.17627034719351,9.36683785970728,12.2650984923358,11.8867484816037,14.2665149999612,14.7101093993345,14.6416346264028,16.6892390730893,16.708101101737,17.9372859114631,19.726224304154,19.5852381761502
1065.99999999984,0.67757983918725,1.45770656841757,2.28346654852193,4.12261743232336,5.49228800240891,6.38508448483664,8.26455733802309,8.5226606652339,8.17909291405987,9.38511930467432,12.2350759588399,11.8883388293514,14.2970267409591,14.6647944938596,14.5902341941176,16.6350499596212,16.7179559168513,17.9670545251847,19.7440764390168,19.6233859935944
1066.59999999984,0.684994360809696,1.51013109238479,2.29452537399084,4.09586613546076,5.48421218099843,6.392640886328,8.27212027717535,8.52651279606094,8.16758631237584,9.37866061617848,12.1710759248175,11.8999659176641,14.3025328160502,14.6588816064102,14.6281219111003,16.6505829181254,16.7003506267576,17.9740089102186,19.7305990468865,19.6297126360326
1067.19999999984,0.709093892492067,1.55223476360088,2.31260425895756,4.08076418473146,5.48065371299026,6.40587388500398,8.28024842201786,8.53398939419946,8.1644670184245,9.39340337288738,12.0690433029327,11.8908764185296,14.2822182972939,14.5975254722828,14.6685429784322,16.6663192336275,16.7139925138823,18.0148075614258,19.7125673957132,19.6586238524472
1067.79999999984,0.715707844803162,1.58153157928248,2.33214866993003,4.06809418201607,5.47964164169866,6.42153862395055,8.30450145210009,8.55302400717673,8.16341792252471,9.41419299031205,12.0206019401253,11.8769350315503,14.2470191145526,14.5357130466822,14.7094929146136,16.6820980024652,16.7219428424654,18.010147436247,19.684092066468,19.6755207249479
1068.39999999984,0.716677109746266,1.61149035087535,2.35251647603224,4.05679055160836,5.4774016506934,6.43570148125741,8.33880417876176,8.56683278413478,8.16631793977152,9.43195575252653,11.9665079808585,11.8622469849484,14.2136460853726,14.4742162496833,14.7507399919124,16.6979006234008,16.7303695627548,18.0099678047551,19.6577646414645,19.6814543281556
1068.99999999984,0.720268461230509,1.64401622354345,2.37376024137567,4.04694052033749,5.4758205904032,6.45030375250858,8.37664174850384,8.56554315330789,8.17024572152109,9.45042339362308,11.9019992445179,11.8502153130679,14.182215788223,14.4130552304668,14.7923031793001,16.7137286191108,16.7405298134094,18.0127940944851,19.6328651785127,19.6900263589272
1069.59999999984,0.724058935117722,1.67673704299398,2.39507052744835,4.03720087602307,5.47428956960076,6.46493939304758,8.4145517677404,8.5643447147523,8.17524662333729,9.46786964443108,11.8376485554256,11.8382813645447,14.1509330229966,14.3519197103625,14.8338903722267,16.7295585417923,16.7489214152676,18.0150582785845,19.6080741556258,19.6987987530463
1070.19999999984,0.727821158791024,1.70943020464095,2.41637137598511,4.02744557071277,5.4727514495156,6.4795702993653,8.4524515083058,8.56313333841949,8.18074354910114,9.48489801496538,11.7732754435993,11.8263335516562,14.1196293268838,14.290780572607,14.8754741594009,16.7453881910873,16.7572908906038,18.0172968861811,19.5832677479556,19.7075427208942
1070.79999999984,0.7318374164638,1.74237207316412,2.43775708954282,4.0178310935545,5.47127716821009,6.49424377715424,8.49044367762052,8.56203830227826,8.18699408322523,9.49817052903004,11.7091039634068,11.8145104111041,14.0885138472846,14.2296739658042,14.9170885720747,16.7612202987511,16.7658593339461,18.0197654850004,19.5585996846555,19.716542305899
1071.39999999984,0.73577459582459,1.77523652165695,2.45911638544535,4.00817277796293,5.4697830145137,6.50890400285846,8.528407074765,8.5609070505675,8.19324075130672,9.51227972188983,11.6448697172488,11.8026484612668,14.0573397777163,14.1685572324324,14.9586934513284,16.7770516411485,16.7743658404843,18.0221624897901,19.5338885560991,19.7254623197704
1071.99999999984,0.739539781704303,1.80793258339251,2.48041822356503,3.99841911480311,5.46824563883142,6.52353540558802,8.56630789311148,8.55969703083917,8.2005372568277,9.52668370156674,11.5804989565823,11.7907021021412,14.0260382763339,14.1074184740096,15.0002775956164,16.7928813191098,16.7827376359206,18.0244037792383,19.5090837616169,19.7342092682854
1072.59999999984,0.742867494041324,1.84020034545775,2.50157391510025,3.98842293060002,5.46659832598661,6.53809349572015,8.60404953932947,8.55828666093771,8.20759402982824,9.54603096154462,11.5157809648155,11.7785410440035,13.9944126461139,14.0462236938295,15.0418089995398,16.808706763499,16.7907667873066,18.0262489993605,19.4840407234278,19.7425160168925
1073.19999999984,0.745929665016247,1.87220813459494,2.52264089735519,3.9782795389389,5.46488428256031,6.55260708595669,8.6416945699132,8.55675468080689,8.21681797003266,9.56504607839118,11.4508522078016,11.7662496660579,13.9625902734518,13.9849949090931,15.083308390674,16.8245296381591,16.7985879577316,18.0278538099994,19.4588530740744,19.7505555692653
1073.79999999984,0.749319668203853,1.9045368812642,2.5438173983661,3.96831788674882,5.46325262341496,6.56717561490079,8.67945888028412,8.55537283830532,8.22537204005979,9.58210071967012,11.3861836574718,11.7541191784183,13.9310107951907,13.9238081057221,15.1248473041764,16.8403556853569,16.8061527736013,18.0297554255211,19.4338439588583,19.7589249969238
1074.39999999984,0.752306006460192,1.93647042790396,2.56485904721975,3.95813245590539,5.46151952321586,6.58167649695494,8.71361436569056,8.56282693594444,8.23378062464183,9.60320600492003,11.3132119908323,11.7417905840283,13.8991322372545,13.8625696100391,15.1663375531687,16.8561778261594,16.8143997941152,18.0311449268941,19.4086150117663,19.7668882439833
1074.99999999984,0.756509457866354,1.9695955646856,2.58630729650157,3.94862175283877,5.46009228372176,6.59638134500397,8.74655516041085,8.57000766543843,8.25136517180506,9.6194733768734,11.2439437199619,11.7253859567847,13.8681554514992,13.8014869747932,15.2079745333003,16.872011745357,16.8158630873384,18.0309367990933,19.3810408598767,19.7767552724559
1075.59999999984,0.764444486372501,1.9875147066243,2.60681495585853,3.93755020009041,5.45824250338521,6.60827430139439,8.76393612785635,8.57388407776406,8.26779891316546,9.63140240948613,11.1807903705704,11.7491485453373,13.8350925935975,13.7400437871559,15.2492720798706,16.8878184175597,16.8163213357017,18.0242556237817,19.3605185908836,19.7770352949259
1076.19999999984,0.774573974871913,2.01308486265628,2.6235879660352,3.9202812324746,5.45488238888453,6.61845710020261,8.78039268994739,8.58214232515453,8.27807459949487,9.62953926786611,11.1490808180177,11.7405543862254,13.8275635133534,13.7058697685047,15.2892218921753,16.9035169045002,16.8106944357822,18.022451406422,19.3263754605461,19.7792594955936
1076.79999999984,0.759319214852982,1.99014251590873,2.65253241011916,3.92857456199202,5.44847134178276,6.61116704395742,8.80555380370957,8.58662945774761,8.29159299432611,9.63569130385433,11.135889661257,11.7373738507,13.8252459667328,13.6467037486692,15.2815208001058,16.8780876128871,16.8038384704024,18.0212318122274,19.3444042884048,19.7989951877772
1077.39999999984,0.747169700308687,1.97599432755654,2.6807875704663,3.93572406860485,5.4464571378407,6.60241742219702,8.83018128308008,8.58930680868519,8.30411173523273,9.63418165231913,11.1606647328879,11.7402014396105,13.7491836936794,13.6312275081711,15.2735709640931,16.8526383541018,16.7896129344031,18.0090946898714,19.3711609803788,19.7975083824451
1077.99999999984,0.732423370510368,1.94881388311329,2.70565940752253,3.93725916351466,5.44039923933469,6.59084495093591,8.84100859819694,8.58397509783888,8.3130061027999,9.62779082085035,11.1768916417583,11.7649739252963,13.6920495717212,13.6152271229256,15.2644001778625,16.8270910872575,16.7795657775235,18.0181067421847,19.4258601716576,19.7721111416019
1078.59999999984,0.715235389147452,1.92083752706335,2.73019784347762,3.93824100031607,5.43506262896725,6.57968346767986,8.84715668632907,8.58406485317777,8.31580150836038,9.62793618774355,11.186882484897,11.7950176792187,13.6341760215324,13.5990989364345,15.2551090761574,16.8015341624551,16.7613429514792,18.0245689699372,19.4862674292229,19.7553589389102
1079.19999999984,0.695247465095954,1.89011994345745,2.75380090387126,3.93767064034307,5.42902239261041,6.56805276502881,8.84623010694174,8.60227524907047,8.31621172456815,9.62804089183743,11.2040682793872,11.8251183495404,13.5742279637886,13.582612196352,15.2454804226142,16.7759501417072,16.7413998074604,18.0314249743967,19.5451498660645,19.7357893440967
1079.79999999984,0.674278499060474,1.85844189043499,2.77707622802213,3.93655642273701,5.4227356202656,6.55625765761038,8.84494658130235,8.62003635624088,8.31950060376935,9.63130997068253,11.2204754021334,11.8547375536158,13.5135530415214,13.5659998265102,15.2357334978912,16.7503566271007,16.7226893385119,18.0384715043249,19.6034980372742,19.715232593378
1080.39999999984,0.653305540477661,1.82675992858939,2.80035021838457,3.93543999179311,5.41644784459309,6.54446188111373,8.84366160299854,8.6377956349406,8.32159103213377,9.63634802109836,11.2368793559186,11.8843547982677,13.4528751611332,13.5493869453928,15.2259860918399,16.724763073857,16.7039757424661,18.0455144195764,19.6618440341826,19.6946718252302
1080.99999999984,0.63234803664088,1.79509309740196,2.82362937170688,3.93433212845564,5.41016395270043,6.53266869455102,8.84238224781151,8.65556199146501,8.32191925422013,9.6437630449426,11.2532955764307,11.9139796276495,13.3922087313319,13.5327760433711,15.2162405489618,16.6991696701739,16.6852742510992,18.0525713268761,19.7201984475908,19.6741266081434
1081.59999999984,0.611480349635179,1.76351419957595,2.84693853009648,3.9332740566357,5.40390263178999,6.52089055965324,8.84113557194055,8.67336948148872,8.32271678573163,9.64955780845947,11.2697830862757,11.9436485364624,13.3316088477837,13.5161766430661,15.206505834104,16.6735771356771,16.6666431073072,18.0597095503886,19.778601774345,19.6536717676323
1082.19999999984,0.590660955920745,1.73198258232512,2.87026382180361,3.93224275703909,5.39765344699041,6.50912051783144,8.8399064672944,8.6911990884368,8.32291861344216,9.65570344307322,11.2863089274278,11.9733411461873,13.2710447452527,13.499583427078,15.1967769413258,16.64798506853,16.6480497884515,18.0668914965254,19.8370314011416,19.6332655213797
1082.79999999984,0.569640896144122,1.70025450700337,2.89352207709197,3.93110021473177,5.39135383478129,6.49731684803263,8.83860435150329,8.70893679615813,8.32424475090656,9.66233789413813,11.3026754960966,12.0029352749732,13.210331967085,13.4829645143006,15.1870238569103,16.622391059473,16.6292993011603,18.0738917684254,19.8953517472119,19.6126573585001
1083.39999999984,0.548534750929976,1.66844215146599,2.91675157385795,3.92990994946961,5.38503258928968,6.48549875188249,8.83727091404134,8.72663507925004,8.32396574114083,9.67219017140757,11.3189737371105,12.032487155585,13.1495554072937,13.4663345776394,15.1772603943188,16.5967962173395,16.6104813888477,18.0808141023522,19.9536252120158,19.5919625736926
1083.99999999984,0.527754506271742,1.63694886231099,2.94008994407221,3.92890035283107,5.3787932426534,6.47373527072943,8.83605605354481,8.7444826153285,8.32156146213423,9.68206778820283,11.3355306516157,12.062198978503,13.0890203107182,13.4497463749806,15.1675362212215,16.5712045290504,16.5915357068247,18.0880314923245,20.012076158996,19.5715957204758
1084.59999999984,0.508076193613003,1.60653439751,2.96379643620092,3.92850163130166,5.37283081168292,6.46215645330842,8.83851263177817,8.75547349925481,8.32098173420156,9.68559237526897,11.3474411411531,12.0924515968944,13.0293016473745,13.4332992829515,15.1579448934047,16.5456235045115,16.5760048062525,18.0968365982923,20.071127207099,19.5523376665747
1085.19999999984,0.495851255643269,1.58341700924169,2.98999287377167,3.93223481725719,5.36874141481562,6.45182668572623,8.82186709627048,8.73201060764871,8.31839857495383,9.69498983888619,11.3804430001416,12.1179731608585,12.9751052692431,13.4178066512664,15.1492521198107,16.5201146086753,16.5690874893129,18.1135042441934,20.1337831272781,19.5412459030507
1085.79999999984,0.483029179249797,1.57016523528903,3.01742431332886,3.93801741114976,5.36554052845177,6.44365441720308,8.80869801046016,8.71097880291449,8.31606237738801,9.70563754463676,11.437209098786,12.0985271012199,12.9236479202854,13.4027874277134,15.1410050251587,16.4946414883583,16.5661680306135,18.1348951996249,20.1927242147811,19.5343373189594
1086.39999999984,0.479448495327596,1.56876317895887,3.04438341034511,3.943016182374,5.36432217031788,6.4354361123034,8.79298291051243,8.67508772720002,8.31132129949085,9.72352811457739,11.5019690247524,12.0616829311779,12.8664985102711,13.3944639469212,15.1325874748101,16.4691546852296,16.5632960543561,18.149091361767,20.2686066747628,19.5282589555899
1086.99999999984,0.519890241387956,1.61265697547161,3.05472451893484,3.92316535228725,5.37887237293355,6.44270194624979,8.75113665098173,8.64395351914778,8.29205091001053,9.71491643755229,11.5389833908035,12.0255757079627,12.8624588822571,13.4397309595088,15.1870633957651,16.4871920059201,16.5428582049071,18.1358830855941,20.2712362072112,19.4937948743422
1087.59999999984,0.562602493266368,1.64276598939604,3.0597836756137,3.89454945600057,5.38642061779058,6.44718727209943,8.70835733950292,8.6098504452515,8.26786182865552,9.69961281382113,11.5659146410624,11.9938876493318,12.966480316408,13.497645137807,15.2396332026072,16.5050763191177,16.5065110359421,18.1116982793446,20.2514318516767,19.4543944772548
1088.19999999984,0.606564632674392,1.68062020140149,3.06680435807665,3.86918858809014,5.39689357968437,6.45586065424418,8.66691322685903,8.57464924014996,8.24566953698545,9.67468933334414,11.545260782185,11.9420274821363,13.070594416056,13.5586136978064,15.2929108712548,16.5230174537652,16.4769938029009,18.087732323794,20.2395250459689,19.456037230249
1088.79999999984,0.646031465335268,1.71687100650789,3.07386226123055,3.8438894855698,5.40829515075478,6.465504669475,8.62979163452634,8.5153791819565,8.22491347495192,9.63561129332085,11.5502820927076,11.8949757284025,13.17479106501,13.6195965254579,15.346201971847,16.5409596666212,16.4607777211016,18.0608963011425,20.2290422662675,19.453537934164
1089.39999999984,0.688186014137499,1.75575316602832,3.08181804847563,3.82008036509255,5.42037214526848,6.47559909697633,8.59308889351657,8.4435550976574,8.20521530046418,9.59731770429155,11.553269201119,11.84659956132,13.2809790716682,13.6809235352525,15.3998170946158,16.5589278893702,16.4466991704634,18.0342027872207,20.2200231898399,19.4537431042529
1089.99999999984,0.73086219139705,1.79514601539508,3.08994809589866,3.79656041839458,5.43258022508656,6.48578093990595,8.55657594389681,8.37196990403369,8.18348480081279,9.55646153823612,11.5566703359916,11.7984793939796,13.3875535584426,13.7423173434703,15.4534951031877,16.5769011600854,16.4332400634238,18.0077542569657,20.2112881870421,19.4544731536236
1090.59999999984,0.773465893767504,1.83446790967982,3.09805393166895,3.77300029398527,5.44477009195486,6.49595063736423,8.5200366247227,8.30035151901632,8.16403669910506,9.51307806194143,11.5600139461614,11.7503236581177,13.4940743477948,13.8037018707368,15.5071643744264,16.5948737294379,16.4197241916038,17.9812401111302,20.2025137151461,19.4551302764367
1091.19999999984,0.81616180994237,1.87388008403449,3.10619057326231,3.74949128989723,5.45698313216512,6.50613578817652,8.48353085698906,8.22877536524237,8.14670497688196,9.46567564690792,11.5634307481878,11.7022131780502,13.6006634593432,13.8650982066703,15.5608447626567,16.612847191173,16.4062805447492,17.9548094516219,20.1937894619638,19.455880187737
1091.79999999984,0.858615473384427,1.91305508572507,3.11424628559705,3.7258479888066,5.4691352942297,6.51628034184329,8.44693694704944,8.15708826675471,8.12938277131,9.42080557781817,11.5666552695966,11.6539838075418,13.7070730832447,13.9264635203304,15.614495945698,16.6308183085505,16.3926471573743,17.9281594671323,20.1849332803712,19.4563863365688
1092.39999999984,0.900966408592569,1.95212951340504,3.1222676795581,3.7021477385384,5.48126164067471,6.52640768012918,8.41030566005715,8.08535412172034,8.11324537297831,9.37530782622935,11.5697982536455,11.6057040210695,13.8134065946965,13.9878156788723,15.668134744163,16.6487884317939,16.378933309778,17.9014164770128,20.1760211540119,19.4567891169572
1092.99999999984,0.943294519882583,1.99118159578717,3.13028144874335,3.67843483543547,5.49338225146589,6.53653119354213,8.37366606871894,8.01360952399458,8.09547321022716,9.33240570599138,11.572923121915,11.5574130332966,13.9197231956626,14.0491649146409,15.7217707910517,16.6667583341629,16.3652015857183,17.8746528231206,20.1670965979757,19.4571689311873
1093.59999999984,0.985954546928812,2.03055863361252,3.13840610087208,3.65490593558673,5.5055862727331,6.54671032999016,8.33714724294079,7.94201693404236,8.07917284165331,9.28389426606806,11.5763114380549,11.5092849399115,14.0262857165708,14.1105566547031,15.7754468526073,16.6847314485874,16.3517298292863,17.848189671172,20.1583527999336,19.4578827296955
1094.19999999984,1.02807840644366,2.06941074740358,3.14635163576108,3.63107980197094,5.51765555502458,6.55679961452591,8.30043333581745,7.87017879493746,8.06553934249551,9.23646255623159,11.5792741877922,11.4608937114381,14.132450985207,14.1718797345051,15.829058275577,16.7026993743463,16.3385413995561,17.821241096696,20.1493170104277,19.4580570192392
1094.79999999984,1.06805197666414,2.10615766372327,3.15357882449804,3.60606161820324,5.52918446931525,6.56652854974225,8.2662331221933,7.79902670875009,8.05014607655211,9.19610767830917,11.5920747734039,11.4114471848909,14.2370230814524,14.2329274536892,15.882410466775,16.7206464910645,16.3229519533295,17.791942270658,20.1391101949235,19.4560676187373
1095.39999999984,1.09806893842582,2.13315676285126,3.15747981364292,3.57552381590943,5.53821128650582,6.57458893873493,8.24641453606367,7.78199209158062,8.02891207364499,9.14924819393869,11.5785756427976,11.3782415928538,14.3342182197493,14.2927001547329,15.9345623221588,16.7384972544822,16.2978007663449,17.7551575984132,20.1236475888647,19.4395768513288
1095.99999999984,1.1216555074811,2.15323316705836,3.16159876596604,3.54534770976863,5.54752598857137,6.58116891527739,8.22850206007494,7.75989980127316,8.00954093931559,9.11212171443431,11.5566049814057,11.3557172074981,14.4318967641544,14.3525564066877,15.986792834581,16.756354331854,16.2693786437346,17.7154798566955,20.0926892153261,19.4510701845805
1096.59999999984,1.13212282224011,2.13884408803871,3.17278364348113,3.52689706101971,5.55984015244162,6.58914066878202,8.21742222418698,7.75486661072346,8,9.08105612912546,11.5328527381017,11.3843740275007,14.4729697621728,14.387217327847,16.0415732490261,16.7744160948421,16.2528934603308,17.6701989312073,20.0348425205959,19.4607814836679
1097.19999999984,1.1079762010352,2.09609629368363,3.16356209747495,3.57250386798398,5.55299590859394,6.58025500965708,8.24179903213467,7.75488300733235,8.01778809706374,9.09799314055518,11.5424779631041,11.4100464090879,14.4148792637164,14.378730547872,16.0055169238455,16.6852515886738,16.2827645139017,17.6756538746275,19.9980790162371,19.5207016256331
1097.79999999984,1.05420387796504,2.05142392541834,3.16293692553952,3.63237581579578,5.55028475868313,6.5727877645449,8.2690690848096,7.75533535280177,8.04306357235049,9.12799041359729,11.5536452944077,11.4184798289155,14.3184389463071,14.336591756094,15.97256279843,16.596336102113,16.3200703760775,17.7035337642563,19.9760501169092,19.593740105316
1098.39999999984,0.999591744031094,1.99230869944606,3.16492094442639,3.69657755128337,5.54902443122241,6.5623842976528,8.29970707152802,7.76728587498352,8.07179359536444,9.17963648282798,11.5915801909647,11.4342045540618,14.2179867270157,14.2950511741749,15.9405502596821,16.5074961985533,16.3501818063244,17.7270554590066,19.9220881304243,19.6363156060403
1098.99999999983,0.963668334832927,1.93488927858556,3.16521653673021,3.75797744930154,5.54533082631629,6.5500924019023,8.32598570762648,7.81049901671031,8.1021001140556,9.24244753294485,11.5951048722985,11.4479995823608,14.1137898581426,14.2528633747744,15.9079284132722,16.4186073846773,16.3694631401133,17.7488748007163,19.8672258292906,19.6801698797363
1099.59999999983,0.924148517090836,1.87394886629273,3.1643106784896,3.81738361588548,5.54073344343745,6.53719781358502,8.35860324177256,7.87345743567379,8.1338664475959,9.30492144780846,11.5862524136462,11.4604001394094,14.0069283716185,14.2102150283753,15.8748729957317,16.3296837671997,16.3868629358767,17.7689590127722,19.8104049601061,19.7204053318174
1100.19999999983,0.884425539439383,1.81280955437807,3.16333695071184,3.87667715725129,5.53608500644493,6.52426917936738,8.39114685740446,7.93632281330685,8.16627406316718,9.36893487207619,11.5772387030937,11.472700991613,13.8999163617395,14.1675406658312,15.8417930859039,16.2407581836784,16.4041219582852,17.7884739106875,19.7534734520712,19.7604363578826
1100.79999999983,0.844632793463472,1.75160193718904,3.16233991546213,3.9359320213368,5.5314190366627,6.51132885324934,8.42366508824935,7.9991562390742,8.19772766290507,9.43505632735684,11.5681696160905,11.4849676035966,13.792852659761,14.1248573689316,15.8087047650374,16.1518319249866,16.4213263357862,17.8079256434268,19.696503948906,19.8003971808223
1101.39999999983,0.80465930205995,1.69021736482558,3.16128249867085,3.99508668606076,5.52670764552921,6.49835823748982,8.45611755595289,8.06190688868671,8.22764885734631,9.50528565520484,11.5589570679918,11.4971455110965,13.6856550415575,14.0821509262289,15.7755946540994,16.0629039171632,16.4383891473652,17.8272137371967,19.6394360135924,19.8401761319165
1101.99999999983,0.764899244021605,1.62904175010417,3.16029638346535,4.0543596712712,5.52204989023027,6.48542338927473,8.48864768010811,8.12475528457983,8.25669530560877,9.57453235314919,11.5499139260285,11.5094281653483,13.5786155584224,14.0394718152641,15.7425102739827,15.9739779748031,16.4556191271626,17.8466950641587,19.5824843119504,19.8801698465073
1102.59999999983,0.72535356047904,1.56807601441979,3.15938188424871,4.11375149870019,5.51744600727214,6.47252446632042,8.52125580313971,8.18770185776403,8.28383527667174,9.64427329097191,11.541040937194,11.5218160282309,13.4717349076494,13.9968201565559,15.7094517381468,15.8850541070139,16.4730170123036,17.8663704763709,19.5256493565102,19.9203792715904
1103.19999999983,0.68656789925253,1.50785436329284,3.15872128533639,4.17356465767729,5.51303311802848,6.45975290926291,8.55414045573922,8.2509964990889,8.31227336604809,9.70415581130963,11.5327711925772,11.5345768874766,13.3654173655584,13.9542658243866,15.6764848280898,15.7961375942049,16.4910101725854,17.886733979398,19.469228301606,19.9613534555012
1103.79999999983,0.647871614423653,1.44772021432979,3.15809054435597,4.23342736401003,5.50864268908607,6.44699633006169,8.58705762740574,8.31433207220732,8.3378599362878,9.7672081320077,11.5245723877131,11.5473816100016,13.2591660433985,13.9117229375331,15.643528692956,15.7072219463201,16.5090733354796,17.907178399889,19.4128559201921,20.0024175728095
1104.39999999983,0.60935246150089,1.38775948279566,3.15751897774966,4.29338826648602,5.50429677341646,6.43426943494159,8.62003924745546,8.37774876659273,8.36285848841582,9.82939599409904,11.5165141758235,11.5602732636015,13.1530459601668,13.8692027337443,15.6105939122594,15.6183080125976,16.5271273026789,17.9277831878257,19.356580003039,20.0436599259221
1104.99999999983,0.573945855872534,1.33084602806788,3.15798721838131,4.35507466351978,5.50073304131785,6.42206414605472,8.64484868393475,8.44001356797512,8.38495979938144,9.88595546169789,11.5108726375049,11.574692462901,13.0492319965942,13.8270811149033,15.5780343699792,15.5294241999958,16.543752176476,17.9505144347496,19.3019991479467,20.0880342239387
1105.59999999983,0.541796524733019,1.27712154239436,3.15954361519797,4.41856678714084,5.49798786275445,6.41040471704275,8.66829316059894,8.47534255397319,8.4136732209363,9.94699817038973,11.5132147706822,11.5762637642185,12.9478313826104,13.7853766144092,15.5458675139478,15.4405719090863,16.5676194463614,17.9756820825997,19.2509347200584,20.1413510503894
1106.19999999983,0.507624398274191,1.22937122242038,3.15958699023028,4.47954814649774,5.49291888910243,6.39908418726224,8.70400337221222,8.51350056698335,8.43989689585743,9.98995698920094,11.5092317953212,11.6052876404969,12.8430751377425,13.7430921336198,15.5131546491201,15.3516757889842,16.5879439337145,18.0006230355525,19.2170073796529,20.1443149162474
1106.79999999983,0.476112455652816,1.2058605649829,3.15163511230054,4.52726188761685,5.48236672787983,6.38929125780438,8.72953697379292,8.53899443197551,8.45694649425977,10.0230275222368,11.4724469053256,11.6212659772599,12.8404545236852,13.7223827973531,15.4775565129164,15.2625480625126,16.5958680896064,18.0352584205108,19.2008476605664,20.1122214142188
1107.39999999983,0.465696231328758,1.20317097591828,3.10184003924264,4.52146847524539,5.48620124722823,6.39263022259738,8.74239994109679,8.56764863665842,8.46516436350765,10.0426303937608,11.4318109047125,11.6553934285925,12.9293285994291,13.6632340776247,15.4492963778333,15.3329257915699,16.5898820878445,18.0589590195939,19.2323533698502,20.0372870840453
1107.99999999983,0.469138610869065,1.1991398449381,3.04774745420774,4.50854361268487,5.48754261725715,6.39089147140882,8.75865158660662,8.59796069227306,8.46963579357384,10.051664118129,11.4103862153173,11.6958727506704,13.0115968777594,13.6333407267503,15.4194853864728,15.4031790304085,16.5928727552339,18.0658126647072,19.2479786685637,19.9576980959486
1108.59999999983,0.48203879093057,1.23078310769959,2.9919298442109,4.49275617995249,5.48538416137248,6.38936153679105,8.77182396799192,8.61520108532056,8.47159632578454,10.0364083070527,11.3543342999964,11.7213262100383,13.081471335425,13.5999770623915,15.3890518800813,15.4733822987496,16.6011781996175,18.079968354836,19.2949974200437,19.934402899824
1109.19999999983,0.472902908412281,1.26258670714427,2.93806978006182,4.48021717114293,5.48511277325237,6.38937117589466,8.78925263657205,8.61885592672014,8.47171749389256,10.0257811349572,11.3120316401776,11.7443722724005,13.1556873044743,13.5673637758723,15.3593247992436,15.5436422732498,16.6136480027034,18.0999348446444,19.3344640809459,19.9109189994095
1109.79999999983,0.467250368291086,1.2978006028865,2.88537339450209,4.46960921358946,5.48571674956654,6.38996455973836,8.80003653697952,8.604820438588,8.46889909289332,10.0156592707087,11.2895488004863,11.7636645643577,13.2324841192551,13.5351965573865,15.3300176586556,15.6139359571741,16.6271105166367,18.1224969027133,19.3758277352069,19.8909401498284
1110.39999999983,0.461626839509183,1.33304290159676,2.83268670074709,4.45901733897492,5.48632801643435,6.3905628053541,8.81083099298682,8.59079823680106,8.46675902937664,10.0057229534447,11.2670889876534,11.7829710942165,13.3093024288482,13.5030330540196,15.3007140155788,15.6842299218505,16.639580440221,18.144596996063,19.4172071887524,19.8709904923872
1110.99999999983,0.456000425196922,1.36828237528658,2.7799990430243,4.44842386471659,5.48693855816797,6.39116056740751,8.8216243991112,8.57677471352506,8.46510332621548,9.99511898245467,11.24462688452,11.8022762079427,13.3861186005209,13.470869181139,15.2714100246319,15.7545238586027,16.6520481037601,18.1666944769802,19.458585070867,19.8510379314329
1111.59999999983,0.450752407218466,1.40389231029396,2.72743779599007,4.43804016102651,5.48764419095326,6.39182174179419,8.8325554824754,8.56292448477678,8.46387456382986,9.97992285488186,11.2224651217787,11.8217670273427,13.463215130094,13.4387537647374,15.2421516518967,15.8248214572178,16.6648121400848,18.1891345413139,19.5001690238326,19.8314661250044
1112.19999999983,0.445568468235144,1.4395649805523,2.67489795579618,4.4276919806384,5.48836592679902,6.39249365465329,8.84350988059824,8.54910360234668,8.46364171848004,9.96261810964208,11.2003542197588,11.841289294809,13.5403591364816,13.4066465541302,15.2129010043133,15.895119675946,16.6776263652421,18.2116326199546,19.5417878735766,19.8119587969157
1112.79999999983,0.440161623392675,1.47501941931394,2.62228364954481,4.41722022852253,5.48903164637115,6.3931282125505,8.85438317575918,8.53518063550893,8.46531659633439,9.94490699303678,11.1780663931042,11.8607021667048,13.6173379895284,13.3745107987615,15.1836234839362,15.9654157375425,16.6902660030039,18.2339288894233,19.5832853310238,19.7922271738033
1113.39999999983,0.433353011134697,1.50910148588999,2.56920105549997,4.40597138233613,5.48934510159544,6.39352785976128,8.8647464462412,8.52061569991886,8.46722503257302,9.94159179088844,11.1546659568983,11.879427092817,13.6932782580692,13.3421955365968,15.1541769711116,16.0356982337852,16.7018077291941,18.2549560602581,19.6240193999859,19.7710850473641
1113.99999999983,0.426208438775878,1.5428546374886,2.51600622741931,4.39453629084298,5.48957412999935,6.39387120617848,8.8749874796526,8.50589690436289,8.47073706411959,9.9394966688669,11.1309988627483,11.8979871396974,13.7689696101696,13.3098372522298,15.1246899560474,16.105977478834,16.7130863200893,18.2756790675773,19.6645705084442,19.7496048670975
1114.59999999983,0.419427951576174,1.5769642393371,2.4629330290997,4.38330303627026,5.48989465305473,6.39427556663675,8.88536098326864,8.49134484923244,8.47156878505017,9.93769490715649,11.1076207499379,11.9167258687523,13.8449307168675,13.2775255916891,15.0952468338869,16.1762602472518,16.7243958904266,18.2967317016042,19.7053198940311,19.7284910409938
1115.19999999983,0.410429586130757,1.60890247211127,2.40911890521827,4.37084026243862,5.48965782299636,6.39430825109844,8.90256751612134,8.48195380451219,8.47375763956976,9.93756298509904,11.0772564789578,11.9343761290849,13.9192485737962,13.24492991526,15.0655363316541,16.246521552549,16.7376611326535,18.3161192671013,19.7448614453542,19.7051455146742
1115.79999999983,0.405607168516554,1.6449290825925,2.35669983830129,4.3606924976895,5.4904704092128,6.39504074835409,8.91594123222855,8.45500787051271,8.47344524908723,9.9405973574398,11.0514222248723,11.9522898514282,13.9966604352419,13.2128690001665,15.0363292678924,16.3168232698357,16.7531506694151,18.3365923567636,19.7863876588409,19.6836304768145
1116.39999999983,0.404401764917951,1.68116516449427,2.30522158578994,4.35210595513383,5.49269471185951,6.39569329265153,8.90726534097834,8.42589053213215,8.47421528415243,9.95030005553189,11.0106864544895,11.9511705571771,14.076158866695,13.1811687235136,15.007461718701,16.3871522406202,16.7750113609078,18.3585481376036,19.8496994556064,19.6895974405015
1116.99999999983,0.414372505732628,1.71361712516912,2.25974260014867,4.35347481773124,5.49835837465112,6.39168192764975,8.90445419014366,8.40500272807399,8.48158799978397,9.96239908252225,10.9963121148798,11.9292641237808,14.0430243464817,13.1633599076374,14.9807591432835,16.4576549980785,16.8132723888978,18.3822935916081,19.9026627917211,19.7396485277012
1117.59999999983,0.416518563112799,1.74806876556195,2.28987329516405,4.35384464212929,5.50246891162675,6.39297397592252,8.88428839821361,8.36860455541504,8.47055970114836,9.93731005618778,10.9507364327233,11.8868888604849,13.9345411804088,13.218755671464,15.043208675973,16.5175549006538,16.8180447751754,18.3668464392178,19.9359303002065,19.8225455470487
1118.19999999983,0.439705108120369,1.80968238304858,2.31264836115292,4.34200826385073,5.50712461157466,6.4014953198249,8.85013788949597,8.3362798305439,8.45100424786444,9.9010960530059,10.8652542416437,11.8636690664965,13.8335859418779,13.2953909265589,15.1030037603488,16.5772417254728,16.7986171815914,18.3343065321316,19.9945075414248,19.9102312734959
1118.79999999983,0.44382259230155,1.82675116636437,2.33509450999578,4.32962606830462,5.51450334678229,6.40969930488251,8.82093525284102,8.30560727561902,8.43065544887733,9.87980781753966,10.8478524933184,11.8679395340797,13.7433108561413,13.3724345119994,15.1626801473886,16.6369190222249,16.7758610943249,18.2931299212329,20.0399304369289,19.921310909321
1119.39999999983,0.455020431983229,1.84285937395315,2.35796459759384,4.31794737239596,5.52113941894606,6.41722000890512,8.78102755051475,8.27606079503432,8.4123519023562,9.8516960614436,10.8443998640336,11.8706140303226,13.653975996117,13.4496406041053,15.2225095225028,16.6966085996285,16.7572039129032,18.2523324158203,20.0855372665446,19.9284538995931
1119.99999999983,0.466918855845741,1.85965347438671,2.38106872902527,4.30665705747371,5.52795154801189,6.42485811807516,8.73966524843499,8.24385362918481,8.39551029750478,9.82187596250745,10.8383242328458,11.8774166564677,13.5651602064217,13.5269364112522,15.2824233577307,16.7563049568104,16.7367552080533,18.2116296100288,20.1315256272825,19.9363018401319
1120.59999999983,0.479183984773648,1.87680659003668,2.40429536544862,4.29557003186237,5.534855830112,6.43255768033484,8.69843636979661,8.21181440360093,8.3771771176439,9.78969035166522,10.8325396624664,11.8843992505606,13.4766161124407,13.604279177724,15.3423814017094,16.8160048627151,16.7167341581856,18.1718347956037,20.1777136919237,19.9445187710673
1121.19999999983,0.491802335123961,1.89430552001371,2.42764000238953,4.28467882067068,5.54184887680503,6.44031643607118,8.65733600865731,8.17993694316674,8.35711369599504,9.75628574744853,10.8270354506714,11.891555195229,13.3883337239983,13.6816671768392,15.4023820288956,16.875708186857,16.6969897632626,18.1323597723365,20.2240941174114,19.9530911247255
1121.79999999983,0.504162103502158,1.91155129051342,2.45089825497036,4.27364426007946,5.54877694181226,6.44803185817892,8.61614156401611,8.14794105970164,8.33646778697427,9.72643820717059,10.8213259974299,11.8985842355511,13.2998597494006,13.7590220626001,15.4623514822938,16.9354090086181,16.6770428382079,18.092650640312,20.2703337217487,19.9614032849108
1122.39999999983,0.516368581752274,1.92864698539733,2.47410529798887,4.26252472044801,5.55566648498883,6.45572159165329,8.57489134567987,8.11587497381124,8.31535158030126,9.69887945133255,10.8154948748881,11.9055380456346,13.2112722005037,13.8363573184141,15.5223024555406,16.9951083469413,16.656975851149,18.0528027261401,20.3164898458186,19.9695611996534
1122.99999999983,0.528730424832305,1.94589478709213,2.49736424366439,4.25149131000373,5.56259507136892,6.46343736144327,8.53369765590652,8.0838800404993,8.29289891005073,9.67161371310512,10.8097870683771,11.9125681041587,13.1227997630749,13.913712469856,15.582272159058,17.05480918878,16.6370305510708,18.0130954724596,20.3627305800177,19.9778754474702
1123.59999999983,0.542566162726197,1.96458557585072,2.52111557270005,4.24127497870379,5.56989404772214,6.47140012915789,8.493040233934,8.05256010819265,8.27010307575679,9.62935195200364,10.80524912031,11.9203215064498,13.0354193501147,13.9912563645464,15.6424195504636,17.1145242939725,16.6182396551781,17.9747226183907,20.4097739825602,19.987672775515
1124.19999999983,0.556569768176467,1.98344071196301,2.5449229811728,4.23115170769421,5.57723520921579,6.47939102841734,8.45244388956652,8.02131705434998,8.24785736854435,9.5845331616408,10.8008444119262,11.9281572931482,12.9481633120268,14.0688217559322,15.7025871794271,17.1742410236733,16.5995802388238,17.9365017442324,20.4569088040915,19.9976390172785
1124.79999999983,0.570238484460818,2.00196798157514,2.56861851337646,4.22084278506922,5.58449221301515,6.4873258063524,8.41172569778167,7.98992063099847,8.2283349691476,9.53935857660503,10.79617389562,11.9358287261975,12.8606591509655,14.1463442622569,15.7627144352593,17.233954512544,16.5806102200898,17.897977676136,20.5038612483395,20.0072682828236
1125.39999999983,0.584523213566849,2.0210983461466,2.59251983669912,4.21087535983231,5.59190402092287,6.49536381681604,8.36471033347602,7.95449864750381,8.21298190304674,9.4953736135625,10.7975094986676,11.9438024800304,12.773611400408,14.2239456536283,15.8229159555618,17.2936739627688,16.5589890691665,17.8604586943804,20.5511491669961,20.0175174002249
1125.99999999983,0.589081028007393,2.03070577061341,2.61317169412921,4.19551565080603,5.59687145381291,6.50177177355205,8.32305466115494,7.98188967036895,8.1927575680665,9.43996356720488,10.79260890038,11.9535032867033,12.6793568744957,14.3003014408666,15.8819448311748,17.3532992825138,16.5287778574737,17.8163104626208,20.5910605660333,20.0195483055025
1126.59999999983,0.61151661918925,2.04116889323969,2.63598301946102,4.18373944262113,5.60353600922605,6.50895271896428,8.28293587270036,8.00940322997696,8.17533990458651,9.38929613307894,10.8020418977379,11.9450881465058,12.5898916895299,14.3774850078793,15.9417530005704,17.4129871576929,16.5034273185865,17.7788449476122,20.5942230662431,20.0238901591961
1127.19999999983,0.620737287276366,2.05023931655657,2.65485126946439,4.16541994951596,5.60967137101828,6.51841203568595,8.24140449825356,8.03339152914634,8.15495788746378,9.34201404553266,10.80948757508,11.9378317819918,12.5877615678159,14.4275132323644,16.0001382203192,17.4725608099243,16.4578860015145,17.7174721280677,20.6154270733678,20.0223500283293
1127.79999999983,0.611594679210119,2.00959604627349,2.70722363512431,4.15272866065491,5.60300080246646,6.51009485001976,8.21513864021873,8.05659911254197,8.14987133498907,9.32600467321443,10.8672383445288,11.9193807969771,12.6328913257984,14.4903224062991,16.002714633943,17.3857040054078,16.4453098936106,17.6886971888457,20.5825329256887,19.9709274626934
1128.39999999983,0.571025596302297,1.93902390704355,2.7689500926446,4.15555989750262,5.5931411070557,6.49827936769987,8.20107296142474,8.06925132912939,8.15617808031649,9.33085861427733,10.9496299579449,11.8943117702791,12.690450101147,14.4842221615992,16.0086666872705,17.299118170044,16.4669525048912,17.686162616428,20.5468808768705,19.9013122896539
1128.99999999983,0.546998767951846,1.90846388770687,2.83037050679089,4.15788327466538,5.58171688511039,6.48725258040415,8.18516149109622,8.09205420755402,8.16346655079586,9.34161364690282,10.9729455236487,11.8427659341212,12.7489934507354,14.4799833322211,16.0145082977902,17.2125234692204,16.4811563125644,17.7047119348812,20.4948490466045,19.8788162203232
1129.59999999983,0.54137075114959,1.88015306100579,2.8895522718381,4.15649175478161,5.56992347201555,6.4756906706648,8.1762184787058,8.12239831923889,8.16946101920433,9.35121595611552,10.9847696516788,11.7921607576502,12.8025718486404,14.4748863708729,16.0195420401664,17.1258639192428,16.4881606027772,17.7166286498483,20.4520993181033,19.8472958292145
1130.19999999983,0.53083090388152,1.84703340550524,2.94709314394641,4.15237727651422,5.55689571523534,6.46330562760459,8.1795261198697,8.16391354016409,8.17426995674056,9.36006488666301,10.982920703493,11.7499614290422,12.8525110186899,14.4691604129159,16.0239836284919,17.0391568359028,16.4978241483968,17.7251640156247,20.4066746559594,19.8108329967659
1130.79999999983,0.51968577243375,1.81332115870643,3.0044318090482,4.14792724846743,5.54371585045601,6.45081914994077,8.18261353201385,8.20515155852343,8.18116155418932,9.3707950478381,10.9805913296989,11.7074650449523,12.9020017272017,14.4633569437951,16.0283522457569,16.9524438950333,16.5083938005855,17.7332415322543,20.3609203621178,19.7737611079649
1131.39999999983,0.508432413846258,1.77950295430394,3.06173431875938,4.1434172228293,5.53050878818131,6.43831453537963,8.18566156636138,8.24634001199701,8.18849951224866,9.38201944742981,10.9781760539583,11.6649155461991,12.9514122490653,14.4575396153801,16.0327078155156,16.865729906815,16.5188786856244,17.7412210647865,20.3151071288605,19.7365803175451
1131.99999999983,0.497292904499085,1.74579621170962,3.11907486203372,4.13897031149146,5.51733033623665,6.42582899987746,8.18875102407316,8.2875806051151,8.1962301421478,9.39148144518381,10.9758511425327,11.6224219212691,13.0009071230517,14.4517368662113,16.0370771105625,16.7790170203523,16.5294527412325,17.749303671419,20.2693558967585,19.699514085882
1132.59999999983,0.486056217954766,1.71199432973557,3.17638294136667,4.13446952828952,5.50412746364874,6.41332717924709,8.19180512444377,8.32877669390008,8.20442747216936,9.40129223725023,10.973449099711,11.5798806046592,13.0503299974109,14.445921672776,16.0414346902476,16.6923031934747,16.5399506843786,17.7572982980866,20.223551742929,19.6623500714067
1133.19999999983,0.474913511533305,1.67828445710999,3.23372241659588,4.13002084459812,5.49094820827886,6.40084110797351,8.19489341891921,8.37001582285103,8.21234142615718,9.41052365952281,10.9711216507066,11.5373854107002,13.0998225026507,14.440118514198,16.0458035998658,16.6055902760729,16.5505222359302,17.7653780102286,20.1777987697323,19.6252806227449
1133.79999999983,0.46317593431127,1.64399218819548,3.29086316361132,4.12524238396458,5.47761946179348,6.38825534718899,8.19776527321656,8.41098251825744,8.21822781503818,9.42892892677068,10.9683220413942,11.4945982718333,13.1488742617369,14.4342391779672,16.050100793826,16.5188716019152,16.5606278645845,17.7729191524822,20.1317218358599,19.5876125960066
1134.39999999983,0.451121015647231,1.60938923252686,3.34789789651771,4.12028799960063,5.46421096735929,6.37561640575898,8.20052166473079,8.4518038805028,8.22408419778261,9.45071267093744,10.9652705521226,11.4516553912188,13.1976908991466,14.4283192037926,16.0543597301506,16.4321498567423,16.5704849407061,17.7801729877361,20.0854720810186,19.5496252501326
1134.99999999983,0.438856207946452,1.57458078921964,3.40486251189048,4.11521725961012,5.45074972778077,6.36294229074944,8.20320168937604,8.49252911966699,8.2301264209339,9.4740474641683,10.9620524699168,11.4086095033035,13.2463520275188,14.4223723517579,16.0585933629465,16.3454260804058,16.5805597857518,17.7872367986772,20.0391080227116,19.5114267071789
1135.59999999983,0.426480920141107,1.53966418258883,3.4617902192257,4.11008527305815,5.4372607245365,6.35024966128669,8.20935691972354,8.53413567975078,8.23579037097907,9.49777976667954,10.9478403538478,11.3655093950365,13.2949312999971,14.4164113519199,16.0628136766261,16.2587012349177,16.5952506700479,17.7948858001718,19.992683798047,19.4731169956009
1136.19999999983,0.419853375026381,1.51037478779877,3.52063807230856,4.10813964732068,5.42521612983534,6.33852024880699,8.21366875902349,8.51464674983878,8.25049652624406,9.53140205688735,10.9412155014085,11.3310767385695,13.3477691366546,14.4111863934987,16.067726919171,16.1720320121833,16.6156272746503,17.8090462641221,19.9527525834745,19.4363307854152
1136.79999999983,0.380817560002145,1.47258042759661,3.57663097515921,4.10145641166037,5.41135550239064,6.32655925153763,8.23835519269307,8.48699533220272,8.26431566665106,9.5578385018701,10.9414205528513,11.3208810878045,13.3942751681316,14.404867058978,16.0716098870988,16.0852800872928,16.6237654104106,17.8186708322496,19.928080512174,19.4014905214552
1137.39999999983,0.34770025806333,1.43562649542523,3.63380813304529,4.09673837257118,5.39800164472652,6.31318336228796,8.2636768195558,8.45584117045788,8.2793820874222,9.57923540218771,10.9504954190449,11.33111564944,13.3999391028189,14.4025681073831,16.0759202207612,15.9985624678846,16.6431811257193,17.8571607913148,19.8849689902368,19.3490472853026
1137.99999999983,0.360902325081815,1.46969041588846,3.60168786200345,4.11425995075181,5.40097109020162,6.31973696785232,8.28715080103556,8.43995635615763,8.28966181203296,9.59023622166297,10.9346488732396,11.3686364745227,13.3988703040273,14.3265505444117,16.0605698925323,15.979339778046,16.6402522712325,17.8784017889408,19.8820926310806,19.3547748044541
1138.59999999983,0.417965557020434,1.53766743011015,3.5660750377715,4.12598585714663,5.40715348172109,6.33411905252573,8.30458282620707,8.43738477495349,8.29503970624512,9.59391653273914,10.9099954939219,11.3869343501845,13.380617196718,14.3044894956586,16.0439591959615,15.9600159159983,16.620020116701,17.8934322019543,19.8351773078471,19.3651047362727
1139.19999999983,0.479532254869046,1.58326611210852,3.53058474891762,4.13791510327624,5.41333064995184,6.34817093130339,8.31536760513578,8.41898615329634,8.3001023534268,9.59222651342672,10.9076765423743,11.4162707886434,13.3652565296333,14.2813347519242,16.0273927191071,15.9406956035537,16.6154715768197,17.8975986284091,19.792628162882,19.3789975456897
1139.79999999983,0.519905079288035,1.62950101925445,3.4972945245378,4.15349521769968,5.42125004253732,6.36420582210753,8.32151539823368,8.38406516365832,8.30978666489388,9.59151366365144,10.8999876128853,11.4442319418935,13.3547752399469,14.2590233496777,16.0116201862445,15.9214390225441,16.616896542802,17.907043841193,19.7419068082392,19.4249003669052
1140.39999999983,0.564653942717187,1.6800201993566,3.46546620149287,4.17150126522425,5.43026913434094,6.38097405734426,8.31825046836089,8.34255752924046,8.32115228511467,9.59403346112984,10.9032099677821,11.4586076025365,13.347536204483,14.2372723319391,15.9963752141853,15.9022247898707,16.615613650935,17.9188537228579,19.6935686005832,19.4752064989231
1140.99999999983,0.610329249201363,1.7314463948924,3.43394737485171,4.19002090251899,5.43952104141403,6.39789754756238,8.31532261924205,8.30147417882444,8.32810307453259,9.59507876537533,10.9071676582155,11.4734379338902,13.3409835806108,14.215639952159,15.9812419310394,15.8830195226846,16.6135865065849,17.9310451507871,19.6457349245296,19.5264448476531
1141.59999999983,0.655606982644839,1.78248335454158,3.40229573116835,4.20832013830552,5.44867303832631,6.41475441178044,8.31225011555341,8.26020875150602,8.33674812287762,9.5978610480721,10.9108097873386,11.4880731482124,13.3341363906103,14.1939566601791,15.9660607178015,15.8638104080564,16.6112479696045,17.9428766335517,19.5976847341828,19.5772831456397
1142.19999999983,0.700487663850921,1.83313158818616,3.37051144442732,4.22639926130018,5.45772525595572,6.43154473727559,8.30903314678615,8.21876148579798,8.34614947918363,9.60372645622736,10.9141367685229,11.5025135010978,13.3269950203506,14.1722225226922,15.9508316372579,15.8445974510261,16.6085984479049,17.9543486426643,19.5494183131669,19.627721916932
1142.79999999983,0.745506007132213,1.88391459711581,3.33877314639221,4.24455469965302,5.46681206808392,6.44835813242712,8.30586626554049,8.17737726532105,8.35519015466802,9.60866479917674,10.9175730147237,11.517021414438,13.3199556453982,14.150506013863,15.9356191527992,15.8253858261959,16.6060567477909,17.9659452849719,19.5012268615375,19.6782992082191
1143.39999999983,0.790349778101424,1.93452669453558,3.30697652906538,4.26261336081793,5.47585501016564,6.46514227243888,8.3026358672046,8.13591309579685,8.36481990339242,9.61458900983879,10.9208706995485,11.5314436528763,13.3127869279482,14.1287671497444,15.9203856224795,15.8061725119733,16.6033783167476,17.9773838771776,19.4529403395766,19.7287008392474
1143.99999999983,0.834909521963788,1.98486072093082,3.27508502693407,4.28051456663171,5.48482657619564,6.48187881468092,8.29930212730693,8.09431885010924,8.37731310391728,9.61937199048802,10.9239429466378,11.5457264992524,13.3054077717699,14.1069919138315,15.9051178507903,15.7869564491291,16.6004774260837,17.988565323719,19.4044991392999,19.7788166730923
1144.59999999983,0.880059386148414,2.03577249275477,3.24339066602643,4.29874291587761,5.49394643954526,6.49871425034027,8.29618309915427,8.0529948623851,8.38839849484953,9.61998155017654,10.9274835834897,11.5602989591429,13.2984658420647,14.0852922472372,15.8899212220571,15.767746097069,16.5980387375821,18.0002810392744,19.3563793126363,19.82952630493
1145.19999999983,0.925805160963737,2.0872676788924,3.21189538070813,4.31730161851349,5.50321605531984,6.51564954976714,8.29328088951568,8.01194378441749,8.39714337257601,9.61774736257419,10.9314972059824,11.5751638742591,13.2919654289345,14.0636688914536,15.8747964343403,15.7485415118276,16.5960209050744,18.0125362661345,19.3085840129296,19.8808355611546
1145.79999999983,0.97153714776304,2.13874936615035,3.18039548923368,4.33585267752363,5.51248220616406,6.53258253857367,8.29275611642188,7.96645542293957,8.40209723982645,9.61391229670256,10.9483365829878,11.5900220226268,13.2854548001153,14.0420437700116,15.8596699843859,15.7293367931551,16.5935847879744,18.0218692290254,19.2607812044075,19.9321309434353
1146.39999999983,1.0161094985528,2.18909573510422,3.14850819869279,4.3537608722062,5.52145694031667,6.54932119350711,8.29351743219323,7.96180648790436,8.40040191178466,9.60480524788893,10.9486581708202,11.595507590967,13.2780849845446,14.02027014851,15.8444037325462,15.7101208523122,16.588545601928,18.0273547632065,19.2079044652626,19.9856732297027
1146.99999999983,1.09153685571758,2.24860286479284,3.11595904242222,4.37057074243705,5.52988941501821,6.5652925764325,8.27476419405478,7.97670307680744,8.39221330040312,9.60186668636348,10.9322389565546,11.6069962400643,13.2692472607741,13.998242816794,15.8288986311975,15.6908857385527,16.580391348136,18.0247900096151,19.1570544696518,20.0335907403066
1147.59999999983,1.16212495246883,2.29656096013712,3.08112382150641,4.38358703251178,5.53472899555835,6.58355247868205,8.26051654756058,7.99800519583676,8.37955363017696,9.59944756943682,10.9072271230524,11.6198704952026,13.2496433006211,14.0077270620135,15.8125685507123,15.6715844021063,16.5577099415918,18.0038279037295,19.127083671345,20.0786160195785
1148.19999999983,1.21776358279426,2.32084686151426,3.08904627108386,4.32035475932465,5.53681854095399,6.59001281929904,8.24442268863367,8.01076699222065,8.36745243316136,9.59767344285596,10.858975157157,11.6444605796057,13.2135523361866,14.0971821468949,15.8058688202233,15.7173070131728,16.541885617989,17.9910294209129,19.099582898065,20.1044215424602
1148.79999999983,1.23298933866685,2.3023157490418,3.09815644769366,4.25909344422626,5.54235493798549,6.58691847110426,8.22960047105148,8.01264322343073,8.35672895262048,9.59286642349353,10.8220577394143,11.7042151168526,13.182590735772,14.1288826311122,15.7995977084174,15.7630640303167,16.5245979183946,17.979268483363,19.1293099930865,20.1556711641022
1149.39999999983,1.22096528918141,2.27103625105169,3.10943150971764,4.20142461998965,5.55070323384519,6.58634798057577,8.23236547702795,8.01876014131142,8.34997983478777,9.57462725023741,10.8134442209376,11.7611790672525,13.1261127240584,14.1628097709859,15.7941078454284,15.8088837598292,16.5007482168147,17.9678864647555,19.1705110391951,20.1836815649334
1149.99999999983,1.1962423721755,2.23543621736045,3.11997970057418,4.14254959887555,5.55717227617867,6.58398774760252,8.24398747344632,8.04530380762925,8.33724273513454,9.55194324423469,10.8214549913646,11.8093401125235,13.0680226328779,14.1964582823838,15.7883556742194,15.8546824333486,16.4701722635188,17.957361731872,19.221886307642,20.1911042020531
1150.59999999983,1.16852445946479,2.19690399338395,3.12952735459906,4.08201424996714,5.56288867567247,6.58112560790141,8.2524684518638,8.07965239582884,8.32621484626038,9.52584881601551,10.8264241068837,11.8699140374245,13.0077135172736,14.2297232621939,15.7822424362256,15.9004521233318,16.4398921619091,17.9454529395651,19.2716305314506,20.1955131784459
1151.19999999983,1.1399538936277,2.15753699651884,3.13879016318757,4.02100621801489,5.56839080331619,6.57812057906691,8.26063919754722,8.11361049367038,8.31914985723128,9.50172342934019,10.8307164553427,11.9300695055179,12.946772661827,14.2628790533976,15.7760264051884,15.9462135619166,16.409373259185,17.933712941774,19.3209104089122,20.1990641879192
1151.79999999983,1.11184896103484,2.11862586851329,3.14820852565906,3.96025631792469,5.57400994465941,6.5751935818829,8.26897936109787,8.14778183801025,8.30999372740876,9.47571767694383,10.8353783857945,11.9904534925678,12.8861767990429,14.2960944724188,15.7698665093565,15.991979506584,16.3792190561403,17.9223945078657,19.3704438655719,20.2030837324953
1152.39999999983,1.08402806853124,2.07999282424244,3.15772177727206,3.89966388038265,5.57970046531683,6.57231418464422,8.27742287093387,8.18208326445909,8.3002653663353,9.44755128802434,10.8402657642863,12.0509768780512,12.8257913846061,14.3293462648967,15.7637408564591,16.0377481999986,16.3492873228845,17.9113332313755,19.4201320076173,20.207389087318
1152.99999999983,1.05604841833383,2.04120435144556,3.16718199277557,3.83898343276051,5.58535109014356,6.56940818250774,8.28580861773377,8.21631198449638,8.29030498410292,9.42138778240999,10.8450271337665,12.1114223499771,12.7652883448919,14.3625777272652,15.7575960642587,16.083515357064,16.3192312452422,17.9001282226441,19.4697336918139,20.2115346950581
1153.59999999983,1.0281141694726,2.00246032791342,3.1766573754825,3.77832815415625,5.59101312433244,6.56650978880824,8.29421088353794,8.25056149702666,8.28048291020852,9.39454780461311,10.8498245391538,12.1718901035294,12.7048189435144,14.3958150036141,15.7514567454935,16.1292829534928,16.2892107274595,17.8889643182878,19.5193601011231,20.2157259870785
1154.19999999983,1.0008655546826,1.96438756062425,3.18636180764713,3.71805296868684,5.59684745845943,6.56372629489064,8.30286261319266,8.28512501004257,8.26949312820493,9.36218456808298,10.8551661453891,12.2326943459051,12.6448575357708,14.4291400805312,15.7454000845061,16.1750571850228,16.2597272214323,17.8784211568975,19.5693598998757,20.2206071860891
1154.79999999983,0.973297717073165,1.92600226465625,3.19595959719182,3.65760081651282,5.60260157184719,6.56088930504296,8.31139819553634,8.31954232828122,8.25884849939207,9.33267896372189,10.8602543783801,12.2933419232091,12.5846596124179,14.4624242785799,15.7393049390706,16.220828327331,16.2299936893142,17.867588985191,19.6191858530803,20.2251671728615
1155.39999999983,0.945150699655444,1.88704993434963,3.20536390040529,3.5968275859703,5.60821013726802,6.55795525520886,8.31972304677552,8.35369439899396,8.25115443850833,9.30531649766803,10.8648829053033,12.3537052562779,12.5240325685359,14.4956343083247,15.7331399696312,16.26659386473,16.1995025559009,17.8562324495312,19.6686963907661,20.2291443703372
1155.99999999983,0.916841209710703,1.84793853858426,3.21471392649666,3.53596428596548,5.61377787332006,6.55499397793857,8.32562530283467,8.39390342902211,8.24638660741887,9.27826453211702,10.8605056734421,12.4139888526595,12.4632851470168,14.5288235322479,15.7269554130409,16.3123578298302,16.1682525628294,17.8465278057707,19.7181184475421,20.2329580827458
1156.59999999983,0.888356965132321,1.80865605281077,3.22400557238822,3.47500410769963,5.61930169350819,6.55200341497474,8.327917120288,8.41819614034059,8.24170944952896,9.2523593703586,10.8705300749453,12.4811363437284,12.4024082479162,14.561990377534,15.7207497886094,16.3581201037736,16.1363633768839,17.8404827665664,19.7676609029118,20.2383668238425
1157.19999999983,0.852952258956877,1.76469746667276,3.23399985465041,3.4152099101938,5.62515846110527,6.54969621622041,8.33461204718652,8.42917297718221,8.24081192580935,9.22905259007591,10.8976168727539,12.547452835976,12.3430896795218,14.5954265614733,15.7147977267128,16.4039027316769,16.1155722468598,17.8376585313367,19.8122638838049,20.2240009887852
1157.79999999983,0.821882765154245,1.73901972632173,3.24918887590423,3.36403605454746,5.63495385333434,6.54863565739791,8.33715973833448,8.43941061130365,8.24570480439923,9.20749422968193,10.91711041816,12.5786762894139,12.3075584483363,14.5977035573815,15.7107203061552,16.4498358407025,16.1155295204375,17.8439341658619,19.8418463066638,20.2211534167702
1158.39999999983,0.774878385475402,1.7106411938404,3.21627210642687,3.38392713733048,5.63761959493178,6.55749849115833,8.34388321663649,8.4579698086305,8.25529241397246,9.19361599945568,10.950776936961,12.5742500206517,12.2967883138906,14.5525382777864,15.6971245823869,16.406496112247,16.1360619381057,17.8583261581883,19.8960564784694,20.2130856033938
1158.99999999983,0.73566953512813,1.70799019056164,3.18237935300586,3.40219863633274,5.63615922008758,6.56970607060312,8.35436652362578,8.48314201998097,8.26444323874535,9.18397740177261,10.9686685020334,12.5220475616216,12.3315461513761,14.5412633978418,15.6831766523119,16.3631281114775,16.1524950797019,17.8672824698602,19.9240999619764,20.196572819273
1159.59999999983,0.721889092203408,1.72922383044291,3.14859116170984,3.4206436495894,5.63547308895274,6.58074953193127,8.34971711986043,8.51214940267509,8.26982491922935,9.19401578301033,10.9288297213712,12.4733047506871,12.4046543727371,14.5269323825499,15.6692664558905,16.3197631396622,16.1731730282257,17.8568070160611,19.9495978004616,20.1748996960643
1160.19999999983,0.729168581649279,1.75545506223833,3.11551549651021,3.44027105498253,5.63558331054697,6.59269177226307,8.34264532673701,8.51905834293927,8.27981154738714,9.21248770760365,10.8683186159023,12.4507571069149,12.4793428585837,14.5128744968975,15.6556133909395,16.2764188082922,16.2018351611325,17.8480502907513,19.9562958769419,20.1417435200384
1160.79999999983,0.737071687675261,1.78229683329524,3.08264816261181,3.46024417303602,5.63585024707382,6.6047385193741,8.34253235279997,8.52052906616621,8.28442766209381,9.23279666763146,10.8053919068293,12.4247656602574,12.554493388636,14.4988964700092,15.642035507142,16.2330805118603,16.2368507168558,17.8389443871709,19.9633335687526,20.1092148470047
1161.39999999983,0.745191263233807,1.8093505344928,3.04985314459024,3.48033729472801,5.63617158242451,6.61682154283592,8.34249814000787,8.52209892614855,8.28803853777556,9.25129819155027,10.7426370137551,12.3988804504113,12.6298043032857,14.4849461636626,15.6284837201961,16.1897443102737,16.2738594644166,17.829072562454,19.9704891477012,20.0769039925566
1161.99999999983,0.753161571896221,1.83625809893884,3.01700826104558,3.50034766772816,5.6364554069833,6.62887955188477,8.34240961734959,8.52360042622892,8.29228725601243,9.2704493466648,10.6797636446965,12.3729219848091,12.7050046244917,14.4709767425741,15.6149139381264,16.1464066641833,16.3107513011049,17.8190655980468,19.9775634373942,20.0444429409708
1162.59999999983,0.761324959883225,1.86335469381299,2.98422787942176,3.52046507759948,5.6367877524034,6.64096991751158,8.34239134544722,8.52519035103065,8.29622917628304,9.28801335793842,10.6170435263828,12.3470582768007,12.7803480002393,14.4570320467365,15.601367433062,16.1030708865836,16.3477943640396,17.8092334391776,19.9847428761522,20.0121761719932
1163.19999999983,0.769886757253383,1.89084134337802,2.95158059423667,3.54080335261996,5.63722021815729,6.6531270492942,8.34251803241281,8.52696273575533,8.30035034815902,9.30113180572008,10.5546396332005,12.3213900962759,12.8559865617701,14.4431383701986,15.5878689589164,16.0597389645196,16.3851494746559,17.7997619826605,19.9921392846673,19.9803102953136
1163.79999999983,0.778463313361855,1.91834244218885,2.91893823949648,3.5611498094029,5.63765639278418,6.66528665437255,8.34265008925694,8.52874187955337,8.30397779974453,9.314806608617,10.4922474543104,12.2957291589012,12.9316360582083,14.4292465836274,15.5743722640354,16.0164071852806,16.4225161448144,17.7903038880567,19.9995437306432,19.9484592693497
1164.39999999983,0.786932928238281,1.94573884233804,2.88626015894826,3.58143698145972,5.63806569306448,6.67742833804827,8.34274323617428,8.53047204737397,8.30760379606458,9.32960745369189,10.4297703941235,12.2700157379483,13.0072063207413,14.4153411024321,15.5608626766729,15.9730743711369,16.4597990549889,17.7807489735596,20.0068899374961,19.9165006356887
1164.99999999982,0.795466035823949,1.97319740374677,2.85360328938011,3.60175935180074,5.6384909490715,6.68958066194559,8.3428594845336,8.53223129301083,8.31209514902365,9.34249398508822,10.3673437293116,12.2443334773299,13.0828236257031,14.4014437519528,15.5473607437817,15.9297421714326,16.4971316947972,17.7712515425721,20.014270721842,19.8846058904278
1165.59999999982,0.804368307445554,2.00101738777758,2.82106974627105,3.62228637462562,5.63900897605246,6.70179485101121,8.3431100510165,8.53415960505122,8.31401328763832,9.35478101457895,10.3052100770408,12.218832391448,13.1587144482569,14.3875936756878,15.5339033160867,15.8864135442474,16.5351757605485,17.7620883364842,20.0218525492219,19.8530826098587
1166.19999999982,0.813174698347359,2.02874350171871,2.78850417233418,3.6427602443111,5.6395029081951,6.7139929722146,8.34668530324506,8.53568565700523,8.31433539323878,9.36787534958827,10.2440100315434,12.1932842501586,13.2345342317575,14.37373132118,15.5204343293289,15.8430839891936,16.5687004517203,17.7542023984928,20.0293821609228,19.8214628510344
1166.79999999982,0.82386686595015,2.05831584739846,2.75656857894938,3.66427952700624,5.6404707362868,6.72650711524472,8.34967042723337,8.52200901039935,8.31706917123296,9.38344188273094,10.1766295551811,12.1730489402667,13.3117512074326,14.3601104544752,15.5071926855787,15.7997726834071,16.6055837573043,17.7451336628629,20.0403580852765,19.7898723263876
1167.39999999982,0.825363829268741,2.09759958284812,2.7259728819436,3.68802228326994,5.64239754690552,6.73898104208742,8.35454676964903,8.50859055807134,8.32355416233282,9.40054131798974,10.0957433185578,12.1346982407193,13.391939850613,14.3470032046301,15.4944345743305,15.7565001917191,16.6387323891555,17.7399575242951,20.0425955405517,19.7930226457453
1167.99999999982,0.82993413458224,2.13797536756832,2.6938775940836,3.70927656305128,5.6430803629033,6.74972769672039,8.3612827215471,8.49302071527028,8.32842711063312,9.42678614330809,10.034048929727,12.111690409721,13.4767499765304,14.3340881480111,15.4811353011469,15.7131842599054,16.6661621964404,17.7324403706597,20.0233393682437,19.7853505982204
1168.59999999982,0.819024053022518,2.15297104542565,2.73373346147429,3.76259451339313,5.6450723162925,6.74346164811411,8.37004240963724,8.47067198779964,8.33413764846433,9.45669324447306,10,12.0984813036065,13.5509391080908,14.3091532748832,15.4499290166955,15.6977288279146,16.6772026732585,17.7234352871279,19.9528956367773,19.7660117766419
1169.19999999982,0.793522829207302,2.15752499105231,2.7766921050851,3.82106132523525,5.6445005971814,6.73088730030397,8.37755922069572,8.43792440911433,8.34377845234632,9.4888855788493,10.0181286871246,12.1191238711285,13.5471136899385,14.2833647978713,15.4198424405702,15.682363277107,16.7005324626069,17.7289855534909,19.877555391789,19.7411099595934
1169.79999999982,0.767798869998046,2.16820204517673,2.8164096609813,3.87414975634611,5.63762791808882,6.71589396741354,8.37847733469945,8.40626568358345,8.35364219006841,9.51811267734177,10.0489799883448,12.1426839628534,13.5320568742464,14.2616393444487,15.3885862432142,15.6669038385185,16.707420595089,17.7586260889414,19.7968241640322,19.7476123080959
1170.39999999982,0.760947468709512,2.18165797380737,2.85535060292635,3.92594944556588,5.63181111676238,6.70029046309567,8.37767853306334,8.38311538817256,8.36034381842722,9.54260540334865,10.0797513424424,12.1443918585687,13.5152776578669,14.2396161948587,15.3570497868077,15.6514219029885,16.7110786783523,17.7841433967645,19.7195444286342,19.7775558949043
1170.99999999982,0.755519494642991,2.19650748021678,2.89476706854435,3.97853823634201,5.62635202289511,6.68492549925218,8.37271861808926,8.36402906975108,8.37031151834046,9.56758738821528,10.117097354793,12.1392696820713,13.4995530739716,14.2177753257641,15.3256849340825,15.6359537424212,16.7041840094772,17.8099431433692,19.643039877433,19.8089317798328
1171.59999999982,0.750135219296292,2.21139976897864,2.93419813257351,4.03115125226112,5.62090391052224,6.66956785851818,8.36777460263128,8.34496276407474,8.38070680103393,9.59445685038226,10.1544780516531,12.1341689516044,13.4838608669264,14.1959400526171,15.2943253495307,15.6204860047405,16.6940940954254,17.8361245437902,19.5665591241166,19.8403516358144
1172.19999999982,0.744614550360769,2.22615852434152,2.97358363165941,4.08368865602949,5.61542152242141,6.65418736070303,8.36278096118289,8.32583399409723,8.39214231926944,9.62126078359124,10.1917504903186,12.1290012832182,13.468067604409,14.1740873132516,15.2629493218185,15.6050169471352,16.6838973533085,17.8621824594482,19.4900040922188,19.871634248193
1172.79999999982,0.738554833433829,2.24038953561365,3.01278905123163,4.13592722919783,5.60980367148483,6.63871652826297,8.35759119035117,8.30645835580001,8.40439489161166,9.65255267064305,10.2285950763053,12.1235690660996,13.4518749554557,14.1521655447612,15.2315083082617,15.5895426729892,16.6732784106033,17.8877523447368,19.4131555001874,19.9023744531959
1173.39999999982,0.732109479950915,2.2542429971744,3.0518656413776,4.18795201805523,5.60408891002774,6.62318107016028,8.35226110796815,8.28690610716363,8.41713742417102,9.68719152166408,10.2651335751974,12.1179475900213,13.4353965842439,14.1301943926272,15.2000208036361,15.5740646669143,16.6623574243262,17.9129730916298,19.3360968943527,19.9327266183292
1173.99999999982,0.725689193456766,2.26812100006616,3.09095060564094,4.23999070323247,5.59838044790843,6.60764981282833,8.34694014605886,8.26736533847984,8.43013005376333,9.72120652163839,10.3016919702369,12.1123384160761,13.4189367854328,14.1082264505085,15.1685363210038,15.5585869034208,16.651456071361,17.9382165330732,19.2590519397489,19.9631040066705
1174.59999999982,0.718701696323503,2.28144368679357,3.12984608210788,4.29171494535765,5.59252944567607,6.59202350132469,8.34141280795557,8.24756480380191,8.44252855833243,9.76203902215772,10.3378001593665,12.1064508720081,13.4020567341783,14.0861858728274,15.1369834573312,15.5431036508475,16.640110459871,17.9629464469233,19.181698087916,19.9929106494768
1175.19999999982,0.711633530883179,2.29468739683794,3.16871460975071,4.34339446760819,5.58665817148686,6.57638367128212,8.33585611917187,8.2277273253829,8.45499855962214,9.80361631179719,10.3738443205213,12.1005237383326,13.3851169149103,14.0641349649667,15.1054208685541,15.5276196176211,16.628701666239,17.9876033272321,19.1043003049315,20.0226361212456
1175.79999999982,0.704417901421054,2.30778673519864,3.20753387415585,4.39499224062153,5.58074983956831,6.56071912895546,8.330245776487,8.20782231272601,8.46911502259275,9.8447373431893,10.4097714366675,12.0945242336982,13.3680678379676,14.0420651732356,15.0738405020018,15.5121341573379,16.6168155054142,18.0121267000942,19.0268222145187,20.0522132099867
1176.39999999982,0.69764856392625,2.32132300673087,3.24650223111251,4.44683742332472,5.57495366088365,6.54512937703357,8.32024887249195,8.18548415391266,8.48361412664496,9.88423158577524,10.4512003278326,12.0887437558965,13.351349423528,14.020052532527,15.0423139389343,15.4966530159656,16.6085222381728,18.035803877256,18.9495871702383,20.0822393720173
1176.99999999982,0.689122907633569,2.33313978967992,3.28488385545904,4.49770896025139,5.56871611903912,6.52924529807152,8.3175722389137,8.17996110268885,8.49721013730403,9.92112975765411,10.4986372676307,12.0674007706392,13.3333297336622,13.9978149820676,15.0105756398763,15.4811548781317,16.5968073629762,18.0569088562247,18.8739811035775,20.1069640300282
1177.59999999982,0.682348367247525,2.32752087311633,3.321794391044,4.54613931812155,5.56227282151247,6.51170709492061,8.31971104723378,8.19049293512828,8.50676187739811,9.94260265278141,10.5498303814876,12.0612031283719,13.3120474133882,13.9750135253227,14.9783064645202,15.4656141258204,16.5891529976845,18.077958075539,18.8108022607958,20.0975227445824
1178.19999999982,0.66796606794168,2.29126185718864,3.35661787731409,4.59110634922963,5.55822878768468,6.49295513625052,8.31845352048642,8.19140154644716,8.51393554804804,9.95384107098894,10.6046945523148,12.0571213044032,13.2907895614773,13.9486761789357,14.9452841292982,15.4500129158954,16.5790454871653,18.1053112269368,18.7777712979151,20.1206165416316
1178.79999999982,0.672486172242234,2.27089097375906,3.344122810921,4.60254325719564,5.55219827226146,6.49017738653375,8.30875280276017,8.18287006322813,8.50904868638585,9.94397685049396,10.6184535432081,12.0662493037555,13.269177620455,13.9112599734143,15.0407051915898,15.5101962603499,16.5628671606515,18.1162011274846,18.7637258734366,20.1479520873879
1179.39999999982,0.703667309864374,2.25964459859468,3.32804839737597,4.60804046423268,5.55277204428807,6.49493578768019,8.29726830297342,8.17783282915146,8.49986654046376,9.92993322667648,10.5503504115951,12.0633562761228,13.2922666798871,13.9153835734812,15.1348345639765,15.570275918352,16.538408169226,18.1058940320503,18.753216877969,20.167073081927
1179.99999999982,0.722911289195876,2.22008280721833,3.31386982381949,4.61668369820937,5.5579870471322,6.50158039997214,8.30135863944661,8.17538852154221,8.49153851230941,9.90415287766858,10.5340771981314,12.0492847678661,13.3005568214263,13.9112188834829,15.2296480939351,15.6304104950188,16.5302332341497,18.0847639431665,18.7543969419182,20.1441932587229
1180.59999999982,0.705508165233571,2.17186783013838,3.29972065157222,4.6253757218051,5.56147659237712,6.50880398929226,8.30700136133937,8.17307516981411,8.48327794606949,9.88405941144667,10.5452175017078,12.0370618364535,13.3089121701777,13.9070654637625,15.3244722340339,15.6905459233822,16.5202489391445,18.0636266023217,18.7717058444956,20.0990575624179
1181.19999999982,0.686413478878712,2.1219967629391,3.28500637986088,4.63312999846636,5.56454104775811,6.51574410356824,8.31534500904447,8.16848387011224,8.4760587639469,9.86143166525492,10.5517532135258,12.0293328036616,13.3160142222259,13.9026954268344,15.4190924449618,15.7506649819528,16.5176040918271,18.04414702712,18.7880935391584,20.0522197617912
1181.79999999982,0.667690938020188,2.07249003730069,3.27041643062373,4.64109058043575,5.56769902335444,6.52274658265099,8.3238240596606,8.16406300223572,8.4666530754908,9.83643006106747,10.558584304326,12.0217864088199,13.323392000862,13.898373045919,15.513757520521,15.810787641895,16.5163363617207,18.0255750948996,18.8046839005287,20.0057564258972
1182.39999999982,0.64902339444199,2.02303715564308,3.25584485430263,4.64908165110102,5.57087081977502,6.52975827827617,8.33232312070781,8.15966732151583,8.45635060150759,9.81214273895444,10.5654590475171,12.0142670050086,13.3308105275727,13.8940577078165,15.6084292263705,15.8709108340635,16.5151117073415,18.0070529548008,18.8213042128667,19.9593484300304
1182.99999999982,0.631202026779973,1.97441270549176,3.24155595957927,4.65754181405638,5.57425526032184,6.53691177757229,8.34113005779436,8.15565916478252,8.44509980257124,9.78032873530612,10.5730054166828,12.0071628791867,13.3388559950913,13.8898507288653,15.7032029443923,15.9310422149483,16.5145498065118,17.9892969052014,18.8383853441278,19.9137918835064
1183.59999999982,0.613615643603413,1.92601831217319,3.22734556601451,4.66613224473538,5.57769875250276,6.54410465598806,8.35002249257863,8.15175862411682,8.4332507260044,9.74690719995747,10.5807382975193,12.0001740767659,13.3470755651343,13.885673841434,15.7980049913672,15.9911758698536,16.5141719534655,17.9717536002314,18.8555944455845,19.8684717859075
1184.19999999982,0.595944036162634,1.8775404817534,3.21310670161914,4.67467542986591,5.58112082781415,6.55128325236945,8.35888391902477,8.14781905321402,8.42187396447736,9.71370074311247,10.5884035342309,11.9931434488093,13.3552319916063,13.8814860403986,15.8927967639864,16.0513087000163,16.5137273498979,17.9541331369569,18.872757134761,19.8230659329208
1184.79999999982,0.578290612256163,1.82908045355703,3.19887391178868,4.68322869535394,5.58454747265026,6.55846489598,8.36775196144095,8.14388780984167,8.4113959299544,9.6790080810617,10.5960832035606,11.9861217447908,13.3634018904538,13.8773005679007,15.9875907287524,16.1114417061468,16.5132969882883,17.9365291362554,18.8899297265082,19.7776783767894
1185.39999999982,0.56063307530448,1.7806163985665,3.1846397479151,4.69177968070405,5.58797308387754,6.56564585031908,8.37661850735028,8.13995468281411,8.40022404193568,9.6453585143383,10.6037596082878,11.9790980222121,13.371568741902,13.8731145686966,16.0823841976633,16.1715746724741,16.5128634052028,17.9189214117835,18.9071000783321,19.7322866819801
1185.99999999982,0.543144253324422,1.73231752057451,3.17046194657422,4.70042419612384,5.59144109320081,6.57285507821436,8.38554643919159,8.13609882234205,8.38764260485577,9.61232381580345,10.6115699253081,11.9721570999267,13.3798605960814,13.8689501747058,16.1771980062936,16.2317092715104,16.5122096480552,17.9014664344347,18.9243623106386,19.6870647535857
1186.59999999982,0.525465215521661,1.68383241560832,3.15622059992125,4.70896326210438,5.59486130126119,6.58003242940243,8.39324903874581,8.13475961651588,8.37581331043939,9.58125815094341,10.6176364995758,11.9651228253693,13.3880115173186,13.8647614221571,16.2719888831329,16.2918420297671,16.5107376954082,17.8830566135411,18.9415209533145,19.6416514239306
1187.19999999982,0.509630571169267,1.63715302694181,3.14259540893691,4.71852479957208,5.59874500565396,6.58751886733819,8.39666375957404,8.12845149598844,8.36469531129254,9.55043634959176,10.6217662746013,11.9591571211065,13.3975289694362,13.8608088579767,16.3670021139518,16.351992636812,16.51328238861,17.8677838848685,18.9523978128086,19.6032808683128
1187.79999999982,0.502022996846753,1.60565991951127,3.13235679772748,4.7337061526727,5.60333506034916,6.59882553278565,8.39521634881229,8.09885272273861,8.35601906638776,9.53518845441027,10.6251504693045,11.9254110837168,13.414557292714,13.858154457219,16.463237470166,16.4122413462497,16.5118132308897,17.8534655892151,18.9607999437197,19.5862690626261
1188.39999999982,0.494825131655799,1.59702604927984,3.12074178996502,4.74660346246712,5.60245047390849,6.60998697041728,8.39398248341416,8.08219321818557,8.34765398080382,9.5115211949162,10.6024205434877,11.904021133868,13.4386039096871,13.8687344441158,16.5589761219489,16.4724501842525,16.5006289705141,17.8271392893322,18.9794534789316,19.5406721189442
1188.99999999982,0.500409017694307,1.60865122099022,3.09597830385811,4.75415714658101,5.60318320367064,6.61001334267864,8.39536798131756,8.08344627958296,8.34780738136099,9.49965414851525,10.6101079716664,11.8638618677289,13.4768774804051,13.9126539880425,16.5787350079497,16.4481319861456,16.4801414189962,17.8087616066575,19.0085241100094,19.4822670569038
1189.59999999982,0.512437830420337,1.62832437329878,3.06621462807247,4.75341333115992,5.59468637129172,6.60883480227028,8.39889487940485,8.09539365576942,8.3409723915836,9.47340459553349,10.6700566674596,11.8294357438611,13.5261270602359,13.9150595748251,16.5966894601955,16.4236689425929,16.4485426712169,17.7934009984252,19.063112176408,19.4083811097967
1190.19999999982,0.541830284737465,1.68463294669847,3.03323373630652,4.74733074864571,5.58381420700486,6.60558264516057,8.38729314980452,8.11130724875809,8.32923866376341,9.45646272901,10.6763865722575,11.8011097928372,13.5840869299106,13.9248527519468,16.6134829058762,16.3991127027754,16.4121048229083,17.7651385937779,19.1173676141134,19.3765960760217
1190.79999999982,0.598163861403796,1.74300203434411,2.99852174185991,4.73837551036857,5.57314382896738,6.60100037646941,8.37336742827981,8.14401391231032,8.31628101817226,9.42914006640185,10.6674919599976,11.783642891389,13.6382075015183,13.9339823527403,16.629651643241,16.3745063164011,16.3768430845233,17.7341703756435,19.1524165253934,19.3544959106073
1191.39999999982,0.656446134730882,1.80327895424182,2.96446074760408,4.73050056586637,5.5629631586717,6.59674467384243,8.35830297247806,8.17124264941648,8.30208238633573,9.40554264205939,10.6652025552131,11.7601759301069,13.6937718833662,13.9433614987068,16.6460553090346,16.3499187881907,16.3385318136092,17.703690183182,19.1885266773338,19.3343565862605
1191.99999999982,0.714358835863819,1.86319405191838,2.93027629053594,4.72242074261073,5.55268961483187,6.59242703764726,8.34310405004627,8.19830213319258,8.29080618777248,9.38358785182207,10.662619813926,11.7365275937744,13.7490624452134,13.9526933181912,16.6624144204258,16.3253276835113,16.2989917569799,17.6717443706783,19.2244355639613,19.3138453865202
1192.59999999982,0.772319107441679,1.92315572248195,2.89610772530437,4.714367290856,5.54242802545151,6.5881173733922,8.32792243583598,8.22538340285045,8.28028441018618,9.36004595204819,10.660074830209,11.7129026036024,13.8043882525132,13.9620312294267,16.6787792667525,16.3007370391864,16.2594889591291,17.6398416263652,19.2603703569764,19.293382053687
1193.19999999982,0.829560433993768,1.9824135243827,2.8616989824399,4.70591527946122,5.53198576508548,6.58368722704599,8.31247923778384,8.25213541657324,8.26985639893649,9.34392499507021,10.6569592061035,11.6889247765805,13.8591813857358,13.9712770743774,16.6950574394427,16.2761394373995,16.2194230592583,17.6072879808112,19.2959136197361,19.2721952953131
1193.79999999982,0.886577894279476,2.04145215451939,2.82721545267514,4.69733916392029,5.52148724709537,6.57921956479114,8.2969545873314,8.27878490604976,8.25941383886937,9.33017782271609,10.6536658950698,11.6648370826489,13.9138086540418,13.9804942515793,16.7113086235556,16.2515396691867,16.1791818197687,17.5745316565748,19.3313349671709,19.2507832755228
