Time (s),"Primary somatosensory area, barrel field (L)","Primary somatosensory area, barrel field (R)","Primary somatosensory area, lower limb (L)","Primary somatosensory area, lower limb (R)",Supplemental somatosensory area (L),Supplemental somatosensory area (R),Olfactory areas (L),Olfactory areas (R),Hippocampal formation (L),Hippocampal formation (R),Cortical subplate (L),Cortical subplate (R),Striatum (L),Striatum (R),Pallidum (L),Pallidum (R),Thalamus (L),Thalamus (R),Hypothalamus (L),Hypothalamus (R)
0.4,,,,,,,0.806589890627837,1.68671067587899,2.49615021771226,3.35058304511076,5.41772601162362,,,,,,5.88049825912572,7.00378290031133,,
1,,,,,,,0.649525189481905,1.6793349144804,2.46251755681464,3.0098085242655,5.70196133053119,,,,,,6.18783245161081,6.78278770636589,,
1.600025,,,,,,,0.933130712779204,1.71689629029076,2.27043177535827,3.59603147269202,5.06830090819767,,,,,,5.78694083028933,7.33368642019469,,
2.20005,,,,,,,1.05235049114318,1.78648301115437,2.47654176255511,3.42490237725828,4.6407073401412,,,,,,5.98527502851508,7.53717208197995,,
2.80005,,,,,,,0.357825308631549,2.07280945676006,2.45264691071441,3.3686982487681,5.0008978608761,,,,,,6.2156510034558,7.46326604271248,,
3.400075,,,,,,,0.338647119097799,2.31411281909473,2.44718699127854,3.42027316346313,5.09577846920481,,,,,,6.05049763284684,7.34971241639437,,
4.000075,,,,,,,1.43960069565167,2.32543478902087,2.60049530380912,3.6057334166808,4.99471915126049,,,,,,6.21548393028641,7.41526514305371,,
4.6001,,,,,,,0.550985454984489,2.06287107850235,2.5799606258548,3.64527130299526,5.31161201174903,,,,,,5.8552537980415,7.3524062959669,,
5.200125,,,,,,,0.7332394593356,1.72361724034119,2.54905528388887,3.80972977398954,5.09602758773632,,,,,,6.23524761951531,7.20933975155264,,
5.800125,,,,,,,0.107050893485435,1.55230594633206,2.28392583900604,3.28090510464559,5.6433820315807,,,,,,6.09608878779061,7.29694885561168,,
6.40015,,,,,,,0.936449150644468,2.5734980619959,2.82793805213672,3.80267329665924,4.76660532832727,,,,,,5.70730430346843,7.26471505412122,,
7.000175,,,,,,,0.84018733936445,1.9107129432851,2.6664712910326,3.73316387821653,5.4780501681221,,,,,,6.43745186031715,6.99508993386744,,
7.600175,,,,,,,0.278018575688492,2.06082881664582,2.42220760276283,3.67657158045066,4.62447746004022,,,,,,6.3260416144289,7.26938858351344,,
8.2002,,,,,,,0.126289927283701,1.7190276385308,2.35078869385274,3.48628252537998,5.18605051803768,,,,,,5.58858464290911,7.2140483784778,,
8.800225,,,,,,,0.750721027938159,2.12114399046834,2.18236349819854,3.4500370467157,4.81499377392894,,,,,,6.43269872221172,7.23287875262582,,
9.400225,,,,,,,0.820248144847727,1.7123611632254,2.38081154107762,3.38954922995429,4.27656900450296,,,,,,6.2347248719098,7.67085920246241,,
10.00025,,,,,,,0.653839688065639,1.30185215255179,2.49542775363742,3.25568858305175,4.80660715155987,,,,,,6.41373986589369,7.67450952691937,,
10.60025,,,,,,,0.749043366940493,1.50619811129014,2.35250351058226,3.40566296631283,5.17360023063033,,,,,,5.0812530765605,7.08756760947923,,
11.200275,,,,,,,1.18942337235947,1.27025656816849,2.17737473593546,3.18038796975387,5.19790031651146,,,,,,6.03530857202918,7.30112235816874,,
11.8003,,,,,,,0.819078570700698,1.3658033492998,2.39641626704228,3.48580995314733,5.26297107515827,,,,,,6.08266468943322,7.02444328350277,,
12.4003,,,,,,,0.857600773544714,2.23538767904951,2.17402619988795,3.4753736048717,5.27587351302031,,,,,,5.69261814198377,6.71471275494291,,
13.000325,,,,,,,0.688180459414117,1.37507721985379,2.3405802881826,3.24036971150269,5.57483392506255,,,,,,6.30993356538118,7.18323772254322,,
13.60035,,,,,,,0.923613502231393,1.7683360190854,2.44136760973269,3.49615461274293,4.87742478851621,,,,,,6.35959966008529,6.74901978763401,,
14.20035,,,,,,,1.32419481410073,1.24250836614263,2.38212931700119,3.28577901645988,5.08203664228931,,,,,,6.17050291356122,6.96644929894268,,
14.800375,,,,,,,0.0272397592850639,1.31779698935494,2.40060421863674,3.14877337158811,5.33065454030311,,,,,,5.71557611445254,7.08106562975237,,
15.4004,,,,,,,0.273254263617611,2.0027440876056,2.21518766018721,3.22380099593499,4.95201073482406,,,,,,6.04489791663848,7.71552305451633,,
16.0004,,,,,,,0.729102902880613,1.76750192806366,2.41977741391098,3.6398172218539,4.52425994799671,,,,,,6.37055122235504,6.83535861345664,,
16.600425,,,,,,,0.818836185186432,1.77352682644792,2.55229222069867,3.38349457820579,5.00734883168663,,,,,,6.3365783277347,6.93365527514697,,
17.20045,,,,,,,1.01037220535964,1.77613083044842,2.39935834686522,3.56041769194211,4.62889139864043,,,,,,6.0629253372108,6.92520014037531,,
17.80045,,,,,,,0.56396975932537,1.84182347297798,2.58239248229586,3.40752936880298,5.09413224599198,,,,,,5.46718222250339,7.53611454556913,,
18.400475,,,,,,,0.977032308758124,1.49247405510897,2.32399338225147,3.793740841083,5.71791765559684,,,,,,6.59924078699178,7.117876541563,,
19.000475,,,,,,,1.13986071193478,1.43398536623766,2.48371943452169,3.40393763198914,5.0058370699322,,,,,,6.38411287152157,7.78074082964828,,
19.6005,,,,,,,1.09264664350412,1.832524053078,2.61939180339154,3.60281662835269,4.79475978293061,,,,,,6.1494391156003,7.68720693713425,,
20.200525,,,,,,,0.975459753723143,2.13235109078409,2.54800553707528,3.39438749330788,5.79357283700922,,,,,,6.27682485890565,7.27151551859026,,
20.800525,,,,,,,0.947752126723299,2.35982653896273,2.44199156453368,3.32483505975926,5.27195877362129,,,,,,5.52626550850923,7.66660384567426,,
21.40055,,,,,,,0.453793289422006,1.87202155929875,2.5291193726904,3.66910849843874,5.50055277732216,,,,,,5.9012690516591,7.80197415128973,,
22.000575,,,,,,,0.265644980850663,2.37912107874671,2.36510124956217,3.39754104654209,5.02517467222324,,,,,,6.36623404069002,7.73679568824938,,
22.600575,,,,,,,0.817409885038708,1.73096461035721,2.73185497691221,3.49456844883536,5.46139360844931,,,,,,6.48602879041594,6.89584920474852,,
23.2006,,,,,,,0.780653406126431,1.66852363266815,2.79078749518497,3.63272433308602,5.52961313062207,,,,,,7.10766259513585,7.25748260512655,,
23.800625,,,,,,,0.676701226891853,1.97419734463881,2.64063017883849,3.73473062028594,5.38492262425136,,,,,,5.77229263374569,7.90059151872449,,
24.400625,,,,,,,0.915696630842497,1.83993761750927,2.44061995731019,3.68413535700007,5.60042914071671,,,,,,6.40436463189785,7.56158901430699,,
25.00065,,,,,,,1.26323606868548,1.702322483566,2.62244288936106,3.503832633712,4.89835245300233,,,,,,5.9512257638385,8.05616611005304,,
25.60065,,,,,,,0.697776478318709,1.28636310739665,2.67820914848119,3.39001140455577,5.66735265900919,,,,,,6.85417416662567,7.58538474952889,,
26.200675,,,,,,,1.46307169270409,2.07829833690187,2.33027110660681,3.51337754064625,5.60009815050816,,,,,,6.71258290062959,7.12115835382014,,
26.8007,,,,,,,1.08074351052019,1.9581726597131,2.63623996985706,3.5531093804098,5.03799509280756,,,,,,5.74648750683466,7.06768195448327,,
27.4007,,,,,,,0.691567705774131,1.78514449039275,2.783549508359,3.80998171801333,4.82050292680893,,,,,,6.68750363981858,7.48273310363169,,
28.000725,,,,,,,0.672745459302756,1.78685622575202,2.22951413941965,3.45356333321467,4.80240642644498,,,,,,6.29169161953383,6.99344655601225,,
28.60075,,,,,,,0.980702640007959,1.70720238710543,2.54357702692972,3.68444794322668,5.02857438762371,,,,,,5.67439372440359,6.97622640730334,,
29.20075,,,,,,,1.02180216424881,1.90041333064388,2.5626083192551,3.4507118870312,5.49298640588017,,,,,,6.28426270727399,6.94128118071313,,
29.800775,,,,,,,0.453330327561267,2.51711345150867,2.71638414960465,3.61855575563515,5.59672891075296,,,,,,6.12392633269331,7.34514531598419,,
30.4008,,,,,,,0.483818723412784,2.04402644906722,2.38701522149161,4.18045674583706,5.90340278196705,,,,,,6.60433739102292,7.52425384833699,,
31.0008,,,,,,,0.71823992113183,2.24195378268929,2.47786743235812,3.78125909385661,5.18028232113785,,,,,,6.36575697754689,6.3221807819458,,
31.600825,,,,,,,0.813329090317607,2.42875537740574,2.29986786380813,3.74112854300894,5.3388586542723,,,,,,6.26394215111964,7.13206471980404,,
32.20085,,,,,,,1.32578395241543,2.15345582550108,2.78870604745418,4.01816304957042,6.16754473018652,,,,,,6.44684400620956,7.74693240039787,,
32.80085,,,,,,,0.826535557019326,1.89407935095075,2.67480752847776,4.06941167505593,4.48016883528668,,,,,,6.45471870005786,7.37811678981077,,
33.400875,,,,,,,0.536285709661089,2.37001311166845,2.74766886753397,3.79282712872503,4.5145184373471,,,,,,6.0640767776785,7.97711523230677,,
34.000875,,,,,,,1.07127552148627,1.93060658328583,2.54237029594599,3.74346655656662,5.00615862000542,,,,,,6.40098082052389,7.02574118748921,,
34.6009,,,,,,,1.2765918644182,2.19506417950427,2.83248978180693,4.04597544832971,4.73319951412386,,,,,,6.46205996717905,7.31423656260178,,
35.200925,,,,,,,0.936380866284001,1.6201146289851,2.56645616730987,3.87037891545259,5.31856330808409,,,,,,5.63145012239578,7.52652403167136,,
35.800925,,,,,,,0.360459073736804,2.40856693135076,2.6975417867739,4.09970179465774,4.6000902039483,,,,,,6.1996971243143,7.65147197304195,,
36.40095,,,,,,,0.639484891314528,2.56403643405907,2.69249887315725,4.09515616294518,4.85936289853131,,,,,,6.31025039918034,6.86691895297413,,
37.000975,,,,,,,1.10581316605035,2.39107039581852,2.49592367284656,4.07650018368212,5.18719503198327,,,,,,6.22727161125097,6.6109902072446,,
37.600975,,,,,,,0.91381951790403,2.22043098840639,2.72284712458432,3.69187655667526,5.38784171282077,,,,,,6.0217778184497,7.19154375552804,,
38.201,,,,,,,0.987132426995471,1.73399557519483,2.34788976390699,3.5151890371231,4.85292934776538,,,,,,6.16000237123847,7.2790586796478,,
38.801025,,,,,,,0.58222285515655,1.85542663082495,2.35135146512945,3.82290219326073,5.17484857028135,,,,,,5.78459573029903,7.51167311112503,,
39.401025,,,,,,,0.782263893691449,1.7797857207373,2.38326925412533,3.5101389208104,5.16574774532368,,,,,,5.89238217275488,6.92894439985729,,
40.00105,,,,,,,1.07527649637409,1.42028375065009,2.53357572981338,3.61976369249085,5.34948816319034,,,,,,6.32353975865099,6.97612552212346,,
40.60105,,,,,,,0.909237583686214,1.5276094547334,2.48054425915559,3.53754604774467,5.46060565879559,,,,,,6.52938328364932,7.2386442029981,,
41.201075,,,,,,,0.6386655379695,2.12056492987403,2.69423790444194,3.73177902053593,4.93350047390023,,,,,,6.29990316636586,7.83775469334779,,
41.8011,,,,,,,0.295972978225554,2.129315621898,2.79325293119234,3.84086905663544,5.22396914530771,,,,,,6.07707277123598,7.59358054945483,,
42.4011,,,,,,,0.71072877052831,1.71962854950789,2.64398966433375,3.87276492719102,5.99009317059918,,,,,,6.24897909873307,7.22180624065902,,
43.001125,,,,,,,0.465395687516234,2.00018118146732,2.53621735278689,3.55283132071599,5.47972523616396,,,,,,6.3322251593551,6.86226232541821,,
43.60115,,,,,,,0.762088140263016,2.03420161294197,2.34430573030621,3.50674493706204,5.1630322652684,,,,,,6.03059336716865,7.4521040182978,,
44.20115,,,,,,,1.3840055585823,1.53284260907508,2.47767540432513,3.77929637329829,5.14176256303333,,,,,,5.62427097971979,7.4045522000458,,
44.801175,,,,,,,0.678198205447459,2.20500251345119,2.48255353856269,3.58222067115319,5.34460360721432,,,,,,6.38438748298305,7.55992887053936,,
45.4012,,,,,,,0.551117041051082,1.88616298515496,2.35673568525721,3.60911900622413,5.44063113724091,,,,,,5.56591610962297,6.38616383259407,,
46.0012,,,,,,,1.28398478191443,1.42920015753338,2.65833378481761,3.56645879244268,5.22774037476859,,,,,,5.75829928047173,6.65367144825723,,
46.601225,,,,,,,1.07500566143894,2.05211496810912,2.58194550639232,3.57390846653844,4.92099018570141,,,,,,5.27342882866269,7.29938798526544,,
47.20125,,,,,,,0.759225937289295,1.93543819198527,2.73584985068231,3.76738825041756,5.03519752305582,,,,,,5.54293315525078,7.30061129202938,,
47.80125,,,,,,,1.21209167064965,2.2580393387727,2.65500482665986,3.26595537304195,4.83255957155705,,,,,,6.23854081958783,7.26702592975544,,
48.401275,,,,,,,0.867369694856104,1.74076304781959,2.33127095867217,3.76894196963795,5.75508711850097,,,,,,5.99592856469552,7.4602191523549,,
49.001275,,,,,,,0.752075260009671,1.89462647622229,2.353478805088,3.30225315852756,6.06960773275492,,,,,,5.84348034712205,7.58341202311654,,
49.6013,,,,,,,1.32885628015957,1.94252577640647,2.38324111729454,3.51642264919431,5.12889157343762,,,,,,6.09367929201925,7.31515797895374,,
50.201325,,,,,,,0.419864171190854,2.03642469008409,2.23076781974622,3.58137471582456,5.7296751671882,,,,,,6.04473938386504,7.85634092331704,,
50.801325,,,,,,,0.879588484399926,1.34604769894104,2.36009097777535,3.46144959182416,5.0769258581878,,,,,,5.90149736329333,7.70263357825267,,
51.40135,,,,,,,0.567110647477502,1.94164451459513,2.51242226436828,3.61131804670021,5.34297379291258,,,,,,6.17476263948415,7.4218762390312,,
52.001375,,,,,,,0.591175797502027,1.67969879724147,2.89683974122302,3.75788916121187,4.58772373749418,,,,,,6.24833408862337,7.83043497524518,,
52.601375,,,,,,,0.90839535987096,2.45103835128236,2.36178249659838,3.96847622380452,5.62276188646106,,,,,,5.98408866246589,7.07842296632819,,
53.2014,,,,,,,1.34558398965237,1.87630235047859,2.46082058929486,3.91361908847278,5.42876140195773,,,,,,6.76368144646897,7.53947609852323,,
53.801425,,,,,,,0.768795296637387,1.91955141704999,2.46764396910992,3.87552149789497,4.61238063106542,,,,,,6.90288312390373,7.04012245614861,,
54.401425,,,,,,,0.227971109549005,2.08337448279806,2.37250461276522,3.60197817581129,5.64673784332149,,,,,,6.46835324905354,7.60958481115392,,
55.00145,,,,,,,0.899023631101895,1.98484910837503,2.53540637880317,3.52870793643424,5.34938317514662,,,,,,5.91577726098581,7.52800754530586,,
55.60145,,,,,,,0.967890007688101,2.02347068335241,2.36502563966921,3.12978275917762,5.35903257597627,,,,,,5.9907266998166,7.2944942983865,,
56.201475,,,,,,,0.910151791883979,1.62586729093422,2.24272304232674,3.42385758569278,5.49752141395155,,,,,,5.8414286826577,7.63484337476865,,
56.8015,,,,,,,0.302288716562111,1.79953879052951,2,3.27967088255765,4.70968016960591,,,,,,5.47084372355522,7.29223306611746,,
57.4015,,,,,,,0.784747401028896,2.15488344310352,2.64747582965143,3.4122960424492,5.39366297334031,,,,,,6.86701331342471,7.85110110951027,,
58.001525,,,,,,,0.645475530119144,1.70418793455801,2.2084754623465,3.35978105014773,4.73388412833359,,,,,,6.10857484094859,6.78208711594266,,
58.60155,,,,,,,0.526831654797493,2.0695327693339,2.76595861208832,3.44654094907895,5.87722594188133,,,,,,6.62525195034531,7.29677970074876,,
59.20155,,,,,,,1.25913533459675,1.79360589089839,2.53317706494732,3.39470901996362,5.15085210830978,,,,,,5.94632499041245,6.96136224126496,,
59.801575,,,,,,,0.0939734595737172,1.50359132375456,2.264762537675,3.66606905282946,5.59752441813858,,,,,,6.82116027549176,6.59317620569008,,
60.4016,,,,,,,0.700899336303847,2.41703262571504,2.49695223896946,3.41991112610214,5.0948797575809,,,,,,5.53747766350839,7.03242393642641,,
61.0016,,,,,,,0.884647458582208,2.28503464221555,2.68238156550079,3.80687921847535,5.06443073257061,,,,,,6.02858110875506,8.07147996271745,,
61.601625,,,,,,,0.840154740127161,1.79414280745636,2.4418513679797,3.99520105774385,5.08284138239664,,,,,,6.41894893790512,7.08387642761039,,
62.20165,,,,,,,0.611304407715962,1.79074094182181,2.46713418573839,3.51975919329501,4.90610703581067,,,,,,5.99997082829914,7.66875968290811,,
62.80165,,,,,,,1.15019486672364,1.61400744801512,2.7317597452538,3.64404771597457,5.28039323832887,,,,,,6.77982712134257,7.8290176244593,,
63.401675,,,,,,,0.616643355426541,1.81319099543819,2.39654093051442,3.42289857389696,5.73530188067674,,,,,,6.1836111215388,6.67405804605629,,
64.001675,,,,,,,0.813418421104853,2.03578871650938,2.40509045257902,3.71757053619344,4.89040406180389,,,,,,6.01767951574175,7.70877681357225,,
64.6017,,,,,,,0.618819277473166,2.01321444679148,2.54994096735448,3.33797570384643,4.7133993842298,,,,,,6.73719267543622,7.45845329257478,,
65.201725,,,,,,,1.431225371115,2.21947004287086,2.61509233643736,3.61882378607417,4.80129147034677,,,,,,6.53321455193702,7.23009077918986,,
65.801725,,,,,,,0.169899033287488,1.65821156206759,2.74503452254427,3.32710606665978,4.24874360599338,,,,,,6.18996153082005,7.94965989602921,,
66.40175,,,,,,,0.740676349035752,1.54837386740094,2.45956924873433,3.49710417652681,4.76202243111419,,,,,,6.47352357149731,7.22294315157802,,
67.001775,,,,,,,0.542637252507809,1.83180366090707,2.37831412597146,3.64716177490556,5.09132746071743,,,,,,6.40235149646865,7.25791887599551,,
67.601775,,,,,,,0.708949326505929,1.72406887210893,2.61848201626566,3.10685100724229,5.03905800699351,,,,,,5.90154821153078,7.14946149371428,,
68.2018,,,,,,,0.990990513761761,1.96194972556012,2.24520188604565,3.23587841692728,5.35456008251143,,,,,,6.02350529613291,6.92527539156523,,
68.801825,,,,,,,0.468847192920777,1.59476723672282,2.53469073696326,3.3949692468352,4.37405949144824,,,,,,6.40356089148152,6.96982274045034,,
69.401825,,,,,,,0.299470441156217,1.54905057423933,2.70045187432264,3.52251189140455,5.41899325303131,,,,,,6.47632975158282,7.67763216067504,,
70.00185,,,,,,,0.805833096116914,1.35939995056293,2.60804501133306,3.74003361779461,5.19033999274942,,,,,,5.90682140962674,7.28212139170613,,
70.60185,,,,,,,0.790219719889599,1.25111822069618,2.51900049170773,3.42385616896072,4.85471566595398,,,,,,6.43580493632614,7.15511305203772,,
71.201875,,,,,,,0.804054259614793,1.81345177119301,2.45293609052956,3.65906034826217,5.54538409920625,,,,,,5.76963487948032,7.40336286241702,,
71.8019,,,,,,,0.942129998064123,2.18950155632881,2.55028465904487,3.79102578371297,5.00924726472254,,,,,,6.13784264921436,7.59689718496972,,
72.4019,,,,,,,1.39705528914755,1,2.69148310973758,3.79170639758374,5.24661534043052,,,,,,6.52744844482879,7.16138042400486,,
73.001925,,,,,,,0.877380945100739,2.14734485684559,2.91185331010582,3.80251501513784,5.31392683217919,,,,,,6.37423291408755,7.93050803037232,,
73.60195,,,,,,,0.206152656897185,1.73184746185934,2.43283824793565,3.50629642940872,5.47935111582382,,,,,,5.77945963116495,7.28560731067599,,
74.20195,,,,,,,0.659553348376954,1.68256189405586,2.69557841056303,3.86713019826366,5.5199037861398,,,,,,6.18867144139568,7.13202778959956,,
74.801975,,,,,,,0.399228706921296,1.74310493000932,2.4581354769312,3.6822920077004,4.73939018136954,,,,,,6.72277967802827,7.06175037899828,,
75.402,,,,,,,1.05449151935878,1.72086929465421,2.70244535707814,3.67437110177324,4.77522743345524,,,,,,6.10988642621974,7.42244569772218,,
76.002,,,,,,,0.712743468375421,2.25675510181868,2.5085782208353,3.7993990495619,4.81707751188039,,,,,,5.84042485042306,7.21642091443508,,
76.602025,,,,,,,0.761469830561906,1.84817138569676,2.67349323513633,3.53447962418212,5.41985988898934,,,,,,6.34261596673339,7.12383911402987,,
77.20205,,,,,,,0.947637935105041,1.35663637630336,2.74217286234003,3.7702175452427,4.99962987240819,,,,,,6.7029556722009,7.83787082684364,,
77.80205,,,,,,,0.850563719438713,1.89812672777299,2.88623125965312,3.93076670889924,5.78771614115898,,,,,,6.33058711279835,7.27656595622033,,
78.402075,,,,,,,1.27320563645715,2.22196221274722,2.80105616967678,3.64369288957042,4.70371230924274,,,,,,6.07821828879842,7.34696525977495,,
79.002075,,,,,,,0.539748203819401,1.77398208845607,2.57018675701299,3.40479210341953,5.21590421501342,,,,,,6.11691418555294,7.34332854990242,,
79.6021,,,,,,,0.59704237133345,1.44435232468061,2.23151862491233,3.04720325436097,5.71537737639785,,,,,,6.21485089802789,7.38700023601587,,
80.202125,,,,,,,1.0158078145837,2.05962875409601,2.75156451264606,3.83676304435536,5.15427972533803,,,,,,6.17926435658689,7.36015826525953,,
80.802125,,,,,,,0.579890728378433,2.03302480139549,2.75456050392282,3.76927440659904,5.15198402154787,,,,,,5.88737334555568,8.15467366288429,,
81.40215,,,,,,,0.617387620477578,2.20225975846894,2.52334954866265,3.57770905562034,5.30791287144242,,,,,,6.62123808433785,7.04105206550548,,
82.002175,,,,,,,0.952144099746732,2.05053542919234,2.87179413176767,3.45401493485773,5.2346157053734,,,,,,7.10580144572589,7.3768412249961,,
82.602175,,,,,,,0.947344861118544,1.79918307316687,2.33963598745966,3.59428143770151,5.03254860146879,,,,,,6.33617514595978,7.19445028828308,,
83.2022,,,,,,,0.942935412754049,2.66194400699375,2.65933699131435,3.69824876263911,4.56009429870846,,,,,,5.90234479357194,7.20178092503129,,
83.802225,,,,,,,1.19350848274478,1.74924354145801,2.60446543769208,3.47238286934123,4.69204256110308,,,,,,5.51662034608132,7.757524251895,,
84.402225,,,,,,,0.765213648332711,1.89975683913811,2.7046122893271,3.56025448565279,5.25999028854321,,,,,,5.87061900995648,7.53223355392344,,
85.00225,,,,,,,0.444630594421225,1.91839856315012,2.4078591381874,3.53659438836026,5.2250593475307,,,,,,5.74805393140648,7.77554514755481,,
85.60225,,,,,,,0.996696106285199,1.9787469295002,2.75618333358832,3.95683129668539,5.54906368046211,,,,,,6.22381240561767,7.63424117645468,,
86.202275,,,,,,,0.574733070191763,1.98880394920553,2.56148771365871,3.74624209743904,5.41209164089788,,,,,,5.79441288738575,7.73329842620446,,
86.8023,,,,,,,0.835849869607352,2.07740513205767,2.57831096468848,3.69077367201883,4.93155694904885,,,,,,5.55678944356261,6.98692157636702,,
87.4023,,,,,,,0.817539544869465,1.87403752659678,2.74621613488836,3.59005709104356,4.88367765219144,,,,,,5.64498793596456,7.71661213778809,,
88.002325,,,,,,,1.15881557532801,2.17165670170938,2.84978942997508,3.74084626531042,4.68960774824308,,,,,,5.8890413470659,7.26525653066757,,
88.60235,,,,,,,0.730138758315841,2.16204784909448,2.91456580296452,3.7228519225493,4.66376112678186,,,,,,6.39127175808627,7.72323669340401,,
89.20235,,,,,,,0.463293410998583,2.31952090622964,2.7132164811775,3.87842686737969,5.40727205643858,,,,,,5.86585057288729,7.65608449540537,,
89.802375,,,,,,,1.10689481040046,2.0918004715167,2.83103691834519,4.04894029922658,4.86523024409586,,,,,,6.11229045089978,7.93905376255109,,
90.4024,,,,,,,0.363764732534868,1.39415732214401,2.71201452607629,3.31745318441486,5.24562381997267,,,,,,5.64118684832658,7.41170771672834,,
91.0024,,,,,,,0.988035316340052,2.28316266793091,2.14652177759677,3.36802210525698,5.46798639591139,,,,,,6.23514107941321,7.41252154537341,,
91.602425,,,,,,,0.400547513915569,1.78575585769584,2.85131911901706,3.65818476303928,4.77186727085533,,,,,,6.69818661837845,8.11199788204718,,
92.20245,,,,,,,0.562253477189394,2.37801435603527,2.68451586517545,3.5168344381261,6.11128961704769,,,,,,6.22004996967183,7.21589655885058,,
92.80245,,,,,,,0.744441066966172,2.25637773529971,2.63743720784616,3.97651879843205,4.69522220719713,,,,,,6.26159214357064,7.72339438085127,,
93.402475,,,,,,,0.456353441801161,1.9178329657367,2.5129346670032,3.71405600850338,5.09373071532328,,,,,,6.08408673395344,7.13548273916717,,
94.002475,,,,,,,0.70224860033019,2.05593501704003,2.39008918008085,3.62289448078155,5.03138715967643,,,,,,6.45077365361543,7.29381531240098,,
94.6025,,,,,,,0.983919993328384,1.7245684179195,2.7781318166746,3.59794460338719,5.44699132327107,,,,,,5.64065306596815,7.75074261231264,,
95.202525,,,,,,,0.708034941715316,1.48041480229387,2.53708200487659,4.10994460350307,5.02811667878826,,,,,,6.77835548019459,7.68273074024067,,
95.802525,,,,,,,0.734432916466865,1.57284433484235,2.63888049749311,3.50753553816554,4.99211759020432,,,,,,6.44916334152727,7.55343879896043,,
96.40255,,,,,,,0.71812323990093,1.60188913604866,2.48272645222561,3.59673348481614,4.89996087177661,,,,,,5.58121222766867,7.1837656734242,,
97.002575,,,,,,,1.11408154363871,2.24136448002501,2.36237646508151,4.19030829246862,5.50060474865275,,,,,,6.04188539484142,7.2955759184462,,
97.602575,,,,,,,0.812231420075702,1.54392573352474,2.61662186395182,3.97666597090028,5.13493777918373,,,,,,6.51807364182771,7.0575843737454,,
98.2026,,,,,,,1.03464724503591,1.9409303936727,2.87796283282431,3.70458847283655,5.69767517110463,,,,,,5.84544749962895,7.29896600001513,,
98.802625,,,,,,,0.93457552441065,2.75960911377177,2.80692615773428,3.47189278621905,4.91443469172488,,,,,,5.15021970129927,7.12097971613059,,
99.402625,,,,,,,0.536841143997684,1.9631827051765,2.61979548644044,3.60779478316288,4.34201775627394,,,,,,6.04552486554539,8.09736526991702,,
100.00265,,,,,,,0.450473730841347,2.17578935011815,2.76618794044323,4.07294630882251,4.7019440478843,,,,,,5.83140505774823,7.54811750383653,,
100.60265,,,,,,,0.651929764151621,2.00461644585606,2.81719824437487,3.95983851866178,4.60180253899958,,,,,,6.23150142223083,7.4726397530183,,
101.202675,,,,,,,0.486184005037822,2.11572280155556,2.70359248557805,3.79028264298336,4.65230639028167,,,,,,5.97341213879586,7.58936736688612,,
101.8027,,,,,,,0.645948930218992,2.30878040534974,2.43018189940214,3.37607698627073,5.53775375737835,,,,,,5.86184841985593,6.72715863307014,,
102.4027,,,,,,,0.564713514917079,2.41328715385343,2.73952688455608,3.49592872391389,4.92242896912507,,,,,,6.35111284733389,7.16334717976884,,
103.002725,,,,,,,1.50028763205355,2.66600970851075,2.56139099024378,3.89761508181869,5.60844968322835,,,,,,6.18483655928802,7.79240963356736,,
103.60275,,,,,,,0.916162100109049,2.18176792705933,2.78789882684906,3.42739443295103,5.52978366272956,,,,,,6.10794911102997,7.47114251199561,,
104.20275,,,,,,,0.694224740745047,1.96670469943721,2.65148143114866,3.70590800370521,5.3839713753822,,,,,,5.28409282159324,8.00537490214739,,
104.802775,,,,,,,1.46631181194237,2.26009014896157,2.59727307986201,3.75596184695689,5.21983894683327,,,,,,6.15857961393172,8.10904719260821,,
105.4028,,,,,,,0.638061359010631,1.38777619910448,2.7920077077538,3.58039602745539,5.30163162061903,,,,,,6.16884415293712,7.33887478362492,,
106.0028,,,,,,,1.02075522165854,2.02918836369439,2.82925269145198,3.70467132982858,5.19768604461541,,,,,,6.08020481776727,7.56779279342946,,
106.602825,,,,,,,0.710213429685584,2.06715087169869,2.68633544706861,3.48321367426129,5.26272837418879,,,,,,5.57707902234042,7.07878314893224,,
107.20285,,,,,,,1.40739147238526,2.1320049602829,2.44461681905444,3.48829266437628,5.47938940937545,,,,,,6.78154197420279,7.11511570187908,,
107.80285,,,,,,,0.494994440941553,1.87444288908975,2.48354978428363,3.19730726348472,4.26329786431564,,,,,,5.62789969351328,6.89939260963683,,
108.402875,,,,,,,0.573150749872097,1.82411451928266,2.73520181576424,3.93089387418068,5.11272053592795,,,,,,6.16463611600823,8.20378270638659,,
109.002875,,,,,,,0.916896693568601,2.46449014607053,2.92964838489127,3.7861910236899,5.09054320649174,,,,,,6.8854756036562,7.212611666588,,
109.6029,,,,,,,0.875538959983214,2.28328682431621,2.47444367907945,3.49743702663878,5.62106439820429,,,,,,6.02896825346687,7.50151990841252,,
110.202925,,,,,,,0.583769144462579,2.35031999368716,2.67515205055105,3.78572215840845,5.12823417170762,,,,,,6.62378515936984,7.37357715897952,,
110.802925,,,,,,,1.32349723028851,1.84559328310621,2.47755653982511,3.90017317879814,5.0446927299158,,,,,,6.21074739973883,7.74393164732433,,
111.40295,,,,,,,0.452975121443264,2.0800060785741,2.58773113320638,3.63368070070719,4.81177892413322,,,,,,6.78194751501554,7.50469012637707,,
112.002975,,,,,,,1.10648997620505,2.0906603687082,2.64888734319284,4.05954179286016,4.65309311908803,,,,,,6.68984566254569,7.52128685133026,,
112.602975,,,,,,,0.725858804897241,1.84215438781262,2.57987399438262,3.47115172767808,5.20501330541877,,,,,,6.108783543302,6.98006697865268,,
113.203,,,,,,,1.05707056250002,2.24883257278653,2.48228619568353,3.7000497536815,5.23948396262944,,,,,,5.87321559450853,7.63090947541715,,
113.803025,,,,,,,0.796809704861996,2.46455794252457,2.73316080279421,4.06998620438931,5.23914655769072,,,,,,5.53741838864568,7.0679153394268,,
114.403025,,,,,,,1.03318473895911,2.28267779870103,2.86483969995054,4.21593053908839,5.52124208078652,,,,,,6.11762632226131,7.58074613284837,,
115.00305,,,,,,,1.07177906496552,2.27781933557388,2.85309825489641,3.99616643284218,5.44888983481888,,,,,,5.90449611975276,7.67074600545267,,
115.60305,,,,,,,0.985152812314561,1.95427691562419,2.71564836071146,3.59306989487173,5.39143045059555,,,,,,5.73211925375903,7.08378568917028,,
116.203075,,,,,,,0.970078913341322,2.39309595308051,2.69208658785734,3.3614724630273,5.82633679000941,,,,,,5.83055109823485,7.95883998331413,,
116.8031,,,,,,,0.258026297293877,2.99679877017375,2.7582208329264,3.7546824878478,5.50714197959282,,,,,,5.82412761025746,7.09180711274534,,
117.4031,,,,,,,0.706129062949126,2.67952888712704,2.73381098773423,3.86260088860243,5.88035728103987,,,,,,5.78023764309273,7.07199323726698,,
118.003125,,,,,,,0.976670505866824,1.46921744894452,2.68894490463217,3.57380776167207,5.10234090492976,,,,,,6.50160770513908,7.12037406570741,,
118.60315,,,,,,,0.67438331928084,1.94967383260072,2.13630662074789,3.22056091465545,4.59576444521626,,,,,,5.74161619889027,7.0914624708339,,
119.20315,,,,,,,0.80731138173189,2.14353682363257,2.4190445281635,3.31177930781183,4.46952435236564,,,,,,5.99850129418271,7.66792455545029,,
119.803175,,,,,,,0.889487801480465,1.32280086592118,2.52596119915742,3.65045156807316,5.2900490164703,,,,,,6.47966175137484,7.48368040659497,,
120.4032,,,,,,,0.494022775274706,1.6802611192349,2.60655960148089,3.6229950857115,5.07549263496689,,,,,,6.32935395321183,6.61833180309844,,
121.0032,,,,,,,0.539753386771435,2.12966206251142,2.57638621548149,3.28448250563089,5.14794802242129,,,,,,6.24393338655811,7.48197445199908,,
121.603225,,,,,,,0.322132517591157,2.10909084166749,2.52372831903005,3.46144016103376,4.88363425465012,,,,,,6.24544591429378,7.3814886679273,,
122.20325,,,,,,,0.631414374027076,1.38249519316561,2.50332954751522,3.19541299526791,5.32952580940413,,,,,,5.65225358376366,7.40873853790962,,
122.80325,,,,,,,1.01374820347887,1.81534802242751,2.70948147227777,3.33601366422828,5.11624308273329,,,,,,5.60085984051728,7.52799975244554,,
123.403275,,,,,,,0.678020974740986,1.48667875103322,2.50878018557486,3.81408301560442,5.1640520947366,,,,,,6.92403441281402,7.39509424637037,,
124.003275,,,,,,,0.856760856339578,1.9058849193675,2.82557211706793,3.74661826182125,5.49152747921681,,,,,,6.86774774010242,7.07082757812223,,
124.6033,,,,,,,0.582818122294655,2.34733430054833,2.67609055298133,3.28597718786486,5.28737858670471,,,,,,6.82421774112538,7.23478643642937,,
125.203325,,,,,,,0.548599871949458,1.98860460690874,2.65944581958991,3.75832681067983,5.2382873279566,,,,,,6.08685564923602,7.02024551868173,,
125.803325,,,,,,,0.893004539474692,1.55465167267953,2.52047469680132,3.60821615414884,4.68907889592724,,,,,,6.13408218766006,7.0559163314385,,
126.40335,,,,,,,0.176661705856276,1.79946702331263,2.50381083833047,3.22643241884384,5.26897138535774,,,,,,5.51247779019612,6.98907241392261,,
127.003375,,,,,,,0.704979151100323,1.9506201001175,2.57498109840092,3.53707566992415,5.11753405479261,,,,,,6.28179018722483,7.68942592444371,,
127.603375,,,,,,,0.87317220465047,2.32930051521172,2.42755706699645,3.4095710329602,5.47601535908392,,,,,,5.97721214136091,8.02392701164086,,
128.2034,,,,,,,0.821474558591751,1.59019732499414,2.3001218394823,3.36071047579276,5.21525887579315,,,,,,6.15416774190501,7.12410144342245,,
128.803425,,,,,,,0.587302374112798,1.47410797260493,2.27010448385709,3.2294686842696,5.35162883906978,,,,,,6.01417887733887,6.94933946800096,,
129.403425,,,,,,,0.431818037820408,1.26618434158459,2.67164926389462,3.23943803320588,5.62427859417016,,,,,,6.47020165350906,7.53096847182771,,
130.00345,,,,,,,0.831463631971465,2.20367157690107,2.47128075794379,3.34045945182101,5.31309794775475,,,,,,5.92548053375415,7.27014718912164,,
130.60345,,,,,,,1.01299303121392,1.81944946016586,2.36541964825856,3.37688015302084,5.10386084245618,,,,,,5.89646385687703,6.89901467558091,,
131.203475,,,,,,,1.05920767690571,2.13425789150676,2.40056779736454,3.30268669042579,5.1305630567485,,,,,,6.74997371146587,7.10100766186029,,
131.8035,,,,,,,0.9936156264199,2.46948860526248,2.63085947958847,3.71884031277731,4.27872221713081,,,,,,6.05149210123037,7.52066841116656,,
132.4035,,,,,,,1.02673274574822,1.73303061203774,2.40769861316684,3.60114469822814,4.78498169159633,,,,,,6.55853030775675,7.14663465705838,,
133.003525,,,,,,,0.764058182309754,2.04374623534038,2.44233575782823,3.72571777079581,4.74908677269631,,,,,,6.88239492123138,7.39314559963802,,
133.60355,,,,,,,0.252676231851975,2.79561586199508,2.87935941298144,3.7786409286387,5.43395165376227,,,,,,5.93969178572897,7.05635399833629,,
134.20355,,,,,,,0.436295493539913,2.27881637166723,2.65362963969831,4.11175545423572,4.65622200299824,,,,,,6.1993415692385,7.20823424467772,,
134.803575,,,,,,,0.445065103395151,1.8794635631071,2.54347815130466,3.69406250683962,4.8817283751536,,,,,,6.03883012200519,7.55102159558137,,
135.4036,,,,,,,0.645284101363223,2.69923427965531,2.88242996877914,3.94713091959187,5.27098984671494,,,,,,5.50431041154137,6.80154049631124,,
136.0036,,,,,,,0.689611596133823,1.80574387536742,2.60204070889052,3.64556447414537,5.78007290269068,,,,,,6.46629054869621,7.1958191216726,,
136.603625,,,,,,,0.963701590944573,2.35662180296923,2.5882610071667,3.87185168251315,5.09667946148566,,,,,,6.25183408845456,7.93255541742439,,
137.20365,,,,,,,1.12544824853133,2.18842391683683,2.6218224268278,3.79097789286664,5.24678129571827,,,,,,6.35426466725433,7.24180189716497,,
137.80365,,,,,,,0.909576942033883,1.6631493613427,2.66923868401503,3.84689883094791,4.83035613104125,,,,,,5.83280845962253,7.3809316760694,,
138.403675,,,,,,,1.11811374432911,2.01002013544345,2.99607244997707,3.444721858691,4.81051965474916,,,,,,6.38300149614016,7.03380191411849,,
139.003675,,,,,,,0.668456051633035,1.84452336050234,2.13091874890265,3.35120794045902,4.35258893196543,,,,,,6.72553606102652,7.48546859484159,,
139.6037,,,,,,,0.419905661450985,1.69069976356523,2.46686691013015,3.2643151976904,5.07943318768703,,,,,,6.07646610060322,7.58723781756953,,
140.203725,,,,,,,0.647001444496889,1.83637439990855,2.69251839819442,3.42719764689694,5.04106464617043,,,,,,6.31537364053717,7.70174065709694,,
140.803725,,,,,,,0.589639660117507,1.91141270529174,2.43625555856118,3.06857721696852,4.87941597459717,,,,,,6.42540802760355,6.36646121561274,,
141.40375,,,,,,,0.945675044922897,2.57036914272828,2.4488314556022,3.63164840587307,4.96587659769131,,,,,,5.59591086846427,7.74873156583751,,
142.003775,,,,,,,0.974853977187887,2.07321577764079,2.53941206556994,3.41204280310817,5.31417689448731,,,,,,6.03754479800551,6.8024838241076,,
142.603775,,,,,,,1.28460590055821,1.39533354874362,2.76018113235863,3.63546950628997,4.82012096634639,,,,,,6.43891582300913,7.6785397600693,,
143.2038,,,,,,,0.654373498170748,2.4054788878368,2.60575397881164,3.71418072712076,5.40367093934425,,,,,,6.00468932473,7.12815294815939,,
143.803825,,,,,,,0.678813149257888,2.4616981314509,2.74002082310665,3.67976104711543,5.40899294596014,,,,,,6.34512213340691,7.17143449375052,,
144.403825,,,,,,,0.825705935901129,1.89240362772207,2.36164611159136,3.40023384236911,4.70949708736255,,,,,,5.76666213645806,7.79715562946081,,
145.00385,,,,,,,1.07702281973407,1.80770758847076,2.65937848417529,3.65812774216225,4.56608957411823,,,,,,6.37851526620573,7.60946339131841,,
145.60385,,,,,,,0.137772744319427,1.89302910714294,2.6837827231897,3.74277533855959,5.18597373204653,,,,,,6.05040525558476,7.46179981499861,,
146.203875,,,,,,,0.571238680081486,1.65599972252581,2.8181440601053,3.64334340415379,5.11153035713699,,,,,,6.27954609122119,7.44675813668831,,
146.8039,,,,,,,0.356260982403865,1.81114907789397,2.77836399043127,3.47754607345401,4.91619693193831,,,,,,6.13537931933845,7.82785404996598,,
147.4039,,,,,,,1.30498462760643,1.88251225604953,2.25106287008796,3.36410104428029,5.13266073401853,,,,,,6.4063483713457,7.45043184497896,,
148.003925,,,,,,,0.444795308612562,1.82539484425966,2.58043454744911,3.04838524904204,5.35100485273279,,,,,,5.85359911946798,6.97807534089955,,
148.60395,,,,,,,0.616809052193754,2.5678788930076,2.47539491309071,3,5.07474745315147,,,,,,5.35140396497918,7.18507869678932,,
149.20395,,,,,,,0.235318530029796,1.71089950181518,2.54773688666361,3.18541260159765,5.33775535393859,,,,,,6.10625836523414,7.23294352580182,,
149.803975,,,,,,,0.838225608264175,2.30526265584377,2.53319879945262,3.33676865664132,4.84690804252769,,,,,,5.65058833241028,6.99283996456218,,
150.404,,,,,,,0.735099092488149,1.82691979971937,2.50835825605212,3.17345373898894,4.49034801453155,,,,,,6.6715367609403,7.88457741954871,,
151.004,,,,,,,1.14417884971589,2.4353703914217,2.60415869024402,3.41762061093961,6.4808081403021,,,,,,6.29543325752398,7.67335104106678,,
151.604025,,,,,,,1.12075624712733,2.14971657625812,2.43737045824929,3.66694580138438,5.53340442600354,,,,,,6.29943744037884,7.3787776867665,,
152.20405,,,,,,,0.886144826838049,2.00938838166206,2.35528804736593,3.40595397855144,5.26315816862339,,,,,,5.96865581704128,7.36196588733527,,
152.80405,,,,,,,0.934733481534818,2.32227159247298,2.62449242375448,3.42628840453072,5.22607486341734,,,,,,6.07845938757836,7.09042433343702,,
153.404075,,,,,,,1.4067884858824,1.94654083294351,2.77913742558898,3.44469645523049,5.19837945743251,,,,,,5.95426780149091,8.07179526283425,,
154.004075,,,,,,,1.0376537840546,1.38287926494204,2.84588527396841,3.52048009994087,5.40599574503294,,,,,,6.55866394501035,7.48854211938682,,
154.6041,,,,,,,0.556258643829207,1.80613107287813,2.68754765078459,3.52498516750427,4.97743556177262,,,,,,5.82002338967953,7.45186828297498,,
155.204125,,,,,,,0.859891405528766,2.84531313437678,3.06313975827323,3.68634543150642,4.40125921588423,,,,,,6.53423920642102,7.61458602110299,,
155.804125,,,,,,,0.946388763905798,1.51577998014698,2.90737816777362,3.832957178631,5.35228679516365,,,,,,6.72455867180259,7.59825761691117,,
156.40415,,,,,,,0.399177790691667,1.18414419666691,2.25433976698146,3.05140961600054,5.54347875534983,,,,,,6.45959938056914,7.38812373213518,,
157.004175,,,,,,,1.03482714034677,1.97027835742709,2.4122433236519,3.16839589685876,5.086760691495,,,,,,5.93093459712153,7.16389174205013,,
157.604175,,,,,,,0.601165044003236,1.40877055617209,2.52779317578044,3.29467024468724,4.96023438394776,,,,,,6.30449290397905,7.24758074584391,,
158.2042,,,,,,,0.444073001377943,2.17472289864156,2.35655171453417,3.51475620060718,5.40820729947097,,,,,,6.20817274150768,7.26916914173631,,
158.804225,,,,,,,0.521059386405548,1.8215540772585,2.65838071832131,3.36430229911935,5.14476920348042,,,,,,6.20569186398997,6.85570529454767,,
159.404225,,,,,,,0.751049500400966,1.84266473302424,2.97847402696897,3.68516681030595,5.71143473267585,,,,,,5.75675796586505,6.79935753250801,,
160.00425,,,,,,,1.08080715789996,2.60567614348068,2.46668134701159,3.64211287718671,5.67073213644409,,,,,,6.56536419131365,7.29257356031799,,
160.60425,,,,,,,1.17129753286994,1.54786566843172,2.76233198214151,3.74331403279316,5.04470476117034,,,,,,6.20464541198979,7.16619163182869,,
161.204275,,,,,,,0.662782753104171,1.81683980413619,2.85172720427574,3.99579745985513,5.17984862565238,,,,,,6.0519868418984,7.8221723422507,,
161.8043,,,,,,,1.61833247282687,1.73653801465783,2.7670923410707,3.65544820502951,5.17399708378826,,,,,,6.7945460596598,7.11365800990563,,
162.4043,,,,,,,0.828971736917488,2.09529957883691,2.85619220335757,3.84871949061532,4.4307738225321,,,,,,6.33859060689309,7.36662569280124,,
163.004325,,,,,,,0.785591126753918,2.03302797070422,2.99418594263671,3.54159178917591,4.78334638212304,,,,,,6.31178655587417,7.46685997012411,,
163.60435,,,,,,,1.04995572351933,1.80863570131357,2.69111881234314,3.59355595625023,5.01884052122226,,,,,,6.76761021234116,7.3366767233864,,
164.20435,,,,,,,0.761807046416187,1.73638631683291,2.6526862895548,3.74239754400919,5.14982487521772,,,,,,6.53674265561916,7.88343634343975,,
164.804375,,,,,,,0.844656100500366,2.22208656793154,2.28544991436653,3.50438843390336,4.7084017119547,,,,,,6.19107034166038,6.83422557333736,,
165.4044,,,,,,,1.0293064792132,1.94979146577485,2.51707562806914,3.52545133131838,5.33091665860992,,,,,,6.12968295737621,7.27450768948162,,
166.0044,,,,,,,0.846367161044539,1.57872515776968,2.62395250778929,3.81993098078401,4.99530867237843,,,,,,6.200924659692,7.35723627844235,,
166.604425,,,,,,,0.713945573822033,1.95741383940907,2.7281421087888,3.54228381353824,5.90060824979411,,,,,,5.85517246472541,7.47044229595847,,
167.20445,,,,,,,1.15145129966565,1.49818247672281,2.48712024061442,3.42939231970605,4.97521625327266,,,,,,6.61184771570524,7.46867405374703,,
167.80445,,,,,,,0.77503979242337,2.20010878079926,2.62160835568229,3.52607569087149,4.82310251720267,,,,,,6.25534758168353,7.33080329851061,,
168.404475,,,,,,,1.34862603199555,1.79750685904814,2.79924128038277,3.7560659590657,5.37127814211378,,,,,,5.83738714349408,6.78584843988255,,
169.004475,,,,,,,1.1753231938567,2.59932863482914,2.75418579810142,3.76080794275971,5.27638902910964,,,,,,5.90274661898179,7.79247377545182,,
169.6045,,,,,,,0.87277976042961,1.74767338443327,2.80114436085631,3.86697754855289,5.26153590638401,,,,,,6.4560791146871,7.93106080098107,,
170.204525,,,,,,,0.107693407142885,2.37948151076195,2.73707903639299,4.00385641146096,4.43920220267428,,,,,,6.28611744028499,7.09662771030142,,
170.804525,,,,,,,0.788926245076695,2.30959362457638,2.83100099883891,3.93098295931252,4.6857461404871,,,,,,6.56912921149388,7.33089220397314,,
171.40455,,,,,,,0.997961513187276,2.34653102548005,3.25642688830814,4.39237295181846,5.26843151377595,,,,,,6.17503441858105,7.49035382751969,,
172.004575,,,,,,,1.60120945836059,2.14493358311078,3.04464458193285,3.80231646334785,5.19390067336789,,,,,,6.55915849154622,7.15616485228426,,
172.604575,,,,,,,0.753661286777092,1.90848499875726,2.84662744295044,3.81062311820475,5.52310846183881,,,,,,6.90908507092626,7.71514013326068,,
173.2046,,,,,,,1.2474470449063,2.67890766808388,2.86283610375819,3.78371886905296,5.6053130379137,,,,,,6.18808740254701,7.05657968622607,,
173.804625,,,,,,,0.844656544382891,2.69990915754582,3.37980500971355,4.09171513066586,4.44155765730123,,,,,,6.46813021937755,7.35129645275283,,
174.404625,,,,,,,0.923678541197362,2.16807244618303,2.57064032148925,3.77630930858604,4.21458414377992,,,,,,6.01528445370214,7.4177001306372,,
175.00465,,,,,,,1.02049587243906,2.09078823249701,2.49000009431661,3.63948211245856,4.68724144206707,,,,,,5.64849582571163,7.03943490339628,,
175.60465,,,,,,,1.11752858877507,2.38702866994264,2.53022839751094,3.68740770344029,5.47163680255755,,,,,,6.38826080085372,7.24237328223538,,
176.204675,,,,,,,0.658404091266122,2.05987192559727,2.35109671848919,3.50651265364665,5.48724750303588,,,,,,5.97293936937524,7.89539554459499,,
176.8047,,,,,,,0.899142451965688,3.19105190226479,2.68603740895823,3.8014349705529,4.52681739009674,,,,,,5.96906145840919,7.42274798559815,,
177.4047,,,,,,,0.505852517330853,2.0997029000835,2.72583323642345,3.72668609800301,4.81951986372689,,,,,,5.81953116205688,7.77447852809642,,
178.004725,,,,,,,1.51227012205831,1.82328870954704,2.56865606164687,3.69123274716645,6.12902505315832,,,,,,6.04741950242694,7.52412841729734,,
178.60475,,,,,,,1.09719674387749,1.99756473573997,2.67233394839995,3.57581782470951,4.53855308003339,,,,,,6.19806802445714,7.10066004196202,,
179.20475,,,,,,,1.25037212731241,2.79329078209309,2.39024998464436,3.88983578313638,5.00599678976429,,,,,,5.99530081248758,7.99040454859561,,
179.804775,,,,,,,0.588986043637741,1.75287876730512,2.24303770615697,3.58937839491861,5.03396830105626,,,,,,5.50897738409374,7.48612229507819,,
180.4048,,,,,,,0.630729472868252,1.81021375568287,2.81715872306645,3.69959418983166,5.77854827762607,,,,,,6.52459592551032,7.56212883864082,,
181.0048,,,,,,,1.23658729402661,2.34301258712634,2.88086539764809,3.81387129977334,4.92297063835869,,,,,,6.24328241723466,7.32822254448275,,
181.604825,,,,,,,0.48076563517005,1.98413997742671,2.66163175703458,3.27115041211673,4.89776056922379,,,,,,6.20960361265588,7.23813665114215,,
182.20485,,,,,,,0.408409815455847,1.82602934232443,2.63689468913708,3.19355447959708,4.8298824899303,,,,,,6.5381050913076,7.54168567052999,,
182.80485,,,,,,,0.820918308836784,1.73012287249404,2.78044829495632,3.53373799092128,4.62379234240017,,,,,,5.51956089984141,6.8295522368397,,
183.404875,,,,,,,0.827855508960284,1.84493458662344,2.55589010694972,3.48029670233035,5.54246815347757,,,,,,6.3315653526457,7.53509878475487,,
184.004875,,,,,,,0.982395544209194,1.76131734034987,2.5335455990147,3.3961701586565,5.55919292738345,,,,,,5.91505109156715,7.36568857945903,,
184.6049,,,,,,,0.989993589567602,2.01785368419931,2.38919930226905,3.42544367667352,5.15964248518759,,,,,,6.74711035098963,7.27566549987286,,
185.204925,,,,,,,0.662497204445473,1.87868818192266,2.67556035000843,3.67723036024798,4.85898548279919,,,,,,5.54746130328669,7.32638565469591,,
185.804925,,,,,,,0.516590990481392,2.35474355814928,2.68692095584097,3.49593396541855,5.40270830084192,,,,,,6.0199724085305,7.42903076340354,,
186.40495,,,,,,,0.950960894949295,2.19235730267551,2.87791278971785,3.49922584402959,4.35786076574602,,,,,,6.38990293298083,7.2939476104457,,
187.004975,,,,,,,1.00257720965434,2.07829190617463,2.66176754679712,3.31658752792898,5.51457087303622,,,,,,6.37107413498476,7.3790295721593,,
187.604975,,,,,,,1.10037904466274,2.67181695500946,2.82576832018851,3.49133735737409,5.99377134476543,,,,,,5.74384432635696,7.43240477843102,,
188.205,,,,,,,1.1838961504349,2.09432743862317,2.8650310884193,3.82446268825712,5.50224180332598,,,,,,6.43641011640596,7.60043517525991,,
188.805025,,,,,,,0.498656345951173,1.72253785940164,2.80067233540977,3.3599480151876,5.17775610656449,,,,,,5.84326059535641,7.29678970495542,,
189.405025,,,,,,,0.920710520388505,2.1546869899819,2.75301935199941,3.72322177485086,4.87457657392874,,,,,,6.17663244784778,7.02261854750983,,
190.00505,,,,,,,0.732961928940344,1.94684744841788,2.48296328526944,3.61094545105033,4.72139464066386,,,,,,6.31974020640262,7.57559841381816,,
190.60505,,,,,,,0.988453872474364,2.68938476167033,2.75317812534027,3.53351879556889,4.64437420093027,,,,,,5.90011462408192,6.91812367589311,,
191.205075,,,,,,,0.310520807405824,1.83775489622767,2.82942757443089,3.51763727587507,5.69051854829261,,,,,,6.26839012908623,7.5696744824711,,
191.8051,,,,,,,1.70248327601034,2.6293916847043,2.7685197484344,3.68770298266165,4.862870912023,,,,,,5.8001056541434,8.21773660689936,,
192.4051,,,,,,,1.07765640999279,2.7303700176469,2.60736626802746,3.80804211446509,5.3305071631994,,,,,,6.35767002963828,7.99292348719236,,
193.005125,,,,,,,0.937597559402861,1.88628810782445,2.58229979564001,3.65643542180493,5.48168439918623,,,,,,5.8096343321831,7.62827344356457,,
193.60515,,,,,,,0.495638494552092,2.3346504867573,2.68533492217939,3.93920255659555,5.07140335612907,,,,,,6.16661699541298,7.52930635519149,,
194.20515,,,,,,,0.867990418113478,2.01409308521133,2.74228970877078,3.80289459078826,5.33454833775093,,,,,,6.64112741720844,7.31986322016676,,
194.805175,,,,,,,1.44914216765245,2.45509995459528,2.92083335933762,4.32291753017116,5.04403964570867,,,,,,6.52873184723238,7.82702163416942,,
195.4052,,,,,,,1.23960499789706,1.96751555885099,2.70652575007376,3.95255402157107,5.34752901979734,,,,,,6.41529350258415,7.66235655825658,,
196.0052,,,,,,,0.946205311202377,2.31925984961883,2.71343124923261,4.017864794605,4.8538191501242,,,,,,6.21488462583525,7.43475081313046,,
196.605225,,,,,,,1.23741587591395,2.14103029960576,2.80133739798724,4.16466708813183,5.05823943908496,,,,,,5.67187615426997,7.97498318281811,,
197.20525,,,,,,,0.970292140603935,2.20496532893267,2.99438523126106,4.41448819139574,5.05851063724646,,,,,,6.2088737871894,7.21904095561649,,
197.80525,,,,,,,1.47086883282902,2.41818143761171,2.71344759680364,3.97141217110773,5.18346278332581,,,,,,5.69427713315771,7.65565411318891,,
198.405275,,,,,,,0.730877883553475,2.11517297384825,2.62462559402194,3.878633360556,5.01641144433678,,,,,,5.64989030248052,7.77914047498499,,
199.005275,,,,,,,0.931376424935458,2.14174458079355,2.62384209588341,3.94016951001779,5.09216530125353,,,,,,6.49124942420994,7.19442266422455,,
199.6053,,,,,,,1.0966285284902,1.5179484996014,2.90075841614676,3.87650390070443,4.59196032249805,,,,,,6.3211815839777,7.51725151275692,,
200.205325,,,,,,,0.996303419595692,2.07980343614373,2.77612888646118,4.16674476097418,5.40331464724579,,,,,,6.17929153195954,7.34761057798803,,
200.805325,,,,,,,1.04875608079321,1.82185103983597,2.49834411169808,3.50773009395324,4.66909427737382,,,,,,6.26580519327894,7.86095620016319,,
201.40535,,,,,,,0.822776525536946,1.92837718797435,2.43304857159891,3.63476060009024,5.05179207065294,,,,,,6.32582190480571,7.59270624778853,,
202.005375,,,,,,,0.820064764159587,1.98638782092048,2.91903942847734,3.52870755300716,5.20618720911354,,,,,,5.91053581444896,7.35526959523956,,
202.605375,,,,,,,0.717624115690126,1.97740353397296,2.80137519158808,3.82530817888997,4.11117823037908,,,,,,5.89774020711509,8.60938170128477,,
203.2054,,,,,,,1.50828676738082,2.44968231250091,2.98510834569851,3.92760813106361,5.32372332665377,,,,,,6.18268151182866,7.58124042340504,,
203.805425,,,,,,,1.10339433150321,1.9358014550752,2.57286210065271,3.75739197801772,5.63536758128968,,,,,,6.79994692513952,7.68470662437496,,
204.405425,,,,,,,0.931109357067738,2.64210194498209,2.79718853033564,3.79276282647735,4.62052241347422,,,,,,6.1935437319234,7.71619060954608,,
205.00545,,,,,,,1.11196826582442,2.37604793587451,2.80584032540761,3.94916620249212,5.24857411540086,,,,,,5.72832967771721,7.97777405863305,,
205.60545,,,,,,,1.36603988502908,1.97587754269118,2.83490968936721,3.52852249063698,5.07274693678531,,,,,,5.51855297160815,7.51662523380221,,
206.205475,,,,,,,1.00533961555179,2.02550984926048,2.48458220727189,3.57080475778001,5.31374510913802,,,,,,5.94744696448909,7.36662761596002,,
206.8055,,,,,,,0.907472071261227,2.02798896497083,2.63212874931674,3.47222969756863,5.18801985511939,,,,,,5.85733590266626,7.08797246001071,,
207.4055,,,,,,,0.925330228808269,2.00956783203711,2.58102743986075,3.59685144938962,5.64540230066002,,,,,,6.19431219586462,7.54365852567207,,
208.005525,,,,,,,0.953941776509987,2.18909764283647,2.76933734516025,3.31438519895227,4.95587176455221,,,,,,5.88971396053937,7.31489717825618,,
208.60555,,,,,,,0.525242879344781,1.99586911560817,2.63380609618392,3.66787855438202,5.63244017676144,,,,,,6.76384212337792,7.51567225088266,,
209.20555,,,,,,,1.01706800627214,1.92296394564263,2.65479101678217,3.68764596349217,5.06689119561584,,,,,,6.18770024871327,7.73077180427755,,
209.805575,,,,,,,0.699879810608009,1.66801220489509,2.70115505959372,3.93478990066332,4.70827785477375,,,,,,6.084710346753,7.62795496894615,,
210.4056,,,,,,,0.744097704793276,1.69402171268305,2.33002569874057,3.62844412553426,4.93268127222878,,,,,,5.84927325800829,7.77279632760133,,
211.0056,,,,,,,0,2.13004167247343,2.54280609361252,3.56848280073416,4.89564084219919,,,,,,5.65014725491886,6.87274187199912,,
211.605625,,,,,,,1.13243169258628,1.42256695556156,2.59963509256157,3.73556037006139,4.95283956268464,,,,,,5.96446078765094,7.31370191472895,,
212.20565,,,,,,,1.19280547393726,1.60896117970345,2.58131226897496,3.27150766682629,4.55459636384628,,,,,,6.61508909139329,8.07811260030712,,
212.80565,,,,,,,0.8792796307263,1.66403871304175,2.84457631279716,3.75330901783334,4.84644700496968,,,,,,6.26697885390278,7.52029503326124,,
213.405675,,,,,,,0.760246832183658,2.45414658877743,2.70072196772525,3.4202790424445,5.17255959982387,,,,,,6.77938729372436,7.13309260026108,,
214.005675,,,,,,,0.719905211396653,2.2407861161524,2.99387696164553,3.63459962435197,5.64342006538899,,,,,,6.38411239771451,7.30285929910484,,
214.6057,,,,,,,1.20992499014551,1.94642190796128,2.77071633731198,3.95039216044583,5.6409164377937,,,,,,7.05421903738205,6,,
215.205725,,,,,,,0.41293631352438,1.9907936318383,2.66022081644263,3.42499596017054,4.94466406175472,,,,,,6.01164656537561,7.89990644617725,,
215.805725,,,,,,,0.23182819104161,1.7604459294876,2.50664406971986,3.31189821150139,4.61050889991536,,,,,,5.7840273103816,7.73879342341513,,
216.40575,,,,,,,1.09231643135044,1.66939597681292,2.49327608402014,3.58668184796756,5.09699589195602,,,,,,6.39579787864042,6.89750417158958,,
217.005775,,,,,,,0.524658998706274,1.37756188922786,2.35397268270477,3.5419388433669,5.77521957823026,,,,,,6.66199738248338,7.54623370184111,,
217.605775,,,,,,,0.652077295664491,1.91295907087463,2.48677819343235,3.47321874374117,4.63620819455417,,,,,,5.75900004675184,6.84903420636078,,
218.2058,,,,,,,0.677080483298552,1.99316049393244,2.45490998442284,3.42191089137805,6.05098084655679,,,,,,6.16817696506182,7.46535538393946,,
218.805825,,,,,,,0.821350836631732,2.0438075337923,2.67012715052163,3.63342687417113,4.93235930554599,,,,,,5.61817571181384,7.3068893442739,,
219.405825,,,,,,,0.960950177177825,2.05732600699976,2.66263945609765,3.70224815029726,5.79783777436074,,,,,,7.12711009556973,7.25229645254817,,
220.00585,,,,,,,1.0456824926536,2.61726519476524,2.53639147241915,3.91668812519905,5.35761617559752,,,,,,6.29594349528449,7.47315228419776,,
220.60585,,,,,,,0.895211545481917,2.3625145424093,2.86282660015498,3.80113850860399,5.58110012901071,,,,,,5.8321646793347,7.59183841349568,,
221.205875,,,,,,,1.09595993417487,1.53735430854297,2.80321595157262,3.83972576927732,5.21902552896884,,,,,,6.02913800505643,7.5880271531013,,
221.8059,,,,,,,0.433946225990005,2.14816679152587,2.72623418231693,3.64470346930352,5.44153250724386,,,,,,6.55149651458403,7.4831606972762,,
222.4059,,,,,,,1.09775609309235,2.17648994402965,2.85705514955138,3.93297179554295,4.73066773260364,,,,,,6.07237267217734,7.3450032526403,,
223.005925,,,,,,,1.05632939406962,1.68716737129087,3.00663873507938,3.920200467869,5.2574933034545,,,,,,6.44229887757519,7.22072892388161,,
223.60595,,,,,,,0.279310664959781,2.3280846429714,2.89456180837669,3.89679784327646,4.58970961259988,,,,,,5.7645015724512,6.88517504616898,,
224.20595,,,,,,,0.79317464147052,2.2477747432176,2.63850679895768,3.79910163431401,4.17851732712822,,,,,,6.22449918643823,7.54519634505346,,
224.805975,,,,,,,1.39354713430687,1.87165243882761,3.01576100525714,4.0078994746954,5.65630228331468,,,,,,6.16781298192999,6.91368108809934,,
225.406,,,,,,,0.867129119356335,2.00030435482421,2.70549570818539,3.92188662877904,4.64787991830231,,,,,,5.49661064363559,7.48815885401074,,
226.006,,,,,,,1.05414371481977,2.18414401885819,2.39158597890341,4.04534282651193,5.38127704943534,,,,,,6.80605597344378,7.8563683795582,,
226.606025,,,,,,,1.40235529645867,2.33455540825026,2.68197459220699,3.70907587791189,5.20292092074494,,,,,,6.38358425795178,7.4828072587789,,
227.20605,,,,,,,0.271814803119511,2.40498174760004,2.83107984982937,3.66312216397211,5.1763791578691,,,,,,5.9687322573439,6.88661663652561,,
227.80605,,,,,,,0.560743192408378,1.93385841891695,2.81149157344463,4.24979572247178,4.31921591857715,,,,,,6.202693180374,7.89462335475514,,
228.406075,,,,,,,1.40904484532983,2.60596191123779,3.05697178636184,4.172345678905,4.75297717192943,,,,,,6.10015711529633,7.64936492985164,,
229.006075,,,,,,,1.47999594923528,2.21555455239472,3.1891223959576,3.87691463645362,5.575959955723,,,,,,6.64687229466443,7.14570502034804,,
229.6061,,,,,,,1.03163236826598,2.40844453317127,2.70906913258748,3.81605362810702,5.09156085062812,,,,,,6.94222112246214,7.89191336173719,,
230.206125,,,,,,,0.718751165444071,2.06953711240546,2.8383332255718,3.51039971816226,5.32466469203011,,,,,,6.04647181523697,7.47415228896676,,
230.806125,,,,,,,1.66903763905413,1.85176942210488,2.85654841986887,4.40614680299955,5.50503693603574,,,,,,6.84616731492738,7.70139600285096,,
231.40615,,,,,,,0.935298692496703,1.67765998476489,2.71553464707762,3.74228729788438,5.34884954153457,,,,,,6.13134999495581,7.01112264960937,,
232.006175,,,,,,,1.05685113528215,2.42501652801035,2.94647658241537,3.98960185481405,5.85470098639023,,,,,,7.07793245849666,7.16374575714979,,
232.606175,,,,,,,0.632442308783565,2.0923855462616,2.83659601296474,3.77418084707436,5.57109856363257,,,,,,6.14053181458462,8.33565348931108,,
233.2062,,,,,,,1.09716506833465,2.22425864206144,2.51600864041497,4.01213349627553,5.24293592330777,,,,,,5.74633461033207,6.93104510551544,,
233.806225,,,,,,,1.12040253257785,2.11942125792039,2.84691927731068,3.40410332647158,4.90609265088506,,,,,,6.59211871478942,8.09094187267927,,
234.406225,,,,,,,0.834082566286879,1.7823281582982,2.73862442767743,3.72458554161885,4.90688915685154,,,,,,6.48847330143049,7.36188473331023,,
235.00625,,,,,,,0.955902212211494,2.02242840883783,2.77845868253931,3.59497759525893,5.43779779675913,,,,,,5.45632536178247,7.50595728929829,,
235.60625,,,,,,,1.21970417176541,2.02040724711167,2.89947349141083,3.56811241564641,5.1196921643652,,,,,,6.37419955662118,7.82863422979525,,
236.206275,,,,,,,0.842302894311053,1.89815167063454,2.92292616373028,3.77715435896511,4.90541367972616,,,,,,6.13407534286194,7.27410100058362,,
236.8063,,,,,,,1.10380888835369,2.50691665429106,2.86842543650131,3.6613472809565,5.37541660157117,,,,,,6.59752350411618,8.12490594460845,,
237.4063,,,,,,,1.24419606698208,2.14170456328791,2.97649167186709,3.8304664937314,5.17249935565369,,,,,,6.12991504611998,7.35962830256733,,
238.006325,,,,,,,1.03394233425924,2.24155240601314,2.68148063777035,3.703300880014,5.03545746539779,,,,,,6.80078669349884,7.50540632263389,,
238.60635,,,,,,,0.844184389181141,2.27517692711492,3.09447977463415,3.80654088369501,5.49135996895702,,,,,,6.24378571430383,7.85429559396347,,
239.20635,,,,,,,1.04003655894898,1.74990434036428,2.9523650909771,4.5711875166975,5.03129061073965,,,,,,6.35315639520243,7.2427954248842,,
239.806375,,,,,,,1.22124283338514,2.05463714979631,2.93334139983821,3.70604221922209,5.10647772244185,,,,,,6.31091079993383,8.52235894110623,,
240.4064,,,,,,,0.917833762378766,2.9749105954205,2.67134163606776,3.84174603594786,5.8464769137379,,,,,,5.65944001477597,7.79831449947683,,
241.0064,,,,,,,0.92851851024048,2.43384953211155,2.98712120347537,3.64912616510915,5.70445155749929,,,,,,6.00573549730069,7.58689727144891,,
241.606425,,,,,,,1.08808278552024,1.91941987771088,2.73196215765317,4.05692755068589,5.71030225907177,,,,,,5.75971103901092,7.97032705067066,,
242.20645,,,,,,,0.899380970367897,2.22743152847349,2.88844085635419,3.69464342694442,5.02768718110357,,,,,,6.24502699117576,8.08289592884928,,
242.80645,,,,,,,0.628908582749804,2.54391013509662,2.6992597400992,3.60942623862856,5.11809674357309,,,,,,6.28286589353111,7.52212146905614,,
243.406475,,,,,,,0.659581921879792,1.64883528556712,2.47179460139157,3.6045070608083,5.74001920701636,,,,,,6.55084792874686,7.43317798742313,,
244.006475,,,,,,,1.24828642776568,2.38331387779538,2.62013191568574,3.4118054812316,5.08176161579862,,,,,,5,8.08933253842753,,
244.6065,,,,,,,0.975597394107359,1.70869580911365,2.80455471900903,3.67419707209319,5.5236457798074,,,,,,6.45093118490105,6.73968702689747,,
245.206525,,,,,,,0.996595892055907,2.01178736742037,2.66370985454568,3.32332063987962,4.94355437341564,,,,,,6.24394952004616,7.38368862239543,,
245.806525,,,,,,,1.09488538464375,2.04991826196467,2.55419226302433,3.38353380984969,5.01609436870603,,,,,,5.74170673393951,6.93821190769948,,
246.40655,,,,,,,0.812863274706931,2.00600417256799,2.61258157083976,3.70092237776507,5.32550538434689,,,,,,6.75020301677178,7.61005966944312,,
247.006575,,,,,,,0.51392431006638,1.58644506215898,2.5690272663275,3.27215539881996,5.04799987026871,,,,,,6.88295330614453,7.86459648663403,,
247.606575,,,,,,,1.36015852901006,2.02105844704141,2.70622711016818,3.62361370984817,4.58112014566375,,,,,,6.01048995627385,7.03374449887458,,
248.2066,,,,,,,0.703074274761479,2.43390684015911,2.82828583729379,3.28918493813443,4.78939485198567,,,,,,5.54749910924793,7.26847133534517,,
248.806625,,,,,,,0.236571910425999,1.95974724106709,2.3799002018658,3.71368937427921,4.89463702180887,,,,,,6.99608295728687,7.09392917281977,,
249.406625,,,,,,,1.05436484384836,2.20866361333765,2.43318961916073,3.56585780575073,4.73336022123934,,,,,,6.94458194941848,7.59379873175731,,
250.00665,,,,,,,1.34310601446072,2.73950519133473,2.89916788520868,3.54898191165592,5.40568904697074,,,,,,5.68781654945494,7.23074008356059,,
250.60665,,,,,,,1.18075736254098,2.44365679607184,2.78288368732902,3.38319832527932,5.12793097361736,,,,,,5.63285711115592,7.52535253341078,,
251.206675,,,,,,,0.783734857328664,1.93116243194657,2.51511480138351,3.9062842442188,4.79745426709075,,,,,,6.35238637449909,7.45557181401537,,
251.8067,,,,,,,0.703229367316533,2.35804027684758,2.78468482157401,3.7906497033706,5.32648135070824,,,,,,5.56756274092486,7.21558722235961,,
252.4067,,,,,,,0.94991099600607,2.13989266660593,2.55456005452229,3.56378300788782,5.82771605382912,,,,,,6.09613373394718,7.3655656322979,,
253.006725,,,,,,,1.12850838909394,2.23638917920511,2.76740958071795,3.6154630376241,5.52693279549981,,,,,,6.32506665323177,7.53843409918848,,
253.60675,,,,,,,0.897895717505194,1.91716595587991,2.56758375473286,3.40925148459736,5.00576740559896,,,,,,5.97934201630166,7.56988913952104,,
254.20675,,,,,,,0.599993961475389,2.05993145843426,2.92004219629111,3.98904658352255,5.4738144670969,,,,,,6.67486750730001,6.69305922498171,,
254.806775,,,,,,,0.581798411187611,1.76742199720907,2.75335439634717,3.73235899839757,5.15043696356102,,,,,,5.87696675983725,7.48087864801161,,
255.4068,,,,,,,0.87129157939749,1.9321405526668,2.72292695103334,3.9495431272067,5.60584036491836,,,,,,5.74083897460718,7.3354140565069,,
256.0068,,,,,,,0.289284115386968,2.40603924650682,2.75453357319529,3.69844674722308,4.62045684394625,,,,,,6.06071916186737,7.4352930843277,,
256.606825,,,,,,,1.26135747488025,1.87412186550959,3.12550028422538,3.82763546438931,5.28403967825897,,,,,,6.49776156657001,7.85601781959946,,
257.20685,,,,,,,1.77391429930725,2.01548595981736,3.03887968295767,4.02535237450373,5.32503944768323,,,,,,6.04599608605995,7.49843665734697,,
257.80685,,,,,,,0.909804392400784,1.63525792478382,2.64259330101059,3.81185941403449,5.18402262575903,,,,,,5.94175163648496,6.94733648104731,,
258.406875,,,,,,,1.53930879437264,2.01825543106275,2.83972999640676,3.72549460362538,4.97888871479753,,,,,,6.62633512706093,7.09580105213913,,
259.006875,,,,,,,0.421234145334735,1.91496027612661,2.92360554008708,3.71875723735879,5.16490743579584,,,,,,6.10467768045053,7.32597231929124,,
259.6069,,,,,,,0.700100738741696,1.8712693592096,2.66998743809299,3.86303820268537,5.50581243207742,,,,,,5.91491655715236,7.29722545479857,,
260.206925,,,,,,,0.73203837426984,1.93455462900488,2.51888908429755,3.44472935111748,5.13096901119117,,,,,,6.25134774815873,6.90541051473948,,
260.806925,,,,,,,0.449363885459571,1.87195866169865,2.88222803961474,3.73603206172852,5.29039218687667,,,,,,6.66226095688345,7.78733238385392,,
261.40695,,,,,,,0.534234314270342,1.74622533553798,2.47708000569621,3.57009292353549,5.07952035172672,,,,,,5.38147139242036,7.13244689787194,,
262.006975,,,,,,,0.414138155040118,1.86515220993175,2.51985654543289,3.86330822471775,5.70161205266078,,,,,,6.45510344539885,7.27776746172228,,
262.606975,,,,,,,0.986096289454397,2.8296871162798,2.8293470004278,3.77451137476543,4.68593079105557,,,,,,6.1639340297912,7.29525777235225,,
263.207,,,,,,,1.0692184705583,2.03392456552498,2.64961420002243,4.04842465342638,4.78663681898492,,,,,,5.94965134179133,7.37374978122836,,
263.807025,,,,,,,1.29185430275681,2.58488614560473,2.75499565502693,3.70254828714687,5.40750420092172,,,,,,6.28646778918391,7.25100092581052,,
264.407025,,,,,,,1.10806104302161,2.3895717827761,2.6661969454646,3.70574714945134,4.58987317284238,,,,,,5.71972344153864,7.36833414917098,,
265.00705,,,,,,,1.09065798970633,2.52995852686876,2.42887488182867,3.66750291904581,5.63416680139919,,,,,,6.1413731059163,7.27054086498782,,
265.60705,,,,,,,1.15715794046419,2.7415216987931,2.65020494469047,3.31813793936081,5.31177879727935,,,,,,6.21328083490791,7.60875161194621,,
266.207075,,,,,,,0.735154787764008,1.90043847801242,2.77986553364628,3.52841527537685,5.11181360668279,,,,,,6.19650658217563,8.19896257698121,,
266.8071,,,,,,,0.743758252580755,2.25700354749074,2.60696722530915,3.75209133444667,5.15616270909087,,,,,,6.19048089308077,7.69405444078789,,
267.4071,,,,,,,0.579935864303807,2.18330742400203,2.55861768073828,3.35775274662368,5.42894048005054,,,,,,6.12969755240163,7.13556111085096,,
268.007125,,,,,,,1.26746844642779,1.95978670384976,3.15628437865101,3.96188076827651,5.19926063339994,,,,,,6.01012650531628,7.66424644237952,,
268.60715,,,,,,,1.02584172907918,2.69621977039188,2.84023953053864,3.77561240981338,5.32007087772823,,,,,,6.41514934646061,7.19991460200531,,
269.20715,,,,,,,0.854765434906994,1.86250647470303,2.66008572220113,3.69785113993361,5.19672956558442,,,,,,6.3254442685789,7.30513366227253,,
269.807175,,,,,,,1.40921957422421,2.17095977925861,2.83200596914899,3.35084821487547,5.65087279603379,,,,,,6.37796878318582,7.70604531439235,,
270.4072,,,,,,,1.3929713504702,2.23310593361729,2.55641514902145,3.61747229086104,4.83729206617669,,,,,,5.98442698474642,6.96299029628601,,
271.0072,,,,,,,0.762017812895525,2.2285698379897,2.6146149856271,3.68696458320466,5.72155093610446,,,,,,6.49744459518115,7.51514589515978,,
271.607225,,,,,,,1.05846855570237,1.86217026478609,2.63722043725801,3.83969477721053,4.44529729475438,,,,,,6.77495229779469,7.45958779599063,,
272.20725,,,,,,,0.885298524680231,2.03244482253005,2.89856666138606,3.78388491391671,5.18538276203945,,,,,,5.8918398452574,7.38631672013564,,
272.80725,,,,,,,1.04726505027183,2.71136147782837,2.69375353104548,3.70239000220599,4.87921327750288,,,,,,6.20792384850317,7.34493913134899,,
273.407275,,,,,,,0.484603230325268,1.39667586229684,2.66721737514058,3.53840725215082,4.83695426605953,,,,,,6.33300428596042,7.37446408188231,,
274.007275,,,,,,,0.999111533852387,2.14352775928412,2.79763358748905,3.65960678836264,5.74800062079684,,,,,,6.23326746790566,7.07556460063516,,
274.6073,,,,,,,1.30768080449995,2.35883717102242,2.84236072953688,3.93520090575186,5.40212193574476,,,,,,6.24877853267145,7.23391911092168,,
275.207325,,,,,,,0.90318296104226,1.76749493151022,2.51601593168973,3.5068323989819,4.70977915850081,,,,,,5.60792851376917,7.49180979453168,,
275.807325,,,,,,,0.958813453337782,1.55046261739964,2.88344713770899,3.68304724618363,5.4409924307645,,,,,,6.59127739163793,7.08553525730736,,
276.40735,,,,,,,0.847159572306979,2.19666144853755,2.9203511834656,3.51990389445644,4.81244009937328,,,,,,6.58815867505631,7.23436668232645,,
277.007375,,,,,,,0.361567154514203,2.01442103129939,2.58817373301821,3.38936990734285,4.17321298998638,,,,,,5.82874485030755,7.87430299748117,,
277.607375,,,,,,,0.879503804651151,2.55613347564939,2.79915544065492,3.76195498441599,5.45614067117379,,,,,,6.26104254753595,7.7380296925603,,
278.2074,,,,,,,0.935754740296718,2.30035210093654,2.87200051653964,3.39888282701994,5.24444355979436,,,,,,6.16117829458974,6.83522763207774,,
278.807425,,,,,,,1.11425885454412,1.875783645999,2.75289465957377,3.58530528762996,5.60769313558529,,,,,,6.39196215950071,7.37895367711039,,
279.407425,,,,,,,0.942682563561356,2.19294417586077,2.79958799614711,3.75678080615155,5.01235468175613,,,,,,5.90951124575513,7.33675646461345,,
280.00745,,,,,,,0.6368745929078,1.59743683649066,2.80652633174555,3.91057940409547,4.52686977928628,,,,,,6.50222707921153,8.02684977236267,,
280.60745,,,,,,,0.952536182631082,1.77755365087542,3.02051395269503,3.64137835679976,5.9042858724297,,,,,,6.33130765540917,7.76868290652686,,
281.207475,,,,,,,1.29817139242374,2.46593543437292,3.03352009370177,3.92481035967859,5.87328197759104,,,,,,6.12448085056303,7.81681973351494,,
281.8075,,,,,,,1.43210813260709,2.06744410005937,3.11246707457762,3.92252385812441,5.18331892424289,,,,,,6.00868514586802,7.70940030710799,,
282.4075,,,,,,,0.983097790535156,2.85458558497447,2.97467866555701,4.12260841763472,5.52083112637389,,,,,,6.60003363979841,8.01596868400934,,
283.007525,,,,,,,1.03350368392309,2.54633396520416,2.88125989953885,3.65871662935105,5.64975285430284,,,,,,6.40184887923362,6.88340060339369,,
283.60755,,,,,,,0.362518745113035,1.93723861501113,2.77798902553521,3.96054595074308,5.63954958353146,,,,,,5.98819549073408,7.739043582325,,
284.20755,,,,,,,0.332949132727367,2.26824815932873,2.53980936505352,3.82625398890283,4.70329594075573,,,,,,5.51697576889775,7.63968408751469,,
284.807575,,,,,,,1.01787975043175,1.85075070920606,2.95982391404544,3.74719683910671,5.2433074751127,,,,,,5.9375374828226,7.30531385597558,,
285.4076,,,,,,,0.926731296578766,2.23766854760017,3.13281047113803,3.74225931526438,5.15939241215334,,,,,,5.31977575689752,7.42220152951951,,
286.0076,,,,,,,1.44334981372924,2.36962886686651,2.7982853061969,3.49430303916514,5.79086184990412,,,,,,6.23809578116027,7.49335525664444,,
286.607625,,,,,,,0.576475637771858,2.13757204030821,2.90927890911261,3.61425722980137,5.26024856221971,,,,,,6.6657203868979,7.27924951092077,,
287.20765,,,,,,,0.710591990353647,1.97518575607017,2.54385564754735,3.51559382706282,4.98443633294929,,,,,,5.36512333789869,6.99796294720797,,
287.80765,,,,,,,0.972892708387394,1.79133477928431,2.73787096937329,3.53843724106183,5.03507000613923,,,,,,5.37164482093835,7.2970035613334,,
288.407675,,,,,,,0.560855919800843,2.1830720848767,2.61615752437602,3.2584867077116,4.75555556384136,,,,,,6.45460668208923,7.12338895918507,,
289.007675,,,,,,,0.517940447898889,2.13653574721584,2.99764012558661,3.70062364647673,5.5355321323081,,,,,,6.27321991653583,7.21695075782148,,
289.6077,,,,,,,0.830401322739901,2.18984177033299,2.87958124871318,3.71427390665042,5.5516343649242,,,,,,6.41025843287726,6.69870754183585,,
290.207725,,,,,,,1.05113766732345,1.62519311962482,2.7372449739663,3.29847625476259,5.30638416606604,,,,,,5.49735379172187,7.88861642778418,,
290.807725,,,,,,,1.29298002618996,1.60025606204473,2.81090592867683,3.62487067363389,4.6541614928786,,,,,,6.26634992803912,7.4233582679341,,
291.40775,,,,,,,1.49071284435481,2.02097300284236,3.0311837128569,3.59855645826749,5.18649668047462,,,,,,6.00600078063047,7.25416348870216,,
292.007775,,,,,,,1.56515395838552,1.82340321145954,3.08570574254728,4.18030354781497,5.31854707923402,,,,,,6.68331110349242,8.15885577984429,,
292.607775,,,,,,,0.862341685690289,2.26723928986947,3.41081651996508,4.16060628865733,5.41963402467055,,,,,,7.10321875686812,7.86382719678767,,
293.2078,,,,,,,1.15822074858888,2.4982710711163,2.9875420039736,4.03110409984752,5.15046109761377,,,,,,5.66476918125657,7.75222131381068,,
293.807825,,,,,,,0.64089551397455,2.27018580871179,3.04441763776398,3.7411710778002,5.17947076986104,,,,,,6.03665185853044,7.7688751622574,,
294.407825,,,,,,,1.26631306129219,2.03711838172849,3.07415302661135,3.89597603683893,5.54451506377343,,,,,,6.21413673386555,7.55947786618033,,
295.00785,,,,,,,1.51324580106864,2.37588571981186,3.08110024965328,3.99961383378899,5.17301207826691,,,,,,6.15768149233558,8.2727024418026,,
295.60785,,,,,,,0.787466940082328,1.94750232157458,3.04119003219048,3.98077197660037,4.95005326353692,,,,,,6.39863285149184,7.49218874315894,,
296.207875,,,,,,,1.59604128520322,2.73350957079827,3.165908252647,3.94384593748841,5.39383869790434,,,,,,5.76799943966902,7.64370037513113,,
296.8079,,,,,,,1.5368315604578,2.07195824873298,3.11484788504234,3.97000157504824,5.08133657543325,,,,,,5.66720803244351,7.65318693659897,,
297.4079,,,,,,,1.47009438595457,1.9995615685043,3.12273947546264,4.00062814943864,5.2670906434435,,,,,,6.17384095496809,7.69880755311416,,
298.007925,,,,,,,0.940087898368686,2.16816919243069,2.99653955514858,3.83888630114669,5.33262172896907,,,,,,6.6090433829523,7.50060304595631,,
298.60795,,,,,,,0.911455562246722,2.82365188026905,2.99122060766191,3.77102228845909,5.05862978723433,,,,,,7.34174361434969,7.47232074225443,,
299.20795,,,,,,,1.05238270542967,2.26967147542469,2.99199397498754,3.68318345980997,5.56154096526884,,,,,,5.92795352416163,7.12090631527791,,
299.807975,,,,,,,1.26218185272328,2.06533746174068,2.86111176351462,3.85584102783461,5.47730486325253,,,,,,6.53727005692411,7.64070765407039,,
300.408,,,,,,,0.759983502673425,1.86918386361238,2.70171292962668,3.71840996290978,5.29593754604385,,,,,,5.87926741304117,7.44756604053802,,
301.008,,,,,,,0.742913844109222,1.9593359079217,2.59667771127034,3.92654567714657,5.1132756685582,,,,,,5.53293353647395,6.98472136328601,,
301.608025,,,,,,,1.28660348125784,1.7701738640545,2.34516906841829,3.6051873330235,4.72070162795544,,,,,,5.74041402703039,7.66981089548811,,
302.20805,,,,,,,0.487853678453454,2.17349628328568,2.5178088358056,3.03525345544999,5.53278910413892,,,,,,6.96211813881872,7.23163272187771,,
302.80805,,,,,,,1.21844536754979,2.58599629014222,2.7968341112824,3.88564159678437,5.5650400358558,,,,,,6.07698036674485,7.43911192143449,,
303.408075,,,,,,,0.64561356593189,1.60597974775007,2.76014826863418,3.83021302883498,4.8337279075798,,,,,,6.25261782091726,7.04645120168322,,
304.008075,,,,,,,1.19573682757209,1.92916188494116,2.66377835251485,3.93729482942352,5.35283769044782,,,,,,5.85785328047871,6.98698200622545,,
304.6081,,,,,,,0.484088938220541,1.91879288476313,2.92304891911397,3.79180473677843,5.81171144253616,,,,,,5.5165517953231,7.23867018302637,,
305.208125,,,,,,,0.500765149789386,2.10906884044487,2.85280790447465,4.04685571913858,5.52780797839997,,,,,,7.06360839042656,7.39055504722605,,
305.808125,,,,,,,0.934522804659042,2.81682127309055,2.78352096802464,3.76284631833803,5.09102047879725,,,,,,5.72117189224383,7.34154223384237,,
306.40815,,,,,,,1.07823893730051,2.00772314689572,3.22521676108444,4.0051142805651,5.55688556185666,,,,,,6.76201496595596,7.79511319467365,,
307.008175,,,,,,,0.654147205828153,1.8883593507746,3.07159149400463,3.82773215353495,5.44000555394007,,,,,,6.22199672588128,7.78326265544503,,
307.608175,,,,,,,1.0339140150551,2.59947675757264,2.94263541946317,3.95827320408442,5.12136672471826,,,,,,6.51624304978644,7.47612143792352,,
308.2082,,,,,,,1.33047858815635,1.75086177819564,2.74593606281639,4.13027861630322,5.21717813466559,,,,,,5.68140488689661,7.35148644988143,,
308.808225,,,,,,,1.05184124801345,2.30964727457799,3.37867297672594,4.10677326835946,5.61057391683508,,,,,,6.34966762576702,7.92228139629274,,
309.408225,,,,,,,0.638970128362776,2.1411032466054,3.17178279704792,3.92175980570438,5.18726808528809,,,,,,6.80154158333477,7.33141908701664,,
310.00825,,,,,,,1.26480512592821,1.68959065272525,3.07504959219273,3.6621648162038,4.7923446545025,,,,,,6.45838346101473,7.60047818110616,,
310.60825,,,,,,,0.710872579074265,2.06139509459872,3.39622976955877,3.73973577634008,4.45696439002592,,,,,,6.21275395920164,7.66032880662588,,
311.208275,,,,,,,0.789141065059877,2.57137686686094,3.22709989203675,4.26157130409481,4.93996358137208,,,,,,6.16685535760168,7.70524597113662,,
311.8083,,,,,,,0.885238155328626,2.87879326713696,2.99864417465545,3.93254187191445,5.04846267242615,,,,,,6.45907986816715,7.95766216699094,,
312.4083,,,,,,,0.755529965540618,2.53475389623346,2.88846765305963,4.12979175737977,5.4414681991369,,,,,,6.18381376750007,7.38874353765024,,
313.008325,,,,,,,1.39763591186282,2.7063754924123,3.25194811203079,4.012652800075,5.35168170829887,,,,,,6.08168162444767,8.0829813856051,,
313.60835,,,,,,,1.16154717357954,2.19910285726468,3.11214134521675,4.04583107819309,5.05497335813301,,,,,,6.24904280482618,6.92605505730186,,
314.20835,,,,,,,0.562852251991663,2.42853148895805,3.11439480195319,4.23045340585611,5.70542289747059,,,,,,6.39569956057894,7.29612218457836,,
314.808375,,,,,,,0.961505578523177,2.05140400539838,3.1791798949858,3.89880691745839,4.93160768562096,,,,,,6.52933107346517,7.40283356057641,,
315.4084,,,,,,,1.33479368353351,1.98407715738975,2.91703718218734,3.88734115979592,5.30314947328079,,,,,,6.37942235326629,7.03066913231314,,
316.0084,,,,,,,1.24469868506572,2.57622588516178,3.16665783801923,3.85444563193201,4.72773466820912,,,,,,5.79734730039436,7.09668201905692,,
316.608425,,,,,,,1.00121783354682,1.82135432396295,3.16892208696812,3.81636225636909,4.72609628727667,,,,,,6.33909680334105,7.45344133424174,,
317.20845,,,,,,,1.42128982875345,2.23789103054499,3.21729780960523,4.45062112281079,5.51598316829372,,,,,,6.52767540262035,7.75292674994247,,
317.80845,,,,,,,0.873837344808268,2.07406770816865,2.92437104063508,3.99585116887727,5.43057010469568,,,,,,6.05020651019228,7.48440163083479,,
318.408475,,,,,,,1.28461091437793,2.07845930486627,2.74167124242469,4.01231140807859,5.42504767207763,,,,,,5.72053031149052,7.98071439186286,,
319.008475,,,,,,,1.20334166421021,2.65800079149674,3.18029195585144,4.13067677687732,5.64242134827292,,,,,,6.6795342255919,7.31888119748513,,
319.6085,,,,,,,0.717784939756589,2.44920765737183,3.21619134000898,3.8872979767643,5.38248388185256,,,,,,6.87571033239417,7.39282767512438,,
320.208525,,,,,,,0.966960890528355,2.42662780007608,3.01455099809849,4.06030209323247,4.96334504268563,,,,,,6.32254557241704,7.64876637976837,,
320.808525,,,,,,,1.09067814515719,2.13830485910514,3.05831520040293,3.82302933577033,5.58239715321605,,,,,,6.60687463444029,7.99925282629762,,
321.40855,,,,,,,1.36208468412268,1.51792596750921,2.97663663270415,3.89845515621185,5.405507326461,,,,,,7.29397684192241,7.67105032442305,,
322.008575,,,,,,,0.902413484055869,2.41416253623016,3.18554377585479,4.01393581415948,5.38833367158878,,,,,,6.11204370142032,7.74335753668593,,
322.608575,,,,,,,1.19231530459296,2.27138557919044,2.99634656609075,4.04415295044333,4.90507853463099,,,,,,6.26613266585769,8.10843398248526,,
323.2086,,,,,,,1.18556473876406,1.88224667044429,2.68656062179619,3.866352369777,5.95606485947286,,,,,,6.11146012535863,7.51334092855491,,
323.808625,,,,,,,0.711169921478987,2.12949931941408,2.82465618068307,4.11297532311036,5.77390139506481,,,,,,6.00523772654481,7.5971997709753,,
324.408625,,,,,,,1.47238632985395,2.90891215772269,2.7493823209036,3.90580510161265,5.40572607595738,,,,,,6.24406983051284,7.73269398776474,,
325.00865,,,,,,,0.595521239626277,2.65448757904401,3.11184833505971,4.12100851833391,5.15836710705135,,,,,,6.38854085251969,7.8310885812255,,
325.60865,,,,,,,0.806586387144056,2.45041368240881,3.03033525348987,4.24669329888051,5.31852249876789,,,,,,6.07384924463863,7.71325496196309,,
326.208675,,,,,,,1.01255824401055,1.64981686063492,3.18421794551808,4.37527448964957,4.56082056739079,,,,,,6.2202855235552,7.35620465711659,,
326.8087,,,,,,,1.19294135839496,1.93223303194793,3.09263623436998,4.31573485878441,5.46517642229586,,,,,,6.22967735459999,7.30345243336628,,
327.4087,,,,,,,1.00815724586571,2.28316549765971,3.31321060422617,4.29807267665655,5.5977744129973,,,,,,6.10958141440965,7.60999316997096,,
328.008725,,,,,,,0.787765640774984,1.82482667788356,2.98168352126374,4.31810465136107,4.28825263308531,,,,,,6.70372770888017,7.44343692708177,,
328.60875,,,,,,,1.12025018688515,2.23396683605744,3.31927360121694,3.87976873248157,4.65296644017936,,,,,,6.67519206588868,8.57874520707116,,
329.20875,,,,,,,0.799309193637763,2.4654393620373,3.1399663308314,3.9827046829403,4.88435949833481,,,,,,6.46465777066237,7.86710562760028,,
329.808775,,,,,,,1.48768030047078,2.3012638013192,2.97705304094759,3.81126398116122,5.74103439307721,,,,,,6.25178700024658,7.41097922674782,,
330.4088,,,,,,,1.04718006911181,2.21624605189379,2.78057392570048,4.02133948341056,4.49402356499926,,,,,,6.88207256409748,7.29418363552894,,
331.0088,,,,,,,1.44612783588777,3.1644058997523,3.12612723885806,4.24625879832574,5.49374166013054,,,,,,6.31419277625044,7.55250956120462,,
331.608825,,,,,,,1.28544632612239,2.04009951288094,3.05001620039572,3.94305945281637,4.84532050164552,,,,,,6.13092320880584,7.54274683933173,,
332.20885,,,,,,,0.916773275821264,2.09874299885907,2.82177579177141,3.79130419620499,5.2565513702414,,,,,,5.80713904099515,7.49777528766098,,
332.80885,,,,,,,0.996028242973348,3.10591863109475,3.18729389150107,4.05987527713826,5.28274485282607,,,,,,5.6699054355305,7.38420012522073,,
333.408875,,,,,,,0.898234309604588,2.468922447945,3.10530866576861,4.20598996092585,6.28229714329359,,,,,,6.59460517995733,7.05230925334797,,
334.008875,,,,,,,1.10636154924004,2.43620012392329,3.0650642205637,3.53782934930441,5.2522169196057,,,,,,6.67266988088259,7.00948427411352,,
334.6089,,,,,,,1.23655920706884,2.29261503481421,3.30182514530243,4.03651517706195,5.5879603998138,,,,,,6.80258194292103,7.55544828037974,,
335.208925,,,,,,,1.25915816893344,1.55234274137903,2.8910048750685,3.49167654592574,4.92806282503879,,,,,,6.01942824527483,7.73873523402299,,
335.808925,,,,,,,1.29456052280112,2.14555848895814,2.98227951462475,3.77535076537828,5.11469923838309,,,,,,6.08118034567133,7.19165278553549,,
336.40895,,,,,,,1.29266791345728,1.84847893753982,3.16293479524968,3.59474489429292,5.07660611306278,,,,,,6.35959406700881,7.45286921079559,,
337.008975,,,,,,,0.689785836977403,1.94846188643366,3.08601614700325,3.79214678046077,4.93150177454262,,,,,,6.33210573335841,7.33520962996028,,
337.608975,,,,,,,1.33891837958623,1.66638252340736,2.75720859892504,3.75052809006754,5.36517876409386,,,,,,6.11279270391849,8.02891571431071,,
338.209,,,,,,,1.0325671384477,2.02483774025218,3.14035979291737,4.01042467894618,5.62310357617875,,,,,,5.76933639747272,7.95573021985784,,
338.809025,,,,,,,0.183395331897597,2.10418197825871,2.97685313481086,4.45820031053087,4.8229950942147,,,,,,6.894224560488,7.93831671135809,,
339.409025,,,,,,,1.15719722927805,2.19692167541752,3.32549978240201,4.18945432179337,4.88695528161055,,,,,,6.03873790945101,7.84916722241468,,
340.00905,,,,,,,1.14568345882043,2.89252293486179,2.84142003119231,3.95721610905457,5.54753397781154,,,,,,6.10532356702255,6.73021856506284,,
340.60905,,,,,,,1.06017155136848,2.9482418925172,3.18425064302359,4.0861305113409,4.85688726344478,,,,,,6.63270368246156,7.57597460190511,,
341.209075,,,,,,,0.636776265265362,2.06959977606553,2.69769553130638,4.07435278330142,5.65578776067427,,,,,,6.05245379342426,7.46193460605984,,
341.8091,,,,,,,0.624858862540633,2.1747095335615,3.01013450438293,4.32905817210861,5.58261615296265,,,,,,5.9931850019542,7.2900686317409,,
342.4091,,,,,,,1.54442504700102,2.76552081130698,3.0694438469505,4.25230100225006,5.06124634817968,,,,,,6.2613061537782,7.65256432065393,,
343.009125,,,,,,,1.34225684115788,2.26939011855444,3.1587589451258,4.3503928580601,4.89714993066717,,,,,,6.86296193991131,7.77220068770428,,
343.60915,,,,,,,1.37216122214391,2.36727225773965,3.04512420330411,4.0074483804096,4.72810932722739,,,,,,6.09592859627374,7.91185237412156,,
344.20915,,,,,,,1.30503881647269,2.49369106246801,3.15719326236832,4.27893737935311,5.91639200003567,,,,,,5.90782803757435,7.7395079921188,,
344.809175,,,,,,,1.46458591140905,2.57309006491729,3.00436600740602,4.18314394889931,5.34634854874962,,,,,,6.22084469983523,8.01667069383612,,
345.4092,,,,,,,0.556586087572809,2.4734725038305,3.3675775725224,4.10840476176795,4.83065887202166,,,,,,7.2119283532935,7.66629400303226,,
346.0092,,,,,,,1.16652446950447,2.58270124649718,3.01695059768868,4.42472539247182,4.87973246598468,,,,,,6.55918154848605,8.11426656988666,,
346.609225,,,,,,,0.430023233774816,2.31471039379389,2.72197654829389,3.77476062004094,5.89164859528632,,,,,,6.54136361801386,8.07213882083417,,
347.20925,,,,,,,1.14442606901008,1.89767754067358,3.01273319208948,3.97656492573542,5.28982151747575,,,,,,6.93423363927963,7.51966283612078,,
347.80925,,,,,,,1.0478324689481,2.01622743256979,3.05038473095448,3.66962157056103,5.18206488317875,,,,,,6.65394157862912,7.39126466576965,,
348.409275,,,,,,,0.936370417255219,2.50926476007067,3.07637397154659,3.75606841633072,5.03001107050137,,,,,,6.08772407800825,7.49022540223251,,
349.009275,,,,,,,0.930923184541553,2.05566574220594,3.19142525840016,3.84479535371911,5.07323415468787,,,,,,6.01530441482644,7.53137969263741,,
349.6093,,,,,,,1.208507012061,2.39239343517015,2.930777362025,3.73296098539846,4.92410514937901,,,,,,6.45175845065467,7.95767058773533,,
350.209325,,,,,,,1.06808876615319,1.82844186321222,2.93854647957928,3.76671919220333,5.79916667543886,,,,,,6.49962717661832,7.49695960246213,,
350.809325,,,,,,,1.10473084506758,2.2551276270581,2.83675865338141,3.51846888495369,5.11335806357644,,,,,,6.38121780066532,8.64754430572779,,
351.40935,,,,,,,0.793121525256067,2.47742610739148,2.80100732720344,4.02630932210946,5.58085730894716,,,,,,6.79157953318914,7.86264108758406,,
352.009375,,,,,,,1.27994918211623,2.33821412140421,2.80472456276734,3.85033071547333,5.85512558286836,,,,,,6.13278091284639,7.19808799956571,,
352.609375,,,,,,,0.924709658553471,2.80845719227664,3.19774591410975,3.84091252633248,4.76006848258101,,,,,,6.32184933494404,8.02062168275123,,
353.2094,,,,,,,1.15980083448898,2.36844728650729,3.11622286027969,3.96279674747545,4.95491443913831,,,,,,6.12955961461499,8.10995110210831,,
353.809425,,,,,,,1.07252120368815,2.50135971043962,3.24871151554024,3.69723930649124,5.37396036079454,,,,,,5.81936871259471,7.8662668666415,,
354.409425,,,,,,,1.4350581137694,1.76725375893505,3.37866115390039,3.88409792653387,5.67294130626021,,,,,,6.21494810511588,8.06904292426675,,
355.00945,,,,,,,0.783400736472655,2.83694136024894,2.52937407108583,4.05470421326203,4.45239263393858,,,,,,6.05972992712143,7.66627565090898,,
355.60945,,,,,,,1.35688852902118,2.82915511277168,2.91825595909585,4.06994237699237,5.0407161491734,,,,,,6.215585174764,8.13749726241219,,
356.209475,,,,,,,1.36298473069912,2.51999241816278,3.20666762922485,3.78823088582688,5.77071861666187,,,,,,5.82506401258089,8.49709816385694,,
356.8095,,,,,,,0.867898361156745,2.25600585900728,3.30933104824971,4.03790234602206,4.82548522480466,,,,,,6.30740177385691,7.82428197825531,,
357.4095,,,,,,,1.55925825133535,2.38635257911201,3.1266186181057,3.99341835865525,5.93713227606483,,,,,,6.50872459529299,8.42432516205448,,
358.009525,,,,,,,1.37840601873438,2.54885595321884,3.18503317856676,4.35219777827341,5.06270998176561,,,,,,6.54040862694636,7.56399454884148,,
358.60955,,,,,,,1.39207825745005,2.52504250568107,3.2715991700886,4.08289237198258,5.59551007509863,,,,,,6.23267258546477,6.99258543305927,,
359.20955,,,,,,,1.25995842389525,2.22095959968565,2.9847518636744,4.22148435751938,5.21490784988212,,,,,,7.13489441856125,7.895014374667,,
359.809575,,,,,,,1.06244515620557,2.24394175092973,2.98374373662277,3.65158566476568,4.8877228701528,,,,,,6.13943096694239,7.292722140022,,
360.4096,,,,,,,1.38614177048973,1.71401124724712,2.93972533519279,3.59263059579368,4.73568148939521,,,,,,6.4007348460456,8.14740828153535,,
361.0096,,,,,,,0.404122536618877,2.26359068343502,2.74841531158942,3.69914414886762,5.19440179575098,,,,,,6.64817578933804,7.63177058218031,,
361.609625,,,,,,,0.412766574881452,2.06900249401535,2.50490658906341,3.68856530349947,5.34856174437142,,,,,,5.90417270546142,7.13585679574662,,
362.20965,,,,,,,0.5624674749483,2.11134576923351,2.74702594583628,3.8261767465331,5.13807852274077,,,,,,6.40438989572894,8.01710811036861,,
362.80965,,,,,,,1.10872927925194,1.96330329273758,2.63976188904677,3.78054807888025,4.9974610503903,,,,,,6.45891106832061,7.51634750457405,,
363.409675,,,,,,,1.05294078753054,2.69417750529568,3.10039404279888,3.90785053563547,5.43893751661844,,,,,,6.08818723816553,7.516458641926,,
364.009675,,,,,,,1.12667099627463,2.53184840161335,2.83508726123061,3.96657364657035,5.24210903656251,,,,,,5.86611258871021,7.47408868444429,,
364.6097,,,,,,,0.753761928594615,2.1223555824526,2.95511986804065,4.01715112837956,4.67019905166453,,,,,,6.43872557647734,7.12840898106936,,
365.209725,,,,,,,0.850819210879065,2.31875326091176,3.00096317916241,4.3748398034066,4.96669824541398,,,,,,5.22451756074665,8.08265267380687,,
365.809725,,,,,,,1.64855372587665,2.5430336256027,2.79651669884465,4.02734045058827,5.16238487773995,,,,,,6.7374009805645,7.59858180693386,,
366.40975,,,,,,,1.0875326014795,2.30396108457966,2.88562364646915,3.94926724162873,5.6172426119178,,,,,,6.12179966007921,7.74904771919644,,
367.009775,,,,,,,0.845810758515814,2.07495548340184,3.25298303751865,4.45974972956267,4.58988065348011,,,,,,6.40710614111985,8.09282185711276,,
367.609775,,,,,,,0.979644393264275,2.72919766431227,3.20247405876273,4.35160195879151,4.95659845562292,,,,,,6.59948653636259,7.59503892684798,,
368.2098,,,,,,,1.3360715743045,2.56527671767134,3.03291743567321,3.91520737653085,5.88310718868196,,,,,,6.80631935614244,7.26319890687458,,
368.809825,,,,,,,1.13841928995253,2.1089484957973,3.12606217337216,4.44282329879728,5.05346932375842,,,,,,6.34321048208578,7.54191091664158,,
369.409825,,,,,,,1.61401228228011,1.99188058370269,3.29296711768583,4.24330702199135,5.44113009350906,,,,,,6.27662296826375,7.70560189115118,,
370.00985,,,,,,,1.59200517381657,2.07417600561777,3.17366231469453,4.39660372001966,5.06664648389319,,,,,,6.87043018066477,7.52033766850777,,
370.60985,,,,,,,1.15235965649852,2.40624700398261,2.98735967585183,3.98665827400718,4.83872577499936,,,,,,5.82609446133421,7.09561667887221,,
371.209875,,,,,,,1.00247456259778,2.27586113726409,3.14099956063061,3.6682487269123,5.38516740736032,,,,,,6.32704081288905,7.75794170567,,
371.8099,,,,,,,1.02382688896062,2.3214673593345,3.20517816393302,4.02813430541483,5.31178655618584,,,,,,6.22113937928438,7.30211689012458,,
372.4099,,,,,,,1.29556568777884,2.35957086640444,3.13926067987562,3.80020915054403,5.3472968169527,,,,,,6.0405783226547,7.67424509905548,,
373.009925,,,,,,,0.676178444719161,2.38221518221431,3.02189339259561,3.84589235201383,5.57444564979249,,,,,,5.89976843665479,7.94176047348126,,
373.60995,,,,,,,0.918582401001576,2.53140271492728,2.9480940127567,3.53981477154737,5.2313257841189,,,,,,5.83311315121215,7.13685561025115,,
374.20995,,,,,,,0.794302161182422,1.96664865584515,2.94793425849137,3.65978431201159,4.95345349593517,,,,,,6.61262276583676,7.07328459122918,,
374.809975,,,,,,,0.908413620648268,2.30131299151157,3.0442739180875,3.85058095289389,5.81659710916727,,,,,,6.52392337021734,7.0974193217504,,
375.41,,,,,,,1.53691460883067,1.85886287992574,2.87696925307766,3.68271096365912,5.86414113444692,,,,,,5.09537351548735,7.12098510184717,,
376.01,,,,,,,0.907670478983818,2.83221439833995,3.1491789175837,3.80418092596774,5.61009528981676,,,,,,6.87721209852946,7.4173296247573,,
376.610025,,,,,,,1.04220056654515,2.24319838385073,3.14228389429826,3.66039317327996,5.2625782785421,,,,,,6.74111432899748,7.18415763030799,,
377.21005,,,,,,,1.27786007067611,2.03398003616486,3.30927742054009,4.11220263914801,5.28759854140819,,,,,,6.46644928391072,7.68473396511537,,
377.81005,,,,,,,1.48838335827876,2.46455873558734,3.20695057420159,4.28940244777381,5.71973917416782,,,,,,6.3013750961533,7.61267322551679,,
378.410075,,,,,,,0.909126140530807,2.2764221974508,3.16272487377464,3.93902645902736,4.76825500510809,,,,,,6.13912606372479,7.34468677720823,,
379.010075,,,,,,,1.39673975183722,2.49888385256458,3.12894263743781,3.4074013058953,4.59489219949371,,,,,,6.19333725862482,7.4654049070543,,
379.6101,,,,,,,1.39592220212791,2.2141997517723,2.98328500215806,4.02604771101994,5.04453983890722,,,,,,5.85998427835089,7.69127661836904,,
380.210125,,,,,,,1.0694840194138,2.48214815559418,3.21648558398158,3.93826987340593,5.36978881511797,,,,,,6.62658352131338,8.02589530035273,,
380.810125,,,,,,,0.975512109417143,2.44690885010223,2.92422310180937,3.71756250800641,5.4375282536313,,,,,,6.30089784428443,7.06702679334628,,
381.41015,,,,,,,0.897513089570196,1.79991645777114,3.03372748997659,3.60967612958874,5.23309307915418,,,,,,6.12032536804661,7.94193599549272,,
382.010175,,,,,,,0.570043911382435,3.03047793512717,3.18752013512182,4.03866271292658,5.15094843728131,,,,,,6.47867879267889,7.43909043078301,,
382.610175,,,,,,,0.836894532718254,2.455819170652,3.18329942321592,4.23478381560218,5.11372838678497,,,,,,6.28531366695408,7.58771626933133,,
383.2102,,,,,,,1.41671835116245,1.94753686461584,3.13751138490033,3.92316783954202,5.05513355115064,,,,,,6.78906152774284,8.00480704156699,,
383.810225,,,,,,,1.81569793253451,2.27973864989346,3.21672541341473,4.19368638027624,5.75918052302218,,,,,,6.15959920034133,7.39466239302355,,
384.410225,,,,,,,1.35411763514664,2.49602473214556,3.11753417287435,3.86325891812708,5.10890576394654,,,,,,5.66405391806108,7.08298494218974,,
385.01025,,,,,,,1.02674335328867,2.2001130891545,3.10067619083777,3.80203149857752,5.02043891650418,,,,,,5.90573322642505,7.75329414255673,,
385.61025,,,,,,,0.512477966038931,1.92589335187438,3.13375061072447,4.20306732748484,5.39074066593949,,,,,,6.49885381982858,7.01210557016893,,
386.210275,,,,,,,0.920254910487397,2.18598125762713,3.04981726568922,4.16284056851362,4.57525115340116,,,,,,6.67637348977007,7.63332109082556,,
386.8103,,,,,,,0.829379150669326,2.20258080815436,2.92335510238867,4.1061230237622,5.47693105544362,,,,,,5.87532458020805,7.27950963607049,,
387.4103,,,,,,,0.757388131929022,2.14249067222472,2.75687489602909,3.90508454880489,5.50652734249137,,,,,,5.81968916210637,7.90764095538641,,
388.010325,,,,,,,1.18691196170055,2.3204030142616,3.01911271592166,3.72822082397564,5.5281217458965,,,,,,7.00367260381858,7.68231829280433,,
388.61035,,,,,,,0.828326861255173,1.42369859284106,2.78851385485354,3.6436884034278,4.61335795548068,,,,,,6.43195435399469,7.54703538970312,,
389.21035,,,,,,,1.28069797467766,2.04885473590972,2.67987914096062,3.57759391044493,5.12668119588015,,,,,,5.83317257896326,8.30973579004386,,
389.810375,,,,,,,1.00394673522147,2.54396088343216,2.83697001915263,3.56969450475207,5.20910449099651,,,,,,6.27591170721066,6.85226560087854,,
390.4104,,,,,,,0.743947768436107,2.26892159604779,3.32434606303804,3.91776411849818,5.1761289201929,,,,,,6.4143627640639,7.96855587529256,,
391.0104,,,,,,,0.81299941200132,2.50433640622584,2.96841768058415,3.8571916328622,4.85251394509709,,,,,,5.2829100876233,8.21519633213207,,
391.610425,,,,,,,1.03695580261167,2.63813265635275,3.0089608169314,3.95330368797975,4.63574384545011,,,,,,6.14645358680625,7.37019617528328,,
392.21045,,,,,,,1.67667064828081,2.39758004979248,2.99235839413477,4.06142800341898,5.07586302489124,,,,,,5.87168205516359,7.93921611273722,,
392.81045,,,,,,,1.4758328150902,2.68345250129658,3.34929533187219,3.8791329065358,5.7875675492589,,,,,,6.0048637641561,7.13198591036774,,
393.410475,,,,,,,0.577726131239615,2.46765996175858,3.14742583780524,3.85639121433898,5.04019375511036,,,,,,7.22468764632319,7.76231266636038,,
394.010475,,,,,,,0.910003177323235,2.88567517142349,3.04390809560907,4.27612777927109,4.74531265953507,,,,,,6.6046024174294,7.5655485249078,,
394.6105,,,,,,,0.969132702193412,2.10698449194176,2.92374536649711,3.85236327032514,4.74587139418684,,,,,,5.79094335641116,7.32460779347853,,
395.210525,,,,,,,1.30846464244851,2.23605187191608,2.83311084820518,3.59643761005393,5.60221381692318,,,,,,6.18942757894097,7.81522943640106,,
395.810525,,,,,,,1.13784600628794,2.74937372011359,2.79485461492191,3.84445821831277,4.95116647731575,,,,,,6.1313759682794,7.69351596557165,,
396.41055,,,,,,,0.963622936847997,2.18316421952853,2.92484058811523,3.93852610932803,5.3545878410753,,,,,,6.83659118998805,7.14679335382344,,
397.010575,,,,,,,0.804328274131093,2.38929927207507,2.86069701890271,4.01427734480099,4.92207678683683,,,,,,6.51921802467456,7.51605206390106,,
397.610575,,,,,,,0.800760807143131,2.4534678104934,2.59901955364775,3.73581297248804,5.06152586256943,,,,,,6.84596792381974,7.09059392281138,,
398.2106,,,,,,,0.950714334619584,2.55410768955424,2.9952776487531,3.77535563184387,4.78879612340451,,,,,,5.85083322276494,6.94515738842682,,
398.810625,,,,,,,0.587212899806919,2.61885144332706,3.2498287296624,4.04191065605626,5.4973208619434,,,,,,6.11468078310102,7.91475512979965,,
399.410625,,,,,,,1.10672160447674,2.95983161340699,3.17256474582103,4.19194516991028,4.92706622419917,,,,,,6.6633600785572,7.9911769935506,,
400.01065,,,,,,,1.23449136750655,2.51235570848351,2.94605289760178,4.04266479258937,4.91571547607319,,,,,,6.0699968610504,7.75257075696021,,
400.61065,,,,,,,1.05573506280613,2.04211659248168,3.08635034774761,3.78561798872456,5.16909009257096,,,,,,6.67379860690702,7.89247889350793,,
401.210675,,,,,,,1.30963285204468,2.19459932940276,2.96592979680479,3.8923072978554,5.42608133362705,,,,,,5.9488957539059,7.14418013935562,,
401.8107,,,,,,,0.678900195868556,2.00724771013275,2.8303333854053,3.63192725205618,5.39905871505569,,,,,,6.11216458742434,7.38921304984225,,
402.4107,,,,,,,1.17074692550806,1.83937258981632,2.76558164235992,3.58686127237133,5.50455637277751,,,,,,5.95832121040521,7.6218468025155,,
403.010725,,,,,,,1.11001895108776,2.50500715238178,3.01561129406107,3.74043804267543,4.53857530187952,,,,,,5.42001409259183,7.93124837781326,,
403.61075,,,,,,,0.94081016712454,1.9714030329985,2.71659247022894,3.59494573409829,5.57514115912996,,,,,,6.23331889418561,7.50376378044754,,
404.21075,,,,,,,0.762693212332768,2.16585345243527,2.87054958506343,3.63720740351655,5.93513112526477,,,,,,5.96223756993176,7.25092366625741,,
404.810775,,,,,,,1.02823530085232,2.0464323499062,3.04844495148797,3.66746015691461,4.53501768258899,,,,,,6.59232917220769,7.5254653451925,,
405.4108,,,,,,,0.849734911719053,2.22291810877569,2.96416307711773,3.96378046000264,5.30504342226403,,,,,,6.44615429911135,7.72997655580867,,
406.0108,,,,,,,1.3750901997326,3.08316073001471,2.93561799274922,3.74486636157558,5.14416804209374,,,,,,5.34252391306561,7.18520330142826,,
406.610825,,,,,,,0.909796256145897,2.4127821298389,2.91371522875981,4.22452449984278,5.78661345714945,,,,,,6.43009527329688,6.80759862090064,,
407.21085,,,,,,,1.53239161946276,2.16503734397894,3.18208737629812,3.86852281534808,5.13062765626621,,,,,,6.43410112751102,7.89706057408078,,
407.81085,,,,,,,0.781306705409956,1.83614270524198,3.04759452660218,3.67453636669442,4.96293765362011,,,,,,6.14038419627902,6.87826245583303,,
408.410875,,,,,,,1.57532798787056,1.60202681059827,3.19221113885026,3.78935866261891,6.11795718541173,,,,,,6.13188093790786,7.16185114741622,,
409.010875,,,,,,,1.0479294084902,2.21989643474087,2.91670947555348,3.90884684775041,5.67876964918764,,,,,,6.55680292950608,7.04406103931558,,
409.6109,,,,,,,1.21295179656257,2.41327161287954,2.74869725312272,3.96083419445385,4.57451769667158,,,,,,6.19457663257486,7.70585552778887,,
410.210925,,,,,,,0.932157859480269,2.5662783203597,3.11837368669063,4.19972380200255,5.30714008162666,,,,,,6.10773065329144,7.47160102281231,,
410.810925,,,,,,,1.45329860781772,2.92534341841672,3.40638251611464,4.19585661474168,5.47356764276782,,,,,,6.45546069622224,7.99213815632851,,
411.41095,,,,,,,1.29174148505608,2.42605433901645,3.3828524000067,4.18220042731997,5.21377414208456,,,,,,6.22781023778232,7.83573409135182,,
412.010975,,,,,,,1.58919577497822,2.79046115958029,3.24904030697031,4.09521619862346,4.83668998013591,,,,,,6.24315925064984,8.19887090877408,,
412.610975,,,,,,,0.9791006773092,2.54296122931377,3.50648407897155,4.36029414805349,6.38171706662219,,,,,,7.12823620387014,8.24027678007356,,
413.211,,,,,,,1.58095551894893,2.42498496984778,3.68233373299667,4.17779293706061,6.54063724553469,,,,,,6.99818695876827,7.5327800850551,,
413.811025,,,,,,,0.968602653470959,2.70843233971199,3.22437542913514,4.27190153749954,4.97174701540753,,,,,,6.61376823962942,7.45713492797672,,
414.411025,,,,,,,1.35668117645771,2.41679323023271,3.4479915898638,4.38601177402755,5.21241584925055,,,,,,5.97758662975185,7.56252977622829,,
415.01105,,,,,,,1.44157848486099,2.81248789285279,3.16900796751198,4.03864035628721,5.22608752144025,,,,,,6.05537719192803,7.7543268871281,,
415.61105,,,,,,,0.20551464846688,1.94811891840395,2.86993509342359,3.76637428018933,4.60001424393392,,,,,,6.01169320499511,7.63845013400408,,
416.211075,,,,,,,1.00140389979287,2.48238201192581,3.00127284281013,3.98265948076126,5.53135756217909,,,,,,6.64539855929604,7.15684046567718,,
416.8111,,,,,,,1.47504266011438,2.44920116883604,3.06927978423743,3.74332810079205,5.22350339065191,,,,,,5.76060999176401,7.48728407447985,,
417.4111,,,,,,,0.630962564374192,1.99487186588586,3.10779888418883,4.08599031575096,4.57260312107982,,,,,,6.14463830192051,7.81823498006563,,
418.011125,,,,,,,1.07340639858961,1.65956413730786,2.99220011596556,3.51868555070785,5.46540028059829,,,,,,5.96578551470641,7.4307335711534,,
418.61115,,,,,,,0.344715729149753,2.00565844616282,3.12568300984804,3.53403961055971,5.81842880530871,,,,,,6.35460530809247,7.91960681973067,,
419.21115,,,,,,,1.51285401134739,1.8629163005886,3.25949483190679,3.76885965485446,4.9881995077792,,,,,,6.33490390402307,7.46205549978531,,
419.811175,,,,,,,1.39699674274631,1.80555215054102,2.81697262820426,3.76460606195883,5.08316832377718,,,,,,5.95008310087068,7.58893805381899,,
420.4112,,,,,,,1.07624521155748,2.09906445530564,3.10822353672481,4.01878701902766,5.17592035307611,,,,,,6.64161089917008,6.72924833417156,,
421.0112,,,,,,,1.00650632446791,2.65608724568875,3.18310479617831,4.26583842236671,4.8810427348463,,,,,,6.52315055176016,8.04717180172942,,
421.611225,,,,,,,1.62323164975836,2.21733410742542,3.50342342841115,4.32513959818971,5.17804026185418,,,,,,6.60043405553886,7.85449442756232,,
422.21125,,,,,,,1.57261449297707,2.15033838219196,3.3748761165369,4.17212645777026,5.12445382220882,,,,,,6.57181743266903,7.65970949530807,,
422.81125,,,,,,,1.32843658439785,2.34161238243179,2.882760927831,4.27431475786936,5.55738897883,,,,,,6.51376289100962,7.22687780682136,,
423.411275,,,,,,,1.11645160557655,2.30607273310437,3.26306008065339,4.47798473389782,5.46904883108765,,,,,,7.45117265653023,7.75185365726437,,
424.011275,,,,,,,0.858408173535481,2.51188086951196,3.18582895063161,4.20278266441246,5.68759325512439,,,,,,6.56478534095558,7.24904252010485,,
424.6113,,,,,,,1.10098696950989,2.32296315566097,3.34945048453861,4.57215159548512,5.7229793796981,,,,,,6.01336573028907,7.52354867273427,,
425.211325,,,,,,,0.793772545873308,2.44345151279312,2.92861016662854,3.68587485823976,4.72042694880596,,,,,,6.24438590458637,7.61801583340231,,
425.811325,,,,,,,0.732305410813399,1.63844789392171,3.14318919600023,4.20941579985895,5.20830210776445,,,,,,6.7279267019234,7.7071284886617,,
426.41135,,,,,,,1.18653239190855,2.51320907419212,2.93610523729157,4.15567450830616,5.14989176424474,,,,,,5.94953163204302,7.32728398135041,,
427.011375,,,,,,,0.986910723464216,2.06059549606937,2.96838254332814,3.89124892239817,4.87272978743775,,,,,,6.15542444281866,6.92061525044345,,
427.611375,,,,,,,1.46886792335186,1.72205248152578,3.21801004325024,4.15255662638071,5.25660500641989,,,,,,6.49659910863753,7.88389289153464,,
428.2114,,,,,,,0.950583565408668,2.09282526521993,3.00293461821741,3.91188702833693,5.16417935337423,,,,,,5.75019650410431,7.21637493595157,,
428.811425,,,,,,,1.0815922679065,2.76018976690681,3.05594957397486,4.05072604543055,5.87030460343792,,,,,,6.60950696079179,8.05431291080804,,
429.411425,,,,,,,1.16852816792156,2.01713315304024,3.12458184576881,4.04740059646644,5.08837990094234,,,,,,6.13232371350081,8.1238761479325,,
430.01145,,,,,,,1.26744709978992,2.14146670455255,3.16957280798821,3.73596302727477,5.08450642873639,,,,,,6.52360751367148,7.9200387789699,,
430.61145,,,,,,,1.03511541300884,2.35989402166693,3.05519317262465,4.16120739389432,5.44599602526428,,,,,,6.49351453721631,7.95691076907604,,
431.211475,,,,,,,0.821844961300479,2.06334458355677,2.7814646961869,4.23928762053336,5.3607613317055,,,,,,5.80533560220999,7.46481144048528,,
431.8115,,,,,,,0.93732427800847,2.2882645206694,2.86761937378048,3.64723554028999,4.877189935648,,,,,,6.29447043493107,7.72238285737564,,
432.4115,,,,,,,1.81316644313137,1.57226619357312,2.94136471750009,3.54759023866449,4.53867143623302,,,,,,6.0726094249476,7.10494978637727,,
433.011525,,,,,,,1.15868569642845,2.42500108500449,3.38419872143221,3.66398495046879,5.31160347702834,,,,,,5.42599035041504,7.50868265226905,,
433.61155,,,,,,,0.996014864362688,1.9236623527221,2.98292949065209,3.89110138311372,5.34961355252577,,,,,,6.08907257215213,7.01198736586782,,
434.21155,,,,,,,0.930791009732023,2.32524142663512,3.31098183027863,3.58188169181691,5.03997475792215,,,,,,6.61235796579118,7.19657274507287,,
434.811575,,,,,,,1.21026944464635,1.89152321374146,2.98714160404342,3.62284580753056,5.59862527458264,,,,,,6.49737507914135,7.47600682517733,,
435.4116,,,,,,,0.956509346166806,2.59592290509653,2.90604403484127,3.61616425702347,4.78705914979579,,,,,,6.5573448527101,7.38891399719988,,
436.0116,,,,,,,1.02145838108626,2.32986194094737,3.11978336713428,3.9005094604296,5.24582305708294,,,,,,6.47511197393601,7.9794756249756,,
436.611625,,,,,,,0.857662583923833,2.39321460127736,3.18137714868058,4.13871841347056,4.75589926045427,,,,,,5.96818180018767,7.87331793936408,,
437.21165,,,,,,,0.932559425782862,2.9833873065603,3.35900619304749,3.97745493114397,4.97295106853166,,,,,,5.38535865035236,7.52765927321512,,
437.81165,,,,,,,1.35463766684566,3.05241524683965,3.14442314907539,4.20232767830503,5.09926151065931,,,,,,6.1118156853496,7.46547345073597,,
438.411675,,,,,,,1.59419898931374,2.79583704223442,2.68319935409522,4.18972122274536,4.76352585651444,,,,,,6.45857048039564,7.47878587920979,,
439.011675,,,,,,,0.782771498094025,2.20216358794689,2.85331383881254,4.03837603617116,4.42060662120759,,,,,,6.49667105536375,7.47527499819983,,
439.6117,,,,,,,1.30084238556209,2.46890364273224,3.02732516828099,4.16344498597772,5.09856555471765,,,,,,6.52595711907972,7.74933633803078,,
440.211725,,,,,,,1.21709049357893,3.15091730137104,3.13859752756399,4.14953077043138,5.52290883288003,,,,,,6.38815268768536,8.13407615816205,,
440.811725,,,,,,,1.04436420477812,2.74895182640309,3.12273609027287,3.92395768518853,5.11259599132376,,,,,,6.04600716942663,7.24560762167723,,
441.41175,,,,,,,1.07659318104319,1.7880483390724,3.44255541016377,3.92172881823587,5.082681083312,,,,,,6.1130169450715,7.40240659596665,,
442.011775,,,,,,,1.05499353201253,2.68359390495121,3.1177651375044,4.25405456438539,4.50113505308131,,,,,,7.44061257610024,7.3444216941412,,
442.611775,,,,,,,1.10229088884555,2.30281286368934,3.04902736445593,3.76456469146804,5.98454535476346,,,,,,6.02026092002789,7.99399574817875,,
443.2118,,,,,,,1.22225689737431,2.13295004750507,3.08243198017821,3.76580035997196,5.10519703585167,,,,,,5.68664747795455,7.49106034451574,,
443.811825,,,,,,,1.35909487320082,2.39009688598884,2.6211593759632,3.79650464292243,4.78452454983643,,,,,,5.81248090718803,7.51614086390997,,
444.411825,,,,,,,0.846447890949606,1.91267725417578,2.73278524345353,3.99983312089857,4.72822197630434,,,,,,6.01343421570158,7.86155604430498,,
445.01185,,,,,,,0.701983452551172,1.89770211678939,2.74946931791156,3.85947789186982,6.00576173689472,,,,,,6.50457278104179,7.75752623871039,,
445.61185,,,,,,,1.05784882995761,2.21200949441135,2.95558607242072,3.33474917720274,5.34516473736206,,,,,,6.16916304891355,7.15272315348535,,
446.211875,,,,,,,1.35300297286091,2.52279055022415,2.87552309083555,4.15774039858939,5.00948433464934,,,,,,6.66168979458522,7.35781777099035,,
446.8119,,,,,,,0.595383444674755,2.31279094573948,2.84963319137204,4.13613429871776,5.3299857552612,,,,,,6.23157599763532,7.05781507586705,,
447.4119,,,,,,,1.18854063169458,2.475635582826,3.451705020596,4.09186738414739,5.0350866003371,,,,,,6.37678639516375,7.47040362189312,,
448.011925,,,,,,,1.07608008227326,2.30564179188583,3.52063891475677,4.14937285694224,5.43462888929605,,,,,,6.47004756901927,7.79778292298555,,
448.61195,,,,,,,1.32959444904091,2.58448645205636,3.46027506906442,4.24839884813547,5.44162782884685,,,,,,6.30617635427098,7.6430376863091,,
449.21195,,,,,,,0.839930690369886,2.46575455713243,3.06051458282303,4.25536331167513,5.6150936130877,,,,,,6.16966600820626,7.50071066172063,,
449.811975,,,,,,,0.721395836406945,2.40574880188098,3.13315046815928,3.84263052429396,5.11642806040928,,,,,,6.22547596797577,7.56620820271208,,
450.412,,,,,,,0.954161487276299,1.95903653570835,3.37304662889221,4.38517547083176,5.52393122710931,,,,,,6.05506555992287,8.45370197019357,,
451.012,,,,,,,0.862557159961922,2.73285061273021,3.16908120437306,4.07833011129144,4.94504626457949,,,,,,6.97480541283447,7.43519978711726,,
451.612025,,,,,,,0.602179198307646,2.08045202883578,3.0907743119698,4.14890670312611,5.24757041555635,,,,,,6.91958177032161,7.64965550343447,,
452.21205,,,,,,,0.902611126209242,2.69001231316579,2.9731721518793,4.29072879311897,5.14849394044716,,,,,,5.7927008715223,8.03903973476047,,
452.81205,,,,,,,1.02032628894305,2.30875267510886,3.1693556195731,4.02795076673221,4.88472934211676,,,,,,6.48551234129229,7.69603789241909,,
453.412075,,,,,,,1.53359799911743,1.80510402047993,3.15008101360549,3.93506555719824,5.25689194049686,,,,,,6.19853618620135,7.65947460931574,,
454.012075,,,,,,,0.932700269227608,2.29286538348842,3.02906150389758,4.41046206677038,5.30371713660537,,,,,,6.21488428597599,8.00369005869334,,
454.6121,,,,,,,1.5602143776199,2.35072938429692,3.51099582796301,4.01897508660927,5.33448926993083,,,,,,6.37488237616598,8.10131823887386,,
455.212125,,,,,,,1.02738140268579,2.62587450593509,3.30151016215313,3.80296583122336,5.58893327671711,,,,,,6.26565235236694,7.14515043208848,,
455.812125,,,,,,,1.02669639651408,2.98273549270265,3.15586310664372,4.0327712491777,5.02790736842353,,,,,,6.30237594945626,7.44010716273206,,
456.41215,,,,,,,0.840401922760948,2.20130587739206,3.21733665596984,3.98850354395117,5.25559867848398,,,,,,5.80574625106803,7.45290659614382,,
457.012175,,,,,,,1.17420737202853,1.76684468428677,3.14065673947857,3.98330062811348,5.65799868364387,,,,,,5.79645787104044,7.13895966719962,,
457.612175,,,,,,,1.22785049928115,2.6477966069551,2.95341550605875,3.82972862890528,5.12048378871389,,,,,,5.72245260136126,7.72242826894741,,
458.2122,,,,,,,1.22203342297421,2.65763888652,3.15795558970408,3.77913425769809,5.99180865016078,,,,,,6.57647320530678,8.02542665849145,,
458.812225,,,,,,,1.4175599860883,2.20079077166515,2.87963403318628,3.84495215721197,4.52579873832934,,,,,,6.01455067749491,7.97518126364627,,
459.412225,,,,,,,0.845814856688755,1.66169468072235,3.06023745157419,3.9636833633359,4.30265422730931,,,,,,6.08724803960968,7.10974540006074,,
460.01225,,,,,,,1.71967696515597,2.01427389617189,2.99260773742934,4.07512535019245,5.57411203819701,,,,,,6.04187768922031,7.58264939134317,,
460.61225,,,,,,,1.09516940765585,1.66663758477454,2.96249479954677,3.91073409232918,5.32353268061306,,,,,,7.32948894675696,7.48538056217271,,
461.212275,,,,,,,1.19136614971716,2.35096073669887,3.2200588972355,3.79597679146953,4.33120100162847,,,,,,5.85237695521413,7.76175371268974,,
461.8123,,,,,,,1.1565770178812,2.60001513503853,2.86506869358822,3.58006198295218,5.80433244412882,,,,,,6.31544503407966,7.81137567372024,,
462.4123,,,,,,,0.791595652161258,2.25608872721965,2.9722848757352,4.16991270145472,5.26328227368255,,,,,,6.170684062241,7.70186959568554,,
463.012325,,,,,,,0.803834390781507,2.49087227257274,2.96748006343136,4.36330644661386,4.40145713696804,,,,,,5.82450489656802,7.9392210207796,,
463.61235,,,,,,,1.5315639606459,1.93177340966033,3.00238274281883,3.86141274366141,5.48387969546622,,,,,,6.20159091348302,7.54256176596519,,
464.21235,,,,,,,1.5572549821564,2.11691653448308,3.27832332486897,4.16632240322409,4.72613077542609,,,,,,6.10972532642319,7.46506125743506,,
464.812375,,,,,,,0.893834255292456,2.7891760208988,3.20732464606865,4.26596496284254,5.59324600720124,,,,,,6.27127526691115,7.50396359834403,,
465.4124,,,,,,,1.37162952218587,2.7839830083782,2.88743843631438,3.9720102464857,4.24336722755294,,,,,,6.28233732938972,7.94719302190841,,
466.0124,,,,,,,1.1984096650267,2.95112410152205,3.33304204172113,4.26956782068604,4.84867296481452,,,,,,6.54750611476803,7.47490232627124,,
466.612425,,,,,,,0.827031792236722,2.17170707351765,3.04702671908778,4.17576446638858,5.0733202711153,,,,,,6.1198677347481,7.92505489317012,,
467.21245,,,,,,,1.64164191805932,2.00961394878791,2.89906052853429,4.26913388463845,5.8369567128118,,,,,,5.5369891731732,7.66232323192001,,
467.81245,,,,,,,1.21549370857066,2.85998157525462,3.24286205180207,3.94736522308389,5.24213232436856,,,,,,6.71601333892312,7.79604735385044,,
468.412475,,,,,,,1.28323439215903,2.48408222727844,3.03683221911086,3.81436089996084,4.86548421601121,,,,,,6.35081785884078,7.44974214086433,,
469.012475,,,,,,,0.703650973782345,2.22015810417398,3.05708986078877,3.8486841752321,5.86926943301031,,,,,,5.90198317004441,7.88070806884831,,
469.6125,,,,,,,1.30287201694661,2.16503307700573,3.02444930902786,4.0053005621154,5.06576128514718,,,,,,6.67746763523958,7.07458325216075,,
470.212525,,,,,,,1.02335517458057,2.3607717948416,3.53334097855786,4.23675459919048,4.74038140022526,,,,,,5.91139373195657,7.40744453730002,,
470.812525,,,,,,,0.988624145957063,2.28954705770727,3.03648773103297,3.9229640310519,5.51577252564326,,,,,,5.83846456371871,7.9138642293989,,
471.41255,,,,,,,1.48030805132601,1.78504687218022,2.95090704540649,3.78416857361445,5.57556208415027,,,,,,5.92617976080394,7.31876550185698,,
472.012575,,,,,,,1.26086984979762,2.37633398778223,3.20035098693164,4.23070514227188,4.8911423251785,,,,,,6.31510546916681,7.08685270666672,,
472.612575,,,,,,,1.24645360356056,2.39144236154081,2.85324984947126,4.10306100345317,4.84981533123166,,,,,,6.54308078060995,7.14939646326517,,
473.2126,,,,,,,0.751269008477498,2.2869571343646,2.86767656573482,3.98523175283219,4.55772684122753,,,,,,6.23730256223515,7.72762220775436,,
473.812625,,,,,,,0.859216223293386,1.84964781503942,3.40698932839295,4.12768519705496,5.31303279156077,,,,,,5.87473425204317,7.44374411664958,,
474.412625,,,,,,,1.57264961188375,3.01665808286342,3.082303181885,3.92472898028748,5.24032131125605,,,,,,6.82958633557171,7.3501515430099,,
475.01265,,,,,,,1.21176027215062,2.25648802211018,3.19209055011187,3.89305143661638,5.61684957464648,,,,,,5.97737259657568,7.1602834314233,,
475.61265,,,,,,,1.29009384594825,2.16989014369635,3.11588290113455,4.14170222806981,4.68755975038899,,,,,,6.89888561816901,7.67913447898998,,
476.212675,,,,,,,1.50485365445039,1.75341504267847,3.20721386805643,4.12215185606437,4.7702027455952,,,,,,6.38281144596407,7.92169261929206,,
476.8127,,,,,,,1.58564901427811,2.59049567722626,3.57324973489779,4.00258384510767,5.07598107125198,,,,,,5.88069421035752,8.30120153935254,,
477.4127,,,,,,,1.64516933455686,1.92490354903939,2.92439407085157,3.78128542789719,5.64548945949124,,,,,,5.74831642479216,7.72371932232756,,
478.012725,,,,,,,1.58457057225738,1.99217551870635,2.65506622902177,3.48540896685639,5.51126179963267,,,,,,6.27226701363782,7.71063612821795,,
478.61275,,,,,,,0.836660438573551,2.52136499709218,3.00731817273668,3.74870148922567,4.84145334772456,,,,,,6.34951862590271,7.29265142185533,,
479.21275,,,,,,,1.51700967406162,1.66516564750747,3.30361844858612,3.97617601962475,5.95541440021595,,,,,,6.55037793440969,7.8193910382707,,
479.812775,,,,,,,1.09030818408024,2.61790426520753,3.45951021353406,4.04674825621468,4.99579474430022,,,,,,6.95506270857471,7.24272844934454,,
480.4128,,,,,,,1.11002327540263,2.45252697861006,3.4142826835487,3.90977239573705,5.47207211974145,,,,,,6.96797841934668,7.76353532065343,,
481.0128,,,,,,,1.11360786346617,2.7782748074665,3.2499204626258,4.19917922002408,5.30788619891328,,,,,,5.89032144452131,7.71138610141309,,
481.612825,,,,,,,1.28398019864581,2.5262088535727,3.42571028852278,4.08686556078705,5.29002391539734,,,,,,6.65973280365006,8.37489721857991,,
482.21285,,,,,,,1.23013373152302,2.95650827504971,3.31754226408708,4.28981883383397,5.76796865524571,,,,,,6.46131646600729,7.72423035714065,,
482.81285,,,,,,,1.7458288332561,2.61140068320412,3.59189556903885,4.01954370087516,5.21568838379018,,,,,,5.8545187868552,8.12752429476631,,
483.412875,,,,,,,1.48872364010818,2.67551786291579,3.57780430733151,4.56787018269491,4.77059568326849,,,,,,6.2874978768484,7.44779946114168,,
484.012875,,,,,,,1.20389931910415,3.09777387650473,3.27235449410515,4.66013226427983,5.48914159633247,,,,,,6.24700441690015,7.81480094697801,,
484.6129,,,,,,,1.46862549208457,2.60162996657741,3.13243238502892,4.26789996828691,5.43772771702197,,,,,,6.59468822281487,7.9485166964723,,
485.212925,,,,,,,0.918567494051678,2.19865370199105,3.39371120698642,4.35147966620978,5.20322240308284,,,,,,6.25114906987954,7.32671335839335,,
485.812925,,,,,,,1.53334224295753,2.40883712829557,3.13869684576543,4.07324217557901,5.59391473370613,,,,,,6.61817905471786,7.49182194624489,,
486.41295,,,,,,,1.59246718488639,2.17620712880643,3.40772554079363,4.16989376002508,4.88786407895268,,,,,,6.47230610331958,7.97453816771445,,
487.012975,,,,,,,1.40557383195396,2.62724481053244,3.13248194224357,4.18715909422905,4.98685383173575,,,,,,6.444598860494,7.58012722417412,,
487.612975,,,,,,,0.778999148885561,2.57730737154983,3.40493700500807,4.31177886389053,4.87376366617545,,,,,,5.74038690497855,7.42722845773453,,
488.213,,,,,,,1.34576496202218,2.96330099537704,3.0943487040216,3.52092729567115,5.21921602308285,,,,,,5.91664835091869,7.74289444652528,,
488.813025,,,,,,,1.28078505576024,2.55269537754774,3.03995917934411,4.00354089153938,4.80731014210145,,,,,,5.85068067471192,7.37923795346201,,
489.413025,,,,,,,1.49207912150988,2.35704373547982,2.79325500776844,3.61894894628216,5.03967459837584,,,,,,5.75436490330188,7.21501969753932,,
490.01305,,,,,,,1.42265587704631,2.62724294534208,3.07798782488779,3.89276142721965,5.53060158974722,,,,,,6.14000029402523,7.31169601429714,,
490.61305,,,,,,,1.16404899722441,2.39689870580711,3.06638764733318,3.80350143610587,4.83804754255845,,,,,,6.32241466991213,7.44245981982455,,
491.213075,,,,,,,1.26661153136288,2.63847923202146,3.29239317232693,4.41572727980846,5.86519285585802,,,,,,6.07408411022708,7.13604542247044,,
491.8131,,,,,,,1.31090606947055,2.78182428699037,3.57277495160194,4.18433959792329,5.32641847378771,,,,,,6.19595945911139,7.57119450697043,,
492.4131,,,,,,,0.930041469768389,2.91413751090366,3.31758312550951,4.09856820724996,5.27465455612681,,,,,,6.1314859560922,7.55397688135546,,
493.013125,,,,,,,1.47205356637588,3.26453585310535,3.26979947934348,4.33196019490108,5.79680724483284,,,,,,6.33265266948429,8.04111487675973,,
493.61315,,,,,,,0.930980608669027,2.48045425444378,3.17106529548734,4.12240304464752,5.59495826579531,,,,,,6.72983535252353,7.70632210117013,,
494.21315,,,,,,,1.51397211526223,2.44917467797968,3.37762948117875,4.21554540362741,5.16115983759388,,,,,,6.43075650955687,7.34334971085783,,
494.813175,,,,,,,0.683606928730629,2.97295889948574,3.1026309991813,4.1816134908037,4.97718792520894,,,,,,7.11620285579336,7.36341135595006,,
495.4132,,,,,,,1.20838864222373,2.56463720187038,3.17377626554193,3.89623469844513,5.01819697203357,,,,,,6.36280418291806,7.1707505472782,,
496.0132,,,,,,,1.01515746927904,2.61171060720637,3.51963232049415,4.1931241383814,5.15045614243084,,,,,,6.01838221009256,8.0462284063662,,
496.613225,,,,,,,1.0229678126029,3.04582973113505,3.34278648251238,4.44285235580278,6.16945643921905,,,,,,6.82856053578628,7.7959384057612,,
497.21325,,,,,,,1.55029852448738,2.18412698044353,3.36772458655329,3.80512971751445,4.57205489841386,,,,,,6.49401255771874,7.64302877445316,,
497.81325,,,,,,,1.15414607895513,2.06942005373876,3.17449452238008,4.00371629693427,4.81619502979517,,,,,,6.41408620047711,8.26490659812283,,
498.413275,,,,,,,1.28659615458721,2.75544343215081,3.04275767955885,4.15219773171232,6.2643665635965,,,,,,6.15813201447398,7.89762346735625,,
499.013275,,,,,,,1.34686918801342,2.251120598323,3.48135189459593,3.89818641154985,5.62552427706772,,,,,,5.88549216470959,7.62467882481584,,
499.6133,,,,,,,0.999243763146829,2.73067765609649,3.02026915823475,4.08059620611139,5.35724913038785,,,,,,6.34821133148174,7.0159766854908,,
500.213325,,,,,,,1.09539879134769,2.26590768458856,3.71039048636561,4.13173893766582,5.66644197045848,,,,,,6.47115638876887,7.15676480160749,,
500.813325,,,,,,,1.49793945339865,2.26361199918973,3.28314681550536,4.03816569196629,5.65403543998851,,,,,,6.21115337415745,8.43660028938807,,
501.41335,,,,,,,1.19026814050498,3.039223102406,3.42053373155286,4.01556320588377,5.27980480235844,,,,,,6.52044691292281,7.50481807125873,,
502.013375,,,,,,,1.35391423298208,2.76897925515321,3.02255326485657,3.92444178905503,5.58502059761038,,,,,,6.55952877622924,7.89578640801666,,
502.613375,,,,,,,1.09711368732068,2.06100502239783,3.29820785890705,4.03136499007141,5.04745059300449,,,,,,6.67674337134079,7.73057360625447,,
503.2134,,,,,,,0.812616612804816,2.64645566967153,2.87369274081781,3.83737956509442,5.20588442659495,,,,,,7.0962898912361,7.87590330243288,,
503.813425,,,,,,,0.95066581935971,2.30333042684989,3.12970380602105,3.91479600068095,5.33606323468601,,,,,,6.4492574274759,7.30828158845023,,
504.413425,,,,,,,1.42012451657347,2.91836940013361,3.48832382261454,4.35985305859698,5.31606898804828,,,,,,6.42987082196261,7.14561112646333,,
505.01345,,,,,,,1.34227012926426,2.84309227415909,3.23808603536706,3.84862639264338,5.7404555062575,,,,,,6.74444845707621,8.00268661351592,,
505.61345,,,,,,,1.18225714601653,2.51017988838469,3.32203668521779,4.10923188056716,5.32452670947836,,,,,,6.34880054617602,7.19555891803811,,
506.213475,,,,,,,1.12749387533804,1.70607578278535,3.03016384518581,4.44314557694515,5.23220737948587,,,,,,7.24698541060191,7.35480316463261,,
506.8135,,,,,,,1.16605410415388,2.18841802079226,3.1229591444013,4.55219061078936,4.58600780112658,,,,,,5.98306665941642,7.14960808469204,,
507.4135,,,,,,,1.75284781852396,2.54542213763388,3.20195772327714,4.4876417725937,5.38804272710976,,,,,,6.15354440614642,7.68511810428699,,
508.013525,,,,,,,1.15832291835472,1.97840068410436,3.11535347003211,4.45599133676751,5.57185941256622,,,,,,6.54509246642576,7.78608795379339,,
508.61355,,,,,,,1.24027216437453,2.16535699928554,3.33347239038998,4.26622595250136,5.78990436373867,,,,,,6.18269067475496,8.00896303347395,,
509.21355,,,,,,,1.60244425962587,3.42096020540757,3.57532951507817,4.50630535910906,4.87116272270124,,,,,,6.47781061318348,8.45272474420006,,
509.813575,,,,,,,1.19268873868273,2.22386102540547,3.41709196137151,4.53644497436062,5.16990188938971,,,,,,6.61162367746385,7.76568590655106,,
510.4136,,,,,,,1.49920586054859,3.34219939525105,3.1682949281377,4.27214519008973,4.87203735650302,,,,,,6.2012941237519,7.88781182030189,,
511.0136,,,,,,,1.38232125019752,2.70188525708028,3.28612524365791,4.17504718549554,4.6519306836646,,,,,,5.57481235136045,8.53806871893211,,
511.613625,,,,,,,1.87623685562654,2.14034357688057,3.4142708202686,4.15862576006202,5.57308187764081,,,,,,7.83585327785415,8.12535128158969,,
512.21365,,,,,,,0.924049758435938,2.65245540160468,3.21719222938883,4.3309697213447,5.14279033115278,,,,,,6.547892022655,8.23556125776333,,
512.81365,,,,,,,1.63459426051731,2.20087010884238,3.43584339242565,4.13913843498182,5.27857050621289,,,,,,6.89132207898769,7.73623543771094,,
513.413675,,,,,,,1.22975199330094,3.00821346296448,3.24231890261188,4.28173774536999,4.73913851876463,,,,,,6.53205884768093,8.37933063314426,,
514.013675,,,,,,,0.90013173054608,1.82770850174792,3.16010019400529,4.25635306402668,5.37970676852886,,,,,,5.68086106507979,8.00149872159794,,
514.6137,,,,,,,0.311484280115798,1.87588057445718,3.19259129751143,4.47495082970499,4.67860961513517,,,,,,6.36497467988144,6.86881656195339,,
515.213725,,,,,,,0.85639625875199,2.60267826363406,2.95962636019286,4.09039393282172,4.94839093035093,,,,,,6.30046337046488,7.49318983006783,,
515.813725,,,,,,,1.05943549408562,2.33200215271949,3.06511136461874,3.80372997939858,4.70505890569443,,,,,,5.92757593539457,7.92822172908687,,
516.41375,,,,,,,0.922386737678269,2.31818336608499,2.94886174674262,3.66696504459444,5.35838702347933,,,,,,6.17089169954322,7.63693840206909,,
517.013775,,,,,,,0.512961099855603,1.97407999175215,3.02827984032233,3.64105483851413,4.97604592072051,,,,,,6.21721606253179,7.78676691121132,,
517.613775,,,,,,,1.68591446892808,2.10302816000622,3.27453219721411,3.82103303779146,5.18405034575027,,,,,,6.36942523845321,7.10728881875952,,
518.2138,,,,,,,1.26875333593215,2.04465323617681,3.2037018906113,4.212373630092,4.71208654086588,,,,,,6.42871096177932,7.14581121260641,,
518.813825,,,,,,,1.62505776451136,2.43331542430429,3.33178024426966,4.36374289632892,6.20858169050936,,,,,,6.28917699987609,7.20059155229593,,
519.413825,,,,,,,1.594469957445,2.03367178938753,3.35848992046049,4.49486377591446,4.80149875964199,,,,,,6.49771623191796,8.05164214276765,,
520.01385,,,,,,,1.63972246064132,2.62644178891955,3.10301140288666,4.26789917053416,5.40147646821361,,,,,,6.40816240062815,6.98140933024459,,
520.61385,,,,,,,1.26283393046406,2.36482354587665,3.03195483831179,4.1932337608722,5.58083757657788,,,,,,6.19428329725212,7.72192406483956,,
521.213875,,,,,,,1.1227746645833,2.36614636721775,3.40014032708054,4.02398245692752,5.1865682597069,,,,,,6.26461390064281,7.94797505225521,,
521.8139,,,,,,,1.22956850939887,1.91414295184001,2.88121457156038,3.81102479149725,5.01258527978525,,,,,,5.67774906713433,7.50520866162701,,
522.4139,,,,,,,0.726095884822072,2.5998545363226,3.56250715528289,4.33653207684659,4.66094478777116,,,,,,6.28937274527457,7.91323481314445,,
523.013925,,,,,,,1.0608078005105,1.91860266365344,3.24637108489915,4.06244370254091,4.82371415065436,,,,,,6.4605802264526,7.68367945397252,,
523.61395,,,,,,,0.867049593817406,1.566503432265,2.88242877822848,3.53686370732373,5.09665951928262,,,,,,6.06153433516391,7.98813558577936,,
524.21395,,,,,,,0.976555664819583,1.57198243505589,3.12715904075932,3.99700617495782,5.919589087028,,,,,,6.11590789255411,7.26637398883222,,
524.813975,,,,,,,0.833708970338918,1.88042168935989,3.18813611511309,4.19389213573982,5.07571974160371,,,,,,6.14420369805404,7.05714720769119,,
525.414,,,,,,,1.01662904547585,2.23361033051636,3.03080961146112,4.06069882198427,5.53404415381924,,,,,,6.16300141521262,7.72861981322837,,
526.014,,,,,,,1.07289811859739,2.24895436507304,3.72509564773128,4.29128492728115,5.47931390105423,,,,,,6.70448695909269,8.63510363878946,,
526.614025,,,,,,,1.19443154870152,2.54305165499423,3.38975265636001,4.24599843754801,4,,,,,,6.27663898043518,7.57686536460527,,
527.21405,,,,,,,0.804031333364763,1.94638053031454,3.36540742634009,4.15085414234839,5.11275505645056,,,,,,5.690885084568,7.34192581949079,,
527.81405,,,,,,,1.79912111801794,2.62918128269218,3.37984017413956,4.37626853867465,5.74364072481113,,,,,,6.63348673558382,7.56762273165294,,
528.414075,,,,,,,1.23879078329685,2.67671346514419,3.40801064430392,4.45838116525956,5.23235524756905,,,,,,6.13606206832543,7.72894755564365,,
529.014075,,,,,,,1.49439504119866,2.88641441140154,3.12840836289796,4.04248549831551,4.9105870718194,,,,,,6.24343789948202,7.76274011489662,,
529.6141,,,,,,,1.13925667716284,2.75297254590287,3.44798365650239,4.22975175472683,5.90875153791651,,,,,,6.50977534159915,7.11310104017135,,
530.214125,,,,,,,1.11788609620149,2.10014812352166,3.33997051950925,4.2229784861047,5.80189976796272,,,,,,6.43389383663299,7.49490996057441,,
530.814125,,,,,,,1.33844232226082,2.21645152507654,3.19246101764987,3.83219813370525,5.03089286729812,,,,,,6.05476018720107,7.96225583464663,,
531.41415,,,,,,,0.344637361575713,1.83537681192694,3.06762439686425,3.96364032903917,4.87036265957142,,,,,,6.63128733079186,7.65033899595065,,
532.014175,,,,,,,0.980557662280204,2.18991627627845,3.49418970000152,3.64585667059366,5.04553742961147,,,,,,6.59516383020974,7.47028935414137,,
532.614175,,,,,,,1.87808472161995,1.97416868126494,3.0648226542791,3.9405425809145,5.02202290806568,,,,,,6.07829169764177,7.09939429969262,,
533.2142,,,,,,,1.09330999308254,1.88797517081406,3.38917907949275,4.17478633667134,4.79596304447036,,,,,,5.89115804976997,8.36485354094679,,
533.814225,,,,,,,1.29023733408358,2.36083337874606,3.18692291103796,4.32019485836753,5.28426766706512,,,,,,6.79875333780974,7.99195060493228,,
534.414225,,,,,,,1.11002451881792,2.34537633161533,3.26339024356081,4.24361299147402,5.17460955884262,,,,,,6.01343091891631,7.09840156154649,,
535.01425,,,,,,,1.42480759019338,2.37268065512535,3.19700535586076,4.4383966147326,5.0394206043355,,,,,,7.03832934604553,8.01928543239633,,
535.61425,,,,,,,0.781798350444951,2.82462719866696,3.34132108041015,4.29178578430639,4.6525307575421,,,,,,6.38075439405918,8.2127624605973,,
536.214275,,,,,,,1.42198973645217,2.62524932308466,3.11816438707121,4.11011760118329,5.70866241151244,,,,,,5.9302460513393,7.30196428504223,,
536.8143,,,,,,,1.53767174743133,2.62423091529903,3.25541963775584,4.30188311910895,4.95812697332979,,,,,,5.90243448084962,7.20089591068199,,
537.4143,,,,,,,1.29211523000448,2.09277497107068,3.24091923409414,4.14584653843247,4.47104962421843,,,,,,6.60229064679129,7.52521900960546,,
538.014325,,,,,,,0.861433012004459,2.9597146721591,3.56717711763966,4.14364528903459,5.81925540794614,,,,,,5.9633323778757,7.59590683590376,,
538.61435,,,,,,,1.43953017625504,2.17790045461606,2.9047941240008,3.94961083849017,4.83490116337443,,,,,,6.48122681329477,7.34110844761893,,
539.21435,,,,,,,1.33419376609508,1.8662120282396,2.93515352389699,3.56212764344815,5.14727382567624,,,,,,5.61820362059223,7.56846458440107,,
539.814375,,,,,,,1.50261196356957,2.13769875860863,3.0262789543974,3.64884588721538,4.937943379008,,,,,,5.70880653553903,7.4291699625707,,
540.4144,,,,,,,1.58258830335843,2.0246629952548,3.11470421449703,3.67577917766181,5.05467289401254,,,,,,6.37719975565151,8.24796502265487,,
541.0144,,,,,,,1.3169952421637,2.41318741593897,3.11221688454179,3.88396107226323,4.46703681369762,,,,,,5.99876856893675,7.53610165496588,,
541.614425,,,,,,,1.01013873766339,2.94414340674255,3.3074586552092,4.10122715117094,5.69700480251435,,,,,,6.74462666371656,7.61784132862544,,
542.21445,,,,,,,1.77280760457166,2.25980806317622,3.65672631401511,4.11091537452653,5.30392466620096,,,,,,6.68770515907979,7.99923641103776,,
542.81445,,,,,,,1.08857741104437,2.37259395582252,3.47508974755353,4.58168759269821,5.32795783054651,,,,,,6.10604049673686,7.215652841328,,
543.414475,,,,,,,1.39129406252366,2.90480316782583,3.27197811916134,4.23009598460798,4.9155174014295,,,,,,6.30875458139664,7.73030787214707,,
544.014475,,,,,,,1.20757273078198,2.26895820158117,3.53381914115006,3.9577040473364,4.970654083536,,,,,,6.62231356197167,7.28554290365619,,
544.6145,,,,,,,1.05930357406351,2.18780955217173,3.3947116977086,4.14804907014158,5.18421004858221,,,,,,5.98741750015454,7.04832766313648,,
545.214525,,,,,,,0.962934310096304,2.58582732104213,3.26847142195514,4.32514920667621,5.10484188887024,,,,,,6.2750941506261,7.12992467719487,,
545.814525,,,,,,,1.7447592192287,2.78415153850311,3.10408085935101,3.89039086649383,5.56550194284725,,,,,,6.37136769915246,7.78819454883513,,
546.41455,,,,,,,1.14169959830141,2.11576402746341,2.7317000206305,3.7699872752729,5.06392665216211,,,,,,5.42991291642797,7.43281380204377,,
547.014575,,,,,,,1.25284689023519,2.39977022605089,3.23951731266073,3.76553926921805,4.81718849373139,,,,,,6.68129305088665,8.18966753317144,,
547.614575,,,,,,,1.06270764045097,2.618724570903,3.525867440644,4.3340394639772,5.13838181582593,,,,,,6.44293578136487,7.58667588943641,,
548.2146,,,,,,,1.25707654748477,2.57932882513779,2.92524629347021,3.86524190075248,5.12276987954688,,,,,,6.66710955867103,7.4850881117524,,
548.814625,,,,,,,1.38309140992783,2.19420014024994,3.0551818238619,3.86552225222375,5.50429496264804,,,,,,6.05476244987595,8.50323301068538,,
549.414625,,,,,,,1.10644131556721,1.93886837567949,3.26390583055961,3.98979831793932,5.08919185035052,,,,,,5.96674666739067,8.02545499636174,,
550.01465,,,,,,,0.889295647998949,2.15624755627096,2.83737681427642,3.77111815492317,4.8284532888348,,,,,,6.02442630328492,8.05564864989955,,
550.61465,,,,,,,0.620515378982966,2.1424877003999,3.01899110147355,4.02506103576431,5.31207514074872,,,,,,6.35413080673179,7.30395509036464,,
551.214675,,,,,,,1.46738653561376,2.4490922157139,2.95029560154858,3.96204172505115,4.68146943118179,,,,,,6.36452552478123,8.32806139042151,,
551.8147,,,,,,,1.15496989076735,2.28881009113388,3.12369922149968,3.95818584211384,5.28309030638706,,,,,,6.38547616760744,7.28301352796217,,
552.4147,,,,,,,1.34215434939216,2.48240983430912,2.9627224158232,3.86089614680854,5.138075257793,,,,,,6.21855844212881,6.8657504503693,,
553.014725,,,,,,,1.05264089712956,2.60037277767982,2.96848766357893,4.16287726079222,5.06015141309693,,,,,,6.28986630455046,6.8265343596426,,
553.61475,,,,,,,1.53085484062476,2.88578642248193,3.19286070208645,3.98257063820294,5.25798645764837,,,,,,6.50122142501533,7.14256026761185,,
554.21475,,,,,,,0.396669071691653,2.805388196423,3.34034190056949,4.23750708600133,4.90084983546563,,,,,,6.22997314130777,7.51762521712639,,
554.814775,,,,,,,1.13033351781585,2.47286225940703,3.12723598336045,4.60465562055823,4.95607776347237,,,,,,7.00261600475183,7.55648662671294,,
555.4148,,,,,,,1.16047752861008,2.48614967482985,3.21692234926676,4.23426330933939,5.76949096080361,,,,,,6.46885942155876,8.15565195183006,,
556.0148,,,,,,,0.936258664384062,2.88920532129664,3.62508135996226,3.93416036757325,4.77530076412027,,,,,,6.18482040316036,8.03410316781556,,
556.614825,,,,,,,0.730674731049242,2.48241729936474,3.16366287800274,4.05910260353452,5.51740396128355,,,,,,6.33312253579223,7.62280612400876,,
557.21485,,,,,,,1.73476056012603,2.63405214570009,3.19516652409284,3.93162182004929,5.26822816537709,,,,,,5.5904854065348,8.06033817850145,,
557.81485,,,,,,,0.909755560249711,1.92270435824725,3.13421970015382,4.00531516128645,5.73580435299931,,,,,,6.23616269709864,7.92501415434968,,
558.414875,,,,,,,1.39031703764487,2.03721316948414,3.0000180356004,3.77802935915048,5.13469946650364,,,,,,6.31946443350635,7.65398106576159,,
559.014875,,,,,,,0.973034554281531,2.5992385317398,2.95795909317662,3.68429792364674,5.3347393670309,,,,,,6.00527110664386,7.65135678620662,,
559.6149,,,,,,,0.634681703879354,2.06507150323635,3.16079482754083,4.05058068122054,4.90919843301579,,,,,,6.16997350194193,7.84785982542131,,
560.214925,,,,,,,1.24711688533998,2.59468100156571,3.03780091313921,3.62648960286219,5.78475787524458,,,,,,6.89921444624715,7.50271174499491,,
560.814925,,,,,,,0.578339990019486,2.6341208066587,3.25846296634618,4.09875849036496,5.02196386350978,,,,,,5.73288833253309,7.81655258886228,,
561.41495,,,,,,,1.16983452229388,2.86651405196587,3.03108477743737,3.78285777487079,5.12267787264115,,,,,,5.87071736976002,7.49731036593683,,
562.014975,,,,,,,1.51764100553729,2.50638146475297,3.17218059147798,4.20639394507503,5.72440087397854,,,,,,5.67333375558218,7.59352972700621,,
562.614975,,,,,,,1.79814675314175,2.22074567030085,3.26964842995946,3.92194063274674,5.40932960908134,,,,,,5.87150503560824,7.64886349103834,,
563.215,,,,,,,0.981861624998298,2.32527870817353,3.04644216419299,3.9892294580621,5.54983593244408,,,,,,6.24017300648427,7.73190870673128,,
563.815025,,,,,,,0.885617786548517,2.31444454802762,2.88886087783255,4.5883941841101,5.45944279101881,,,,,,6.84339969598543,7.41929530019646,,
564.415025,,,,,,,1.04091668862775,2.27221373833213,3.25363957054069,4.79061588466737,5.39010871266916,,,,,,6.63980356110308,7.83653923112793,,
565.01505,,,,,,,0.852223222519045,2.31664256554803,3.31423339910786,4.32851030054316,5.27480959609359,,,,,,6.57774422644873,7.5493288769885,,
565.61505,,,,,,,1.17186570202655,2.54840173533919,3.12288328357848,4.0902571126196,5.45528296267678,,,,,,6.30920610083787,7.7491520207407,,
566.215075,,,,,,,0.990217687544288,1.90341587784344,3.18641020614546,4.03458865768002,4.85090246433912,,,,,,5.39331146935998,7.84861990873165,,
566.8151,,,,,,,1.42645838167505,2.27681072181023,3.01911740510118,4.0845071217584,5.53289478841914,,,,,,5.56650486950804,8.24810195249369,,
567.4151,,,,,,,0.70060893873828,2.33745859494495,3.26438623114974,4.08229294387645,5.6684529234172,,,,,,6.43961236099563,7.69870783977929,,
568.015125,,,,,,,0.964394552718259,2.11706577207673,3.07087607208818,3.94441170933429,5.58905433180003,,,,,,5.84141846332581,7.48375473914778,,
568.61515,,,,,,,1.53642601750523,2.59482984563446,3.21650243821658,3.90623722117108,4.87230289475192,,,,,,6.51630531987111,7.56334094754123,,
569.21515,,,,,,,0.918695782711897,2.78390368945281,2.83316043870402,3.95883052140019,5.24805683815151,,,,,,5.56508890753481,8.221863877435,,
569.815175,,,,,,,1.73672244383478,2.72146828357622,3.28869779365338,4.07252512200371,5.82707228596778,,,,,,6.1772653670261,7.42883154659937,,
570.4152,,,,,,,1.08013620462757,2.45795160928904,2.98049807560993,3.96795187112193,5.13444025761344,,,,,,6.77437157378183,7.27594772690863,,
571.0152,,,,,,,0.672069654517049,2.25696441726823,3.30699853752627,4.12173479584737,4.54897897622708,,,,,,6.2496168214857,7.79854667939823,,
571.615225,,,,,,,1.36645503229431,2.41951031788349,3.05033787738886,4.4468052404507,5.09695920138989,,,,,,6.36286723422201,7.02839638532789,,
572.21525,,,,,,,1.5024885129809,2.42493625193187,3.45990598798575,4.0520426911628,5.36656011236138,,,,,,6.15254901709052,7.1483692403184,,
572.81525,,,,,,,0.762800732128413,1.76350069933903,3.12717413408964,3.70309879995954,5.26088350028529,,,,,,6.44736194083033,8.32595485441424,,
573.415275,,,,,,,1.182671702494,2.92066473737174,3.27258414008201,4.13132092074931,5.50451763429393,,,,,,6.87511120188853,7.65779340967576,,
574.015275,,,,,,,0.867441543453823,1.95222810691496,2.8346716191969,3.71074044063478,5.2095606963378,,,,,,6.7847102067856,7.42369955075096,,
574.6153,,,,,,,1.3386014453189,2.83097985534607,3.14222044055818,3.47888272613614,5.40533073392706,,,,,,6.21758525555276,7.27520562867878,,
575.215325,,,,,,,1.3039460912044,1.94849041290895,3.09653374536375,3.87803368639212,4.33296670791579,,,,,,5.38998278665545,7.40851133537637,,
575.815325,,,,,,,0.721756031816463,1.99711389808392,3.44052618114621,3.78097023403047,4.93584092979221,,,,,,6.67568688392562,8.00748164574758,,
576.41535,,,,,,,1.1674654840345,2.94104936031599,3.26229585940342,3.99950834369566,5.25754281505764,,,,,,6.85068412136982,7.4423942480429,,
577.015375,,,,,,,0.979049359103181,2.12471122968222,3.13118514747881,3.68261687505182,4.98183464950588,,,,,,7.014969657914,7.31965321121089,,
577.615375,,,,,,,1.6310849599385,2.97151569321307,3.16419809385394,4.12461496791913,5.09419400039704,,,,,,6.25210109432734,8.00152049274264,,
578.2154,,,,,,,0.924134070306709,3.12054793437175,3.21827482351271,4.04948811086404,5.24135585442059,,,,,,6.09790456873765,7.62553374020741,,
578.815425,,,,,,,1.63616751611392,3.34438825442848,3.20715146466092,4.26244068799543,5.52042148265028,,,,,,6.59646225119708,8.21274289748649,,
579.415425,,,,,,,1.15031379777249,2.26185134861237,3.15367153380385,4.19116255005039,5.22584419061317,,,,,,5.92728447509271,8.03558272156898,,
580.01545,,,,,,,1.51167450232556,2.37285291107622,3.32205569704881,4.07741377283823,4.61759590681813,,,,,,6.373719466319,7.54707556966475,,
580.61545,,,,,,,1.19235088906247,3.15084463628845,3.25843878299348,4.291507221699,4.94219576183061,,,,,,6.24010547411732,7.3360590541783,,
581.215475,,,,,,,1.27295130055338,2.61646529079757,3.0939246390337,4.08832078787426,5.4017145873856,,,,,,6.50039683145772,8.21996206502067,,
581.8155,,,,,,,1.29854156192266,2.13095950661066,2.95934471250084,4.03332399073457,4.31101220955224,,,,,,6.28562929859046,7.66542642632516,,
582.4155,,,,,,,1.34456657937948,1.93429544109229,3.20640630802326,3.67473902586089,5.27629864276899,,,,,,6.00053314911693,7.29166020499126,,
583.015525,,,,,,,1.18250880244326,2.76047885811457,3.22971739507219,4.21982712144284,5.31177443651766,,,,,,6.14006004918583,7.4060416976348,,
583.61555,,,,,,,0.649870683016947,1.87144172695659,3.39184496708447,3.9588861476272,4.53683343188032,,,,,,5.93633343927337,7.73376698558114,,
584.21555,,,,,,,1.28725482730612,2.32827818664466,3.47579969819932,4.18527024172051,5.44606675908274,,,,,,7.01112283806629,7.4382961428773,,
584.815575,,,,,,,1.27608668961459,2.05222407571669,3.41740380556598,4.00846455635891,5.84853922826421,,,,,,6.23188678909321,7.36561461800179,,
585.4156,,,,,,,0.994294066412127,2.19909466414771,3.29871562400751,3.96271107952095,5.25206039797984,,,,,,6.4480378889003,7.74091912110872,,
586.0156,,,,,,,0.414997284653593,2.6667884957958,3.1510769954673,4.05173436400982,4.90539936246002,,,,,,6.48074426010184,7.87240343253767,,
586.615625,,,,,,,0.753982672852729,2.68556774533314,3.25486185965139,4.33503802430095,5.48865546021807,,,,,,5.58577191409238,6.89050308595083,,
587.21565,,,,,,,0.776836147083385,2.33708755043643,3.119288947684,4.26567298760712,5.65714429989821,,,,,,6.25907918761595,7.56451470926617,,
587.81565,,,,,,,1.18882181742618,2.48777371353494,3.16668222351473,4.0095219051746,4.6806434437359,,,,,,6.27175755501055,7.70758635710932,,
588.415675,,,,,,,1.17323530638983,2.87609035849325,3.38495999679745,4.45548450798325,5.11694166525601,,,,,,6.42192386323965,7.13196892944397,,
589.015675,,,,,,,1.05851846752195,1.94452552102489,3.12292623529288,4.04224251161381,4.70966258866097,,,,,,6.25605531532526,7.30755422649178,,
589.6157,,,,,,,1.5568815648454,2.30461650642678,3.06357972238296,4.13281621343853,5.10781891930421,,,,,,5.60193088470359,7.73509278693802,,
590.215725,,,,,,,1.48445233217949,2.44380044112243,3.12906901366743,3.9498152344359,5.84827253330947,,,,,,6.37914063893622,7.06132367099697,,
590.815725,,,,,,,1.81212610746207,2.45005652339953,3.19246006254823,4.10478121208674,5.52478068576869,,,,,,5.80038363686458,7.79787140443989,,
591.41575,,,,,,,0.529611700025929,1.76063723602949,3.01139822979326,3.24135930539655,5.18761302639559,,,,,,5.61668970879886,7.98663227438942,,
592.015775,,,,,,,0.403335751817721,2.27805804481978,2.97077405388946,3.77865185247458,5.09444836944581,,,,,,6.21677714379738,7.49969933931695,,
592.615775,,,,,,,0.502420999889088,1.62830612018288,2.57274683529407,3.37988682974488,5.60553751231401,,,,,,6.38835374475037,7.87020634788925,,
593.2158,,,,,,,1.39958374854534,2.12962494643609,3.07167119540654,3.62520402106455,5.14034343101536,,,,,,6.11219074114521,7.04427476864915,,
593.815825,,,,,,,1.40262196086223,2.0145286931309,3.04438334109197,3.49400675909799,5.25495989653635,,,,,,5.85261649599437,8.045323135846,,
594.415825,,,,,,,0.690623468243708,2.31394723543469,2.781276562172,3.64465224026395,4.83011765536689,,,,,,6.6321980984312,7.50565932689925,,
595.01585,,,,,,,0.876262612170307,2.73780659058562,3.08138520204931,4.05726726257472,5.61016955037308,,,,,,6.94103570081684,8.22606145006946,,
595.61585,,,,,,,0.712157066069671,2.43337696177439,3.11362382068644,4.09560299895803,4.83129351013279,,,,,,5.77805505387738,7.40469288823312,,
596.215875,,,,,,,1.02099535430431,2.65971283474303,2.88208998090847,3.90778347009301,5.01640103704843,,,,,,6.90860054175337,7.58312973052664,,
596.8159,,,,,,,1.30703878272216,2.10260107040552,3.29930182043812,4.13065817741244,5.18985678929647,,,,,,6.15621050034539,7.65056666578789,,
597.4159,,,,,,,1.33748912974537,2.63069303521761,3.26980275639366,4.38255866327251,5.68407978645203,,,,,,5.93707783599859,7.38028680489109,,
598.015925,,,,,,,0.698555535801767,2.99906048106769,3.20777032611832,4.27693180164608,5.32673427420815,,,,,,6.91000962350413,7.78382211921209,,
598.61595,,,,,,,0.823569647654318,2.9832479638831,3.16068896726025,3.98015109896396,5.19830235443598,,,,,,6.56301642738709,7.30225864233784,,
599.21595,,,,,,,1.39152813998708,2.91636346075391,3.46768084329989,4.2038788146887,5.39158750997439,,,,,,6.3126043060085,7.46878122629479,,
599.815975,,,,,,,1.656574050977,2.03765372005721,3.33742177084857,4.09269207173917,5.43749575841701,,,,,,6.46182620516353,8.09417275001595,,
600.416,,,,,,,0.834451053892844,2.19122545966652,3.50306818751033,4.3105155165152,5.52639681160818,,,,,,6.78201025798816,7.905785137057,,
601.016,,,,,,,0.946351804642988,1.75657025257465,2.86885906633833,3.7318574755152,4.67852920815864,,,,,,7.10731655259305,7.24961271425418,,
601.616025,,,,,,,1.28494890993557,2.13512351806197,3.23739935133825,4.62257086233203,6.20764989917253,,,,,,6.07729870097981,8.07348826929841,,
602.21605,,,,,,,1.1046025581921,2.48304873203977,3.30368011682847,4.3245357685263,5.67941625631779,,,,,,5.6260114336466,7.62547556296666,,
602.81605,,,,,,,1.65882867106255,2.85213839953339,3.38563123752991,4.35170754942938,5.66120534472329,,,,,,7.16544977879622,8.22151828937892,,
603.416075,,,,,,,1.530699337647,2.29323242077426,3.0540758553417,4.20223165759094,4.80043885728801,,,,,,5.92613470177372,7.50444816088958,,
604.016075,,,,,,,1.34596335877191,2.04253968904599,3.32667315866752,4.96112059034085,5.44217681838609,,,,,,6.78413757662693,7.79000552218422,,
604.6161,,,,,,,1.2304454203911,2.24294797963205,3.41120621338072,4.10212239278878,5.16512047570641,,,,,,5.85495215192995,7.35735963773987,,
605.216125,,,,,,,1.06481560490322,2.92652882680151,3.02162308737827,4.31133459715547,4.93553396935062,,,,,,6.23363907140979,7.70376103695392,,
605.816125,,,,,,,1.31364767862499,2.61086966832954,3.25420377385908,4.67328898937816,5.55988155960845,,,,,,6.84264369510273,8.1889193335157,,
606.41615,,,,,,,1.35958921913529,2.09005470504608,3.39127993482726,3.82802530788622,5.11274197223614,,,,,,6.35635621174404,7.57102248932339,,
607.016175,,,,,,,1.26289978445405,2.10009654159739,3.12053185077532,4.11151564488142,5.03480922253578,,,,,,6.14466235363479,7.73725939064156,,
607.616175,,,,,,,1.34575883501835,2.59468659062272,3.34872689887775,4.41287021515133,5.44115774801355,,,,,,6.48899366361085,7.85639663462877,,
608.2162,,,,,,,1.10998170603401,2.97801232918963,3.66784371727188,4.09542397855588,5.15871231048637,,,,,,5.53474454652787,7.38278571924697,,
608.816225,,,,,,,0.633095240251443,2.12164638538907,2.81530307683322,3.62810687492246,5.2228944155115,,,,,,6.13860354372849,7.19552895605505,,
609.416225,,,,,,,0.727881842232135,2.02688502684175,2.99258184453642,4.04755077412023,5.60209819463107,,,,,,6.6271668308209,8.16667999564291,,
610.01625,,,,,,,1.0993060118832,1.96252784197606,3.31640948517315,3.82217302765292,6.14201671197499,,,,,,6.61471658757142,8.31402225025019,,
610.61625,,,,,,,1.36355932414387,2.03129726887394,3.37229495516029,3.88019202673194,5.23304703850685,,,,,,6.5409409973109,7.70739476102014,,
611.216275,,,,,,,1.44749841984202,2.8042979190173,3.23472000560575,3.96962057310332,5.11668902544306,,,,,,5.67276117522791,7.39292373001647,,
611.8163,,,,,,,1.46010491149859,2.35847703999369,3.57913668645894,4.20778218143859,5.0059636018318,,,,,,5.89024790962647,8.20641653322127,,
612.4163,,,,,,,1.24363197286404,2.26186629073941,3.65748680467085,4.02752566833052,5.0706180580639,,,,,,6.46933931797144,8.05312973326391,,
613.016325,,,,,,,1.44568527447058,2.79690013700077,3.51508478110933,4.56322649020102,5.53452964034152,,,,,,5.9018079187454,7.82314885566984,,
613.61635,,,,,,,1.0006541088352,2.41791962501784,3.42283103902598,4.13688282741421,4.53682849607811,,,,,,6.61882389338246,7.31906246302112,,
614.21635,,,,,,,0.808669045240203,2.68993229962244,3.31182711514114,4.12406523349195,5.5167357841359,,,,,,6.49937698423374,7.789180703045,,
614.816375,,,,,,,1.18048782848744,2.02889262426521,3.00214298446903,3.92333206749808,4.94234585612645,,,,,,5.85290318944383,7.53565937547456,,
615.4164,,,,,,,1.24243444512133,2.4342923778832,3.31723063470125,4.13641130831903,4.54092656632199,,,,,,6.77595415464971,7.52814800090397,,
616.0164,,,,,,,0.47221711245627,2.09771470075862,2.87611326699296,3.56419331170018,5.01798314329341,,,,,,6.18498977771858,7.61865411235453,,
616.616425,,,,,,,0.893507726689907,1.58630661888277,3.1350224213414,3.60141050615849,4.31009123884437,,,,,,5.7696068957766,7.53862045840201,,
617.21645,,,,,,,0.620021676286766,2.13939279850925,3.13591502443523,4.15586477855573,4.51689621977259,,,,,,5.98463588490037,7.82602753118272,,
617.81645,,,,,,,0.767808752274167,1.84738075577226,3.15961309398871,3.88103433062134,5.26005700805971,,,,,,6.74778944077218,7.93176869036983,,
618.416475,,,,,,,1.64575688284591,1.6075246006678,3.28660630195604,3.90114311311115,5.0903333544503,,,,,,6.74727349214583,7.86081312578384,,
619.016475,,,,,,,1.34794428508854,2.39226308385215,3.14567940904465,3.88540138610723,5.39118289942635,,,,,,6.45925802689011,7.70942737947035,,
619.6165,,,,,,,1.35751721602859,2.16789776343144,3.21477215423478,4.0692407306945,5.06049665398561,,,,,,7.01231835343366,7.63067591688758,,
620.216525,,,,,,,1.35661909823015,2.25553353983239,3.42846037216575,4.0438181315828,4.74357787255033,,,,,,6.44286227603517,8.00327080405358,,
620.816525,,,,,,,1.36868868974486,2.6230785693643,3.54748628794068,4.56807624409223,5.20770137572327,,,,,,6.96825428983718,8.06795705712162,,
621.41655,,,,,,,1.17759029944573,2.46809719175208,3.81698153613359,4.859041205813,5.08454101833113,,,,,,6.47238779932181,7.64664713088817,,
622.016575,,,,,,,1.04529599407051,3.04723457336611,3.56720142784427,4.73391624710717,4.56364813377717,,,,,,6.67171671042628,7.9227285216554,,
622.616575,,,,,,,1.29889476844703,2.11872879256387,3.14742966605835,4.27179488157275,4.44086110498689,,,,,,6.65179183855746,8.20709056657702,,
623.2166,,,,,,,1.23130970273994,2.48820121138938,3.04700581240098,4.58633667773264,5.22087002804627,,,,,,6.28871933631765,7.63336799277684,,
623.816625,,,,,,,1.12404667839006,2.2993811711018,3.27696798758693,4.4642213575151,5.17104107472557,,,,,,5.95132201878209,7.25602543269372,,
624.416625,,,,,,,0.848295109351756,2.81606057597853,2.91248184215957,3.94587567307636,5.85071455678903,,,,,,6.3581141029436,7.80129160797167,,
625.01665,,,,,,,1.67990147983741,2.47143507377964,3.13313958172099,4.30255228337965,5.07386840801203,,,,,,6.16677646687331,7.87338383039103,,
625.61665,,,,,,,1.13378880741883,3.06204881234552,3.19860824266563,4.18866322385854,5.62638567916357,,,,,,6.70446100171488,7.25638123486273,,
626.216675,,,,,,,1.50977348629508,2.89686691495006,3.23351694699152,4.47341178929536,4.90496061943838,,,,,,6.21086622967553,7.87288870071686,,
626.8167,,,,,,,1.44441078922618,2.00175438668745,3.33895535578351,4.3857491067176,5.01891656716821,,,,,,6.79027255607091,7.62394852505235,,
627.4167,,,,,,,1.48540863683368,2.44316639553864,3.2652931570148,4.19601983295775,4.86500179627087,,,,,,6.15338494758429,7.60199010050599,,
628.016725,,,,,,,1.78334162497629,2.1762039417084,3.57890864536831,4.11624830282178,5.79261899822627,,,,,,6.33843086556567,8.00724125141528,,
628.61675,,,,,,,1.10332461849051,2.05517711681948,3.17272188105258,4.27860198991953,5.34286053649473,,,,,,6.33635519715018,8.0272278217793,,
629.21675,,,,,,,1.25007893732908,2.40080624308843,3.41740270810668,4.38490089843243,5.06211006256054,,,,,,6.74942358602238,7.83058052075438,,
629.816775,,,,,,,1.2135456731106,2.36882652106962,3.17327119555419,4.23057250508028,5.3928337465395,,,,,,6.36526025607986,8.23101866316795,,
630.4168,,,,,,,1.3802950198597,2.21406575566929,3.22789194576522,4.14628620627379,6.08699343208108,,,,,,5.76671463545239,7.04995327026413,,
631.0168,,,,,,,1.37546896337643,1.79201924565607,3.48305750567212,4.03649503254771,5.55909313085739,,,,,,5.95632408644419,8.17631190110573,,
631.616825,,,,,,,1.55077561915181,2.30929463178464,3.07307512335866,3.79489997475022,5.20133625712797,,,,,,6.1856031554272,8.00002082123082,,
632.21685,,,,,,,1.09242914541509,1.32962160972981,3.04832593340517,3.79473704930912,5.24219476970664,,,,,,5.95692605600603,8.15863130300171,,
632.81685,,,,,,,1.9187831789968,2.06792974870247,3.34559180074548,4.11915567658193,5.38530288156465,,,,,,5.6332593183548,7.49396030335367,,
633.416875,,,,,,,1.23697664037111,1.78742649101355,3.28916198147417,4.0080794287966,4.8206520078565,,,,,,6.11091340286858,7.63169260463495,,
634.016875,,,,,,,1.70405232870677,2.21215015297404,3.40454269446749,4.5279715890941,5.20918886679304,,,,,,7.1570978276576,7.30506981899276,,
634.6169,,,,,,,1.04066515489559,1.77285131451791,3.42552759258875,4.30512397754372,5.06451191691133,,,,,,5.4330956505187,8.14552463398719,,
635.216925,,,,,,,0.889333308030854,2.77543568259928,3.52747580604171,3.96688127573307,5.4716881261621,,,,,,6.21022501500306,7.23518021175707,,
635.816925,,,,,,,1.23308013752393,1.80942222002694,3.5140209186701,4.39776986410309,4.25142614317883,,,,,,5.8439764977649,7.56423726112076,,
636.41695,,,,,,,1.29357240814752,2.79489403885107,3.44706165903262,4.37155996536909,4.74326888596729,,,,,,6.56780352495581,8.02947415609305,,
637.016975,,,,,,,1.21658777118919,2.48722289549041,3.35987982538751,4.23233343293671,5.60136894518893,,,,,,6.22222742116986,7.01111302448441,,
637.616975,,,,,,,0.748477324420415,2.50045675912338,3.43423583708161,4.06542001774682,5.44271502126039,,,,,,5.89949648228242,7.76946877946297,,
638.217,,,,,,,1.55584888048946,2.0898538570519,3.36323024067752,4.27352618430875,4.85314496497071,,,,,,6.75828990882975,8.17423963312905,,
638.817025,,,,,,,0.859703335819764,2.63099689888724,3.24959554646497,4.13675077767088,5.01311046287675,,,,,,6.54958789194131,7.04841959137267,,
639.417025,,,,,,,0.721623915780822,1.8444043862351,3.07167376947164,4.00264849761317,5.48512934158351,,,,,,5.79856291380964,7.65987891338219,,
640.01705,,,,,,,1.68234819979623,1.79924878956488,3.22650799600435,4.06166502267373,5.49645218611154,,,,,,6.37443919968232,7.84729557969185,,
640.61705,,,,,,,1.31524390239081,2.31142086905899,3.11974868088354,3.90849495174085,4.82544022916126,,,,,,5.68414740727491,7.58574905585091,,
641.217075,,,,,,,1.23937348286925,2.35095311963408,3.53240250143113,3.91630640941725,5.63939794509868,,,,,,5.87148508979596,8.01857057678005,,
641.8171,,,,,,,1.57458852030301,2.54869962277798,2.82437696489984,3.958434241901,5.61971866335035,,,,,,6.36792589146509,7.60802000119082,,
642.4171,,,,,,,1.72920587396487,2.19494784349853,3.28392885934587,3.94026901568585,4.52712009442295,,,,,,6.11701251880727,7.81790125720893,,
643.017125,,,,,,,1.57765545541586,2.75311684077785,2.96420919029432,4.41436001007855,5.09477316554381,,,,,,6.72871128736473,7.37090785511264,,
643.61715,,,,,,,1.19429113838315,2.58006886323614,3.14406445804099,4.3000297086294,5.07603664008403,,,,,,5.57147373831896,8.2108391698484,,
644.21715,,,,,,,1.23908438134977,3.15421806840949,3.36793164785544,4.12347615214024,5.83646648786021,,,,,,6.24833334860739,8.5411589266287,,
644.817175,,,,,,,1.39980057978416,2.8325685292034,3.58221426339718,4.60481099654909,5.37152195106654,,,,,,6.17521448523094,7.41586670288384,,
645.4172,,,,,,,0.918806926031352,2.52317360772742,3.33276473763799,4.60669187982665,5.87203864949957,,,,,,6.45113203329424,7.80365046874931,,
646.0172,,,,,,,1.48080265692883,2.43330896616634,3.44843499830783,4.15015954030144,5.48240274120797,,,,,,6.68465883548348,7.67085283482759,,
646.617225,,,,,,,0.960757196846462,2.21767975539479,3.1348161547711,3.88813305711449,4.47005433854756,,,,,,6.23995410926955,7.05271120813472,,
647.21725,,,,,,,1.27940954624931,2.3094339400418,3.05851296691467,3.93195575565369,5.06489658047085,,,,,,6.26615178791399,7.64575849788384,,
647.81725,,,,,,,1.68316012719033,2.69113674636999,3.6390430819109,4.36068783437861,4.45462680126483,,,,,,6.61248034210408,8.04842876622182,,
648.417275,,,,,,,1.36689760930671,3.11356247905431,3.40907615249585,4.33652955823226,4.86101227089887,,,,,,6.2065494041714,7.99167169165002,,
649.017275,,,,,,,1.52766601449202,3.67757622377091,3.85606445967223,5.29180214038522,5.25831747131253,,,,,,6.37956441682376,8.80239913942318,,
649.6173,,,,,,,1.1395816951137,2.43590661248263,3.48295825521594,4.57300263219627,4.99719778637943,,,,,,6.11071740775766,6.82093811600103,,
650.217325,,,,,,,1.43554795752647,2.22622326809666,3.78934535991891,3.99253167461806,4.51286517494691,,,,,,6.57090057513602,8.1302831587296,,
650.817325,,,,,,,1.09961938835909,2.14052455878974,3.67598718607755,4.28078286112435,5.27434899977126,,,,,,6.37616893015969,8.035974029712,,
651.41735,,,,,,,1.22499025689858,2.48717514669285,3.55638490467388,4.00859830264488,4.75031546089234,,,,,,6.87433698313967,8.4379342275291,,
652.017375,,,,,,,1.59142181305698,2.20141937606844,3.24106974150883,4.16459608616344,5.27718504959373,,,,,,6.56391247263475,8.09408949264808,,
652.617375,,,,,,,1.1829787609553,2.50333661861628,3.09791211836858,3.93867510732474,5.45971691540971,,,,,,6.25911857404111,7.77175846310567,,
653.2174,,,,,,,1.86960866447664,2.36323053087566,3.52695706530006,3.99610146589457,5.30874296720736,,,,,,6.48456609013446,7.26985408878781,,
653.817425,,,,,,,1.59105710311446,1.64183558357579,3.14037419819411,3.70398718361066,5.64540482018974,,,,,,6.7108999089342,6.92887669884561,,
654.417425,,,,,,,1.43149885956013,1.81581396318278,3.05045337980347,3.74928230628916,5.94717697114965,,,,,,6.02332088781533,7.18822567470227,,
655.01745,,,,,,,1.47869905036846,2.26539858046188,3.11503400750367,4.18399987895243,5.31076241925934,,,,,,6.20253550673921,7.16886739294908,,
655.61745,,,,,,,0.918407289004904,3.14097542308481,3.44050510471495,4.01346134021599,5.88218433167165,,,,,,6.03977367705243,7.85380324822369,,
656.217475,,,,,,,1.3328935357266,2.25444977412801,3.18625832626533,4.25046916559677,5.11865326433587,,,,,,5.82566399352072,8.29821619791628,,
656.8175,,,,,,,1.63558136906226,2.43325878263154,3.15465727882478,4.2065505795233,5.48492128162334,,,,,,6.89048214805843,7.89855561333591,,
657.4175,,,,,,,1.36371195315486,2.32199293859893,3.04126341388352,4.16854322592925,4.80192174232287,,,,,,6.42642490148236,7.57120397907862,,
658.017525,,,,,,,1.76907744667908,2.63908757818469,3.56071395843788,4.21432837446566,5.59255650417084,,,,,,6.59279769579543,7.50067239940491,,
658.61755,,,,,,,1.25941574894787,2.49810606343415,3.54646463239012,4.24274661168518,5.28702192064788,,,,,,6.21104775460609,7.81729954625954,,
659.21755,,,,,,,1.34034088634112,2.76433471604605,3.54833609564912,4.02218312098687,5.5443120897861,,,,,,6.87640256942325,8.17588814147448,,
659.817575,,,,,,,0.882838689987092,2.04266988127074,3.18730064355537,4.07535960056527,4.91354847381525,,,,,,7.08739050077538,7.9907911014761,,
660.4176,,,,,,,1.35120304033376,2.47063574654768,3.57550808300354,4.17715116156612,5.20386765637769,,,,,,6.61501243154919,7.86319660563472,,
661.0176,,,,,,,0.992429621238268,2.80757086004273,3.46705480962453,4.9297251291667,5.7868893304614,,,,,,6.26661714031678,7.58089980710185,,
661.617625,,,,,,,1.67014905402566,2.00498732970145,3.51615466110585,4.63342864401896,5.42642726833991,,,,,,6.8847301155874,7.83361547947476,,
662.21765,,,,,,,1.72843216421279,2.41150350456359,3.65336386384408,4.72593136857083,4.93571262400393,,,,,,6.39814482937868,8.07665277687591,,
662.81765,,,,,,,1.15805269655269,2.83056380563446,3.71265857101141,4.58351872815326,4.93038124515335,,,,,,6.64211600795181,7.63746309081661,,
663.417675,,,,,,,1.74730806547691,2.01686586770254,3.69803872600849,5.0461563561942,5.24527080942844,,,,,,6.26210764880666,7.99322048874137,,
664.017675,,,,,,,1.64207610492083,2.5689031070715,3.59833543344968,4.35914187272256,5.09753566121367,,,,,,6.92208846021436,8.23252376045927,,
664.6177,,,,,,,1.91059004898083,2.62996479141024,3.75754795155617,4.8148053971026,5.32783256122008,,,,,,7.00669973027176,7.88386443016374,,
665.217725,,,,,,,1.64355945421884,2.78119188922037,3.41896147618174,4.08985597471628,5.33994066775752,,,,,,5.88389099516847,8.05746608156397,,
665.817725,,,,,,,1.64621479739938,1.8750067021712,3.20964400968855,4.09073128627106,4.98535473389627,,,,,,6.3385437266832,8.23964576549221,,
666.41775,,,,,,,1.32343853903887,2.27823353082071,3.03787908860482,4.00614801366136,4.70838434909521,,,,,,6.24178474939387,7.63871747537831,,
667.017775,,,,,,,1.60067813103306,2.36314399172674,3.33531151089003,3.91344466402604,4.6640618219679,,,,,,5.85480992678914,7.59181827953505,,
667.617775,,,,,,,1.39216498188726,2.60537456484857,3.30326375392843,3.81734706034179,4.94634897181899,,,,,,6.09862076069909,7.65740619375608,,
668.2178,,,,,,,1.27430144355248,2.68003659909787,3.30048991712891,4.22147548850923,5.68503890235601,,,,,,5.98465205905526,7.74198297451124,,
668.817825,,,,,,,1.14611680352634,2.31161154752062,3.7297672246793,4.21043373296048,4.78643080793726,,,,,,5.88682259701322,7.73962965292602,,
669.417825,,,,,,,0.877192852638777,2.07153046178717,3.54587943569861,4.52548139033303,5.59842097920422,,,,,,6.6684092937603,8.2873801799805,,
670.01785,,,,,,,1.54220163561546,2.7259428182385,3.38639241873037,4.74864298298765,5.75756491935077,,,,,,6.50182871154246,7.34593325397686,,
670.61785,,,,,,,1.17121093277069,2.59955346055218,3.3702410175935,4.40576849413715,5.15392976870514,,,,,,6.7166451763657,8.61243873201428,,
671.217875,,,,,,,0.765583310524655,2.03691038338069,3.62350772332727,4.17039788058989,5.26123081533093,,,,,,6.41176856032867,7.43781996957078,,
671.8179,,,,,,,1.68257472387075,1.95210203657758,3.61281712694781,4.16786355138781,5.24889887494274,,,,,,6.09770022340974,7.86110455727979,,
672.4179,,,,,,,1.12750582229841,2.58437131036252,3.62903325207508,3.96841840401166,5.68046346729125,,,,,,6.39698370698472,7.90555927393755,,
673.017925,,,,,,,1.11374177490984,2.36041099571331,3.27998244753307,4.45503461713365,5.44832503446213,,,,,,6.16676835374333,8.16390800365549,,
673.61795,,,,,,,1.30555598535188,2.4872316373719,3.44177953820563,4.27304517894931,6.06143658581033,,,,,,6.70913913606508,8.0743621078073,,
674.21795,,,,,,,1.5910005748158,2.60501192050206,3.59142269981462,4.39360477308306,5.70576908759842,,,,,,6.35799323540106,7.79019042586602,,
674.817975,,,,,,,1.35803148439243,2.45584125391996,3.5172421531912,4.65847970477522,5.04239593243294,,,,,,6.60511762185178,7.51103988092775,,
675.418,,,,,,,1.19648926948577,1.92420658224058,3.20510656754646,4.11031816131184,5.07708755432607,,,,,,6.42289163186589,8.33582645455509,,
676.018,,,,,,,1.55558174821524,1.7751179201508,3.23151073145214,3.87165819086462,5.73317013605741,,,,,,6.17651207325538,7.72882556340715,,
676.618025,,,,,,,1.30486902252745,2.02859018363446,3.07710451752726,3.54616439312114,4.35049221748058,,,,,,6.49994601632359,7.79828726164348,,
677.21805,,,,,,,1.35058250862586,1.47187793962328,2.95707752842225,3.54488752782373,4.50489294646357,,,,,,5.98496891930781,7.53565196735132,,
677.81805,,,,,,,0.838260945801904,2.2402764593755,3.02189672467314,4.2791009199344,5.06307255614624,,,,,,6.5393654200848,7.83880972053101,,
678.418075,,,,,,,1.76938324176277,2.11555392524763,3.30870393648159,4.28656442014391,4.78943252275397,,,,,,6.2066526782954,7.8701906490287,,
679.018075,,,,,,,1.06820051748139,2.65125904166785,3.38010854342495,4.06211098891751,5.28632383829174,,,,,,6.35279421225852,7.39470849474098,,
679.6181,,,,,,,1.09756772524673,2.64408175380386,3.64559824094597,4.49634269827187,5.16485962623791,,,,,,6.64807035058887,7.49536362263083,,
680.218125,,,,,,,1.47418577070503,2.16654457989182,3.72061493102721,4.52832720188355,5.35949904235439,,,,,,6.65908237082515,8.25876844703041,,
680.818125,,,,,,,1.69581629905697,2.25463730754959,3.48369752230842,4.71984902630333,5.20640517585596,,,,,,6.19650968623205,8.01535406880409,,
681.41815,,,,,,,1.7850305211939,1.69592581145821,3.38299200800511,4.31363012871349,5.49214006328407,,,,,,7.28952737377903,7.29886189514089,,
682.018175,,,,,,,1.21446548160233,2.1058834167362,3.40032511576192,4.50354154665026,5.2546374770607,,,,,,6.18624691708411,7.85957587478808,,
682.618175,,,,,,,1.39205548942139,2.31139804707075,3.29584926187738,4.23154823292062,5.39601647612332,,,,,,6.02247970618909,7.76861095993505,,
683.2182,,,,,,,1.00079419979177,2.51714986309528,3.71377027948306,4.33142568542548,4.82847100507768,,,,,,6.15550302869596,7.52721398133553,,
683.818225,,,,,,,1.10816183232132,2.23125116748805,3.32999351695961,4.71294988522076,5.77499913550499,,,,,,6.34486566020684,7.71526371430355,,
684.418225,,,,,,,1.50107144537413,2.76466245031356,3.59798989022601,4.78383543201657,5.42180455421625,,,,,,6.56654064612789,7.44602667604827,,
685.01825,,,,,,,1.49855967287862,2.55032382930306,3.94925626238155,4.69158713521771,4.89335510122684,,,,,,6.7489626080791,8.16493335975954,,
685.61825,,,,,,,1.50633817615225,2.65616159244121,3.44836266326979,4.68425082519233,4.628290637229,,,,,,6.77895972186879,8.65921851274729,,
686.218275,,,,,,,1.4074811896872,2.21000077305972,3.37564953197359,4.23689229701443,4.8259642705671,,,,,,6.32673572872941,7.34154260069273,,
686.8183,,,,,,,0.857835155010817,2.30209938649597,3.45305824885926,4.12274639411724,5.01417852495595,,,,,,5.67465960868106,7.15896781194868,,
687.4183,,,,,,,1.67790842821757,2.63606619676976,3.3373935996574,4.15778785730914,4.91654247917916,,,,,,6.22758368741279,8.06854873009427,,
688.018325,,,,,,,0.626435267609273,2.29081405204771,3.55492129334015,4.35793660438105,5.42157800476538,,,,,,6.64820314497649,7.48531361396296,,
688.61835,,,,,,,1.61182154089008,2.21489961192384,3.4279067762648,4.00675259468424,5.49852138283853,,,,,,6.08664807911146,7.59296715600275,,
689.21835,,,,,,,1.63546976610467,2.73626344566679,3.21122752007914,4.04915813030272,4.95554797867211,,,,,,6.45602353885877,7.42277687923654,,
689.818375,,,,,,,0.935717751983852,2.18606273970458,3.49124429917147,4.71143484350687,5.06654393172633,,,,,,6.47501925162784,8.1608532379988,,
690.4184,,,,,,,2.09033021369833,2.29530173324034,3.33371542539186,4.24430308677568,4.70202110898022,,,,,,6.53030189308032,8.22219050590639,,
691.0184,,,,,,,1.71064687966432,2.53659946454489,3.1961773072531,4.10076042559438,4.6786291570613,,,,,,6.75734380806025,7.94279034750203,,
691.618425,,,,,,,1.98704187590961,2.74425853202595,3.43456194731386,4.5299335738194,5.5849574438948,,,,,,6.31552077821119,7.25575973737301,,
692.21845,,,,,,,1.50572849912267,2.66207680854332,3.38933404306664,4.3882946395659,4.96389408132028,,,,,,6.49375835607755,7.46881004367734,,
692.81845,,,,,,,1.0642192422912,2.36965875479302,3.58416859268705,4.52508849968989,5.55345397933485,,,,,,6.67171433602533,7.81082673008698,,
693.418475,,,,,,,1.25012988839177,3.23193019727313,3.42333362862805,4.49758825157752,4.58684517225309,,,,,,6.49644767369831,7.96805547118466,,
694.018475,,,,,,,1.13055302525999,2.0298255420072,3.27201606044794,3.85128027432006,5.41828710210646,,,,,,6.52621949190827,7.8221601884691,,
694.6185,,,,,,,1.20428508054526,1.74046860442875,3.12286981569075,3.50050654863879,4.5882275871096,,,,,,6.31812980317845,7.60331668188032,,
695.218525,,,,,,,1.28147781124933,2.50531027608807,3.21066417848584,3.70317754726465,5.24414946303388,,,,,,6.12695552487823,7.81068299344342,,
695.818525,,,,,,,1.03924918132907,2.50417108107605,3.33062529749705,3.98474846979988,4.99215374953526,,,,,,6.27711668146803,7.82800035668001,,
696.41855,,,,,,,1.61098532988642,2.93367653695891,3.34319977995822,4.40813111859458,4.91683865869092,,,,,,6.87827358515864,7.58747899437452,,
697.018575,,,,,,,1.3995793014552,2.69680885826796,3.30023886364155,4.41358475004149,4.59835720182137,,,,,,5.93674773342166,7.34173741393823,,
697.618575,,,,,,,1.21262996187204,2.7002742193751,3.69587622844479,4.90936834351347,5.1598562181882,,,,,,6.56592869811316,8.12330315486739,,
698.2186,,,,,,,1.8215677993011,2.70474492617259,3.71451455617391,4.60751287870441,4.95385730823505,,,,,,6.45071516373851,8.06849492713005,,
698.818625,,,,,,,1.74813427613897,2.25010498970444,3.7728228334121,5.01950549323717,4.60233054129485,,,,,,6.43604033431635,8.15933105023816,,
699.418625,,,,,,,0.951633658487042,2.48210250753362,3.83627173847882,5.08487535187234,5.19891240260321,,,,,,7.02443434663343,8.55432117980423,,
700.01865,,,,,,,1.98886130798626,2.30408316033791,3.50884581600282,4.63111684838045,4.20652959338491,,,,,,6.41703997126329,8.10215333308533,,
700.61865,,,,,,,1.0015937130378,2.14959694009304,3.30497924660807,4.22912726674695,5.17361888092377,,,,,,6.49221373860689,7.45500564803333,,
701.218675,,,,,,,1.19413047305067,1.26399356949126,3.47035981275692,4.46482781498739,5.61663622169921,,,,,,6.24607386055732,7.18223153014061,,
701.8187,,,,,,,1.41486948121516,2.16692371062234,3.14467348971393,4.6464570155604,5.6350129751212,,,,,,5.65369185001048,7.72673417378414,,
702.4187,,,,,,,1.35291177373199,2.94052301989199,3.44292130494766,4.46041882350382,4.82985679788475,,,,,,5.80398979747485,7.40573062158315,,
703.018725,,,,,,,0.952735916901795,2.23274607360465,3.49705322259931,4.60619039810434,5.11532307038654,,,,,,6.61597356274866,7.28397257346787,,
703.61875,,,,,,,0.845880233428374,2.56881728626719,3.57473961113483,4.67588987022444,4.47778242505264,,,,,,6.45995050120511,7.82295879320009,,
704.21875,,,,,,,1.84222696571794,2.26519245043311,3.52691744835935,4.52266778416926,5.27441782656787,,,,,,6.79977623199484,8.2141696066528,,
704.818775,,,,,,,1.0709293659502,1.82606018589246,3.37440966465117,4.40770424344095,5.36653681385496,,,,,,6.55912855826038,8.26894905485653,,
705.4188,,,,,,,2.41830416967726,2.46092928204468,3.52841379439202,4.59765111949498,5.55567715140189,,,,,,6.43313131259509,7.51837554060332,,
706.0188,,,,,,,2.02056793119261,2.35911064976705,3.2689931599823,3.95643232347276,5.11195913873015,,,,,,5.80747017711584,7.7212425239068,,
706.618825,,,,,,,1.6753063417754,1.680181777769,3.14014416975554,3.91392630201549,5.46722275016384,,,,,,6.6601592488791,7.79907345885548,,
707.21885,,,,,,,0.924221592281496,2.41618015421462,3.61111846527071,4.3347107466892,5.03353634711637,,,,,,6.43954948882458,7.88617791225993,,
707.81885,,,,,,,1.53708779445546,1.55540040922633,3.4116822800179,3.9463142559409,4.99052258639499,,,,,,6.87950466035881,7.33950722444457,,
708.418875,,,,,,,1.59276038171291,2.48882063575221,3.3531844113209,4.20594923415485,6.33346856558284,,,,,,6.68625738833132,7.31471613562264,,
709.018875,,,,,,,1.20793435871599,2.32193374521405,3.61120219162699,4.26682830246966,4.65553299012885,,,,,,7.20067870013703,7.78814409575366,,
709.6189,,,,,,,1.78100020513627,2.95629172660284,3.47668269998484,4.28035299601854,5.24701447842441,,,,,,6.09824000266126,7.80649963628944,,
710.218925,,,,,,,1.84465991019304,2.64917243943949,3.50131123441159,4.43252292755464,5.45572390389609,,,,,,6.83292941010644,8.44982037862503,,
710.818925,,,,,,,1.07082888848457,2.54973927698067,3.67535728902853,4.36970675090862,4.77161824665965,,,,,,6.71944419549092,8.07982731597183,,
711.41895,,,,,,,1.03843463712521,2.76982894584534,3.26212234632534,4.34333996898924,5.03012059070394,,,,,,6.45137692931253,8.38064935781324,,
712.018975,,,,,,,1.00899214042813,1.8940051274797,3.15515533068916,3.7822593620737,5.34744871613425,,,,,,5.93565209436435,8.63384469468307,,
712.618975,,,,,,,1.34962345468996,2.69782261796314,3.2955152335928,3.80442667883585,5.55313662199878,,,,,,5.99065315585367,7.60464591469454,,
713.219,,,,,,,1.47462055284794,2.62599553203938,3.6788878332619,4.24250212390413,5.27379379185738,,,,,,6.55005157583923,7.85948343760216,,
713.819025,,,,,,,1.19215891562071,2.65665044286209,3.54800739268207,4.40589397775586,5.10893545644482,,,,,,5.88666089991062,7.48350314503148,,
714.419025,,,,,,,0.989866578059074,2.00392690831025,3.23833162702556,4.45210876842472,5.04374279598198,,,,,,5.80014485537707,7.7547574485119,,
715.01905,,,,,,,1.26604229413775,2.33222348856785,3.42752589143862,4.25440697123516,5.30528806639,,,,,,6.15494707163603,7.44201534602718,,
715.61905,,,,,,,1.16702586779901,2.13430289834921,3.66210772742776,4.33453728448749,4.73096592168448,,,,,,5.95452832617689,7.3369152444718,,
716.219075,,,,,,,1.00284045937954,1.95334765112883,3.28335175851561,4.49401974903004,4.886132223171,,,,,,6.31981307731047,7.63877573725174,,
716.8191,,,,,,,2.18546055549997,2.55810899803688,3.48816318892347,4.86190688521296,5.4115566448449,,,,,,6.76207069354407,8.04062494826127,,
717.4191,,,,,,,1.31309514013409,2.96854104328547,3.48323028342406,4.33921909287062,5.3245882587276,,,,,,6.36051644603627,7.64926350834414,,
718.019125,,,,,,,0.703465946385797,2.16696427875117,3.30333434971247,4.21995455089999,4.83692402344555,,,,,,6.56048129914738,7.27556383595632,,
718.61915,,,,,,,1.49407018435964,1.89738183512664,3.4580436716685,4.27550891904827,5.41393561056222,,,,,,6.46230616856668,7.55089963156154,,
719.21915,,,,,,,1.23896103470853,2.41324426654093,3.17510286829976,4.35894839591145,5.37895013526947,,,,,,6.14193964295919,7.40627218516177,,
719.819175,,,,,,,1.59437988655138,2.83103946706965,3.34390905277022,4.60826854364775,5.67492230636847,,,,,,6.98892143779116,7.40657363918533,,
720.4192,,,,,,,1.71563348240166,2.66374799089742,3.57277063897739,4.30572971112341,4.82598701971597,,,,,,6.08969039962575,7.48965944793951,,
721.0192,,,,,,,1.4521909761318,2.24711312537047,3.30484720127769,4.81379964807331,5.17820638804499,,,,,,6.59234705366414,7.43860282732967,,
721.619225,,,,,,,1.61038233462399,1.74091198802087,3.4449709348656,4.50956788919826,5.64981532944617,,,,,,6.26170369431014,7.51553070063354,,
722.21925,,,,,,,0.993470345429187,2.40052880172314,3.6427011743497,4.54207169112308,5.11960119557737,,,,,,6.26435645089738,8.32140643878618,,
722.81925,,,,,,,1.47138561551236,2.2425973479137,3.73765866413041,4.50349405176793,5.16281051702174,,,,,,6.23776813316218,8.13543402393075,,
723.419275,,,,,,,1.20389342853044,2.55537709318756,3.35760710989796,4.36410477843732,4.9274855168993,,,,,,6.26364533014334,7.56516951481973,,
724.019275,,,,,,,1.64551322253487,2.73893940565071,3.65230574825185,4.25911954943738,4.91958295713672,,,,,,5.85200256471032,8.07650780309999,,
724.6193,,,,,,,1.55412758733745,2.2470012033789,3.27815073459651,3.96929207024347,5.51199584869534,,,,,,6.63715356214987,7.02359379628996,,
725.219325,,,,,,,1.6040802487957,2.31448015487654,3.4325474772522,4.62999750955342,5.84760013364453,,,,,,6.6301403883642,7.98590262175227,,
725.819325,,,,,,,1.10280978396939,2.3643298947044,3.31824736732668,3.99844900675752,5.01835316363447,,,,,,6.20538182458624,7.64975677946997,,
726.41935,,,,,,,1.22480721840565,2.33197369467835,3.38566986857783,4.54737706545602,5.42170499637526,,,,,,6.23933707358355,7.99634452922103,,
727.019375,,,,,,,1.54928196104212,2.30744776489784,3.51752139734666,4.66536236672059,5.36027849688575,,,,,,7.02134566089957,8.45456298288103,,
727.619375,,,,,,,1.58902090894703,1.93453282603727,3.28102574551056,4.29044540451178,5.00724309412521,,,,,,6.19584464900253,7.84192886258878,,
728.2194,,,,,,,1.96089052509406,3.2389163165601,3.40990818635526,4.25015077562819,5.02104577061927,,,,,,6.51454456710043,6.55517143802504,,
728.819425,,,,,,,1.37430593604793,2.27619937656561,3.49990712336423,4.38344545716735,5.47738637329649,,,,,,6.37886057773674,7.81578982023547,,
729.419425,,,,,,,1.06388757237497,2.43296505615718,3.33074639349411,4.1286309103706,5.29111489962446,,,,,,6.29379714919028,7.61627108135324,,
730.01945,,,,,,,1.64066637566892,2.39775575586647,3.23948684705756,4.12715644302796,5.52718253079018,,,,,,6.77681797353168,8.05187083775877,,
730.61945,,,,,,,0.96674943910426,3.0746286371844,3.45074720234224,4.394093806035,4.58455752215785,,,,,,6.1689591667961,7.82012124793973,,
731.219475,,,,,,,0.981405729102704,1.7973528857671,3.31299401545426,3.8176373498575,5.55691195528738,,,,,,6.04163883874702,7.77575342271214,,
731.8195,,,,,,,1.22176465975652,2.14304617163644,3.3275294654443,4.13943128874253,5.40933837149078,,,,,,5.9393155629505,7.40171646249257,,
732.4195,,,,,,,1.57334106778185,2.23899299295372,3.21513923753355,4.12729276095392,5.36725307574966,,,,,,6.29662613160682,7.56170352056706,,
733.019525,,,,,,,1.12270399990453,2.87237062663913,3.51574786767284,4.11120466671012,5.70211424568292,,,,,,6.98589842997352,7.854348315169,,
733.61955,,,,,,,1.83349205249204,2.24559707032207,3.71925301355654,4.34462544174598,5.04940342174957,,,,,,5.82391091812127,7.9249758751426,,
734.21955,,,,,,,1.57585621334595,2.39552626979423,3.5239042983052,3.9771627622006,5.33513088084294,,,,,,6.7917805841743,7.21686061008747,,
734.819575,,,,,,,1.44182118272038,2.96732696807569,3.42992949403089,4.47293957064489,4.87344108030369,,,,,,6.33955876249378,8.27195725344355,,
735.4196,,,,,,,1.36069542464883,2.3216115974759,3.50543995134313,4.74368080683407,5.66530069197811,,,,,,6.47000844568936,7.41683141015667,,
736.0196,,,,,,,1.10025902184892,2.24815729325705,3.48773858587346,4.11034807819026,4.36516698830261,,,,,,6.47109618091771,8.04395499445446,,
736.619625,,,,,,,1.25971061385094,2.28999710237682,3.5624289931792,4.62517689132572,5.90253307702502,,,,,,6.010657674262,8.009640983216,,
737.21965,,,,,,,1.67394973328514,2.1910404398176,3.29587431730297,4.18135433580589,5.46466048850399,,,,,,6.80762196128938,8.17830433280811,,
737.81965,,,,,,,1.00134212311805,2.74975538694282,3.40379934112396,3.79734315356718,5.32943421375275,,,,,,5.6822359770809,7.90836955556336,,
738.419675,,,,,,,1.08742799810433,2.79946613865887,3.61522717522525,4.1189422816142,5.17839416909626,,,,,,5.88813130500574,7.39137714943912,,
739.019675,,,,,,,1.07283895461023,1.87880361467923,3.60678546073718,4.60581144337213,5.6833689260456,,,,,,6.74194657338653,7.93777978079066,,
739.6197,,,,,,,0.982412644348937,2.38746346509489,3.1515887288447,4.26083864611095,5.61095416451795,,,,,,6.68359358841366,8.01861072658817,,
740.219725,,,,,,,1.6598723784193,2.27606409280876,2.96131880930775,4.42902161064977,5.85916329641349,,,,,,6.26530084359557,7.83603214975626,,
740.819725,,,,,,,1.50016696773531,1.86724427580419,3.50365089394211,4.9443177079642,5.10566349480419,,,,,,6.59580663677315,7.4799140032567,,
741.41975,,,,,,,1.21272301988885,2.37699073698021,3.1925135042972,4.5001488708683,4.79890519478813,,,,,,6.67743072260869,7.91421570377885,,
742.019775,,,,,,,1.68638671970261,2.49833876362478,3.3989993923418,4.61965198202083,4.6801885001243,,,,,,6.08387308975978,8.09318003478421,,
742.619775,,,,,,,1.35234123386617,2.34357485525488,3.60978702665718,4.69369195908164,4.4812486949295,,,,,,6.37791749875843,8.35407780979723,,
743.2198,,,,,,,1.45821240887178,1.75305211319781,3.51962639569017,4.35259685326488,5.40846619394286,,,,,,6.27299379880133,7.72749416753063,,
743.819825,,,,,,,1.12573245986664,1.97616123570687,3.25673389547496,4.24590188912418,4.9004513908082,,,,,,6.85695824440097,7.66551475171776,,
744.419825,,,,,,,1.54938499862583,2.72623090840672,3.36949277826668,4.01598781662236,5.08049784945484,,,,,,6.16856138341311,7.68161097560011,,
745.01985,,,,,,,1.78107173783757,1.91613344041956,3.56226956228034,4.07623878701872,4.28037312523206,,,,,,5.93221074567359,7.35284910960405,,
745.61985,,,,,,,1.26700156425309,1.61036424476236,3.15541843640007,3.61391946939042,5.19997662108402,,,,,,6.51059600795697,7.00802000234402,,
746.219875,,,,,,,1.77461090858447,2.5107744578098,3.51499356517983,4.00240144947548,5.628253742019,,,,,,6.58282329602951,7.45530996261096,,
746.8199,,,,,,,1.56469481448635,2.19864269526079,3.44602556221637,4.22659107672497,5.21853556668894,,,,,,6.37397563091241,7.59032380200422,,
747.4199,,,,,,,1.14322140979855,2.36491648374318,3.61478457420533,4.25543827298188,5.21692781741856,,,,,,6.4904787207217,7.7298727009715,,
748.019925,,,,,,,1.99153815383772,2.40552835541884,3.58803350085346,4.14784179260396,5.12677075861782,,,,,,6.91157647752691,7.70643357329165,,
748.61995,,,,,,,2.03085501808629,2.33926268864343,3.49222613816932,4.49331492404849,5.66510432160205,,,,,,6.22789271887199,8.18103786954168,,
749.21995,,,,,,,1.40414816248409,2.4359999508396,3.65473321360023,4.43076522774653,5.21790814518488,,,,,,5.77181678759555,7.90632752951673,,
749.819975,,,,,,,1.46108368943169,2.71689280384582,3.18393178939119,4.42819309453695,5.20663004883508,,,,,,5.946980433397,7.63876877750858,,
750.42,,,,,,,1.81072104537071,2.71557457303731,3.60313521148386,4.55523792389071,5.22757458559409,,,,,,6.35195125345021,7.75528928961904,,
751.02,,,,,,,1.78176890193207,2.22171690621631,3.42644691471205,4.72950649374525,5.92826439003109,,,,,,6.63025574359811,8.26968522718504,,
751.620025,,,,,,,1.19629975037854,2.10050091277692,3.56883933732803,4.28874336036489,5.22992595503483,,,,,,6.18380322270072,7.75908433009123,,
752.22005,,,,,,,1.33063042207787,2.18425646524778,3.50899702452562,4.10852827803176,4.68974063962533,,,,,,5.976263185871,7.95087692107514,,
752.82005,,,,,,,1.67387864218154,2.04243945329155,3.43780024845611,4.01285660221204,5.6531797307022,,,,,,6.09794638993014,7.18885817991194,,
753.420075,,,,,,,1.43815939856239,1.70949959964791,3.33427360488656,3.95409737576789,5.19782674101712,,,,,,5.89807635017318,7.92432877335921,,
754.020075,,,,,,,1.50597760821035,1.98390401818836,3.87878970203629,4.14857203787791,4.98462437681812,,,,,,6.75768850321553,8.10230912104286,,
754.6201,,,,,,,1.52085419962552,2.03556096771483,3.38518341362074,4.16962156251674,4.91286952052391,,,,,,6.3303474376598,7.83136769576272,,
755.220125,,,,,,,1.34326503984052,2.05604868831206,3.1809749547371,4.28152087688436,5.04564576662114,,,,,,6.45214726182395,7.64059065215772,,
755.820125,,,,,,,1.51714299748859,2.39028585246264,3.62953044499159,4.21779660664325,5.83328910113883,,,,,,5.99844062295638,7.67032704110867,,
756.42015,,,,,,,1.82997176682238,1.68216197864984,3.59038764663788,4.20980652405222,4.93525415452309,,,,,,5.57983698080715,8.12408981453579,,
757.020175,,,,,,,1.39584900704264,2.04917240337947,3.45049704749613,4.20336042555709,4.82297542011883,,,,,,6.65077594714258,7.74459225308125,,
757.620175,,,,,,,1.47279226972622,2.58363593033862,3.61194073693401,4.4281650287557,4.61216447345417,,,,,,6.37377973933344,7.62483411471437,,
758.2202,,,,,,,1.62599548644659,2.32365449795677,3.15812719738812,4.2282499840596,5.29696534599941,,,,,,6.78425053791945,7.8645208886916,,
758.820225,,,,,,,0.846816613784317,2.05008458418228,3.23407714938734,4.35478952335466,5.94366901504443,,,,,,6.10300815122335,7.58295188303278,,
759.420225,,,,,,,0.116621220693593,2.42664874075607,2.95450324385492,4.25432388078554,5.58264297405249,,,,,,6.54566462414089,8.01174192069986,,
760.02025,,,,,,,1.5521929271179,2.20601960975959,3.49779605104494,4.69549970258212,5.59984618637917,,,,,,6.09773069328944,8.11763003717868,,
760.62025,,,,,,,2.53126801890975,2.1520748593781,3.44278567232569,4.41515147549614,5.56575886032569,,,,,,6.8958142900135,7.36606405650357,,
761.220275,,,,,,,1.58652487090761,3.16538113588803,3.3478121730291,4.3678105741441,5.72314880598536,,,,,,6.80657817488869,7.76694204801575,,
761.8203,,,,,,,1.0066059831625,2.44033126917803,3.55239907899699,4.41750471905197,5.03880284919149,,,,,,7.54840623061531,7.55868982091509,,
762.4203,,,,,,,1.18018561067663,2.66586918580064,3.28420167575446,4.78626732316873,4.67893276116282,,,,,,6.06025864396975,7.22221741407116,,
763.020325,,,,,,,1.21589079964789,2.37883179583303,3.17759904396998,4.11476982153561,5.47210141817022,,,,,,6.3572050500093,8.10608643308071,,
763.62035,,,,,,,1.41430800843329,3.14248006921291,3.74568449757971,4.41294512986986,5.33974816057362,,,,,,6.61246771798269,8.0656886336343,,
764.22035,,,,,,,2.17543615050751,1.84691638682701,3.63734729978157,4.57069017951297,6.00081049433413,,,,,,6.69265669661802,7.50399216220917,,
764.820375,,,,,,,1.30452064205453,2.2283151350164,3.58135935668008,4.16522404608566,5.27233730960175,,,,,,6.75323320063476,8.0940219013732,,
765.4204,,,,,,,1.80705245861381,1.88840319264542,3.74953521700306,4.29005236213992,5.35264681593434,,,,,,6.40024616953272,8.08568331966359,,
766.0204,,,,,,,1.35708041316622,2.32470345349343,3.35125038805627,3.9879640299881,5.55261267416136,,,,,,6.33554761414561,8.06981999205349,,
766.620425,,,,,,,1.5067196979428,2.45320823840232,3.25158656562889,3.70858077360665,6.11015675631858,,,,,,6.05524955372849,7.47196136510776,,
767.22045,,,,,,,1.57493148899792,1.89284932853723,3.20901760221856,3.97353418592576,6.05475874215806,,,,,,6.31438934624698,7.32455117438252,,
767.82045,,,,,,,1.1622897393011,2.01046445854457,3.30908871916489,4.06639261778243,4.61482127936138,,,,,,5.65783195337001,7.40097229719575,,
768.420475,,,,,,,1.27941022579503,1.95969018090964,2.95451331371819,3.94438496127648,4.62136128708488,,,,,,6.05336810404338,8.29413693438724,,
769.020475,,,,,,,0.89093346656435,2.36137977465344,3.24749788740992,4.60343558178,5.00545314538041,,,,,,6.79183332770595,7.5513524214096,,
769.6205,,,,,,,1.40844908016604,2.43015049851156,3.41893175814717,4.61314924901072,5.43664932034237,,,,,,6.56278584152643,7.05188135764098,,
770.220525,,,,,,,1.29664012476963,1.83585145332693,3.17809692634386,4.03074547953057,5.59488012234393,,,,,,6.32195307886159,7.76361198738837,,
770.820525,,,,,,,2.00669719065552,2.28324415884648,3.39875218080323,4.66090274823792,5.32767315818543,,,,,,6.66136744974421,7.96172564407211,,
771.42055,,,,,,,1.09639728568069,2.2254161466673,3.29217356251924,4.64792057146138,5.15935665075802,,,,,,5.98831104912139,7.82174955843708,,
772.020575,,,,,,,1.63525905700362,2.55945582499898,3.57369938704054,4.48085269563712,5.60342112196654,,,,,,5.90633033167103,7.68106052859939,,
772.620575,,,,,,,1.11592603166745,2.22041391362826,3.74617217226956,4.37592145888728,5.50710040617218,,,,,,6.67882772740516,7.74451570631178,,
773.2206,,,,,,,1.76986639674062,2.65201669472411,3.24942013047745,4.27209331926792,5.48512483766472,,,,,,6.85130048219693,7.33717126902513,,
773.820625,,,,,,,1.70435416738341,2.24079543434201,3.39514884262151,4.04932057616213,5.66004503058385,,,,,,6.51228966597192,8.49565725542926,,
774.420625,,,,,,,1.35536995218371,2.26296100379676,3.20805426027727,3.78201193466591,5.27673558231539,,,,,,6.12242554388135,7.88495486997631,,
775.02065,,,,,,,0.902333697303178,1.88228364066339,3.54676551226519,4.20601362644295,4.9594156804258,,,,,,6.29044388329124,8.25313236135542,,
775.62065,,,,,,,1.34118280400446,2.98443363025934,3.5395220861963,4.68432464150114,5.44494940652297,,,,,,5.8054556489248,8.04225163857729,,
776.220675,,,,,,,1.03496784840188,3.22698436539644,3.56404444105879,4.36143539000546,4.58597769566428,,,,,,7.56971637194153,7.449713879211,,
776.8207,,,,,,,1.94042730993598,2.37369656615575,3.43151989800627,4.73104850462563,4.90357101552141,,,,,,6.6872946795983,7.87693731582151,,
777.4207,,,,,,,1.50857349776197,2.66028074390224,3.5165248676898,4.49080898514556,5.20396563971558,,,,,,7.15965184152251,7.51562262208762,,
778.020725,,,,,,,1.47922231963946,2.62224205928509,3.61208488304917,4.97352219255813,5.70620627066039,,,,,,6.59472082369648,7.36453766095311,,
778.62075,,,,,,,1.83272085934921,2.62361393564724,3.72019984763778,4.52920731123411,5.37570478371383,,,,,,6.76712263130953,7.96648899506001,,
779.22075,,,,,,,1.01657184978916,2.88075205355221,3.264932343509,4.92855327561433,5.2905609821651,,,,,,6.30260841245552,7.8160397938941,,
779.820775,,,,,,,0.792439773919899,2.09744340497159,3.44480133006982,4.44317852129237,5.57513488962977,,,,,,6.38820739602253,7.46559052720187,,
780.4208,,,,,,,1.17337413963118,2.30442717436047,3.40799040886152,4.02428232794951,5.3271692976372,,,,,,6.72151368267785,8.29362601015987,,
781.0208,,,,,,,1.82694603832812,1.93209552014604,3.43345365545323,4.25240566371614,5.14569621863109,,,,,,6.32394434572487,7.63879943434839,,
781.620825,,,,,,,1.38122001576995,2.01178128772425,3.37072339026275,4.05977480369104,5.37132531716695,,,,,,6.3203974748233,8.30563712291461,,
782.22085,,,,,,,1.36641950806899,1.9109342918364,3.680459452937,4.56903533656025,5.14178002899667,,,,,,6.69294788475087,7.76291431487916,,
782.82085,,,,,,,0.712459456873505,2.11483401533911,3.47320084978237,4.78347130500423,5.40953564335446,,,,,,5.74693490024823,7.74393480070087,,
783.420875,,,,,,,1.86267404562545,2.80820156032375,3.79879216160879,4.69602572363589,5.45866524210639,,,,,,6.04766591968363,7.44856740442365,,
784.020875,,,,,,,1.2543790867419,2.82416023870403,3.37050312901328,4.12257880150123,5.13538101150385,,,,,,6.45228840489377,8.33662796072807,,
784.6209,,,,,,,1.20054072340412,3.02505248025914,3.66520597043465,4.63522469723678,5.09345441039892,,,,,,5.84678415154717,7.40186245049044,,
785.220925,,,,,,,1.49699700740941,2.52945733487303,3.78883725373262,4.51023032606703,5.0733454368921,,,,,,6.59600860756349,8.03452602383008,,
785.820925,,,,,,,1.75519863620651,2.63821481869924,3.48672027707729,4.45117239040126,5.39938163903787,,,,,,6.37047504107585,7.6836281261431,,
786.42095,,,,,,,0.835451359486502,2.86857898296224,3.74915752187179,4.98006148522409,5.07276373840929,,,,,,6.6767236432032,8.080769055257,,
787.020975,,,,,,,0.692214466689665,1.91220475187455,3.27719847856934,4.04700385653123,5.60813419004607,,,,,,6.95505386650583,8.36603480312999,,
787.620975,,,,,,,1.19499692476489,2.37314564157298,3.66705239355677,4.57339360845775,5.367163263881,,,,,,7.03626561002269,7.66949079995078,,
788.221,,,,,,,0.927810756619273,2.05749725038952,3.85068313907685,4.33867834107656,4.54222867702218,,,,,,6.53231704261907,7.97065073504351,,
788.821025,,,,,,,1.15765856699542,1.401104382431,3.42924980643521,4.46121175008964,4.93526571657817,,,,,,6.28533167647127,7.80566957352201,,
789.421025,,,,,,,1.39719875758637,2.34012965221244,3.56287621306616,4.70184301329788,5.1749006522224,,,,,,6.55992702264472,7.92960229765964,,
790.02105,,,,,,,1.12784397464663,2.43489711792777,3.60788722674944,4.58099920186745,5.18386104735066,,,,,,6.73059507457077,7.5792242067011,,
790.62105,,,,,,,1.41962386485794,2.56102003461811,3.47347745792309,4.51261836138975,5.83744196503925,,,,,,6.73341377133122,8.08622080317123,,
791.221075,,,,,,,1.69422069698741,2.51051146871306,3.35870061244724,4.30227709404471,5.18121272124765,,,,,,5.58835112114226,7.71103898849422,,
791.8211,,,,,,,1.65064724388702,3.06192536152276,3.7644551903514,4.85859696845037,5.03103418760812,,,,,,6.9745948564584,8.18013940384681,,
792.4211,,,,,,,1.31000971686464,2.057153343028,3.33919215386231,4.22462081363122,4.18283904768821,,,,,,6.61076508233572,7.39839082521501,,
793.021125,,,,,,,1.8316831183842,2.20860226266758,3.18175110094204,4.24081480177969,5.0391590046764,,,,,,6.7491871854445,7.83168017643375,,
793.62115,,,,,,,1.48194452202517,1.89740173082648,3.15838938806109,4.12273786112536,4.65461972606758,,,,,,5.71127926816487,7.78949148144596,,
794.22115,,,,,,,1.23501164863108,2.14395461374767,3.66234701357955,4.54578259159198,5.53870091585157,,,,,,6.55417573358175,7.53786531708999,,
794.821175,,,,,,,2.06645551019851,2.2261493429451,3.30132203584404,4.76126408131714,5.20077367573832,,,,,,5.78967369726891,8.01564194120134,,
795.4212,,,,,,,1.43047963631882,1.93264834998101,3.74850737358444,5.01426578316509,5.37754497221891,,,,,,6.09991675124745,8.17618145667117,,
796.0212,,,,,,,1.82372351064548,1.76464755020139,3.22658747336205,4.38249751376719,5.39637196791602,,,,,,6.31485464703362,7.95007868638918,,
796.621225,,,,,,,1.0897438136111,2.74281789494214,3.37714305732632,4.78289237206615,5.6489970741503,,,,,,6.53919130755572,7.79913079761531,,
797.22125,,,,,,,1.10783428337749,1.78192754961934,3.68085458784611,4.49460658854657,5.41276910119098,,,,,,5.5224184444588,8.08726209700904,,
797.82125,,,,,,,1.71555143045323,2.78972499134915,3.66907833223836,4.85766682441674,5.06621381971335,,,,,,6.20512103083851,7.69802858526433,,
798.421275,,,,,,,1.28302457488884,2.33005309202023,3.68596039885741,4.3818741976626,4.71885693846068,,,,,,6.35865264999358,7.7007969129192,,
799.021275,,,,,,,0.749816256217281,1.55378877178712,3.41490667248756,3.84488079329831,4.71578807316944,,,,,,7.26800446078265,7.75439554552876,,
799.6213,,,,,,,1.04777338545225,2.09042732379502,3.31664247548575,3.78809424224953,5.83340769963169,,,,,,6.19602896781831,8.11036433314025,,
800.221325,,,,,,,1.12602090970127,2.13408703605332,3.48040388254083,4.68475224917848,4.93948545231611,,,,,,6.30166831700076,7.94515841925905,,
800.821325,,,,,,,1.33839471684895,2.52059937197079,3.65388480220275,4.25036756253371,5.30729663419532,,,,,,6.44587883104553,7.88735577844206,,
801.42135,,,,,,,1.41884003101635,2.92353233941761,3.35942049851221,4.47449263278689,5.6483804523823,,,,,,6.84987007557548,7.38725581482236,,
802.021375,,,,,,,1.44764906007479,2.82386360667808,3.53422486575051,4.44431621295687,5.77033269204464,,,,,,7.00744335170052,7.71128177994962,,
802.621375,,,,,,,1.31378283454098,2.54483191313219,3.10075676375917,4.37189086172677,4.36308957378387,,,,,,6.5259303147781,7.3020396094195,,
803.2214,,,,,,,1.13886235662837,2.46317229471841,3.36377477703826,4.86832367716632,5.34470687831514,,,,,,6.09440651245638,8.10893422392996,,
803.821425,,,,,,,1.34084744062756,2.39777934550138,3.75106855320368,4.44950142692842,5.46471438571262,,,,,,5.93724698015142,7.55583585825448,,
804.421425,,,,,,,1.6584035537161,1.95148481151214,3.24364904930782,4.28293762021787,5.77781417224588,,,,,,6.51231680704181,7.71239261257835,,
805.02145,,,,,,,1.34807268404971,2.71959458204461,3.51766792287344,4.3515593215553,5.43163455319801,,,,,,6.42343044445503,8.17319967424584,,
805.62145,,,,,,,1.35789740060642,2.71664359106973,3.66156413782313,4.14943697469333,6.1102469164017,,,,,,6.276486872926,8.02735085404035,,
806.221475,,,,,,,1.63707424244262,1.78281310825321,3.68403021549513,4.14034465786092,5.03351030628538,,,,,,6.77545004190032,7.58352058239431,,
806.8215,,,,,,,1.28210881176408,2.57194749085863,3.66509854193253,4.10241489438349,5.67253350329201,,,,,,6.66512172642392,7.46359096500531,,
807.4215,,,,,,,1.89269891750503,2.72829803414747,3.36834465591385,3.95510882203907,4.84340014605144,,,,,,5.76708512954995,7.51386087705206,,
808.021525,,,,,,,1.43612804250049,3.02244279056056,3.39190057506206,4.42603719890164,4.83599803042301,,,,,,6.32582929429241,7.78153534085238,,
808.62155,,,,,,,1.27433996093429,2.25987553414062,3.3889636155947,4.31425344462086,5.90488882467711,,,,,,6.27805368423108,7.48089287225734,,
809.22155,,,,,,,1.05152921311571,2.74787696052512,3.61995595039892,4.54964398365093,6.00838805384257,,,,,,6.56455306847604,7.72003430488031,,
809.821575,,,,,,,1.81375320641577,2.93593105939503,3.5915778136057,4.67393545154486,5.33711642363325,,,,,,5.59672597304324,7.67321141349049,,
810.4216,,,,,,,1.14875993801432,2.44354287246025,3.88478095764144,4.3115915919231,5.84424248125785,,,,,,6.01950154854572,7.71629389814884,,
811.0216,,,,,,,1.08995727016956,2.62679007058187,3.60051083284716,4.83764142429831,5.73821413681189,,,,,,6.74003914336324,7.39329729197656,,
811.621625,,,,,,,1.35604490364116,2.41017993708006,3.45735729915584,4.58095263535184,5.00844356444015,,,,,,6.64254995627962,7.87584037209299,,
812.22165,,,,,,,1.71495527200797,2.4926215524498,3.333530609885,4.44666476259023,4.3435179818361,,,,,,6.94161084596997,7.7681228074861,,
812.82165,,,,,,,1.14172255049259,2.10043599611679,3.64450504895541,4.47135845942789,5.40434381562409,,,,,,6.10743837004314,8.06632698692628,,
813.421675,,,,,,,1.59718307870289,2.19637265196092,3.2128325670222,4.2220477143734,4.74321923233149,,,,,,6.45754376109043,7.27752401113875,,
814.021675,,,,,,,1.28888904253539,2.12889918844191,3.4611206761955,4.81387740275164,5.46551836818058,,,,,,6.89496687204019,7.23945288951903,,
814.6217,,,,,,,1.37721894007086,3.16462994840202,3.52203457156299,4.75995726064471,4.63031969369546,,,,,,6.41724601038583,7.80768159009516,,
815.221725,,,,,,,1.67584063287529,2.62508874162349,3.63191023388496,4.88856221595771,5.17576657489826,,,,,,5.90777167193386,7.71320674051902,,
815.821725,,,,,,,1.68584340340618,2.60977209311856,3.57379010066531,4.90642328839239,5.48292001021246,,,,,,6.65606998994917,7.79539958929893,,
816.42175,,,,,,,1.27304010244263,2.67334190722683,3.4347513794558,4.03220325842346,5.38959686518455,,,,,,5.80674631194913,7.57140189685885,,
817.021775,,,,,,,1.36584956189308,2.19026597547192,3.66842438595599,4.70559063917099,4.74892999934702,,,,,,6.64467651217373,7.71106497753288,,
817.621775,,,,,,,1.67096310737675,2.13620508887582,3.42419614780993,4.77250547269747,5.26901038980435,,,,,,6.07822512384703,8.22691500387623,,
818.2218,,,,,,,1.59626267334294,2.26408472247088,3.24646223998188,4.2375931553518,5.39324689913509,,,,,,6.18636584358873,7.77009584325706,,
818.821825,,,,,,,1.74138699154967,2.04594064555174,3.330221507371,3.87992871962785,5.44549880249532,,,,,,6.25716843399276,7.7767788378706,,
819.421825,,,,,,,1.1976577348507,2.01607084193975,3.13460249775297,3.67222803814512,5.38051689844778,,,,,,6.17795161908551,7.83132035012358,,
820.02185,,,,,,,0.944030105218086,2.24255668986087,3.42144362904712,3.9836713257517,5.36466874072625,,,,,,5.61287898787356,7.68166535254595,,
820.62185,,,,,,,1.61552733271499,2.15742270938108,3.35046239554141,4.57596624020116,5.74255141614025,,,,,,5.78042251439104,8.33077239011234,,
821.221875,,,,,,,1.11582137079615,2.67892172384172,3.37143745082106,4.72390079695758,4.74156589584531,,,,,,6.80466722286965,8.00536933588178,,
821.8219,,,,,,,1.20837215948322,2.45448725624653,3.50142305235059,4.3868009382053,4.87962241755925,,,,,,5.56095014197995,7.50910803554916,,
822.4219,,,,,,,1.12462886307917,3.0494619157613,3.66419033274269,4.45381786497168,4.89260145504616,,,,,,6.16663845715829,7.33488615125929,,
823.021925,,,,,,,1.29944263456848,2.22597872054478,3.54888166015173,4.87323124436926,5.35948506255008,,,,,,6.33977838297035,7.71146328448423,,
823.62195,,,,,,,1.81911259930214,2.62722348739409,3.81708435049626,4.7639068782032,5.78140675793918,,,,,,6.27256950587375,8.02163631682399,,
824.22195,,,,,,,1.86290100635967,2.17487637339905,3.76213960860026,4.2809824061225,5.10494840288409,,,,,,6.23353196739483,7.74293552186753,,
824.821975,,,,,,,1.12427875627511,2.48701165225563,3.60604444132288,4.62961090123387,5.90400748646298,,,,,,6.42805663485176,7.63185300204117,,
825.422,,,,,,,0.968474715238555,2.02018199462456,3.34844774883824,4.3056091725486,5.04580469534614,,,,,,6.52772043887403,7.90247330438286,,
826.022,,,,,,,1.27265047571451,1.79843229297328,3.24327164859805,3.85016877431108,5.14080738006994,,,,,,5.9681889130364,7.79346022463848,,
826.622025,,,,,,,1.15735750105968,2.19720993623318,3.3967826644554,4.43673698581634,5.24237526060657,,,,,,5.85365680116137,7.5028836184992,,
827.22205,,,,,,,1.27443212043272,2.47755783694634,3.78633471491685,4.22029385866504,5.26569826061296,,,,,,6.34283926534995,7.92630037022278,,
827.82205,,,,,,,0.991321493898814,2.31606367528721,3.33207233071914,4.37258134974183,5.25408174407251,,,,,,6.01306295028617,7.43136439449549,,
828.422075,,,,,,,1.7420949924649,2.46300272085965,3.31926439968537,4.43167698128556,5.56411722929599,,,,,,6.13128949446462,7.81869412763167,,
829.022075,,,,,,,1.36898734616531,2.05819594323345,3.47785377286502,4.40369612521124,5.27902987487029,,,,,,6.43604927776508,7.72515891247813,,
829.6221,,,,,,,2.22934331815427,1.8650471102638,3.71701806308102,4.59921184266605,5.42776008761416,,,,,,6.61515440273707,7.93409297597502,,
830.222125,,,,,,,1.4976405299164,2.78984711339094,3.66779164466117,4.39654531138903,4.90879216210942,,,,,,6.38427181336356,8.07846209869932,,
830.822125,,,,,,,1.06652368526296,2.02209876934453,3.40843105625723,4.44257586305639,4.78975006557819,,,,,,6.3903192749461,8.17808516389977,,
831.42215,,,,,,,1.2777360655861,2.00782442341019,3.32548465007959,4.18630930245856,5.05083593833363,,,,,,6.46055232283662,7.9279207144037,,
832.022175,,,,,,,1.40704058946987,1.75357232133594,3.43422680074431,4.16137588907804,5.10542828675511,,,,,,6.21888531829088,8.14206370904483,,
832.622175,,,,,,,1.35047257691132,1.60504870192698,3.37218774221108,4.50299825790374,5.66444776931461,,,,,,6.84950948664819,7.68527161060598,,
833.2222,,,,,,,1.04383234221834,2.7690487816458,3.50475526317913,4.81020304013105,5.38042402392678,,,,,,5.92005872248932,7.80479923771964,,
833.822225,,,,,,,1.44247463834731,2.70799727642714,3.65960728378501,4.77303589414326,4.78830004808111,,,,,,6.3864629067933,7.75555259549668,,
834.422225,,,,,,,1.16364807844759,2.21603493081323,3.8673359401677,4.78810071798709,5.03454956010211,,,,,,6.13045698194882,7.33777747125181,,
835.02225,,,,,,,1.63456996614124,2.62432542306569,3.63928122762348,4.65431858770727,4.85812302047965,,,,,,5.6715431847897,7.67517447655367,,
835.62225,,,,,,,1.44418515961909,2.10037154484368,3.56886647608775,4.78412443781044,4.78137888070935,,,,,,6.44333919239701,7.45861512992733,,
836.222275,,,,,,,1.11593931170645,2.72039250505453,3.55751656078434,4.60901155587855,5.79908087365261,,,,,,5.62969994022065,7.31424047831287,,
836.8223,,,,,,,1.25714305653971,1.76861495177904,3.05932058136099,4.26377091093886,4.63635488360808,,,,,,6.02762113507236,8.0260792216802,,
837.4223,,,,,,,1.68259975515063,1.70290773752127,3.53706545382685,4.11641053842843,5.67650059092164,,,,,,6.81437252582516,8.01462339406964,,
838.022325,,,,,,,1.68978571263269,2.18832165072918,3.36635698393053,4.12900185849381,4.8805209137395,,,,,,6.40509963264608,8.0359565876309,,
838.62235,,,,,,,1.02890540263761,1.71598712438136,3.65780649125179,3.78647495234424,4.7036731981672,,,,,,6.04757348195325,7.94428848347953,,
839.22235,,,,,,,1.35930147496639,2.78150392119581,3.71991079429055,4.2375764565961,5.21943559482822,,,,,,6.13830003585204,7.89219037711557,,
839.822375,,,,,,,1.39162597377435,1.90453375979074,3.34232386743955,4.48968814018088,5.09779525556257,,,,,,6.87450521576544,7.62382329333805,,
840.4224,,,,,,,1.65130289139913,2.35507848480947,3.1645569196647,4.26750631421477,5.34695738274172,,,,,,6.1282896350452,7.55706742888221,,
841.0224,,,,,,,1.96183049886656,1.81325274276622,3.21152671128289,4.44570660793566,4.95342198278999,,,,,,5.81031567202137,7.53409486848893,,
841.622425,,,,,,,1.50920084674444,2.77995866719509,3.54608305372457,5.03619449045632,5.59091186169857,,,,,,7.14747893785414,7.84522785116419,,
842.22245,,,,,,,1.94806092151654,2.29747392952678,3.43974506868198,4.22878602470908,4.83721564820134,,,,,,6.40098758903518,8.25955175731844,,
842.82245,,,,,,,0.82148300105303,1.70652015626659,3.59659849463823,3.9358080966383,5.45494821220838,,,,,,5.93231889116112,7.73346014351623,,
843.422475,,,,,,,1.43962105369149,2.05046712191512,3.34784991273716,4.11116226228807,4.72540010245846,,,,,,6.1793476540365,7.95199001916581,,
844.022475,,,,,,,1.87838724475237,2.06484394248886,3.39853847920187,4.40050266607778,4.47813654196515,,,,,,6.55052988769017,7.6030730492178,,
844.6225,,,,,,,1.8456221243568,2.45595418545333,3.75817888019606,4.46122134884033,5.59494117616781,,,,,,6.1676287652177,8.10287190470812,,
845.222525,,,,,,,1.38970193619502,2.27041904705893,3.69690817856424,4.30675086797241,4.42513897444507,,,,,,6.29274262562201,8.01928874138419,,
845.822525,,,,,,,1.25599179588366,2.71413891659564,3.62311628366071,4.73237199911225,5.44405171140538,,,,,,6.14791987191777,8.04190370829898,,
846.42255,,,,,,,1.44679889050259,2.71590073301545,3.72922436161077,4.84912231745033,4.89764137133873,,,,,,7.40346428217927,8.00758100518896,,
847.022575,,,,,,,1.88975580343915,2.23794917819059,3.63335017521657,4.94938523689096,5.3794429134042,,,,,,6.06448130908188,8.09240807877877,,
847.622575,,,,,,,0.985362849795703,2.31302802755508,4.25894429606943,4.60532556544953,5.22291116577185,,,,,,5.90090073452895,8.24082550901698,,
848.2226,,,,,,,1.35485202553116,2.24873869091528,3.63755415247625,4.72814720300792,5.42966245816707,,,,,,6.58788691634195,8.13191509856332,,
848.822625,,,,,,,1.7257678097357,1.98738631089088,3.69314262378062,4.65365856562076,5.02595599955533,,,,,,6.30771470677371,7.7663884802158,,
849.422625,,,,,,,1.03075203750627,2.84538080348906,3.59651788701487,4.40244945806463,5.68295660207098,,,,,,6.69941491607608,7.43598751635157,,
850.02265,,,,,,,1.46388587032824,2.07375102661908,3.15642495831058,3.83714082128104,5.10286620600465,,,,,,5.87443480943236,7.40282850209801,,
850.62265,,,,,,,1.25381423714545,1.68986017429581,3.06247992830445,3.97468225006338,4.94954534008394,,,,,,6.4858993279119,8.14611091804293,,
851.222675,,,,,,,1.35429094358305,2.19126058535356,3.72461115611709,4.3825716349334,4.63865773411247,,,,,,6.21438838688018,7.21847190465137,,
851.8227,,,,,,,1.43367226830195,2.17043220109522,3.45685626467754,4.86544327140884,5.86088338646765,,,,,,6.8304349190934,8.16972613909597,,
852.4227,,,,,,,1.0505997522509,2.40171979488879,3.29556635765069,4.4987254075405,5.2436820807064,,,,,,6.04627573075141,7.33716325620102,,
853.022725,,,,,,,1.67369869190983,2.4929373137786,3.20231753599564,5.0402489430102,5.2494967585812,,,,,,5.60660542574161,7.76249330209216,,
853.62275,,,,,,,1.15517077961553,2.25776110317933,3.37098695098751,4.87317476449693,5.23419660453472,,,,,,6.59589315331377,7.47232237602061,,
854.22275,,,,,,,1.81367201966426,2.85553116436994,3.30333359399517,4.43822308581347,5.83663414407629,,,,,,5.65142846792559,7.44939839736842,,
854.822775,,,,,,,1.51304696937159,2.62821576033709,3.66727485583152,4.36762455798266,5.25653838427544,,,,,,6.04399977179765,7.72977700931921,,
855.4228,,,,,,,2.15520913509923,2.23251591868733,3.19953797686961,4.26544656264347,4.96146757835996,,,,,,5.6517807755555,7.8887162637841,,
856.0228,,,,,,,1.55120473045674,2.36314313770552,3.16602955053217,4.08656755367466,5.1977767308459,,,,,,6.00824627326581,8.12481895518656,,
856.622825,,,,,,,1.24310144757484,1.89592719926947,3.50517303763426,4.26674092559468,4.82832141614364,,,,,,6.42982003888802,7.96864365999558,,
857.22285,,,,,,,1.12077534561812,2.36817369726462,3.91720368099394,4.38817016981394,5.44976000344073,,,,,,6.39269394664124,7.98112266316846,,
857.82285,,,,,,,1.2122275018454,2.13878617781327,3.68943975225285,4.0881304680857,4.85875454003891,,,,,,6.29679154926208,7.78112302251277,,
858.422875,,,,,,,1.40752166986796,2.61185879783138,3.43569798747292,4.4233403271263,5.18872334622763,,,,,,6.62699667562559,7.30845181664946,,
859.022875,,,,,,,1.16011784171472,2.27674941611935,3.68448888503007,4.46034058201525,5.81513233290997,,,,,,6.3091152092904,8.27514047915123,,
859.6229,,,,,,,2.04850289049765,2.52580961060992,3.78695608273063,4.34484550276144,5.39409256583732,,,,,,6.36794348465391,7.5828635547722,,
860.222925,,,,,,,1.34037119905898,2.21436526740061,3.49093058234734,4.40361901507676,5.00105594117916,,,,,,6.49554364282517,7.70825062169999,,
860.822925,,,,,,,1.04751550479377,2.11571242355141,3.2673187351288,3.78035640146786,5.41853234203195,,,,,,6.33050495493337,7.70203940055239,,
861.42295,,,,,,,0.990583972713962,2.0726528023957,3.27995073882615,3.78405212079636,4.56988128456829,,,,,,6.59005424525584,7.6964194061659,,
862.022975,,,,,,,0.834176196609455,2.35612691915705,3.54904438755607,3.9840590883372,5.48622886455529,,,,,,5.76545463163714,8.48449586283872,,
862.622975,,,,,,,1.22518629427636,1.99186459630548,3.51710533186705,4.54016536192104,5.195258724481,,,,,,6.49240135922295,7.57585094084613,,
863.223,,,,,,,1.83627560160215,1.8829104147612,3.30987286126418,4.27503688718525,5.21397830138833,,,,,,6.12814085625715,7.5853730383209,,
863.823025,,,,,,,1.64034550552243,2.82855959644316,3.48236418614722,4.63354751469193,5.2397514552427,,,,,,5.95418499066043,8.05491746800968,,
864.423025,,,,,,,1.76310366875972,1.94075891881849,3.50507838862446,4.13667409429604,5.2473559058924,,,,,,6.82481864022094,7.36824676548196,,
865.02305,,,,,,,1.68426304155708,2.64924381464883,3.53528464278013,4.54834215265481,5.24861754974451,,,,,,6.23553472758539,8.23639263401843,,
865.62305,,,,,,,1.47010559936055,1.75610165616116,3.39722668334572,4.25133093308881,4.75586621564737,,,,,,6.35521688491325,8.33512025823925,,
866.223075,,,,,,,1.71622603679584,2.57051215469316,3.60683326658995,4.10473115846504,5.17920706632807,,,,,,6.01209102415172,7.42964489529475,,
866.8231,,,,,,,1.42854573651093,2.59254282189993,3.90573070589782,4.65096088100391,5.67303154098012,,,,,,7.04936815375034,8.47535028931405,,
867.4231,,,,,,,1.62073507209147,2.40232982967449,3.5609235720746,4.23298536343781,5.49543558161889,,,,,,6.70628076676972,7.16280598823516,,
868.023125,,,,,,,1.27154541120325,2.78775878949144,3.64052582226717,4.48273214650427,5.8182605598938,,,,,,6.0035731243477,7.79050700690759,,
868.62315,,,,,,,1.4609813171291,1.7585170619951,3.99239403822262,4.40443520052633,5.19633101950315,,,,,,6.19237091518554,8.53735966967336,,
869.22315,,,,,,,1.49863134883438,2.42005626584723,3.68364179471953,4.5508093394883,4.89083178612084,,,,,,6.52203557544931,7.46437614030167,,
869.823175,,,,,,,2.29599973693578,2.40002117554227,3.63535995171689,4.46982468039439,5.3413091242286,,,,,,6.20824780445904,7.50233349933176,,
870.4232,,,,,,,1.85965816904089,2.74576610467559,3.65565930855604,4.5041372479482,5.13707521506449,,,,,,6.68568815685748,8.55330850922531,,
871.0232,,,,,,,1.69076568245163,2.10573749113573,3.86507835833361,4.73825442955142,4.532406183534,,,,,,6.62698607359936,7.28186953881781,,
871.623225,,,,,,,1.02717412148108,2.39351594552349,3.69072011519991,4.72718157637133,5.90626195427972,,,,,,6.64855371103608,8.07723075526314,,
872.22325,,,,,,,1.61741219601978,2.54146072406059,3.71250145688059,4.60535910527901,5.27984307834308,,,,,,6.44928531131757,8.59922401513909,,
872.82325,,,,,,,1.74126365755624,2.61846474080926,3.35677185077941,4.47174083085401,5.10512953880577,,,,,,6.29614335864648,7.72339497657821,,
873.423275,,,,,,,1.34534755015988,2.39934279460759,3.35711104353756,4.27772452313235,5.45498595460809,,,,,,6.04588902618096,8.04661134028042,,
874.023275,,,,,,,1.69376978503411,2.31547571523056,3.47879745501789,4.42183440300038,5.19302009246195,,,,,,6.08088660537679,7.68101776548651,,
874.6233,,,,,,,1.96162632345189,2.25614173521527,3.74876632938354,4.70796823844132,5.26159712021305,,,,,,5.53932331062523,8.94271240206126,,
875.223325,,,,,,,0.99395980757226,1.98401718744081,3.26285352680858,4.35045006901961,5.05676956245104,,,,,,6.33828068314099,7.90434175406929,,
875.823325,,,,,,,1.0220000312185,2.08464213055115,3.19083972235218,4.60418463141743,5.43706096408843,,,,,,6.61580616465552,7.73651672584722,,
876.42335,,,,,,,1.57476726175124,2.29876053861806,3.71126839649693,4.44010723115874,5.6483176223883,,,,,,6.46194635988317,7.81325506078237,,
877.023375,,,,,,,1.42597654027108,2.88356944835303,3.10105464246741,4.35286478130184,5.59558060245305,,,,,,7.31104584958684,8.00233681498517,,
877.623375,,,,,,,2.07589330332487,1.60391739308188,3.36417590421354,4.2276932859174,4.76143919281155,,,,,,6.68223109457855,7.49137244449872,,
878.2234,,,,,,,1.46904271065256,2.41672443803968,3.6318609589236,4.26782570296487,4.75635090701864,,,,,,6.19350873180501,7.52550346336553,,
878.823425,,,,,,,1.89822592880684,2.49330145416264,3.792742033646,4.79716633073302,5.60814628502239,,,,,,5.89499494524259,7.74754819862065,,
879.423425,,,,,,,1.35256629669459,2.37128008927583,3.63882058157581,4.36179701653975,5.2570206024749,,,,,,6.87634715431257,8.44814513186173,,
880.02345,,,,,,,2.15204938759118,2.15707173862234,3.51403248316518,4.34682808351452,5.26997421724803,,,,,,6.25411530869098,7.74136443598004,,
880.62345,,,,,,,1.4537056566906,2.96722329397126,3.61190883542911,4.46066789473367,4.99948973668451,,,,,,6.53044580353613,8.07076237423536,,
881.223475,,,,,,,1.39700065676901,2.05260162490058,3.53758849092997,4.40806873699644,5.56978910149279,,,,,,6.09748350625993,7.71970046478463,,
881.8235,,,,,,,1.27724841312,2.71326688151438,3.75848098045509,4.22703028984412,5.21643479808163,,,,,,6.94154594392054,8.54826312380612,,
882.4235,,,,,,,1.32919032150764,1.85246209670697,3.46060840004775,4.3764122117885,5.45384565421826,,,,,,6.53334210377203,8.00710432229095,,
883.023525,,,,,,,0.878889457637235,2.43950198308915,3.5587045907738,4.54598560426863,5.1966443459258,,,,,,6.20737903368026,7.69134163650238,,
883.62355,,,,,,,1.90183735895479,2.51970681278538,3.48988532599005,4.32981309394986,5.68931426359957,,,,,,6.80779881198622,8.7094854557797,,
884.22355,,,,,,,1.23813557517562,2.5205200628456,3.27953950081872,4.33858186879033,5.77702496837066,,,,,,6.46837876094012,8.24829296407277,,
884.823575,,,,,,,1.2946734963674,2.60885947601139,3.50368315491495,4.77528415729489,5.58616460349394,,,,,,7.06928559335202,7.01209185628119,,
885.4236,,,,,,,1.38324839595187,2.23991278470671,3.5290189343324,4.46978985455655,5.39023391724847,,,,,,6.58919981806839,7.80372945064956,,
886.0236,,,,,,,1.1771246055173,2.27242787006355,3.34336397717799,4.00970655754532,4.79898915874996,,,,,,6.21468090079305,7.27431736568921,,
886.623625,,,,,,,1.02248224697191,2.23774504228051,3.42067281165414,4.17492907562683,4.84948653185956,,,,,,6.74292299399336,7.68580263453673,,
887.22365,,,,,,,1.89483662775045,2.57496304426628,3.71336596253082,4.22209397742575,5.95460400049735,,,,,,6.05426593696708,7.68325223706515,,
887.82365,,,,,,,1.59354655157207,2.54040154970318,3.7044623846414,4.18454836577022,4.92183784758567,,,,,,6.53984729469779,7.67715213689956,,
888.423675,,,,,,,1.44905701583189,2.57596551413364,3.51201692204687,4.26293104815658,5.45136174430927,,,,,,6.62511167446587,7.71164197531192,,
889.023675,,,,,,,1.49110289518438,2.0503489980468,3.34601842786619,4.32987289621415,5.0076966063394,,,,,,6.0436049603099,8.24537383053493,,
889.6237,,,,,,,0.981720589990213,2.20341656887368,3.77236827814218,4.20610819442731,6.06550757505792,,,,,,6.50729983228556,7.0438049204239,,
890.223725,,,,,,,1.26314604965566,2.69671848851091,3.68229546157059,3.91950804270758,4.92459787174403,,,,,,6.3256865735172,7.59538404592396,,
890.823725,,,,,,,2.16542802730314,2.49833737777507,3.4107299272019,4.27523255140377,5.44583048126391,,,,,,5.94794806217768,8.19159636866573,,
891.42375,,,,,,,1.46042073252044,2.59231214740986,3.16127740961734,4.45942564847254,4.42949227848188,,,,,,6.76116140486589,7.65023685640743,,
892.023775,,,,,,,0.937964903023334,2.70063944201509,3.65045250800507,4.52494719630472,5.31771845945496,,,,,,5.75128853327631,8.13072329447109,,
892.623775,,,,,,,1.58767809323797,2.19197762163721,3.46245169000824,4.39599325272673,5.49502475462215,,,,,,5.6681252929282,7.82378339153282,,
893.2238,,,,,,,1.17317550332379,2.48253010915794,3.52746761866223,4.17848002437783,4.73485223658655,,,,,,6.60751367186724,7.49328073448967,,
893.823825,,,,,,,0.954366754517406,1.57525012948364,3.36890456493648,3.92810075916008,5.46577550484667,,,,,,6.80203777974938,6.86322897701468,,
894.423825,,,,,,,1.59762842186033,2.69998456178105,3.49545788393225,4.30421887160372,5.72093885142062,,,,,,6.64798833521822,7.36020213273476,,
895.02385,,,,,,,1.64270685923717,2.87459819835698,3.58934700297525,4.73711208120327,5.37177579234689,,,,,,6.56674761344351,7.89005520625837,,
895.62385,,,,,,,1.57093097383333,2.47092143509013,3.63741562431597,4.14820613821451,5.95072573224082,,,,,,6.31096658069493,7.92611406358279,,
896.223875,,,,,,,1.49001069568452,2.7723001025541,3.67165812953571,4.66729419312293,4.68273514750225,,,,,,6.69586255200919,7.81723008534856,,
896.8239,,,,,,,1.28175894114318,1.86384581582156,3.62056137848726,4.47589805662541,4.56845698661299,,,,,,6.37575109413939,8.22476669238393,,
897.4239,,,,,,,1.34008143949318,2.19253355500721,3.31288189902546,3.99789151606999,5.89115961761301,,,,,,6.04179372276278,8.29291509713831,,
898.023925,,,,,,,2.50527762324949,2.44516645108389,3.36933754067201,3.98213796189007,5.42705139301525,,,,,,6.45821283611483,7.52957915561303,,
898.62395,,,,,,,1.56761129850464,2.50094092297569,3.7679254687839,4.54839205891152,5.01471296850744,,,,,,6.84546435094753,7.54897574248604,,
899.22395,,,,,,,2.00766336868307,2.18157563827654,3.60678402916825,4.33090909263251,5.28248113142025,,,,,,6.18714003512456,7.94083549782866,,
899.823975,,,,,,,0.992927990090853,2.82527791481586,3.53607619693317,4.19947504081533,4.92754049122808,,,,,,6.36238983691803,7.78738405628452,,
