Time (s),"Primary somatosensory area, barrel field (L)","Primary somatosensory area, barrel field (R)","Primary somatosensory area, lower limb (L)","Primary somatosensory area, lower limb (R)",Supplemental somatosensory area (L),Supplemental somatosensory area (R),Olfactory areas (L),Olfactory areas (R),Hippocampal formation (L),Hippocampal formation (R),Cortical subplate (L),Cortical subplate (R),Striatum (L),Striatum (R),Pallidum (L),Pallidum (R),Thalamus (L),Thalamus (R),Hypothalamus (L),Hypothalamus (R)
6.4,0.839312388746967,2.15647110916603,,,3.91862528914685,4.03584636646844,5.12907108265783,5.37423981543921,6.67288205447176,8.05246098188476,9.29073918307968,10.5260951617659,,,,,10.7175246078871,12.3326090369211,13.1011149059745,13.6244232004224
6.99999999999991,0.825246935108709,2.17937463813549,,,3.85960293832112,4.07000236030492,5.0884887629605,5.40974048000772,6.75524719859421,8.05646991879824,9.34249682313979,10.5782647342056,,,,,10.8029481358727,12.4107823174795,13.0574452873414,13.5203744290114
7.59999999999982,0.811175996845884,2.20225939107457,,,3.80054745202126,4.10413697610069,5.04790478786511,5.44522930112954,6.83781544831872,8.06029316740191,9.39422711833308,10.6304361129523,,,,,10.8883703320552,12.4889648353617,13.0137762794891,13.4163169064548
8.19999999999973,0.797099584654783,2.22512542767192,,,3.74145892326436,4.13825027707595,5.00731916766257,5.48070631068853,6.92179249187373,8.06891623544513,9.44593013274726,10.6826092950693,,,,,10.9737911999071,12.5671565703755,12.9701078793794,13.3122506675557
8.79999999999964,0.783017709228235,2.24797280753894,,,3.68233744495287,4.17234232637077,4.96673191262299,5.51617154052737,6.99985182493824,8.07381925859172,9.49760593040378,10.7347842776235,,,,,11.0599583174858,12.6453575023421,12.9264400839763,13.2081757470616
9.39999999999955,0.768930381255636,2.27080159020974,,,3.62318310987455,4.20641318704515,4.92691170383292,5.55162502244761,7.04337584492834,8.11090071084678,9.56140997308939,10.7869610576859,,,,,11.1489149462438,12.6821809399236,12.882772890245,13.1040921796643
9.99999999999946,0.759288705581799,2.29361183514121,,,3.61110303060317,4.24046292207897,4.95696153240844,5.54006515771203,7.07991951179043,8.13759492529403,9.5583539064107,10.6996357475078,,,,,11.2548059619274,12.684155616712,12.8391062951527,13
10.5999999999994,0.75922540871175,2.21015018382426,,,3.59352944605154,4.16869740331699,4.97959072901377,5.56193065279745,7.08266469244648,8.16625972048565,9.46495341393033,10.5951015229784,,,,,11.3375591306024,12.6805529695903,12.848717704496,13.0660294165017
11.1999999999993,0.75331236895605,2.12667011344986,,,3.61107488949901,4.09691088463379,4.98642820489685,5.56972902545159,7.11201805177409,8.13417065914825,9.38348659854858,10.5523865588277,,,,,11.405566498613,12.6855863568481,12.8059126560573,13.2134846946488
11.7999999999992,0.747393919377342,2.04317168324319,,,3.62858784618431,4.02510342876904,5.03875107263274,5.57751577698176,7.10718987201823,8.08929879516129,9.31699576726819,10.5096733805077,,,,,11.4716356383504,12.6217628897031,12.7631081971692,13.3609314641035
12.3999999999991,0.74147007064777,1.95965495235212,,,3.64606840832194,3.95327509838221,5.09107236671422,5.58529093898378,7.09893391025445,8.05790302373893,9.25047810196693,10.4669619851088,,,,,11.538313184365,12.5579484987188,12.7203043248057,13.5083697592792
12.999999999999,0.735540833436021,1.87611997984721,,,3.66351666801174,3.88142595605265,5.14339209726541,5.59305454301228,7.09577163434405,8.03334655910126,9.18393366620228,10.4242523697251,,,,,11.604989429353,12.4941431638103,12.6775010359424,13.6557996145338
13.5999999999989,0.729606218407331,1.79256682472181,,,3.68093271723894,3.80955606427961,5.19571027438953,5.60080662058075,7.0920561151545,8.00757173077846,9.1173625234655,10.3815445314547,,,,,11.6716643766678,12.4303468649056,12.6346983275569,13.8032210641693
14.1999999999988,0.72366623622349,1.70899554589198,,,3.69831664787409,3.73766548548225,5.24802690816899,5.60854720316154,7.08841547839478,7.97922149792035,9.05076473718147,10.3388384673995,,,,,11.7383380296494,12.3665595819464,12.5918961966281,13.9506341424324
14.7999999999987,0.717720897542835,1.62540620219655,,,3.71566855167312,3.66575428199961,5.30034200866534,5.61627632218582,7.0811826687756,7.95140089819093,8.98414037070892,10.2961341746653,,,,,11.8050103916247,12.3027812948877,12.5490946401368,14.0980388835139
15.3999999999986,0.711770213020255,1.54179885239708,,,3.73298852027728,3.59382251609063,5.35265558591929,5.62399400904366,7.07266221076072,7.93038471410122,8.9174894873402,10.2534316503618,,,,,11.8707410357948,12.2390119836978,12.5062936550656,14.2454353215489
15.9999999999985,0.705814193307187,1.45817355517785,,,3.75027664521317,3.52187024993415,5.35499079611932,5.63170029508392,7.0815140384173,7.88122701688874,8.84234984718005,10.2107308916026,,,,,11.9237015638959,12.1681729471797,12.4634932383986,14.3928234906169
16.5999999999985,0.697167698017982,1.37453036914593,,,3.72549000096217,3.4498975456289,5.35805051278157,5.68470700827022,7.1005688391849,7.82307077659391,8.7702363244302,10.2451184432479,,,,,11.9363350828083,12.1555406204682,12.4206933871218,14.5402034247419
17.1999999999984,0.723984457877702,1.47287791501,,,3.72920267262362,3.47906953240671,5.37299607533129,5.73170360019072,7.13658445072906,7.78248701340761,8.8165454361723,10.2680482798672,,,,,11.9034244642479,12.1512435951232,12.416725545951,14.6031198449933
17.7999999999983,0.759435723896082,1.57120768904416,,,3.71044613931136,3.50822120499316,5.41331497482634,5.81926401889368,7.14286609927488,7.8208649950363,8.87916777108381,10.3089270579128,,,,,11.8309891261537,12.1917680616748,12.5042019037647,14.6050279050011
18.3999999999982,0.794881697295253,1.66951974962321,,,3.69165812729068,3.53735262524641,5.43238872352191,5.90681316176324,7.15691372471588,7.89121045107113,8.93526135313814,10.3498075899957,,,,,11.7469748404969,12.2103093130629,12.5916788179369,14.6069278318032
18.9999999999981,0.830322388709374,1.76781415504517,,,3.67283872751495,3.56646385494478,5.45146100878123,5.99435105994245,7.17627114177924,7.96336634029791,8.99132879665889,10.3906898732488,,,,,11.6602945952823,12.2288594204111,12.67915628546,14.6088196592009
19.599999999998,0.865757808769187,1.8660909635308,,,3.65398803082287,3.59555495578647,5.47053184049913,6.08187774453328,7.19117460628619,8.03393414033505,9.0473701644745,10.4315739048089,,,,,11.573613085199,12.2474183637814,12.7666343033286,14.6107034209398
20.1999999999979,0.901187968101979,1.9643502332236,,,3.6351061279385,3.62462598938961,5.48960122854944,6.16939324659659,7.20791774752874,8.10490890255143,9.10338551934717,10.4724596818166,,,,,11.4869303134546,12.2659861232492,12.8541128685388,14.6125791507097
20.7999999999978,0.936612877331588,2.06259202218982,,,3.61619310947119,3.65367701729218,5.50866918278519,6.25689759715205,7.22345645681433,8.17602507597378,9.1593749239728,10.5133472014166,,,,,11.4002462832434,12.2845626789035,12.9415919780884,14.6144468821447
21.3999999999977,0.972032547078403,2.16081638841844,,,3.59724906591569,3.68270810095208,5.52773571303857,6.34439082717822,7.24275402291472,8.24163278392905,9.21533844098101,10.5542364607571,,,,,11.3135609977466,12.3031480108463,13.0290716289771,14.6163066488235
21.9999999999976,1.00744698795936,2.25902338982119,,,3.57827408765208,3.71171930174711,5.54680082912081,6.43187296761249,7.26461185731523,8.30891107297575,9.27127613293518,10.5951274569907,,,,,11.2281495034611,12.3217420991932,13.1165518182061,14.6181584842689
22.5999999999975,1.04285621058795,2.35721308423255,,,3.55926826494577,3.74071068097496,5.62117577236108,6.51934404935108,7.26735859922276,8.37650086265922,9.35249998643133,10.6360201872734,,,,,11.1516748968621,12.3376728409767,13.2040325427785,14.620002421948
23.1999999999975,1.07079943399797,2.45538552940975,,,3.55830966289448,3.76968229985321,5.65932647603034,6.56019298675931,7.23140289081325,8.42578056984839,9.50059717887754,10.6186717450882,,,,,11.0762843258925,12.2492110995561,13.291513799699,14.6218384952725
23.7999999999974,1.02768998479046,2.35488620543673,,,3.51036691421256,3.73084286638646,5.65596288180554,6.5132257336712,7.17212406545635,8.46452383931453,9.50178813551716,10.5190903756828,,,,,11.0681883143611,12.1414923592792,13.3165305053166,14.5485549028706
24.3999999999973,0.966079865665145,2.25436974751135,,,3.45000093666194,3.69198379476468,5.61209374252759,6.35789800417421,7.15462362880655,8.44673338661195,9.48708444808554,10.3949960348539,,,,,11.0627550950177,11.9965700602741,13.3168877677399,14.52815159159
24.9999999999972,0.904464570706837,2.15383621315991,,,3.38960447458376,3.65310514596543,5.55513558200753,6.20255933915455,7.11111151999619,8.39526685684689,9.4757303141503,10.2709034167374,,,,,11.0655248608039,11.9191586005128,13.3172455535355,14.5077405158555
25.5999999999971,0.842844110511852,2.05328565983059,,,3.32917761767022,3.61420698088587,5.4981760657462,6.04720976930317,7.05324153883838,8.33437084899118,9.46435072914935,10.1468125185091,,,,,11.0685351579647,11.8417557781304,13.3176038597151,14.4873217088558
26.199999999997,0.781218495672981,1.95271814489432,,,3.26872045549885,3.57528936034308,5.441215203409,5.89184932526945,6.99661180528351,8.27371012214539,9.45294575518211,10.0227233373484,,,,,11.0715442248111,11.7643615733358,13.317962683292,14.4668952037241
26.7999999999969,0.719587736779561,1.85213372564478,,,3.20823307753249,3.53635234507401,5.38425300464037,5.73647803766154,6.93765016936763,8.21746368266696,9.44151545428171,9.89863587043851,,,,,11.074552064405,11.6869759663515,13.3183220212811,14.4464610335379
27.3999999999968,0.657951844417481,1.75153245929837,,,3.14771557311935,3.4973959957355,5.32728947906398,5.58109593704651,6.87828614728647,8.16261423674275,9.43005988841503,9.77455011496668,,,,,11.0775586797949,11.6095989374136,13.3186818706991,14.4260192313191
27.9999999999967,0.59631082916918,1.65091440299428,,,3.08716803149298,3.45842037290432,5.27032463628253,5.42570305395024,6.81562986367577,8.11341212786121,9.41857911948265,9.65046606812396,,,,,11.080564074016,11.5322304667715,13.3190422285644,14.4055698300338
28.5999999999966,0.534664701613642,1.55027961379439,,,3.02659054177228,3.41942553707711,5.21335848587799,5.27029941885748,6.7638843977654,8.06815214061027,9.4070732093189,9.52638372710524,,,,,11.0831697874455,11.454870534688,13.319403091897,14.3851128625926
29.1999999999965,0.473013472326414,1.44962814868335,,,2.9659831929615,3.38041154867041,5.13512030337586,5.11488506221182,6.72557708440357,8.04407711061751,9.34401573229237,9.40230308910933,,,,,11.0836987351844,11.3864028615563,13.3197644577188,14.3646483618505
29.7999999999965,0.425340087575007,1.34896006456855,,,2.90721470557099,3.34137846802065,5.03623072903244,5,6.67452850937249,8.03002757823623,9.21204827840969,9.37515979206633,,,,,11.0936121071205,11.3694303683694,13.3201263230533,14.3441763606065
30.3999999999964,0.467175443108395,1.45909236242511,,,2.8944597478038,3.49254114959021,4.92376579159492,5.01800451998679,6.66674035551149,8.00089521297348,9.21498479486709,9.43289277908437,,,,,11.0518320150926,11.3745725610775,13.3189250297536,14.4195247562197
30.9999999999963,0.542740062353658,1.56920815486216,,,2.94904419986036,3.6436848593504,4.82884963265596,5.13699053426513,6.66012547675031,8.01480885653085,9.26568642597337,9.46334362800052,,,,,11.091561486636,11.4119462342316,13.3616599064227,14.4169485007992
31.5999999999962,0.618299622135085,1.67930749855408,,,3.00359914769772,3.79480965739622,4.77320743310876,5.25596594835404,6.67793324854786,8.05487785891475,9.28060266789003,9.49379616877325,,,,,11.1393498571438,11.4382889092035,13.4043952736856,14.4143648429401
32.1999999999961,0.693854133010764,1.78939045009921,,,3.05812467974644,3.9459156037437,4.71756398299222,5.37493079249076,6.71202642257133,8.09761536410318,9.29549413818918,9.52425039862091,,,,,11.1881840641551,11.4646400045914,13.4471311285722,14.4117738152194
32.799999999996,0.76940360553553,1.89945706601867,,,3.11262088432285,4.09700275832873,4.66191929174203,5.49388509687199,6.75135799805892,8.14141392608596,9.31036089824145,9.55470631476555,,,,,11.2370170738028,11.4909995007518,13.4898674681147,14.4091754501579
33.3999999999959,0.844948050260773,2.00950740275631,,,3.16708784962863,4.24807118100715,4.60627336877327,5.61282889165326,6.79062371067787,8.17954899830877,9.32520300935092,9.58516391443307,,,,,11.2858488890029,11.5173673780546,13.5326042893467,14.406569780221
33.9999999999958,0.920487477734433,2.1195415166787,,,3.22152566375081,4.39912093155465,4.55062622348017,5.73176220694899,6.83296931244115,8.21791212838022,9.34002053275544,9.61562319485329,,,,,11.334679512658,11.543743616883,13.5753415893037,14.4039568378181
34.5999999999957,0.996021898500999,2.22955946407518,,,3.27593441466175,4.55015206966683,4.49497786523606,5.85068507283239,6.87660291392044,8.25043296310955,9.35481352962654,9.64608415325984,,,,,11.3835089476578,11.5701281976335,13.6180793650229,14.4013366553031
35.1999999999956,1.07155132310151,2.33956130115782,,,3.33031419021918,4.70116465495919,4.43932830339351,5.96959751933557,6.90529423990264,8.27195454852271,9.36958206106954,9.6765467868903,,,,,11.432656499703,11.5965211007161,13.6608176135433,14.3987092649743
35.7999999999955,1.14707576207355,2.44954708406146,,,3.38466507816617,4.85215874696713,4.39086864403726,6.08849957644946,6.93797462853651,8.27811026390596,9.41445727269582,9.70701109298607,,,,,11.4881721872481,11.6534769123324,13.7035563319053,14.3960746990742
36.3999999999955,1.2087257819744,2.55951686884363,,,3.41720373520912,5.00313440514594,4.43190134454107,6.19143668456264,6.99607689977572,8.27706746000644,9.48253391318142,9.66126710118172,,,,,11.5575707717302,11.7038338726418,13.7462955171512,14.3934329897897
36.9999999999954,1.21441398867287,2.50869999057367,,,3.4617459347349,4.92662526340062,4.51828025618745,6.21409354018501,7.01630127954224,8.28351526401033,9.4714664368306,9.68417447112567,,,,,11.6134971731039,11.7556287711439,13.7320579400229,14.3445560393777
37.5999999999953,1.1821113891242,2.45786722606438,,,3.42679332536235,4.85009780649471,4.628677142695,6.24355782344617,6.99048980742007,8.25588505622489,9.45361716882651,9.73546131860993,,,,,11.606458900405,11.7858784793792,13.6040940210405,14.3788546119332
38.1999999999952,1.14980384606262,2.40701863114277,,,3.39181217820449,4.7735520936449,4.7276145122024,6.27301183687038,6.99402293540713,8.22422946410087,9.49889843401122,9.78674982756415,,,,,11.6063662499504,11.8465604584032,13.4761305600783,14.4131461373317
38.7999999999951,1.11749137000877,2.35615426155738,,,3.35680258043173,4.69698818398608,4.82655073378844,6.30245561024278,6.99081376115841,8.18729820116899,9.54415559900817,9.83803999524889,,,,,11.6070169920136,11.9072506425002,13.3481675541864,14.4474306475367
39.399999999995,1.08517397147954,2.30527417297947,,,3.32176461909923,4.62040613657299,4.92548581665969,6.33188917330741,6.97881880377254,8.14666830053348,9.5893887244582,9.88933181892882,,,,,11.6076665680602,11.9679490121738,13.2202050004156,14.4817081744568
39.9999999999949,1.05285166098836,2.25437842100307,,,3.28669838114749,4.54380601038032,5.02441977000191,6.36131255576718,6.9686745613593,8.10847143896165,9.63459787093639,9.94062529587249,,,,,11.6083149808605,12.0286555479408,13.0922428958183,14.5159787499449
40.5999999999948,1.02052444904523,2.20346706114492,,,3.25160395340235,4.46718786430261,5.12335260297988,6.39072578728381,6.95518713143595,8.06830653247862,9.67978309895152,9.99192042335229,,,,,11.6089622331714,12.0893702303316,12.964281237449,14.5502424057982
41.1999999999947,0.988192346156687,2.15254014884455,,,3.21648142257501,4.39055175715433,5.2222843247376,6.4201288974779,6.93840934702742,8.03085016636174,9.72494446894611,10.0432171986445,,,,,11.6096083277366,12.1500930398902,12.8363200223634,14.5844991737584
41.7999999999946,0.955855362825817,2.10159773946419,,,3.181330875262,4.31389774766981,5.32121494439818,6.44952191592891,6.92745248954924,7.99252914737231,9.77008204129639,10.0945156190294,,,,,11.6091341944987,12.2108239571735,12.7083592476194,14.6187490855112
42.3999999999945,0.923513509552262,2.05063988828883,,,3.14615239794522,4.23722589450332,5.43085861513251,6.47890487217513,6.9207561287809,7.98319381964924,9.82924706100338,10.1458156817909,,,,,11.6037741737958,12.2280961527296,12.5803989102763,14.6529921726869
42.9999999999945,0.904471760682481,1.9996666505262,,,3.16865519369627,4.16053625622898,5.4875912703555,6.52254741984104,6.94981663980014,8.01450546019326,9.87911558056307,10.246253093207,,,,,11.5850207496295,12.2791913991569,12.4524390073951,14.6872284668602
43.5999999999944,0.874547338482478,2.01068955802747,,,3.11038740436502,4.14802692630934,5.50359218560789,6.59650412751686,6.95442537234774,8.00844943518229,9.91740544557007,10.2604252267745,,,,,11.568993357029,12.2809709095234,12.3433699933007,14.6959039360516
44.1999999999943,0.869016821882951,2.02169718912574,,,3.11126685762357,4.13549992819042,5.4965000262212,6.60840348573433,6.98854059721817,8.02199456989542,9.89868432971361,10.3268513644608,,,,,11.5449714347502,12.2962324474961,12.3290377476627,14.6946303163462
44.7999999999942,0.863481477305026,2.0326895987964,,,3.11211872565992,4.12295532020545,5.47242129307685,6.62029289948809,7.00844046250923,8.03712990146642,9.85889020533073,10.3932791336992,,,,,11.5050491055561,12.2717249128381,12.3147059276812,14.6933499980279
45.3999999999941,0.857941315230863,2.04366684193814,,,3.11294309438215,4.11039316060817,5.44834151213602,6.63217239811129,7.02033269113027,8.06090575039579,9.81907264416899,10.4597085317925,,,,,11.4636071431551,12.2472253695283,12.300374530423,14.6920630124488
45.999999999994,0.852396346139399,2.05462897337242,,,3.11374004958423,4.09781350757218,5.42426069237601,6.64404201089531,7.03360343037001,8.08557193281312,9.77923170614087,10.526139556048,,,,,11.4221640444809,12.2227337982181,12.2860435529579,14.6907693909051
46.5999999999939,0.846846580506125,2.06557604784342,,,3.11450967694549,4.08521641919102,5.40017884275311,6.65590176709039,7.0463087506256,8.10993142887035,9.73936745109243,10.5925722037769,,,,,11.3807198121582,12.1982501795717,12.2717129923571,14.6894691646374
47.1999999999938,0.841292028803083,2.07650812001808,,,3.11525206203058,4.07260195347807,5.37609597220278,6.66775169590564,7.06174866630554,8.13780832720786,9.69947993880341,10.6590064722942,,,,,11.3392744487979,12.1737744942666,12.2573828456938,14.6881623648306
47.7999999999937,0.835732701498856,2.08742524448608,,,3.11596729028953,4.05997016836666,5.35201208963957,6.67959182650899,7.08255557697239,8.16730150163594,9.6595692289873,10.7254423589189,,,,,11.297827956998,12.1493067229938,12.2430531100426,14.686849022614
48.3999999999936,0.830168609058593,2.09832747575982,,,3.1166554470577,4.04732112170999,5.32792720395723,6.69142218802725,7.09266378409375,8.19579816019474,9.61963538129128,10.7918798609737,,,,,11.2570582662164,12.1248468464577,12.22872378248,14.6855291690611
48.9999999999935,0.824599761943977,2.10921486827447,,,3.11731661755578,4.03465487128114,5.27807642043929,6.70324280954606,7.08217816020126,8.19085326314281,9.55226556162137,10.8583189757853,,,,,11.2133571072677,12.1189867485995,12.2143948600843,14.6842028351899
49.5999999999935,0.813613762124571,2.12008747638794,,,3.05890082625251,4.02197147477313,5.25442654744655,6.70090555957525,7.06846081218909,8.17280655461828,9.4745337618075,10.8983237124533,,,,,11.1814018944414,12.0920134427937,12.2000663399352,14.6828700519626
50.1999999999934,0.805171270660044,2.08491748618849,,,3.01274135410055,4.00163660855453,5.24053292459154,6.61264855918102,7.10462036173467,8.188057790396,9.43912861534072,10.9417239159082,,,,,11.2110848536597,12.1192413044738,12.2709756580006,14.6611361134442
50.7999999999933,0.786933890390426,2.0497328200714,,,2.9347373177316,3.98128471140235,5.22376859191201,6.53331157446596,7.11374184689429,8.1814868673469,9.48262423589197,10.8481051876277,,,,,11.2409289648106,12.1153845145523,12.2873746472045,14.5784218261342
51.3999999999932,0.768691797258604,2.01453353216328,,,2.85670663482855,3.96091584076935,5.21342216601982,6.45396496568263,7.0897926797095,8.15889675782474,9.51367798494174,10.7544880614478,,,,,11.2645102277337,12.0833885968001,12.3037740299043,14.4957011820201
51.9999999999931,0.750445001709134,1.97931967651301,,,2.77864939003918,3.94053005402811,5.20307478993302,6.37460876171082,7.09387451406436,8.12704846602931,9.54470895260289,10.6608725347161,,,,,11.2880642595538,12.0514004582912,12.3201738031873,14.4129742118424
52.599999999993,0.732193514183,1.94409130709222,,,2.70056566789629,3.9201274084711,5.19272647239927,6.29524299138929,7.1032384035052,8.09511931095657,9.5757171980588,10.5672586047825,,,,,11.3116171832405,12.0194200798241,12.3365739641421,14.3302409462849
53.1999999999929,0.71393734511774,1.90884847779527,,,2.62245555281801,3.89970796131069,5.18237722214551,6.21586768351562,7.11275850494781,8.06158254878707,9.60670278042647,10.4736462690008,,,,,11.3351690012727,11.9874474422102,12.3529745098587,14.2475014159759
53.7999999999928,0.695676504947451,1.87359124243926,,,2.54431912910784,3.87927176967913,5.17202704787776,6.13648286684627,7.11995857159032,8.02586647996398,9.63766575875662,10.3800355247286,,,,,11.3587197161156,11.9554825262742,12.3693754374289,14.164755651488
54.3999999999927,0.677411004102766,1.83831965476403,,,2.46615648095462,3.85881889062859,5.16167595828118,6.05708857009652,7.12511712358184,7.98697051244021,9.6686061920337,10.2864263693274,,,,,11.3822693302214,11.9235253128544,12.3857767439464,14.0820036833381
54.9999999999926,0.65914085301088,1.80303376843217,,,2.38796769243251,3.83834938113112,5.15132396202017,5.97768482194053,7.14153101170633,7.95854304927428,9.69952413917584,10.1928188001627,,,,,11.4059871861443,11.8915757828021,12.4021784265063,13.9992455419875
55.5999999999925,0.640866062095533,1.76773363702903,,,2.30975284750107,3.81786329807868,5.14457698272404,5.89827165101131,7.1626480670109,7.94316922124813,9.75048416361115,10.0992128146037,,,,,11.4349257082926,11.8330049823572,12.4185804822056,13.9164812578418
56.1999999999924,0.620296497579316,1.73241931406266,,,2.27159309254569,3.7973606982831,5.0905192294896,5.81247863763639,7.13771028818345,7.89815775409921,9.81958027097687,10.0221022970947,,,,,11.4538999194752,11.7388619158825,12.4349829081431,13.833710861251
56.7999999999924,0.653544019353938,1.81884851197404,,,2.3239903337253,3.88671793526544,5.06521759543756,5.86006491820222,7.12295965604124,7.90189773171188,9.8734597889619,9.8650333395165,,,,,11.4085347199624,11.6472896892263,12.4974275378111,13.8499605490846
57.3999999999923,0.696012448497447,1.90526362510812,,,2.46015404136719,3.97605876888941,5.09876119816985,5.91386167449051,7.15560892522138,7.94819262035877,9.8633587977216,9.82034971972778,,,,,11.413550175078,11.5871912862792,12.6287346637275,13.8654998795312
57.9999999999922,0.738476279478071,1.99166470673965,,,2.59629202729239,4.06538325572516,5.12426975063881,5.96764912212612,7.18343200644094,8.01218802713383,9.84455071188353,9.77566767306209,,,,,11.4231833170222,11.5611626373627,12.7600421511891,13.8810331882484
58.5999999999921,0.780935522702181,2.07805181006771,,,2.73240437488612,4.15469145226411,5.14977744799126,6.02142728953622,7.18292429644145,8.08747065676803,9.82572049202759,9.73098719690663,,,,,11.4320292215396,11.5351415572046,12.8913499973005,13.8965605053636
59.199999999992,0.82339018857282,2.16442498821406,,,2.86849116741998,4.2439834149176,5.17528429874572,6.0751962051069,7.17779071727825,8.16932944026106,9.80686819660813,9.68630828865393,,,,,11.4408740444599,11.5091280267495,13.0226581991691,13.9120818609483
59.7999999999919,0.865840287489579,2.25078429422324,,,3.00455248805093,4.33325920001684,5.20079031139965,6.12895589718311,7.17105031765778,8.25172136300561,9.7879938840131,9.64163094570039,,,,,11.449717788116,11.4831220269562,13.1539667539036,13.9275972850186
60.3999999999918,0.908285829848592,2.33712978106254,,,3.14058841982129,4.42251886381295,5.22629549442973,6.18270639406864,7.16703412403237,8.33305696591474,9.76909761256418,9.5969551654463,,,,,11.4585604548274,11.4571235387966,13.2852756586147,13.9431068075346
60.9999999999917,0.950726826042556,2.42346150162196,,,3.27659904565871,4.51176246247693,5.25179985629175,6.23644772402615,7.16117698868482,8.41344162229205,9.75017944051677,9.55228094529577,,,,,11.4674020469006,11.431132543256,13.4165849104148,13.958610458401
61.5999999999916,0.993163286460709,2.50977950871427,,,3.41258444837619,4.6009900520997,5.27730340542064,6.29017991527712,7.15659887481237,8.4843074220161,9.73123942606,9.50760828265685,,,,,11.4762872242692,11.4051490213333,13.5478945064179,13.9741082674668
62.1999999999915,1.03559522148884,2.59608385507497,,,3.5485447106721,4.69020168869206,5.31936737969027,6.34390299600192,7.16319681762435,8.53962582262961,9.7095038855159,9.46293717494144,,,,,11.4847868851116,11.3935615205935,13.6792044437397,13.9896002645252
62.7999999999914,1.07233190460265,2.68237459336232,,,3.64136588289109,4.7793974281847,5.40159555073307,6.38745388230971,7.15713294165988,8.59213073509454,9.70063321968002,9.3893667840742,,,,,11.47288868359,11.3879556786829,13.8105147194978,14.0050864793138
63.3999999999914,1.04110084496475,2.62643923416701,,,3.65413474739809,4.66250037939705,5.44610281742121,6.31458684346232,7.08221146276466,8.55209804511175,9.6639177507439,9.42344854476261,,,,,11.4725349228411,11.3202398622048,13.7923730020818,13.962734557353
63.9999999999913,0.995841511424289,2.57049037198104,,,3.57408564416107,4.54558754512784,5.36681889497307,6.26347577897679,6.96366233635145,8.46272622469297,9.6227283710661,9.4294358880328,,,,,11.4197949963542,11.2503955834598,13.7067461672827,13.962598442719
64.5999999999912,0.950577694002262,2.51452805923291,,,3.49401173014801,4.42865898107037,5.30650703768038,6.21235571627528,6.90084492836989,8.35534998282484,9.60449002341538,9.43542477591241,,,,,11.3804604367852,11.2358504779189,13.6211196622815,13.9624566346947
65.1999999999911,0.905309403067417,2.45855234827183,,,3.41391308748533,4.31171474283494,5.24619441782658,6.16122668333208,6.82603053038129,8.22531596872221,9.58623018109855,9.44141520583313,,,,,11.3434853204807,11.2213127322701,13.5354934842035,13.9623091627944
65.799999999991,0.860036648984841,2.40256329136977,,,3.33378979818348,4.19475488595172,5.18588104370036,6.11008870808063,6.74820204832304,8.08163633049273,9.56794890184049,9.4474071752301,,,,,11.3065091475117,11.206782327605,13.4498676301746,13.9621560564776
66.3999999999909,0.81475944211618,2.34656094072143,,,3.25364194413822,4.07777946587078,5.12556692356981,6.05894181841323,6.6719233379774,7.94010634446567,9.54964624330012,9.45340068154235,,,,,11.2695319200653,11.1922592450292,13.3642420973225,13.9619973451477
66.9999999999908,0.769477792819619,2.29054534844426,,,3.1734696071307,3.96078853796209,5.06525206568224,6.00778604218102,6.59266145840714,7.79959277399853,9.53132226307003,9.45939572221275,,,,,11.2325536403152,11.1777434656621,13.2786168827767,13.9618330581528
67.5999999999907,0.724191711449906,2.23451656657845,,,3.09327286882739,3.84378215751552,5.004936478264,5.95662140719401,6.51528688020076,7.66463800263129,9.51297701867665,9.46539229468809,,,,,11.1955743104221,11.1632349706361,13.1929919836683,13.9616632247852
68.1999999999906,0.678901208358324,2.17847464708693,,,3.01305181078012,3.72676037974081,4.94462016952063,5.90544794122106,6.42731736450973,7.53265474768804,9.49461056758002,9.47139039641902,,,,,11.1582190114238,11.1487337410972,13.1073673971302,13.9614878742814
68.7999999999905,0.633606293892719,2.12241964185537,,,2.93280651442605,3.60972325976763,4.88272427529474,5.85426567198984,6.32377318803454,7.41162373698184,9.4579119827909,9.47739002486003,,,,,11.1153582403108,11.187927838663,13.0217431202968,13.9613070358226
69.3999999999905,0.60474376699299,2.0663516026922,,,2.88057493908656,3.49267085264552,4.80512779120208,5.83932135822695,6.28548586847122,7.34266116532742,9.4012391204384,9.46831527324962,,,,,11.1068445946191,11.285886181586,12.9361191503045,13.9611207385339
69.9999999999904,0.608203361220183,2.11774938041013,,,2.85043176511264,3.52608755307019,4.79920550202443,5.84160059123196,6.30740373524122,7.33496749701224,9.33951499719321,9.4528967922018,,,,,11.0759759768542,11.4450608335951,12.9516557153704,13.9953938676392
70.5999999999903,0.626509134380211,2.16913422758323,,,2.84411478149588,3.55948907620712,4.87648246564061,5.80603679409964,6.35297755425897,7.35259025511673,9.27475824841289,9.47526250556028,,,,,11.0451529464758,11.5789919412144,13.0115836929425,14.0186860105623
71.1999999999902,0.644810537523317,2.22050619578643,,,2.83777388417486,3.59287547686315,4.92447810017508,5.77046430420774,6.36055617812199,7.39891835347222,9.19885284448367,9.49762973548629,,,,,11.0090383697571,11.6336694228566,13.0715119687753,14.0419727816973
71.7999999999901,0.663107580979852,2.27186533651912,,,2.83140915401313,3.62624680976741,4.97247306217932,5.73488314907881,6.4078784688823,7.46962170387547,9.12292657721976,9.51999847945309,,,,,10.9711479793211,11.6883540571412,13.1314405400112,14.065254209947
72.39999999999,0.681400275076956,2.32321170120342,,,2.82502067175995,3.65960312956893,5.02046735971341,5.69929335619369,6.46466342372699,7.54684056124964,9.04697950361747,9.54236873493846,,,,,10.9332565555494,11.7430458253091,13.1913694037951,14.0885303241584
72.9999999999899,0.699688630138319,2.37454534118422,,,2.81860851804989,3.69294449083664,5.06846100081605,5.66369495299199,6.521915517658,7.62039487122528,8.97101168060667,9.56474049942402,,,,,10.8953641004834,11.7977447086133,13.2512985572734,14.1118011531229
73.5999999999898,0.717972656484185,2.42586630772914,,,2.81217277340293,3.72627094805936,5.11645399350511,5.62808796687221,6.57930505208893,7.69304121864012,8.89502316505096,9.58711377039529,,,,,10.8574706161511,11.8524506883201,13.3112279975943,14.1350667255759
74.1999999999897,0.736252364431342,2.47717465202854,,,2.80571351822437,3.75958255564579,5.16444634577761,5.59247242519173,6.63550992885448,7.76183182226834,8.81901401374768,9.60948854534167,,,,,10.8195761045675,11.9071637457093,13.3711577219078,14.1583270701977
74.7999999999896,0.754527764293134,2.52847042519551,,,2.79923083280484,3.79287936792456,5.21243806560969,5.55684835526671,6.71074438253144,7.84147615371009,8.74298428342787,9.63186482175642,,,,,10.781361061376,11.9618838620741,13.4310877273655,14.1815822156123
75.3999999999895,0.772798866379449,2.57975367826592,,,2.79272479732034,3.82616143914416,5.24586444996185,5.52121578437223,6.81742021534205,7.92990000529237,8.69274486856823,9.65424259713667,,,,,10.7506465131374,11.9492764759273,13.4910180111207,14.2048321903886
75.9999999999895,0.779011395064677,2.63102446219834,,,2.76847841447181,3.85942882347301,5.28925072244241,5.46092919840033,6.86602996201732,7.98993487801762,8.66645168935764,9.71343400768587,,,,,10.7042437441644,11.8826558383687,13.5509485703285,14.2280770230395
76.5999999999894,0.803762871731387,2.61029482274165,,,2.7466435676896,3.87689456375394,5.24448225495325,5.54947410221993,6.95900719573371,8.0492748605961,8.72564152745001,9.75253366832103,,,,,10.7590709051735,11.8043792282886,13.5793375423537,14.2376115129498
77.1999999999893,0.821687266896274,2.58955281583111,,,2.70951783259004,3.89434572524032,5.23289860213034,5.68705296267647,7.07778383321039,8.1162294714191,8.83107382952416,9.74163925475855,,,,,10.8592767161993,11.7731171712002,13.6068614892997,14.2709781124951
77.7999999999892,0.839607405490627,2.56879849219483,,,2.67236906698268,3.91178236186053,5.24548540694565,5.82462343085311,7.19769560900785,8.14807182687935,8.92099854292832,9.73074633018797,,,,,10.9376017578741,11.8136826280645,13.6343857031737,14.3043396551204
78.3999999999891,0.857523297807209,2.54803190248235,,,2.63519735047054,3.92920452746254,5.25807162673999,5.96218553381826,7.29468410700237,8.18099495640872,9.01090301631015,9.7198548921267,,,,,11.0192490427237,11.8542550319455,13.6619101811374,14.3376961691155
78.999999999989,0.875434954135213,2.52725309726599,,,2.59800276254168,3.94661227581424,5.27065726934311,6.0997392986001,7.38812374468535,8.21782550411342,9.10078730593703,9.70896493809511,,,,,11.100895315963,11.8948343642285,13.6894349203546,14.3710476827151
79.5999999999889,0.893342384760379,2.50646212704079,,,2.56078538256953,3.96400566060341,5.28324234256432,6.2372847521856,7.48009095815003,8.25937374488405,9.1906514680098,9.69807646561747,,,,,11.1825405794875,11.9354206063139,13.7169599179905,14.4043942240983
80.1999999999888,0.911245599964999,2.48565904222453,,,2.52354528981286,3.9813847354377,5.2958268541921,6.37482192152065,7.57383718512601,8.30270149879292,9.28049555866304,9.68718947222192,,,,,11.2641848351795,11.976013739615,13.744485171212,14.4377358213883
80.7999999999887,0.929144610027913,2.46484389315777,,,2.4862825634158,3.99874955384471,5.30841081199407,6.5123508335099,7.66972410737609,8.34899665758745,9.370319633965,9.67630395544045,,,,,11.3458280849081,12.016613745559,13.772010677188,14.4710725026528
81.3999999999886,0.947039425224515,2.44401673010376,,,2.44899728240779,4.01610016927187,5.32099422371698,6.64987151501694,7.7563685516933,8.38121044602717,9.46012374991772,9.66541991280896,,,,,11.428078658622,12.057220605586,13.7995364330889,14.5044042959039
81.9999999999885,0.964930055826741,2.42317760324853,,,2.41168952570368,4.03343663508657,5.3315036380983,6.78738399286414,7.82367412326086,8.40692573272915,9.52611238463249,9.65453734186719,,,,,11.5085510105903,12.1285134593838,13.8270624360867,14.5377312290977
82.5999999999885,0.987083543889084,2.40232656270085,,,2.39679366468539,4.05075900457604,5.31745419766468,6.92867975153769,7.90046625261427,8.40075186282525,9.5451605657393,9.6379182344792,,,,,11.59571660706,12.2109749890408,13.8545886833553,14.5710533301351
83.1999999999884,0.952410471163943,2.37145832280609,,,2.3742758325979,4.03968162278816,5.31369983974609,6.88314955593469,7.83191827276709,8.34744838225984,9.49748868122776,9.60174162503448,,,,,11.5552513852902,12.2578599319842,13.783554135132,14.5188877646034
83.7999999999883,0.927555918915043,2.34057826920444,,,2.40880399056503,4.02859025100871,5.28673792991556,6.83999781698955,7.73690628058731,8.27802967399901,9.47981792401156,9.53928666598387,,,,,11.4732007556569,12.2597316935563,13.675451288731,14.4375592315739
84.3999999999882,0.902697223125227,2.30968645177307,,,2.44330998734988,4.01748494228518,5.24575513177813,6.79683798126273,7.66629976293031,8.25321910216797,9.4864362272711,9.47683316882025,,,,,11.4338228988752,12.2187010949158,13.5673486781319,14.3562259497553
84.9999999999881,0.877834394048996,2.27878292031173,,,2.4777939012929,4.0063657495844,5.20477183360401,6.75367007537084,7.58929804647927,8.21421661108126,9.49303490580212,9.41438113110327,,,,,11.3895548233702,12.1776772392806,13.459246300516,14.2748879468262
85.599999999988,0.852967441937591,2.24786772454287,,,2.51225581062098,3.99523272579311,5.16378804299427,6.71049412588937,7.50725816078018,8.17209888344233,9.4996140151422,9.35193055039592,,,,,11.3452857563765,12.1366601081853,13.3511441530657,14.193545250409
86.1999999999879,0.828096377038802,2.21694091411173,,,2.54669579344637,3.98408592371794,5.12280376752886,6.66731015935268,7.42730680666514,8.12668207624357,9.50617361076315,9.28948142426508,,,,,11.301015699644,12.0956496831775,13.2430422329651,14.1121978880703
86.7999999999878,0.803221209596975,2.18600253858626,,,2.58111392776666,3.97292539608541,5.08181901476683,6.62411820225397,7.34727094830644,8.08081038296118,9.5127137480705,9.22703375028151,,,,,11.2567446549091,12.0546459458179,13.1349405374,14.0308458873212
87.3999999999877,0.778341949852997,2.15505264745718,,,2.61551029146479,3.96175119554193,5.0408337922464,6.58091828104529,7.26565613711706,8.03076765402625,9.51923448240347,9.16458752601984,,,,,11.212472623895,12.0136488776806,13.0268390635578,13.949489275617
87.9999999999876,0.75345860804431,2.12409129013792,,,2.64988496230905,3.95056337465384,4.99984810748497,6.53771042213755,7.18048576850986,7.98317508968814,9.52573586903505,9.10214274905856,,,,,11.1683591303706,11.9726584603532,12.9187378086279,13.8681280803573
88.5999999999875,0.728571194404909,2.09311851596469,,,2.68423801795308,3.93936198590733,4.97667117832873,6.49449465190047,7.09281830681556,7.93113102996381,9.55074983513317,9.03969941698005,,,,,11.111192265884,11.947181363742,12.8106367698011,13.7867623288862
89.1999999999875,0.703635769479559,2.06213437419641,,,2.71298971115158,3.92814708170851,4.94103059925225,6.42935068003117,7.02322454280056,7.91880260464923,9.62185827609114,9,,,,,11.0652386152384,11.9458606593727,12.70253594427,13.705392048492
89.7999999999874,0.721800447553205,2.09684915910919,,,2.75793966776365,3.90795127966553,4.95771086513481,6.40729358332545,7.07076406495711,7.94067660094921,9.66072385574374,9.00295848455993,,,,,11.0812154743425,11.9889431681686,12.7649601299157,13.7582377106944
90.3999999999873,0.738035376926161,2.13155267471439,,,2.77693268788246,3.88774206674195,4.92891628549966,6.34746498108898,7.09115975389604,7.96879705028823,9.62217625036779,9.09461289928916,,,,,11.0878912614527,12.0502222929046,12.8436131062537,13.7559235245671
90.9999999999872,0.754266275369828,2.16624497003781,,,2.7959044022685,3.86751949510376,4.94518474373203,6.2876285725899,7.06395699897112,7.93684187891329,9.57205948266676,9.18626874927129,,,,,11.0574849142427,12.0554700917719,12.9222662874759,13.7536048910467
91.5999999999871,0.770493153100987,2.20092609402934,,,2.81485488800269,3.84728361683665,4.96145278439062,6.22778438399301,7.04702391749217,7.91235206980011,9.52192369751008,9.27792603210619,,,,,11.0285727364232,12.0607244312538,13.0009196707814,13.7512818371999
92.199999999987,0.786716020332932,2.23559609556164,,,2.83378422205076,3.8270344839462,4.97772041484587,6.16793244142115,7.03819695708459,7.8891323056003,9.47176894970705,9.3695847453995,,,,,10.9996595856331,12.065985293033,13.0795732533714,13.7489543900368
92.7999999999869,0.802934887275503,2.2702550234301,,,2.85269248126377,3.8067721483579,4.99398764244834,6.10807277095605,7.02730304067658,7.86967814228024,9.42159529400043,9.4612448867607,,,,,10.9707454634765,12.0712526588038,13.1582270324488,13.7466225765118
93.3999999999868,0.819149764135095,2.30490292635284,,,2.87157974237813,3.78649666191712,5.01025447452769,6.04820539863823,7.01656122022794,7.84981946678635,9.37140278506672,9.55290645380317,,,,,10.941830371544,12.0765265102744,13.2368810052182,13.7442864235235
93.9999999999867,0.835360661114646,2.33953985297074,,,2.89044608201561,3.76620807638912,5.02652091839274,5.98833035046711,7.00844531274898,7.83347908902844,9.32119147751611,9.64456944414417,,,,,10.9129143114131,12.0818068291659,13.3155351688859,13.7419459579149
94.5999999999866,0.851567588413649,2.37416585184744,,,2.90929157668331,3.74590644345909,5.0427869813315,5.92844765240094,7.00732837344938,7.819368558082,9.27096142589253,9.7362338554048,,,,,10.8834411029027,12.0870935972131,13.3941895206598,13.7396012064735
95.1999999999865,0.867770556228147,2.40878097146928,,,2.92811630277369,3.72559181473208,5.04902267825483,5.8685573303568,7.00444224288377,7.79973010868179,9.20015794704349,9.82789968521006,,,,,10.8764736931734,12.0354981118501,13.4728440577496,13.7372521959309
95.7999999999865,0.88517387104008,2.44338526024537,,,2.94572010336077,3.70526424173305,5.09511062261476,5.81232858277775,6.97321469526229,7.73476812385797,9.08021784896241,9.88238358812342,,,,,10.8360041749981,11.9581457548547,13.5514987773669,13.7348989529632
96.3999999999864,0.870552080679036,2.40437908592358,,,2.92506278042853,3.68827028381498,5.09189233881507,5.77999720446642,6.88789235646411,7.68440792079824,9.04935511421177,9.95288799728923,,,,,10.7644466759894,11.8498319318374,13.5087529692064,13.5970146702956
96.9999999999863,0.827342721220892,2.36536217734081,,,2.83076298304597,3.67126348443458,5.05683547759237,5.72934075466624,6.8260396342607,7.62810345695883,9.02748347304388,9.92110047464886,,,,,10.7626599910971,11.7554395109951,13.4899475681638,13.5817209053405
97.5999999999862,0.784129443027262,2.32633458267607,,,2.73644272150771,3.65424389487641,4.96502266019126,5.67867678414459,6.81755862372608,7.62231422770152,9.02320188460617,9.88931436108954,,,,,10.7732056542767,11.7586992435338,13.4711423412937,13.5664229876572
98.1999999999861,0.740912256277586,2.28729635002943,,,2.64210207163463,3.63721156634501,4.87320950515244,5.62800531861326,6.80397151964425,7.61120577167563,9.01890187796765,9.85752965425796,,,,,10.7841083050545,11.7619653159198,13.4523372858138,13.5511209436962
98.799999999986,0.697691171147207,2.24824752742371,,,2.54774110913126,3.62016654996482,4.78139601961926,5.57732638374243,6.78275075062027,7.5960180926668,9.01458350720795,9.82574635180235,,,,,10.7950099997762,11.7652377099791,13.4335323989439,13.5358147998553
99.3999999999859,0.654466197808019,2.20918816280448,,,2.45335990958748,3.60310889678018,4.68958221071283,5.52664000516118,6.76211689450824,7.57813294688681,9.01024682634083,9.79396445137484,,,,,10.8059107399,11.7685164075536,13.4147276779058,13.5205045824764
99.9999999999858,0.611237346428462,2.17011830404004,,,2.35895854847854,3.58603865775531,4.59776808553345,5.47594620845739,6.74150817778765,7.55991026648216,9.00589188931366,9.76218395063142,,,,,10.8168105268707,11.7718013904984,13.3959231199229,13.5051903178459
100.599999999986,0.568004627173531,2.13103799892144,,,2.26453710116502,3.56895588377434,4.50595365116055,5.42524501917782,6.71658244192804,7.53793621952047,9.00151875000763,9.73040484723196,,,,,10.8277093621201,11.775092640682,13.3771187222202,13.4898720321946
101.199999999986,0.524768050204763,2.09194729516247,,,2.17009564289285,3.55186062564129,4.41413891465273,5.37453646282808,6.68013767321344,7.51191863127353,8.99712746223765,9.6986271388402,,,,,10.8387951906953,11.7783901399864,13.3583144820245,13.4745497516975
101.799999999986,0.481527625680257,2.05284624039966,,,2.07563424879329,3.53475293408007,4.32364245765626,5.32382056487262,6.63962568342044,7.50339700692875,9.02196357436478,9.66685082312376,,,,,10.8350935912592,11.8324975050623,13.3395103965644,13.459223502474
102.399999999985,0.436450622999652,2.01373488219229,,,2,3.5176328597345,4.22610159288437,5.33968425314671,6.65669987005359,7.56140532012404,9.10891842331051,9.65058405198669,,,,,10.8650383089953,11.9108753422083,13.32070646307,13.4438933105877
102.999999999985,0.449066078501545,2.0481226834965,,,2.00819456032832,3.58085033223136,4.19900580952236,5.38036805517859,6.70400057796047,7.6005692098936,9.17431258626924,9.5961268967973,,,,,10.9426692808438,12.0089739133366,13.3273921565697,13.5845208112457
103.599999999985,0.482199496633695,2.08250027624472,,,2.08065709360502,3.64405552299313,4.28644347549061,5.47339691040779,6.7431209586326,7.64836290497641,9.24398334432934,9.62480324524026,,,,,10.9457606337116,12.0741988135139,13.294713278166,13.6271659285851
104.199999999985,0.515329107808473,2.11686770776266,,,2.15309999043451,3.70724848242135,4.40885831989713,5.56641852547886,6.75628168163324,7.67774486825796,9.29800486033579,9.65348097706979,,,,,10.9458336984713,12.0432907663805,13.2620345434279,13.6698071811166
104.799999999985,0.548454922166222,2.15122502530058,,,2.22552332537321,3.77042926083942,4.53127290408318,5.65943292564922,6.77857215659552,7.71193833989841,9.35200854937548,9.68216008997083,,,,,10.9471677311073,12.0123888599379,13.2293559495934,13.7124445946836
105.399999999985,0.581576949844336,2.18557227603147,,,2.29792717286449,3.83359790849062,4.65368723496046,5.75244013613643,6.80253273425397,7.75436088568825,9.40599446479971,9.71084058163425,,,,,10.9485008229981,11.9814930761641,13.1966774939014,13.7550781950714
105.999999999985,0.614695200976757,2.21990950705107,,,2.37031160723707,3.89675447553815,4.77610131942071,5.84544018211688,6.82535835295687,7.79568276687215,9.45996265989318,9.73952244975477,,,,,10.949832975456,11.9506033970481,13.1639991735922,13.7977080080098
106.599999999985,0.647809685693975,2.25423676537785,,,2.44267670270499,3.95989901206507,4.89851516433487,5.93843308872584,6.84479563737182,7.83647782699306,9.51391318787429,9.76820569203104,,,,,10.9511641897801,11.9197198045921,13.1313209859081,13.8403340591728
107.199999999985,0.680920414123032,2.28855409795302,,,2.51502253336766,4.02303156807437,5.02092877655295,6.03141888105741,6.86455119713277,7.88402091372669,9.56784610189518,9.79689030616552,,,,,10.9524944672563,11.888842280812,13.0986429280929,13.8829563741789
107.799999999985,0.714027396387526,2.32286155164057,,,2.58734917320983,4.08615219348893,5.14334216290415,6.12439758416455,6.89200292132602,7.93838128516462,9.62176145504167,9.82557628986459,,,,,10.9539615023568,11.8579708077367,13.0659649973922,13.9255749785907
108.399999999985,0.747130642607596,2.35715917322718,,,2.6596566961016,4.1492609381515,5.26137324689345,6.21736922305904,6.94936693108715,7.98896203646155,9.65556176648499,9.85426364083847,,,,,10.9629597628196,11.8025539430255,13.0332871910533,13.9681898979153
108.999999999984,0.774225245255606,2.39144700942231,,,2.70134873561022,4.21235785182475,5.36217751244518,6.2226906036274,6.95925824598835,8.00188499576436,9.69245325087288,9.86203689805635,,,,,10.9541656342513,11.6895365186574,13.0006095063252,14.0108011576042
109.599999999984,0.752234841552547,2.35428926018091,,,2.68820436112844,4.16747584867824,5.38601844589421,6.14939255863065,6.91724505151175,7.9992371419354,9.66973926985573,9.88019060232411,,,,,10.8658487915094,11.5810848621087,12.9170712794758,13.9454039447114
110.199999999984,0.738166334315341,2.31712181873331,,,2.71459636397578,4.12258211382462,5.32565376994218,6.03977158643182,6.87351757233183,7.96632814537902,9.68207758656068,9.88143509438878,,,,,10.8288587439502,11.4614450155248,12.8272199578748,13.9375496969287
110.799999999984,0.724094131479985,2.27994473155903,,,2.74096954420762,4.07767669678904,5.22904111600734,5.93014364965512,6.82829580079244,7.91668454313424,9.68504642947807,9.8826809446075,,,,,10.8022120937233,11.4435168063402,12.7373687496417,13.9296918655319
111.399999999984,0.710018243149171,2.24275804505849,,,2.76732397511976,4.03275964701376,5.13242827674186,5.82050877310756,6.77704867158495,7.85828755136948,9.68799802864418,9.88392815071034,,,,,10.7758305594165,11.4255945403188,12.6475176520325,13.9218304757483
111.999999999984,0.69593867942234,2.20556180555485,,,2.79365972989439,3.98783101386091,5.03581525882992,5.71086698155404,6.72498969554584,7.78907105937845,9.69093243668115,9.88517671043077,,,,,10.7494480980716,11.4076781995807,12.5576666623047,13.9139655527508
112.599999999984,0.681855450395485,2.16835605929403,,,2.81997688159902,3.94289084661253,4.93920206893386,5.60121829971832,6.67566341813882,7.72083349166186,9.69384970614462,9.88642662150616,,,,,10.7230647108551,11.3897677662621,12.4678157777175,13.9060971216569
113.199999999984,0.667768566161151,2.13114085244466,,,2.84627550318655,3.89793919447055,4.84258871369522,5.49156275228298,6.62946779413408,7.65369490026733,9.69674988952398,9.88767788167775,,,,,10.6966803989205,11.3718632225126,12.377964995532,13.8982252075284
113.799999999984,0.653678036808427,2.09391623109815,,,2.87255566749518,3.85297610655681,4.74597519973461,5.3819003638895,6.5878440030439,7.58070040063495,9.69963303924229,9.88893048869061,,,,,10.6702951634077,11.3539645504949,12.2881143130109,13.8903498353713
114.399999999984,0.63958387242296,2.05668224126862,,,2.8988174472485,3.80800163191302,4.64936153365184,5.27223115913819,6.54070177884964,7.50466127974801,9.70249920765641,9.89018444029376,,,,,10.6433232959967,11.3360717323855,12.1982637274183,13.882471030136
114.999999999984,0.62548608308694,2.01943892889296,,,2.92506091505543,3.76301581950081,4.56652516812664,5.16255516258819,6.46232181601255,7.41295064472146,9.71965791366791,9.89143973424003,,,,,10.6132899755067,11.302400040565,12.1084132360206,13.8745888167172
115.599999999983,0.619226732553076,1.98218633983078,,,2.97361638625009,3.71801871820169,4.54058135630581,5.1173717761714,6.43575323335888,7.34860315599614,9.69241766394044,9.89513558639678,,,,,10.5931728924725,11.3572512833298,12.0185628360854,13.8667032199541
116.199999999983,0.663422181063409,2.06494544988335,,,3.00833420775857,3.82212393829122,4.56309028973734,5.21805902976742,6.50285500317649,7.36620510529951,9.68015853613315,9.90432056938872,,,,,10.7257368122084,11.4198093183272,12.1000642687265,13.9230312845113
116.799999999983,0.695997542157471,2.14769537474019,,,2.97607641843054,3.92621796702068,4.63393317809993,5.35061872104154,6.59580550293412,7.43405164051287,9.63225084979478,9.886958719686,,,,,10.8240089284549,11.5351327255774,12.2487086072567,13.992217533634
117.399999999983,0.728569318594932,2.23043616002582,,,2.9438006064434,4.03030085302715,4.74855245645555,5.48317171834298,6.7107409094175,7.54519858301129,9.60874960316105,9.86959820337585,,,,,10.9087267797785,11.616541101077,12.3973530290649,14.061400473596
117.999999999983,0.761137520441054,2.31316785129085,,,2.91150684383467,4.13437264487173,4.86317162185108,5.61571804602426,6.83456985549319,7.68312172151767,9.58523168797288,9.85223901823123,,,,,10.9927777975934,11.6979552238228,12.545997531424,14.1305801290133
118.599999999983,0.793702157757336,2.39589049400861,,,2.87919520252536,4.23843339103542,4.97779068073912,5.74825772839763,6.96685675498544,7.8269740295729,9.56169715612246,9.83488116202824,,,,,11.0768279004738,11.7793750760855,12.6946421116102,14.1997565244466
119.199999999983,0.826263240601817,2.47860413357518,,,2.84686575432181,4.3424831399191,5.09240963955264,5.8807907897342,7.09809557002255,7.97116345386071,9.5381460594364,9.81752463254686,,,,,11.1608770894404,11.8608006401486,12.8432867669015,14.268929684401
119.799999999983,0.858820779029092,2.56130881530937,,,2.81451857091572,4.44652193984357,5.20702850470373,6.01331725426394,7.2296272699486,8.11535872143403,9.51457844967502,9.80016942757093,,,,,11.2449253655009,11.9422318983088,12.9919314945779,14.3380996333259
120.399999999983,0.891374783090303,2.64400458445276,,,2.78215372388414,4.55054983904949,5.32164728258364,6.14583714617562,7.35791512259346,8.2634293097237,9.49099437853239,9.7828155448882,,,,,11.3289727296494,12.0236688328762,13.1405762919206,14.4072663956152
120.999999999983,0.923925262833145,2.72669148616964,,,2.74977128468946,4.65456688569745,5.43626597956281,6.27835048961693,7.4951189834486,8.41946969306392,9.46739389763629,9.76546298229026,,,,,11.4140503642456,12.1051114261742,13.2892211562128,14.4764299956069
121.599999999983,0.956472228301861,2.80936956554707,,,2.71737132467942,4.75857312786793,5.53493175248781,6.41085730869436,7.64883563928477,8.59338814848279,9.41006593762019,9.74811173757257,,,,,11.4974502327228,12.2340732601901,13.4378660847395,14.5455904575833
122.199999999982,0.988189029535714,2.89203886759484,,,2.67822130687205,4.86256861356127,5.56204302369513,6.52679083764632,7.72914256962411,8.70084196323687,9.36341479597891,9.77687817003228,,,,,11.5580661141722,12.2980836236951,13.5865110747873,14.6147478057714
122.799999999982,0.965651585146757,2.87521157101074,,,2.69635947418617,4.75604958629803,5.55902584521497,6.55730418341311,7.76279640198576,8.73962444691498,9.36802192460903,9.78242525267787,,,,,11.4875775596058,12.3570817202432,13.6105953078281,14.6177059781001
123.399999999982,0.963449349472794,2.85837558688189,,,2.74735685760026,4.64951989831191,5.54478036528584,6.57728649137438,7.80839113181589,8.80179855817195,9.34927956436186,9.85136238520776,,,,,11.4462256576104,12.3959182628046,13.5915209536565,14.5894714997082
123.999999999982,0.96124363966778,2.8415309599892,,,2.7983370044444,4.54297959736915,5.52935733951283,6.59726237098598,7.81426005692316,8.84540681566875,9.31084767047166,9.92030082684043,,,,,11.4187404345975,12.3940352357998,13.5724466528747,14.5612339798732
124.599999999982,0.959034465758106,2.82467773503346,,,2.84929998549208,4.4364287311497,5.51393427062351,6.61723184614898,7.80237092409838,8.84304638767846,9.27239967520225,9.98924057538886,,,,,11.3898935231333,12.3921577617465,13.5533724027774,14.5329934426002
125.199999999982,0.956821837767314,2.80781595663815,,,2.90024587140315,4.3298673472534,5.49851116484234,6.637194940723,7.78054065135904,8.84084176888509,9.23393562971807,10.0581816286718,,,,,11.3610457072344,12.3902858230631,13.5342982006596,14.5047499118376
125.799999999982,0.954605765715501,2.79094566934954,,,2.95117473272276,4.22329549319999,5.48308802837288,6.65715167852648,7.75669060427131,8.84013110435266,9.19545558511667,10.1271239845118,,,,,11.3321969877759,12.38841940218,13.5152240438182,14.4765034114781
126.399999999982,0.952386259619312,2.7740669176366,,,3.00208663988143,4.11671321642912,5.46766486739787,6.67710208333674,7.73211644522294,8.83768289936,9.15695959242935,10.1960676407353,,,,,11.3033473656196,12.3865584815412,13.4961499295518,14.4482539653589
126.999999999982,0.950163329491936,2.75717974589109,,,3.05298166319504,4.01012056430031,5.45224168807914,6.69704617888991,7.70470967655151,8.82933812216616,9.11844770262111,10.2650125951728,,,,,11.2744968416139,12.3847030436041,13.4770758551606,14.4200015972613
127.599999999982,0.947936985343119,2.74028419842747,,,3.10385987286479,3.90351758409299,5.43681849655772,6.71698398888103,7.67049149759716,8.80415000059207,9.07991996659069,10.3339588456583,,,,,11.2448163057495,12.3828530708393,13.4580018179465,14.3917463309113
128.199999999982,0.945707237179154,2.72338031948298,,,3.15472133897724,3.79690432300649,5.44039996233708,6.73691553696394,7.61857498913902,8.75085221437326,9.07525485710934,10.4029063900301,,,,,11.2127511356083,12.3422405483421,13.4389278152132,14.3634881899787
128.799999999981,0.939358067846096,2.70646815321756,,,3.20632373165917,3.69028082816003,5.45556652800996,6.73528223179089,7.61765463575238,8.76040880046515,9.05971265716955,10.4089180987235,,,,,11.1976496660665,12.3355277465403,13.4198538442661,14.3352271980782
129.399999999981,0.948330054820292,2.64505298267576,,,3.1881850801421,3.69983602966931,5.4582018246508,6.72237967020326,7.56744553704283,8.72428536583237,9.02845501957855,10.3952669276156,,,,,11.2188038143633,12.2932738965276,13.3514831363499,14.3908036833484
129.999999999981,0.934590710342606,2.58362961289983,,,3.13601126127705,3.70938109142035,5.41251461638016,6.68300011503388,7.44830284895296,8.61296152215901,9.05425765878032,10.3102178988408,,,,,11.2058493668835,12.2430785826407,13.2675880607625,14.4047822002342
130.599999999981,0.920848001839744,2.52219808781932,,,3.08382097805336,3.71891606028846,5.32754603786871,6.6436143921594,7.34931764909568,8.47123514325557,9.09349574288908,10.2251701553411,,,,,11.1806282533051,12.2245840202847,13.1836930088872,14.4187579366599
131.199999999981,0.907101939301453,2.46075845128518,,,3.03161429998539,3.72844098307244,5.24257748356145,6.60422252502876,7.26809929361335,8.37304463935067,9.13271828477672,10.1401236949762,,,,,11.1568905374683,12.2060948182071,13.0997979780367,14.4327309160188
131.799999999981,0.893352532713325,2.39931074707109,,,2.97939129647179,3.73795590649099,5.15760895945464,6.5648245370489,7.1908102224267,8.2711630465672,9.17192533487759,10.0550785156074,,,,,11.1331519260932,12.1876109589714,13.0159029655249,14.4467011616469
132.399999999981,0.879599792057507,2.33785501887345,,,2.92715203679655,3.74746087718272,5.07264047152249,6.52542045158562,7.11529964916654,8.16442423318066,9.21111694356027,9.97003461510008,,,,,11.109412419909,12.1691324251552,12.9320079686673,14.4606686968247
132.999999999981,0.865843727312694,2.27639131031145,,,2.87489659012901,3.7569559417061,4.98767202571829,6.4860102919636,7.0403844556055,8.06036278688776,9.25029316112698,9.88499199132318,,,,,11.0856720196317,12.1506591993497,12.8481129847815,14.4746335447769
133.599999999981,0.852084348454127,2.21491966492698,,,2.82262502552386,3.76644114653952,4.90270362797452,6.44659408146633,6.96981107316131,7.95950391914173,9.2894540378137,9.7999506421497,,,,,11.061930725964,12.1321912641594,12.7642180111863,14.4885957286727
134.199999999981,0.838321665453599,2.15344012618469,,,2.77033741192112,3.77591653808126,4.81773528420282,6.40717184333618,6.90237206544466,7.87703467587466,9.32859962379014,9.7149105654565,,,,,11.0388618848474,12.1137286022022,12.6803230452026,14.5025552716256
134.799999999981,0.824555688279458,2.09195273747198,,,2.7180338181462,3.78538216264951,4.71241840252479,6.36774360077436,6.83737041759139,7.84081025390542,9.36119024155707,9.62987175912427,,,,,11.0204302682199,12.120407948821,12.5964280841528,14.5165121966932
135.39999999998,0.810561110652492,2.03045754209899,,,2.65748660486893,3.79483806648232,4.63074239200203,6.3512039667424,6.71962922799734,7.7825708147591,9.40035187429291,9.60683358855526,,,,,10.9976960281998,12.0694812652789,12.512533125361,14.5304665268778
135.99999999998,0.797221104819898,2.04220785446575,,,2.61228598888775,3.81845104131705,4.5780972912111,6.31035183305584,6.6640804003475,7.78225498590449,9.41995642221602,9.67563598396365,,,,,10.9405998403419,12.0260976880303,12.5244861529697,14.432755121893
136.59999999998,0.812486647140997,2.05395044656311,,,2.63861101752561,3.84205438765264,4.63397252708386,6.30682742386303,6.66945001475865,7.83242861824062,9.42623964488653,9.76065581482081,,,,,10.9275588244104,11.9929082548414,12.563292691438,14.4311227023449
137.19999999998,0.827748935128295,2.06568536146705,,,2.66492034014862,3.86564815148639,4.69259121259174,6.3032971026331,6.67550159205758,7.90469831661204,9.42621299233576,9.84567690760109,,,,,10.9331699832791,11.9506101380335,12.6020992241479,14.4294877565892
137.79999999998,0.843007978731951,2.07741264217867,,,2.69121402500656,3.88923237873597,4.75120998710354,6.29976089236028,6.66189329247449,7.94377311607036,9.42617134870087,9.93069926020405,,,,,10.9363374073163,11.9083171904466,12.6409057484298,14.4278503074024
138.39999999998,0.858263787899605,2.08913233162182,,,2.71749214023688,3.91280711523891,4.80982885638478,6.29621881599887,6.64767099617623,7.98785818107844,9.42611476368788,10.0157228705337,,,,,10.9395039431077,11.8660293947927,12.6797122616161,14.4262103775081
138.99999999998,0.873516372575452,2.1008444726431,,,2.74375475386241,3.93637240675266,4.86844782618026,6.29267089646205,6.63357694471783,8.03577683005413,9.42604328693625,10.1007477364978,,,,,10.9426695912368,11.8237467337967,12.7185187610414,14.4245679895745
139.59999999998,0.88876574270024,2.11254910801184,,,2.7700019337913,3.95992829895457,4.9270669022139,6.28911715662182,6.61748731330147,8.08376138726463,9.42595696801919,10.185773856008,,,,,10.945834352274,11.7814691901969,12.7573252440417,14.4229231662141
140.19999999998,0.904011908211257,2.12424628042012,,,2.79623374781706,3.98347483744188,4.98568609018877,6.28555761930903,6.60021064589075,8.13317772066874,9.42585585644365,10.2708012269801,,,,,10.9489982267761,11.739196746745,12.796131707955,14.4212759299836
140.79999999998,0.919254879042354,2.13593603248276,,,2.82245026361856,4.00701206773171,5.04430539578711,6.2819923073134,6.57493977005932,8.16177375737581,9.42574000165028,10.3558298473334,,,,,10.9515145620982,11.6969293862061,12.8349381501207,14.4196263033843
141.39999999998,0.934494665123921,2.14761840673733,,,2.84865154875998,4.0305400352611,5.11486939585104,6.27842124338348,6.55553154811647,8.15673432822581,9.4174888105376,10.4408597149912,,,,,10.9488886818602,11.6784745693504,12.8737445678801,14.4179743088615
141.999999999979,0.953519038949522,2.15929344564413,,,2.88420350202422,4.05405878538696,5.17803565302767,6.24457728376403,6.61480779026607,8.15460321639156,9.41816621848819,10.5154243774231,,,,,10.9435981934396,11.7232094849713,12.9125509585762,14.4163199688051
142.599999999979,0.98332294430003,2.11743454990903,,,2.93997903171205,4.03540821324829,5.22034416462758,6.21502404206923,6.65803801964755,8.15980831008951,9.41856727782521,10.5153077145679,,,,,11.06906167674,11.8165541900734,12.9665200135237,14.4521571168339
143.199999999979,0.978278758580019,2.07556840351316,,,2.92612213635661,4.01674851417819,5.13406342774609,6.17585762917208,6.65866797439103,8.12603499038771,9.38983796130158,10.5272801602763,,,,,11.1600872218027,11.9151473161423,12.9998656237506,14.358055446251
143.799999999979,0.973231427796355,2.03369504868691,,,2.91225027944897,3.99807973329472,5.06076357095866,6.13668555492304,6.66090532165548,8.09884922058359,9.35080720654156,10.5392538450218,,,,,11.2295200239046,11.9739220412865,13.0332111989526,14.2639514969653
144.399999999979,0.968180961863386,1.99181452758154,,,2.89836352798249,3.97940191563438,4.98746386545059,6.09750784186527,6.6765402853269,8.1025982975229,9.31176200381554,10.5512287667466,,,,,11.3007871905395,12.0327017462138,13.0665567364802,14.1698452911487
144.999999999979,0.963127370690805,1.94992688227109,,,2.88446194883346,3.96071510615358,4.91416431675761,6.0583245125004,6.69744246239041,8.11463206477919,9.27270240210058,10.5632049233974,,,,,11.3720534746178,12.0914864137842,13.0999022336848,14.0757368509124
145.599999999979,0.958070664184854,1.90803215475232,,,2.8705456087635,3.94201934972861,4.84086493039513,6.01913558928897,6.71870917230253,8.1296655775057,9.23362845030714,10.5751823129246,,,,,11.4433188765771,12.1502760268701,13.1332476879197,13.9816261983124
146.199999999979,0.953010852248333,1.86613038694472,,,2.8566145744196,3.92331469115568,4.76756571185767,5.97994109465032,6.74179874332611,8.14100558041345,9.19454019727938,10.5871609332826,,,,,11.5145833968419,12.2090705683567,13.1665930965398,13.8875133553488
146.799999999979,0.947947944780583,1.82422162069056,,,2.84266891233409,3.90460117515086,4.69426666661894,5.94074105096267,6.76503633951692,8.1519879574377,9.15543769179523,10.5991407824295,,,,,11.5858470358233,12.2678700211432,13.1999384569018,13.7933983439661
147.399999999979,0.942881951677502,1.78230589775483,,,2.82870868892464,3.88587884635015,4.62096780013175,5.90153548056308,6.8008147934249,8.18007052369354,9.11632098256627,10.6111218583274,,,,,11.6575744833262,12.3266743681416,13.2332837663638,13.699281186053
147.999999999979,0.937812882831529,1.74038325982526,,,2.81473397049429,3.86714774930943,4.52438978604914,5.86232440574744,6.8685919045129,8.22084643367636,9.07086049694335,10.6231041589423,,,,,11.7373808568285,12.3094030645969,13.2666290222861,13.6051619034428
148.599999999978,0.929916453056266,1.69845374851232,,,2.79227394021699,3.84840792850447,4.4446901028306,5.87700107609904,6.88642352997849,8.26406401455231,9.01817765482832,10.5779464391561,,,,,11.8378314064568,12.278474379433,13.2999742220303,13.5110405179128
149.199999999978,0.902828739013181,1.73039751563879,,,2.76384348816839,3.82121821430277,4.37402794660129,5.95494387022729,6.86726474314727,8.27623560436016,8.93727768038487,10.5250127839405,,,,,11.6810244135303,12.1815822768355,13.2694044445563,13.4368011118152
149.799999999978,0.880932321907371,1.76233449237375,,,2.75409127454786,3.79401986504778,4.36035238232367,6.07444457320293,6.85331583252706,8.26751221206535,8.90177871477936,10.4235109021955,,,,,11.4928010340794,12.020062670096,13.2050698690452,13.4661438118839
150.399999999978,0.859032868594138,1.79426472009323,,,2.74432482997266,3.76681292497525,4.36678159015313,6.19393986053618,6.84275298824858,8.25302304642859,8.86951239206967,10.3220102370682,,,,,11.3273339315914,11.9232734977961,13.1407352294502,13.4954844740352
150.999999999978,0.837130388948492,1.8261882400987,,,2.73454422017187,3.73959743824055,4.3732110090139,6.31342975431569,6.83002340766452,8.21325192781373,8.83723215649325,10.2205107865457,,,,,11.1659181599516,11.8264891174652,13.0764005231413,13.52482311982
151.599999999978,0.815224892842176,1.85810509361435,,,2.72474951076062,3.71237344891892,4.37964064421212,6.43291427659047,6.80874201492908,8.1568854144666,8.80493805629767,10.1190125486174,,,,,11.0045015098408,11.729709512107,13.0120657474887,13.5541597707377
152.199999999978,0.793316390143482,1.89001532178711,,,2.71494076723934,3.68514100100553,4.38607050103375,6.55239344936839,6.78596230932749,8.09369727687202,8.77263013966433,10.0175155212762,,,,,10.8430839815506,11.6329346647407,12.9477308998643,13.5834944482316
152.799999999978,0.771404890717262,1.92191896568667,,,2.70511805499386,3.65790013841542,4.39250058474397,6.67186729461616,6.76264711161591,8.03596499817813,8.74030845470838,9.91601970251911,,,,,10.6816655753597,11.5361645583991,12.8833959776421,13.6128271736896
153.399999999978,0.749490404424903,1.95381606630544,,,2.69528143929529,3.63065090498353,4.39893090058708,6.79133583425933,6.74129441964572,7.97695447377841,8.70797304947865,9.81452509034695,,,,,10.5202462915335,11.4393991761283,12.8190609781972,13.6421579684439
153.999999999978,0.727572941124357,1.98570666455859,,,2.68543098530018,3.6033933444647,4.40536145378649,6.91079909018232,6.71050604871239,7.91227711707929,8.67562397195777,9.71303168276441,,,,,10.358434664179,11.3426385009877,12.7547258989069,13.6714868537709
154.599999999978,0.705652510670114,2.01759080128403,,,2.67556675805033,3.57612750053366,4.44734697931839,7.03025708422838,6.64172545238582,7.84330422322774,8.65951197493784,9.61153947778007,,,,,10.1932025388893,11.2686757238695,12.69039073715,13.7008138508915
155.199999999977,0.686465684044332,2.04946851724241,,,2.65315407070377,3.54885341678504,4.44094450597993,7.09123483487554,6.56952351950966,7.75004446707271,8.64615553847072,9.57858497429279,,,,,10,11.1529738364664,12.626055490307,13.7301389809709
155.799999999977,0.710684086865232,2.07485369334767,,,2.62507251655641,3.71111025059437,4.48181335189016,7.1147186034852,6.5885136998324,7.69127401743483,8.67151137274686,9.57573117896009,,,,,10.0187529526477,11.104247775815,12.5660637784288,13.8472573488683
156.399999999977,0.757684248042169,2.10023252997516,,,2.65152562904401,3.87335893154219,4.57052602332239,7.06116471534506,6.67072636077305,7.72380967682555,8.67435718458325,9.63528350774154,,,,,10.1049472082209,11.1290200086007,12.6039884216856,13.9600115357078
156.999999999977,0.804681481449753,2.12560506765399,,,2.67796522729981,4.03559950297569,4.64020023572852,7.00760565228664,6.75383843917516,7.76238762834609,8.67334978352948,9.6948370311966,,,,,10.1762267871532,11.1802662585696,12.6419129720119,14.0727639186674
157.599999999977,0.851675796924369,2.15097134683579,,,2.70439137579031,4.19783200816908,4.70987471639292,6.95404143595034,6.84361383446814,7.81592030839507,8.67232899668809,9.75439174735086,,,,,10.2398511774905,11.2315171143074,12.6798374267914,14.1855145186898
158.199999999977,0.89866720429981,2.17633140789493,,,2.73080413886946,4.36005649031647,4.77954947039376,6.90047208793255,6.93864463419753,7.87635305153593,8.67129487157786,9.81394765423613,,,,,10.3034746918381,11.2827725589665,12.7177617834131,14.2982633566619
158.799999999977,0.945655713406421,2.2016852911285,,,2.75720358077653,4.52227299253187,4.84922450278766,6.84689762978845,7.03396741252888,7.94011686049303,8.6702474556512,9.87350474988811,,,,,10.3670973303424,11.3340325757134,12.7556860392679,14.4110104534147
159.399999999977,0.992641334071099,2.22703303675637,,,2.78358976563614,4.68448155784917,4.91889981861035,6.79331808303211,7.12928327661517,7.99963525168604,8.66918679629419,9.93306303234637,,,,,10.4307190931361,11.3852971477278,12.7936101917482,14.5237558297239
159.999999999977,1.03962407611729,2.25237468492112,,,2.80996275745826,4.84668222922216,4.98857542287673,6.73973346913646,7.22003881160761,8.05818329158471,8.66811294082664,9.99262249965437,,,,,10.494339980339,11.4365662582032,12.8315342382483,14.6364995063092
160.599999999977,1.08660394936499,2.2777102756881,,,2.83632262013821,5.00887504952454,5.05825132058085,6.68614380953324,7.31510214666551,8.11827388721847,8.6670259365021,10.0521831498594,,,,,10.5583513752144,11.4878398903461,12.8694581761641,14.7492415038349
161.199999999977,1.13358096363074,2.30303984904538,,,2.86266941745666,5.17106006154989,5.1090919458548,6.63254912561307,7.41948785819653,8.18588259623093,8.67311404354886,10.1117449810127,,,,,10.6231663803758,11.6144213185649,12.9073820028932,14.8619818429094
161.799999999976,1.17800174016817,2.32836344490378,,,2.92177700393888,5.33323730801169,5.18609762174034,6.60743649532334,7.54174858366933,8.27645597779391,8.72333527964986,10.1505450250455,,,,,10.6832449579453,11.7862702620517,12.9453057158349,14.9747205440856
162.399999999976,1.1779447065083,2.30901344508858,,,2.99816597434254,5.19932140671248,5.23155922404505,6.51531859065943,7.53983187206535,8.33256007315294,8.82817127289811,10.1756561828517,,,,,10.7039285221047,11.8924898783697,12.9787477077707,14.9193723042217
162.999999999976,1.14552223969101,2.28965754736262,,,2.97893047317874,5.06539782502473,5.20020967399329,6.38893571425864,7.47369269058639,8.31617839510667,8.93605011833703,10.1889293306275,,,,,10.6837861606181,12.0043322485223,12.9432834200004,14.8299591505373
163.599999999976,1.11309695312219,2.27029579140671,,,2.95968216062579,4.93146660543325,5.16459831248499,6.26254789869048,7.4016771415954,8.29994897390534,9.06268872261562,10.2022036515945,,,,,10.6526749283675,12.0809369655401,12.9078190106482,14.7405444202778
164.199999999976,1.08066885660239,2.25092821682264,,,2.94042109989488,4.7975277903311,5.12898727394058,6.13615516514119,7.31611734687651,8.28510319227544,9.18931446016745,10.2154791438239,,,,,10.6259058779249,12.1575461037451,12.8723544771231,14.6511281337747
164.799999999976,1.04823795992747,2.23155486313495,,,2.92114735407875,4.66358142203124,5.09337656320828,6.00975753475447,7.22440087350279,8.26600641098909,9.31592737778138,10.22875580539,,,,,10.5991359523713,12.2341596464391,12.8368898168329,14.5617103113027
165.399999999976,1.01580427288982,2.21217576979091,,,2.90186098615551,4.52962754276654,5.05776618511532,5.88335502863288,7.1325191709419,8.24596596424892,9.44252752218072,10.2420336343713,,,,,10.5723651517067,12.3107775769356,12.8014250271872,14.4722909730804
165.999999999976,0.983367805278385,2.19279097616055,,,2.8825620589886,4.39566619468973,5.02215614446806,5.75694766783783,7.04159815003002,8.22751962639144,9.56911494002257,10.2553126288498,,,,,10.5455934759182,12.3873998785619,12.7659601055973,14.3828701392713
166.599999999976,0.950928566878664,2.17340052153664,,,2.86325063532681,4.26169741987346,4.98654644605196,5.63053547338959,6.95430886747362,8.21563882926762,9.69568967789768,10.2685927869117,,,,,10.5188209249796,12.4640265346584,12.7304950494762,14.2934478299826
167.199999999976,0.918486567472698,2.15400444513469,,,2.84392677780428,4.12772126031028,4.95093709463173,5.50411846626728,6.86882417479715,8.19663146273021,9.82225178233056,10.2818741066469,,,,,10.4910579417361,12.540657528579,12.6950298562386,14.2040240652664
167.799999999976,0.886041816839089,2.13460278609293,,,2.82459054894049,3.99373775791263,4.91089229811538,5.37769666740884,6.74889576079889,8.13951875204538,9.93482044177079,10.2951565861491,,,,,10.4576524990937,12.5207007417564,12.6595645233008,14.1145988651189
168.399999999975,0.858072837009302,2.11519558347238,,,2.78225082330617,3.85974695451283,4.91983107004638,5.28228975926035,6.62028446830055,8.10431698872706,9.98479047020199,10.2673261677662,,,,,10.4756361982619,12.5162808747551,12.6240990480812,14.0251722494805
168.999999999975,0.839003432666405,2.16770155779171,,,2.75260910507321,3.92285767876932,4.89316233242349,5.31825542684963,6.60233207630787,8.11107926921507,9.9780632948657,10.1771001288463,,,,,10.4972468496853,12.568381965119,12.6932090455056,14.0373469279677
169.599999999975,0.861998168862836,2.22020206642541,,,2.8466804649834,3.98596118545609,4.92861113117288,5.4360348632663,6.62419924402904,8.13707633401057,9.96410401629591,10.1335720963136,,,,,10.5352339213696,12.5714349207259,12.7720292528765,14.0443083125372
170.199999999975,0.884990192913233,2.27269714819974,,,2.94073970248885,4.0490575161571,4.97329751597142,5.55380959129056,6.6302829762277,8.1631515325069,9.95319399638451,10.090045215964,,,,,10.5812584100131,12.5535531436858,12.8508493102304,14.0512683411032
170.799999999975,0.907979514577212,2.32518684186668,,,3.03478687953068,4.11214671238425,5.01798427591615,5.67157963165127,6.64711683658306,8.17236583482294,9.94227162078625,10.0465194859086,,,,,10.6273386541674,12.5356756048731,12.929669214992,14.0582270333839
171.399999999975,0.930966143612669,2.37767118610093,,,3.12882205794048,4.17522881556937,5.06267141562534,5.7893450050395,6.67262300000373,8.19241443897039,9.93133693556161,10.0029949042646,,,,,10.6734180224849,12.5178022877362,13.0084889645878,14.0651844090415
171.999999999975,0.953950089774051,2.43015021949994,,,3.22284529943516,4.23830386706415,5.10735893969682,5.90710573210514,6.70068661376402,8.21420363486999,9.92038998670483,9.95947146915293,,,,,10.7194965148202,12.499933175736,13.0873085564462,14.0721404876824
172.599999999975,0.976931362812353,2.4826239805839,,,3.31685666561698,4.3013719081402,5.15204685270757,6.02486183345697,6.7267596447702,8.23414955439111,9.90943082014398,9.91594917869833,,,,,10.7655741310146,12.4820682523467,13.1661279879974,14.0790952888576
173.199999999975,0.999909972475122,2.53509250779576,,,3.41085621797356,4.36443297998902,5.19673515921363,6.14261332966259,6.74973974543993,8.24462917257705,9.89845948174076,9.87242803102951,,,,,10.8116508708961,12.4642075010561,13.2449472566731,14.0860488320622
173.799999999975,1.02288592850645,2.58755583950119,,,3.50484401787787,4.427487123722,5.24142386375035,6.26036024124848,6.76649679299375,8.26038699059665,9.88747601729067,9.82890802427904,,,,,10.8590062440687,12.4463509053652,13.3237663599069,14.0930011367358
174.399999999975,1.04585924064699,2.64001401398861,,,3.59882012658819,4.49053438037043,5.29667105557648,6.37810258869994,6.82938828237318,8.31522941924608,9.88185941417433,9.78538915658334,,,,,10.9157096406083,12.492116930682,13.4025852951338,14.0999522222624
174.999999999974,1.06451965370922,2.6924670694692,,,3.70271559038489,4.5535747908855,5.27499088651648,6.43868880940819,6.91074520092587,8.3194988063113,9.86673408693467,9.79259113306707,,,,,10.9405567177956,12.5157564031993,13.481404059791,14.10690210797
175.599999999974,1.07305126042121,2.62291136031738,,,3.77083037271441,4.53075672012149,5.27110728894156,6.35696036884236,6.93400782453127,8.26172521863191,9.834128069275,9.89397347128017,,,,,10.9215899548114,12.4995666187625,13.4059309491179,14.1037675211596
176.199999999974,1.04004941545581,2.55335060834409,,,3.73328596162686,4.50793188488252,5.20853794948236,6.27156923021493,6.89194254411267,8.19188229554272,9.77440602311823,9.85734572354952,,,,,10.9019297039034,12.5026486107857,13.3292475295174,14.1349260301761
176.799999999974,1.00704496552592,2.48378485153391,,,3.69573010322752,4.48510032588311,5.1499451132629,6.18617360898267,6.89897407019813,8.1121159803153,9.69399162088102,9.82071910745223,,,,,10.9127184641807,12.4877915649571,13.252563931668,14.1660833970257
177.399999999974,0.974037920356725,2.41421412778898,,,3.65816285820595,4.46226208375404,5.09135270184781,6.1007735254253,6.9099986231961,8.04762705669084,9.61356536597705,9.78409362115001,,,,,10.9227237175023,12.4729385760147,13.1758801530135,14.1972396408127
177.999999999974,0.941028289668162,2.34463847493419,,,3.62058428713255,4.43941719904597,5.03276071962622,6.01536899978125,6.91576347086179,7.96973882588779,9.53312730373873,9.74746926280253,,,,,10.9327280926581,12.4580896275542,13.0991961909993,14.2283947805869
178.599999999974,0.908016083176731,2.27505793071715,,,3.58299445046306,4.41656571222947,4.97416917096655,5.92996005224776,6.91753247318047,7.88890592738142,9.45267747943134,9.71084603057337,,,,,10.9427315893567,12.4432447031835,13.0225120430726,14.2595488353425
179.199999999974,0.875001310595476,2.20547253280823,,,3.54539340853856,4.39370766369498,4.91557806021637,5.84454670298096,6.92068632747462,7.81035011596414,9.37221593825386,9.67422392262993,,,,,10.9527342072938,12.4284037865242,12.9458277066823,14.2907018240181
179.799999999974,0.841983981633997,2.13588231880053,,,3.50778122158549,4.37084309375285,4.85698739170237,5.75912897209582,6.92805197159727,7.73735195910762,9.29174272533898,9.63760293714353,,,,,10.9627359461515,12.4135668612112,12.8691431792789,14.3218537654965
180.399999999974,0.808964105998436,2.06628732620992,,,3.47015794971563,4.34797204263334,4.79839716973043,5.67370687966613,6.93976131960263,7.6668402789147,9.21125788575313,9.60098307228936,,,,,10.9719510838003,12.3987339108926,12.7924584583149,14.3530046786051
180.999999999974,0.775941693391493,1.99668759247499,,,3.43252365292611,4.32509455048658,4.73075541346762,5.58828044572458,6.92296481340103,7.5981496097584,9.11604323883169,9.56436432624645,,,,,10.9724387077208,12.3259951011397,12.715773541244,14.3841545821153
181.599999999973,0.743233152387159,1.92708315495706,,,3.39544890965976,4.30221065738261,4.67627843247274,5.52569195182025,6.8797784373932,7.57838831782604,9.07670867828868,9.49634518983322,,,,,10.9607799141471,12.2073182607539,12.6390884255221,14.4153034947431
182.199999999973,0.747753929549269,2.01166529252004,,,3.34917807513049,4.34453165790221,4.59272493361994,5.58138833012598,6.86971198909268,7.62475396460726,9.00620378014467,9.44607737690977,,,,,11.0616599394658,12.0790987732663,12.6357520843789,14.4185348050176
182.799999999973,0.77580643953549,2.09624280079777,,,3.36067819014969,4.38684633736725,4.57573270378327,5.66226642185389,6.95572216472065,7.7177191712445,8.97152690378002,9.467554617652,,,,,11.1810819126286,11.9808551438823,12.6381547721917,14.3924684911147
183.399999999973,0.803856451327663,2.18081571691298,,,3.37216751909379,4.42915473560457,4.57199742004415,5.74314025179023,6.9647155292504,7.8033783433398,8.94857517324503,9.48903296996366,,,,,11.2582016402857,11.9102179111788,12.6405572537312,14.3664012421418
183.999999999973,0.831903974610185,2.26538407791798,,,3.38364612138407,4.47145689236379,4.56826260824493,5.82400983976076,6.95047041468632,7.87815394194601,8.92561208504637,9.51051243203999,,,,,11.3351483367382,11.8395845556416,12.6429595264594,14.3403330765934
184.599999999973,0.859949019065052,2.34994792078782,,,3.39511405632976,4.51375284731442,4.5645282725449,5.90487520555125,6.93919786225677,7.9625677144133,8.902637683786,9.53199300208326,,,,,11.4120941510921,11.7689550610114,12.6453615878408,14.3142640129071
185.199999999973,0.887991594370811,2.43450728242029,,,3.40657138312542,4.55604264004589,4.56079441708309,5.98573636890633,6.93113023636304,8.04820472612641,8.87965201400018,9.55347467829968,,,,,11.4890390829104,11.6983294110433,12.6477634353412,14.2881940694647
185.799999999973,0.916031710202558,2.51906219963594,,,3.41801816085094,4.59832631006749,4.55706104597765,6.06659334952946,6.92261087750924,8.13359583175531,8.8566551201588,9.5749574588993,,,,,11.5659831317428,11.6277075895062,12.6501650664284,14.2621232645925
186.399999999973,0.944069376231941,2.60361270917804,,,3.42945444847159,4.64060389680843,4.55332816332593,6.14744616708294,6.90990454735502,8.21900915400908,8.83364704666557,9.59644134209602,,,,,11.6429262971258,11.5570895801821,12.6525664785717,14.2360516165612
186.999999999973,0.972104602127157,2.68815884771262,,,3.44088030483797,4.6828754396178,4.54959577320441,6.22829484118796,6.88946245648716,8.29600489578591,8.81062783785787,9.61792632610765,,,,,11.7204054953036,11.4864753668664,12.6549676692422,14.2099791435854
187.599999999973,1.00013739755295,2.77270065182844,,,3.45229578868604,4.72514097776461,4.5422987960968,6.30913939142452,6.88398191641331,8.35381762076242,8.80143655320967,9.63941240915587,,,,,11.8026805826814,11.4545470996058,12.6573686359126,14.1839058638247
188.199999999972,1.02534672499913,2.85723815803702,,,3.44768890570499,4.76740055043774,4.57768283077622,6.39516185705625,6.90357494916237,8.38406281060775,8.76584000906164,9.67003934115819,,,,,11.9042788472849,11.4628547128415,12.6597693760575,14.1578317953824
188.799999999972,1.0149044749052,2.80897656073337,,,3.43193582245239,4.66499638239358,4.69561409224729,6.4451855798371,6.8843814031024,8.37927228638958,8.8467090745868,9.70134505431815,,,,,11.9253905275812,11.5522214879246,12.6726539198845,14.0807485495269
189.399999999972,0.998310759342765,2.7607107383076,,,3.32027570096437,4.56258632700656,4.75720635181107,6.46048683361993,6.76537258416882,8.33395492388912,8.90168705502559,9.77554592214384,,,,,11.9271084740833,11.5848919906964,12.7080450735453,13.9920497896498
189.999999999972,0.981714651935116,2.71244072704558,,,3.20860544075086,4.46017042323191,4.78242131610324,6.47578404144125,6.7234630082601,8.30913672796794,8.95496364776221,9.84974788193354,,,,,11.9437469419387,11.5806840267915,12.7434359931153,13.9033502950674
190.599999999972,0.96511616233003,2.66416656314977,,,3.096925099979,4.35774870993809,4.80763679694479,6.49107722267695,6.72460130002954,8.30470564732831,9.00822936981683,9.92395093192631,,,,,11.9627721806601,11.576479761947,12.7788266760749,13.8146500836613
191.199999999972,0.948515300171553,2.6158882827454,,,2.98523473669681,4.25532122591348,4.83285279826789,6.50636639666014,6.72368883598853,8.29789200694671,9.06148426506298,9.99815507036708,,,,,11.9817965317468,11.5722791800537,12.8142171199071,13.7259491732565
191.799999999972,0.931912075100285,2.56760592188043,,,2.87353440883767,4.15288800986634,4.85806932398218,6.52165158268278,6.72097831938769,8.29319364589341,9.11472837730782,10.0723602955046,,,,,12.0008199946158,11.5680822650142,12.8496073220966,13.6372475816227
192.399999999972,0.915306496753369,2.51931951652558,,,2.76182417422031,4.05044910042483,4.88328637797642,6.53693279999569,6.71894866894636,8.28836839819349,9.16796175029229,10.1465666055916,,,,,12.0198425686709,11.5638890007443,12.8849972801299,13.5485453264739
192.999999999972,0.898698574764505,2.4710291025743,,,2.65010409054881,3.94800453613701,4.90850396411857,6.55221006780853,6.72196178716532,8.28574514790013,9.22118442769101,10.2207739988847,,,,,12.0388642533029,11.5596993711732,12.9203869914951,13.4598424254683
193.599999999972,0.882088318763935,2.42273471584278,,,2.53837421541259,3.84555435547082,4.93372208625571,6.56748340528982,6.73660047700366,8.29444676347731,9.27439645311232,10.2949824736441,,,,,12.0581783671435,11.5555133602437,12.9557764536822,13.3711388962085
194.199999999972,0.865475738378463,2.37443639206997,,,2.42663460628642,3.74309859681411,4.99312194791935,6.58275283156694,6.76730960654009,8.31547511867728,9.32764146057244,10.3691920281343,,,,,12.0787780539637,11.5433944324534,12.9911656641827,13.2824347562413
194.799999999971,0.857852933529241,2.32613416691753,,,2.33024774325286,3.64063729847463,5.01373943178908,6.59690766144637,6.76050145888033,8.31755267486812,9.36183255374219,10.4834479463039,,,,,12.0732645519169,11.5189940963838,13.0265546204898,13.1937300230581
195.399999999971,0.855027807571122,2.3659141495304,,,2.28582829192268,3.67925789306459,5.02652666051696,6.60563509918832,6.78840618525464,8.31776835342734,9.33130331059799,10.5093646152472,,,,,12.0022773490525,11.4256230501876,13.091831024714,13.2745501737165
195.999999999971,0.868545662014605,2.40569030185943,,,2.37486814133182,3.71787302435366,5.08946706609605,6.51937639354259,6.89997797853582,8.32014920028875,9.37151890945137,10.4832273138407,,,,,11.8999914284097,11.3645237152932,13.1235673615985,13.3983829973641
196.599999999971,0.882061230546655,2.44546265933035,,,2.46389848550994,3.75648273040256,5.18489002505113,6.43311385278611,6.96315079532272,8.30023463399966,9.40095626167929,10.4570910852583,,,,,11.7983341796888,11.3180510822089,13.1553034367783,13.5222152799375
197.199999999971,0.895574522776035,2.4852312572958,,,2.55291938135218,3.79508704919861,5.28031354264723,6.34684749584503,6.96561874553551,8.24999653326387,9.43038322218759,10.4309559277863,,,,,11.6913399296827,11.2715819717037,13.187039247755,13.6460470387033
197.799999999971,0.909085548308843,2.52499613103118,,,2.64193088564539,3.83368601864903,5.37573762258395,6.26057734159981,6.96863993045884,8.20264966446849,9.45979983412122,10.4048218397121,,,,,11.5843447849014,11.2251163678131,13.2187747920305,13.7698782908744
198.399999999971,0.922594316747723,2.56475731573462,,,2.73093305506177,3.87227967658094,5.47116226854148,6.17430340888977,6.97229817232479,8.15400338418072,9.48920614055831,10.3786888193271,,,,,11.4773487446166,11.1786542545869,13.2505100671083,13.893709053608
198.999999999971,0.936100837691878,2.604514846527,,,2.81992594615887,3.91086806074135,5.56658748417923,6.0880257165131,6.97558656686502,8.10510142628324,9.51860218451076,10.3525568649267,,,,,11.3703518080865,11.1321956160882,13.2822450704936,14.0175393440058
199.599999999971,0.94960512073705,2.64426875845196,,,2.90890961537959,3.94945120879716,5.66201327313575,6.00174428322678,6.97215871408232,8.04799968839523,9.54798800892411,10.32642597481,,,,,11.2633539745559,11.0857404363933,13.3139797996935,14.1413691791137
200.199999999971,0.96310717547554,2.68401908647585,,,2.99788411905216,3.98802915833518,5.7574396390287,5.91545912774671,6.96491504564493,7.98012538920251,9.57736365667771,10.30029614728,,,,,11.1554615336227,11.0392886995922,13.3457142522165,14.265198575922
200.799999999971,0.976607011496193,2.72376586548779,,,3.0868495133902,4.02660194686211,5.81741280799278,5.82917026874759,6.95001312651231,7.9071211513031,9.59392016921722,10.2741673806437,,,,,11.0458120756854,11.0614469904614,13.3774484255731,14.3890275513652
201.39999999997,0.985307794613886,2.76350913029963,,,3.19245690249559,4.06516961180454,5.9155990252917,5.71791156339789,6.98199247593721,7.89414317929872,9.62376106632604,10.1859600282629,,,,,10.9743864179821,11.1255113120754,13.4091823172752,14.5128561223224
201.99999999997,0.994242238090941,2.69134962285776,,,3.26141405544314,3.9876663312572,5.93943805221338,5.59980906167309,6.99481693447458,7.89360639156052,9.63401599835762,10.1243940491351,,,,,10.9156708476432,11.1918040663538,13.3417270304699,14.5201833738045
202.59999999997,0.963077293427882,2.61918667060221,,,3.22490569225686,3.9101580017325,5.88041570659551,5.59931670675496,6.93757316077675,7.88709434751775,9.62001101485264,10.1235228470353,,,,,10.8459974781393,11.2700935631906,13.2831724930045,14.51277927694
203.19999999997,0.931910168365894,2.54702030811857,,,3.18838844343863,3.83264466042247,5.77893673697608,5.59882072261098,6.89266444867454,7.88019333325977,9.61149188120605,10.1226526990985,,,,,10.7725073408168,11.3818510259308,13.2246176664317,14.5053748258914
203.79999999997,0.900740872478556,2.47485056990967,,,3.15186236463404,3.75512634443327,5.67745836555916,5.59832112770427,6.89790416762784,7.88661476858737,9.60296282678404,10.1217836036481,,,,,10.7012663961466,11.4936118363865,13.1660625482699,14.497970037316
204.39999999997,0.869569415334021,2.40267749040107,,,3.11532751136874,3.67760309079099,5.57598059581853,5.59781794046268,6.90466786074377,7.88768099814096,9.59442389400173,10.1209155590142,,,,,10.6300245479581,11.6053759787394,13.1075071360397,14.4905649278141
204.99999999997,0.838395806496978,2.33050110394107,,,3.07878393905376,3.60007493644158,5.47450343120503,5.59731117927286,6.91120926204175,7.88723626183816,9.58587512520823,10.1200485635309,,,,,10.5587817953767,11.7171434371865,13.0489514272636,14.4831595139309
205.59999999997,0.807220055528681,2.25832144480075,,,3.04223170298548,3.52254191825091,5.3730268751487,5.59680086248034,6.91763944625902,7.88383032280525,9.57731656268634,10.119182615536,,,,,10.4875381375148,11.828914195938,12.9903954194654,14.4757538121556
206.19999999997,0.776042171986927,2.18613854717389,,,3.0056708583456,3.44500407300475,5.27155093105864,5.59628700838949,6.93027218056966,7.88648279742198,9.56874824865265,10.1183177133713,,,,,10.4162935734715,11.9406882392176,12.9318391101711,14.4683478389218
206.79999999997,0.744862165426063,2.11395244517702,,,2.9691014602012,3.36746143740874,5.17007560232316,5.59576963526351,6.94547892223429,7.90228471858523,9.5601702252574,10.1174538553826,,,,,10.3451448362128,12.0524655512623,12.8732824969079,14.4609416106074
207.39999999997,0.713680045396984,2.04176317284943,,,2.93252356350468,3.28991404808844,5.08623010654057,5.59524876132449,6.95988232615804,7.92495502925227,9.5663569017862,10.1165910399192,,,,,10.2747446782134,12.0682465510791,12.8147255772052,14.4535351435348
207.999999999969,0.685298949647791,1.96957076415315,,,2.8862789366451,3.21236194158929,4.99397470305229,5.6340192170055,6.9403101858039,7.90663055140523,9.60945320647876,10.1259042498579,,,,,10.1817950407424,12.049275917813,12.7561683485937,14.4461284539706
208.599999999969,0.676088129891546,1.94698706276992,,,2.8611667794153,3.22488828524619,4.96297838488312,5.66649299839427,6.8998729755293,7.86693575797419,9.61257424667412,10.1672526286821,,,,,10.1891508891858,11.9999338123342,12.728504954027,14.4225889730297
209.199999999969,0.712660969385926,1.92440029271279,,,2.93675098845127,3.23740998457941,4.99516755684676,5.65442739903713,6.90770615826449,7.84210785337437,9.54289538806607,10.1338568945112,,,,,10.2957659497005,11.9302196108324,12.6971939460008,14.4059348015867
209.799999999969,0.749231733583525,1.9018104877095,,,3.0123269176034,3.2499270758895,5.08250428055804,5.64235837134144,6.94397467760413,7.86949670796684,9.49075455769397,10.1004621962988,,,,,10.414069920974,11.9121470091038,12.6658826216686,14.3892804561184
210.399999999969,0.785800432015648,1.87921768141303,,,3.08789462124569,3.26243959540149,5.16984163951851,5.63028593332579,6.95963759323006,7.91342983636055,9.43860426947109,10.0670685324176,,,,,10.5348653605927,11.8940775818462,12.6345709785682,14.3726259526683
210.999999999969,0.822367074212501,1.85662190739914,,,3.16345415364263,3.2749475792603,5.25717963696767,5.61821010296535,6.96860159087481,7.95423800640577,9.38644456508285,10.0336759012404,,,,,10.6556598863459,11.8760113133876,12.6032590142391,14.3559713072247
211.599999999969,0.858931669700822,1.83402319916629,,,3.23900556894408,3.28745106353076,5.34451827612698,5.60613089819413,6.97694120487471,7.99736591349689,9.33427548614932,10.0002843011439,,,,,10.7764534972131,11.8579481880721,12.5719467262223,14.3393165357203
212.199999999969,0.895494228003914,1.81142159013571,,,3.31454892118521,3.29995008419757,5.43185756019702,5.59404833690502,6.98477929398782,8.04424474519269,9.28209707422429,9.96689373050853,,,,,10.8972461921611,11.8398881902571,12.5406341120607,14.322661654032
212.799999999969,0.932054758641625,1.78881711365137,,,3.39008426428658,3.31244467716535,5.51919749235755,5.58196243694972,6.98889381187258,8.0874529318731,9.22990937079526,9.93350418771876,,,,,11.018037970143,11.8218313043136,12.5093211692989,14.3060066779811
213.399999999969,0.968613271130354,1.76620980297998,,,3.46561165205406,3.32493487825862,5.60653807576747,5.56987321613881,6.98589365712315,8.11410269543218,9.17771241728351,9.90011567116283,,,,,11.139115687511,11.8037775146257,12.478007895483,14.2893516233333
213.999999999969,1.00516977498304,1.743599691311,,,3.5411311381789,3.33742072322177,5.69384622142531,5.55778069224171,6.94282725431344,8.12371803048079,9.12415018830552,9.86672817923293,,,,,11.2579909554571,11.8536859878557,12.4466942881611,14.2726965057986
214.599999999968,1.03448837888618,1.72098681175661,,,3.58463254199662,3.34990224771909,5.7296435499054,5.51232376631155,6.88572780739133,8.12165035186004,9.01142154730912,9.84381394332123,,,,,11.3600076983574,11.8864272499249,12.4153803448828,14.2560413410312
215.199999999968,1.045510990369,1.75765079960326,,,3.64749336792894,3.37904250452887,5.7343423311846,5.45925845309285,6.8692997910044,8.1363142488514,8.99062701771186,9.80473050898249,,,,,11.4385518121829,11.9710688744981,12.4609818826595,14.2576202110071
215.799999999968,1.02735624639446,1.79431208556025,,,3.59669478702764,3.408178511962,5.74592232820287,5.42848548140218,6.85587043310737,8.15321969784466,9.04652621586948,9.85276218190787,,,,,11.4701034834852,12.0581781985944,12.5719496686149,14.2294794369217
216.399999999968,1.00919953179963,1.83097070250489,,,3.54588851809609,3.43731030544158,5.71127033973204,5.39770927729268,6.80164865734362,8.11772116341048,9.08622418775682,9.90079487307123,,,,,11.4915819237018,12.0717874901986,12.6829171112765,14.2013386622311
216.999999999968,0.991040856081758,1.86762668324033,,,3.49507461425826,3.46643792031149,5.67661902102356,5.36692985832683,6.74713905057162,8.05729713061043,9.12591315669618,9.9488285808795,,,,,11.5091015970298,12.085399784641,12.7938842081976,14.1731979023684
217.599999999968,0.972880228733089,1.9042800604925,,,3.44425312851749,3.49556139183551,5.64196837509285,5.33614724202715,6.70111275409408,8.00406329094759,9.1655931636457,9.99686330374805,,,,,11.526620344541,12.0990150664032,12.9048509569361,14.1450571727096
218.199999999968,0.954717659242417,1.94093086691003,,,3.39342411376242,3.52468075519732,5.60731840493191,5.30536144587501,6.65718446172881,7.95013364125142,9.20526424949643,10.0448990400962,,,,,11.5441381650697,12.1126333199766,13.0158173550521,14.116916488575
218.799999999968,0.9365531570951,1.97757913506434,,,3.34258762276708,3.55379604550047,5.572669113512,5.27457248731064,6.6128660532569,7.89303362099289,9.2449264550731,10.092935788347,,,,,11.5616550574367,12.1262545298659,13.1267834001072,14.0887758652293
219.399999999968,0.918386731773027,2.01422489744955,,,3.29174370819082,3.58290729776844,5.53802050378344,5.24378038373309,6.56964513003902,7.83549521315976,9.2845798211342,10.1409735469276,,,,,11.5791710204494,12.139878680589,13.2377490896647,14.0606353178814
219.999999999968,0.900218392754652,2.05086818648255,,,3.24089242257835,3.61201454694458,5.50337257867577,5.2129851525003,6.52779236473992,7.79292123631586,9.32422438837191,10.1890123142688,,,,,11.5968180766024,12.1535057566775,13.3487144212896,14.0324948616847
220.599999999968,0.882048149514972,2.08750903450296,,,3.19003381835973,3.64111782789216,5.44705910197596,5.18218681092903,6.53328398891499,7.77578976208661,9.3569321363983,10.2370520888055,,,,,11.6182982563736,12.0788188125274,13.4596793925487,14.0043545117369
221.199999999967,0.866050267744027,2.12414747377316,,,3.15655377299431,3.67021717539432,5.46327801321941,5.18877565398757,6.60812166227563,7.7835497385597,9.40899244445357,10.2838924171763,,,,,11.6792552392646,12.0865010855614,13.5706440010105,13.9762142830798
221.799999999967,0.851818092075096,2.12822401697462,,,3.11971407617757,3.66740083562756,5.4656395937687,5.26423970951338,6.70522428115488,7.81082068129802,9.44136106105922,10.3364099784061,,,,,11.7154305142326,12.093951525171,13.6033671401365,13.9568826984842
222.399999999967,0.843324241744697,2.13229821571707,,,3.13302362851927,3.66458063173964,5.40707996593827,5.3223357274385,6.74503752410016,7.81002462402486,9.40413694869497,10.3217165880408,,,,,11.7225901650283,12.0924126554524,13.5218297204919,13.9101119896987
222.999999999967,0.834828525058793,2.13637010203285,,,3.14632607083123,3.66175659827513,5.3605971403263,5.38042870387979,6.79863837393062,7.81043376649391,9.37516133672288,10.3070241986451,,,,,11.7319334247284,12.0528081096148,13.4402919307594,13.8633414469944
223.599999999967,0.82633095147483,2.14043970787531,,,3.15962145496751,3.65892876969676,5.31411501647494,5.43851865594918,6.86794271224173,7.83596004900427,9.34617716868925,10.2923328086767,,,,,11.7453123089376,12.01320639661,13.3587537685203,13.8165710851923
224.199999999967,0.817831530447102,2.14450706512053,,,3.17290983267026,3.65609718038717,5.26763359716704,5.49660560071659,6.93391662008698,7.85874139787214,9.31718448482188,10.2776424165938,,,,,11.758690253776,11.9736075010651,13.2772152313519,13.7698009190559
224.799999999967,0.809330271426458,2.14857220556734,,,3.18619125556696,3.65326186464886,5.22115288516528,5.5546895552107,6.99894914383026,7.88180334186355,9.28818332528279,10.2629530208582,,,,,11.7720672579316,11.9340114076186,13.1956763168326,13.7230309632933
225.399999999967,0.800827183860297,2.1526351609373,,,3.19946577517045,3.65042285670428,5.17467288321145,5.6127705364191,7.06579648344713,7.90824378750429,9.25917373016765,10.2482646199357,,,,,11.7854433200794,11.8944181009224,13.1141370225431,13.6762612325568
225.999999999967,0.792322277192569,2.15669596287472,,,3.2127334428789,3.64758019069573,5.12819359402656,5.67084856128821,7.13006151408424,7.94019800104127,9.23015573950594,10.2335772122959,,,,,11.7988184388812,11.8548275656417,13.0325973460653,13.6294917414431
226.599999999967,0.78381556086377,2.16075464294666,,,3.22599430997584,3.64473390068543,5.08171502031069,5.72892364672329,7.20756524549728,7.96874621669307,9.20112939326079,10.2188907964123,,,,,11.8114139233721,11.815239786455,12.9510572849831,13.5827225044931
227.199999999967,0.77530704431095,2.16481123264291,,,3.23924842763016,3.64188402065548,5.05015198030943,5.78699580958848,7.27779091283202,7.98003912349829,9.16583251838607,10.2042053707624,,,,,11.8203013406181,11.839818678895,12.8695168368821,13.5359535361923
227.799999999966,0.771545130481731,2.16886576337602,,,3.2442251023733,3.63903058450789,4.96766091873123,5.79877091133065,7.26619193088377,7.97264893086248,9.16482554263466,10.2225689630957,,,,,11.8018357576858,11.7907515118794,12.7879759993494,13.4891848509702
228.399999999966,0.752864492164256,2.13449644388719,,,3.18076120529155,3.68123470168712,4.91926273827611,5.72187869413485,7.1634225481989,7.92945654991822,9.094582205262,10.1916051974934,,,,,11.6944470030659,11.7351419460908,12.6987798065601,13.4791695485501
228.999999999966,0.744096484386368,2.10012512802638,,,3.16974908283881,3.72343533031491,4.93340731758939,5.7266550529225,7.14665230612039,7.9391611159198,9.07697787922416,10.1682630109339,,,,,11.6128929564977,11.7205697866332,12.6614029003062,13.5548645011631
229.599999999966,0.73532671409871,2.06575184697648,,,3.15873041447536,3.76563250405045,4.98043714936172,5.73142855618983,7.17817061182393,7.98932719955031,9.04776137759687,10.1449218085567,,,,,11.5360389700991,11.8142925619873,12.6240255973955,13.6305597798147
230.199999999966,0.726555190720528,2.03137663184102,,,3.14770525079387,3.80782625647532,5.02746771236763,5.7361992205906,7.19059351864311,8.00996932492813,9.01853675877265,10.1215815888582,,,,,11.4571933001334,11.9080180017943,12.5866478954193,13.706255398707
230.799999999966,0.717781923668165,1.99699951364626,,,3.13667364227529,3.85001662109099,5.07449900915942,5.74096706274205,7.20058321634466,8.02903305167072,8.98930406225137,10.0982423503391,,,,,11.3783466756384,12.0017460908205,12.5492697919733,13.7819513719916
231.399999999966,0.709006922354524,1.96262052334118,,,3.12563563928593,3.89220363131885,5.12153104227035,5.74573209922025,7.21102215444862,8.0460592009147,8.96006332746599,10.0749040915039,,,,,11.2994990951568,12.0954768138514,12.5118912846551,13.8576477137639
231.999999999966,0.700230196189055,1.92823969179753,,,3.11459129207744,3.93438732050017,5.16856381421284,5.75049434656012,7.21904345054801,8.06150374124104,8.93081459378318,10.0515668108609,,,,,11.2206505572176,12.1892101556862,12.4745123710639,13.9333444380641
232.599999999966,0.691451754577752,1.89385704980979,,,3.10354065078685,3.97656772189612,5.21559732747848,5.75525382125544,7.23152810150333,8.07735537111703,8.90155790050333,10.0282305069225,,,,,11.141801060337,12.2829461011372,12.4371330488005,14.0090415588765
233.199999999966,0.68267160692317,1.85947262809518,,,3.09248376543647,4.01874486868775,5.26263158453795,5.76001053975882,7.22721772950628,8.0888824505511,8.87229328686057,10.0048951782047,,,,,11.064284983791,12.3766846350303,12.3997533154676,14.0847390901298
233.799999999966,0.673889762624402,1.82508645729366,,,3.08142068593402,4.06091879397603,5.30664509934529,5.76476451848173,7.21008622447988,8.10247896151131,8.8543349139886,9.98156082322753,,,,,10.9831396559849,12.4455258046295,12.3623731686695,14.1604370456969
234.399999999965,0.662172351394952,1.79069856796797,,,3.11186488586566,4.10308953078182,5.36090830746326,5.82325839302332,7.24181807603165,8.15847922297912,8.76506267177859,9.93507457306857,,,,,10.906608353833,12.5151079358751,12.3249926060122,14.2361354393953
234.999999999965,0.692399287877162,1.81150252866552,,,3.23704077489072,4.06877004888776,5.38783210865352,5.95212570772449,7.36802571612553,8.28042016093506,8.77057883722622,10.0061330498449,,,,,11.0036389863549,12.5917228304025,12.405804679285,14.339226735159
235.599999999965,0.710835981043856,1.83230483173571,,,3.32154510108817,4.03444744430819,5.41176807783222,6.00256620887219,7.44990603787298,8.38681490426179,8.78507247306171,10.0491493776508,,,,,11.0976485099586,12.6415236374804,12.5355687828114,14.4247634714086
236.199999999965,0.729271015127581,1.85310550750631,,,3.40604343161545,4.00012174982807,5.40093989196812,6.0530040354693,7.43202269045713,8.43945566945289,8.81906750891078,10.0921666733145,,,,,11.1784726080824,12.5934902787262,12.6653324633099,14.5103006869064
236.799999999965,0.74770439951087,1.87390458623099,,,3.49053581580935,3.96579299814784,5.39011246428218,6.10343920372606,7.41118066388358,8.51420737012187,8.85305485841097,10.1351849353771,,,,,11.2631343064093,12.5454594176443,12.7950957183904,14.5958383952482
237.399999999965,0.766136143572119,1.89470209808617,,,3.57502230288965,3.93146122188782,5.37928579710118,6.15387172980703,7.39786328412076,8.59264380457079,8.88703456033138,10.1782041623818,,,,,11.3477950334456,12.4974310391598,12.9248585456676,14.6813766099731
237.999999999965,0.784566256686282,1.91549807317104,,,3.65950294196147,3.89712645358825,5.36845989272901,6.20430162983565,7.38456870664233,8.6761794740466,8.92100665337589,10.2212243528757,,,,,11.4324547875877,12.4494051282056,13.0546209427578,14.7669153445643
238.599999999965,0.802994748224855,1.93629254150749,,,3.74397778201529,3.86278872570925,5.35763475344868,6.25472891989419,7.37410730100328,8.76055796804577,8.95497117618214,10.26424550541,,,,,11.517113567219,12.401381669728,13.1843829072788,14.8524546124497
239.199999999965,0.821421627555888,1.95708553304018,,,3.82844687192693,3.82844807063084,5.34681038152239,6.30515361602377,7.36128677560541,8.83989134971039,8.9889281673215,10.3072676185393,,,,,11.6017713707097,12.3533606486865,13.3141444368506,14.9379944270011
239.799999999965,0.83984690404398,1.97787707763652,,,3.91291026045756,3.79410452065295,5.33598677919146,6.35557573422435,7.35217469473521,8.91442340666292,9.02287766529903,10.3502906908225,,,,,11.6859400307259,12.3053420500542,13.4439055290944,15.0235348015351
240.399999999965,0.858270587050281,1.99866720508662,,,3.9973679962537,3.75975810799537,5.33203985734738,6.40599529045478,7.36389984040074,8.97781856686395,9.06225280800115,10.3933147208223,,,,,11.7773607582515,12.2845418421503,13.5736661816334,15.1090757493122
240.999999999964,0.874073445733847,2.01945594510339,,,4.02439533467881,3.72540886479783,5.31359577751514,6.42370075516438,7.36222826631174,8.96184916036552,9.16649973807067,10.4097136597167,,,,,11.8728030955892,12.2844130171815,13.7034263920924,15.1946172835375
241.599999999964,0.847757611709971,2.04883584841165,,,3.97448265995921,3.7540070855571,5.32836073292699,6.34661639372485,7.27937060668436,8.85907766713756,9.24260477675233,10.3235642328187,,,,,11.8657010961526,12.2718436958207,13.6869232811535,15.1674474233043
242.199999999964,0.807987674648316,2.07821442348106,,,3.83228305283254,3.78260253981923,5.32574521209137,6.22779410050764,7.16217119829144,8.69730835991268,9.21436786808951,10.289545551721,,,,,11.8257547580872,12.219810201177,13.5260209398771,15.0527522798055
242.799999999964,0.768216181514169,2.10759169979224,,,3.69007798640543,3.81119525947989,5.32379397135141,6.10896930874157,7.07394920078247,8.55162186034517,9.16246595272154,10.2555278226323,,,,,11.7813859056988,12.1710972416523,13.3651181493968,14.9380577620308
243.399999999964,0.728443141652231,2.13696770674904,,,3.54786750875663,3.83978527635837,5.32184351321683,5.99014203418221,7.00491892511525,8.39352292132645,9.11055677382905,10.2215110441314,,,,,11.7296087757901,12.122386614656,13.2042149073529,14.8233638829678
243.999999999964,0.688668564402945,2.16634247367806,,,3.40565166784473,3.86837262219385,5.31989383978295,5.87131229254148,6.92967588743376,8.23345235802043,9.05864036945459,10.1874952148041,,,,,11.6778306562247,12.0736783052547,13.0433112113788,14.7086706555432
244.599999999964,0.648892459103315,2.19571602982863,,,3.26343051151369,3.89695732864541,5.31794495312422,5.75248009949014,6.85324927707167,8.06621898692046,9.00671677757303,10.1534803332403,,,,,11.6260515452539,12.0249722985284,12.8824070591096,14.5939780926281
245.199999999964,0.609114835086892,2.22508840437283,,,3.12120408749281,3.92553942729204,5.31599685529431,5.63364547065782,6.77494337588531,7.89754138625948,8.95478603609296,10.1194663980335,,,,,11.5742714411154,11.9762685795704,12.721502448182,14.4792862070378
245.799999999964,0.56933570168377,2.25445962640551,,,2.97897244339672,3.9541189496326,5.314049548326,5.514808421633,6.69737496983589,7.73040576916777,8.9028481828567,10.0854534077813,,,,,11.5224903420337,11.9275671334878,12.5605973762346,14.364595011532
246.399999999964,0.529555068220606,2.28382972494421,,,2.83673562672541,3.98269592708587,5.3121030342312,5.39596896796301,6.62497624685649,7.57664450965284,8.85090325564029,10.0514413610851,,,,,11.4702505716613,11.8788679454005,12.3996918409075,14.2499045188148
246.999999999964,0.489772944020594,2.31319872892926,,,2.69449368486424,4.0112703909905,5.30508275042476,5.277127125154,6.53722119138491,7.46485524379526,8.79303063001095,10.0174302565501,,,,,11.4120290783274,11.8351238561985,12.2387858398426,14.1352147415346
247.599999999963,0.452951294638493,2.34256666722371,,,2.59089670134467,4.03984237260505,5.32628426846957,5.13824586055764,6.43624030761661,7.42126094976144,8.74369446380938,10.024946277023,,,,,11.345870849264,11.7575062914387,12.0778793706836,14.0205256922841
248.199999999963,0.489725840043427,2.33746220758576,,,2.57872723420211,4.02219109476882,5.30290022662592,5.11861645518308,6.3855940072333,7.40525074835912,8.7108420558702,10.075430854847,,,,,11.2192084005544,11.664312792901,12,13.8976124153048
248.799999999963,0.5750679902444,2.33235673974943,,,2.72056879167608,4.00453739691649,5.28130550536745,5.1443183593939,6.40865390238906,7.46133219126624,8.81019349485416,10.0978097843531,,,,,11.1444439034557,11.6410449179823,12.0999892778236,13.8638568268384
249.399999999963,0.660408686969795,2.32725029234813,,,2.86240541236442,3.98688131006914,5.26791382631204,5.17001793608167,6.52885592241933,7.56424085473597,8.93052194260731,10.1201896504784,,,,,11.1082431214202,11.7202018358957,12.1999780805051,13.8301020038513
249.999999999963,0.745747939522595,2.32214289393587,,,3.00423714306978,3.96922286516492,5.25452295176428,5.19571520054405,6.64675342514061,7.67248963032219,9.05084354164606,10.1425704518493,,,,,11.079472053216,11.7993609228132,12.2999664056841,13.7963479587081
250.599999999963,0.831085757205298,2.31703457298941,,,3.1460640304896,3.95156209306186,5.24113288358964,5.22141016804033,6.76161948466601,7.77820437185545,9.17115832928122,10.1649521870943,,,,,11.050699975387,11.8785221639421,12.3999542510126,13.7625947037231
251.199999999963,0.916422149316956,2.31192535790829,,,3.28788612120663,3.9338990245379,5.22774362363318,5.24710285378863,6.87597794365402,7.88681889176451,9.29146634275866,10.1873348548457,,,,,11.0219268860378,11.9576855445098,12.4999416141446,13.7288422511552
251.799999999963,1.00175712515316,2.30681527701474,,,3.429703461689,3.91623369029086,5.21435517371918,5.27279327296591,6.990753306355,7.99852119078582,9.4117676192579,10.2097184537399,,,,,10.9931527832604,12.036851049757,12.5999284927357,13.6950906132074
252.399999999963,1.08709069400607,2.30170435855376,,,3.57151609829017,3.89856612093848,5.20096753565099,5.29848144070801,7.10634084323612,8.11585607271032,9.53206219589226,10.2321029824168,,,,,10.9643776651333,12.1160186649376,12.6999148844431,13.6613398020271
252.999999999963,1.17242286516439,2.2965926306931,,,3.71332407724896,3.88089634701836,5.18758071121119,5.32416737210958,7.22263277121773,8.23957471886559,9.65235010970872,10.2544884395206,,,,,10.93571005357,12.1951883753191,12.7999007869258,13.6275898297059
253.599999999963,1.25775364791336,2.29148012152324,,,3.85512744468952,3.86322439898803,5.17485899893401,5.34985108222418,7.3262053427362,8.31353903949661,9.77629928724345,10.2768748236991,,,,,10.9082753869837,12.2229414217708,12.8998861978445,13.59384070828
254.199999999962,1.34315498230818,2.28636685905739,,,3.99315584514201,3.8455503072249,5.1655087802988,5.41164468788327,7.46049294199837,8.34582912509346,9.87025714237204,10.2749172205082,,,,,10.8939111959893,12.2917838207242,12.9998711148618,13.5600924497298
254.799999999962,1.32682891140875,2.22133737495069,,,3.95780847425158,3.79682563925962,5.1741351427057,5.43944311771254,7.57799436116392,8.38944791106525,9.92410440362014,10.2474837965417,,,,,11.0085183956011,12.3822796313725,13.0624203356893,13.5924953071066
255.399999999962,1.25056105219031,2.15630719333894,,,3.81213717861601,3.74809888807411,5.16265536232254,5.47083685441331,7.62598313440844,8.37588295441907,9.97681098044927,10.2016063321964,,,,,11.0909145395121,12.4448710144695,13.0453251626855,13.5654269339743
255.999999999962,1.17429184166527,2.09127634200734,,,3.66646145480539,3.69937008380741,5.1396004828443,5.50222842962993,7.55806933212719,8.29658170835897,9.99475285842655,10.155729789555,,,,,11.1490168290017,12.4325860995729,13.0282294887727,13.5383594593211
256.599999999962,1.09802128910538,2.0262448486601,,,3.52078134837756,3.65063925651652,5.11654642725096,5.53361785820993,7.47767151160985,8.22135266365678,10.012688294474,10.1098541672857,,,,,11.1992444723002,12.4203031917578,13.011133311625,13.5112928949086
257.199999999962,1.02174940377519,1.96121274092416,,,3.37509690476874,3.60190643617831,5.09349319717982,5.56500515495996,7.40089503889903,8.14858236966036,10.0306173251768,10.0639794640597,,,,,11.2494710844003,12.4080222763901,12.9940366289135,13.4842272524386
257.799999999962,0.945476194935804,1.89618004634919,,,3.22940816930054,3.5531716526896,5.07044079424657,5.59639033464547,7.32592274261806,8.07739274160641,10.0485399870519,10.0181056785519,,,,,11.2996966632618,12.3957433388441,12.9769394383108,13.4571625435578
258.399999999962,0.869201671844878,1.83114679240763,,,3.08371518717989,3.50443493586704,5.04738922004606,5.62777341199079,7.25106342211348,8.00270541388419,10.0664563165497,9.97223280944134,,,,,11.3499212068309,12.3834663645077,12.9598417374912,13.4300987798568
258.999999999962,0.792925843756603,1.76611300649464,,,2.93801800349907,3.45569631544722,5.02433847615228,5.65915440167911,7.17194524859976,7.92007721397415,10.0843663500544,9.92636085541065,,,,,11.4001447130404,12.3711913387821,12.9427435241308,13.4030359728707
259.599999999962,0.716648719921734,1.70107871592813,,,2.79231666323573,3.40695582108662,5.00128856411841,5.69053331835244,7.07791590599221,7.80306505352379,10.1022701238841,9.88048981514647,,,,,11.4504777507535,12.3589182470818,12.9256447959075,13.3759741340789
260.199999999962,0.640370309587571,1.63604394794877,,,2.64661121125284,3.3582134823616,4.98116672738352,5.72191017661167,6.99389180523186,7.69928272631911,10.1081493124211,9.83461968733929,,,,,11.5039189815318,12.3915839462359,12.9085455505007,13.3489132749052
260.799999999961,0.564972187621734,1.57100872971994,,,2.49398053834779,3.30946932876843,4.93959211897277,5.75640973265886,6.90514756373079,7.64333881150197,10.1057185199864,9.78706520093291,,,,,11.5759875793429,12.4223843656958,12.8914457855917,13.3218534067176
261.399999999961,0.572951603751548,1.63057357265522,,,2.51812636653352,3.42736508991569,4.94344896364734,5.76190855014893,6.8400756600521,7.58662822083489,10.1336722086291,9.77154052415608,,,,,11.5944135685665,12.4622239483934,12.935821928602,13.3567467443945
261.999999999961,0.61297779231311,1.69013801944407,,,2.59381586392514,3.54525909495774,4.95833834646426,5.78623439588397,6.8166827770234,7.5841903351421,10.0998758932015,9.85215576683727,,,,,11.602873690314,12.4889883608296,12.9575891020549,13.4767928921608
262.599999999961,0.653002731332145,1.7497020970101,,,2.66950142790593,3.6631513731398,4.99923706119532,5.81055824119814,6.82148221778141,7.61457882689468,10.0896264694124,9.93277191678237,,,,,11.6003765728196,12.4498700922563,12.9793557490579,13.596840064689
263.199999999961,0.693026430036639,1.8092658322077,,,2.74518310276228,3.78104195363772,5.04013661666884,5.83488010048532,6.82736992064689,7.64647219659184,10.0793710024658,10.013388972695,,,,,11.6061068341955,12.4107536704726,13.0011218673005,13.7168882731191
263.799999999961,0.733048897653191,1.86882925181396,,,2.82086093266927,3.89893086554724,5.08103701429034,5.8591999880995,6.83684287196386,7.68310752670789,10.0691095282141,10.094006933289,,,,,11.6118360411978,12.3716390809912,13.0228874544724,13.8369375285406
264.399999999961,0.773070143404954,1.92839238252874,,,2.89653496168729,4.01681813788401,5.12193825544609,5.88351791835351,6.84459526110363,7.7182147508219,10.0588420824451,10.174625797282,,,,,11.6175641916396,12.3325263093337,13.0446525082652,13.9569878419879
264.999999999961,0.813090176511627,1.98795525097465,,,2.9722052337621,4.13470379958354,5.16284034150156,5.90783390551902,6.85244668248368,7.75458663634547,10.0485687008804,10.2552455633953,,,,,11.6232912833211,12.2934153410351,13.066417026372,14.0770392244392
265.599999999961,0.85310900618946,2.04751788369702,,,3.04787179272483,4.25258787950129,5.20374327380135,5.93214796382656,6.86501005544541,7.79266135664906,10.038289419175,10.3358662303544,,,,,11.6290173140293,12.2543061616437,13.0881810064876,14.1970916868173
266.199999999961,0.893126641651256,2.10708030716393,,,3.1235346822919,4.37047040641256,5.24464705366922,5.95646010746551,6.89934038652006,7.86246905301294,10.028004272918,10.4164877968885,,,,,11.6345987894118,12.2151987567215,13.1099444463086,14.3171452399894
266.799999999961,0.933143092106363,2.16664254776621,,,3.19919394606513,4.48835140901259,5.32625222787607,5.98077035058408,6.95514106969643,7.95520981388437,10.0240580002509,10.4971102617308,,,,,11.641597899828,12.1903564916887,13.1317073435334,14.4371998947668
267.39999999996,0.975573780175178,2.22620463181744,,,3.30467549338381,4.60623091591648,5.40903571718649,6.00075084249023,6.99151043337229,8.03288974555169,10.025955244219,10.5940101262614,,,,,11.5903594417125,12.1247551143589,13.1534696958618,14.5572556619053
267.99999999996,0.970250287806811,2.21641117028209,,,3.34290564329239,4.54105107946198,5.47929659556464,6.04562238883138,6.99137211709397,8.11340092565578,9.98569935525836,10.6309368798848,,,,,11.5311537873905,12.0358264045124,13.1308623220105,14.5814963714851
268.59999999996,0.977638532648319,2.20661760458647,,,3.42179795208709,4.47586980428917,5.53397974913254,6.05152730573651,6.97750986278523,8.16344902113223,9.9705049549652,10.563554202884,,,,,11.4909172058448,11.9498390303024,13.1380337302132,14.567232733272
269.19999999996,0.985025629286883,2.19682396081696,,,3.50068680835131,4.41068711878495,5.55074356618649,6.05743037830011,7.01081621833006,8.23089811126427,9.9700724923592,10.4961724191556,,,,,11.4751597545274,12.0185669926042,13.1452045866319,14.5529702393507
269.79999999996,0.992411586913765,2.18703026497809,,,3.57957225511091,4.34550305124403,5.56750823831049,6.06333162046723,7.0515280414889,8.28822748571058,9.96963437734427,10.428791527459,,,,,11.4551889002152,12.0872966430371,13.1523748889713,14.538708900257
270.39999999996,0.999796414717612,2.17723654299716,,,3.65845433527977,4.28031762988099,5.58427376668494,6.06923104613918,7.08716947970938,8.33799167153338,9.96919064504443,10.3614115265505,,,,,11.4352169667487,12.1560279672463,13.15954463494,14.5244487264682
270.99999999996,1.00718012188363,2.16744282072417,,,3.73733309165712,4.21513088283032,5.60104015246668,6.07512866917616,7.12350137450461,8.3868669248381,9.96874133051839,10.2940324151905,,,,,11.4152439517959,12.2247609509006,13.1667138222482,14.5101897284061
271.59999999996,1.01456271759356,2.15764912393192,,,3.81620856692755,4.14994283814642,5.61780739679178,6.0810245033972,7.16061137987681,8.43514897777313,9.96828646875861,10.2266541921429,,,,,11.3952698530115,12.2934955796822,13.1738824486079,14.4959319164368
272.19999999996,1.02194421102572,2.1478554783159,,,3.89508080366097,4.08475352380356,5.63457550077546,6.08691856258016,7.19760320204542,8.48754281165966,9.96782609469125,10.1592768561758,,,,,11.3752946680365,12.3622318392868,13.1810505117328,14.4816753008708
272.79999999996,1.02932461135495,2.13806190949437,,,3.97394984431267,4.01956296769592,5.65134446551206,6.09281086046179,7.22320591262396,8.52287633277497,9.96736024317619,10.0919004060611,,,,,11.356149099742,12.4309697154233,13.1882180093383,14.4674198919629
273.39999999996,1.03670392775265,2.12826844300834,,,4.05281573122326,3.95437119763758,5.58731116582689,6.09870141073764,7.19758854971551,8.52828979616723,9.97387483040653,10.0245248405744,,,,,11.3263813952887,12.4275863311324,13.1953849391413,14.4531656999121
273.999999999959,1.0331407898263,2.11847510432153,,,4.05246722401528,3.8891782413625,5.51088104563951,6.0707640144148,7.14787349558778,8.49207297450059,9.98155574983464,9.96708500007335,,,,,11.3183441354148,12.4467108461802,13.2025512988607,14.4389127348619
274.599999999959,1.01306692935997,2.09310275481669,,,4.04180883124884,3.86885306299948,5.39735180971779,5.9749750821346,7.1383097572798,8.45240415611201,10.0072840291577,9.97330176410722,,,,,11.3257471209903,12.476433560235,13.1993282909913,14.4501642811387
275.199999999959,0.964351041617367,2.06773058380575,,,3.93611170178979,3.84852675365039,5.34189920213039,5.90414924815933,7.13403391494086,8.40085191830459,9.97793163471241,10.0220107750191,,,,,11.3351542349776,12.5087965395012,13.1840626910048,14.4336391001563
275.799999999959,0.915634106592399,2.04235861652171,,,3.83041158679914,3.82819934080583,5.31750442634694,5.8333217209508,7.07590456932511,8.29695530084875,9.93877701203466,10.0707206657037,,,,,11.3164879820869,12.4288709934083,13.1687965141005,14.417115176269
276.399999999959,0.866916133441159,2.0169868781193,,,3.72470852805071,3.80787085187938,5.29311051744674,5.76249251399713,7.0163196192166,8.18841445196516,9.89961711967608,10.1194314349531,,,,,11.2947857812991,12.3489469783746,13.1535297580048,14.4005925193994
276.999999999959,0.818197131314348,1.99161539367596,,,3.6190025671972,3.78754131420446,5.26871747637601,5.69166164074703,6.95727318197448,8.08468185753757,9.8604519920333,10.1681430815663,,,,,11.2730824749737,12.2690244802104,13.138262420445,14.3840711394127
277.599999999959,0.769477109359216,1.9662441881919,,,3.51329374577667,3.76721075503443,5.24432530406232,5.620829114608,6.89896198118039,7.98718395289191,9.82128166343601,10.2168556043462,,,,,11.2513780606328,12.1891034847318,13.1229944991503,14.3675510461183
278.199999999959,0.72075607671957,1.94087328659006,,,3.40758210521252,3.74687920154252,5.21993400141232,5.54999494894643,6.83969938088415,7.89212392980131,9.78210616814758,10.2655690020995,,,,,11.229672535785,12.109183977768,13.1077259918512,14.3510322492699
278.799999999959,0.672034042535754,1.91550271371613,,,3.3018676868135,3.72654668082187,5.19554356931181,5.47915915708755,6.77727341880695,7.79099029328284,9.74292554036516,10.3142832736368,,,,,11.207965897926,12.029265945162,13.0924568962804,14.3345147585657
279.399999999959,0.623311015944675,1.89013249433852,,,3.1961505317737,3.7062132198855,5.17115400862577,5.40832175231543,6.71358395671287,7.69524040872491,9.70373981421959,10.3629984177726,,,,,11.1851271341789,11.94934937277,13.0771872101718,14.3179985836482
279.999999999959,0.57458700607978,1.86476265314842,,,3.09043068117255,3.68587884566635,5.18732858528522,5.33748274787302,6.700307435685,7.61429998564381,9.64373730906336,10.4117144333252,,,,,11.1778366338254,11.9176211100882,13.0619169312615,14.3014837341042
280.599999999958,0.533875958127736,1.83939321475972,,,3.05523848595069,3.66554358501723,5.27371066744552,5.30916822471605,6.75376653228458,7.58002919408109,9.5910066236021,10.3970711922214,,,,,11.1961512880214,11.8964655146731,13.0466460572869,14.2849702194647
281.199999999958,0.562088087478718,1.91289128905809,,,3.0281142528182,3.72287801789662,5.38043032425741,5.37172233146835,6.80918186342876,7.54466463905767,9.47721693150167,10.3632472637568,,,,,11.2078716557948,11.8740172751311,13.0628642576635,14.2862685758198
281.799999999958,0.596925105752154,1.98638981516079,,,3.04875448255477,3.78021161781676,5.45348567231408,5.46143473207533,6.84218308271771,7.53370501483455,9.43477942250784,10.3263772997421,,,,,11.1561447828158,11.8503051618876,13.0956071392818,14.2681893029473
282.399999999958,0.631761177251543,2.05988881744309,,,3.06939217990458,3.83754441138477,5.52105920585827,5.55114558557411,6.89809116267869,7.54766150572657,9.37646461493086,10.2895082024563,,,,,11.1148552393381,11.7955474793014,13.12834941906,14.2501113932375
282.999999999958,0.666596311092625,2.13338832020988,,,3.09002738537048,3.89487642513306,5.58863361556837,5.64085490499999,6.9427621766635,7.57438872775874,9.31814491238294,10.2526399707371,,,,,11.0791001404805,11.7407911723451,13.1610910947414,14.2320348560001
283.599999999958,0.701430516388155,2.20688834768879,,,3.110660139344,3.95220768551391,5.65620890216377,5.73056270334898,6.99076976891669,7.59632218286837,9.25982034853209,10.2157726034262,,,,,11.0433439080986,11.6860362269706,13.1938321640721,14.2139597004879
284.199999999958,0.736263802247429,2.2803889240302,,,3.13129048210202,4.00953821889954,5.72378506634256,5.82026899357598,7.03796468149665,7.61062522248417,9.20149095697895,10.1789060993691,,,,,11.0075865395683,11.6312826291412,13.2265726247998,14.1958859358981
284.799999999958,0.771096177776302,2.35389007330719,,,3.15191845380675,4.06686805158202,5.79136210878203,5.90997378859469,7.08528010577553,7.62288988279309,9.14315677125789,10.1420404574151,,,,,10.9718280322525,11.5765303648335,13.2593124746743,14.1778135713721
285.399999999958,0.805927652077177,2.42739181951565,,,3.17254409450576,4.12419720977334,5.8589400301386,5.99967710127772,7.13575943818304,7.6350441128131,9.08481782483702,10.1051756764175,,,,,10.9360683835009,11.5217794200374,13.2920517114466,14.1597426159958
285.999999999958,0.840758234249001,2.50089418657416,,,3.19316744413197,4.1815257196054,5.92651883104786,6.08937894445649,7.18565864574093,7.64587808596283,9.02647415111811,10.0683117552333,,,,,10.9007549397528,11.4670297807564,13.3247903328698,14.1416730787993
286.599999999958,0.875587933387278,2.57439719832406,,,3.21378854250365,4.23885360712995,5.99568027589234,6.17907933092127,7.20638946105284,7.65606386286237,8.99659173996137,10.0314486927236,,,,,10.8638692175915,11.3744896667669,13.3575283366985,14.123604968757
287.199999999957,0.913071799484568,2.64790087852945,,,3.21345454688577,4.29618089831869,6.0027112212154,6.25797787676338,7.18980999105834,7.65091040022898,8.98862097221388,10.0837994918969,,,,,10.8065319353983,11.3016566319913,13.3902657206891,14.1055382947878
287.799999999957,0.900577854339175,2.64654803987465,,,3.20720926132847,4.25950526175648,5.97714490474645,6.32861727608681,7.1235042689439,7.66032696268757,9.05209409496412,10.1230309186615,,,,,10.7462862576566,11.2291249461613,13.378207862639,14.0436030947121
288.399999999957,0.917470656756825,2.64519591696642,,,3.25077874692548,4.22282908055481,5.92262919945211,6.34287257182613,7.07517649892535,7.66875301041481,9.0597104501916,10.1656548325721,,,,,10.8514099034059,11.1508108313303,13.3409822118624,14.0212346475811
288.999999999957,0.934362612490526,2.64384453334237,,,3.29434613939803,4.1861523804517,5.85194952644445,6.35712646159709,7.01754041541871,7.70018631134767,9.07254632048979,10.2082796006399,,,,,10.9513116066625,11.1472818411978,13.3037559345252,13.9988676629484
289.599999999957,0.951253730616443,2.64249391245757,,,3.33791147798757,4.14947518709843,5.78127073636374,6.37137895798821,6.97759502416587,7.73599086278939,9.08537766250939,10.2509052217452,,,,,11.0504000972286,11.143754072887,13.2665290283926,13.9765021495074
290.199999999957,0.968144020209374,2.64114407768982,,,3.38147480182446,4.11279752606613,5.71059282970078,6.38563007354287,6.93306060945917,7.78062275876988,9.09820450918794,10.293531694772,,,,,11.1494874246793,11.1402275124895,13.2293014912292,13.9541381158985
290.799999999957,0.98503349034067,2.63979505233965,,,3.42503614992438,4.07611942284585,5.63991580692428,6.39987982076331,6.88829208348663,7.82904621647633,9.11102689339701,10.3361590186085,,,,,11.248573586245,11.1367021461157,13.1920733208018,13.9317755707066
291.399999999957,1.00192215007823,2.63844685963035,,,3.46859556118839,4.03944090284855,5.56923966848213,6.41412821211061,6.84268108831288,7.87529554664911,9.12384484794195,10.3787871921467,,,,,11.3476585791429,11.1331779598896,13.1548445148787,13.9094145224607
291.999999999957,1.01881000848652,2.63709952270795,,,3.51215307440287,4.00276199140505,5.49856441480134,6.4283752600047,6.79510330996317,7.92643790164482,9.1366584055618,10.4214162142825,,,,,11.4467424005769,11.1296549399482,13.1176150712299,13.8870549796345
292.599999999957,1.03569707462653,2.63575306464122,,,3.55570872823957,3.96608271376609,5.42789004628812,6.44262097682436,6.75960352711049,7.99157921533681,9.14946759892934,10.4640460839154,,,,,11.5457724134645,11.1261330724421,13.0803849876272,13.8646969506456
293.199999999957,1.05258335755581,2.63440750842167,,,3.59926256125556,3.9294030951023,5.34380772997939,6.45686537490722,6.74687711165557,8.06329770550436,9.14156694155369,10.5066767999491,,,,,11.6335113371329,11.2083949293018,13.043154261844,13.8423404438563
293.799999999956,1.06704741771564,2.63306287696356,,,3.64158727357399,3.8927231605042,5.25434956424847,6.42436304705561,6.7163072076745,8.11101002007378,9.08369256224349,10.4535023509534,,,,,11.7240820983949,11.2776943151667,13.0059228916555,13.8199854675731
294.399999999956,1.08383285807257,2.55108101058105,,,3.68652864234715,3.8433972240795,5.09114999618763,6.28802006457563,6.69073547023168,8.11014428790763,9.04527457096569,10.4077672516807,,,,,11.7789972138132,11.3276531717196,12.9631694295673,13.760090561321
294.999999999956,1.05049276068008,2.46910011455086,,,3.60195021385894,3.7940710216603,4.98750872202423,6.18914014254518,6.65056004290169,8.08093872064405,9.02622607105496,10.3507086665815,,,,,11.6746473533064,11.3943312468812,12.9302651227234,13.7030484547942
295.599999999956,1.01715191626892,2.38712021156134,,,3.51737011762241,3.74474457809776,4.91374552449883,6.09025895071969,6.63399556828,8.03095717958765,9.02568369772951,10.2936509235353,,,,,11.5805858412561,11.5426596525742,12.8973601648107,13.646007903359
296.199999999956,0.983810333883052,2.3051413242177,,,3.4327883916308,3.69541791816197,4.83998321414228,5.9913765012283,6.60859589309804,7.97052411064648,9.02513715479793,10.2365940214661,,,,,11.4858196358935,11.6909891278929,12.8644545536103,13.5889689150993
296.799999999956,0.950468022559318,2.22316347504792,,,3.3482050737533,3.64609106654293,4.76622179121259,5.89249280616175,6.59065332557215,7.8979455214403,9.02458647446771,10.1795379593005,,,,,11.3910522362212,11.8393196590756,12.8315482869061,13.531931498043
297.399999999956,0.917124991331125,2.14118668650272,,,3.26362020174441,3.59676404785055,4.69246125594908,5.79360787756961,6.57414876401249,7.82133867443573,9.02403168888143,10.1224827359694,,,,,11.2962836393237,11.9876512323799,12.7986413624834,13.4748956601628
297.999999999956,0.883781249228422,2.05921098095555,,,3.179033813244,3.54743688661463,4.61870160857026,5.69472172746032,6.55873643787459,7.74881871022851,9.02347283011536,10.0654283504073,,,,,11.2015138422724,12.1359838340768,12.7657337781293,13.4178614093755
298.599999999956,0.850436805277716,1.9772363807026,,,3.09444594577729,3.49810960728484,4.54494284927376,5.59583436780116,6.54425463066046,7.67544544100281,9.02290993017952,10.0083748015526,,,,,11.1067428421255,12.2843174504507,12.7328255316327,13.3608287535422
299.199999999956,0.817091668502057,1.89526290796283,,,3.00985663675483,3.44878223423079,4.47118497823636,5.49694581051825,6.51739393478955,7.58677733233643,9.02234302101765,9.95132208834784,,,,,11.0116556137702,12.4326520677994,12.699916620784,13.3037977004684
299.799999999956,0.78374584792105,1.81329058487791,,,2.92526592347252,3.39945479174194,4.41810115799107,5.39805606749659,6.47188148375344,7.48390624464532,9.02766039349541,9.89427020973905,,,,,10.9146651082064,12.4693671827514,12.6670070433756,13.2467682579039
300.399999999955,0.75022201744322,1.73131943351228,,,2.83818687649261,3.35012730402768,4.37694358477423,5.36940499602823,6.44008247712759,7.419524860268,9.07315820952859,9.93630377133827,,,,,10.8134371609998,12.4474992383265,12.6340967972014,13.189740433543
300.999999999955,0.697877395310547,1.76241279436343,,,2.78444639504638,3.43222354390007,4.50952046209775,5.45328635873423,6.46693186348637,7.36910523026902,9.10124192905755,9.99831703244477,,,,,10.7382965984747,12.4429045658486,12.6581038991122,13.2927334606718
301.599999999955,0.684428185427027,1.79350737083935,,,2.81712906227357,3.51431978673526,4.56320154231124,5.53688778679565,6.56591358201783,7.36323725526127,9.14633838350722,10.0646859365889,,,,,10.7406668587896,12.447074367258,12.7078173062386,13.4071193221342
302.199999999955,0.670978327784961,1.82460318476429,,,2.84981047328445,3.59641605649255,4.57299865608814,5.62048807624672,6.64854601187168,7.37253761566389,9.16077224230023,10.131055671153,,,,,10.7564801195906,12.2865494349738,12.7575300379931,13.5215068245496
302.799999999955,0.657527831383809,1.85570025789366,,,2.88249066479523,3.6785123770609,4.58279665874363,5.70408723876668,6.74309955810543,7.39328014159108,9.17520228213556,10.1974262351023,,,,,10.7692660308034,12.1260254217196,12.8072420921747,13.6358959753885
303.399999999955,0.644076705222471,1.88679861190559,,,2.91516967341389,3.76060877224915,4.59259555031175,5.78768528599363,6.82878726790228,7.42583079041172,9.18962853449525,10.2637976274062,,,,,10.7820507149082,11.9655023138993,12.8569534665859,13.7502867820668
303.999999999955,0.630624958296401,1.91789826840098,,,2.94784753563378,3.84270526578607,4.60239533080247,5.8712822295245,6.91266745766669,7.46358882177812,9.20405103079285,10.3301698470381,,,,,10.794834168844,11.8049800979175,12.9066641590308,13.8646792519448
304.599999999955,0.617172599597601,1.94899924890344,,,2.98052428783358,3.9248018813203,4.61219600020489,5.95487808091506,6.99645876803426,7.49934610467906,9.21846980237557,10.3965428929752,,,,,10.8076163895366,11.6444587601925,12.9563741673155,13.9790733923268
305.199999999955,0.603719638114622,1.98010157485935,,,3.01319996627731,4.00689864242038,4.62199755848725,6.03847285167995,7.08183523190299,7.53221913826789,9.23288488052444,10.4629167641986,,,,,10.8203973738981,11.483938287156,13.0060834892474,14.0934692104619
305.799999999955,0.59026608283257,2.01120526763781,,,3.04587460711437,4.08899557257475,4.63180000559692,6.12206655329266,7.16607210869288,7.57140245762739,9.24729629645412,10.5292914596932,,,,,10.8341491079879,11.3234186652527,13.055792122636,14.2078667135431
306.399999999955,0.576811942733096,2.0423103485307,,,3.07854824637947,4.17109269519174,4.6096638047223,6.20565919718551,7.26176245422169,7.61370949814594,9.25645915550752,10.5956669784479,,,,,10.8525813695614,11.2518748080031,13.1055000652922,14.3222659087079
306.999999999954,0.563847081804135,2.07341683875261,,,3.09979910553274,4.2531900335996,4.61733938839289,6.24162075998277,7.38247914145185,7.6407821231659,9.2386254113142,10.6448787426696,,,,,10.8871544007923,11.2408667575297,13.1552073150288,14.4366668030383
307.599999999954,0.63273699655055,2.13574631700666,,,3.11932695616426,4.29356119073171,4.5665034274939,6.27866228668448,7.46083177820862,7.75821750880167,9.21512809297575,10.6676884673507,,,,,11.0053924392647,11.2580226813207,13.1468218765002,14.5600927092604
308.199999999954,0.688875685567769,2.19807724678954,,,3.14644337196542,4.33393261006766,4.60730457107828,6.29541578576404,7.45772415288006,7.85783458107531,9.17581258345737,10.6732946564506,,,,,11.0805443677668,11.2486143862898,13.1228376938915,14.6599434436232
308.799999999954,0.745013825658705,2.26040964908168,,,3.17355892918759,4.37430431469852,4.6900316889673,6.31216827244002,7.46272210764389,7.9408125525407,9.15930855043257,10.6789016648033,,,,,11.1440784363693,11.3199157192092,13.0988528118106,14.7597958980613
309.399999999954,0.801151425788736,2.32274354478867,,,3.20067366329164,4.41467632763212,4.77275969493324,6.32891975794056,7.44676754165975,8.01371338311863,9.14280104108671,10.6845094914184,,,,,11.2100739762077,11.391217822219,13.074867228078,14.8596500794357
309.999999999954,0.857288494918811,2.38507895473882,,,3.22778760962441,4.45504867179615,4.85548858877432,6.3456702534511,7.43771988932371,8.07895574910508,9.12629008616881,10.6901181353078,,,,,11.2760682545369,11.4625206818515,13.0508809405153,14.9595059945499
310.599999999954,0.913425042006436,2.44741589968318,,,3.25490080341804,4.49542137003823,4.93821837027108,6.36241977011591,7.42966837399733,8.1417426791952,9.10977571636335,10.6957275954877,,,,,11.3420612681498,11.5338242846587,13.0268939469452,15.0593636501518
311.199999999954,0.969561076005661,2.50975440029555,,,3.28201327979002,4.53579444512585,5.02094903918318,6.37916831903813,7.42070678516849,8.20523155958913,9.09325796228854,10.7013378709777,,,,,11.4080530138261,11.605128617206,13.0029062451926,15.1592230529336
311.799999999954,1.02569660586709,2.57209447717248,,,3.30912507374324,4.57616791974641,5.10368059524955,6.39591591127973,7.40622497100833,8.26711169330408,9.07673685449634,10.7069489608016,,,,,11.4740434883324,11.6764336660723,12.9789178330838,15.2590842095319
312.399999999954,1.08183164053787,2.63443615083325,,,3.33623622016587,4.61654181650719,5.18641303818809,6.41266255786157,7.39628181034847,8.32149844415822,9.06021242347238,10.7125608639869,,,,,11.5394092550933,11.7477394178496,12.954928708447,15.3589471265274
312.999999999954,1.13796618896172,2.69677944171989,,,3.36334675383147,4.6569161579354,5.31497558254378,6.42940826976331,7.38472287174498,8.4089075741522,9.05629252680819,10.7181735795652,,,,,11.6112930216657,11.8009233451153,12.930938869112,15.4588118104454
313.599999999953,1.19156771704368,2.75912437019717,,,3.42971659034689,4.69729096647809,5.40918152432152,6.45856601148818,7.397623396189,8.53969733492821,9.04366832328582,10.6553737427129,,,,,11.6966008941746,11.8638831621474,12.9069483129103,15.5586782677554
314.199999999953,1.18578393698809,2.66069757033847,,,3.49068155475704,4.59568988929923,5.46422049591516,6.45659307073612,7.4255039522403,8.57564779022354,8.97975942099201,10.6096271416241,,,,,11.6649847435147,11.9037227688385,12.9389624332172,15.441081905002
314.799999999953,1.19001536588351,2.5622724485557,,,3.5047797220524,4.49408932387768,5.42604467276823,6.46820274679285,7.44668513991868,8.59745448946053,8.95456622808899,10.6274112523703,,,,,11.6232800780641,11.9531024753762,12.9295326443539,15.3022050150137
315.399999999953,1.19424634427309,2.46384902499433,,,3.51887741453476,4.39248929243125,5.37409806752757,6.4798115316778,7.43136659679834,8.61519241242473,8.94297872981344,10.6451961716788,,,,,11.5546755868765,11.9820078576454,12.9201021321256,15.1633299174904
315.999999999953,1.19847688108249,2.36542731971012,,,3.53297466640802,4.2908898170866,5.32215234702805,6.49141943616381,7.44132165208677,8.63976065051617,8.93138808982934,10.6629818985957,,,,,11.4874295800006,12.010913862658,12.9106708943738,15.0244566186807
316.599999999953,1.20270698523473,2.26700735268155,,,3.54707151175784,4.1892909198903,5.27020751084282,6.50302647098369,7.44952571148465,8.66922973617549,8.91979433815736,10.6807684321755,,,,,11.4201822756102,12.0398204771014,12.9012389289386,14.8855851247756
317.199999999953,1.20693666564934,2.16858914380984,,,3.56116798455519,4.08769262280879,5.21826355852299,6.51463264682907,7.45809787334551,8.69786776528212,8.90819750475295,10.6985557714769,,,,,11.3529336703524,12.0687276876749,12.8918062336618,14.7467154419108
317.799999999953,1.21116593124244,2.07017271291897,,,3.5752641186564,3.98609494772843,5.16632048959889,6.52623797435042,7.46583957855934,8.72670685514273,8.89659761950527,10.7163439155623,,,,,11.2856837608612,12.097635481091,12.882372806387,14.6078475761662
318.399999999953,1.21539479092668,1.97175807975566,,,3.58935994780314,3.88449791645547,5.11437830357998,6.5378424641571,7.47723483724182,8.76267027125141,8.88499471223723,10.734132863498,,,,,11.2184325437573,12.1265438440756,12.8729386449591,14.4689815335659
318.999999999953,1.21962325361127,1.87334526398935,,,3.60345550562243,3.78290155071605,5.06243699995487,6.54944612681727,7.49477218679152,8.80177511116145,8.87338881270544,10.7519226143542,,,,,11.1509707636972,12.1554527633682,12.8635037472253,14.3301173200786
319.599999999953,1.22385132820195,1.77493428521225,,,3.61755082562664,3.6813058721562,4.96874765391834,6.56104897285797,7.52089645894178,8.79015784008197,8.86063998920958,10.769713167205,,,,,11.0833915937371,12.1773728768551,12.8540681110341,14.1912549416171
320.199999999952,1.22585795958998,1.67652516293931,,,3.58021074272383,3.57971090234187,4.90687928211529,6.57645281660953,7.46823852208266,8.67823913406753,8.88575104528278,10.8050277907962,,,,,10.9632882158819,12.1604818187028,12.8446317342359,14.0523944040385
320.799999999952,1.16658660788375,1.61501311195552,,,3.41364706471611,3.56371177855997,4.82387087306694,6.53631418241192,7.37507808835988,8.54891806926287,9.03658780220055,10.7596969541474,,,,,10.8932357646414,12.104288835735,12.7414126710086,13.967624787023
321.399999999952,1.09745784474316,1.55350295627693,,,3.28851885995786,3.54771340642193,4.77569775763101,6.48070871982813,7.30620378822124,8.41236057461991,9.1432274142646,10.630488820187,,,,,10.8662699873215,12.0494275583224,12.6959291634167,13.9203459539079
321.999999999952,1.0283287290964,1.49199471518378,,,3.16339055029077,3.53171580724658,4.72920065252896,6.42510248232027,7.28890713297549,8.29754042564348,9.22356227304001,10.5012814845495,,,,,10.8708646085872,11.9984742187578,12.6504449087835,13.8730689789165
322.599999999952,0.959199269832753,1.43048840788198,,,3.03826216865066,3.51571900227944,4.68270442631449,6.36949548021088,7.25056251037213,8.17323696819816,9.30389431669749,10.372074946335,,,,,10.8729927788926,11.9475213562185,12.6049599049616,13.8257938676802
323.199999999952,0.890069475837273,1.36898405350018,,,2.91313374786197,3.49972301268591,4.63620907833009,6.31388772378008,7.20980149067717,8.04506926725777,9.38422357453184,10.2428692046409,,,,,10.8751196140742,11.8965689575373,12.55947414981,13.7785206257781
323.799999999952,0.820939355991563,1.3074816710898,,,2.78800532063452,3.48372785955131,4.58971460789753,6.25827922326685,7.16810276033362,7.91992960690101,9.46455007576944,10.1136642585684,,,,,10.8772451106338,11.8456170095605,12.5139876411891,13.7312492587334
324.399999999952,0.75180891917378,1.24598127962496,,,2.66287691956345,3.46773356388085,4.54322101431773,6.20266998886904,7.13044879504676,7.79346158818769,9.54487384957044,9.98446010722252,,,,,10.8793692650595,11.7946654991479,12.4685003769612,13.6839797720136
324.999999999952,0.682678174258627,1.18448289800257,,,2.53774857712924,3.45174014659961,4.49672829687076,6.14706003074332,7.09515173343563,7.6644858949208,9.62519492502868,9.85525674971218,,,,,10.8814920738264,11.7437144131728,12.4230123549904,13.6367121710306
325.599999999952,0.613547130117355,1.12298654504224,,,2.41262032569775,3.4357476285526,4.45023645481581,6.09144935900524,7.05286186442652,7.53527297614162,9.70551333117177,9.72605418515023,,,,,10.8836544181681,11.6927637385216,12.3775235731423,13.5894464611407
326.199999999952,0.544415795617767,1.06149223948634,,,2.28749219752016,3.41975603050471,4.41479140326678,6.03583798372917,6.99965328439048,7.4441342383927,9.78396712089374,9.59685241265334,,,,,10.8743667083012,11.6018757911429,12.3320340292844,13.5421826476444
326.799999999951,0.481546383437885,1,,,2.21197581809861,3.40376537314071,4.34458048756728,5.97526004639878,6.96524246021865,7.40804526052475,9.83262006290561,9.46153595052195,,,,,10.9016702465948,11.5041486036307,12.2865437212857,13.4949207357866
327.399999999951,0.508632562789146,1.02389207529664,,,2.29366596519655,3.41086908557927,4.40422680893963,5.97913771859463,6.94790722086468,7.42838058867527,9.81000845611946,9.45909890617376,,,,,10.9556351058911,11.4512810003463,12.4123173663864,13.59968529021
327.999999999951,0.520898945356266,1.04778625376821,,,2.36846908706892,3.41797377983285,4.51738234321547,5.97243007233508,6.95529560713937,7.44722990555731,9.79344885034631,9.46624886396356,,,,,11.001151195653,11.3992133344861,12.5103897937103,13.6970119702818
328.599999999951,0.533165073000581,1.07168255384113,,,2.44327246005288,3.42507947634407,4.63838096855571,5.96572176242273,6.95185273607924,7.45656943982935,9.78599544294141,9.4733996103247,,,,,11.0435980931797,11.3905114068535,12.6084614505088,13.7943405673922
329.199999999951,0.545430954573852,1.09558099387149,,,2.5180761158269,3.4321861954773,4.75938046440595,5.95901279872708,6.95663905932584,7.47516722609789,9.77853953899576,9.48055114439248,,,,,11.0880995222381,11.3818098121487,12.7065323346601,13.8916710865641
329.799999999951,0.557696598923183,1.11948159213812,,,2.59288008595425,3.4392939575168,4.88038082987875,5.9523031910756,6.95916014084367,7.48995926805376,9.77108116707227,9.48770346530683,,,,,11.1325995769606,11.3731085373484,12.8046024440419,13.9890035327641
330.399999999951,0.569962014892226,1.14338436684258,,,2.66768440188357,3.44640278266673,5.00138206406648,5.94559294925465,6.96127989926114,7.50306198490327,9.76362035566834,9.49485657221157,,,,,11.1770982537027,11.364407569446,12.9026717765336,14.0863379109029
330.999999999951,0.582227211321186,1.1672893361092,,,2.74248909494882,3.45351269105114,5.12238416604066,5.9388820830094,6.95987455919383,7.51480937023149,9.75615713321501,9.50201046425437,,,,,11.2215955488069,11.3557068954487,13.0007403300161,14.183674225836
331.599999999951,0.59449219704682,1.19119651798503,,,2.81729419636931,3.46062370271399,5.24338713485199,5.93217060204389,6.95610053396287,7.52658303108013,9.74869152807714,9.50916514058679,,,,,11.2660914586023,11.3470065023768,13.0988081023723,14.2810124823629
332.199999999951,0.606756980902426,1.21510593043987,,,2.8920997372497,3.46773583761913,5.36439096953024,5.92545851602101,6.95070289534212,7.54581454209521,9.74122356855328,9.5163206003643,,,,,11.3110073198103,11.338306377264,13.1968750914868,14.3783526852274
332.799999999951,0.619021571717862,1.23901759136626,,,2.96690574858002,3.4748491156503,5.49638193526012,5.91874583456249,6.92268157333315,7.54665055791352,9.72509411069882,9.52347684274618,,,,,11.3650054224709,11.4074543797721,13.2949412952456,14.4756948391179
333.39999999995,0.631673275933174,1.26293151857949,,,3.05474932888763,3.48196355661113,5.62564203063029,5.93339760690556,6.91910933647211,7.57481846581596,9.69973925815777,9.57873424534847,,,,,11.4224492436677,11.4830108392778,13.3930067115368,14.5730389486669
333.99999999995,0.670506648113626,1.39562433337407,,,3.12892108734974,3.54211922634885,5.66814552499673,5.92291527941089,6.99285390046442,7.64996717716311,9.67361050549191,9.55098318362154,,,,,11.4392073784617,11.5826764877107,13.3898380068746,14.5902155130383
334.59999999995,0.74064854090316,1.52831944986329,,,3.18182929609113,3.60227609838758,5.65070925803106,5.96557899229076,7.06705621980444,7.79293787440357,9.67488222767326,9.59032578730905,,,,,11.4920826284679,11.6842169905217,13.430484830453,14.6241213860223
335.19999999995,0.810790275940033,1.66101688562167,,,3.23473809809419,3.66243419228627,5.61477423114707,6.00824214781485,7.12614312599965,7.94100581080365,9.66954467136004,9.62966917028248,,,,,11.5446859760733,11.8058641825106,13.4711308602413,14.6580292282301
335.79999999995,0.880931862034255,1.79371665815546,,,3.28764752377744,3.72259352752814,5.57884006386939,6.05090475539473,7.18380688390316,8.07720086653449,9.6642049290597,9.66901333171494,,,,,11.5932571268598,11.9275115649437,13.5117760941307,14.69193904407
336.39999999995,0.95107330799498,1.92641878489367,,,3.34055760344296,3.78275412351631,5.54290675508345,6.09356682440526,7.24925289098041,8.22083796970772,9.65886302860743,9.70835827078901,,,,,11.6418268624937,12.0491591249468,13.5524205300175,14.7258508378964
336.99999999995,1.02121462262791,2.05912328318803,,,3.39346836727821,3.84291599957378,5.50697430365221,6.1362283641801,7.31621180977956,8.36562358771271,9.65351899777152,9.74770398669109,,,,,11.6903951791853,12.1708068496606,13.5930641657999,14.7597646140079
337.59999999995,1.09135581473532,2.19183017031303,,,3.44637984535596,3.90307917494347,5.4710427084178,6.17888938401179,7.38347951766363,8.51546590575911,9.64817286425406,9.7870504786115,,,,,11.7389620731312,12.2924547262394,13.6337069993778,14.7936803766473
338.19999999995,1.16149689311598,2.32453946346591,,,3.49929206763436,3.96324366878818,5.43511196820149,6.22154989315173,7.44976230889096,8.66148220734586,9.64282465569082,9.82639774574444,,,,,11.787527540515,12.4141027418506,13.6743490286528,14.8275981300019
338.79999999995,1.23163786656527,2.45725117976663,,,3.55220506395688,4.02340950019061,5.39918208180372,6.26420990081015,7.51484010215145,8.80156956324295,9.63747439965131,9.86574578728794,,,,,11.8353124059989,12.5357508836753,13.7149902515281,14.8615178782034
339.39999999995,1.30177874387508,2.58996533625792,,,3.60511886405237,4.08357668815336,5.34951549280859,6.30686941615614,7.62609182369817,8.95914310395585,9.63702098047067,9.90509460244393,,,,,11.8879931825585,12.5985631790064,13.7556306659088,14.8954396253276
339.999999999949,1.36487014545524,2.72268194990522,,,3.5699513277392,4.14374525159891,5.33384976300895,6.3603399716194,7.75848494091445,9.10392548531497,9.69008592105721,9.93600482270568,,,,,11.9279543821182,12.7527738928936,13.7962702697015,14.9293633753948
340.599999999949,1.34325399125778,2.67077345367983,,,3.51211820646311,4.16211676798789,5.28799773645236,6.44422991792747,7.7843328897331,9.160395094454,9.76132874745659,10.0142838347202,,,,,11.9725505238563,12.8329259552527,13.7603873697381,14.9485874123077
341.199999999949,1.309196806377,2.61886744829404,,,3.50622848094453,4.18048969746082,5.26777475043753,6.47174755124543,7.78285630284891,9.14421238526848,9.75954387522021,10.0556575342632,,,,,11.902544217769,12.9210626938392,13.6606501306245,14.9170811959547
341.799999999949,1.27513956048883,2.5669639504971,,,3.5003396769721,4.19886405870341,5.28329609016864,6.49926472851105,7.77901826510161,9.11811486749536,9.77108231059866,10.097032004262,,,,,11.8239275401034,12.9118129631026,13.5609120746478,14.8855769942673
342.399999999949,1.24108226236895,2.51506297694543,,,3.494451823697,4.21723987031772,5.29881827608585,6.52678145869243,7.77188271677909,9.09714079177289,9.78261886252721,10.1384072439411,,,,,11.7529315466026,12.9025632819378,13.4611731997271,14.8540748110474
342.999999999949,1.20702492078857,2.46316454421822,,,3.48856495016016,4.23561715082572,5.31434130684062,6.55429775071175,7.75800770845141,9.07361658140531,9.79415355811026,10.1797832525256,,,,,11.6819340955304,12.8933136376275,13.3614335037775,14.8225746500368
343.599999999949,1.17296754451545,2.41126866881737,,,3.48267908528781,4.25399591866929,5.32986518106654,6.58181361345006,7.74465254015075,9.04812071539119,9.80568642438711,10.2211600292447,,,,,11.6109351829503,12.88406401746,13.261692984716,14.7910765149218
344.199999999949,1.13891014231389,2.35937536716754,,,3.47679425789159,4.27237619221018,5.34538989737634,6.60932905574723,7.73349185812681,9.01881996613121,9.81721748833079,10.2625375733311,,,,,11.5399348049133,12.8748144087364,13.1619516404613,14.7595804093331
344.799999999949,1.10485272294475,2.30748465561614,,,3.47091049666845,4.29075798973004,5.36091545436188,6.63684408640201,7.72115222716836,8.99402121541173,9.82874677684803,10.3039158840217,,,,,11.4689329574569,12.8655647987716,13.0622094689337,14.7280863368456
345.399999999949,1.07079529516544,2.2555965504333,,,3.46502783020069,4.30914132943044,5.37644185059421,6.66435871417199,7.71965623771186,8.96577611428988,9.84027431677932,10.3452949605572,,,,,11.3989466055081,12.8563151748937,12.9624664680554,14.6965943009785
345.999999999948,1.0367378677299,2.20371106781191,,,3.45914628695597,4.32752622943281,5.40303401325576,6.6918729477736,7.68510044331571,8.88761822968826,9.83768653584521,10.3866748021822,,,,,11.3160313268704,12.8561527592688,12.86272263575,14.6651043051955
346.599999999948,1.00374018397455,2.15182822386761,,,3.5009280857906,4.34591270777849,5.37718342712194,6.64324118937276,7.57923563575536,8.74297102070931,9.80269245992245,10.4062589110958,,,,,11.2146598975442,12.7345276088068,12.7629779699431,14.6336163529046
347.199999999948,0.967023500344018,2.09919185248285,,,3.49361630438227,4.27002607023208,5.30579935215142,6.55841355942863,7.50725122699387,8.59587265255649,9.68473526500923,10.3370136404427,,,,,11.0788613312071,12.6627183396307,12.7227364486853,14.5780142835602
347.799999999948,0.928432385718916,2.04655815177459,,,3.44672941988226,4.19414104686326,5.23541459685643,6.4933357477357,7.45405313997449,8.47263593089956,9.62869586849831,10.2619076816284,,,,,11.0625868594615,12.573974273224,12.73527682264,14.5652379602084
348.399999999948,0.889841306418749,1.99392713762677,,,3.39984377132597,4.11825765548116,5.11943181929537,6.42825757633034,7.41604518481906,8.35320559960799,9.5578289202729,10.1868024849199,,,,,11.0495896980613,12.4932714747814,12.7478163568845,14.5524636902421
348.999999999948,0.851250271180381,1.94129882584597,,,3.35295938661118,4.0423759138067,5.00344987196536,6.36317905372158,7.37986201802948,8.23959622221012,9.48696038311123,10.1116980495816,,,,,11.0295176578768,12.4125685866761,12.7603550493465,14.539691476843
349.599999999948,0.81265928873707,1.88867323216154,,,3.30607629351763,3.96649583948072,4.88746875329541,6.29810018837892,7.34121407550758,8.12639823189032,9.41609028339111,10.0365943748815,,,,,11.0094441160963,12.3318655963294,12.7728928979601,14.5269213231407
350.199999999948,0.77406836781862,1.83605037222558,,,3.25919451971042,3.89061745006392,4.77148846168972,6.23302098873078,7.30180612154049,8.01000453213914,9.3452186474228,9.96149146009119,,,,,10.9893690686387,12.2511624911762,12.785429900661,14.5141532322092
350.799999999948,0.735477517151387,1.7834302616129,,,3.21231409273997,3.81474076303692,4.65550899553163,6.16794146316437,7.26160885738487,7.89428612865798,9.27434550145027,9.88638930448616,,,,,10.9692925114091,12.1704592586653,12.7979660553866,14.5013872070666
351.399999999948,0.696886745458276,1.73081291582109,,,3.16543504004206,3.73886579580022,4.5395303531836,6.10286162002581,7.22593122508273,7.78125626678638,9.20347087165124,9.81128790734587,,,,,10.9492144402995,12.0897558862586,12.8105013600762,14.4886232506757
351.999999999948,0.658296061458738,1.67819835027045,,,3.11855738893782,3.66299256567425,4.4235525329873,6.03778146762001,7.17413128173167,7.67892480896088,9.13259478413711,9.73618726795359,,,,,10.9285500247743,12.0090523614313,12.8230358126705,14.4758613659434
352.599999999947,0.619705473868783,1.62558658030406,,,3.07168116663372,3.58712108989928,4.30776509239559,5.97270101421078,7.11979932331661,7.62153872139061,9.08283872810716,9.66108738559652,,,,,10.9135884097653,11.9461928253177,12.8355694111122,14.463101555721
353.199999999947,0.589344902896517,1.5729776211877,,,3.03831492967491,3.51125138563552,4.27504493142917,5.96634810442168,7.13295763194845,7.66370074545247,9.02065129915649,9.58244827197201,,,,,10.9179916465843,11.9386319451117,12.8481021533455,14.4503438228041
353.799999999947,0.620103731206406,1.66157425267109,,,3.03666730057844,3.57769947049373,4.37764181316043,5.97158221048584,7.17605130397505,7.75620632027629,9.02255718958718,9.60347772961842,,,,,11.0404319969854,11.9194696421922,12.9494806661082,14.4972631213639
354.399999999947,0.643051018224075,1.75017372531674,,,3.04194269128003,3.64414936095572,4.49258964495188,6.02809089953215,7.1746168006733,7.84872618177342,9.04321671763993,9.62081984777537,,,,,11.1355028975013,11.8943450966898,13.0039590557651,14.5141029183105
354.999999999947,0.665998436480158,1.83877605414629,,,3.04721961846174,3.71060107392887,4.605273479875,6.08459932022318,7.15634356881899,7.93184046884659,9.06822348811052,9.63816272015461,,,,,11.2253167483577,11.8856504051461,13.0584365830526,14.5309448006129
355.599999999947,0.688945994674098,1.9273812541165,,,3.05249810875618,3.77705462625297,4.7179581265615,6.14110748061247,7.13422105731626,7.99964249648057,9.09322895614315,9.65550634606302,,,,,11.3172170351416,11.8769554863162,13.112913245926,14.5477887708467
356.199999999947,0.7118937015012,2.01598934010691,,,3.05777818868189,3.84351003468768,4.83064358320724,6.19761538871691,7.12385173222516,8.07164374568069,9.11823314738498,9.672850724811,,,,,11.4091157747033,11.8682603277678,13.167389042338,14.5646348315291
356.799999999947,0.734841565653321,2.10460032691976,,,3.06305988464278,3.90996731591258,4.943329847987,6.25412305251224,7.11254361959067,8.15131238139125,9.14323608741717,9.69019585571285,,,,,11.5010129628151,11.8595649170831,13.2218639702433,14.5814829851219
357.399999999947,0.757789595818863,2.19321422928006,,,3.06834322292811,3.97642648652714,5.05601691905473,6.31063047993305,7.10022942303995,8.23025771870988,9.16823780175468,9.70754173808672,,,,,11.5929085952363,11.8508692418581,13.2763380275979,14.598333234031
357.999999999947,0.780737800682787,2.28183106183554,,,3.07362822971248,4.04288756305071,5.16870479454356,6.36713767887277,7.08529327896247,8.30199653319789,9.19323831584619,9.72488837125466,,,,,11.6848026677131,11.8421732897017,13.33081121236,14.6151855806067
358.599999999947,0.803686188926592,2.3704508391567,,,3.07891493105582,4.10935056192254,5.28139347256568,6.42364465718371,7.08091002133602,8.36140084306093,9.21823765507406,9.74223575454259,,,,,11.7770553516965,11.8334770482366,13.3852835224891,14.6320400271437
359.199999999946,0.826634769228339,2.45907357573677,,,3.08420335290344,4.1758154995018,5.4009335591817,6.48015142267699,7.11711586511418,8.41380901771729,9.24547261980055,9.7595838872803,,,,,11.8790437390055,11.8015585396968,13.4397549559466,14.6488965758808
359.799999999946,0.843550840471371,2.54769928599173,,,3.10436254071277,4.24228239206753,5.45328373548014,6.50956222895057,7.12788146924413,8.39095256831226,9.25843958527269,9.82224239693034,,,,,11.9912992843789,11.7823487631212,13.4942255106956,14.6657552290016
360.399999999946,0.831646569423876,2.57202701867221,,,3.15001033464176,4.24142423575085,5.48876534837667,6.55561627608386,7.07953876121683,8.32785275393434,9.27348981892065,9.77575465494753,,,,,11.9622302887499,11.7604055409719,13.4649919652196,14.5765320608706
360.999999999946,0.816850632843346,2.59635775362201,,,3.17356980923233,4.24056806673241,5.48345053172217,6.52749343218914,7.0916454251888,8.25657808848353,9.22830114916861,9.73143378274191,,,,,11.9062081689399,11.7826009320398,13.4603743836573,14.5005280745142
361.599999999946,0.802054922998216,2.62069150503106,,,3.19713110695984,4.23971390105696,5.51397691830689,6.49937040630319,7.11998418906838,8.18200800469369,9.20261711811126,9.68711365734416,,,,,11.8587741268865,11.8150541137422,13.4557559172883,14.4245261987585
362.199999999946,0.787259448549555,2.64502828700632,,,3.22069425319832,4.23886175468313,5.54450409566361,6.47124720603805,7.1629370768857,8.11331618502747,9.17693206309455,9.64279427810322,,,,,11.8108876169704,11.847506932153,13.45113656408,14.348526435563
362.799999999946,0.772464218154717,2.66936811357746,,,3.24425927320513,4.23801164348943,5.57503206175542,6.44312383895795,7.19732341735789,8.03330162643078,9.1512460090352,9.59847564437217,,,,,11.7629995126011,11.8799593749873,13.4465163220043,14.2725287868325
363.399999999946,0.757669240467606,2.69371099869692,,,3.26782619212302,4.2371635832743,5.60556081452772,6.41500031258597,7.23090489309352,7.94778942685436,9.12555898078538,9.5541577555079,,,,,11.7151098094056,11.9124114299747,13.4418951890344,14.1965332544165
363.999999999946,0.74287452413868,2.71805695623987,,,3.29139503498004,4.23631758975604,5.63609035190505,6.38687663440407,7.26235731116893,7.86388077971103,9.09987100313099,9.50984061087119,,,,,11.6672185029973,11.9448630848582,13.4372731631453,14.1205398401085
364.599999999946,0.728080077814943,2.74240600000423,,,3.31496582668962,4.23547367857288,5.66662067179112,6.35875281185304,7.29399802868942,7.78503890483333,9.07418210079167,9.4655242098267,,,,,11.6193255889765,11.9773143273942,13.4326502423137,14.0445485456467
365.199999999946,0.713285910139952,2.76675814371065,,,3.33853859205052,4.23463186528292,5.69715177206879,6.33062885233251,7.32137538576286,7.71087736929632,9.04849229842075,9.42120855174297,,,,,11.5710183091305,12.0097651453522,13.4280264245182,13.9685593727132
365.799999999945,0.698492029753811,2.79111340100254,,,3.36211335574687,4.23379216536417,5.71211714330485,6.30250476320099,7.2986703972408,7.61872305368906,9.0111125614044,9.37689363599241,,,,,11.5093152260479,12.0476893855196,13.4234017077389,13.8925723229348
366.399999999945,0.680789905394254,2.81547178544604,,,3.36278916413878,4.23295459421452,5.73556641402879,6.2836877749869,7.25083286089928,7.55066107132031,9.02344376527433,9.28629430187949,,,,,11.4431003687435,12.0129607710077,13.4187760899576,13.8165873978824
366.999999999945,0.66561213002516,2.80769666312418,,,3.31210696830999,4.22311795080519,5.59637120965965,6.19272591792437,7.27409865925969,7.5130907535294,9.02158571333934,9.29271489363286,,,,,11.4669602419025,11.9952823434011,13.4377284819609,13.8176936894257
367.599999999945,0.661571576723945,2.79992469485152,,,3.28104922023404,4.21328346671963,5.48052715683027,6.15211993954479,7.26543968839421,7.4972898026589,9.1173764119653,9.29730159240469,,,,,11.4875785588341,11.9203519665401,13.4728997747435,13.8219199958561
368.199999999945,0.657531345238517,2.79215589396537,,,3.24999356808527,4.20345115711625,5.35921665864611,6.11151386058126,7.2436903658349,7.50449738188301,9.18951142143602,9.3018890310379,,,,,11.5070818700005,11.9182087632868,13.5080701604816,13.8261484313918
368.799999999945,0.653491444190722,2.78439027372283,,,3.21894003597272,4.19362103707253,5.23790692771216,6.07090768818195,7.19128887260269,7.52716417267704,9.26164567740129,9.30647720892443,,,,,11.526816148601,11.9160650623616,13.5432396371622,13.8303789973809
369.399999999945,0.649451882199963,2.77662784730377,,,3.18788864789262,4.18379312158585,5.11659796176584,6.03030142945842,7.1395240168897,7.5601132518348,9.33377920405267,9.31106612545995,,,,,11.5465487839141,11.9139208516212,13.5784082027758,13.8346116951161
369.999999999945,0.645412667882196,2.76886862781079,,,3.15683942772648,4.17396742557348,4.99528975852312,5.98969509148113,7.08942955136332,7.59494677430598,9.40591202551331,9.31565578004398,,,,,11.5662797714209,11.9117761189423,13.6135758553146,13.8388465258342
370.599999999945,0.641373809849926,2.76111262826924,,,3.12579239924122,4.16414396387259,4.87398231567917,5.94908868127937,7.04360277563369,7.62864196036495,9.47804416584008,9.32024617207992,,,,,11.5860091065891,11.9096308522153,13.6487425927722,13.8430834907167
371.199999999945,0.637335316712212,2.75335986162719,,,3.09474758608906,4.15432275124025,4.7526756309083,5.90848220584128,6.99713426129481,7.65619161494969,9.55017564902356,9.32483730097507,,,,,11.6057367848731,11.9074850393434,13.6839084131444,13.8473225908893
371.799999999945,0.63329719707466,2.74561034075549,,,3.06370501180762,4.14450380235342,4.63136970186396,5.86787567211385,6.95239424570219,7.68258755527267,9.62230649898806,9.32942916614057,,,,,11.6258796153194,11.9053386682438,13.7190733144282,13.8515638274219
372.399999999944,0.629259459539421,2.73786407844771,,,3.03266469981982,4.13468713180895,4.49523938636534,5.82726908700293,6.93244722889437,7.72865074877784,9.69533739850228,9.33402176699144,,,,,11.6456558293102,11.9470347442989,13.7542372946227,13.8558072013289
372.999999999944,0.633226768503175,2.73012108742015,,,2.97088431489685,4.12487275412359,4.37494020231672,5.82210860632375,6.96335525227754,7.79517241772538,9.77527087144134,9.30399690655466,,,,,11.6591636839367,12.0819057007034,13.7894003517285,13.8600527135689
373.599999999944,0.641107353211121,2.69609555182165,,,2.97316190066455,4.11906026707935,4.49136299545735,5.91311474961272,6.98551266423904,7.86659041703694,9.85154586004414,9.30062747176902,,,,,11.6708069708484,12.2163385376326,13.8280376090974,13.8933675025836
374.199999999944,0.647653863007568,2.6620733127018,,,2.96967733983837,4.11325010168779,4.60190041376755,5.94157577342129,7.00565684751468,7.92856393493044,9.82146397997845,9.3623617944757,,,,,11.689051429155,12.3817633544627,13.8368985061023,13.9210027274028
374.799999999944,0.654200789280332,2.62805438254759,,,2.96619513385051,4.10744227222497,4.677208360077,5.97003677305242,6.99863119477587,7.97874678338378,9.7996756813413,9.42409685057265,,,,,11.6987751405244,12.3732197344193,13.845758474028,13.9486400930966
375.399999999944,0.660748140614443,2.5940387737663,,,2.96271530555118,4.10163679288723,4.75251704759251,5.99849775521202,7.02591065170932,8.0183229967035,9.77788689164002,9.48583263948826,,,,,11.7103585737019,12.3646754839143,13.8546175108846,13.9762796004015
375.999999999944,0.667295925591356,2.56002649868797,,,2.9592378776754,4.0958336777908,4.8278264738248,6.02695872655904,7.05622339135145,8.05663783233548,9.75609763433419,9.54756916066076,,,,,11.7219403131544,12.3561305909746,13.8634756146815,14.0039212499979
376.599999999944,0.673844152789082,2.52601756956537,,,2.95576287284355,4.09003294097181,4.90313663626049,6.05541969371125,7.08756929173048,8.09566055197222,9.73430793281794,9.60930641353234,,,,,11.7335203542168,12.347585043624,13.8723327834295,14.0315650425104
377.199999999944,0.680392830782174,2.49201199857402,,,2.95229031356134,4.08423459638627,4.97844753236539,6.0838806632453,7.11622978743308,8.13544636732611,9.71251781041908,9.671044397549,,,,,11.7450986922111,12.3390388299,13.8811890151412,14.0592109785081
377.799999999944,0.686941968141737,2.45800979781217,,,2.94882022221982,4.07843865791011,5.05375915958437,6.11234164169669,7.14578229180624,8.17922908590541,9.69072729039912,9.73278311216065,,,,,11.756675322446,12.3304919378533,13.890044307831,14.0868590585042
378.399999999944,0.693491573435429,2.42401097930083,,,2.94535262109541,4.07264513933914,5.12907151534151,6.14080263555977,7.17829015721833,8.23406209848505,9.6689363959534,9.79452255682107,,,,,11.7681324882352,12.3219443555479,13.8988986595149,14.1145092829566
378.999999999943,0.700041655227461,2.39001555498375,,,2.94188753234987,4.06685405438906,5.24328613796323,6.16926365128771,7.22068929988688,8.302274316251,9.63830940235214,9.85626273098788,,,,,11.7900972457351,12.2788146238244,13.9077520682107,14.1421616522672
379.599999999943,0.700457906390772,2.3560235367274,,,2.98849365280162,4.06106541669549,5.33366216912194,6.1868547656478,7.23790094835362,8.36259378395102,9.54026188531404,9.98528401844464,,,,,11.8103483178451,12.1901634332482,13.9166045319377,14.1698161667823
380.199999999943,0.724094006846598,2.3238948281239,,,2.99289840561758,4.00073560782524,5.27922752178564,6.1294257247707,7.21844238178976,8.3899019296349,9.4470510625266,10.0234701903863,,,,,11.7312285072414,12.0842249339899,13.8006403466954,14.059926789318
380.799999999943,0.743527611776238,2.29176954908252,,,3.00024406011194,3.94040827323724,5.2898266669348,6.10263607642473,7.1774364517189,8.38053228091746,9.40316229028149,9.94903574129467,,,,,11.6454191010648,11.966769075024,13.670323833017,13.9669195026937
381.399999999943,0.762961727426146,2.25964771123781,,,3.00759231448596,3.88008342633193,5.32696784506744,6.07584647534779,7.17118588357848,8.35949752617231,9.3465133260388,9.87460201956813,,,,,11.5607517333702,11.9874029226205,13.5400063684371,13.8739143619807
381.999999999943,0.782396362343672,2.22752932614721,,,3.01494319032784,3.81976108042449,5.3641097358472,6.04905692778445,7.15578764101822,8.34749323400224,9.28986412514892,9.80016902469436,,,,,11.4763954762325,12.008036008637,13.4096879509834,13.7809113673011
382.599999999943,0.801831525072321,2.19541440529094,,,3.02229670911142,3.75944124875001,5.40125233654961,6.022267439941,7.13528503703349,8.33182159585673,9.23321471034444,9.72573675615425,,,,,11.3920374733279,12.0286683212184,13.2793685786838,13.6879105187228
383.199999999943,0.821267224152153,2.16330296007194,,,3.0296528921959,3.69912394446347,5.43839564443191,5.99547801798257,7.11060777490316,8.31227737643591,9.1765651042904,9.65130521343258,,,,,11.307677719846,12.0492998485357,13.1490482495681,13.5949118162583
383.799999999943,0.840703468119774,2.13119500181589,,,3.03701176082581,3.63880918063973,5.47553965673047,5.96868866803316,7.08729998896561,8.29600212419422,9.11991532958558,9.57687439601798,,,,,11.2233162109629,12.0699305787735,13.0187269616676,13.5019152598642
384.399999999943,0.860140265508338,2.09909054177123,,,3.04437333613104,3.57849697027356,5.51268437066078,5.94189939617562,7.06194689251274,8.27997586035262,9.06326540876249,9.50244430340297,,,,,11.1389529418415,12.0905605001296,12.8884047130155,13.4089208494416
384.999999999943,0.879577624847553,2.06698959110913,,,3.05173763912682,3.51818732627964,5.54982978341757,5.91511020845163,7.03577245362399,8.24802971121251,9.00661536428738,9.42801493508396,,,,,11.0540796283179,12.1111896008155,12.7580815016465,13.3159285848358
385.599999999942,0.89901555466368,2.03489216092351,,,3.05910469071371,3.45788026149253,5.55464146520216,5.88832111086175,6.96962365783649,8.19634044589109,8.97662439562752,9.3535862905612,,,,,10.9652710703278,12.107871871051,12.6277573255973,13.2229384658366
386.199999999942,0.918488287156534,2.00279826223103,,,3.02589167586225,3.39757578866667,5.58606023427445,5.80268082917849,6.87814348927718,8.11129247165315,8.9928353138707,9.29612118885385,,,,,10.8917041516192,12.1048910807585,12.497432182906,13.1299504921779
386.799999999942,0.913582372936022,2.03788562756684,,,3.0134307269268,3.44385982489559,5.59782282781601,5.78449964490485,6.79856439179452,8.04893320057313,9.0601941668494,9.30050161875192,,,,,10.8984481236811,12.0910332359541,12.5188790525043,13.2991371115537
387.399999999942,0.915134966028592,2.07297654620379,,,3.02162856580728,3.49014647836461,5.52347912796908,5.76946753132486,6.77511032341735,8.0367191432871,9.10983304304715,9.36883190968384,,,,,10.9371452946209,12.0980586106688,12.5246374872161,13.433344740354
387.999999999942,0.916688163669223,2.10807102892031,,,3.02982923573666,3.53643576157763,5.44461716264641,5.75443553146995,6.77856397828616,8.0267278868194,9.1675844591881,9.43716292245799,,,,,10.9882331546923,12.0526208388379,12.5303949494093,13.5675545133598
388.599999999942,0.918241974366294,2.14316908642404,,,3.03803275704026,3.58272768696869,5.36575587887982,5.73940365113461,6.76540598474117,7.99741745930578,9.22533588508338,9.50549465658784,,,,,11.035987657694,12.0071821758805,12.5361514371305,13.7017664300856
389.199999999942,0.919796406625366,2.17827072934535,,,3.04623914993075,3.62902226689174,5.28689527371842,5.7243718960725,6.75574943485523,7.97225637290302,9.28308734273452,9.57382711159693,,,,,11.0837403612834,11.9617426101066,12.5419069484265,13.8359804899872
389.799999999942,0.921351468948542,2.21337596823735,,,3.05444843450615,3.67531951362058,5.20803534419005,5.70934027199608,6.74948697262486,7.95434237968538,9.34083885407756,9.64216028701263,,,,,11.1314912605044,11.9163021298345,12.5476614813458,13.9701966924647
390.399999999942,0.922907169834484,2.24848481357591,,,3.0626606307498,3.72161943934896,5.12917608730169,5.69430878457674,6.74261448295298,7.93245338377925,9.39859044098226,9.71049418236622,,,,,11.1792403503876,11.870860723396,12.5534150339385,14.1044150368624
390.999999999942,0.924463517778397,2.28359727575963,,,3.07087575853041,3.76792205619049,5.05031750003946,5.67927743944465,6.73899285786564,7.90934750802325,9.45634212525207,9.77882879719282,,,,,11.2269876259499,11.8254183791362,12.5591676042566,14.2386355224691
391.599999999942,0.926020521272039,2.31871336510985,,,3.07909383760203,3.8142273761787,4.97145957936866,5.66424624218885,6.72549837859889,7.89335124558434,9.51409392862416,9.84716413103147,,,,,11.2746153063535,11.7799750854136,12.5649191903537,14.3728581485177
392.199999999941,0.927578188803714,2.35383309187066,,,3.08731488760407,3.86053541126699,4.92048583093586,5.64921519835724,6.7273570950208,7.8623372034467,9.55560068624646,9.91550018342503,,,,,11.3157610439933,11.7214817436561,12.5706697902851,14.5070829141858
392.799999999941,0.927546975009508,2.3889564662089,,,3.14683328139249,3.90684617332867,4.85797040277356,5.6894503942143,6.78638521924383,7.85028668978061,9.59810954069329,9.909992647215,,,,,11.3551860478131,11.6728466855866,12.5764194021078,14.6413098185949
393.399999999941,0.882684108689923,2.32159401529052,,,3.17195326989323,3.89218068580838,4.87137856505278,5.67847916556686,6.84367391100766,7.82071736658056,9.61437095057576,9.95707252252052,,,,,11.4092675391176,11.6492251578307,12.555521624895,14.5790809244265
393.999999999941,0.823855278857614,2.25423523204144,,,3.14569264184953,3.87751794876183,4.85715614972058,5.68872764938838,6.8834660886179,7.7631358745504,9.62477643576045,10.0371857321905,,,,,11.4552896283396,11.6109286455779,12.6002977736453,14.5580705952172
394.599999999941,0.7650271469807,2.18688012640674,,,3.11943506214228,3.86285797382797,4.85405853920817,5.69897630841624,6.86736221080327,7.71486369474156,9.64276743165602,10.117299658629,,,,,11.4817671358854,11.6560428217847,12.6450729284747,14.5370624017842
395.199999999941,0.706199721531605,2.11952870824422,,,3.09318054984265,3.84820077255969,4.850961576642,5.70922514799052,6.87762132970477,7.67814187585262,9.660758675686,10.1974143013949,,,,,11.5075573258511,11.7011559789689,12.6898470874406,14.5160563430225
395.799999999941,0.647373010977942,2.05218098733442,,,3.06692912390213,3.83354635642979,4.8478652588402,5.71947417341222,6.89191676970986,7.63924303814556,9.67875018912291,10.2775296600544,,,,,11.533345661156,11.7462681055744,12.7346202486086,14.4950524177756
396.399999999941,0.588547023783861,1.98483697338063,,,3.04068080315754,3.81889473683094,4.84476958260127,5.72972338994118,6.90592926038706,7.59876873370124,9.69674199317377,10.3576457341776,,,,,11.559132136698,11.7913791900668,12.7793924100461,14.4740506248311
396.999999999941,0.529721768410075,1.91749667600888,,,3.01443560633107,3.80424592507573,4.84167454470277,5.7399728027961,6.91953613343796,7.55761145576649,9.71473410897924,10.4377625233382,,,,,11.5849167473617,11.8364892209251,12.8241635698219,14.4530509629212
397.599999999941,0.47089725331384,1.85016010476795,,,2.98819355203023,3.78959993239661,4.83858014190144,5.75022241715451,6.93186835080994,7.51737476515938,9.73272655761378,10.5178800271141,,,,,11.6106994880185,11.8815981866414,12.8689337260067,14.4320534307221
398.199999999941,0.412073486948962,1.78282726912936,,,2.96195465874791,3.77495676994598,4.83548637093315,5.76047223815283,6.96062867411315,7.48317706772354,9.75071936008555,10.597998245087,,,,,11.6374317903765,11.9267060757216,12.9137028766731,14.4110580268548
398.79999999994,0.3532504777658,1.71549817848736,,,2.93571894486231,3.76031644879608,4.81818442228407,5.77072227088627,7.0544178225773,7.49554658507377,9.77391359070765,10.6781171768422,,,,,11.6680815135163,12.0481058956779,12.9584710198951,14.3900647498841
399.39999999994,0.303698066726317,1.64817284215896,,,2.86956039038277,3.74567897993909,4.83089666532729,5.7789030124802,7.11491727599365,7.58037205104033,9.81450990378727,10.8346972239391,,,,,11.699821490567,12.1670426691331,13.0032381537485,14.3690735983196
399.99999999994,0.334308911481587,1.6959250370067,,,2.88067195676597,3.87029530039948,4.77906143278193,5.83195021473158,7.16643039823629,7.69034690414542,9.820944441176,10.8401125348995,,,,,11.7195235583893,12.2862150704981,13.0621740461692,14.3401228006253
400.59999999994,0.380435065884473,1.74368100458172,,,2.90390307839845,3.99491449491061,4.78851812533038,5.86051088171155,7.17873394926912,7.80155739287226,9.88221186747919,10.7431303287881,,,,,11.6800952677419,12.3975118641569,13.0844895757393,14.290790265948
401.19999999994,0.426562011237549,1.7914407539578,,,2.92713745179522,4.11953657421051,4.78147123965812,5.88907178039372,7.22349108582321,7.92989277494721,9.94908420746611,10.6461488348297,,,,,11.6685759393502,12.3886308597256,13.106804090175,14.241459851869
401.79999999994,0.47268975597238,1.83920429414291,,,2.95037509476005,4.2441615489709,4.77442496579459,5.91763291567001,7.25059245513849,8.0763232878915,10.0159570259479,10.5491680526393,,,,,11.6606644459526,12.3797487099613,13.1291175875624,14.1921315566772
402.39999999994,0.518818308518622,1.88697163406778,,,2.97361602498322,4.36878942978344,4.76737930033138,5.94619429238877,7.27123772566229,8.22758509176827,10.0828303434683,10.4521879818258,,,,,11.6527510410422,12.3708654034754,13.151430065986,14.1428053786034
402.99999999994,0.564947677302481,1.93474278258587,,,2.99686026004039,4.49342022715965,4.7603342398375,5.97475591535719,7.29106706403029,8.3720174338861,10.1497041805053,10.3552086220017,,,,,11.6448357193707,12.3619809288805,13.1737415235319,14.0934813158233
403.59999999994,0.611077870746714,1.98251774847338,,,3.02010781739257,4.61805395153096,4.75328978086114,6.00331778934132,7.31233862618794,8.51714678004519,10.2165785574704,10.2582299727836,,,,,11.6369184756769,12.3530952748028,13.1960519582877,14.0441593664564
404.19999999994,0.657208897270633,2.03029654042925,,,3.04335871438608,4.74269061324871,4.74624591992968,6.03187991906607,7.33377366519795,8.66380731420273,10.2834534947091,10.1612520337918,,,,,11.6289993046864,12.3442084298818,13.218361368343,13.994839528567
404.79999999994,0.703340765290092,2.07807916707518,,,3.06661296825264,4.86733022258411,4.73920265354955,6.06044230921518,7.34850306493142,8.80752376003045,10.3503290125006,10.0642748046506,,,,,11.6207250222144,12.3353203827705,13.240669751789,13.9455218001634
405.399999999939,0.7494734832175,2.12586563695559,,,3.08987059610928,4.99197278972828,4.71568491733199,6.08900496443123,7.29239293599028,8.91407959276895,10.4069593647083,9.96729828498807,,,,,11.6160237940524,12.2815253189089,13.2629771067186,13.8962061791984
405.999999999939,0.786238986574792,2.17365595853766,,,3.11481780722132,5.11661832479224,4.66467806257034,6.08921886500221,7.21235266723103,8.91263786994589,10.4014545351942,9.76672483342821,,,,,11.5684324296422,12.2022547490624,13.2852834312264,13.846892663569
406.599999999939,0.790726518276248,2.14896646554702,,,3.07350046060819,5.01742290314565,4.72215951978372,6.0680796709734,7.10917205120229,8.84870326619679,10.3773176956805,9.63127506168546,,,,,11.4059767600884,12.1052284947335,13.1995971179939,13.8766213913382
407.199999999939,0.804825618946229,2.1242808409533,,,3.09418021202888,4.91823046937793,4.74508937094989,6.03719663403971,7.04765519365955,8.78951881507964,10.3114336135829,9.58430586054077,,,,,11.2822865845081,12.0241660759868,13.1316082823548,13.8941096535414
407.799999999939,0.818925603140262,2.09959909299921,,,3.11486340476756,4.81904103338241,4.80183332637819,6.00631388033087,6.98037908377996,8.7210238030409,10.2298871312778,9.53733736743499,,,,,11.1432013763292,12.153463511985,13.0636184105897,13.9116000144362
408.399999999939,0.833026479252537,2.07492122984291,,,3.13555005536174,4.71985460494968,4.85857785496223,5.97543141428473,6.9119876949184,8.62405949419453,10.1483413498068,9.49036958200667,,,,,11.0030256607705,12.2827596780124,12.9956275007984,13.9290924716984
408.999999999939,0.847128255674755,2.0502472595653,,,3.15624018024054,4.62067119379023,4.91532295305912,5.94454924029696,6.84621184569043,8.50740071947828,10.0667962889865,9.44340250390718,,,,,10.8628479752424,12.4120545627942,12.927635551084,13.9465870229467
409.599999999939,0.861230940795176,2.02557719016998,,,3.17693379571845,4.52149080953446,4.97206861700853,5.91366736272214,6.77987037182713,8.39348462966807,9.98525196856598,9.39643613279178,,,,,10.7226683143515,12.5413481550905,12.8596425595514,13.9640836657442
410.199999999939,0.875334542998614,2.00091102958336,,,3.19763091799527,4.42231346173264,5.02881484312921,5.88278578587364,6.7126568491271,8.27942894127663,9.9037084082278,9.34947046831959,,,,,10.5824866726906,12.6706404436746,12.7916485243071,13.9815823975983
410.799999999939,0.889439070666419,1.97624878565453,,,3.21833156315618,4.32313915985494,5.08556162771914,5.85190451402372,6.6449503507735,8.16462377750365,9.82216562758832,9.3025055101536,,,,,10.4423030448396,12.799931417333,12.7236534434594,13.9990832159608
411.399999999939,0.903544532176505,1.95159046615537,,,3.23903574717168,4.22396791329146,5.14230896705542,5.82102355140348,6.57478582864465,8.04259602374454,9.74062364619761,9.2555412579607,,,,,10.3016677225783,12.929221064866,12.6556573151184,14.0165861182278
411.999999999938,0.917650935903326,1.92693607878047,,,3.25974348589764,4.12479973135215,5.2169985734169,5.79014290220287,6.50491052700146,7.90795584953822,9.65260650009567,9.20857771141162,,,,,10.1560872655911,13.0557386285503,12.5876601373956,14.0340911017396
412.599999999938,0.935041353001897,1.90228563114719,,,3.28995727740557,4.02563462326688,5.25808408027809,5.78073372488802,6.45667839949293,7.79773181545865,9.58932789455362,9.25494705315528,,,,,10.0449161572234,13.1652965774395,12.5196619084045,14.0515981637812
413.199999999938,0.92031569814839,1.85606001322357,,,3.28233722769125,4.0056214092727,5.15489542410515,5.75847659460133,6.45493948338745,7.76465432328198,9.57082924688221,9.30476776391008,,,,,10.1267302660373,13.2820289059174,12.6423348319113,14.0057966365776
413.799999999938,0.870924707962899,1.80983835004227,,,3.18159366694143,3.98561128736011,5.0819144474223,5.77545822494983,6.45607572465801,7.74843261286866,9.53874641956857,9.33829219900805,,,,,10.2641376549227,13.3757862173525,12.7777766671605,13.9893916322771
414.399999999938,0.821534693453913,1.76362064899108,,,3.08085372316943,3.96560426651053,4.9804844661218,5.79244018507029,6.45670922277535,7.71153465400222,9.51762821620902,9.3718173384699,,,,,10.3942577989047,13.2173146986849,12.9132174454932,13.9729886980296
414.999999999938,0.772145662982202,1.71740691737831,,,2.9801174116674,3.94560035563341,4.87905501678933,5.80942247894286,6.46902045670775,7.67563997667869,9.49651092800804,9.40534318198744,,,,,10.5251118309661,13.0588417869475,13.0486571650282,13.9565878308942
415.599999999938,0.722757624901528,1.67119716243503,,,2.87938474760331,3.92559956355808,4.77762609555893,5.82640511051059,6.47796790124239,7.65851082910135,9.47539457405065,9.43886972925464,,,,,10.6559638329987,12.9003674710598,13.1840958238876,13.9401890278774
416.199999999938,0.673370587562199,1.62499139131504,,,2.77865574603045,3.9056018990338,4.67619769854086,5.84338808367539,6.48894258962122,7.64594822481571,9.45427917335674,9.4723969799694,,,,,10.7868137994629,12.741891739929,13.319533420195,13.9237922859298
416.799999999938,0.623984559311071,1.57878961109489,,,2.67793042188744,3.88560737072969,4.57476982182454,5.860371402298,6.49857868617236,7.6345973956753,9.43316474487989,9.50592493383343,,,,,10.917661724806,12.5834145824756,13.4549699520758,13.9073976019467
417.399999999938,0.574599548491553,1.53259182877386,,,2.57720878999829,3.86561598723479,4.47334246147851,5.87735507019801,6.5093264032249,7.6229157301089,9.41205130750739,9.53945359055237,,,,,11.048507603462,12.4249359876335,13.590405417657,13.8910049727674
417.999999999938,0.525215563443608,1.48639805127399,,,2.47649086507233,3.84562775705803,4.37191561355047,5.89433909115389,6.52317431597991,7.61348563454922,9.39093888006033,9.57298294983571,,,,,11.1799898008421,12.2664559443501,13.7258398150675,13.8746143951758
418.599999999937,0.475832612503739,1.44020828544006,,,2.37577666170424,3.82564268862821,4.26359244507575,5.91132346890292,6.54396406712378,7.62010380613613,9.38973566121266,9.60651301139681,,,,,11.3142403191139,12.1111691237076,13.8612731424376,13.8582258658999
419.199999999937,0.424101596056816,1.39402253803958,,,2.24988776840335,3.80566079029407,4.19645981537097,5.9166481643111,6.58318083843505,7.653175925693,9.39882352512468,9.62715487760784,,,,,11.4347882120809,12.0086045371336,13.9967053978997,13.8418393816122
419.799999999937,0.454284396505318,1.44385958304791,,,2.23791207772048,3.84483428422278,4.24582824719771,5.91961907882589,6.64307786054194,7.68292189292116,9.34934431723531,9.68584586880964,,,,,11.4448019589594,11.9050002741706,13.9000459556997,13.944825463755
420.399999999937,0.518700009236041,1.49370065980298,,,2.32505902402299,3.88401096471046,4.33893412521983,5.91719944281846,6.69384709141014,7.72640615643531,9.32498315760009,9.7154690566521,,,,,11.4121585227167,11.8227158167798,13.7712694590131,14.0432107718634
420.999999999937,0.583116689389956,1.54354577483052,,,2.41220974912594,3.92319083985933,4.39761055097674,5.91478017814132,6.7453484717263,7.78373646107568,9.29049542586077,9.74509294566152,,,,,11.3950927643545,11.8044186133931,13.6424918848218,14.1415981146428
421.599999999937,0.647534445282741,1.59339493458901,,,2.49936426704038,3.96237391769771,4.45628746499631,5.91236128832659,6.78292350890685,7.84981206752161,9.25600881558024,9.77471753557364,,,,,11.3773834269656,11.7861198955363,13.5137132312684,14.2399874885436
422.199999999937,0.711953285230203,1.64324814545968,,,2.58652259167309,4.00156020617378,4.51496486318386,5.90994277686465,6.82401589638375,7.91348681883937,9.22152334511668,9.8043428261251,,,,,11.3596719978845,11.7678196522437,13.3849334964934,14.3383788899598
422.799999999937,0.776373217544705,1.69310541374651,,,2.67368473681618,4.04074971315563,4.57364274142025,5.90752464720476,6.86469084819734,7.97058854037695,9.18703903276092,9.83396881705637,,,,,11.3419584714259,11.7495178725697,13.2561526786394,14.43677231523
423.399999999937,0.840794250535155,1.74296674567623,,,2.76085071614712,4.07994244643126,4.63232109556547,5.90510690275503,6.90835513135944,8.02823884546076,9.15255589673751,9.86359550811182,,,,,11.3242428418914,11.731214545582,13.1273707758505,14.5351677606369
423.999999999937,0.905216392507006,1.79283214739828,,,2.84802054322871,4.11913841370853,4.69099992145872,5.9026895468824,6.95046696144413,8.08596409112176,9.11807395520472,9.8932228990397,,,,,11.306525103569,11.7129096603615,12.9985877862726,14.6335652224076
424.599999999937,0.969639651762274,1.84270162498488,,,2.9351942315091,4.15833762261525,4.74967921491829,5.90027258291266,6.989688788607,8.14373278634794,9.08359322625457,9.92285098959211,,,,,11.2883135619218,11.6946032060029,12.8698037080532,14.7319646967136
425.199999999936,1.03406403659952,1.89257518443097,,,3.0223717943218,4.19754008069907,4.84115226144396,5.89785601413047,7.05133167511041,8.21285636299029,9.04572435706021,9.95247977952503,,,,,11.2674042414597,11.6603979136063,12.7410185393417,14.8303661796708
425.799999999936,1.1043782180237,1.94245283165424,,,3.15249872609833,4.23674579542756,4.93609579508637,5.91750586860795,7.09254754128374,8.28528152011618,8.99798327849482,9.96347392541139,,,,,11.2734686716413,11.6144141092503,12.612232278289,14.9287696673391
426.399999999936,1.10532418516825,1.94191609085539,,,3.20259485052772,4.26178618121852,5.04869503669777,5.98298055263098,7.08923349128103,8.31845417710862,9.07577047248134,9.95920671013486,,,,,11.3466159243666,11.5740153124082,12.6699734821826,14.9145780262562
426.999999999936,1.08499504396693,1.94138344943199,,,3.1871303426261,4.28682983834749,5.10428782219168,6.03768872903741,7.05909413592341,8.29504724666181,9.11135094307297,10.0019164790167,,,,,11.4005087108725,11.5236243378728,12.7258143841267,14.893339008481
427.599999999936,1.06466706150507,1.94085491307529,,,3.17166976143732,4.31187677404321,5.20713728330966,6.09239731335734,7.03896444291497,8.28162988356729,9.14468852302957,10.0446269463468,,,,,11.4453698137369,11.4934889373018,12.7816541881926,14.8721019832626
428.199999999936,1.04434024606621,1.94033048739396,,,3.15621311972858,4.33692699545285,5.30998718647089,6.14710630867082,7.01691794197752,8.27632811228573,9.17802742272878,10.0873381118954,,,,,11.4879966938263,11.4633519024425,12.8374928925383,14.8508669464394
428.799999999936,1.02401460592823,1.9398101779194,,,3.14076043014548,4.36198050964345,5.41283752734266,6.2018157180156,6.99305389350332,8.26984032871121,9.21136765979889,10.1300499754418,,,,,11.5306214189563,11.433213222481,12.8933304953234,14.829633893793
429.399999999936,1.00369014936554,1.93929399010576,,,3.12531170521894,4.38703732360194,5.51568830157646,6.25652554438827,6.96858646766326,8.26666538956946,9.24470925180172,10.1727625367691,,,,,11.5732439832961,11.4030728866189,12.9491669947091,14.8084028210498
429.999999999936,0.983366884649092,1.93878192932993,,,3.10986695736526,4.41209744423519,5.61853950480288,6.3112357907443,6.94134761177777,8.26184062495547,9.27805221623276,10.2154757956644,,,,,11.6158643810015,11.372930884071,13.0050023888584,14.78717372388
430.599999999936,0.963044820046398,1.93827400089155,,,3.09442619888606,4.4371608783699,5.72139113263172,6.36594645999797,6.91498900745873,8.2550337649967,9.31139657052127,10.2581897519184,,,,,11.6584826062148,11.3427872040656,13.0608366759359,14.7659465978985
431.199999999936,0.942723963821516,1.93777021001298,,,3.07898944196832,4.46222763275273,5.82424318065187,6.42065755502245,6.88611221932873,8.24543460917974,9.34474233203021,10.3009044053258,,,,,11.7014499612875,11.3126418358444,13.1166698541079,14.7447214386646
431.799999999935,0.922404324235056,1.93727056183934,,,3.06355669868436,4.48729771405019,5.88230882961019,6.47536907864973,6.83671658848766,8.2264749888201,9.36199977675124,10.3436197556854,,,,,11.7439520315465,11.3164527379773,13.1725019215426,14.7234982416815
432.399999999935,0.894669225470212,1.93677506143851,,,3.06083732720572,4.51237112884871,5.89728659760522,6.5091873475229,6.79222390032069,8.19024310516135,9.38777882913587,10.3912610596642,,,,,11.7829986101002,11.3295692993197,13.2283328764098,14.7022770023972
432.999999999935,0.850653153648757,1.86085699708165,,,3.04703060647763,4.45731929087181,5.81559547026454,6.50112615985793,6.7653306335646,8.18387609361618,9.30056582527865,10.3602409325712,,,,,11.7798254032462,11.3422742344724,13.1986213741251,14.7184768898041
433.599999999935,0.818592529576946,1.78494309039341,,,3.02858914458392,4.40227079931986,5.74367267140911,6.45201442070124,6.75985969039869,8.21036584679726,9.28801380545638,10.2932206274828,,,,,11.8104534833127,11.3470899019165,13.1972281567601,14.6959250201479
434.199999999935,0.786533155152782,1.70903334621802,,,3.01015174346626,4.34722566054761,5.68845994143502,6.40290312105943,6.73254334357453,8.20125094720216,9.29404343640799,10.2262010185758,,,,,11.8292357898126,11.3460429907287,13.1958338213501,14.6733750941957
434.799999999935,0.754475038618335,1.63312776931429,,,2.99171841462421,4.29218388082106,5.63324760474961,6.35379226356318,6.71064408245534,8.17784140767215,9.30007457736802,10.1591821056721,,,,,11.8505825388639,11.3449943270553,13.1944383660688,14.6508271071769
435.399999999935,0.722418188213518,1.55722636436382,,,2.97328916944221,4.23714546632611,5.57803565679398,6.30468185079759,6.69326300256704,8.15400441244843,9.30610724523349,10.0921638885934,,,,,11.8719270680859,11.3439439002325,13.1930417890945,14.6282810542609
435.999999999935,0.690362612174786,1.48132913597091,,,2.95486401918999,4.18211042316856,5.52282409299024,6.2555718853066,6.67637820700827,8.13243617904259,9.31214145683715,10.0251463671656,,,,,11.8932693715013,11.342891699609,13.1916440886071,14.6057369305616
436.599999999935,0.65830831873515,1.40543608866263,,,2.93644297502266,4.12707875737409,5.46761290873958,6.20646236959303,6.66063915630775,8.11048569073845,9.31817722894547,9.95812954121824,,,,,11.9146094431201,11.3418377145468,13.1902452627884,14.5831947311371
437.199999999935,0.626255316124169,1.32954722688878,,,2.91802604798067,4.0720504748883,5.41240209942237,6.15735330611851,6.64331338559792,8.08710741555397,9.32421457825867,9.89111341058475,,,,,11.935947276939,11.3407819344214,13.1888453098219,14.5606544509899
437.799999999935,0.594203612567951,1.25366255502191,,,2.89961324898983,4.01702558157667,5.35719166039818,6.10824469730356,6.6298856805998,8.06960565162816,9.33025352141065,9.82409797510252,,,,,11.957454265514,11.3397243486217,13.1874442278926,14.5381160850669
438.399999999934,0.562153216289159,1.17778207735732,,,2.88120458886127,3.96200408322457,5.32328243180343,6.05913654552752,6.6233442501692,8.04985447384407,9.35260261782825,9.75708323461277,,,,,11.9839298592258,11.3294518248681,13.1860420151876,14.5155796282592
438.999999999934,0.536598011749329,1.10190579811303,,,2.8045871440465,3.90698598553728,5.33910664144249,6.01695129931008,6.63410744685309,8.03177406602102,9.38250546737223,9.66588154849205,,,,,11.9966124587399,11.3026546640163,13.1846386698953,14.4930450754022
439.599999999934,0.552532806805452,1.12512153486861,,,2.75561022809904,3.91701082506589,5.32537875445981,5.95556696713873,6.6463813719256,8.00039732744393,9.43796890151824,9.69189110207289,,,,,11.9889329427029,11.2742005609527,13.1682802354692,14.3941663453055
440.199999999934,0.556359340619959,1.14834147825964,,,2.74109435975106,3.92703907643666,5.36088055407056,5.92768085970781,6.64306431196299,7.97256102768017,9.42191055093118,9.74017858316117,,,,,11.8921048223089,11.2477024897489,13.1326536345319,14.3248482343985
440.799999999934,0.560187214566698,1.17156563226153,,,2.7265826723672,3.93707074510744,5.36473253168495,5.89979521842537,6.63940613729285,7.98018751708411,9.38284674192571,9.78846675864802,,,,,11.7980759333553,11.2739782954484,13.0970258955812,14.2555320116181
441.399999999934,0.56401643685241,1.19479400078328,,,2.71207517618156,3.94710583646308,5.36858485130806,5.87191004546136,6.65923856315138,7.9981321129496,9.34378462516828,9.8367556283916,,,,,11.7046961577493,11.3002522320937,13.0613970168147,14.1862176715738
441.999999999934,0.567847015679055,1.21802658765665,,,2.69757188131738,3.95714435580833,5.37243750815687,5.84402534294822,6.67569483440139,8.01951638142875,9.30472421683137,9.88504519225638,,,,,11.6113140958395,11.3265242891613,13.0257669964293,14.1169052088227
442.599999999934,0.571678959245138,1.24126339663612,,,2.68307279778324,3.96718630836785,5.37629049742409,5.81614111297727,6.691136834881,8.03824878150449,9.26566553301872,9.93333545011072,,,,,11.5179297415032,11.3527944561473,12.990135832624,14.0475946178665
443.199999999934,0.575512275745724,1.26450443139892,,,2.66857793547306,3.97723169928618,5.38014381428154,5.78825735759864,6.70519395727417,8.05795538968075,9.22660858976775,9.98162640182684,,,,,11.4245430886046,11.3790627225609,12.9545035235992,13.9782858931509
443.799999999934,0.579346973372421,1.28774969554504,,,2.65408730416611,3.98728053362775,5.38399745388019,5.76037407882135,6.72098351005329,8.08602248742867,9.18755340304962,10.0299180472808,,,,,11.3311541309944,11.4053290779247,12.9188700675572,13.9089790290661
444.399999999934,0.583183060313388,1.31099919259719,,,2.63960091352702,3.99733281637691,5.38785141135017,5.73249127861324,6.74879616617521,8.12311762271245,9.14849998876924,10.0782103863526,,,,,11.2366625673766,11.431593511775,12.883235462702,13.8396740199466
444.999999999933,0.587020544753335,1.33425292600083,,,2.62511877310575,4.00738855243787,5.3842817144536,5.70460895890102,6.78775809444029,8.17964737000787,9.10490922253214,10.1265034189262,,,,,11.1427495713164,11.5034862911457,12.8475997072392,13.7703708600712
445.599999999933,0.588906999964114,1.35751089912417,,,2.65428286361224,4.01744774663478,5.37638040764772,5.67678036608125,6.80897191597021,8.25500483864982,9.07416583013415,10.2089649827381,,,,,11.0370571991237,11.5962289313656,12.8119627993762,13.7010695436632
446.199999999933,0.595531912213588,1.38358787372172,,,2.70047112896914,3.98997372497343,5.4528078442393,5.6688684933855,6.82256612626476,8.30444540059945,9.1103644635762,10.2227683141956,,,,,10.8929014488318,11.6732872495115,12.7976321093472,13.6879310367217
446.799999999933,0.634910918400584,1.40966909454392,,,2.77241581601475,3.96250317085179,5.39929341420192,5.71129581146094,6.88219556187016,8.34262095321643,9.16696813896893,10.1891477615533,,,,,10.8476056398005,11.7887347952943,12.8064936234857,13.7202052078811
447.399999999933,0.674291354794545,1.43575456472689,,,2.84436479033439,3.93503608885785,5.35210826480886,5.75372361733318,7.00738904502268,8.38812287717833,9.24080243770782,10.1555279019815,,,,,10.834885350419,11.9239395776963,12.8153539798588,13.7524812048485
447.999999999933,0.713673229559282,1.46184428732981,,,2.91631806090189,3.90757248349531,5.30492340363066,5.79615191271757,7.10272075095838,8.42107492181922,9.31463860292388,10.1219087353888,,,,,10.8213843136286,12.0591423760842,12.8242131766783,13.7847590216192
448.599999999933,0.75305655085881,1.48793826533459,,,2.9882756365793,3.88011235918777,5.25773882565075,5.83858069929391,7.19642405823839,8.44549512821643,9.38847665005614,10.0882902616822,,,,,10.8078809224565,12.1943431800856,12.8330712121599,13.8170386521382
449.199999999933,0.792441326853689,1.5140365016459,,,3.06023752611404,3.85265572027874,5.21055452583244,5.88100997870086,7.29197643474216,8.47441456640968,9.46231659447931,10.0546724807727,,,,,10.7943751706343,12.3295419793434,12.8419280845214,13.8493200902946
449.799999999933,0.831827565701024,1.54013899909114,,,3.13220373813883,3.82520257103161,5.16337049911816,5.92343975253592,7.39088509447539,8.50397110897291,9.53615845150175,10.0210553925752,,,,,10.7808670518803,12.4647387635144,12.850783791982,13.8816033299219
450.399999999933,0.871215275554481,1.56624576042047,,,3.20417428117178,3.79775291562967,5.11618674042948,5.96587002235546,7.48886253655486,8.52995343654633,9.61000223636559,9.98743899700831,,,,,10.7673565598997,12.5999335222682,12.8596383327627,13.913888364798
450.999999999933,0.910604464564266,1.59235678830676,,,3.27614916361632,3.77030675817611,5.06900324466716,6.00830078967466,7.55899317602932,8.54941058304858,9.68384796424669,9.95382329399467,,,,,10.7550084739777,12.7351262452882,12.8684917050863,13.9461751886451
451.599999999932,0.949995140877142,1.61847208534566,,,3.34812839376125,3.74286410269401,5.04340186927839,6.05073205596758,7.59937259071321,8.5456152540639,9.75441803116298,9.92020828346075,,,,,10.7330471148641,12.7379375561844,12.8773439071773,13.9784637951297
452.199999999932,0.990540782432627,1.64459165405554,,,3.38026698161331,3.71542495312636,4.99093825966879,6.08511474850448,7.63989428752553,8.52064016952202,9.7866508220749,9.8491408085195,,,,,10.7239478993615,12.6972395771729,12.8861949372617,14.0107541778626
452.799999999932,1.03875574006118,1.71625146024736,,,3.42457441297952,3.76036516812307,4.9801641465983,6.18545205442881,7.69274423208639,8.53945225881587,9.75457799137049,9.83117107629992,,,,,10.8590376208539,12.6761293615202,12.9821883312638,14.0706875709459
453.399999999932,1.0519402250134,1.78791554292028,,,3.43309893537487,3.80530889668804,5.07009164557243,6.19894151248366,7.71087086906667,8.56501414539925,9.76217699886577,9.85532707348139,,,,,10.9971733984059,12.5980894072861,13.0479357785729,14.0570483717452
453.999999999932,1.06512622981729,1.85958390435576,,,3.44162783747518,3.85025614251575,5.1461939885097,6.21243147498716,7.63055724556732,8.55255474478065,9.77314620260136,9.87948376289194,,,,,11.1044125955971,12.4367990473056,13.1136820485608,14.0434109292831
454.599999999932,1.07831376260633,1.93125654676317,,,3.45016112700003,3.89520690922878,5.22229656333821,6.22592194321739,7.55315817386385,8.54982404407918,9.78411743901789,9.90364114447266,,,,,11.2120589705938,12.2755065899624,13.1794271394638,14.0297752369562
455.199999999932,1.09150283150656,2.00293347227457,,,3.45869881155028,3.94016120036957,5.29839936481428,6.23941291840151,7.47692897393403,8.55198547657535,9.79509072282687,9.92779921817326,,,,,11.3197029215275,12.1142120250428,13.2451710495168,14.0161412880969
455.799999999932,1.10469344464061,2.07461468294482,,,3.46724089861216,3.98511901940049,5.37450238767179,6.25290440172554,7.39877417076357,8.54643585617868,9.80606606867393,9.95195798394731,,,,,11.4273444419838,11.9529153423371,13.310913776956,14.0025090759822
456.399999999932,1.11788561012763,2.14630018075149,,,3.47578739555723,4.03008036970377,5.45060562662382,6.26639639433432,7.31788959595935,8.53977804685532,9.81704349113847,9.97611744175231,,,,,11.5349835255354,11.791616531649,13.3766553200196,13.9888785938333
456.999999999932,1.13107933608333,2.21798996759489,,,3.48433830964241,4.07504525458157,5.52670907636256,6.27988889733155,7.23542992756496,8.52623152082298,9.82802300473353,10.0002775915496,,,,,11.6426201657416,11.6303155827955,13.4423956769474,13.9752498348156
457.599999999932,1.14427463061997,2.28968404529809,,,3.49289364800996,4.12001367725592,5.60281273155933,6.2933819117798,7.1641715792322,8.49792096516075,9.83900462390597,10.0244384333043,,,,,11.7497654920085,11.4690124856072,13.508134845981,13.9616227920391
458.199999999931,1.15747150184637,2.3613824156069,,,3.50145341768749,4.16498564086875,5.65784529808797,6.30687543870048,7.12394915014649,8.4700519686773,9.85258288047302,10.0485999669856,,,,,11.864254225465,11.4354223256678,13.5738728253635,13.9479974585579
458.799999999931,1.16626384561535,2.43308508018986,,,3.55080514013364,4.20996114848191,5.72360915953455,6.31287391997085,7.07380224926066,8.43921353213551,9.91370684877008,10.1228010746727,,,,,11.9990603995941,11.4607531679074,13.63960961334,13.9343738273707
459.399999999931,1.11755291058113,2.33838793832635,,,3.55370034648395,4.17553452684788,5.65137978796783,6.24562721020269,7.01336921067526,8.38472107459122,9.97972290108925,10.1329541181544,,,,,12.0208107595072,11.4943408107042,13.5985403715984,13.9013370707575
459.999999999931,1.06103515673215,2.24369509382327,,,3.5153407052513,4.14111145508843,5.55742137939605,6.1877451249767,6.95651867670301,8.31343513099201,9.97761106984233,10.1307108449305,,,,,11.9818555940986,11.5702995221721,13.5925532654755,13.9221615344087
460.599999999931,1.00451901197278,2.14900654813645,,,3.47698552228781,4.10669193603416,5.47561865056027,6.12986355589832,6.92248789629155,8.25354991446288,9.95311358745069,10.1284682635469,,,,,11.9397335138615,11.6478682339271,13.5865649626956,13.9429876790216
461.199999999931,0.948004484395455,2.0543223026254,,,3.43863480405255,4.07227597242649,5.39381609477404,6.07198250378213,6.91469891377246,8.19362282277183,9.9286182959229,10.1262263739934,,,,,11.8962497186565,11.7254347366111,13.5805754615065,13.9638154973659
461.799999999931,0.891491582088301,1.95964235857239,,,3.40028855688522,4.03786356692673,5.3120137065613,6.01410196940264,6.907351914965,8.13916091980675,9.90412520924438,10.1239851762623,,,,,11.8527634281031,11.802999020148,13.5745847601617,13.9846449821618
462.399999999931,0.834980313135972,1.86496671718242,,,3.36194678701086,4.00345472211608,5.23021148042655,5.9562219534932,6.89957409907887,8.09282140959716,9.87963434133176,10.1217446703499,,,,,11.8092746356416,11.8805610744753,13.5685928569164,14.0054761260739
462.999999999931,0.778470685619682,1.77029537958324,,,3.32360950053985,3.96904944049564,5.14840941085347,5.89834245674601,6.89116545990538,8.04749785317414,9.85514570603533,10.1195048562562,,,,,11.7657833346988,11.958120889544,13.5625997500274,14.0263089217111
463.599999999931,0.72196270761719,1.67562834682534,,,3.28527670346792,3.93464772448641,5.06660749230484,5.84046347981213,6.88646242358111,8.00827321262663,9.83065931713914,10.1172657339852,,,,,11.7222895186881,12.0356784553181,13.5566054377534,14.0471433616266
464.199999999931,0.665456387202807,1.58096561988195,,,3.24694840167617,3.90024957642927,4.9848057192226,5.78258502330148,6.89907235210489,7.97647249717987,9.80617518836099,10.1150273035447,,,,,11.6791546811716,12.1132337617755,13.5506099183547,14.0679794383179
464.79999999993,0.608951732447395,1.48630719964907,,,3.20862460093102,3.86585499858503,4.88552198944221,5.7247070877828,6.9039354391484,7.95789995221781,9.79778896300522,10.1127895649465,,,,,11.6305147187828,12.1235285662598,13.5446131900933,14.0888171442269
465.39999999993,0.557977063690047,1.39165308694539,,,3.17381449865869,3.83146399313435,4.81535810518757,5.70185018187267,6.92461219861591,7.96541612093093,9.70290435150178,10.0842549805837,,,,,11.5494755243181,12.0690391718144,13.5386152512329,14.1096564717398
465.99999999993,0.565472058453753,1.46551923569258,,,3.17537409073584,3.90842930093104,4.82629216328668,5.69001393791496,6.92832861809022,7.9860844748766,9.57969043838065,10.0664087562895,,,,,11.460300368836,11.9844411619339,13.5449550249781,14.1247580313077
466.59999999993,0.595167627702241,1.53938969339422,,,3.27134720061687,3.98539818525527,4.8269183759465,5.71894900876995,6.90408186081595,8.01684959852724,9.51063392370257,10.0680768298473,,,,,11.3865187514959,11.8747387360954,13.493097398519,14.1020496810745
467.19999999993,0.624864894861224,1.61326446061769,,,3.36732483347467,4.0623706480345,4.81088033263387,5.74788460248519,6.90020186544325,8.05425979383607,9.45564237162527,10.0697455953353,,,,,11.3312351338511,11.7621631765601,13.4412385562556,14.0793429292654
467.79999999993,0.654563867981729,1.68714353787267,,,3.46330699449143,4.13934669112899,4.79484240099945,5.77682071941892,6.86480282775104,8.08436152994879,9.40065316058241,10.0714150527821,,,,,11.2762496004603,11.6495852978546,13.3893784964653,14.0566377680486
468.39999999993,0.684264555113922,1.76102692559161,,,3.55929368874567,4.21632631631889,4.77880457534111,5.80575735989301,6.83027058349672,8.11138501885332,9.34566630382626,10.0730852022227,,,,,11.2212614988327,11.5370050900504,13.3375172174204,14.0339341895318
468.99999999993,0.71396696430451,1.83491462412968,,,3.65528492120124,4.29330952530427,4.762766849934,5.83469452418815,6.7965861768599,8.13314346856887,9.29068181454435,10.0747560436959,,,,,11.1662708222625,11.4244225432323,13.2856547173948,14.0112321857673
469.59999999993,0.743671103596756,1.90880663376481,,,3.75128069670736,4.37029631970508,4.74672921903236,5.86363221254392,6.76555276830438,8.15380370942385,9.23569970585796,10.0764275772445,,,,,11.1112775640307,11.3118376474984,13.2337909946642,13.9885317487518
470.19999999993,0.773376981030473,1.98270295469765,,,3.84728101999858,4.44728670106117,4.7306916768696,5.89257042515872,6.73255755885954,8.16974865953692,9.18071999082211,10.0780998029151,,,,,11.056281717405,11.1992503929601,13.1819260475061,13.965832870426
470.79999999993,0.803084604642016,2.05660358705162,,,3.94328589569481,4.52428067083227,4.71465421765827,5.92150916218979,6.67490740640419,8.18814625270376,9.12574268242552,10.079772720758,,,,,11.001119410388,11.0866607697422,13.1300598741996,13.9431355426752
471.399999999929,0.832793982464302,2.13050853087285,,,4.03929532830129,4.60127823039804,4.73620169740905,5.95044842375325,6.61711489931129,8.22169642977674,9.03691665561404,10.0814463308276,,,,,10.9617836755267,11.0006241157555,13.0781924730254,13.920439757329
471.999999999929,0.861248651708322,2.20441778613024,,,4.07208915798811,4.678279381058,4.7612377013999,5.95760599786499,6.57546488594866,8.2478434060291,9.01512697090687,10.080822292037,,,,,10.9385342767296,11,13.0263238422661,13.8977455061612
472.599999999929,0.845038887868276,2.18638092963349,,,4.03590174625748,4.64898015004468,4.78713736929784,6.00247454447571,6.55578483854057,8.2559039745605,8.99851350963437,10.0761293065805,,,,,10.9665327300345,11.0223956129304,12.9500222788289,13.9132981880586
473.199999999929,0.83255658136083,2.16834838426808,,,3.9067416339951,4.61968451247179,4.84136245733952,6.07386956205258,6.56954340687623,8.26084936855174,8.97233297530892,10.0338254014463,,,,,10.9854392948879,11.0573111640153,12.8796798757496,13.9275478466428
473.799999999929,0.820076061161714,2.15032014978197,,,3.7775860955065,4.59039246941108,4.92317037450413,6.14526510421789,6.60358896722993,8.27476810832346,8.95431742625301,9.99152218879048,,,,,10.9924778255488,11.1587291162654,12.8093362379438,13.9417990143931
474.399999999929,0.807597335286142,2.13229622583502,,,3.64843513473462,4.56110402184166,5.0049783394608,6.21666117087887,6.65563636939459,8.29934057057243,8.93630436037794,9.94921966869107,,,,,11.0005332920091,11.2601446408738,12.7389913637,13.9560516828609
474.999999999929,0.795120411746329,2.11427661200982,,,3.51928875549679,4.53181917066255,5.08678634627286,6.28805776190473,6.70326593635756,8.31522653382117,8.9182937902075,9.90691784122567,,,,,11.0085861157404,11.3615577280512,12.6686452513094,13.9703058435417
475.599999999929,0.782645298551034,2.09626130781174,,,3.39014696149571,4.50253791669265,5.168594388986,6.35945487712352,6.75388235457021,8.33050414727484,8.90028572820025,9.86461670647574,,,,,11.0166362898909,11.4629683680295,12.5982978990647,13.9845614878754
476.199999999929,0.770172003705574,2.07825031266886,,,3.26100975631938,4.47326026067077,5.25040246162512,6.43085251632216,6.80189128584285,8.34662081835003,8.88228018674844,9.82231626452661,,,,,11.024683807596,11.564376551054,12.5279493052605,13.9988186072463
476.799999999929,0.757700535211804,2.06024362593202,,,3.13187714344121,4.44398620325561,5.3322105581942,6.50225067924639,6.85026504749415,8.371534176975,8.86427717817802,9.78001651546746,,,,,11.0327286619774,11.6657822673833,12.4575994681929,14.0130771929831
477.399999999929,0.745230901068138,2.04224124687479,,,3.00274912621991,4.41471574502577,5.41401867267644,6.57364936560083,6.92112748301208,8.40561767744903,8.84627671474869,9.73771745939136,,,,,11.0406350883789,11.7671855072894,12.3872483861598,14.0273372363585
477.999999999928,0.732763109269539,2.0242431746935,,,2.87362570789955,4.38544888647973,5.46300752591755,6.64504857504894,6.99576467223777,8.42202045637175,8.85250912376624,9.69541909639526,,,,,11.037873595533,11.8738349575686,12.3168960574608,14.0415987285898
478.599999999928,0.714328723187994,2.00624940850721,,,2.8086036398116,4.3561856280359,5.42938603781857,6.72075206433498,7.04005291425456,8.41685331817527,8.87664600376112,9.68875725320069,,,,,11.0217134706492,11.8811775980381,12.2465424803973,14.0558616608387
479.199999999928,0.739320623993384,2.01742625591458,,,2.81325266347177,4.332538373879,5.38900985983212,6.71102719608486,7.05780132420034,8.39954639342441,8.93443988570383,9.69054100801337,,,,,10.9224836735045,11.9028891128957,12.2273838701896,13.9708869274781
479.799999999928,0.757146709018964,2.02860740732679,,,2.83414921306681,4.30889472042143,5.29714214732593,6.67073503765388,7.08978904276967,8.39935438981225,8.98368112821819,9.75420821118562,,,,,10.8897442385551,11.934720448079,12.2727519860927,13.9449336857661
480.399999999928,0.774974668334099,2.03979286162764,,,2.85505037339449,4.28525466784059,5.21202959991796,6.63044340055523,7.12004272425245,8.40946120936561,9.02177186297887,9.81787610787179,,,,,10.8680876796563,11.9560686332374,12.3181188485531,13.9189818572296
480.999999999928,0.79280450991736,2.05098261762717,,,2.87595614712369,4.26161821623445,5.12691703388496,6.59015228425028,7.14152928643838,8.42146461784006,9.05986521504568,9.88154469818081,,,,,10.8458197435646,11.9774142838847,12.3634844558714,13.8930314328002
481.599999999928,0.810636241743004,2.06217667405817,,,2.89686653681055,4.23798536562088,5.04180444306329,6.54986168815561,7.16929263632591,8.44218848501415,9.09796119621569,9.94521398223285,,,,,10.8235490886478,11.9987573903878,12.4088488063573,13.8670824033614
482.199999999928,0.828469871781845,2.07337502957614,,,2.91778154489658,4.21435611593764,4.95669182126927,6.50957161164659,7.19249545363371,8.46248991768568,9.13605981821838,10.008883960152,,,,,10.8012757079086,12.0200979431256,12.4542118983225,13.8411347597406
482.799999999928,0.846305408001242,2.08457768275935,,,2.93870117370864,4.19073046704238,4.87157916229838,6.4692820540575,7.21808112694754,8.48244960475409,9.17416109271701,10.0725546320662,,,,,10.7789995943364,12.0414359324908,12.4995737300802,13.8151884927099
483.399999999928,0.86414285836511,2.09578463210881,,,2.95962542545891,4.16710841871266,4.78646645992527,6.42899301468144,7.2436870323448,8.49657052846402,9.21226503130843,10.1362259981073,,,,,10.7567207409073,12.0627713488892,12.5449342999454,13.7892435929854
483.999999999928,0.881982230833912,2.10699587604827,,,2.98055430224495,4.14348997064593,4.70135370790364,6.38870449277039,7.25351736810333,8.49874149340815,9.25037164552337,10.1998980584109,,,,,10.7346715496248,12.0841041827399,12.5902936062348,13.7633000512278
484.599999999927,0.899823533364658,2.11821141292422,,,3.00148780604964,4.11987512245953,4.63574968198581,6.34841648753512,7.25057504779243,8.4821573447449,9.27857379475648,10.2635708131166,,,,,10.7109129399438,12.0731625408823,12.6356516472667,13.7373578580421
485.199999999927,0.921587688953249,2.12943124100589,,,2.9747815577755,4.0962638736907,4.63155856011634,6.30088692666552,7.23089920066592,8.44378905639618,9.26724482849973,10.2724568679707,,,,,10.7032872374679,12.0849529257717,12.6810084213614,13.7114170039774
485.799999999927,0.875440958001419,2.17006774762211,,,2.9190298537989,4.08784023498538,4.6335886566353,6.29032701551453,7.2427324021024,8.4213309510472,9.27170465507908,10.3039975167339,,,,,10.7762904390752,12.0725770766459,12.6968689835717,13.7877931013095
486.399999999927,0.810543962805741,2.21070854175431,,,2.88245754752078,4.07942019453363,4.70139852241557,6.2099403096778,7.22512350804586,8.36268189517243,9.26231824520314,10.2533837620714,,,,,10.7970914932265,12.0493155720473,12.6508543977474,13.8312542906367
486.999999999927,0.745648929463276,2.2513536214364,,,2.84588987504869,4.07100375163055,4.73960555694279,6.12955411694012,7.18325618623678,8.28106781041244,9.2686371237952,10.2027707023979,,,,,10.8246814085437,12.0209602958201,12.6048385399488,13.8747167903949
487.599999999927,0.680755865916067,2.29200298462859,,,2.80932683778993,4.06259090549295,4.7778125039026,6.04916843631504,7.1467706991188,8.1923866125217,9.27495874580478,10.1521583378826,,,,,10.8519373053281,11.9926023798411,12.5588214085105,13.9181805909146
488.199999999927,0.615864780100423,2.33265662921381,,,2.77276843703949,4.05418165525755,4.81601935690636,5.96878326676646,7.10899853711916,8.09900575654863,9.28128312229671,10.1015466686881,,,,,10.8791904055877,11.9642418146237,12.512803001761,13.9616456824667
488.799999999927,0.550975679949208,2.37331455299777,,,2.73621467397767,4.04577599998097,4.85422610954099,5.88839860721715,7.07335122601787,8.01015840424282,9.28761026427141,10.0509356949812,,,,,10.9064407021796,11.9358785906942,12.4667833180308,14.0051120552665
489.399999999927,0.486088573391829,2.4139767537089,,,2.69966554967016,4.03737393863971,4.89243275537261,5.80801445654871,7.03623746803425,7.92269814386531,9.29394018266306,10.0003254169323,,,,,10.9336881879474,11.9075126985924,12.4207623556519,14.0485796994737
489.999999999927,0.421203468354252,2.45464322899838,,,2.66312106506797,4.02897547013019,4.93063928794642,5.72763081360159,6.99931326453564,7.83939446776057,9.30027288833958,9.94971583471606,,,,,10.9609328557213,11.8791441288712,12.3747401129581,14.0920486051922
490.599999999927,0.356320372758987,2.49531397644012,,,2.62658122100749,4.02058059326869,4.9688457007868,5.64724767717512,6.96888717696684,7.7669026260284,9.30660839210254,9.89910694851066,,,,,10.987734454473,11.8507728720971,12.3287165882849,14.1355187624702
491.199999999926,0.291439294525101,2.5359889935308,,,2.59004601821039,4.01218930679143,5.01422347601231,5.56686504602744,6.91856099478082,7.69147747234699,9.31785199475636,9.84849875849831,,,,,11.0114665545826,11.8312827968138,12.2826917799694,14.1789901613004
491.799999999926,0.225172006129891,2.57666827768982,,,2.57910188963795,4.00380160935448,5.01134789710182,5.49413481157679,6.89906940103366,7.64535069797042,9.33378236090949,9.78753560476597,,,,,11.0184908326573,11.8489449543779,12.2366656863505,14.2224627916198
492.399999999926,0.252804269579943,2.56001276546085,,,2.58069666060527,4.00248749560092,5.0597431440009,5.44920793081748,6.86191015577513,7.60416877807183,9.39561114075937,9.71495828151798,,,,,11.0055302233889,11.8519942719134,12.2654241837253,14.2072853663652
492.999999999926,0.31918257144966,2.54336151490023,,,2.58496572464063,4.00117696796041,5.09096689215607,5.55131582266135,6.84698812017117,7.62188375081945,9.50016495056318,9.67393619771576,,,,,11.0012564217111,11.868135836072,12.3477257831684,14.1767278276899
493.599999999926,0.385562922327262,2.52671452320263,,,2.58923943168007,3.99987002484787,5.13936493428746,5.65342421442323,6.83273374820424,7.63666134597342,9.58098992434495,9.63291481087795,,,,,10.9864823934768,11.8363110140012,12.4300260923417,14.1461714899787
494.199999999926,0.451945330109802,2.51007178747842,,,2.59351778187168,3.99856666459898,5.18776281739581,5.75553310463744,6.80496757800709,7.64880696353702,9.66181775962814,9.59189412120223,,,,,10.9701631578488,11.8044834485511,12.5123251095844,14.1156163429478
494.799999999926,0.51832980269564,2.49343330476072,,,2.59780077524927,3.9972668854693,5.23616053485746,5.85764249181527,6.7740794980568,7.66755705246865,9.7426484667534,9.55087412889404,,,,,10.9538410463928,11.7726531303877,12.5946228332439,14.0850623762559
495.399999999926,0.584716347979688,2.4767990720054,,,2.60208841173199,3.9959706856343,5.28455808002988,5.95975237442681,6.74081697577313,7.68317711243843,9.82348205599209,9.50985483416268,,,,,10.93751605182,11.7408200501845,12.6769192616693,14.0545095795057
495.999999999926,0.651104973853411,2.46016908609107,,,2.60638069112433,3.99467806318933,5.33295544624977,6.06186275090104,6.70905215035979,7.69629754261955,9.90431853754936,9.46883623722132,,,,,10.9211881668283,11.7089841986283,12.7592143932116,14.0239579422448
496.599999999926,0.717495688204822,2.44354334381907,,,2.61067761311614,3.99338901614966,5.38135262683297,6.16397361962573,6.6785332396038,7.70373618730656,9.98515792156408,9.42781833828703,,,,,10.9048573841022,11.6771455664194,12.8415082262231,13.9934074539646
497.199999999926,0.783888498918479,2.4269218419135,,,2.61497917728258,3.99210354245044,5.42974961507444,6.26608497894758,6.64347051907114,7.70224716705019,10.0660002181088,9.38680113758073,,,,,10.888769468798,11.6453041442715,12.9238007590584,13.9628581041012
497.799999999925,0.850283413875496,2.4103045770212,,,2.61928538308422,3.99082163994672,5.47184396117013,6.36819682717209,6.6452182745293,7.73265971642217,10.1423537200974,9.34578463532725,,,,,10.8729045517689,11.6648253796326,13.0060919900733,13.9323098820349
498.399999999925,0.923160186921383,2.39369154571173,,,2.60630724670502,3.98954330641345,5.59110071278737,6.45919005130838,6.64572441540905,7.78765616437237,10.2359967289301,9.36851162697694,,,,,10.880697917618,11.6967288870347,13.0883819176255,13.9017627770902
498.999999999925,0.930244953941276,2.50566489534919,,,2.60810139342264,3.99060320781446,5.63729412035104,6.52949651741061,6.68105233938395,7.85802096084526,10.1258505960546,9.42639095840715,,,,,10.9289110639845,11.7599148130028,13.1089665091635,13.9119300036138
499.599999999925,0.922388020111967,2.61764247149288,,,2.64600479743736,3.99166667349579,5.64680745818586,6.45008344551622,6.70684889430517,7.89766438466357,9.9677136429623,9.48566092607634,,,,,10.9427440443824,11.8091976989707,13.1016609742859,13.9319617395402
500.199999999925,0.914533222014108,2.72962427046459,,,2.68391283978736,3.99273370099177,5.64865572291318,6.37067085531636,6.7338912026261,7.95730809635626,9.79346213254256,9.54493159313648,,,,,10.94436199173,11.8995737985394,13.0943541310254,13.9519945602294
500.799999999925,0.906680567513427,2.8416102885249,,,2.72182551935544,3.99380428775692,5.65050375462975,6.29125874492947,6.76417358533616,8.01220293546489,9.6192135936945,9.60420295983156,,,,,10.9480403389306,11.9899470527368,13.0870459777501,13.9720284547822
501.399999999925,0.898830064470329,2.95360052185707,,,2.7597428349142,3.99487843116566,5.65235154648555,6.21184711241415,6.79707900584569,8.06052176888934,9.44496803602875,9.66347502640964,,,,,10.9517157293968,12.0803174523651,13.0797365128263,13.9920634122448
501.999999999925,0.890981720741781,3.06559496656716,,,2.79766478512162,3.99595612851232,5.65419909160871,6.13243595578785,6.83389267930433,8.10782136094168,9.2707254690877,9.72274779312263,,,,,10.9553881556936,12.170684988245,13.0724257346217,14.0120994216079
502.599999999925,0.883135544181294,3.17759361868394,,,2.835591368521,3.99703737701111,5.65604638310654,6.0530252730269,6.8688316576505,8.15704252995853,9.09648590234744,9.78202126022634,,,,,10.9590576103731,12.2610496512106,13.0651136415062,14.0321364718065
503.199999999925,0.875291542638933,3.28959647415893,,,2.873522583541,3.99812217379614,5.65789341406548,5.97361506206645,6.90102308461528,8.20745919779221,8.92224934521775,9.84129542798044,,,,,10.9627240859741,12.3514114321092,13.0578002318511,14.05217455172
503.799999999925,0.867449723961308,3.4016035288664,,,2.91145842849564,3.9992105159214,5.65974017755108,5.89420532080051,6.93099933518225,8.25454876021272,8.74801580704222,9.9005702966485,,,,,10.9663281728606,12.4417703218017,13.0504855040294,14.0722136501718
504.399999999924,0.859610095991585,3.51361477860336,,,2.94939890158426,4.00030240036082,5.63135192400546,5.81479604708195,6.95991520522033,8.28037250325575,8.58084510854423,9.95984586649793,,,,,10.9775210820503,12.4897591524338,13.0431694564159,14.0922537559301
504.999999999924,0.841930809482587,3.62563021908954,,,3.02033245835609,4.00139782400817,5.55857356820788,5.75527945713785,6.9895541241923,8.29022337968262,8.40280712197341,9.95008373400209,,,,,10.9783966918541,12.5156513479823,13.0358520873871,14.1122948577071
505.599999999924,0.877876478160943,3.52982981041433,,,3.07338209499893,4.05288183259424,5.45260871718053,5.73090605220281,6.97200290516179,8.28416204665015,8.42738566643144,9.87075786023847,,,,,10.9796116315,12.5400972821525,13.0953268223067,14.102465261498
506.199999999924,0.902730391618156,3.43403358366988,,,3.08362307806407,4.10436937394188,5.41308168828857,5.80002233994368,6.93319951555687,8.27989535742826,8.49721963086608,9.85940072367272,,,,,11.0261916733931,12.5648730574835,13.1419056431884,14.0963093553614
506.799999999924,0.927586527120021,3.33824153437037,,,3.09386868090869,4.15586044469822,5.35970358328151,5.86913908624369,6.89489581541203,8.25379655515764,8.62111665130899,9.84804428940535,,,,,11.0771527108928,12.5544814255849,13.1884831377929,14.090154411047
507.399999999924,0.952444892493847,3.24245365792652,,,3.1041189011643,4.20735504143664,5.30632516875493,5.93825628873812,6.87186300417162,8.24174456343922,8.74501674538229,9.8366885577146,,,,,11.1258620652654,12.5440868479218,13.2350593045051,14.0840004170439
507.999999999924,0.977305495562103,3.1466699496718,,,3.11437373634232,4.25885316065042,5.25294643763024,6.00737394503295,6.84651599280526,8.2332380246285,8.86891992195878,9.82533352889112,,,,,11.1745683803925,12.5336893154528,13.28163414171,14.0778473617861
508.599999999924,1.0021683441438,3.05089040486241,,,3.12463318383954,4.31035479875273,5.19956738280615,6.07649205269298,6.81871499646886,8.22886178893832,8.99282618985178,9.81397920322948,,,,,11.223271648694,12.523288819146,13.3282076477944,14.071695233652
509.199999999924,1.0270334460545,2.95511501867731,,,3.13489724093811,4.36185995207662,5.14618799716057,6.14561060924188,6.79259303871337,8.2243167542357,9.11673555780833,9.80262558102808,,,,,11.2719718625761,12.5128853499826,13.3747798211467,14.0655440209642
509.799999999924,1.05190080910632,2.85934378621818,,,3.14516590480549,4.41336861687507,5.09280827355056,6.21472961216216,6.76601312960216,8.22117546788248,9.2406480345092,9.79127266258922,,,,,11.320669014432,12.5024788989571,13.4213506601571,14.0593937119897
510.399999999924,1.07677044110792,2.76357670250946,,,3.15543917249454,4.46488078932092,5.0394282048123,6.28384905889518,6.74792508567255,8.22288874366531,9.36456362856893,9.77992044821907,,,,,11.3694324763209,12.4920694570777,13.4679201632174,14.0532442949398
510.999999999923,1.10164234986451,2.66781376249834,,,3.16571704094341,4.51639646550694,5.02205925872041,6.35296894684114,6.71394291560125,8.22546536200559,9.47934547182826,9.76856893822768,,,,,11.4148913894552,12.4881053838225,13.5144883287211,14.0470957579703
511.599999999923,1.13463327216492,2.57205496105473,,,3.16435874017893,4.56791564144577,4.98463304964634,6.39971501554568,6.67084705872593,8.21908226858465,9.59245811218706,9.84237672795842,,,,,11.4412280527642,12.4412386402394,13.5610551550637,14.040948089181
512.199999999923,1.0645904078376,2.53834142719148,,,3.15942257643696,4.51994376972644,4.99449697622378,6.39892840018639,6.63756442095548,8.20650440097611,9.65370237132661,10.0192093786876,,,,,11.4199857484072,12.3918401840739,13.5331776386219,14.0879734721364
512.799999999923,0.974373005400895,2.50463202141174,,,3.1122813066593,4.47197538953218,4.88503342210663,6.3656257736573,6.60544358773761,8.14492453673689,9.6756380094344,10.0940522096379,,,,,11.3996880145883,12.3249480762891,13.5034754205974,14.1289103772848
513.399999999923,0.884157910902956,2.47092673834574,,,3.06514462424227,4.42401049664805,4.7904398574908,6.33232357752635,6.5834756819087,8.08659591764219,9.6631459890358,10.1688957462329,,,,,11.3785249532766,12.2556874331483,13.4737718586075,14.1698481145787
513.999999999923,0.793945132134326,2.43722557255436,,,3.01801252555614,4.37604908676628,4.69584590432783,6.29902180899217,6.56215324726987,8.017728880897,9.65065713628682,10.243739988815,,,,,11.3631986450108,12.1864237454823,13.4440669510546,14.2107866718962
514.599999999923,0.703734676879518,2.40352851852126,,,2.9708850068512,4.328091155499,4.60125155530607,6.26572046520806,6.54432088772952,7.94600065758041,9.63817145934246,10.3185849377175,,,,,11.3478692133866,12.1171570043931,13.4143606963424,14.2517260370591
515.199999999923,0.613526552919596,2.36983557065279,,,2.92376206426305,4.28013669837823,4.50665680309481,6.2324195432862,6.52798665305762,7.87083750557524,9.62568896628698,10.3934305932775,,,,,11.332536650677,12.0478872009956,13.3846530928765,14.2926661978332
515.799999999923,0.523320768032172,2.33614672327809,,,2.87664369381265,4.23218571085589,4.4120616403426,6.19911904029758,6.51060845251891,7.7925728595007,9.61320966513843,10.4682769558361,,,,,11.3172009491423,11.9786143264184,13.3549441390642,14.333607141929
516.399999999923,0.433117329991412,2.30246197064902,,,2.8295298914063,4.18423818830379,4.31746605967708,6.1658189532721,6.49634172499858,7.71524474965728,9.60073356384851,10.5431240257383,,,,,11.3018621010299,11.9093383718034,13.3252338333143,14.3745488570011
516.999999999923,0.342916246568029,2.26878130694019,,,2.78242065283565,4.13629412601364,4.22287005370506,6.13251927919843,6.48531781000692,7.63397608765037,9.58826067030272,10.6179718033327,,,,,11.28661358358,11.8400593283055,13.2955221740376,14.4154913306485
517.599999999922,0.252717525529286,2.23510472624895,,,2.73531597377769,4.08835351919705,4.1172174652169,6.09922001502415,6.4826309717246,7.57085388015678,9.58052677674861,10.6928202889721,,,,,11.2735102378961,11.7577464193686,13.2658091596463,14.4564345504146
518.199999999922,0.161995313227056,2.20143222259539,,,2.69539246898059,4.04041636298551,4.07779550702959,6.08590794853529,6.4853228765673,7.5270768902219,9.58736809666279,10.6970332829206,,,,,11.2913018961944,11.7475108212559,13.2360947885546,14.4973785037871
518.799999999922,0.178556802049254,2.24186219745036,,,2.66598318257253,4.00930508734459,4.05233413632879,6.08167594441751,6.49742968192658,7.48837585358662,9.58474603326557,10.5876338813031,,,,,11.2958324886454,11.6990840061848,13.1561733367871,14.4580571426437
519.399999999922,0.233914440369501,2.28229623716102,,,2.74310036901188,3.97819725233358,4.12379513281947,6.07197331638829,6.5331758827376,7.51917482561485,9.529579250878,10.5239162833389,,,,,11.26765414044,11.6633859692601,13.0833205259912,14.407447820894
519.999999999922,0.289274472113969,2.32273433550609,,,2.82022209653919,3.94709285284151,4.20520065884451,6.06227108563651,6.55548857984504,7.56812186238421,9.48155338781401,10.4601993948751,,,,,11.2645867962074,11.7223895794887,13.0104663537481,14.3568391948783
520.599999999922,0.344636905027647,2.36317648619665,,,2.89734836024441,3.91599188367945,4.28660571476719,6.05256924890469,6.57768240003185,7.63613096054935,9.43353077841605,10.3964832162776,,,,,11.2559859634924,11.7813900480592,12.937610818478,14.306231251863
521.199999999922,0.400001746857096,2.40362268286651,,,2.9744791551166,3.88489433957839,4.36801029304702,6.04286780289349,6.59671187454166,7.70793649510306,9.38551143010469,10.3327677479225,,,,,11.2473819216999,11.840387366208,12.8647539186034,14.2556239790574
521.799999999922,0.455369005345429,2.4440729190722,,,3.05161447603019,3.8538002151892,4.449414386124,6.03316674426242,6.61442154193346,7.77888232472488,9.33749535023519,10.2690529901894,,,,,11.2387746629584,11.8993815251975,12.7918956525486,14.2050173636153
522.399999999922,0.510738688232311,2.48452718829303,,,3.12875431774497,3.82270950508265,4.53081798641722,6.02346606962986,6.63081454580843,7.85293825782244,9.28948254609655,10.2053389434621,,,,,11.2301641793826,11.9583725163033,12.7190360187396,14.1544113926347
522.999999999922,0.566110803253956,2.52498548393104,,,3.20589867490605,3.7916222037494,4.6122210863249,6.01376577557301,6.64537364928549,7.92868398483945,9.24147302491142,10.1416256081281,,,,,11.2215504630741,12.0173603308143,12.6461750156043,14.1038060531579
523.599999999922,0.621485358143129,2.56544779931099,,,3.28304754204391,3.76053830560002,4.69362367822452,6.00406585862793,6.64831589897618,8.01880639791523,9.19346679383627,10.0779129845788,,,,,11.2126013795226,12.0763449600331,12.5733126415719,14.0532013321717
524.199999999921,0.676862360629138,2.60591412768042,,,3.36020091357437,3.72945780496497,4.77452394218373,5.99436631528955,6.64937306896837,8.09637757469032,9.15358560418068,10.0142010732094,,,,,11.2046626283031,12.1518004447078,12.5004488950737,14.0025972166069
524.799999999921,0.728662753910514,2.64638446220959,,,3.4124849207585,3.69838069609459,4.82979731363263,5.96670989079706,6.65922989110516,8.15770693464851,9.11629239981919,10.0053504480411,,,,,11.1865628229345,12.1778110598202,12.4275837745426,13.9519936933392
525.399999999921,0.734956565746818,2.61453053425829,,,3.46648527571298,3.68105163817123,4.87834224237912,5.9676674074314,6.66819287811747,8.2400472568288,9.04933609867833,9.97707044691048,,,,,11.1947203466093,12.2498830849137,12.4361322138934,13.9198911135527
525.999999999921,0.725780541218265,2.58268059856601,,,3.42969566649649,3.66372596027474,4.93654546518474,5.99231173313704,6.66632282724914,8.31440908984211,9.1336729731088,9.93829936029565,,,,,11.2232596535552,12.3426215114206,12.4655313354529,13.9062227932609
526.599999999921,0.716606995167279,2.55083464808072,,,3.39291053817741,3.64640365641336,4.97711777689336,6.01695641802062,6.67541009059941,8.39154747317502,9.21534060415655,9.89952898747931,,,,,11.2089468134376,12.317281917083,12.494929078291,13.8925550255605
527.199999999921,0.707435935307948,2.51899267566366,,,3.35612988461023,3.62908472051703,5.01768953441806,6.04160145836823,6.66922258061765,8.45508658252261,9.29701156686065,9.86075932887748,,,,,11.1988401612376,12.2919390855329,12.5243254408447,13.8788877971018
527.799999999921,0.698267369348893,2.4871546740988,,,3.31935369952285,3.61176914643557,5.05826072999255,6.06624685042786,6.66188871262253,8.51135623238289,9.37868586791396,9.82199038490871,,,,,11.1887302126398,12.266593008182,12.5537204215553,13.8652210944818
528.399999999921,0.689101304995275,2.45532063609287,,,3.28258197652853,3.59445692793872,5.09883135582745,6.09089259040638,6.65470975900482,8.56933759393144,9.46036351394267,9.78322215599539,,,,,11.1786169596261,12.2412436764398,12.5831140188659,13.851554904242
528.999999999921,0.679937749948809,2.42349055427535,,,3.24581470912585,3.57714805871609,5.13940140411245,6.11553867446951,6.64986116536206,8.62650736688221,9.54204451150672,9.74445464256381,,,,,11.1685003941651,12.215891081729,12.6125062312215,13.8378892128679
529.599999999921,0.670776711907762,2.39166442119842,,,3.20905189069877,3.5598425323772,5.17997086701646,6.14018509874182,6.64417835332237,8.67371894680918,9.62372886709978,9.70568784504412,,,,,11.1583805082127,12.1905352154859,12.6418970570684,13.8242240067897
530.199999999921,0.661618198566941,2.35984222933704,,,3.17229351451657,3.54254034245148,5.22053973668743,6.1648318593067,6.64652553201293,8.70585407196855,9.70541658714923,9.66692176387035,,,,,11.1484911363829,12.16517606916,12.6712864948549,13.8105592723817
530.79999999992,0.652462217617714,2.32802397108892,,,3.13553957373391,3.52524148238822,5.26359874694544,6.18947895220645,6.6529786612516,8.73681557199125,9.77082382167731,9.62815639948041,,,,,11.1278650807196,12.1054419411762,12.7006745430311,13.7968949959627
531.39999999992,0.642065807514846,2.29620963877448,,,3.09501788891491,3.50794594555663,5.26443283079362,6.22017620441076,6.62634402682251,8.75405302880351,9.79221838778866,9.56598532087198,,,,,11.0727733883144,12.0253801511911,12.7300612000484,13.7832311637956
531.99999999992,0.611308235665962,2.3353818255277,,,2.96804176654632,3.55512792724099,5.27776548914769,6.18327917359463,6.56867447143222,8.7169329645984,9.79882542222565,9.56968304016321,,,,,10.9961963806634,11.9107593923667,12.6997868721218,13.7823178662076
532.59999999992,0.592240328803786,2.37455792263313,,,2.89310156603617,3.60231321866368,5.20255854782289,6.07760901649399,6.51515164697266,8.60440438544048,9.67984371979103,9.60101704838026,,,,,10.923151794538,11.7755639999817,12.6615619373741,13.766094156373
533.19999999992,0.573174985065714,2.41373792217001,,,2.81816577240448,3.64950181294503,5.13904339847166,5.97193917547662,6.45369799897654,8.45916786653923,9.53310549819615,9.63235177517517,,,,,10.8884962000707,11.6993059411811,12.6233356068317,13.7498708492433
533.79999999992,0.554112212124307,2.45292181614976,,,2.74323437822572,3.69669370313384,5.07552760833912,5.86626964638818,6.39689562504283,8.29991876681155,9.38637067822648,9.66368722100153,,,,,10.8478991491287,11.6230445512843,12.5851078789543,13.7336479308612
534.39999999992,0.535052017650229,2.49210959650652,,,2.66830737596662,3.74388888219877,5.01201116942572,5.76060042502404,6.3434579953974,8.14687165823339,9.23963926584916,9.6950233863205,,,,,10.8072987128628,11.5467798218266,12.5468787522019,13.7174253872113
534.99999999992,0.515994409310694,2.53130125509718,,,2.59338475797925,3.79108734302841,4.94849407371266,5.6549315071384,6.28970219776665,7.99377864437491,9.09291126696136,9.72636027159711,,,,,10.76669488311,11.4705117443646,12.5086482250365,13.7012032042226
535.59999999992,0.49693939476947,2.57049678370139,,,2.51846651650103,3.83828907843125,4.88497631316024,5.54926288844434,6.23508129230726,7.8431106781553,8.946186687394,9.75769787730027,,,,,10.7260876516936,11.3942403104684,12.4704162959218,13.6849813677686
536.19999999992,0.477886981686866,2.60969617402151,,,2.44355264365472,3.88549408113564,4.82145787970796,5.44359456461377,6.18258743480475,7.70453610475778,8.79946553291167,9.78903620390272,,,,,10.6854770104234,11.3179655117214,12.4321829633229,13.668759863667
536.79999999992,0.458837177719753,2.64889941768269,,,2.36864313144843,3.93270234378985,4.75793876527441,5.33792653127746,6.12432472955039,7.5745685312049,8.65274780921274,9.82037525188114,,,,,10.6453588283447,11.2416873397204,12.393948225707,13.6525386776797
537.399999999919,0.439789990521537,2.68810650623277,,,2.29373797177564,3.97991385896204,4.67922357672832,5.23225878402501,6.0516912134473,7.43179770236717,8.50780885917918,9.85171502171604,,,,,10.6173100900952,11.1852622759894,12.3557120815427,13.6363177955133
537.999999999919,0.421966705173346,2.72731743114238,,,2.23352779973501,4.02712861914028,4.64001117888513,5.10617092595773,6.00562034534423,7.29648973372209,8.4136786016146,9.81859067336574,,,,,10.6479555528228,11.1973175971896,12.3174745293006,13.6200972028185
538.599999999919,0.440112367414488,2.70213509155454,,,2.30968350163871,3.93622667399478,4.51938543215876,5.08517959061216,6,7.19993377604327,8.33321679033112,9.81142722375053,,,,,10.6514590340435,11.2313717298464,12.3440363474989,13.6632186876976
539.199999999919,0.433289220243881,2.67695657102701,,,2.30203991339887,3.84532795857255,4.45732460349314,5.08801812544435,6.0163882963464,7.19151412350284,8.30573751783792,9.77440856445737,,,,,10.6773636318358,11.2610551849351,12.3371152729822,13.7195883058846
539.799999999919,0.426468720417974,2.65178186080727,,,2.29440064410857,3.7544324651399,4.40184772491126,5.09085692831059,6.03491170085384,7.1907214749709,8.34561218004234,9.73739062897752,,,,,10.6854505759726,11.2628611812415,12.3301927858046,13.7759581701631
540.399999999919,0.419650875576293,2.62661095205692,,,2.28676568509926,3.66354018586447,4.34637011642278,5.09369599459153,6.05230837673011,7.20132096183738,8.38549030583749,9.70037341781489,,,,,10.6967391110421,11.2646637541519,12.323268884448,13.8323282659594
540.999999999919,0.412835693351549,2.60144383586027,,,2.27913502757649,3.57265111283381,4.29089176979948,5.09653531962989,6.07104366151767,7.21005585596426,8.42537190044875,9.66335693147325,,,,,10.7080241702602,11.2664628953604,12.3163435673913,13.8886985786458
541.599999999919,0.406023181373008,2.5762805032244,,,2.27150866263117,3.48176523805535,4.23541267679309,5.09937489872723,6.08986306366618,7.21727468538967,8.46525696904421,9.62634117046023,,,,,10.719305745317,11.268258596571,12.3094168331153,13.9450690935392
542.199999999919,0.39921334726649,2.5511209450791,,,2.26388658123951,3.3908825534564,4.17993282913458,5.10221472714399,6.10896413763185,7.22062586590077,8.50514551672577,9.58932613528737,,,,,10.7305838278901,11.2700508495009,12.3024886801023,14.0014397959006
542.799999999919,0.392406198654353,2.52596515227693,,,2.25626877426312,3.3000030508842,4.12445221853403,5.10505480009941,6.1288987750357,7.22024036848944,8.545037548529,9.55231182647006,,,,,10.7418584096434,11.2718396458806,12.2955591068365,14.0578106709354
543.399999999919,0.385601743155514,2.50081311559319,,,2.24865523244892,3.20912672210586,4.06897083668066,5.10789511277162,6.15555557853097,7.21241532058686,8.58493306942318,9.51529824452756,,,,,10.7524481072822,11.2736249774542,12.2886281118036,14.1141817037933
543.999999999918,0.378799988385439,2.47566482572591,,,2.2410459464292,3.1182535588084,4.04158556102935,5.11073566029758,6.19607731377065,7.24665470902435,8.63614503362878,9.47828538998303,,,,,10.755476766945,11.3133505070963,12.2816956934912,14.1705528795683
544.599999999918,0.376660245308902,2.45052027329587,,,2.24100753643761,3.02738355259872,4,5.15705491172256,6.2248448547169,7.30982491991792,8.64557125915749,9.55058897611559,,,,,10.7089844373992,11.3395380842715,12.2747618503885,14.226924183299
545.199999999918,0.371858202725622,2.46668426676771,,,2.1979800437707,3.14305231732634,4.09258563872623,5.14598196196127,6.28023109330055,7.38631852415179,8.73235823292343,9.60226944450039,,,,,10.7060052214502,11.3627738494875,12.2681162357705,14.2799550709256
545.799999999918,0.390019179337662,2.4828519786922,,,2.30653792171416,3.25872422214335,4.23536378561911,5.25494253655427,6.30996271126452,7.48816338458586,8.78746904332999,9.70432267543482,,,,,10.6504255591678,11.3921906732548,12.3794297308039,14.3285213497374
546.399999999918,0.408182887108953,2.49902339945272,,,2.41510001685534,3.37439925838825,4.38961427195093,5.36390332615374,6.37795619907503,7.62426114335162,8.80636769958474,9.80637663590539,,,,,10.6007893900331,11.5008652454376,12.4907417965411,14.3770877112854
546.999999999918,0.426349333634581,2.51519851936105,,,2.52366631923263,3.49007741734753,4.54386393672889,5.47286432567455,6.45631683007321,7.77457520032816,8.82526987334957,9.90843132644775,,,,,10.5518923863674,11.6095363035701,12.6020524314619,14.425654140386
547.599999999918,0.44451852650931,2.53137732865165,,,2.63223681879037,3.60575869022757,4.69811277149469,5.58182553000676,6.52801860100853,7.92503430603611,8.84417556913476,10.0104867476083,,,,,10.5029918147179,11.7182038394789,12.7133616340643,14.4742206217993
548.199999999918,0.462690473324457,2.54755981748178,,,2.74081150535828,3.72144306815467,4.85236076777071,5.6907869339993,6.60190438017743,8.07805505018719,8.86308479137948,10.1125428999373,,,,,10.4540876666291,11.8268678450152,12.8246694028477,14.5227871402297
548.799999999918,0.480865181667889,2.56374597593141,,,2.84939036865142,3.83713054217499,5.00660791705848,5.79974853245993,6.67449958927618,8.23363044539956,8.88199754445651,10.2145997839889,,,,,10.4051799336327,11.9355283120434,12.9359757363132,14.5713536803258
549.399999999918,0.499042659124017,2.57993579400327,,,2.95797339827021,3.95282110325463,5.16085421083871,5.90871032015527,6.74559498025119,8.38620477315671,8.9009138326724,10.3166574003211,,,,,10.3562686072471,12.0441852324412,13.0472806329638,14.6199202266809
549.999999999918,0.517222913273811,2.59612926162283,,,3.0665605837004,4.06851474227954,5.31509964057122,6.01767229181079,6.80863235492332,8.54191903339628,8.9198336602674,10.4187157494957,,,,,10.3075500547374,12.1528385980999,13.1585840913041,14.6684867638324
550.599999999917,0.535405951694781,2.61232636863828,,,3.17515191431309,4.18421145005558,5.4589223187884,6.1266344421108,6.86238666148431,8.66310676227636,8.94717082377437,10.5207748320787,,,,,10.2634804886078,12.2315065525564,13.2698861098403,14.7170532762619
551.199999999917,0.549466061457697,2.62852710482059,,,3.2898862505311,4.29991121730853,5.63173987586796,6.21168833429885,6.94363343771973,8.77255773957644,9.02725585416835,10.5628040525894,,,,,10.2451010302086,12.2966820284571,13.3811866870806,14.7656197483955
551.799999999917,0.558424891709116,2.614758075293,,,3.36165723252394,4.22244519169294,5.72815895423334,6.28821846856124,6.97786425979218,8.89292380230128,9.07488640676296,10.577969915697,,,,,10.2794823728789,12.3681314691712,13.4577608940692,14.6809642707341
552.399999999917,0.555588918466233,2.60099265423826,,,3.33164243777923,4.14498220673886,5.75686293778523,6.2703215160828,7.02764780506475,8.93554425878222,9.17851452122657,10.508973462282,,,,,10.3559367790927,12.4662316333059,13.4066942236687,14.615213643641
552.999999999917,0.55275575976846,2.58723083119969,,,3.30163174454087,4.06752225295834,5.7568303244964,6.2524247205616,7.01563765371995,8.94565636436227,9.27000882135019,10.4399777445655,,,,,10.4233755101477,12.4885447547046,13.3556261074888,14.5494629291989
553.599999999917,0.54992542317769,2.57347259563921,,,3.27162514162072,3.99006532075672,5.75679679547694,6.23452807648923,6.98936523364418,8.93806565277024,9.36150668490108,10.3709827631441,,,,,10.4906184630697,12.5108542729818,13.3045565440622,14.4837121116088
554.199999999917,0.547097916250742,2.55971793694148,,,3.24162261770198,3.91261140045925,5.75676234204465,6.21663157830313,6.96557045587653,8.93480529592307,9.45300811565723,10.3019885186069,,,,,10.5578577542718,12.5331601801328,13.2534855319053,14.4179611750182
554.799999999917,0.544273246540977,2.54596684441392,,,3.21162416135318,3.83516048231106,5.75672695549253,6.19873522039954,6.93955211944353,8.93285227393501,9.54451311732873,10.2329950115468,,,,,10.6250933751531,12.5554624681559,13.2024130695364,14.3522101035194
555.399999999917,0.541451421598315,2.53221930728668,,,3.1816297610282,3.75771255647719,5.75669062709274,6.1808389971336,6.91494612194985,8.92927458395263,9.63602169355935,10.1640022425605,,,,,10.6923253170994,12.5777611290626,13.1513391554756,14.2864588811488
555.999999999917,0.538632448969217,2.51847531471265,,,3.15163940506628,3.68026761304255,5.75665334809657,6.16294290281926,6.89080688226221,8.92430783048177,9.7275338479266,10.0950102122487,,,,,10.7595535714832,12.6000561548779,13.1002637882445,14.2207074918871
556.599999999917,0.5358163361967,2.50473485576747,,,3.12165308169198,3.60282564201198,5.75661510973444,6.14504693172935,6.87280057552911,8.91718179465071,9.8190495839417,10.0260189212159,,,,,10.8266133859597,12.6223475376402,13.0491869663665,14.1549559196594
557.199999999916,0.53300309082033,2.49099791944952,,,3.09167077901523,3.52538663331019,5.75234699398103,6.12715107809554,6.85192545630632,8.91287133262749,9.88393424075941,9.95702837007049,,,,,10.8870104861829,12.6064464822768,12.9981086883667,14.0892041483352
557.799999999916,0.528422077641499,2.47726449467992,,,3.04682464184326,3.4479505767818,5.68473219689512,6.10546939379164,6.80623212178584,8.88587232748971,9.88521021776054,9.84767150764164,,,,,10.9415089625945,12.5802560883415,12.9470289527719,14.0234521617283
558.399999999916,0.537151489576225,2.48998869797185,,,3.0788638864531,3.56204801598958,5.64170977314273,6.12636607369999,6.78446586893395,8.79598901045708,9.85130584188133,9.78391647898277,,,,,11.0173093498842,12.5519458786715,12.9365644701208,14.0903056962745
558.999999999916,0.544881788948869,2.5027163904263,,,3.07979980405739,3.67614838684638,5.66100284053671,6.15375513750169,6.73883064314473,8.70347849649578,9.77490192920739,9.76773195706151,,,,,11.0796547875616,12.4883522971573,12.9657433190325,14.1368094575091
559.599999999916,0.552614985841282,2.51544756072893,,,3.08073969364805,3.79025167892979,5.68726120211052,6.18114429527557,6.70670167114008,8.6080631636409,9.6876965105933,9.75154817750654,,,,,11.1475443108329,12.4257839045464,12.9949207059454,14.1833129545653
560.199999999916,0.560351087775922,2.52818219749183,,,3.08168354276609,3.904357881764,5.71351855126406,6.20853354104665,6.67727826297025,8.50830023409639,9.60049469330112,9.73536514093895,,,,,11.2152365416633,12.363211821394,13.0240966293877,14.2298161710373
560.799999999916,0.568090102271652,2.54092028924985,,,3.08263133883351,4.01846698479312,5.73977487908079,6.23592286879968,6.65316833815185,8.40286163852842,9.51329648037968,9.7191828479904,,,,,11.2829250154343,12.3006360398319,13.0532710878947,14.2763190904603
561.399999999916,0.575832036843886,2.55366182446057,,,3.08358306915768,4.13257897738112,5.76603017662432,6.26331227247831,6.62957693217486,8.29318941188728,9.42610187481002,9.70300129929639,,,,,11.3506097233992,12.2380565520056,13.0824440800035,14.3228216963143
561.999999999916,0.583576899004594,2.56640679150431,,,3.08453872093128,4.2466938488119,5.79228443493741,6.29070174598497,6.60733398404619,8.18430462652401,9.33891087950685,9.68682049549628,,,,,11.418290656798,12.1754733500738,13.1116156042529,14.3693239720233
562.599999999916,0.591324696262289,2.57915517868413,,,3.08549828123238,4.36081158828922,5.81853764504195,6.31809128318102,6.58262278021925,8.0791727168992,9.25172349731865,9.67064043723332,,,,,11.4859678068576,12.1128864262087,13.1407856591833,14.4158259009557
563.199999999916,0.599075436122037,2.59190697422584,,,3.08646173702437,4.47493218493677,5.84478979793899,6.34548087788659,6.54921999929678,7.98124522468243,9.16453973102762,9.65446112515468,,,,,11.5541259090466,12.050295772596,13.169954243337,14.4623274664244
563.799999999915,0.606829126085454,2.60466216627801,,,3.08742907515599,4.58905562779812,5.85337194152371,6.37287052388073,6.51289803901466,7.88234655150138,9.09165091589331,9.63828255991131,,,,,11.6268398596198,12.0372767360792,13.1991213552578,14.5088286516864
564.399999999915,0.613255565275156,2.61742074291192,,,3.07077163167911,4.70318190583673,5.90390570479956,6.39831436316149,6.47235810252921,7.79352899744722,9.0578847449594,9.68252910438597,,,,,11.7034549742766,11.9954872090544,13.2282869934914,14.5553294399433
564.999999999915,0.582740619979041,2.64055791383654,,,2.96348846808929,4.56006280742408,5.86695399678233,6.35269111705557,6.40340463798413,7.73835301685367,9.00625412161138,9.71232904432399,,,,,11.6188339594385,11.9373115130991,13.1743930845042,14.4737440190531
565.599999999915,0.550221479451932,2.66369844525518,,,2.90318831348039,4.41694652183899,5.72321779928892,6.32377901180627,6.35009171107872,7.7031104789205,8.99869232928457,9.74557785112464,,,,,11.519892043715,11.8785637466333,13.1558000919778,14.3625024393921
566.199999999915,0.517705319000171,2.68684232500592,,,2.84289198746622,4.27383303784094,5.58708983036944,6.29486693255247,6.30878259044882,7.68700649567018,9.01487261609004,9.77882740740384,,,,,11.4231193753249,11.860900364822,13.1372056214163,14.251260411992
566.799999999915,0.48519214610841,2.709989540851,,,2.78259947631561,4.13072234407298,5.45096074981186,6.26595487286509,6.27969513911853,7.68212698768205,9.03105653409738,9.81207771383144,,,,,11.323897832891,11.8432332066633,13.118609671367,14.140017919836
567.399999999915,0.452681968257566,2.73314008047545,,,2.72231076618939,3.98761442909804,5.31483054847017,6.23704282627622,6.24570288122951,7.67757838755324,9.0472440856215,9.84532877108174,,,,,11.2246724364543,11.8255622644306,13.1000122403841,14.028774945847
567.999999999915,0.420174792925099,2.75629393148701,,,2.66202584313374,3.84450928139897,5.17869921717856,6.20813078627687,6.21233644468597,7.67922753953454,9.06343527291436,9.87858057983283,,,,,11.1254431771227,11.8078875304165,13.0814133270234,13.9175314728926
568.599999999915,0.387670627585033,2.77945108141618,,,2.60174469308019,3.7014068893785,5.04256674675044,6.17921874631683,6.1750889750399,7.68189161964973,9.0796300981617,9.91183314076672,,,,,11.0262100459904,11.7902089969269,13.0628129298426,13.8062874837846
569.199999999915,0.355169479707927,2.8026115177162,,,2.5414673018456,3.55830724135927,4.90643312797828,6.15030669980479,6.14097512204535,7.68209795326098,9.09582856348293,9.94508645456927,,,,,10.9269730341382,11.7725266562814,13.0442110474009,13.695042961279
569.799999999915,0.322671356760902,2.82577522776305,,,2.4811936551322,3.41521032558379,4.77029835163374,6.12139464010826,6.11534204099526,7.67563851437469,9.11203067093121,9.97834052193026,,,,,10.8268332410278,11.7548405008127,13.0256076782593,13.5837978880764
570.399999999914,0.290176266207622,2.84894219885545,,,2.42092373852754,3.2721161302145,4.66146067969939,6.09248256055361,6.10696466206877,7.702613342552,9.13483274579708,10.0115953435433,,,,,10.7257715208268,11.7218399535683,13.0070028209804,13.4725522468216
570.999999999914,0.269340718627547,2.87211241821487,,,2.4049888539481,3.12902464333372,4.58399405239673,6.09060736462058,6.13946242897382,7.75342348574911,9.1551785855489,10.0599525163162,,,,,10.6275821603907,11.7503749990848,12.9883964741287,13.3613060201037
571.599999999914,0.284988951554901,2.80992044221129,,,2.46908272532547,3.30736460230663,4.63229311674782,6.16674370788816,6.1851268686973,7.81924556984336,9.26797779775911,10.1340315544735,,,,,10.6182695850607,11.7884734253253,13.0918468372969,13.4855889539287
572.199999999914,0.320669475769884,2.7477316886737,,,2.57097991588413,3.48570724573829,4.79164642975834,6.21544357559271,6.25361807957809,7.92350744512172,9.27753638327318,10.1526002210339,,,,,10.6424661349063,11.8505406121804,13.1132675642539,13.6896960315643
572.799999999914,0.356353062201637,2.68554614460399,,,2.67288077776069,3.66405256142479,4.91982855264714,6.26414339632922,6.31825016691995,8.02912316182504,9.30613870646485,10.1711696446517,,,,,10.6678286655007,11.8335717873649,13.1346867973297,13.8938024711816
573.399999999914,0.392039718293718,2.6233637969146,,,2.77478529596402,3.84240053712801,5.04800946215105,6.31284316322222,6.36906086817505,8.13945872191473,9.33474468271342,10.1897398260477,,,,,10.6968402193841,11.8165991019925,13.1561045351075,14.0979082551357
573.999999999914,0.42772945148909,2.5611846324407,,,2.87669345539379,4.02075116052977,5.17618914890023,6.36154286935117,6.42364182228846,8.25239682931034,9.36335431360536,10.2083107659389,,,,,10.7258478207188,11.7996225485009,13.1775207761599,14.3020133657374
574.599999999914,0.463422269227273,2.49900863794023,,,2.97860524083498,4.19910441923174,5.30436760349947,6.41024250775439,6.47767164530344,8.3602664977324,9.39196760066366,10.2268824650459,,,,,10.754851460466,11.7826421193299,13.1989355190619,14.5061177852418
575.199999999914,0.499118178944332,2.43683580009384,,,3.08052063695796,4.37746030075553,5.43254481653275,6.45894207142908,6.534417053419,8.46588712847636,9.42058454534493,10.2454549240935,,,,,10.7838511295742,11.7656578069327,13.2203487623896,14.7102214958484
575.799999999914,0.534817188072882,2.37466610550496,,,3.18243962831839,4.55581879254261,5.56072077856321,6.50764155333124,6.58752857940283,8.5718287694258,9.4492051490396,10.26402814381,,,,,10.8128468189786,11.7486696037759,13.2417605047211,14.914324479701
576.399999999914,0.570519304042094,2.31249954069972,,,3.28436219935733,4.73417988195436,5.68889548013304,6.55634094637574,6.64765394076618,8.67620569015306,9.47782941307177,10.2826021249279,,,,,10.8421340756728,11.7316775023395,13.2631707446363,15.1184267188879
576.999999999913,0.606224534277678,2.25033609212703,,,3.38628833440117,4.91254355627206,5.80102763690067,6.60504024343632,6.70434716701089,8.72857910150707,9.50238510276691,10.3011768681834,,,,,10.875243763413,11.7440048442154,13.2845794807166,15.3225281954413
577.599999999913,0.636433651690512,2.18817574615853,,,3.48202435646167,5.09090980269688,5.87961835819013,6.65252696418345,6.74261414982803,8.74322307982409,9.49522541957461,10.2513135638093,,,,,10.9075793420662,11.7581574080253,13.3059867115452,15.5266288913383
578.199999999913,0.656258420968033,2.23131034354346,,,3.51024920935755,5.07155058080878,5.86682623114501,6.64488953229551,6.79541623497472,8.74592196908258,9.37318759909992,10.1205932811599,,,,,10.9812043793827,11.7786499817982,13.2742076019667,15.5216278548489
578.799999999913,0.666682157985893,2.27444801605928,,,3.48527396247082,5.05219390516129,5.79715708687893,6.64638271750557,6.81220739607545,8.7114472837798,9.33880710203358,10.0977936969429,,,,,11.0110293664161,11.7846733336764,13.2841541524862,15.4405468862091
579.399999999913,0.67710903893714,2.31758874983066,,,3.46030221574029,5.0328397627438,5.77501379320402,6.6478757778164,6.8446458069465,8.68246530902285,9.27884853707687,10.0749948778629,,,,,11.0359877112184,11.8366763728163,13.2940991935199,15.3594650824982
579.999999999913,0.68753907123159,2.36073253092021,,,3.4353339529268,5.01348814043707,5.75286918189101,6.64936870589466,6.8974488804974,8.64078055889612,9.21889363900684,10.0521968246598,,,,,11.0599790929359,11.888675468844,13.3040427236517,15.2783824254813
580.599999999913,0.697972262274266,2.40387934531328,,,3.41036915766882,4.99413902504174,5.73072324332929,6.65086149436717,6.95073969721827,8.59907604643337,9.15894240868739,10.0293995380932,,,,,11.0839664219538,11.9406706143265,13.3139847414733,15.1972988968571
581.199999999913,0.708408619466738,2.44702917891797,,,3.38540781349016,4.97479240327836,5.7085759678943,6.65235413581961,7.0037127571085,8.55725965659984,9.09899484691241,10.0066030189263,,,,,11.107949689088,11.9926618018507,13.3239252455783,15.1162144782682
581.799999999913,0.718848150207115,2.49018201756512,,,3.36044990379997,4.95544826178737,5.68642734594059,6.65384662279648,7.05534538571643,8.51654001655096,9.03905095440955,9.98380726792649,,,,,11.1319288851414,12.0446490240171,13.3338642345617,15.035129151302
582.399999999913,0.729290861890069,2.53333784700831,,,3.33549541189279,4.93610658712911,5.66427736780188,6.65533894780117,7.11042319939329,8.47857863811297,8.97911073184015,9.96101228586479,,,,,11.1559040009032,12.0966322734394,13.3438017070205,14.9540428974897
582.999999999913,0.739736761906812,2.57649665292385,,,3.31054432094847,4.91676736578381,5.64212602379106,6.6568311032959,7.15703792999221,8.45290152798532,8.91917417979927,9.93821807351623,,,,,11.1809168078919,12.1486115427448,13.3537376615531,14.8729556983074
583.599999999912,0.750185857645117,2.61965842091083,,,3.28559661403221,4.89743058415159,5.64507797531365,6.65832308170174,7.23849449557726,8.45355803971656,8.85203322594047,9.91542463165966,,,,,11.204317893199,12.1658778143459,13.3636720967598,14.7918675351751
584.199999999912,0.753664285847489,2.66282313649105,,,3.22533979796742,4.87809622855248,5.61368536888156,6.59376835975744,7.3075848470189,8.4706064536377,8.82597956240349,9.95867457936351,,,,,11.2289511361077,12.1322237745815,13.3736050112427,14.7107783894573
584.799999999912,0.739179404213426,2.57955845573256,,,3.22799754140314,4.77359906695105,5.62864950229994,6.54642128889826,7.32203592909697,8.45385223662149,8.80548110184013,10.0317734355036,,,,,11.1525727209611,12.1059723087569,13.3098548361309,14.5912400270082
585.399999999912,0.711009425985199,2.4962966933607,,,3.24438321033904,4.66910430377001,5.57566438172897,6.47593004363667,7.33647111473883,8.41439728666957,8.76402008635892,10.0312213624535,,,,,11.0895163517923,12.0630588096226,13.2229410799274,14.5244520456818
585.999999999912,0.682842672993095,2.41303783468396,,,3.26077219441931,4.56461192510153,5.48710729889135,6.40543859055559,7.34263930759824,8.34007428626043,8.74551464298944,10.0306700630389,,,,,11.0286569022535,12.025486020942,13.1360257988129,14.457663025537
586.599999999912,0.654679152609633,2.32978186491513,,,3.27716447613389,4.4601219169452,5.39854879161566,6.33494692187374,7.34509062869641,8.26932041788725,8.7270128723305,10.0301195380687,,,,,10.9679834859184,11.9879092081892,13.0491089913995,14.3908729477082
587.199999999912,0.626518872201881,2.24652876918974,,,3.29356003786007,4.35563426522054,5.30998885007394,6.26445502976529,7.33903424102378,8.19653160187671,8.70851477450989,10.0295697883449,,,,,10.9073059151299,11.9503283640843,12.9621906562978,14.3240817932815
587.799999999912,0.598361839133458,2.16327853256605,,,3.3099588618605,4.25114895576692,5.22142746441228,6.19396290636326,7.33355729679085,8.12271403095434,8.69002034959249,10.0290208146737,,,,,10.846624180558,11.9127434813614,12.87527079212,14.2572895432873
588.399999999912,0.570208060764528,2.08003114002507,,,3.32636093028315,4.14666597434364,5.13286462475583,6.12347054375953,7.33059637750025,8.04915097057968,8.67152959757689,10.0284726178649,,,,,10.7859382728596,11.8751545527682,12.7883493974799,14.1904961787005
588.999999999912,0.54205754445181,1.99678657647056,,,3.34276622516137,4.04218530662991,5.04430032120891,6.05297793400482,7.32631530387821,7.97487543526876,8.6530425183954,10.0279251987322,,,,,10.7252481826784,11.8375615710657,12.7014264709934,14.1237016804404
589.599999999912,0.513910297548571,1.91354482672901,,,3.35917472841382,3.93770693822478,4.95573454385501,5.98248506910868,7.32457035474865,7.88881204119281,8.63455911191406,10.0273785580932,,,,,10.6635905457999,11.7999645290281,12.6145020112776,14.0569060293703
590.199999999911,0.485766327404628,1.83030587554966,,,3.37558642184455,3.83323085464726,4.84777875130868,5.91199194103958,7.25503791776801,7.79501554279946,8.62951665878603,10.0268326967693,,,,,10.5987771854313,11.7969732558303,12.5275760169518,13.9901092062982
590.799999999911,0.465045903465727,1.7470697076045,,,3.39951869009418,3.7287570413362,4.75338780034852,5.91306476906709,7.17986971925997,7.69255026219333,8.60778060865691,10.0248707540359,,,,,10.5217551804775,11.8255022128073,12.4406484866366,13.9233111919762
591.399999999911,0.478575819055893,1.75501717257103,,,3.31659933530785,3.72541553020797,4.5803505406904,5.82271127778788,7.1766877168052,7.6060279425579,8.75796414341123,9.99161945312998,,,,,10.5261075087441,11.8226908077522,12.4141284796212,14.0077863398732
591.999999999911,0.50690114588371,1.76296738989741,,,3.18676551915178,3.7220762599986,4.52659488281679,5.74454584630119,7.19291823372306,7.53562571822717,8.94659261514503,9.93930055423966,,,,,10.5454461627476,11.8493138825641,12.4096009706524,14.0232256147167
592.599999999911,0.535229778837784,1.77092034401037,,,3.05693481923663,3.71873921589169,4.50519412029335,5.6663801191055,7.22130183376385,7.47524361019859,9.10297144352837,9.88698243798639,,,,,10.5679387595873,11.8976013415522,12.4050719215701,14.0386636402227
593.199999999911,0.563561725248489,1.77887601927288,,,2.9271072168001,3.71540438300572,4.48379182403058,5.5882140879617,7.2289811897203,7.41392317903947,9.2593539424115,9.83466510521383,,,,,10.589519806468,11.9458846971355,12.4005413309986,14.0541003969308
593.799999999911,0.591896992444943,1.78683439997062,,,2.79728269295831,3.71207174637902,4.4623879839612,5.51004774459132,7.2445848823179,7.35224545665305,9.41574011120132,9.78234855676673,,,,,10.6110965955375,11.994163942179,12.3960091975673,14.069535865315
594.399999999911,0.620235587752817,1.79479547031204,,,2.6674612287127,3.70874129096985,4.44098259000185,5.43188108067471,7.25964524177744,7.29314887531614,9.57212994923363,9.73003279349368,,,,,10.6326691173202,12.0424390695641,12.3914755199072,14.0849700257935
594.999999999911,0.648577518494322,1.80275921442831,,,2.53764280495009,3.70541300165636,4.41957563204831,5.35371408785111,7.27123443338705,7.23497475162462,9.728523455778,9.67771781624714,,,,,10.6542373623273,12.0907100721854,12.3869402966509,14.1004028587287
595.599999999911,0.676922791988229,1.81072561637337,,,2.40782740244264,3.70208686323659,4.39816709997551,5.2755467577186,7.28327041479804,7.17501978972003,9.88492063003771,9.62540362588351,,,,,10.6758013210566,12.1389769429512,12.382403526433,14.1158343444276
596.199999999911,0.705271415549858,1.81869466012388,,,2.27801500184784,3.69876286042846,4.37675698363752,5.19737908183409,7.2857037797603,7.11277462575153,10.0413214711497,9.57309022326297,,,,,10.6973541007461,12.187239674783,12.3778652078896,14.1312644631412
596.79999999991,0.733623396491072,1.82666632957925,,,2.14820558370855,3.69544097786982,4.34685428705752,5.11921105171336,7.3311617777144,7.05713805488221,10.1871251563415,9.52077760924965,,,,,10.7286046715675,12.1555141984538,12.3733253396585,14.1466931950653
597.39999999991,0.757959752224802,1.83464060856163,,,2.04211879679614,3.69212120011839,4.3699910933128,5.02178395774915,7.3807685543409,7,10.3437962090804,9.46694500400888,,,,,10.7428426775232,12.0881384071583,12.3687839203793,14.1621205203395
597.99999999991,0.784128677833576,1.90182530032091,,,2.03295541518651,3.67984320550506,4.47731602688742,5.09826675857084,7.42073647910334,7.00515780004528,10.3426417279913,9.53077317863361,,,,,10.7962929400023,12.0549035898797,12.4504492812374,14.1230083382078
598.59999999991,0.80380346258284,1.9690125690286,,,2.11450320416432,3.66756728457275,4.54829167245082,5.22867533736779,7.48934317674129,7.05139634615376,10.2569261833432,9.67021005983583,,,,,10.8651458404871,12.0107736147151,12.6080079353569,14.1463983810394
599.19999999991,0.823481633923686,2.03620239826621,,,2.19605389663608,3.6552934216402,4.58447432411592,5.3590835275882,7.53990791782307,7.1180841429864,10.1851773703313,9.80964773315174,,,,,10.9200170813498,11.9676781833459,12.7655650343686,14.1697869573162
599.79999999991,0.84316319915171,2.10339477154689,,,2.27760747255781,3.64302160094473,4.62065533019717,5.489491320534,7.60213909903325,7.18011418431945,10.113432217604,9.94908619945348,,,,,10.9725039626407,11.9245785708532,12.9231205769076,14.1931740469461
600.39999999991,0.862848165558074,2.1705896723065,,,2.35916391178443,3.63075180664354,4.65683468040788,5.61989870747409,7.65905521612395,7.24341736522551,10.0416907238324,10.0885254596284,,,,,11.0249864811588,11.881474770252,13.0806745616219,14.2165596297904
600.99999999991,0.882536540430499,2.23778708390363,,,2.44072319405622,3.61848402281373,4.69301236443526,5.75030567963618,7.71591336485281,7.30801904406809,9.96995288762306,10.2279655145677,,,,,11.0774646272833,11.8383667745709,13.2382269871614,14.2399436856552
601.59999999991,0.902228331053253,2.30498698961966,,,2.52228529899882,3.6062182334523,4.72918837194572,5.88071222820685,7.77577080876807,7.37121129090576,9.89821870751665,10.3674063651666,,,,,11.1299383913792,11.795254576852,13.3957778521775,14.2633261942907
602.19999999991,0.921923544707151,2.37218937265868,,,2.60385020612319,3.59395442247614,4.76536269258479,6.01111834433153,7.83636784294441,7.43513507776727,9.82648818198736,10.5068480123239,,,,,11.1824077637987,11.7521381701505,13.5533271553236,14.2867071353912
602.79999999991,0.941622188669565,2.43939421614752,,,2.68541789482566,3.58169257372203,4.80153531597716,6.14152401911449,7.91324195630261,7.50188537184266,9.75476130944318,10.6462904569426,,,,,11.2347666615468,11.7090175475351,13.7108748952545,14.3100864885959
603.399999999909,0.961324270214409,2.50660150313577,,,2.76698834438791,3.56943267094667,4.85752209924282,6.27192924361886,7.97425698961118,7.56553520995521,9.67878433071034,10.7857336999293,,,,,11.2702823707059,11.7313424067785,13.8684210706269,14.3334642334877
603.999999999909,0.978475525282973,2.57381121659576,,,2.80898697144686,3.55717469782664,4.85662058761364,6.39946760853059,8.04805828405847,7.66431291109972,9.60799949236542,10.8837935695712,,,,,11.3463988921708,11.7919580119784,14.0259656800991,14.3568403495944
604.599999999909,1.01311810538703,2.54350439985091,,,2.8226649901375,3.56483463043486,4.8581812303375,6.39767613569712,8.14338451552252,7.72256954309301,9.50808177226646,10.9383644251959,,,,,11.3785503990156,11.8492218154423,14.0824713898363,14.3737216244291
605.199999999909,1.04997403145027,2.51319997527592,,,2.79378944628821,3.57249645981427,4.81154726507178,6.3269495803929,8.15685955852715,7.74699537759392,9.49207517634811,10.9336097258249,,,,,11.390912752326,11.9200171161201,14.0426191341196,14.3743051419956
605.799999999909,1.08683342415743,2.4828979256261,,,2.76491657927242,3.5801601693981,4.78091622170763,6.25622253864067,8.17670547805086,7.75603581247385,9.46749664021016,10.9288558284787,,,,,11.4123470720654,11.9418869939216,14.0027653084735,14.374886969023
606.399999999909,1.12369629076487,2.45259823356475,,,2.73604636780496,3.58782574254254,4.75028341840937,6.18549500130823,8.19187432907684,7.77647449646661,9.44292174611195,10.9241027340922,,,,,11.4385097028088,11.9637526144953,13.9629099115778,14.3754670848189
606.999999999909,1.1605626385258,2.4223008816779,,,2.70717879047958,3.59549316252363,4.71964884465329,6.1147669592118,8.21313484632359,7.80173011515961,9.41835049199882,10.9193504435954,,,,,11.4646678642158,11.9856139710111,13.9230529420993,14.3760454686322
607.599999999909,1.19743247468998,2.39200585247434,,,2.6783138257754,3.60316241253732,4.68901248989721,6.04403840312645,8.23496467093476,7.82514151265987,9.39378287574853,10.9145989579222,,,,,11.4908215465184,12.0074710566448,13.8831943987067,14.3766220996566
608.199999999909,1.23430580650374,2.36171312838559,,,2.64945145205684,3.61083347569947,4.65837434357816,5.97330932378612,8.25563354553938,7.84756892692186,9.36921889517255,10.9098482780104,,,,,11.5169707399361,12.0293238645855,13.8433342800702,14.3771969570301
608.799999999909,1.27118264120994,2.33142269176592,,,2.62059164757373,3.61850633504583,4.62773439511226,5.90257971188358,8.27407092128862,7.86891409860964,9.34465854801608,10.9050984048014,,,,,11.5431154346752,12.0511723880358,13.8034725848619,14.3777700198347
609.399999999909,1.30806298604801,2.30113452489235,,,2.59173439046119,3.62618097353202,4.59709263389484,5.83184955807045,8.27666934718281,7.89807183891445,9.32010183195803,10.9003493392408,,,,,11.5701639883773,12.0730166202116,13.7636093117555,14.3783412670971
609.999999999908,1.3449468482539,2.27084860996462,,,2.56287965873971,3.6338573740336,4.53451119345174,5.76111885295722,8.28014148861874,7.93264126314898,9.29346253408131,10.8956010822778,,,,,11.6085765547219,12.0887606109756,13.7237444594265,14.3789106777881
610.599999999908,1.38677418444206,2.24056492910523,,,2.58641288271778,3.64153551934598,4.51692476808834,5.71018942934767,8.3014152832475,7.94264396139119,9.25586618820746,10.8839561617312,,,,,11.6321207512447,12.1068946030512,13.683878026552,14.3794782308231
611.199999999908,1.45471030580816,2.2766015514564,,,2.6367257823914,3.64661463370846,4.51804733671908,5.74809269437911,8.25294557546878,7.9399137937779,9.3577777987242,10.8190337023806,,,,,11.6074333407996,12.1144678097154,13.5868130382194,14.3848939523556
611.799999999908,1.52861629176682,2.31264037189925,,,2.69445405145081,3.65169545823191,4.61179190393211,5.81765672772842,8.24155650782653,7.9212430100818,9.34421376765641,10.7860549015965,,,,,11.5431962907392,12.081200450312,13.476820930405,14.3768815634845
612.399999999908,1.60252582400358,2.3486813723144,,,2.75218475683786,3.65677797547183,4.69680355456416,5.88722017181287,8.20856890401863,7.89729958242072,9.34760891749868,10.7530769132512,,,,,11.4877123809683,12.0697849741237,13.3668272380848,14.3688672533669
612.999999999908,1.67643890973627,2.38472453451531,,,2.80991787599865,3.66186216790324,4.78181332837715,5.95678301703235,8.18811045013486,7.87377811735543,9.35100768312371,10.7200997383083,,,,,11.4294837377353,12.0583651662409,13.2568319599448,14.3608510006975
613.599999999908,1.75035555618015,2.42076984023819,,,2.86765338626574,3.66694801792106,4.86682121462169,6.02634525375043,8.16673506954692,7.84356286536878,9.35441006174388,10.6871233777406,,,,,11.3712505169963,12.0469410199699,13.1468350946707,14.3528327841131
614.199999999908,1.82427577054703,2.45681727114199,,,2.92539126485706,3.67203550784009,4.95182720252629,6.09590687228954,8.14491047532989,7.81329219288444,9.35781605050791,10.6541478325245,,,,,11.3130127088386,12.0355125286337,13.0368366409498,14.344812582195
614.799999999908,1.89819956004529,2.49286680880843,,,2.98313148887589,3.67712461989502,5.03683128129851,6.16546786293095,8.1216108616667,7.78337857337013,9.36122564649824,10.6211731036403,,,,,11.254770303336,12.0240796855686,12.9268365974712,14.3367903734687
615.399999999908,1.97212693187985,2.52891843474192,,,3.04087403531083,3.68221533624046,5.1218334401251,6.2350282159148,8.1007737949816,7.75380109143615,9.36463884673103,10.5881991920722,,,,,11.1965232905489,12.0126424841243,12.8168349629258,14.3287661364042
615.999999999908,2.04605789325216,2.56497213036966,,,3.09861888103585,3.6873076389509,5.20683366817197,6.30458792144006,8.09287257346117,7.72921497020753,9.36805564815615,10.5552260988083,,,,,11.1374404341416,12.0012009176641,12.7068317360062,14.3207398494157
616.599999999907,2.11999245136027,2.60102787704157,,,3.15636600281027,3.69240151002073,5.31284785182208,6.37414696966457,8.0917627284067,7.71764886847749,9.36711988190744,10.5222538248406,,,,,11.0790072142852,12.0122340540053,12.5968269154064,14.3127114908617
617.199999999907,2.19497226992556,2.63708565603032,,,3.23326692889191,3.69749693136422,5.38243645309745,6.41124788125541,8.01862284354022,7.70810601947518,9.36283400522394,10.496926601939,,,,,11.0127949939984,11.9920187659954,12.4868204998225,14.3046810390452
617.799999999907,2.20038643638313,2.59437200303605,,,3.3298433630599,3.73514252511337,5.37775437896351,6.40117866035642,7.95140159808162,7.68869157213345,9.19814214542562,10.4973807841286,,,,,10.9914119323669,11.9583254681361,12.4632366777775,14.2312451610622
618.399999999907,2.21523329133153,2.55166034466001,,,3.41121367816203,3.77278963272947,5.29936708772334,6.37330795524367,7.87777775361732,7.69910491946922,9.16502338788842,10.4568680886642,,,,,11.0080403094392,11.953042287135,12.5154969284217,14.17762301971
618.999999999907,2.23008377177473,2.50895066195527,,,3.49258617520192,3.81043823588146,5.22900790162776,6.34543655304721,7.85559371121355,7.74596274339654,9.12579353904916,10.4163562164963,,,,,11.0228864066107,11.9360658904856,12.5677555801915,14.1239987196731
619.599999999907,2.24493788489206,2.46624293588548,,,3.57396083036798,3.84808831616322,5.15864671931114,6.31756444372189,7.83116841950356,7.79922743508057,9.08656727170877,10.3758451686424,,,,,11.0401302781868,11.9190850892782,12.620012631778,14.0703722390287
620.199999999907,2.25979563786084,2.42353714733702,,,3.65533761973159,3.8857398550885,5.08828352979216,6.28969161717862,7.80405542671369,7.85221358332978,9.04734458235419,10.3353349461179,,,,,11.0573694624856,11.9020998769714,12.6722680818857,14.0167435558013
620.799999999907,2.27465703785492,2.38083327711901,,,3.73671651924952,3.92339283409097,5.01791832206989,6.26181806328718,7.77825377443871,7.90369793586002,9.00812546740504,10.2948255499417,,,,,11.0746039494477,11.8851102470354,12.7245219292207,13.9631126479599
621.399999999907,2.28952209204474,2.33813130596332,,,3.81809750476384,3.96104723452417,4.94755108512252,6.23394377187621,7.75449453155482,7.95859714522705,8.96890992321478,10.2543169811369,,,,,11.0918337290013,11.8681161929537,12.776774172491,13.9094794934177
621.999999999907,2.30439080759726,2.29543121452457,,,3.89948055200199,3.99870303766155,4.87718180790745,6.20606873273317,7.728545196561,8.01696778435777,8.92969794607049,10.2138092407303,,,,,11.1090587910609,11.8511177082234,12.8290248104061,13.8558440700322
622.599999999907,2.31926319167599,2.25273298338011,,,3.98086563657675,4.03636022469647,4.80681047936114,6.17819293560442,7.70024558092489,8.06076886450633,8.89048953219303,10.1733023297526,,,,,11.1266192218768,11.8341147863546,12.8812738416775,13.8022063556055
623.199999999906,2.33413925144102,2.21003659303003,,,4.06225273398628,4.07401877674215,4.73723536235363,6.1503163701951,7.66362450975425,8.08733909983841,8.87695652322316,10.1327962492383,,,,,11.1434352129303,11.7831354034382,12.933521265018,13.7485663278838
623.799999999906,2.34663382091179,2.16734202389718,,,4.05761976030796,4.11167867483174,4.68309863739267,6.11393568109036,7.67740140274018,8.10191471531209,8.83913034474929,10.147549279338,,,,,11.1744042829765,11.7032498015651,12.9857670791424,13.6949239645576
624.399999999906,2.3852629965429,2.18876280652648,,,3.96493404683211,4.13515557143346,4.70991018121544,6.06530712189047,7.73933659186341,8.16152739460037,8.93183741773968,10.1271102617875,,,,,11.1680756933302,11.6310160720888,13.0374853961498,13.7462680956294
624.999999999906,2.40586283391565,2.21018537099694,,,3.9009901805118,4.15863377590283,4.76667460528065,6.0178566877554,7.85052875789153,8.23719774604327,8.9493478767505,10.114600461447,,,,,11.1999326605733,11.5809272621183,13.0741388324303,13.8024091418592
625.599999999906,2.42646637557764,2.23160969748959,,,3.83704822787675,4.18211326903489,4.83898993721622,5.97040544374918,7.92190631065492,8.28495820522363,8.94964549881349,10.1020914957484,,,,,11.2196388820858,11.5754443774229,13.1107906556468,13.8585477852232
626.199999999906,2.44707362867452,2.25303576611826,,,3.77310816384731,4.20559403154235,4.91130315100407,5.92295337937104,7.97568497376064,8.32369742833188,8.94994666007387,10.0895833657442,,,,,11.235137236345,11.5699570169391,13.1474408645233,13.9146840031884
626.799999999906,2.46768460034564,2.27446355691951,,,3.70916996323373,4.22907604405784,4.98361423543231,5.87550048407927,8.02738901752684,8.36276455090848,8.95025135629126,10.0770760724923,,,,,11.2506307919499,11.564465174264,13.1840894577829,13.9708177731671
627.399999999906,2.48829929772694,2.29589304985262,,,3.64523360073155,4.25255928713385,5.05592317927063,5.828046747291,8.07709499168318,8.4054983461355,8.9505595831563,10.0645696170545,,,,,11.2661195386968,11.5589688430148,13.2207364341507,14.026949072516
627.999999999906,2.50891772795087,2.31732422479964,,,3.58129905092168,4.2760437412428,5.1282299712678,5.78059215838222,8.12578898231403,8.44695208365762,8.95087133629332,10.0520640004962,,,,,11.2816034663678,11.5534680168223,13.2573817923534,14.0830778785359
628.599999999906,2.52953989814647,2.33875706156536,,,3.5173662882704,4.29952938677699,5.20053460015179,5.73313670668772,8.17752679943758,8.4855950021911,8.95118661126044,10.039559223887,,,,,11.2970825647317,11.5479626893307,13.2940255311193,14.1392041684722
629.199999999906,2.55016581543929,2.3601915398773,,,3.45343528712931,4.32301620404862,5.27283705462975,5.68568038150122,8.21459996515247,8.51942132331274,8.95150540354945,10.0270552883002,,,,,11.3125193914655,11.5424528541975,13.3306676491786,14.1953279195145
629.799999999905,2.57079548695145,2.38162763938573,,,3.38950602173536,4.34650417328978,5.35145002894662,5.63822317207523,8.24437316121948,8.5430297221211,8.9403176822615,10.0145521948129,,,,,11.3200198965709,11.5331606691415,13.367308145263,14.2514491087966
630.399999999905,2.59084101051996,2.40306533966365,,,3.35336353548107,4.36999327465245,5.44374496099016,5.60439600655868,8.26096290203279,8.55368417703481,8.97564685580086,9.9470789628622,,,,,11.3090629956668,11.5921168990893,13.4039470181062,14.3075677133969
630.999999999905,2.61269137228761,2.40654537739639,,,3.39091454367513,4.33427362884652,5.50901366971612,5.60514201666822,8.2397714937931,8.51760241792772,9.01009036814923,9.94431322409957,,,,,11.2996939505218,11.6632252867239,13.448089403232,14.2516927193355
631.599999999905,2.64351796840609,2.41002697481004,,,3.36586936045884,4.29855507521642,5.53661832756896,5.64819142871526,8.15561454388511,8.42907964056378,9.10896694077149,9.98890352958474,,,,,11.2600558654132,11.6763658708692,13.4256172584491,14.1508440386205
632.199999999905,2.6743483471993,2.41351011124868,,,3.34082580878108,4.26283759368319,5.52275036103605,5.69123991312812,8.05896011410234,8.32447974614981,9.23233396862274,10.0334946815245,,,,,11.2295585309422,11.6362341515612,13.4031434866252,14.0499927041175
632.799999999905,2.70518251577071,2.41699476597631,,,3.31578386231544,4.22712116407837,5.5088801518952,5.73428745894689,7.96449435839828,8.21186883762386,9.35570448535877,10.078086681008,,,,,11.2018999369037,11.5960978868293,13.3806680865111,13.949138692689
633.399999999905,2.73602048122173,2.42048091817964,,,3.29074349461096,4.19140576615345,5.49500768871419,5.7773340551772,7.87141082119503,8.10796903685175,9.47907848600363,10.1226795291356,,,,,11.1742364312328,11.5559570704331,13.3581910568489,13.848281981135
633.999999999905,2.76686225065032,2.42396854696814,,,3.26570467910203,4.15569137957979,5.48113296003325,5.82037969078353,7.78015724292394,8.00116692504341,9.60245596551885,10.1672732270117,,,,,11.1465680035787,11.5158116961373,13.3357123963825,13.7474225461999
634.599999999905,2.79770783115102,2.42745763137403,,,3.24066738910837,4.11997798394863,5.46725595437181,5.86342435468921,7.68791421048833,7.89106871089454,9.72583691879982,10.2118677757444,,,,,11.1188946435777,11.4756617577197,13.3132321038571,13.6465603645723
635.199999999905,2.8285572298149,2.43094815035226,,,3.21563159783507,4.08426555877114,5.45337666022845,5.90646803577643,7.59207416383691,7.78292787034559,9.84922134067554,10.2564631764459,,,,,11.091216340853,11.4355072489717,13.2907501780202,13.545695412885
635.799999999905,2.85941045372956,2.43444008278053,,,3.19059727837255,4.04855408347837,5.43949506608089,5.94951072288621,7.50816253999769,7.6828579096586,9.97260922590877,10.3010594302321,,,,,11.0638040645111,11.395348163698,13.2682666176205,13.4448276677154
636.399999999904,2.89026750997918,2.43793340745928,,,3.16556440369659,4.01284353742126,5.41232035157484,5.99255240481843,7.43532918199578,7.58422425778382,10.0937381987598,10.3456565382227,,,,,11.0432090346825,11.372516685338,13.2457814214086,13.3439571055851
636.999999999904,2.92545290636703,2.4414281031117,,,3.15622071797853,3.97713389987064,5.33149345187881,6.04106111060649,7.36415369862836,7.51895231319838,10.1815769163457,10.3968369292792,,,,,11.0522816268016,11.3320512702334,13.2232945881369,13.24308370296
637.599999999904,2.89056317850787,2.38373780006344,,,3.0603446927924,3.94028907075713,5.19604738548302,6.10532061563057,7.30665432292503,7.45264255670398,10.2135608302963,10.4102136278913,,,,,11.0943518114008,11.3035265280228,13.2282499616814,13.2856482663343
638.199999999904,2.82220405468339,2.32604882519367,,,2.98530009733115,3.9034451084513,5.10930143901159,6.14242462531336,7.24379838942239,7.40367006484633,10.1663575472733,10.3390734710527,,,,,11.0840705712857,11.3266990422999,13.2691198386685,13.4025912479891
638.799999999904,2.75384879149071,2.26836115700358,,,2.91025683741635,3.86660199198387,5.08219571534924,6.17952758460227,7.18892172138413,7.36814466859964,10.1065234242864,10.2679341729232,,,,,11.0667214875955,11.3460658822952,13.3099880748687,13.5195313182249
639.399999999904,2.68549739600208,2.21067477390731,,,2.83521488544719,3.82975970030526,5.05508762212054,6.21662948209578,7.14975513096411,7.34337399435833,10.0466927318398,10.1967957346554,,,,,11.0492360912147,11.3654281088734,13.3508546690354,13.6364684532732
639.999999999904,2.61714987528098,2.15298965424178,,,2.76017421371153,3.79291821228579,5.02797714764776,6.25373030634687,7.11586316245483,7.30700983450413,9.98686546423448,10.1256581573923,,,,,11.031745668618,11.3847857159337,13.3917196199294,13.7534026293215
640.599999999904,2.54880623638743,2.0953057762666,,,2.68513479438258,3.75607750671566,5.00086428024173,6.29083004586736,7.07940809648673,7.26929471196593,9.92704161570283,10.054521442281,,,,,11.0142502093093,11.4041386973878,13.4325829263133,13.8703338225018
641.199999999904,2.48046648637799,2.03762311816419,,,2.6100965995189,3.719237562305,4.97374900819254,6.32792868912794,7.04520194678162,7.23404887705456,9.86722118041119,9.98338559047223,,,,,10.9967497027792,11.4234870471608,13.4734445869514,13.9872620088904
641.799999999904,2.4121306323058,1.97994165803964,,,2.53505960106438,3.68239835768381,4.9466313197693,6.36502622455815,7.01225523530628,7.19823363090718,9.80740415245956,9.9122506031207,,,,,10.9792441385049,11.4428307591913,13.5143046006097,14.1041871645079
642.399999999904,2.3437986812205,1.92226137392085,,,2.46002377084827,3.64555987140199,4.91951120322038,6.40212264054635,6.9803605225071,7.17509904950965,9.74759052588168,9.84111648138498,,,,,10.960608764636,11.4621698274311,13.5551629660558,14.2211092653194
642.999999999903,2.27547064016834,1.86458224375842,,,2.38498908058516,3.60872208192933,4.91450397658812,6.43921792543977,6.95449338350108,7.17875802550314,9.69026111798181,9.76998322642749,,,,,10.9488556766698,11.4888692827853,13.5960196820591,14.3380282872341
643.599999999903,2.20004235065559,1.8069042454257,,,2.31157310642845,3.57188496765553,5.00230870795379,6.48584615992419,6.93299149712943,7.17123760473684,9.65205599169602,9.7251466265447,,,,,10.886732931179,11.4981726714858,13.6368747473908,14.4549442061056
644.199999999903,2.05892052559392,1.81461453176338,,,2.30066141669111,3.51989259661639,5.12630819170896,6.42826130182979,6.87713293444437,7.20573821092678,9.6000923925773,9.68600266109617,,,,,10.8376874718544,11.4651915444593,13.5280084097907,14.4926353244086
644.799999999903,1.94127403442336,1.82232590545626,,,2.30585620304606,3.46790085731274,5.20957057009891,6.35795900325502,6.88484196514965,7.26307103927591,9.56426194852754,9.75057087070916,,,,,10.8380008848454,11.4234663610581,13.4465930129604,14.4670998855657
645.399999999903,1.8236314814401,1.83003834413537,,,2.31105201506847,3.4159097278964,5.23796344030784,6.28765552656086,6.93890064427509,7.34625948140658,9.53122540204236,9.81513995180564,,,,,10.857038850475,11.4835894517928,13.3651759617865,14.4415612708963
645.999999999903,1.70599287366931,1.83775182536505,,,2.31624882389708,3.36391918643664,5.26635381143421,6.21735085989084,6.98520907254085,7.43101802129677,9.49819221974196,9.87970990555067,,,,,10.8780897936621,11.5437078627458,13.2837572550424,14.4160194560417
646.599999999903,1.58835821813651,1.84546632663236,,,2.32144660055857,3.31192921092265,5.29474167158923,6.14704499134528,7.02215504616991,7.52197945077519,9.46516239519565,9.94428073312996,,,,,10.899135594447,11.6038215879462,13.2023368915077,14.3904744165771
647.199999999903,1.47072752186379,1.85318182534712,,,2.32664531596496,3.25993977926347,5.3231270088544,6.07673790898338,7.06209856826164,7.6168711315374,9.43213592190699,10.008852435733,,,,,10.9201762421875,11.663930621453,13.120914869964,14.3649261280223
647.799999999903,1.35310079186974,1.86089829884189,,,2.33184494091363,3.20795086928809,5.35150981129036,6.00642960082317,7.10087731132472,7.71155334619921,9.39911279331321,10.0734250145534,,,,,10.9412117262284,11.7240349573386,13.0394911891941,14.3393745658411
648.399999999903,1.23547803516956,1.86861572437196,,,2.3370454460873,3.15596245874534,5.37989006693686,5.93612005484151,7.13963703580221,7.80398139202056,9.36609300278524,10.1379984707883,,,,,10.9622420359012,11.7841345896886,12.9580658479828,14.3138197054419
648.999999999903,1.11785925877495,1.87633407911537,,,2.34224680205405,3.103974525304,5.40826776381288,5.86580925897416,7.17440135158144,7.88659291573038,9.33307654362783,10.2025728056389,,,,,10.9841803305722,11.8442295126023,12.8766388451168,14.2882615221774
649.599999999902,1.00024446969419,1.88405334017292,,,2.34744897926728,3.0519870465527,5.41046554355774,5.7954972011157,7.19541898773631,7.95668052804722,9.29280824773359,10.2671480203104,,,,,10.9913637555056,11.9021278636676,12.795210179384,14.2626999913445
650.199999999902,0.885206980216345,1.89177348456812,,,2.35075960966149,3,5.34145949437473,5.73239047912548,7.22245293791791,8.05089428709513,9.24839949703502,10.2860010816198,,,,,11.0514225280285,12.005728635617,12.7137798495745,14.2371350881845
650.799999999902,0.853924116518358,1.91114528674986,,,2.37492678359755,3.09450977754362,5.22034962002673,5.78358764565236,7.31139498266074,8.14502111040085,9.20078572179441,10.3063348972196,,,,,11.0422652841491,12.1285916932336,12.7074583729759,14.1633893217654
651.399999999902,0.829689878604754,1.93051792608644,,,2.39846760649641,3.18901994208646,5.11303055891437,5.82351069797607,7.39696216529891,8.23598825704914,9.20785749089813,10.298375195598,,,,,11.0472549610688,12.2448111094435,12.6969474532208,14.0811720581362
651.999999999902,0.805459656004724,1.94989137936771,,,2.4220091313088,3.2835304708729,5.02132872144939,5.86343243947366,7.40736730434893,8.30911806429141,9.20955915928631,10.2904163786515,,,,,11.0303424998098,12.255345353249,12.6864348657681,13.9989513475685
652.599999999902,0.781233455708142,1.96926562330818,,,2.44555132791497,3.37804134109106,4.92962425289207,5.90335285783579,7.4119409742454,8.37518121610511,9.21126411748051,10.2824584476093,,,,,11.0113874493436,12.2658748524765,12.6759206094154,13.9167271650825
653.199999999902,0.75701128470258,1.98864063454508,,,2.46909416608042,3.47255252984898,4.83791714111285,5.94327194071015,7.42521005404517,8.43816555284799,9.21297235832234,10.2745014036996,,,,,10.9924271386844,12.2763996013361,12.665404682961,13.834499485641
653.799999999902,0.732793149972156,2.0080163896384,,,2.49263761545601,3.56706401417457,4.74620737396382,5.98318967570326,7.43705178279735,8.49850221527119,9.21468387458627,10.2665452481546,,,,,10.9734615570447,12.2869195940338,12.654887085205,13.7522682841514
654.399999999902,0.708579058497541,2.02739286507087,,,2.51618164557792,3.66157577101564,4.65449493927621,6.02310605038052,7.44992703776721,8.55954826108125,9.21639865898054,10.2585899822104,,,,,10.9544906936236,12.2974348247893,12.6443678149494,13.6700335354653
654.999999999902,0.684369017255955,2.04677003724795,,,2.5397262258677,3.75608777723991,4.5627798248604,6.06302105226614,7.4635121424643,8.62161426562879,9.21811670414704,10.2506356071069,,,,,10.9355145376068,12.3079452878354,12.6338468709976,13.5877952143788
655.599999999902,0.660163033221171,2.06614788249787,,,2.56327132563224,3.85060000963498,4.47106201850597,6.10293466884323,7.46948273683226,8.67469740926228,9.21983800266145,10.2426821240879,,,,,10.916750556403,12.3184509774184,12.623324252155,13.5055532956322
656.199999999901,0.635961113363507,2.08552637707157,,,2.58681691406378,3.94511244490835,4.39988120384562,6.1428468875537,7.4735891595906,8.70357183688527,9.2283041032512,10.2347295344011,,,,,10.9044761573231,12.272599207713,12.6127999572285,13.4233077539102
656.799999999901,0.614145652092643,2.10490549714275,,,2.5951066693813,4.03962505968742,4.34901441489285,6.13752846942135,7.46346293189941,8.68040361223002,9.23553615608775,10.2564714046597,,,,,10.873715319315,12.1758968951921,12.6022739850268,13.3410585638417
657.399999999901,0.617289854039315,2.0498306037474,,,2.58729984852694,3.95527079437268,4.38414909428081,6.0578365044175,7.41114123213662,8.59423925829459,9.29439984724037,10.2420336164403,,,,,10.9631673808364,12.0774273742229,12.6544126275071,13.328399909832
657.999999999901,0.609223667190423,1.99475628795291,,,2.63357564168309,3.87091666154871,4.43430931284402,6.00861316375545,7.27941236391438,8.46747965850902,9.24488327298375,10.1548329604056,,,,,11.0166132652299,11.9826408822057,12.6919862721928,13.3841592980249
658.599999999901,0.601161572363589,1.93968252571347,,,2.67985179913757,3.78656263763199,4.48664995725397,5.95938837458804,7.17770872088358,8.31392923404944,9.23392595419955,10.0676332027206,,,,,11.0705987613957,11.9145145852691,12.7295582360372,13.4399149614355
659.199999999901,0.593103576513727,1.88460929289372,,,2.72612828950045,3.70220869892953,4.5389878360249,5.91016212414644,7.06843558803947,8.14513641026792,9.22297184283171,9.98043434466437,,,,,11.1202593254649,11.8463834806326,12.7671285178582,13.4956668744591
659.799999999901,0.585049686590461,1.82953656528111,,,2.77240508127603,3.61785482166818,4.59132293680003,5.86093439962567,6.95749464535361,7.97663260996205,9.2120209309856,9.89323638750773,,,,,11.1699145099469,11.7782475626319,12.8046971164731,13.5514150114463
660.399999999901,0.57699990953996,1.77446431858577,,,2.81868214285402,3.53350098199472,4.64365524720207,5.81170518817963,6.84703309659613,7.81177253544022,9.20107321070665,9.8060393325255,,,,,11.2195643039087,11.7101068256203,12.8422640307009,13.6071593466921
660.999999999901,0.568954252304944,1.71939252844061,,,2.86495944250941,3.44914715597582,4.69598475483286,5.76247447692105,6.73500469520357,7.64418091126629,9.19012867397405,9.71884318099639,,,,,11.2692086964037,11.6419612639645,12.879829259362,13.6628998544358
661.599999999901,0.560912721824686,1.66432117040127,,,2.91123694840256,3.36479331959804,4.74831144727337,5.71324225292151,6.62345915207437,7.47686621665041,9.17918731270068,9.63164793420294,,,,,11.3188476764717,11.5738108720447,12.917392801279,13.7186365088611
662.199999999901,0.552875325035005,1.60925021994613,,,2.9575146285792,3.28043944876784,4.80063531208379,5.66400850321144,6.52220640943439,7.32165505561915,9.16824911873314,9.54445359343156,,,,,11.368358570414,11.5056556442543,12.9549546552758,13.774369284096
662.7999999999,0.544842068868273,1.55417965247633,,,3.00379245097037,3.19608551931157,4.84411324818639,5.61477321478014,6.44292755261211,7.19254632917336,9.15990918176856,9.45726015997257,,,,,11.4221257543549,11.517092509577,12.9925148201782,13.8300981542129
663.3999999999,0.530463226480697,1.49910944331572,,,3.08231692343405,3.11173150697548,4.87177611665179,5.60532843538411,6.40435934249218,7.1133003866129,9.12743559807523,9.36660909321742,,,,,11.4609572963496,11.5686024382456,13.0300732948138,13.8858230932285
663.9999999999,0.507266145585891,1.49890159156606,,,3.12721889959715,3.14892557234699,4.84555593082764,5.62339084638739,6.36821283154808,7.10225357240648,9.06052240756501,9.34337645381921,,,,,11.474001588405,11.6395807543076,13.0315467335603,13.9960584369423
664.5999999999,0.502052954232491,1.49869404855069,,,3.1025367528815,3.18611950611105,4.80295588507343,5.62818810802481,6.39572224221992,7.14232026153414,9.14661372197629,9.40491384653741,,,,,11.5380002666595,11.6929708519726,13.0096743883383,14.0268899975968
665.1999999999,0.496843931200013,1.49848678935259,,,3.07785461894652,3.22331328375342,4.77815292682355,5.63298377848443,6.45270848955767,7.21043664221789,9.17025682601266,9.46645215178205,,,,,11.6035023569888,11.7162907627203,12.9878003493382,14.0577175488528
665.7999999999,0.491639083400592,1.4982797889866,,,3.05317246516158,3.26050688069993,4.75334706586945,5.63777784455197,6.5379927312636,7.2968077869175,9.19390304703234,9.5279913708487,,,,,11.6767979161475,11.7396058042344,12.9659246153982,14.0885410645176
666.3999999999,0.486438417745893,1.49807302239031,,,3.02849025876983,3.2977002722963,4.72853828962234,5.64257029296984,6.62135296876433,7.39168264883316,9.21755237642843,9.58953150505088,,,,,11.7500879747233,11.7629159710071,12.9440471853543,14.1193605183294
666.9999999999,0.48124194114414,1.49786646442405,,,3.00380796689975,3.33489343380815,4.7037265854755,5.64736111043925,6.7023531601791,7.48225340007789,9.24120480551733,9.65107255570602,,,,,11.8233725216357,11.7862212575391,12.9221680580443,14.150175883971
667.5999999999,0.476049660500102,1.49766008987088,,,2.97912555656519,3.37208634042101,4.6789119408014,5.6521502836203,6.7833288105676,7.57503408253511,9.26486032554915,9.71261452413544,,,,,11.8966515457921,11.809521658344,12.9002872323075,14.1809871350695
668.1999999999,0.470861582715103,1.49745387343662,,,2.95444299466533,3.40927896724029,4.65409434295163,5.65693779913193,6.8619092558544,7.66878741923564,9.28851892770777,9.77415741166428,,,,,11.9699250360868,11.8328171679495,12.8784047069852,14.2117942451961
668.7999999999,0.465677714687012,1.49724778974983,,,2.9297602479847,3.4464712892913,4.62927377925698,5.6617236435519,6.94504643234204,7.75528134026715,9.31218060311073,9.8357012196216,,,,,12.0423785978128,11.856107780896,12.8565204809201,14.2425971878666
669.399999999899,0.460498063310253,1.4970418133618,,,2.90507728319317,3.48366328151924,4.59120650937079,5.66650780341688,7.02194019505732,7.84761421691003,9.32308411882914,9.89724594934032,,,,,12.106999735783,11.8307366233333,12.8346345529569,14.273395936541
669.999999999899,0.464412258134259,1.49683591874659,,,2.84949649515474,3.52085491878922,4.57643249158639,5.68979856081055,7.02743786856021,7.92778313973904,9.38181092331679,9.94139511059367,,,,,12.2026876293022,11.7648924729294,12.8127469219418,14.3041904646236
670.599999999899,0.49017483407165,1.5942012563445,,,2.83105742065933,3.63029350435455,4.61418378068695,5.75839759269719,7.03665140401191,7.96717144242465,9.44249618618669,9.95556348167432,,,,,12.1510019602665,11.6799143522592,12.7617949043861,14.219133514074
671.199999999899,0.496187595079193,1.69156662444791,,,2.87011498952939,3.73973168446393,4.69119041784415,5.84611895251495,7.0197814805925,7.98434313594065,9.35012247078327,9.90399876593618,,,,,11.9834555377924,11.6258581074712,12.7213472858834,14.2083366029911
671.799999999899,0.502204600277933,1.78893199728271,,,2.90917220583121,3.84916943373003,4.75393415475498,5.93383857351596,7.00229825004936,8.02673348930125,9.291347294319,9.85243497731882,,,,,11.8491496739915,11.6772368050384,12.6808979608796,14.1975353912081
672.399999999899,0.508225856548361,1.88629734901392,,,2.94822903565174,3.95860672669753,4.81667484936506,6.02155644202788,6.97228266128876,8.07967606526746,9.23257513641838,9.80087211718558,,,,,11.7085829692956,11.7286105734895,12.6404469282261,14.1867298518941
672.999999999899,0.514251370764196,1.98366265372929,,,2.98728544497295,4.06804353783101,4.87941248886155,6.10927254434046,6.93937530790329,8.1216322591395,9.1738059877294,9.74931018689263,,,,,11.5680106414134,11.7799794074412,12.5999941867776,14.1759199581753
673.599999999899,0.520281149795712,2.08102788543933,,,3.02634139966216,4.17747984151494,4.94214706040841,6.19698686670228,6.90824227772199,8.16362106455114,9.11503983883946,9.69774918779998,,,,,11.4274326791209,11.8313433015414,12.5595397353907,14.1651056831219
674.199999999899,0.526315200509727,2.17839301807726,,,3.06539686547203,4.2869156120537,5.00487855114864,6.28469939532077,6.87914921954491,8.20788163359587,9.05627668026959,9.64618912127157,,,,,11.2868490711798,11.882702250451,12.5190835729237,14.1542869997488
674.799999999899,0.532353529769615,2.27575802549909,,,3.10445180804054,4.39635082367155,5.06760694820451,6.37241011636222,6.85290923239241,8.25550667954463,8.99751650247465,9.59462998867518,,,,,11.1462598063384,11.9340562488446,12.4786256982364,14.1434638810148
675.399999999899,0.538396144435297,2.37312288148353,,,3.14350619289108,4.50578545051266,5.13033223867733,6.46011901595177,6.81259082039314,8.298048754957,8.93875929584315,9.54307179138249,,,,,11.006429576189,11.9854052914101,12.4381661101905,14.1326362998235
675.999999999898,0.544443051363244,2.47048755973206,,,3.18255998543232,4.61521946664108,5.21870397577789,6.54782608017339,6.74979073798878,8.31353365672,8.88908631028796,9.49151453076903,,,,,10.874982333759,12.0720252970952,12.3977048076493,14.1218042290225
676.599999999898,0.543580425310978,2.5678520338689,,,3.23834284314983,4.72465284604078,5.29202971065222,6.5952380597187,6.73537880522192,8.31397475988911,8.79024042129389,9.50355403232977,,,,,10.6970515894222,12.1744898528495,12.357241789478,14.1109676414039
677.199999999898,0.564511634395909,2.57773034434158,,,3.31353701904151,4.62383414236412,5.37872385332247,6.60340529951038,6.78919328133608,8.34394518739332,8.7452955628946,9.50157446598773,,,,,10.7036258426114,12.2849888450567,12.4289014286339,14.2107000956886
677.799999999898,0.604304583553786,2.58760839770441,,,3.3773408203471,4.52301474965071,5.46923744576067,6.58716452583849,6.88057174166894,8.38365407706184,8.85208301776138,9.55979601050756,,,,,10.8378914851206,12.3691775784398,12.5308375953424,14.2362883417622
678.399999999898,0.644101852368514,2.59748616736463,,,3.44114388982974,4.4221946416798,5.55301427683449,6.57092186071899,6.91763763582918,8.35662243765842,8.95957459245391,9.61801849725774,,,,,10.9284767529312,12.3771385980055,12.6327720430313,14.2618719890478
678.999999999898,0.683903447676114,2.60736362663744,,,3.50494619232681,4.32137379211493,5.6367879234943,6.55467729003426,6.94770991763633,8.31587663364508,9.06706907924943,9.67624192762295,,,,,11.022618712976,12.3850946301385,12.7347047705674,14.2874510101273
679.599999999898,0.72370937631236,2.61724074876077,,,3.56874769255909,4.22055217453953,5.72055837269668,6.53843079962138,6.9813314548442,8.28226383583509,9.17456646807242,9.734466303002,,,,,11.1167549256315,12.3930456696332,12.8366357768241,14.3130253775144
680.199999999898,0.763519645109572,2.62711750689528,,,3.63254835513271,4.11972976245693,5.80432561137614,6.52218237527628,7.0162851247017,8.25355768195896,9.2820667487812,9.79269162479754,,,,,11.2108853795262,12.4009917112847,12.9385650606769,14.3385950636672
680.799999999898,0.803334260896624,2.6369938741244,,,3.69634814453916,4.01890652929036,5.88808962644633,6.50593200275375,7.04989304035501,8.2204482204197,9.38956991116784,9.85091789441612,,,,,11.3050100632758,12.4089327499012,13.0404926210028,14.364160040988
681.399999999898,0.843153230498935,2.64686982345426,,,3.76014702515525,3.91808244838292,5.97185040480008,6.48967966776744,7.08162088282665,8.17600798188903,9.49707594495809,9.90914511326811,,,,,11.3991289654832,12.4168687803045,13.1424184566805,14.3897202818237
681.999999999898,0.882976560738478,2.65674532781379,,,3.82394496124317,3.81725749299764,6.05560793330935,6.47342535598982,7.12270588814063,8.14264478844206,9.60458483981147,9.96737328276784,,,,,11.4930851962501,12.4247997973296,13.2443425665904,14.4152757584652
682.599999999897,0.922804258433778,2.66662036005462,,,3.88774191695042,3.71643163631743,6.10047695165123,6.45716905305223,7.18244259169456,8.13441309113618,9.71228649010141,10.0256024043335,,,,,11.5825021450371,12.3723224201574,13.3462649496146,14.440826443148
683.199999999897,0.964212844600671,2.67649489295113,,,3.92833850536224,3.61560485144509,6.16384681554407,6.44840407182477,7.23215033554329,8.11921653002599,9.84319325470605,10.0751360749,,,,,11.7092001924082,12.336761908111,13.4481856046371,14.4663723080517
683.799999999897,0.917648741391198,2.57426511341014,,,3.90714888128136,3.60521121679306,6.13363086726024,6.42129050663895,7.16035419598683,8.06752164284316,9.89927420192957,10.0805636385751,,,,,11.675701871678,12.3012883041545,13.3930333131198,14.328368154227
684.399999999897,0.846600953773329,2.47203477982266,,,3.79153859313934,3.59481659992967,6.01364655347182,6.36832091322348,7.03214745115384,7.96500834161864,9.85356607328719,10.0314543078198,,,,,11.5855508038364,12.263555083166,13.3010891013706,14.2541815218034
684.999999999897,0.775557560846606,2.36980386475047,,,3.67592718004406,3.58442097370195,5.92507890786156,6.31534927075746,6.93953524712864,7.90194417485755,9.78727496568541,9.9823459348324,,,,,11.5024873590207,12.2562345554338,13.2091431582751,14.1799899858168
685.599999999897,0.704518569416499,2.26757234065894,,,3.56031460558594,3.57402431089228,5.83650793320606,6.26237556467092,6.8545379863982,7.84489370336152,9.72098665570839,9.93323852105977,,,,,11.416638558374,12.2489089836202,13.1171954827304,14.1057935182135
686.199999999897,0.633483986280828,2.16534017993617,,,3.44470083322459,3.56362658420295,5.74793361622589,6.20939978034828,6.76794436045131,7.78125027811753,9.65470113255524,9.88413206794336,,,,,11.3307838845285,12.2415783626487,13.0252460736287,14.0315920908949
686.799999999897,0.562453818233964,2.063107354893,,,3.32908582630495,3.55322776625613,5.65935594362619,6.15642190313284,6.67946145934046,7.71229287016926,9.58841838535525,9.83502657692842,,,,,11.2449233259679,12.2342426874614,12.9332949298642,13.9573856757067
687.399999999897,0.491428072066829,1.96087383776301,,,3.21346954805735,3.5428278295939,5.57077490209124,6.10344191832673,6.59180309556657,7.64505692527392,9.52213840317141,9.78592204946411,,,,,11.1590568711624,12.2269019530138,12.8413420503328,13.8831742444389
687.999999999897,0.420406754566897,1.85863960070254,,,3.09785196159741,3.53242674667825,5.48219047828447,6.05045981119094,6.50574662346088,7.59009397819976,9.4558611750005,9.73681848700347,,,,,11.0731845085688,12.219556154275,12.7493874339319,13.8089577688259
688.599999999897,0.349389872518191,1.75640461579065,,,2.98223302992614,3.52202448989102,5.39360265884845,5.99747556694531,6.41435078127432,7.53609814277454,9.38958668977294,9.6877158910034,,,,,10.9879036716064,12.212205286227,12.6574310795607,13.7347362205466
689.199999999896,0.27837743270128,1.65416885502916,,,2.86661271592987,3.51162103153398,5.34172920473992,5.94448917076852,6.32386569509333,7.47294242871755,9.32336035466946,9.63861426292469,,,,,10.8999610609819,12.2579133950927,12.5654729861202,13.660509571224
689.799999999896,0.20839775970152,1.55193229034263,,,2.7734601703682,3.5012163438288,5.25791988754445,5.88030117986801,6.22729488739455,7.42742130912867,9.24584841958966,9.50074207410317,,,,,10.8060916788899,12.2858485401534,12.473513152513,13.5862777924254
690.399999999896,0.19844058683535,1.55897378395165,,,2.70760668041425,3.59920552760196,5.20873485206166,5.79047035093339,6.1867367683124,7.40166025800941,9.18866090763614,9.4727803460675,,,,,10.8332711776968,12.3035191009356,12.4980081076372,13.6303116014635
690.999999999896,0.204592681298124,1.56601441727185,,,2.67539637854447,3.69719342624871,5.26468651468853,5.78175335591439,6.21123882377838,7.4558897931805,9.14702761923437,9.48172534837219,,,,,10.9079472826935,12.3207637364619,12.5507899531868,13.6294595438949
691.599999999896,0.210749245083271,1.57305416197715,,,2.64318454475436,3.79518001173165,5.29631866879044,5.77303414928153,6.26525174323844,7.53601690881605,9.14443607439175,9.49067132448648,,,,,11.0060943507173,12.3085023067634,12.6035700552928,13.6286022712109
692.199999999896,0.216910284951324,1.58009298968305,,,2.61097114135118,3.89316525595204,5.32794734667635,5.76431271599371,6.31649951529614,7.61546601921331,9.14184720469022,9.49961827588412,,,,,11.1060722924816,12.2962357779253,12.6563484128598,13.627739754764
692.799999999896,0.223075807662158,1.58713087192785,,,2.57875613053336,3.99114913073101,5.35957253484709,5.75558904098271,6.36903073212833,7.70260586705614,9.13926099858951,9.50856620404917,,,,,11.2060442336358,12.2839641450288,12.709125024799,13.6268719658433
693.399999999896,0.229245819972197,1.59416778017254,,,2.54653947438466,4.08913160780958,5.39119421977837,5.74686310913917,6.42311136416169,7.79231730737784,9.13667744448991,9.51751511046949,,,,,11.3060101625172,12.2716874031632,12.7618998900232,13.6259988756821
693.999999999896,0.235420328634409,1.60120368580089,,,2.51432113487423,4.18711265884869,5.42281238792508,5.73813490531258,6.47673133881695,7.88400379234973,9.13409653072535,9.52646499663688,,,,,11.40597006745,12.2594055474311,12.8146730074471,13.6251204554583
694.599999999896,0.24159934039832,1.60823856011941,,,2.48210107385651,4.28509225542917,5.45442702572126,5.7294044143113,6.53043137977641,7.96854325492856,9.13151824556359,9.53541586404698,,,,,11.5059239367455,12.2471185729488,12.867444375987,13.6242366762939
695.199999999896,0.247782862010001,1.61527237435732,,,2.44987925307134,4.38307036905172,5.48603811958006,5.72067162090248,6.59803227632715,8.04644261311229,9.12894257720598,9.54436771419932,,,,,11.6044954562566,12.2348264748457,12.9202139945608,13.6233475092554
695.799999999895,0.253970900212076,1.62230509966662,,,2.41765563414386,4.48104697113697,5.52290700557416,5.71193650981219,6.63473046552794,8.11723130886283,9.12866497070212,9.5533205485973,,,,,11.7041103288103,12.2042223869757,12.9729818620884,13.6224529253535
696.399999999895,0.261905723817273,1.62933670712204,,,2.42036904374279,4.57902203302542,5.59882433883021,5.73210149422881,6.68336277776755,8.19816137380743,9.18463524829551,9.6524489740729,,,,,11.7757342391196,12.1711585322507,13.0257479774911,13.6215528955433
696.999999999895,0.304300197639335,1.68463940757974,,,2.44597453782143,4.55329448393915,5.72397599844648,5.83274650645825,6.77709061516302,8.29875764012914,9.29232881553472,9.72950689306315,,,,,11.7898783119163,12.1464154391629,13.0627744683418,13.6787389797417
697.599999999895,0.354671857649519,1.73994093210967,,,2.57245073721659,4.52756533707521,5.78818226584705,5.90549779583685,6.81794235235911,8.34163850112804,9.39848871800768,9.76624870047,,,,,11.7756426495891,12.1440530592374,13.0945883212084,13.8074634128501
698.199999999895,0.405048061187481,1.79524125154635,,,2.69892498384122,4.50183456355538,5.82603948835367,5.97824670602176,6.79453922053113,8.35724174415214,9.4615711166835,9.80299149816777,,,,,11.7416048079378,12.082931314471,13.1264004187239,13.9361823125941
698.799999999895,0.455428814977196,1.8505403366555,,,2.82539723872957,4.47610213439976,5.86389308495942,6.05099322153813,6.76648697339647,8.36022656317508,9.52465605997269,9.83973528768631,,,,,11.7091599835877,12.0218044171312,13.1582107598173,14.0648956496934
699.399999999895,0.505814125740593,1.90583815812556,,,2.9518674628189,4.45036802054832,5.90174304193614,6.1237373268651,6.73785948072998,8.35826635154441,9.58774353562028,9.87648007055223,,,,,11.6767090296119,11.9606723624517,13.1900193434186,14.193603394825
699.999999999895,0.556204000196141,1.96113468656771,,,3.07833561693179,4.42463219286096,5.93958934553016,6.19647900644066,6.70932522671235,8.35982465772879,9.65083353129748,9.91322584829607,,,,,11.6442519342018,11.8995351456688,13.2218261684596,14.3223055186099
700.599999999895,0.606598445058862,2.01642989251587,,,3.20480166177621,4.39889462211746,5.97743198196696,6.26921824466166,6.67922430748333,8.35906163264046,9.71392603460921,9.94997262245221,,,,,11.611788685536,11.8383927620325,13.2536312338737,14.4510019916135
701.199999999895,0.656997467040331,2.07172374642673,,,3.33126555794543,4.37315527901749,6.01527093745116,6.34195502588378,6.64696714108479,8.35768449336759,9.77702103309414,9.98672039455894,,,,,11.5793192717797,11.7772452068061,13.2854345385958,14.5796927843456
701.799999999895,0.707401072848669,2.1270162186797,,,3.45772726591809,4.34741413418062,6.0531061981666,6.41468933442156,6.59268232013764,8.35716402374594,9.84011851422464,10.0234691661584,,,,,11.5474828501242,11.7160924752663,13.3172360815629,14.7083778672603
702.399999999894,0.75780926918855,2.18230727957693,,,3.58418674605817,4.32167115814633,6.06881150438485,6.4874211545484,6.59281337215916,8.36408085413612,9.90066310120085,10.0602189387966,,,,,11.5275518119487,11.6809925559337,13.3490358617134,14.837057210756
702.999999999894,0.809004522984229,2.23759689934333,,,3.65065252001701,4.29592632137396,6.02713658348688,6.55369205665614,6.59194447326396,8.33652828837308,9.90159628343697,10.0530464959554,,,,,11.551525001838,11.6529071630014,13.3808338779876,14.9657307851756
703.599999999894,0.786262585421967,2.23196443728567,,,3.6520816020486,4.22572869407592,5.8958440155763,6.5809783790974,6.52132223052514,8.26196519319801,9.85481970202379,9.96250395031262,,,,,11.554638636561,11.6102785610999,13.3832446297719,15.0164301373267
704.199999999894,0.751758315467782,2.22633047430448,,,3.57769101009186,4.15552914671038,5.75191874313109,6.57100163023392,6.44944428144762,8.20331121433932,9.77079227295464,9.88064265885522,,,,,11.5031133486204,11.5598346855406,13.3513482770693,14.9597789949178
704.799999999894,0.717258662827256,2.22069498040361,,,3.50329803059857,4.08532764950425,5.64154618796363,6.56102232963496,6.42622078040447,8.12427930279487,9.70509990757732,9.79878237466093,,,,,11.4450317500153,11.591527408461,13.3194501573152,14.9031219941081
705.399999999894,0.682763634189886,2.21505792549893,,,3.42890262337285,4.01512417259645,5.53116985469803,6.55104046137475,6.42549723091358,8.05369103145654,9.63940994829133,9.71692309929358,,,,,11.3843331437502,11.6232149270234,13.2875502694627,14.8464591050367
705.999999999894,0.648273236239646,2.20941927942907,,,3.35450474809075,3.94491868604583,5.4207897293662,6.54105600947979,6.42614818417654,7.98224660865819,9.57372238210185,9.63506483432245,,,,,11.3236282772394,11.6548972365838,13.2556486124607,14.789790297768
706.599999999894,0.61378747565706,2.20377901195538,,,3.28010436431369,3.87471115983113,5.31040579798509,6.53106895793542,6.42478831702825,7.89981323520111,9.50803719595106,9.55320758132068,,,,,11.2629171385292,11.6865743325258,13.2237451852596,14.7331155423108
707.199999999894,0.579306359119202,2.19813709276196,,,3.20570143148844,3.80450156385098,5.20001804655079,6.52107929068581,6.42520294057817,7.81706061431945,9.44235437671487,9.47135134186528,,,,,11.2021997156525,11.7182462102466,13.1918399868116,14.6764348086182
707.799999999894,0.544829893299694,2.19249349145566,,,3.13129590894711,3.7342898679239,5.08962646103856,6.51108699163403,6.42447801673945,7.73638418732399,9.37667391120286,9.38949611753714,,,,,11.1414759966288,11.7499128651565,13.1599330160706,14.6197480665877
708.399999999894,0.510358084868708,2.18684817756605,,,3.05688775590715,3.66407604178833,4.97923102740275,6.50109204464193,6.4438463006757,7.66043404427534,9.31099578615841,9.30764190992101,,,,,11.0809257228223,11.7815742926796,13.1280242719922,14.563055286061
708.999999999893,0.475890940492969,2.18120112054548,,,2.98247693147138,3.59386005510257,4.8575692628498,6.4910944335303,6.43510457480434,7.59290847322711,9.23977424295743,9.22578872060556,,,,,11.0071017600584,11.7854558834828,13.0961137535336,14.5063564368244
709.599999999893,0.437439154376876,2.17555228976901,,,2.91276453266234,3.52364187744486,4.77547688660249,6.47477697505544,6.43531416108848,7.54731106375921,9.17050670258179,9.16480658069247,,,,,10.9014506835044,11.7869117058216,13.064201459654,14.4496514886081
710.199999999893,0.414293032251401,2.12495107250449,,,2.94654797563345,3.53558069198461,4.73931547597561,6.38549440849031,6.46487948672978,7.54261962641387,9.03521052251921,9.15937285870757,,,,,10.7996140241362,11.7969009200413,12.9623073126725,14.3468147505014
710.799999999893,0.372582911856156,2.07434801999446,,,2.96797389221412,3.54751725448314,4.68748287696778,6.28454931465905,6.5313471289205,7.55109831494702,8.97567438331996,9.21620033742502,,,,,10.7698290808139,11.8053909062305,12.9291740066352,14.3265503558499
711.399999999893,0.33087748214525,2.0237431013902,,,2.98939697266147,3.55945153426372,4.61728199874754,6.18360149157761,6.60129060801911,7.58855845084678,8.92733587684522,9.27302884084751,,,,,10.7715334492768,11.7977947578759,12.8960389220764,14.3062797710909
711.999999999893,0.289176749771457,1.97313628575776,,,3.01081717550723,3.57138350058416,4.54707718768887,6.08265092286309,6.6448266757324,7.62576513122624,8.87899962990829,9.32985837057197,,,,,10.7727606114901,11.7901933549558,12.8629020579496,14.2860029657175
712.599999999893,0.247480721380797,1.92252754208593,,,3.0322344591663,3.58331312262213,4.47686842960343,5.98169759208929,6.68505760933289,7.66017755607092,8.83066562878657,9.38668892821029,,,,,10.7739813812351,11.7825866929905,12.8297634132224,14.2657199091819
713.199999999893,0.205789403615848,1.87191683928624,,,3.05364878193892,3.59524036947524,4.40665571027882,5.88074148278894,6.72647814220496,7.70192862409111,8.78233385969321,9.44352051537823,,,,,10.7751957464122,11.7749747675109,12.7966229868641,14.2454305708805
713.799999999893,0.164102803115733,1.82130414619296,,,3.07506010201066,3.60716521016096,4.33643901548173,5.77978257845355,6.76713371001771,7.74478366212418,8.73400430877506,9.50035313369541,,,,,10.7764036949082,11.7673575740613,12.7634807778457,14.2251349201541
714.399999999893,0.122420926516124,1.7706894315631,,,3.09646837745247,3.61908761361668,4.26621833095799,5.67882086253354,6.81158881947726,7.79178821473029,8.6856769621127,9.55718678478537,,,,,10.777605214597,11.7597351081994,12.7303367851399,14.2048329262878
714.999999999893,0.0807437804492447,1.72007266407643,,,3.11787356622061,3.63100754869968,4.19599364243259,5.57785631843813,6.84425184920665,7.83286322483538,8.63735180572044,9.61402147027546,,,,,10.7788914381626,11.7521073654963,12.6971910077209,14.1845245585112
715.599999999892,0.03907137154387,1.66945381233544,,,3.13927562615672,3.64292498418712,4.15368739860305,5.47688892953542,6.86917386711252,7.84829065819643,8.60223065657726,9.67085719179697,,,,,10.7804941519831,11.7337436749526,12.664043444565,14.164209785998
716.199999999892,0.000224419706443935,1.61883284486539,,,3.17017063743478,3.65483988877607,4.10387389678336,5.3406130034611,6.86698644326184,7.85692800731569,8.56171462355055,9.69691699844947,,,,,10.7978443549803,11.717378120158,12.6308940946499,14.1438885778664
716.799999999892,0,1.63784750575693,,,3.1261849429651,3.68191619265423,4.10756236390114,5.35528973058127,6.90290489523598,7.88209883443155,8.666734263727,9.72978591224532,,,,,10.9377303082033,11.728766933993,12.7099757596612,14.1758886492596
717.399999999892,0.0360613320729803,1.65685998775062,,,3.0645103891755,3.70898990279045,4.22629378742549,5.38146111235757,6.9508313558541,7.90425905703768,8.74038256666146,9.71639126942733,,,,,11.0924344613529,11.7323326256777,12.7063184749337,14.1982798208034
717.999999999892,0.0721274277945771,1.67587025912742,,,3.00283253677066,3.73606098763875,4.35480320001587,5.4076295823895,6.94194489294833,7.91836199368865,8.78992915076133,9.70299766919621,,,,,11.2218691913752,11.701308895437,12.7026594003758,14.2206644637475
718.599999999892,0.108198293769798,1.69487828810356,,,2.94115134302214,3.76312941557579,4.48330852251841,5.43379512383734,6.93766993029668,7.93543780879456,8.839477839821,9.6896051132109,,,,,11.3547087623754,11.6702798620562,12.6989985349871,14.243042546989
719.199999999892,0.144273936606711,1.71388404281799,,,2.87946676508363,3.79019515489812,4.61180974051037,5.45995771982228,6.94152568807838,7.96066851754513,8.88902861939515,9.67621360312592,,,,,11.4875418070815,11.6392455212062,12.6953358777538,14.2654140393678
719.799999999892,0.180354362909947,1.73288749133242,,,2.8177787599942,3.81725817382216,4.74030683954989,5.48611735342436,6.94627275548298,7.98574835003844,8.9385814749679,9.66282314059963,,,,,11.6203683132474,11.6082058685653,12.6916714276642,14.2877789096681
720.399999999892,0.216439579280672,1.75188860163128,,,2.75608728467826,3.84431844048426,4.86879980517431,5.51227400768248,6.95032729605301,8.01048819493774,8.98813639195706,9.64943372729429,,,,,11.7531882686141,11.5771608998248,12.6880051837079,14.3101371266182
720.999999999892,0.252529592316615,1.77088734162177,,,2.69439229594554,3.87137592294066,4.99728862290005,5.53842766559439,6.95304911439671,8.03155701104072,9.03769335571419,9.63604536487603,,,,,11.8860016609097,11.5461106106896,12.6843371448764,14.3324886588911
721.599999999892,0.288624408612049,1.78988367913381,,,2.63269375049116,3.89843058916747,5.12577327822273,5.56457831011665,6.96304792527787,8.06046669118892,9.08725235152451,9.62265805501485,,,,,12.0190998841284,11.5150549968779,12.6806673101629,14.3548334751039
722.199999999891,0.324724034757798,1.80887758192008,,,2.57099160489556,3.92548240706073,5.25561688001783,5.59072592416474,7.00618844869521,8.12888896187929,9.11773047832301,9.60927179938463,,,,,12.1643952146881,11.5366191211284,12.6769956785622,14.377171543818
722.799999999891,0.361473388675857,1.827869017656,,,2.53555294310503,3.95253134443634,5.38815708845201,5.69382131561375,7.07181836354151,8.21858438538771,9.21054033182935,9.63415572509133,,,,,12.2971228307003,11.5372318555483,12.6733222490711,14.3995028335393
723.399999999891,0.423026073573691,1.85271069134181,,,2.53103745011072,4.01069216551205,5.47838733880302,5.74745568691513,7.06826824147485,8.25104194439451,9.18485622671101,9.69454891534517,,,,,12.2653249530988,11.4920471660863,12.6166053840135,14.3772537563566
723.999999999891,0.481740639646688,1.8775498330974,,,2.65195385946569,4.06885004146727,5.47596241991776,5.86109497630586,7.03150499679803,8.29922188704942,9.16037330461988,9.83114179146502,,,,,12.1334963743457,11.4497979494663,12.5990848926776,14.3157771840689
724.599999999891,0.54046004189828,1.90238641036533,,,2.77286649387744,4.12700493987199,5.48628599311586,5.97473116648356,7.06995263193195,8.35822513669929,9.16308871125992,9.96773572856393,,,,,12.0303821461388,11.4851547135837,12.5815626004584,14.2542937379648
725.199999999891,0.599184286902556,1.92722039051199,,,2.89377530933043,4.1851568282217,5.49660531644891,6.08836424014703,7.12660433006784,8.41699812652014,9.16580606027791,10.1043307283213,,,,,11.9234901238098,11.5205061276293,12.5640385063522,14.1928033863346
725.799999999891,0.65791338122964,1.95205174082653,,,3.01468026171717,4.2433056739318,5.50692037526419,6.20199417996484,7.17626029987714,8.46685432605478,9.16852533649024,10.2409267924343,,,,,11.8165914397552,11.555852187401,12.546512609364,14.1313060974056
726.399999999891,0.716647331446209,1.97688042852079,,,3.13558130681555,4.3014514443376,5.5172311548905,6.31562096856434,7.22281045004346,8.51741993687636,9.17124652465198,10.3775239226038,,,,,11.7096860815844,11.591192888724,12.5289849085008,14.0698018393498
726.999999999891,0.775386144115483,2.00170642072942,,,3.2564784002888,4.35959410669427,5.52753764063572,6.42924458853182,7.27235590799441,8.56723803397775,9.17396960945192,10.5141221205348,,,,,11.6027740368928,11.626528227437,12.5114554027712,14.0082905802833
727.599999999891,0.83412982579724,2.02652968450976,,,3.37737149768549,4.4177336281769,5.53783981778693,6.54286502241234,7.32236172116287,8.61993748817365,9.17669457551254,10.6507213879361,,,,,11.4958552932625,11.6618581993922,12.4939240911853,13.9467722882666
728.199999999891,0.892878383047798,2.05135018684191,,,3.49826055443953,4.47586997588046,5.54813767161032,6.65648225270986,7.37493507091585,8.66759671078796,9.17942140739007,10.7873217265202,,,,,11.3885258446472,11.6971828004549,12.4763909727551,13.8852469313045
728.79999999989,0.951631822420039,2.07616789462872,,,3.61914552587021,4.53400311681985,5.54515579050372,6.77009626188716,7.38691358758321,8.6785668546418,9.19605364952194,10.9239231380036,,,,,11.2681528496519,11.6807674008815,12.4588560464944,13.8237144773463
729.39999999989,1.00580388764351,2.10098277469577,,,3.70136369824798,4.59213301792982,5.55484354284506,6.82928487791402,7.36817916866695,8.66580588479532,9.1636410090665,11.0478463276187,,,,,11.1598123085713,11.6551354429112,12.4413193114186,13.7621748942853
729.99999999989,1.02013268317193,2.16268211652931,,,3.75360711791447,4.57398766684191,5.55195319126322,6.79210956144676,7.40926888293504,8.71723682012979,9.22868394553269,11.0830599379373,,,,,11.1820795653443,11.67162015551,12.4953137618532,13.7751314567291
730.59999999989,1.03076359677095,2.22437856406923,,,3.71318199818127,4.55583900953988,5.55244741847176,6.75962253153965,7.46521204454983,8.74895759794285,9.33086741040076,11.001026721398,,,,,11.2734331290729,11.7082445587175,12.5826110098533,13.8050413882579
731.19999999989,1.04139941866798,2.28607208390262,,,3.67275261323829,4.53768701273212,5.54634569908334,6.72713220995285,7.46497689559311,8.76385823044916,9.42243430110377,10.9189945846413,,,,,11.32994072178,11.7013064491047,12.6699064461007,13.8349440940336
731.79999999989,1.0520401553993,2.34776264254603,,,3.63231891784848,4.51953164303299,5.54023956752523,6.69463857894256,7.43999209441392,8.76271990580744,9.51400296356733,10.8369635294246,,,,,11.3908233002127,11.6943629440653,12.7572000696116,13.864839541724
732.39999999989,1.0626858134971,2.40945020643878,,,3.59188086664321,4.50137286697674,5.53412900891886,6.66214162072467,7.414460006769,8.76773310622544,9.60557338188565,10.7549335574875,,,,,11.4516990798875,11.6874140395662,12.8444918794099,13.8947276989443
732.99999999989,1.07333639949009,2.47113474194289,,,3.55143841413917,4.48321065101751,5.5280140083636,6.62964131747394,7.39250379541142,8.77308772044549,9.69714554008477,10.6729046705738,,,,,11.5125680482665,11.6804597315799,12.9317818745213,13.9246085332539
733.59999999989,1.08399191990356,2.53281621534316,,,3.5109915147384,4.46504496152935,5.52189455093798,6.59713765132394,7.36758828405485,8.78077979553307,9.78871942212444,10.5908768704308,,,,,11.5734301927994,11.6735000160925,13.019070053973,13.9544820121567
734.19999999989,1.09465238125933,2.59449459284713,,,3.47054012272832,4.44687576480619,5.51577062169967,6.56463060436713,7.34108818857667,8.78076075848692,9.8802950118981,10.50885015881,,,,,11.6342855009224,11.666534889103,13.1063564167943,13.9843481031009
734.79999999989,1.10531779007578,2.65616984058505,,,3.43008419228165,4.42870302706187,5.50964220568551,6.53212015865481,7.30113914862861,8.77456095704457,9.97187229323296,10.4268245374667,,,,,11.694091775617,11.6595643466243,13.1936409620157,14.014206773479
735.399999999889,1.11598815286782,2.71784192460996,,,3.38962367745648,4.41052671443012,5.49621026767884,6.49960629619709,7.27043972535925,8.77095610157282,10.0657543589639,10.3448000081598,,,,,11.7517955247676,11.6692572370627,13.2809236886699,14.0440579906279
735.999999999889,1.13010841463742,2.7795108108976,,,3.3847317693064,4.39234679296454,5.47716153155198,6.46605426202781,7.27019833450939,8.76917655199336,10.1130794541869,10.2423462791349,,,,,11.814673165545,11.757449598539,13.3682045957909,14.0739017218287
736.599999999889,1.08684734666312,2.66529899178007,,,3.37442387837138,4.36881397530004,5.45460491396735,6.53355564296217,7.23712112510532,8.70489841063716,10.0655207846514,10.2718296252805,,,,,11.8125383898337,11.8317939144107,13.3532764694451,14.0412226816851
737.199999999889,1.01242947511325,2.55108390661256,,,3.31549087374294,4.34527748066767,5.42451201241034,6.51077343900764,7.18280558713608,8.61831120719379,9.96475097215867,10.3829860525201,,,,,11.779454490117,11.8706914984864,13.3361933331878,14.0297751162655
737.799999999889,0.938016583558424,2.43686552117153,,,3.25655309981286,4.32173727488174,5.36825823225851,6.48798774592012,7.13997783741103,8.51163961030474,9.87407650088813,10.4941435788866,,,,,11.7335227908234,11.8728357442097,13.3191083745098,14.0183199664113
738.399999999889,0.863608678502069,2.3226438011237,,,3.19761051007494,4.29819332367544,5.31199987510893,6.4651985455207,7.10524630825878,8.43207047465843,9.783403622752,10.6053022061432,,,,,11.6845493277893,11.8749745507938,13.3020215924524,14.0068571991771
738.999999999889,0.789205766438405,2.20841871205855,,,3.13866305789935,4.27464559270188,5.25573692585727,6.44240581957263,7.07092067397168,8.35487729039913,9.69273232111164,10.7164619360725,,,,,11.6355689273585,11.8771079143518,13.2849329860585,13.9953867815659
739.599999999889,0.714807853858215,2.09419021948829,,,3.07971069654162,4.25109404753406,5.19946936937351,6.419609549798,7.03565559634839,8.27617732910472,9.60206257926406,10.8276227704606,,,,,11.5865815768488,11.8792358310033,13.2678425543725,13.9839086805246
740.199999999889,0.64041494724882,1.97995828884789,,,3.02075337914261,4.22753865366487,5.14319719050679,6.39680971787775,7.00231155466553,8.19454364115905,9.51139438043993,10.9387847110977,,,,,11.5375872635639,11.8813582968815,13.2507502964404,13.972422862945
740.799999999889,0.566027053094093,1.86572288549504,,,2.96179105872854,4.2039793765071,5.08692037408538,6.37400630545168,6.96861766713612,8.11689564986083,9.42072770780369,11.0499477597777,,,,,11.4885859747945,11.8834753081328,13.2336562113102,13.9609292956629
741.399999999889,0.491644177874463,1.75148397471018,,,2.90282368821098,4.18041618139343,5.03063890491667,6.35119929411844,6.94685169832703,8.0485799081357,9.33006254445349,11.1611119182985,,,,,11.4411629346679,11.885586860917,13.2165602980313,13.9494279454584
741.999999999888,0.417266328066903,1.63724152169652,,,2.84385122038683,4.15684903357645,4.9956388798511,6.32838866543551,6.95674324065067,7.99074030061646,9.22235797465995,11.2722771884618,,,,,11.4048706829651,11.9013209130483,13.1994625556551,13.9379187790562
742.599999999888,0.338201628691041,1.52299549157998,,,2.78721471290035,4.13327789822863,4.954350052999,6.31077269167374,6.95230353806534,7.93520383483272,9.20714461324373,11.3919596715766,,,,,11.349696332376,11.8949710780358,13.1823629832346,13.926401763125
743.199999999888,0.334278496305352,1.55535867890116,,,2.8112288259085,4.09746258616252,4.89214391339285,6.22647048084643,6.92484739365925,7.90179316126987,9.25769382493143,11.3320025539013,,,,,11.2545523199795,11.8762745807895,13.2325487526214,13.9252747882571
743.799999999888,0.356834144699229,1.58771821916685,,,2.91216209337491,4.06164321666794,4.84892588912258,6.1428046007714,6.95891958262393,7.90195383324281,9.31705942256104,11.1582194865053,,,,,11.2295849078675,11.9107182181829,13.2946836928946,13.9281604261473
744.399999999888,0.379394844383511,1.62007407724391,,,3.01309007359017,4.02581975467931,4.82921573324358,6.05913502916529,7.03033399939918,7.95637899853952,9.35046714796904,10.9844375379764,,,,,11.2529326092916,12.025304851599,13.3568168002949,13.9310381141819
744.999999999888,0.401960601812985,1.65242621794924,,,3.11401271876361,3.98999216504871,4.80950083302826,5.97546174737975,7.11115399796493,7.99777700774507,9.38387627985536,10.8106567101567,,,,,11.2741082365788,12.1398860038031,13.4189480738797,13.9339078188063
745.599999999888,0.424531423443931,1.68477460602249,,,3.21492998100421,3.95416041254808,4.78978117313373,5.89178473672533,7.19481375047097,8.0351401900383,9.41728680085903,10.6368770048714,,,,,11.2952767862286,12.2544616710337,13.4810775127107,13.9367695064113
746.199999999888,0.44710731572917,1.71711920612605,,,3.31584181230632,3.91832446186928,4.77005673820053,5.80810397847152,7.27824505077587,8.07366077744685,9.45069869354801,10.4630984239493,,,,,11.3164382454126,12.3690318495577,13.543205115851,13.9396231433315
746.799999999888,0.46968828511808,1.74945998284503,,,3.41674816454963,3.88248427762405,4.75032751284845,5.72441945384659,7.36106403434926,8.11393364372322,9.48411194042396,10.2893209692232,,,,,11.3375926012889,12.4835965356553,13.6053308823656,13.9424686958462
747.399999999888,0.492274338056583,1.78179690068733,,,3.51764898949918,3.84663982434402,4.73059348167632,5.6407311440377,7.44509291651698,8.15784446764517,9.51752652392226,10.1155446425295,,,,,11.3587398410023,12.5981557256203,13.6674548113212,13.945306130179
747.999999999888,0.51486548098716,1.81412992408355,,,3.61854423880534,3.81079106648075,4.71085462926219,5.55703903019083,7.51640672357584,8.19928761286056,9.55094242641204,9.94176944570888,,,,,11.3792923259358,12.7127094157596,13.729576901786,13.9481354124977
748.599999999887,0.53746172034883,1.84645901738706,,,3.71943386400386,3.77493796840566,4.64822233332837,5.47334309341085,7.54513505566398,8.23606492531282,9.62024105338462,9.76799538060563,,,,,11.3876729256624,12.813040406727,13.7916971528301,13.9509565089146
749.199999999887,0.571137917219189,1.87878414487394,,,3.79609289540815,3.73908049441007,4.58693940956125,5.42634556438723,7.62235572064733,8.30831519635177,9.65355326799233,9.60264515411983,,,,,11.4091320678227,12.8963129204094,13.8538155635254,13.9537693854861
749.799999999887,0.611541285088629,1.94392076546926,,,3.7616153705799,3.81782063731123,4.59502597965442,5.45829700345552,7.73823062486042,8.39525680180985,9.64110343297393,9.55699255337532,,,,,11.4796563608327,12.9932495064782,13.8632428802804,14.0442198288056
750.399999999887,0.649832042462686,2.00905334857456,,,3.72285627259114,3.89655633265575,4.60559443203383,5.54049701888885,7.74871716772291,8.45067899769284,9.61586447402176,9.6262272161971,,,,,11.4773126567984,13.0076744117127,13.7700662073245,14.0875881137739
750.999999999887,0.688127921989038,2.07418185822801,,,3.68409135549033,3.97528754447315,4.62263008346735,5.62269313540638,7.72164027855003,8.46164862795363,9.61411406304212,9.69546301817402,,,,,11.4488419598458,12.9830466281547,13.676887691226,14.1309480767236
751.599999999887,0.726428930089866,2.13930625839668,,,3.64532057024073,4.05401423673432,4.63966082069033,5.70488533389778,7.68731449236129,8.49210127183801,9.61236486388121,9.76469996114822,,,,,11.4234711932505,12.9584133228869,13.5837073310827,14.1742996834976
752.199999999887,0.764735073183489,2.2044265129704,,,3.60654386769016,4.13273637333008,4.65668662813358,5.78707359522099,7.65247288416382,8.52488238714012,9.61061685843983,9.83393804698729,,,,,11.3980932071741,12.9337744923175,13.490525125975,14.217642899874
752.799999999887,0.803046357684784,2.26954258576172,,,3.56776119857178,4.21145391807112,4.67370749020832,5.8692579001928,7.61767816710191,8.55550819278599,9.60887002855688,9.90317727756272,,,,,11.3727079886415,12.9091301328604,13.3973410749848,14.2609776915754
753.399999999887,0.84136279000518,2.33465444050594,,,3.52897251350412,4.29016683468804,4.69072339130487,5.95143822958885,7.58124231859006,8.58731803709062,9.60712435600496,9.97241765474987,,,,,11.347315524665,12.8844802409431,13.3041551771959,14.3043040242688
753.999999999887,0.879684376552648,2.39976204086112,,,3.49017776299101,4.36887508683135,4.70773431579275,6.03361456414367,7.54718560050516,8.61851278884164,9.60537982249043,10.041659180428,,,,,11.3219158022435,12.8598248130065,13.2109674316938,14.3476218635653
754.599999999887,0.918011123731714,2.46486535040804,,,3.45137689742167,4.44757863807142,4.72474024802057,6.11578688455058,7.52844526582688,8.6520362658405,9.60363640965339,10.1109018564801,,,,,11.2963138401263,12.8351638455048,13.1177778375655,14.3909311750205
755.199999999886,0.956343037943459,2.52996433265022,,,3.41256986707064,4.52627745189853,4.80145338048226,6.19795517146178,7.5212291871969,8.69359602732691,9.55231114480653,10.1801456847932,,,,,11.276447963813,12.8031552664358,13.0245863938999,14.4342319241343
755.799999999886,0.984981187263733,2.59505895101395,,,3.37943175706896,4.60497149172289,4.8681613199929,6.24045464033,7.43703969529687,8.69611178130408,9.47215574966007,10.2522345690546,,,,,11.2472109936761,12.7128649525659,12.9313930997876,14.477524076351
756.399999999886,0.974359273136581,2.58258765897365,,,3.37530288374759,4.50130644315233,4.87507812574655,6.19144609761374,7.34492845674819,8.66853991837407,9.43795137667494,10.268544710116,,,,,11.1601123433523,12.6184579951428,12.8354858132837,14.4211751334208
756.999999999886,0.968049158211633,2.57011192966097,,,3.37644600917733,4.39763654712449,4.9143442541778,6.17151870723118,7.34503838500827,8.6836627178654,9.43511992359936,10.2788884308956,,,,,11.1079827943302,12.5861935176337,12.8444305778156,14.4198423693713
757.599999999886,0.961744235889979,2.55763172628512,,,3.37758276977808,4.2939617668438,4.97276150999819,6.15158720555572,7.34737593824724,8.71857715333861,9.41844401269336,10.2892333115218,,,,,11.0577359113009,12.5337941421765,12.8533734892025,14.4185009044339
758.199999999886,0.955444512554629,2.54514701196334,,,3.37871311525011,4.19028206540002,5.03117367921605,6.13165157302828,7.34174506937776,8.70429977178599,9.40176911091084,10.2995793539021,,,,,11.007450090822,12.4813892061569,12.862314546522,14.4171507038195
758.799999999886,0.94914999458596,2.53265774973561,,,3.37983699518007,4.08659740580281,5.08958074603037,6.11171179005418,7.33223206340415,8.68639677271882,9.38509519943057,10.3099265599465,,,,,10.9571569074131,12.4289787061264,12.8712537488732,14.4157917326941
759.399999999886,0.942860688360894,2.52016390256468,,,3.38095435903995,3.98290775098172,5.14798269462299,6.09176783699756,7.32138687411849,8.66796869242043,9.36842225936242,10.3202749315694,,,,,10.9068563479539,12.3765626386465,12.8801910953569,14.414423956168
759.999999999886,0.936576600252907,2.50766543333601,,,3.38206515618705,3.8792130637862,5.20637950915483,6.07181969418142,7.31273461548556,8.64549470987024,9.35175027174997,10.3306244706885,,,,,10.856548399311,12.3241410002916,12.8891265850755,14.4130473392957
760.599999999886,0.930297736632026,2.49516230485782,,,3.38316933586408,3.7755133069856,5.264771173766,6.0518673418876,7.29878117467726,8.61838742278456,9.33507921757051,10.3409751792258,,,,,10.8062330483374,12.27171378765,12.8980602171334,14.4116618470762
761.199999999886,0.924024103864831,2.48265447986107,,,3.38426684719906,3.67180844326916,5.32315767257575,6.03191076035681,7.26610575968561,8.57380816232895,9.31840907773511,10.351327059107,,,,,10.7560778273307,12.2192809973229,12.9069919906364,14.4102674444526
761.799999999885,0.91775570831444,2.47014192099947,,,3.38535763920535,3.56809843524602,5.33735767701445,6.01194992978859,7.23049684261433,8.514788216368,9.33877617400935,10.3616801122617,,,,,10.7072213458257,12.1305167183587,12.9159219046922,14.4088640963126
762.399999999885,0.909377701152167,2.45762459084946,,,3.3464499316989,3.4643832454452,5.3738256400904,5.97792520914334,7.22231768941931,8.42782478120787,9.40405124081627,10.3489779739721,,,,,10.6536462281395,12.0523981041005,12.9248499584102,14.407451767488
762.999999999885,0.901151663634626,2.37201203701956,,,3.38506175387219,3.51519330471052,5.44770775255482,5.96244563630479,7.20315935840375,8.37255582200382,9.44657821242974,10.3421137622233,,,,,10.7279545021787,11.9782934688031,13.0701539865777,14.4070276289097
763.599999999885,0.870703721700699,2.2863946368084,,,3.37829000502015,3.56599810704545,5.46294035048087,5.90068845561853,7.11780567774359,8.25328392968254,9.49071479704903,10.2699962585622,,,,,10.7509712238462,11.8929970451325,13.1483273366872,14.3638799629097
764.199999999885,0.840261042397334,2.20077235257462,,,3.3715113317377,3.6167976147092,5.41238808243198,5.83892694627269,7.00155121670313,8.11471299625479,9.53226200421465,10.1978799359193,,,,,10.7616277860166,11.8310388483535,13.2264988237842,14.3207232103788
764.799999999885,0.809823632074652,2.11514514658564,,,3.36472568247366,3.66759178991035,5.36183055284657,5.77716108826991,6.89286790160905,7.99957597739283,9.57381000979822,10.125764796256,,,,,10.7737355505973,11.7690750537831,13.3046684469978,14.2775573359343
765.399999999885,0.779391497075087,2.02951298103163,,,3.35793300555346,3.71838059477743,5.3112677457105,5.71539086156284,6.78684192480629,7.88524249182815,9.61535879424735,10.0536508415251,,,,,10.7858358071963,11.7071056581119,13.382836205446,14.2343823041298
765.999999999885,0.748964643737612,1.94387581802548,,,3.35113324918792,3.76916399135884,5.26069964497619,5.65361624606298,6.68232453606576,7.77468945107117,9.65690833794287,9.98153807368341,,,,,10.7979285425474,11.6451306580486,13.4610020982482,14.1911980794633
766.599999999885,0.718543078397753,1.85823361960284,,,3.34432636147318,3.81994194162289,5.21012623457516,5.59183722164069,6.57565907983818,7.66613340632251,9.6984586211993,9.90942649469141,,,,,10.8100137433712,11.5831500503148,13.5391661245259,14.1480046263771
767.199999999885,0.688126807387585,1.77258634772211,,,3.33751229039075,3.87071440745777,5.15954749841817,5.53005376812516,6.47359998755941,7.56051492194859,9.74000962426493,9.83731610651362,,,,,10.8220913963752,11.5211638316459,13.6173282834019,14.1048019092577
767.799999999885,0.657715837035736,1.68693396426441,,,3.33069098380747,3.92148135067157,5.10896342039503,5.46826586530444,6.38642438553621,7.47523514570416,9.78156132732178,9.76520691111839,,,,,10.8346972542658,11.4591719987904,13.6954885740011,14.061589892436
768.399999999884,0.627310173667384,1.60127643103361,,,3.32386238947554,3.97224273299229,5.07629024241687,5.40647349292543,6.31161341272258,7.42096192728051,9.81084632683234,9.69309891047792,,,,,10.8524094850791,11.4749633654176,13.7736469954499,14.0183685401873
768.999999999884,0.60292501560029,1.51561370975634,,,3.37172325293314,4.02299851606781,5.01540735566878,5.38621992041682,6.25621159335365,7.42181723995278,9.81094896136612,9.67257581686649,,,,,10.899841365874,11.5789038794852,13.8518035468764,13.9751378167313
769.599999999884,0.584656709190015,1.58142277627257,,,3.36814321420775,4.00315846520654,4.95657143134912,5.40973053148678,6.20148931891368,7.40280374462705,9.8330260706447,9.62783004016536,,,,,10.8865530546357,11.6681354277631,13.7711636441584,13.9419822885772
770.199999999884,0.581668943599899,1.647226577993,,,3.36470756830874,3.98331273814191,4.91088796439184,5.43344406989029,6.15337604448305,7.43159961160398,9.83398997162092,9.6337036328709,,,,,10.9322914852178,11.7437098482227,13.6749266615274,13.9020716086724
770.799999999884,0.57868651026243,1.71302507638326,,,3.36126442452335,3.96346129629511,4.92929166358031,5.45715305731164,6.14972451253696,7.48270473437583,9.85281478224774,9.63957842826859,,,,,11.004507235134,11.8243082336995,13.5786878062658,13.8621514498838
771.399999999884,0.575709415482587,1.77881823286095,,,3.35781373003049,3.9436041009936,4.94768992381618,5.48085747329196,6.16335369035403,7.56832953740914,9.87164017256937,9.64545442834024,,,,,11.0748949474726,11.9049009857635,13.4824470775115,13.8222217762094
771.999999999884,0.572737665564848,1.8446060087664,,,3.35435543189444,3.92374111348475,4.96608272883093,5.50455729733123,6.17834997423496,7.65550869792711,9.89046612230045,9.65133163508133,,,,,11.1452750051734,11.985488101256,13.3862044744013,13.7822825515907
772.599999999884,0.569771266810237,1.91038836536267,,,3.35088947706481,3.90387229493582,4.98447006234758,5.52825250888831,6.19397829158928,7.73866319541417,9.90929261109275,9.65721005049119,,,,,11.215647394825,12.0660695770326,13.2899599960735,13.7423337399131
773.199999999884,0.56681022551633,1.9761652638356,,,3.34741581237659,3.88399760643396,5.00285190806828,5.55194308738091,6.21044198564082,7.82253284273288,9.92811961853179,9.66308967657303,,,,,11.2860121030021,12.1466454099624,13.1937136416682,13.7023753050067
773.799999999884,0.563854547977258,2.04193666529373,,,3.34393438455011,3.86411700898622,5.02122824967435,5.57562901218555,6.225576191468,7.90576147669446,9.94694712413679,9.66897051533394,,,,,11.3563691162665,12.2272155969279,13.0974654103273,13.6624072106457
774.399999999884,0.560904240483695,2.10770253076838,,,3.34044514019101,3.84423046351954,5.03959907082625,5.59931026263765,6.24194518039081,7.98622907264569,9.96577510736073,9.67485256878489,,,,,11.4258412705321,12.3077801348248,13.0012153011942,13.6224294205487
774.999999999883,0.557959309322866,2.17346282121358,,,3.33694802579031,3.82433793088078,5.03519436775085,5.62298681803146,6.26123812097854,8.03955590151979,9.9749101480242,9.6807358389407,,,,,11.4827210811308,12.3461565092793,12.9049633134141,13.5824418983788
775.599999999883,0.555605216613472,2.23921749750613,,,3.30021943289921,3.80443937183665,5.06221940153893,5.63863505094021,6.26295998462916,8.06125800262014,9.9893450411332,9.64446727168193,,,,,11.50642252722,12.2879853784785,12.8087094461341,13.542444607743
776.199999999883,0.567819796582925,2.23462778950491,,,3.25184637553278,3.84915508014233,5.11392222683871,5.62234298496018,6.29857219518618,8.0912551313817,9.96003215270936,9.7500272847911,,,,,11.4567355791548,12.2437485604051,12.7808733343063,13.6305087353262
776.799999999883,0.586531387197645,2.23003238885916,,,3.2631783517422,3.89386468334838,5.1873794105101,5.62038605253583,6.3873585182386,8.12601691163484,9.96683023702603,9.8433431449526,,,,,11.431194730627,12.2207583823544,12.8387545194906,13.7948272652492
777.399999999883,0.605248379260769,2.22543125622758,,,3.27450224273917,3.93856814196867,5.21768293617512,5.61842434182147,6.49919322084041,8.15816447669119,9.95417458847227,9.93666022991466,,,,,11.3993049597244,12.1778045284007,12.8966338226427,13.9591359172092
777.999999999883,0.623970779041013,2.22082435217793,,,3.28581799442984,3.98326541644951,5.24798084290232,5.61645783190283,6.56971963122183,8.13917306651917,9.94151929285959,10.0299785417139,,,,,11.3637067794057,12.1348450070305,12.9545112428995,14.1234346545759
778.599999999883,0.642698592804901,2.21621163720072,,,3.29712555261729,4.02795646715711,5.27827311421463,5.61448650182725,6.6383459092845,8.11813809269016,9.9288643291808,10.1232980823884,,,,,11.3281007961897,12.0918798152372,13.0123867794166,14.2877234406782
779.199999999883,0.661431826815511,2.21159307170919,,,3.30842486298999,4.07264125437758,5.30855973360566,5.61251033060094,6.7043892367234,8.09981673927498,9.91620967635867,10.2166188539801,,,,,11.2924869965195,12.0489089500236,13.0702604313512,14.4520022387895
779.799999999883,0.680170487332471,2.20696861603934,,,3.31971587112172,4.11731973831694,5.33884068454815,5.61052929718894,6.77337201706994,8.08311078324671,9.90355531324965,10.3099408585348,,,,,11.2568653668241,12.005932408406,13.1281321978621,14.6162710121273
780.399999999883,0.698914580611955,2.20233823044989,,,3.33099852247163,4.16199187910108,5.36911595049405,5.60854338051515,6.84213758639177,8.06472431377456,9.89090121864394,10.4032640981023,,,,,11.2212358935195,11.962950187414,13.18600207811,14.7805297238536
780.999999999883,0.717664112906694,2.19770187512233,,,3.3422727623842,4.2066576367758,5.39938551487441,5.60655255946234,6.89920075423079,8.0395836352857,9.87824737126545,10.4965885747361,,,,,11.1856888716436,11.9199622840905,13.2438700712571,14.9447783370748
781.599999999882,0.736419090465962,2.19305951016086,,,3.35353853608926,4.2513169713068,5.45742419612788,5.60455681287208,6.93805555749224,8.01759200428306,9.90239783256931,10.5899142904937,,,,,11.1560769233982,11.8980779620752,13.3017361764675,15.1090168148413
782.199999999882,0.753347171000075,2.18841109559245,,,3.42474241639208,4.29596984257966,5.46617457278607,5.576486858464,6.99670947885968,8.02607248338563,9.92409003561161,10.6613630085148,,,,,11.1481810913268,11.9641044136985,13.3596003929069,15.2732451201483
782.799999999882,0.73218747281511,2.11534000963405,,,3.47407388498619,4.24674684198124,5.39031371088979,5.54597806119482,7.01123862145858,8.06122345538234,9.9700850585138,10.5877686615038,,,,,11.2666342476732,12.0243623835277,13.3503534291887,15.281742813318
783.399999999882,0.695040091457772,2.04226279387746,,,3.4248014290022,4.19751729763714,5.32917363764218,5.51828154267651,6.98951277965789,8.08534377054407,9.96251967681598,10.4907520901404,,,,,11.2950590477071,12.077855728989,13.2941555713944,15.2019755978153
783.999999999882,0.657898180324429,1.96917940813126,,,3.37552028656417,4.14828116921105,5.28995270378336,5.49058001357623,6.89746186584135,8.069343871236,9.97182519511751,10.3937367661647,,,,,11.2951152098771,12.1447823939945,13.2379558223273,15.1221980984865
784.599999999882,0.620761745650255,1.89608981211339,,,3.32623040234803,4.09903841626814,5.25072596851175,5.46287345252928,6.85110650960411,8.0795355472763,9.98113083160131,10.2967226916582,,,,,11.3041014898154,12.2117033592103,13.1817541811691,15.0424102781213
785.199999999882,0.583630793663823,1.82299396546453,,,3.27693172089571,4.04978899829347,5.21149341510812,5.43516183813036,6.81062266215309,8.09887878362573,9.99043656452404,10.1997098687015,,,,,11.3130798169962,12.2786186217705,13.1255506470942,14.9626120994364
785.799999999882,0.546505330590256,1.74989182774809,,,3.22762418663445,4.00053287469201,5.17225502683669,5.40744514893301,6.77268899938417,8.11880192809251,9.9997423720794,10.1026982993794,,,,,11.3220501777141,12.3455281788251,13.0693452192784,14.8828035250925
786.399999999882,0.509385362651236,1.67678335845024,,,3.17830774387689,3.95127000478862,5.13301078694081,5.37972336344964,6.73191240114217,8.13518994454873,10.0090482323948,10.0056879857802,,,,,11.3310125582525,12.4124320275376,13.0131378968996,14.8029845176952
786.999999999882,0.472270896064991,1.60366851697989,,,3.12898233682098,3.90200034782805,5.09376067864307,5.35199646015151,6.68948784731132,8.15439527721776,10.0183541235315,9.90867892999617,,,,,11.3399669448815,12.4793301650848,12.9569286791369,14.723155039794
787.599999999882,0.435161937046293,1.53054726266867,,,3.07964790955004,3.85272386297496,5.05450468514506,5.32426441746872,6.66301391945544,8.18426138250777,10.0276600234843,9.81167113412364,,,,,11.3496003245405,12.5462225886569,12.9007175651717,14.6433150538828
788.199999999881,0.398058491806475,1.45741955477098,,,3.03030440603271,3.80344050931388,5.01500206950682,5.2965272137902,6.67620617293611,8.23284180993175,9.99611923390339,9.71466460026261,,,,,11.3684007478831,12.5883443688081,12.8445045541866,14.5634645224001
788.799999999881,0.361213594702863,1.38428535246395,,,2.91712310203307,3.75415024584925,5.03054122550891,5.29915443660487,6.67380909189947,8.25915499692712,9.98967957645884,9.66306791623682,,,,,11.3799689671011,12.5802312542623,12.7882896453662,14.4836034077283
789.399999999881,0.358725785219327,1.48596279996469,,,2.83788939962005,3.82969856283266,5.09785941443175,5.37112072262116,6.65946572781241,8.22733718913266,9.93799296716002,9.66489866731759,,,,,11.3280732917654,12.5528755103341,12.8045357180092,14.3672008020287
789.999999999881,0.383923837373101,1.58763367121317,,,2.8862986264431,3.90523988780579,5.11530940580821,5.45943146154959,6.66305871755653,8.2126208352118,9.87100743864891,9.70611146833027,,,,,11.3005174057191,12.5170391284699,12.806955164362,14.2759208307079
790.599999999881,0.409127428122041,1.68929792512018,,,2.93469855177315,3.98077417950809,5.13798363998104,5.54773695262986,6.73800150254763,8.27627927022691,9.78163754145046,9.74732553980131,,,,,11.3125752108292,12.5106865404962,12.8093727104405,14.1846301630171
791.199999999881,0.434336563654747,1.79095552055379,,,2.98308911898031,4.05630139662356,5.16065188772675,5.63603717404192,6.78999133495309,8.35006316553996,9.69226751964118,9.78854088384238,,,,,11.3155936449735,12.5043282219756,12.8117883554389,14.0933287611112
791.799999999881,0.459551250161844,1.89260641630488,,,3.03147027134534,4.13182149775613,5.18331413209996,5.72433210392784,6.83490999151437,8.41325001408416,9.60289735075645,9.82975750257679,,,,,11.3186039748902,12.4979641701859,12.8142020985501,14.0020165870946
792.399999999881,0.484771493830509,1.99425057108702,,,3.07984195203431,4.20733444142962,5.20597035613553,5.81262172038851,6.87846455738559,8.47295156503504,9.51352701226092,9.87097539813173,,,,,11.3216061867318,12.4915943824245,12.8166139389689,13.9106936030159
792.999999999881,0.50999730084447,2.09588794353655,,,3.12820410409865,4.28284018608773,5.22862054284747,5.9009060014837,6.92115150329506,8.53449701024063,9.42415648155298,9.9121945726383,,,,,11.324600266636,12.485218856002,12.8190238758919,13.819359770868
793.599999999881,0.535228677384006,2.19751849221254,,,3.17655667047516,4.35833869009408,5.25126467522888,5.98918492523199,6.9681656255913,8.59820144127076,9.33478573596479,9.95341502823142,,,,,11.327586200727,12.4788375882425,12.8214319085171,13.7280150525884
794.199999999881,0.560465629625942,2.29914217559682,,,3.22489959398596,4.43382991173217,5.27390273625203,6.07745846961084,7.00793915370416,8.65526509383135,9.24541475276215,9.99463676704993,,,,,11.3302531727517,12.4724505764833,12.8238380360446,13.6366594100587
794.79999999988,0.585708163743659,2.40075895209394,,,3.27323281733853,4.50931380920539,5.28661769046236,6.16572661255657,6.99421001046415,8.69854107594898,9.16137447070281,10.0358597912365,,,,,11.3148614874975,12.4643076409008,12.8262422576758,13.5452928051047
795.39999999988,0.611656547043628,2.50236878003121,,,3.33168372906159,4.58479034063703,5.29273854023131,6.23869863768736,6.98062080793047,8.7402889455941,9.07032821179187,10.0372876739674,,,,,11.2957569734872,12.4511889391574,12.828644572614,13.453915199497
795.99999999988,0.678540421651664,2.50911953388236,,,3.42040806140823,4.55101970994857,5.28688874581359,6.32075294234139,7.03539656800217,8.82726141078948,9.0365020323485,10.0542300370627,,,,,11.2716095919286,12.4648413199855,12.795899462666,13.528826129321
796.59999999988,0.716818296217483,2.51586325557758,,,3.41494416532219,4.51724162920301,5.33045809690358,6.37503159386573,7.06122078953328,8.87139888778383,9.07130316185397,10.0461858863497,,,,,11.295650336577,12.4606569413982,12.7873950710627,13.6097269446864
797.19999999988,0.755101777312378,2.52259990323131,,,3.40947033874249,4.48345605630513,5.34558285526926,6.4293047552851,7.03525728315711,8.84318161511193,9.13468099442564,10.0381430296093,,,,,11.2916824532794,12.3693712149762,12.7788887703915,13.6906166443762
797.79999999988,0.793390871098189,2.52932943486184,,,3.40398652382217,4.44966294905781,5.36070143966672,6.48357240433562,7.00189128834441,8.79279460955571,9.19805845159184,10.0301014690085,,,,,11.2889450112843,12.2780797288426,12.7703805598577,13.7714951899367
798.39999999988,0.831685583727598,2.53605180841018,,,3.39849266258077,4.41586226518382,5.37581383292791,6.53783451870667,6.96974950463465,8.74596780943988,9.26143551014876,10.0220612067134,,,,,11.2861993119936,12.1867824804459,12.7618704386731,13.8523625428601
798.99999999988,0.869985921349827,2.54276698174009,,,3.39298869692323,4.38205396232583,5.39092001785832,6.59209107604651,6.93802923673963,8.70267789739004,9.32481214683205,10.0140222448938,,,,,11.2834453414121,12.0954794672304,12.7533584060513,13.9332186645826
799.59999999988,0.908291890110658,2.54947491263809,,,3.38747456863978,4.3482379980464,5.40601997724251,6.64634205396224,6.90963807530024,8.65985765966922,9.38818833831104,10.0059845857232,,,,,11.2806830855315,12.004170686654,12.7448444612076,14.0140635164849
800.19999999988,0.946603496152417,2.55617555881341,,,3.38195021940604,4.31441432982799,5.42111369384421,6.70058743001983,6.87713430037798,8.60999369275723,9.45156406118884,9.99794823137939,,,,,11.2779125303303,11.912856136188,12.7363286033588,14.0948970598921
800.79999999988,0.984920745613983,2.56286887789805,,,3.37641559078295,4.28058291507296,5.43620115040631,6.75482718174407,6.83404536470352,8.5564771743793,9.51493929200222,9.98991318404368,,,,,11.274915426548,11.8215358133169,12.7278108317238,14.1757192560734
801.399999999879,1.02324364463078,2.56955482744674,,,3.37087062421681,4.24674371110355,5.45079588709688,6.80906128661863,6.83500566271454,8.495628958719,9.58877882389519,9.98187944590141,,,,,11.2887751456546,11.7540460096777,12.7192911455228,14.2565300662425
801.999999999879,1.05868065661351,2.57623336493696,,,3.4066713476911,4.21289667516191,5.43389996297546,6.86740125116591,6.83393962888688,8.44315638917928,9.63553878280623,10.0257857595206,,,,,11.3043131616074,11.7109125984644,12.710769543978,14.3373294515574
802.599999999879,1.0026412062421,2.55126498804763,,,3.34603353089835,4.14628739705401,5.38589518460635,6.71913952522121,6.7699915738916,8.34621733752113,9.64653019476527,9.9952567385626,,,,,11.2876975351101,11.6637068126587,12.7202806193278,14.2876394816372
803.199999999879,0.952407840220291,2.52628911381664,,,3.25935225453331,4.07967020121128,5.25780723197217,6.56961006268877,6.72913975621946,8.25448003464946,9.63344231737195,9.97474724563801,,,,,11.2478711741321,11.6503452668945,12.6892126008604,14.2648903043716
803.799999999879,0.902180148262095,2.50130569949607,,,3.17266040485865,4.01304504464213,5.15437890961428,6.42007486282951,6.7257623908694,8.19681476475491,9.59426216005326,9.9542390706889,,,,,11.2200169782474,11.6625509177553,12.6581426647176,14.2421295853973
804.399999999879,0.851958136484522,2.47631470225435,,,3.08595792275264,3.94641188426829,5.05094422324111,6.27053390292156,6.74054424124272,8.14410282903664,9.55508136849394,9.93373221591792,,,,,11.1970683056339,11.6747507814047,12.6270708101364,14.2193572856442
804.999999999879,0.801741811002302,2.45131607918268,,,2.99924474897368,3.87977067693138,4.94750315544457,6.12098716020171,6.75204936861283,8.08379832595461,9.51589991877211,9.91322668353367,,,,,11.1741112210518,11.686944855416,12.5959970363475,14.196573365992
805.599999999879,0.751531177926714,2.426309787295,,,2.91252082416548,3.81312137939293,4.84405568880075,5.97143461186554,6.76271167138041,8.02056202991589,9.47671778689435,9.89272247574856,,,,,11.1511457103595,11.6991331373807,12.5649213425832,14.1737777872646
806.199999999879,0.701326243365581,2.40129578352797,,,2.82578608885714,3.74646394833435,4.74060180586482,5.82187623506752,6.76900578092925,7.95780292815234,9.43753494880099,9.8722195947789,,,,,11.1281717594028,11.7113156249038,12.5338437280776,14.1509705102305
806.799999999879,0.651127013423287,2.37627402474102,,,2.73904048346307,3.67979834035695,4.63714148917113,5.67231200692095,6.77641236602618,7.90040866330634,9.39835138036609,9.85171804284487,,,,,11.1051893540145,11.7234923156038,12.5027641920665,14.1281514956023
807.399999999879,0.600933494200758,2.35124446771631,,,2.65228394828305,3.61312451198194,4.53367472123317,5.52274190449798,6.80297185363354,7.85203998086518,9.35916705739737,9.83121782217057,,,,,11.0823563834714,11.7356632071125,12.4716827337873,14.105320704037
807.999999999878,0.550745691795473,2.32620706915874,,,2.56551642350219,3.54644241965041,4.4307290973359,5.37316590482963,6.8001107133637,7.80182739612236,9.32033875003006,9.81071893498389,,,,,11.0511455630302,11.7162503012884,12.4405993524792,14.082478096136
808.599999999878,0.502294294638803,2.30116178569597,,,2.44780674182334,3.47975201972337,4.35748945320544,5.17184993152003,6.81212226508165,7.73234545868149,9.27904577076433,9.7519130396788,,,,,11.0262371983172,11.686721306383,12.409514047383,14.059623632445
809.199999999878,0.514839998013983,2.34874552187119,,,2.4438265139096,3.64429577146964,4.34884909610037,5.20078543001335,6.84987298616276,7.73108243301869,9.29092617473683,9.828604607688,,,,,11.0733165493099,11.6663525682378,12.3939311669684,14.1181657918788
809.799999999878,0.547914775032449,2.39632128617947,,,2.57389993742839,3.808831128149,4.45031259920813,5.28977504717122,6.89784806235691,7.77151824410054,9.32292753591301,9.90831831462702,,,,,11.1509487450935,11.6574074915798,12.4997413638219,14.1601199749123
810.399999999878,0.580995293227737,2.44388903500193,,,2.70396213096751,3.97335804583522,4.54091444135959,5.3787586748084,6.9182797432976,7.81526411122386,9.35730594923046,9.98803336400478,,,,,11.2255273358952,11.6946300388341,12.6055496346449,14.2020621834555
810.999999999878,0.614081558675911,2.49144872465721,,,2.8340130341116,4.13787648056887,4.63150972690754,5.46773628973797,6.91981727754708,7.86234292257648,9.39168346146938,10.067749758068,,,,,11.2970711374456,11.7318467729781,12.7113559786606,14.2439923778348
811.599999999878,0.647173577453746,2.53900031138666,,,2.96405258635787,4.30238638831044,4.72209843822174,5.55670786874403,6.92792666328728,7.91741394522743,9.42606004797315,10.1474674990678,,,,,11.3686063707485,11.769057691728,12.8171603951183,14.2859105183175
812.199999999878,0.680271355634572,2.5865437513544,,,3.09408072708887,4.46688772494029,4.81268055764881,5.64567338856954,6.93738510711905,7.97432067285116,9.46043568401927,10.2271865892593,,,,,11.440133021518,11.8062627928226,12.9229628832692,14.3278165651153
812.799999999878,0.713374899288271,2.63407900064725,,,3.2240973955725,4.63138044625869,4.90325606751456,5.73463282591631,6.94956514051583,8.02835911076685,9.49481034481904,10.3069070309013,,,,,11.5116510754543,11.8434620740142,13.0287634423661,14.3697104783843
813.399999999878,0.746484214481268,2.68160601527483,,,3.35410253096202,4.79586450798581,4.99382495012394,5.82358615744498,6.96307380285182,8.0788820486866,9.5291840055175,10.3866288262569,,,,,11.5831605182443,11.8806555330683,13.1345620716636,14.4115922182248
813.999999999878,0.77959930727654,2.72912475116945,,,3.48409607229599,4.96033986576171,5.08438718776104,5.91253335977507,6.96042365433523,8.1183067074264,9.56355664119334,10.4663519775925,,,,,11.6544875001657,11.917843167764,13.240358770418,14.4534617446815
814.599999999877,0.812720183733621,2.7766351641862,,,3.61407795849839,5.12480647514633,5.1636862882056,6.00147440948493,6.96960024911463,8.16948719199429,9.60108492307887,10.5460764871787,,,,,11.7307828456873,11.982215817148,13.3461535378872,14.4953190177435
815.199999999877,0.84318986292916,2.8241372101029,,,3.73004282959942,5.28926429161953,5.25552402120319,6.19386346624341,6.9561234480742,8.25178876610234,9.6714367655938,10.6544173329152,,,,,11.7983452879705,12.0455751183106,13.4519463733309,14.5371639973441
815.799999999877,0.864354854520816,2.78030944355881,,,3.77415230545821,5.22320085073343,5.29516298526579,6.26359518425238,6.94435673044225,8.28717553670015,9.68254184631552,10.5969508876544,,,,,11.8570193311725,12.076260705708,13.5390642036879,14.5369322808781
816.399999999877,0.870389411769357,2.73647322121986,,,3.73981655561864,5.15712852760816,5.26182074201249,6.25449185189034,6.90654285295712,8.28673118992836,9.62250638574063,10.5225031297194,,,,,11.8129814230523,12.0713571074754,13.47907899589,14.5132376424865
816.999999999877,0.87642977688022,2.69262849865077,,,3.70546890518066,5.0910472775304,5.22949693813946,6.24538227279388,6.87664895656428,8.28100765685972,9.58912070026128,10.4480567391526,,,,,11.7606513003163,12.0069070852377,13.4190918538259,14.4895305900948
817.599999999877,0.882475955898783,2.64877523132034,,,3.671109292511,5.02495705565957,5.19716638256097,6.23626642335172,6.87248884519791,8.28656175996085,9.55573383884534,10.3736117182474,,,,,11.7107998306785,11.9424512255843,13.359102776792,14.4658110834186
818.199999999877,0.888527954863874,2.60491337462009,,,3.6367376558457,4.95885781707501,5.16482905741494,6.22714427989531,6.8693102767263,8.29331176370536,9.52234577610214,10.2991680692974,,,,,11.6609396349134,11.8779895264001,13.2991117640567,14.4420790821129
818.799999999877,0.894585779810871,2.5610428838643,,,3.60235393330611,4.89274951677594,5.13248494481865,6.21801581871497,6.86665484569521,8.29993253940474,9.48895648658018,10.2247257946005,,,,,11.6110706985883,11.813521985571,13.2391188148898,14.418334545777
819.399999999877,0.900649436771704,2.51716371428999,,,3.56795806289898,4.82663210968148,5.1001340268685,6.20888101605985,6.86427801999614,8.30719374404947,9.45556594476172,10.1502848964582,,,,,11.5611930072574,11.7490486009965,13.179123928563,14.3945774339547
819.999999999877,0.906718931774849,2.47327582105693,,,3.53354998251634,4.76050555063064,5.06777628564006,6.19973984813796,6.85961505997272,8.32015167876005,9.42217412506271,10.0758453771758,,,,,11.511306546462,11.6845693705894,13.1191271043496,14.3708077061341
820.599999999877,0.912794270845341,2.42937915924763,,,3.49912962993564,4.69436979438234,5.03541170318799,6.19059229111617,6.86935994463784,8.33730787679701,9.38878100183285,10.0014072390628,,,,,11.4616995579563,11.6200842922758,13.0591283415247,14.3470253217474
821.199999999876,0.918875460004752,2.38547368386732,,,3.46469694281961,4.62822479561538,5.02747158075971,6.18143832112016,6.85863249591408,8.36292082193924,9.34420699030691,9.92697048443225,,,,,11.4092082245659,11.5704470124798,12.9991276393651,14.3232302401715
821.799999999876,0.929403580407473,2.341559349844,,,3.44949139429549,4.56207050892847,4.95796949544901,6.11619804448642,6.84015650596325,8.33895866001162,9.24747495071683,9.80152773443979,,,,,11.3434515679217,11.5256695172675,12.9391249971492,14.2994224207274
822.399999999876,0.921877191977632,2.37356787330507,,,3.4463853826836,4.53738737552877,4.99119991072052,6.16896077616198,6.83738601418984,8.29752304122565,9.14321183493536,9.78009489226137,,,,,11.2047879543696,11.5034370356889,12.9065253186493,14.2803287283817
822.999999999876,0.912857009707274,2.40556744776299,,,3.45494885171037,4.51269486317476,5.02014646181352,6.18931302781982,6.84736853057167,8.28047947082706,9.10468108329205,9.75514624430458,,,,,11.2101418245584,11.4939334991937,12.9516087635955,14.2868700221619
823.599999999876,0.903842701577346,2.43755802789833,,,3.46349973570877,4.48799292621627,5.04212235566279,6.2096587705881,6.87556793309741,8.25770794283276,9.03979264382921,9.73019898912099,,,,,11.2373830090122,11.5767553419794,12.996690266347,14.2933984557084
824.199999999876,0.894834273592485,2.46953956833005,,,3.47203797176587,4.46328151893159,5.06409130017729,6.22999798039345,6.87526006723612,8.21058767804862,8.97490274553639,9.70525312904387,,,,,11.2586830773205,11.6595713247158,13.0417698261732,14.2999139881142
824.799999999876,0.885831731753571,2.50151202359986,,,3.48056349685652,4.43856059551891,5.08605327726717,6.25033063311469,6.87125739378485,8.16023739988532,8.91001136230481,9.68030866640963,,,,,11.2799742600153,11.7423814454037,13.0868474423611,14.3064165784221
825.399999999876,0.876835082058032,2.53347534817221,,,3.48907624784091,4.4138301100963,5.1080082688203,6.27065670458948,6.86568757754275,8.1085886638119,8.84511846795391,9.65536560355857,,,,,11.3012565425197,11.8251857020764,13.1319231141995,14.312906185619
825.999999999876,0.867844330499846,2.56542949643429,,,3.49757616146458,4.38909001670173,5.12995625670371,6.29097617061432,6.85892429317862,8.06146974567637,8.78022403623692,9.63042394283487,,,,,11.3225299102422,11.9079840927804,13.1769968409787,14.3193827686365
826.599999999876,0.858859483069545,2.59737442269602,,,3.50606317435843,4.36434026929306,5.15189722276353,6.31128900694457,6.85277205365904,8.0087961268339,8.71532804084077,9.60548368658658,,,,,11.3437943485783,11.9907766155758,13.2220686219908,14.3258462863503
827.199999999876,0.849880545754207,2.6293100811901,,,3.51453722303868,4.33958082174807,5.1738311488251,6.33159518929443,6.8315830125773,7.95358411705943,8.65043045538608,9.5805448371656,,,,,11.3650546164276,12.0735632685359,13.2671384565298,14.3322966975803
827.799999999875,0.84090752453746,2.66123642607193,,,3.52299824390691,4.31481162786441,5.16862527625779,6.35189469333698,6.86549844047903,7.88339970175495,8.58765217849184,9.55560739692774,,,,,11.3862343243351,12.1238861503559,13.3122063438912,14.338733961091
828.399999999875,0.830138193423184,2.69315341141969,,,3.50975746727892,4.29003264135963,5.19102843003554,6.37942786518183,6.94818503757663,7.87208497571351,8.57742651123347,9.56905121391078,,,,,11.4648152775378,12.1943431971541,13.3572722833722,14.3451580355912
828.999999999875,0.832219329381109,2.6084550572355,,,3.51775613711988,4.25606353011392,5.07007902804225,6.26529853726038,6.98730301018302,7.88716231769034,8.60774808826187,9.5941720302348,,,,,11.5936588182064,12.2720100438418,13.336178617445,14.3250635188829
829.599999999875,0.833117773105376,2.52374725141755,,,3.48034050009151,4.22208453343998,5.00254547180937,6.24874707902072,6.98822987655538,7.85823020612821,8.61689326988175,9.63940710331787,,,,,11.6323030121841,12.3197406497064,13.2854907869137,14.2839494248509
830.199999999875,0.834022156828003,2.43902994783647,,,3.44291157970149,4.18809560481695,4.95056590966135,6.23218884477479,6.97762121316765,7.83404560217754,8.62748722098374,9.68464359505017,,,,,11.6516286985978,12.3443046322225,13.2348010063978,14.2428220175963
830.799999999875,0.83493248651562,2.35430310026139,,,3.40546931178757,4.154096697642,4.8985791980322,6.21562380996957,6.99446628353125,7.82199470883275,8.6380794223596,9.72988150780267,,,,,11.678865325765,12.3688627336197,13.1841092752077,14.2016812556094
831.399999999875,0.835848768131153,2.26956666238418,,,3.36801363206343,4.12008776523213,4.84658531859805,6.19905195003122,7.00766352611453,7.81018054223628,8.64866984716578,9.77512084395442,,,,,11.7060929062334,12.39341495207,13.1334155926492,14.1605270973205
831.999999999875,0.836771007634085,2.18482058781948,,,3.33054447612809,4.08606876082429,4.79458425301735,6.18247324034476,7.01868451427061,7.79687455724154,8.65925846849266,9.82036160588835,,,,,11.7333114252773,12.4179612857538,13.0827199580297,14.1193595011046
832.599999999875,0.837699210980444,2.10006483010463,,,3.29306177946592,4.0520396375753,4.74257598292769,6.16588765625404,7.0308335679993,7.77697737627522,8.66984525936444,9.86560379599123,,,,,11.7605208681597,12.4425017328649,13.0320223706586,14.0781784252806
833.199999999875,0.838633384122809,2.01529934269976,,,3.2555654774466,4.01800034856187,4.69056048994589,6.14929517306177,7.04390001835853,7.75993889710611,8.680430192739,9.91084741665374,,,,,11.7877212201301,12.4670362916105,12.9813228298467,14.0369838281119
833.799999999875,0.839573533010309,1.93052407898769,,,3.21805550532519,3.98395084678062,4.63853775566785,6.13269576602951,7.06968372468026,7.75005163502202,8.69101324150796,9.95609247027041,,,,,11.8148959128404,12.4915649602111,12.9306213349067,13.9957756678064
834.399999999874,0.840519663588629,1.84573899227404,,,3.18053179824212,3.94989108514807,4.61359563364201,6.11608941037767,7.03658603961721,7.72218361714628,8.7142687509422,10.0013389592397,,,,,11.8400595276256,12.5140144099933,12.8799178851529,13.954553902516
834.999999999874,0.83994487306309,1.76094403578713,,,3.12971756246853,3.91582101650062,4.62860886728273,6.08952212186985,6.95057337824837,7.6613471705941,8.72576370174391,10.066096771784,,,,,11.8040431268629,12.4638785484583,12.8292124799014,13.9133184903372
835.599999999874,0.818080089868211,1.73362345627754,,,3.05745096125966,3.89223210212541,4.72447331607452,6.12715031465427,6.91076335530699,7.62105428364073,8.7590877279995,10.1194584872001,,,,,11.7934195622149,12.4102653993412,12.8377975328912,13.9430386568582
836.199999999874,0.798607320420312,1.70629291323163,,,2.98080609450129,3.86863278617001,4.8303970847157,6.07812167168574,6.96014629905902,7.64743535313568,8.82477361526144,10.1791148645552,,,,,11.7995830438133,12.4152324283711,12.8576163931312,14.0138842389884
836.799999999874,0.779140556411948,1.67895235963393,,,2.90414723219542,3.84502302122829,4.92477868032616,6.0290859805496,7.01838060053347,7.66975066636053,8.91374116697883,10.2387726868968,,,,,11.8167305458936,12.333749942892,12.8774332958343,14.0847160481941
837.399999999874,0.759679803771049,1.65160174840373,,,2.8274743089101,3.82140275981627,5.01915292377546,5.98004321627868,7.06541385486482,7.70051764209025,9.00270667005334,10.298431956641,,,,,11.826865982639,12.2522615568542,12.8972482403209,14.1555340423404
837.999999999874,0.740225068422593,1.62424103238309,,,2.75078725909781,3.79777195436981,5.11351979651602,5.93099335384647,7.1206533517993,7.73284663454309,9.09167009690777,10.3580926762098,,,,,11.8369922099906,12.1707672685903,12.9170612259157,14.2263381792454
838.599999999874,0.720776356288112,1.5968701643368,,,2.67408601709641,3.7741305572447,5.2078792799769,5.88193636818534,7.18143884253923,7.76999478725563,9.18063141990355,10.4177548480284,,,,,11.8471092130803,12.0892670764277,12.936872251945,14.2971284166715
839.199999999874,0.701333673285681,1.5694890969524,,,2.59737051712905,3.75047852071663,5.3022313555663,5.83287223418652,7.24322538381224,7.8096527102628,9.26959061133577,10.4774184745265,,,,,11.8572169770249,12.0077609787074,12.9566813177368,14.3679047123254
839.799999999874,0.681897025329938,1.54209778284015,,,2.52064069330429,3.72681579698115,5.39657600467165,5.78380092670005,7.30458895940877,7.8471685144878,9.35854764343329,10.5370835581372,,,,,11.8673154869285,11.926248973784,12.9764884226207,14.4386670238584
840.399999999874,0.662466418332056,1.51469617453308,,,2.443896479616,3.70314233815373,5.49091320865941,5.73472242053484,7.36133134251846,7.87788445282428,9.44750248835869,10.5967501012977,,,,,11.8769485044963,11.844731060025,12.9962935659283,14.5094153088657
840.999999999873,0.643041858199768,1.48728422448696,,,2.36713780994339,3.67945809626975,5.58419465755381,5.68563669045865,7.45678903169109,7.94332911824281,9.5293093185367,10.6564181064491,,,,,11.8887423962593,11.7939895702739,13.0160967469926,14.5801495248872
841.599999999873,0.628795415320553,1.45986188508029,,,2.36704279388061,3.65576302328445,5.59913167658289,5.64906408756792,7.5750635612082,8.014655472015,9.63302612830866,10.6546966608768,,,,,11.9257172103677,11.7853718305731,13.0358979651486,14.650869629407
842.199999999873,0.640039185970744,1.49217812386168,,,2.36116063862378,3.64770513656438,5.59375971742897,5.61150035211892,7.63593732391176,8.02882409198138,9.69553853913708,10.5844950320694,,,,,11.8196060246504,11.7668899772948,12.9989451167449,14.6385956831312
842.799999999873,0.643277014249321,1.52448387782038,,,2.37981154681274,3.63963632241651,5.49610006344463,5.65557756411432,7.58904598607888,7.97341120396729,9.68925609734195,10.4503302137579,,,,,11.6663430719711,11.7169661479305,12.9228379801517,14.560229658779
843.399999999873,0.646520912988216,1.55677909909051,,,2.39844773339294,3.63155653255248,5.43862368568206,5.69964745087552,7.5139708000243,7.91684026767752,9.67305337144499,10.3161668672266,,,,,11.5127871389846,11.7153047906959,12.8467288786566,14.4818493950294
843.999999999873,0.649770888079605,1.58906373974155,,,2.41706913166516,3.62346571860713,5.38113975057163,5.74370998694731,7.44091597057636,7.85886545108897,9.65684828995743,10.1820049949495,,,,,11.363003346369,11.7136375151237,12.7706178116096,14.4034548491578
844.599999999873,0.65302694541052,1.62133775176571,,,2.43567567482072,3.6153638321352,5.32364823932535,5.78776514685053,7.3637838813342,7.79836782724266,9.64064082458001,10.0478445993908,,,,,11.2132101800664,11.7119643196651,12.6945047783541,14.3250459783699
845.199999999873,0.656289090864537,1.65360108707795,,,2.45426729593626,3.60725082461132,5.26614913314294,5.83181290506489,7.28445618945311,7.73295739963011,9.6244309469451,9.91368568301866,,,,,11.0634076250606,11.710285202795,12.6183897782351,14.2466227398159
845.799999999873,0.659557330321786,1.68585369751599,,,2.47284392797379,3.59912664743003,5.20864241320323,5.87585323602895,7.20202871002389,7.66983602974916,9.60821862861878,9.77952824830515,,,,,10.9135956663229,11.7086001630013,12.5422728105994,14.1681850905902
846.399999999873,0.662831669658952,1.71809553484027,,,2.49140550378067,3.59099125190574,5.15112806066418,5.91988611414012,7.12201490626756,7.609649478893,9.59200384110086,9.64537229772617,,,,,10.7637742888113,11.7069091987859,12.4661538747956,14.0897329877316
846.999999999873,0.666112114749258,1.75032655073399,,,2.50995195608959,3.58284458927277,5.09360605666294,5.96391151375468,7.03708038522215,7.55247511712611,9.57578655582486,9.51121783376149,,,,,10.6141016349979,11.7052123086636,12.3900329701739,14.0112663882232
847.599999999872,0.669398671462491,1.78254669680308,,,2.5284832175186,3.57468661068535,5.02887041094912,6.00792940918773,6.92833295280369,7.47167886828664,9.54761390990232,9.37706485889476,,,,,10.4583518654037,11.684581732544,12.3139100960862,13.9327852489924
848.199999999872,0.669013904263923,1.81475592457621,,,2.49487308486239,3.56651726721758,5.04104557559609,6.03359359978144,6.80431476596383,7.40343846861926,9.47307592919284,9.28163641034856,,,,,10.290007037761,11.6613563867886,12.2377852518862,13.8542895269111
848.799999999872,0.694030565595281,1.82128017244633,,,2.50866355961755,3.55664616844171,5.02790445619723,6.09160964698883,6.73488530900278,7.37734212007594,9.42043462332232,9.19209155298133,,,,,10.3170014123954,11.6335251683562,12.2908395182869,13.8402137310107
849.399999999872,0.734660960783686,1.82779340484061,,,2.58260685373551,3.54676360669303,5.09354814658472,6.0975750624278,6.74414025937846,7.40752931371745,9.43726936955517,9.22752839366031,,,,,10.4127673862982,11.5987420437421,12.4691422773118,13.8835196888677
849.999999999872,0.775297491042958,1.83429557306143,,,2.65653468631203,3.53686953280572,5.09965077133043,6.10353287052312,6.75097353413927,7.46081717517488,9.43993289937586,9.26296673343723,,,,,10.5048083438238,11.5822273859774,12.6474430643222,13.9268109341676
850.599999999872,0.815940162222311,1.84078662832843,,,2.73044698937907,3.52696389753346,5.1057456309861,6.10948304539523,6.74129961162377,7.49660616452996,9.44259375864486,9.29840657478848,,,,,10.5956399939474,11.5657067936805,12.8257418786519,13.9700874235474
851.199999999872,0.856588980170815,1.84726652178402,,,2.80434369486676,3.51704665154985,5.11183270655553,6.11542556111234,6.72946712240261,7.5352188716391,9.4452519183348,9.333847920221,,,,,10.6864621044839,11.5491802654562,13.004038719663,14.0133491136006
851.799999999872,0.897243950734111,1.85373520449332,,,2.87822473459059,3.50711774544836,5.11791197900904,6.12136039170152,6.71574757506228,7.57885919974822,9.44790734934901,9.36929077224553,,,,,10.7772746602724,11.5326477999265,13.1823335867195,14.0565959608649
852.399999999872,0.937905079754372,1.86019262744422,,,2.95209004025136,3.49717712974239,5.12398342929604,6.12728751114867,6.70286256045873,7.6205581437644,9.4505600225245,9.40473513337672,,,,,10.8680776461382,11.5161093957267,13.3606264791869,14.0998279218224
852.999999999872,0.978572373070331,1.86663874154733,,,3.02593954343527,3.4872247548652,5.13004703834517,6.13320689339857,6.6852406764083,7.65852855776018,9.45320990863209,9.44018100613312,,,,,10.9588710468938,11.4995650515057,13.5389173964325,14.1430449528996
853.599999999872,1.01924583651727,1.87307349763601,,,3.09977317561383,3.47726057116998,5.13610278706412,6.1391185123548,6.66507184669062,7.69854683581855,9.45585697837623,9.47562839303712,,,,,11.0495637675792,11.4830147659256,13.7172063378254,14.1862470104673
854.199999999871,1.05992547592702,1.87949684646638,,,3.17359086814389,3.46728452892978,5.13893384336032,6.14502234187986,6.66576676722153,7.75867989029681,9.47739098548044,9.51107729661497,,,,,11.1491392183531,11.4749459298541,13.8954933027363,14.2294340508407
854.799999999871,1.10355252942979,1.88590873871729,,,3.26538445373645,3.45729657833757,5.07725721230557,6.17796951047628,6.71004851862659,7.8163402118319,9.52468803837279,9.55007657324927,,,,,11.2626232503884,11.5105873523508,14.0737782905375,14.2726060302791
855.399999999871,1.09990781386013,1.88140649974587,,,3.29782545667556,3.45399534065217,5.03461049857955,6.1848413432416,6.71823695002664,7.91102323428552,9.5658235693482,9.65172347841935,,,,,11.2764479965394,11.5623219501805,14.1078822979777,14.2645102461761
855.999999999871,1.09339182673317,1.87689270531858,,,3.22367183096059,3.45068209476182,4.96813160422175,6.159523550478,6.69390812256601,7.988557824176,9.54899032975112,9.63275116307426,,,,,11.2140436565288,11.6228527486667,14.0139717122819,14.2562432610244
856.599999999871,1.08688203886123,1.87236730588482,,,3.14950198985518,3.44735679061773,4.9583356822869,6.13419786331463,6.70251478412546,8.02008118971856,9.54080767025667,9.613780374521,,,,,11.1371032394164,11.6580286767673,13.9200591475765,14.2479610833821
857.199999999871,1.0803784560595,1.86783025181443,,,3.07531586416582,3.44401937809243,4.94853178504255,6.10886425541515,6.71948828866295,8.06811362090392,9.53262201723581,9.59481111533109,,,,,11.0614354383093,11.6931986557573,13.8261446032684,14.239663669286
857.799999999871,1.07388108413911,1.86328149339996,,,3.00111338456148,3.44066980697838,4.93871989323825,6.0835227003951,6.73862511184194,8.11611109505385,9.52443334092726,9.57584338805405,,,,,10.9857579301129,11.728362684398,13.7322280787384,14.2313509747174
858.399999999871,1.06738992890775,1.85872098085672,,,2.92689448159644,3.43730802698791,4.92889998761492,6.05817317182889,6.75973231891903,8.16033359255956,9.5162416115053,9.55687719524329,,,,,10.9100706995201,11.7635207614585,13.6383095733692,14.2230229556017
858.999999999871,1.06090499616964,1.85414866432276,,,2.85265908571035,3.43393398775325,4.91907204889255,6.03281564324979,6.7821928782642,8.20389539088954,9.50804679907793,9.53791253945608,,,,,10.8343737312104,11.7986728857216,13.5443890865452,14.2146795678086
859.599999999871,1.05442629172557,1.84956449385888,,,2.7784071272282,3.43054763882654,4.90923605777042,6.00745008814991,6.80719063853348,8.24694228031871,9.49984887368689,9.51894942325356,,,,,10.7586670098503,11.8338190559831,13.4504666176526,14.2063207671524
860.199999999871,1.04795382137287,1.84496841944861,,,2.70413853636033,3.42714892967979,4.89939199492682,5.98207647998022,6.84877113871601,8.28983521964107,9.49164780530761,9.49998784920074,,,,,10.683528821014,11.8689592710525,13.3565421660791,14.1979465093914
860.79999999987,1.04148759090541,1.84036039099822,,,2.62985324320243,3.42373780970492,4.89155391272198,5.95669479215052,6.86472848912559,8.30973940952537,9.46895689155762,9.48102781986653,,,,,10.6066275331606,11.8969508812945,13.2626157312142,14.1895567502286
861.39999999987,1.0248186485732,1.83574035833674,,,2.530318839556,3.42031422821377,4.93301888274238,5.88556063144766,6.83115428978955,8.28950258368816,9.43127012382465,9.46125278572135,,,,,10.5040238755701,11.8847609323285,13.1686873124491,14.181151445311
861.99999999987,0.989395833528768,1.81946559330549,,,2.46359106955756,3.46023818465974,4.9995636586037,5.78863090659385,6.80442265633697,8.18749166353672,9.40383746053524,9.44842342521087,,,,,10.3979960491058,11.8673916499736,13.1124208649319,14.2338958616002
862.59999999987,0.957438629047108,1.8031787234869,,,2.50783881094728,3.50014957798212,5.0558568346911,5.8356920068212,6.8235238321543,8.0912580785458,9.40366030916259,9.50041168451284,,,,,10.4118453955413,11.8386071219853,13.1238839970553,14.2537060194901
863.19999999987,0.925487687592467,1.78687969848074,,,2.55206956930721,3.54004835724302,5.04799983609495,5.88274492064748,6.84524815169997,8.03477024586669,9.40134225663393,9.55240149886176,,,,,10.4585262605211,11.8544146414779,13.1353451434771,14.2735004982257
863.79999999987,0.893543014940729,1.77056846780701,,,2.59628327413576,3.57993447143384,5.04013464939555,5.92978962124556,6.8705478828193,7.97848606436236,9.39902087957755,9.60439287083186,,,,,10.5047281241443,11.8702161989252,13.1468043035807,14.2932792532384
864.39999999987,0.861604616865075,1.75424498090843,,,2.6404798548407,3.61980786946587,5.03226125513914,5.97682608177837,6.89354686966725,7.91952402603966,9.3966961475054,9.65638580301529,,,,,10.5509201115715,11.8860117932204,13.1582614767659,14.3130422398971
864.99999999987,0.829672499135235,1.73790918715048,,,2.68465924071514,3.65966850017031,5.02437963383724,6.02385427536766,6.91470902976575,7.86595156994196,9.39436802986274,9.70838029800807,,,,,10.5971022073502,11.90180142328,13.1697166624341,14.332789413515
865.59999999987,0.797746667517492,1.7215610358214,,,2.72882136093757,3.69951631229824,5.01648976598053,6.07087417509407,6.9359019635536,7.81380295801538,9.39203649602853,9.76037635841009,,,,,10.6432743960141,11.9175850880337,13.1811698599884,14.3525207293494
866.19999999987,0.765827127774676,1.70520047613213,,,2.77296614457177,3.73935125452065,5.00859163203877,6.11788575399702,6.95915046978145,7.76648707356602,9.38970151531549,9.81237398682511,,,,,10.689436662084,11.9333627864247,13.1926210688339,14.3722361426023
866.79999999987,0.73391388566617,1.68882745721639,,,2.81709352056693,3.7791732754284,5.00068521246092,6.16488898507487,6.96925503258034,7.71937572017285,9.38736305697001,9.86437318586077,,,,,10.7351303870026,11.9491345174096,13.2040702883771,14.3919356084198
867.399999999869,0.702006946947901,1.67244192813064,,,2.86120341775755,3.81898232353228,4.97513406407588,6.21188384128475,6.99378102118166,7.69598135100663,9.39956713742214,9.91637395812858,,,,,10.7807690845119,11.9760041677109,13.2155175180263,14.4116190818924
867.999999999869,0.682254764201285,1.65604383785405,,,2.94523100466496,3.85877834726294,4.97880404862985,6.32318108079873,7.09057905250222,7.76151387464093,9.43688017156622,9.92894287620478,,,,,10.8522246953119,12.0029435916825,13.2269627571915,14.431286518055
868.599999999869,0.729577388895182,1.72043839784501,,,3.04069837846624,3.89099039820801,5.02072240025609,6.45899146207727,7.21951812435947,7.89457858651637,9.43795171849072,9.91283894402079,,,,,10.9974442092572,12.0251344408386,13.2720362353265,14.3405500692754
869.199999999869,0.745889135695062,1.78482029438937,,,3.06003995002498,3.92318932139924,5.03674085390235,6.48512772599033,7.27813041870839,7.98743112936863,9.45202365174132,9.87081473315635,,,,,11.0421125162603,12.049194918429,13.265892849624,14.2439523495006
869.799999999869,0.762207208867642,1.84918947621693,,,3.07936375695408,3.95537506502863,5.0826590171803,6.51125550642866,7.27170521036098,8.05109873580894,9.45814348052305,9.8287921060032,,,,,11.0361987689323,11.992483596206,13.2597474716666,14.1473384571849
870.399999999869,0.778531614158365,1.91354589199786,,,3.09866972753138,3.98754757720645,5.12856877708445,6.5373747761676,7.26018225521591,8.10700500597411,9.46425964575732,9.78677106519789,,,,,11.0293963982569,11.9357663005795,13.2536001008823,14.0507083471417
870.999999999869,0.79486235730247,1.97788949032508,,,3.11795778990349,4.01970680596282,5.17447011391122,6.56348550791742,7.25196779075041,8.16833496264933,9.47037211622836,9.7447516133752,,,,,11.0225839806756,11.8790430306173,13.2474507366897,13.9540619741276
871.599999999869,0.811199444031733,2.04222021971422,,,3.13722787210235,4.0518526992478,5.22036300794271,6.58958767434724,7.24600658424347,8.22386527022427,9.47648086065236,9.70273375317372,,,,,11.0157615005898,11.8223137853832,13.241299378509,13.8573992928434
872.199999999869,0.827542880074486,2.10653802860368,,,3.15647990204524,4.08398520493133,5.26624743944025,6.61568124808501,7.23817333534253,8.27987564796832,9.48258584767925,9.660717487236,,,,,11.0089289423879,11.765578563954,13.2351460257622,13.7607202579343
872.799999999869,0.843892671155611,2.17084286535461,,,3.17571380753479,4.11610427080323,5.31212338864417,6.64176620171754,7.2279495330519,8.33234706239527,9.48868704589271,9.61870281820841,,,,,11.0020862904446,11.7088373654201,13.228990677873,13.6640248239897
873.399999999869,0.860248822996543,2.23513467825087,,,3.19492951625898,4.14820984457323,5.35799083577404,6.66784250779051,7.2243823317713,8.38462825893882,9.4947844238101,9.57668974874121,,,,,10.9960762220127,11.6520901888853,13.2228333342667,13.5673129455436
873.999999999868,0.876611341315257,2.29941341549908,,,3.21412695579116,4.18030187387097,5.42287754379561,6.69391013880843,7.24191574388591,8.436488254419,9.48765097874078,9.53467828148853,,,,,10.9900156830429,11.595282484481,13.2166739943705,13.470584577074
874.599999999868,0.888937815948409,2.36367902522862,,,3.19446469778652,4.21238030624595,5.37537523530877,6.65718087192969,7.14501371995928,8.40265386883885,9.42318057611499,9.56426667890445,,,,,10.979321737531,11.5420386751168,13.2105126576132,13.3738396730035
875.199999999868,0.884011367907485,2.34857428046867,,,3.15380134292041,4.14210487373839,5.28838969646311,6.60524317837157,7.01801536227415,8.3277060105873,9.29654090182421,9.60143845261712,,,,,10.8457840946606,11.4828764040863,13.1422566870207,13.4407954446997
875.799999999868,0.914576328286003,2.33345630419956,,,3.13752503542361,4.07181573914434,5.27109456617061,6.53856564921073,6.93282920884905,8.32130337424817,9.13915011646759,9.64407951686649,,,,,10.8104352472658,11.4437540933626,13.1096114177388,13.5203410248015
876.399999999868,0.94514767798753,2.31832504433633,,,3.12123016788695,4.00151284979547,5.2548820740778,6.47187933459816,6.94910892820355,8.34409004095831,9.00521631511226,9.68672219398688,,,,,10.8408988578783,11.4953991385237,13.0769641499002,13.5998699322387
876.999999999868,0.975725422705003,2.30318044869932,,,3.10491666730512,3.93119615292088,5.23866096079057,6.40518420683587,6.97924943133734,8.37417790971182,8.87127850317851,9.72936648665057,,,,,10.8718190938276,11.5470382006073,13.0443148829328,13.6793821212083
877.599999999868,1.0063095681357,2.28802246503159,,,3.08858446056354,3.86086559566958,5.22243120638226,6.33848023818146,7.00661079664179,8.40012759102211,8.73733664871459,9.77201239753494,,,,,10.9027291105577,11.5986712787908,13.0116636162738,13.7588775458546
878.199999999868,1.03690011997346,2.27285104099897,,,3.07223347443297,3.79052112511046,5.2061927909056,6.2717674008514,7.0330660904157,8.42766030869106,8.60339071970771,9.81465992932126,,,,,10.933628892324,11.650298372285,12.9790103493624,13.8383561602661
878.799999999868,1.06749708390865,2.25766612419002,,,3.05586363556952,3.7201626882323,5.18994569439246,6.20504566702101,7.06071997691985,8.4517335534108,8.46944068407876,9.85730908469466,,,,,10.9645184233689,11.7019194803142,12.9463550816393,13.9178179184755
879.399999999868,1.09810046562822,2.24246766211606,,,3.03947487051463,3.64979023194381,5.17368989685384,6.13831500882446,7.08932443534615,8.47615208978961,8.33548650968232,9.89995986634412,,,,,10.9953976879216,11.7535346021159,12.913697812547,13.9972627744602
879.999999999868,1.12871027081564,2.22725560221114,,,3.02306710569513,3.57940370307354,5.1574253782799,6.07157539835476,7.10685971372385,8.48350661768881,8.20152816430677,9.94261227696255,,,,,11.0248397328207,11.8051437369409,12.8810385415296,14.0766906821415
880.599999999867,1.15932650515094,2.21202989183204,,,3.00664026742314,3.50900304836999,5.15005713659203,6.00482680766376,7.07794872679038,8.46832726224922,8.06308522914701,9.98526631924669,,,,,11.0556335417985,11.7965498204635,12.8483772680331,14.1561015953855
881.199999999867,1.19057171285107,2.1967904782583,,,2.99842530510584,3.43858821450153,5.24234961208589,5.96812167581992,7.15734491908413,8.481459328764,8,10.0061564498737,,,,,11.1095021468116,11.8183181479832,12.8157139915049,14.2354954680022
881.799999999867,1.18510121194079,2.24140257073323,,,2.97139424535791,3.44500066280352,5.2609652986025,5.98366624512005,7.25862078832394,8.52511976007847,8.10048948220933,10.0152840957925,,,,,11.2995981945231,11.8744871624384,12.8452318025452,14.2378965126838
882.399999999867,1.16439053460053,2.28600085435407,,,2.9418192412174,3.45139882505403,5.19577154492948,5.98977557373157,7.34928299846609,8.50767432774076,8.24920831873467,10.0215569503021,,,,,11.406881172022,11.9317542020481,12.8491150039321,14.2459261169645
882.999999999867,1.14368630909042,2.33058527615534,,,2.91222486772593,3.45778264766412,5.16456932266244,5.99587580991569,7.35186438798962,8.45519070899514,8.36123129353166,10.0278314473026,,,,,11.4523044117809,11.9075182734974,12.8529962006349,14.2539385417157
883.599999999867,1.12298854107659,2.37515578310755,,,2.88261105062295,3.46415207698174,5.13335825887062,6.00196692552059,7.33449817669156,8.39379915264012,8.47324990267964,10.0341075895106,,,,,11.4982225809486,11.8832763537388,12.8568753921135,14.2619337405237
884.199999999867,1.1022972362184,2.41971232210394,,,2.85297771553268,3.47050705927474,5.10213833339071,6.00804889235126,7.32160645884365,8.33376946720901,8.58526411351114,10.0403853796463,,,,,11.5441303569798,11.8590284421348,12.8607525778241,14.2699116669205
884.799999999867,1.08161240017171,2.46425483996052,,,2.82332478796473,3.47684754073087,5.07090952604602,6.0141216821715,7.30735477220678,8.27248700374206,8.69727389328431,10.0466648204334,,,,,11.5900277239843,11.8347745380434,12.8646277572246,14.2778722743823
885.399999999867,1.06093403858897,2.50878328341601,,,2.79365219331401,3.48317346745777,5.03967181663901,6.02018526670399,7.29486905515112,8.21323092300298,8.80927920919097,10.0529459145997,,,,,11.6359146660586,11.8105146408361,12.8685009297745,14.2858155163294
885.999999999867,1.04026215711915,2.5532975991319,,,2.76395985686079,3.48948478548297,5.00842518495132,6.02623961763023,7.28223560703895,8.15270899365696,8.92128002835674,10.0592286648769,,,,,11.6817911672862,11.7862487498975,12.872372094935,14.2937413461269
886.599999999867,1.01959676140778,2.59779773369241,,,2.73424770377071,3.49578144075392,4.9771696107437,6.0322847065906,7.27925582652708,8.11429918692213,9.03327631784088,10.0655130740004,,,,,11.7281677572225,11.7619768646259,12.8762412521692,14.301649717084
887.199999999866,0.998937857096956,2.6422836336045,,,2.70451565909474,3.50206337913794,4.90387616664022,6.0383205051843,7.31270020078339,8.07680201049439,9.15519909965839,10.0717991447096,,,,,11.7626377176727,11.8218397454049,12.8801084009417,14.3095405824541
887.799999999866,0.975780730922311,2.68675524529789,,,2.65931450238759,3.50833054642225,4.79534483609677,6.0529869162333,7.29094451818562,8.03354889407147,9.24528246007343,10.0696983478249,,,,,11.7719704483934,11.8290301404578,12.8839735407189,14.3174138954351
888.399999999866,0.962237956080894,2.70252628725075,,,2.65636939911678,3.62549687343452,4.73412342565325,5.95814330727175,7.21281668486582,7.93372757679428,9.26316288974169,10.1287886608205,,,,,11.6365951989188,11.7824719381297,12.820767106547,14.2756633709483
888.999999999866,0.958101211774165,2.71828293360615,,,2.68352310514719,3.74264832070594,4.80583503737587,5.92901353301719,7.12126774272405,7.82343680413522,9.27604436410283,10.2070840819423,,,,,11.4822371755186,11.724716760339,12.7863526029026,14.2420921335657
889.599999999866,0.953970981403899,2.73402513056844,,,2.71065661865578,3.85978483375871,4.81884936002575,5.899874354396,7.08821047908547,7.7633533820158,9.33549005883698,10.2853811756504,,,,,11.3805822230033,11.7943484559139,12.7519360886787,14.2085032030556
890.199999999866,0.949847270592837,2.74975282425827,,,2.73776986411354,3.97690635805962,4.83185461826925,5.87072574278698,7.07564468915134,7.71559704662379,9.39493102486395,10.3636799446991,,,,,11.2779598373173,11.8639741538539,12.7175175633421,14.1748965323912
890.799999999866,0.945730084962355,2.76546596071907,,,2.76486276588353,4.09401283899538,4.84485079173431,5.84156766954246,7.0588574747401,7.66135431803672,9.45436722876867,10.4419803918512,,,,,11.1753268829737,11.9335938536225,12.6830970263678,14.1412720744921
891.399999999866,0.941619430130386,2.78116448591702,,,2.79193524821415,4.2111042218726,4.85783786001483,5.81240010597359,7.04358989136178,7.60896003667446,9.51379863708025,10.5202825198731,,,,,11.0726833439368,12.0032075547248,12.6486744772323,14.1076297822222
891.999999999866,0.937515311711416,2.79684834574101,,,2.81898723523915,4.32818045191776,4.87081580268389,5.7832230233504,7.02522069423421,7.55855368720014,9.57322521626151,10.5985863315352,,,,,10.9700292041574,12.0728152566794,12.614249915414,14.0739696083897
892.599999999866,0.933417735316477,2.81251748600271,,,2.84601865097763,4.44524147427725,4.8837845992937,5.75403639290176,7.00418296399826,7.51347275286087,9.63264693270899,10.6768918296116,,,,,10.8673644475729,12.1424169590182,12.5798233403931,14.0402915057472
893.199999999866,0.929326706553149,2.82817185243649,,,2.87302941933402,4.56228723401736,4.8967442293757,5.72484018581537,6.97985853497254,7.46592961539963,9.69206375275295,10.7551990168807,,,,,10.764863710277,12.2120126612865,12.5453947516511,14.0065954269915
893.799999999865,0.925242231025568,2.84381139069951,,,2.90001946409814,4.67931767612428,4.95521774195604,5.69563437323783,6.92831141515352,7.44464437330721,9.75273341260885,10.8335078961242,,,,,10.6708282685227,12.2319780948788,12.5109641486717,13.9728813247639
894.399999999865,0.921725994768838,2.85943604637163,,,2.97168677405752,4.79633274550407,5.01899045739825,5.6587424321765,6.86969427234231,7.460611545057,9.78530907247755,10.8774960031477,,,,,10.571631155118,12.2585944961106,12.4765315309399,13.9391491516499
894.999999999865,0.959482040172048,2.82719243204042,,,3.06180850775251,4.80615031020402,5.18209400538565,5.68616081300278,6.91070158391183,7.56041932183834,9.99207806880507,10.8563123662303,,,,,10.618716343751,12.3265815240088,12.5587718490944,13.9224438607192
895.599999999865,0.990347598168904,2.79493382603556,,,3.14540717549441,4.81595239172462,5.23067882155402,5.71854592148805,7.00394580728446,7.74848093839598,10.1803169410197,10.8430355057979,,,,,10.7543232462292,12.4024584037205,12.6303255828314,13.9070709807966
896.199999999865,1.02121973178199,2.7626601737159,,,3.22898481365521,4.8257389347557,5.32309092988646,5.75092130865803,7.04944747720655,7.89485913512898,10.3513503138308,10.8297603485086,,,,,10.8439176955849,12.3427834110551,12.7018773002794,13.8916798874107
896.799999999865,1.05209844659973,2.7303714203523,,,3.3125413454529,4.83550988388292,5.41549374845123,5.78328694545243,7.08045204978107,8.02532237640716,10.5223785868243,10.8164868971619,,,,,10.9347255189581,12.2831024158417,12.7734270009329,13.8762705329239
897.399999999865,1.08298374820556,2.69806751113835,,,3.39607669398935,4.84526518361184,5.50788725662385,5.81564280277092,7.11482446607535,8.16653902426312,10.6934017258703,10.8032151545631,,,,,11.0255225965498,12.2234154177498,12.8449746842856,13.8608428696436
897.999999999865,1.11387564217947,2.66574839119039,,,3.47959078225178,4.85500477836791,5.60027143376884,5.84798885147201,7.14935559477004,8.30703538116187,10.864419696769,10.7899451235212,,,,,11.1163089121779,12.1637224164319,12.9165203498329,13.8453968498211
