Time (s),"Primary somatosensory area, barrel field (L)","Primary somatosensory area, barrel field (R)","Primary somatosensory area, lower limb (L)","Primary somatosensory area, lower limb (R)",Supplemental somatosensory area (L),Supplemental somatosensory area (R),Olfactory areas (L),Olfactory areas (R),Hippocampal formation (L),Hippocampal formation (R),Cortical subplate (L),Cortical subplate (R),Striatum (L),Striatum (R),Pallidum (L),Pallidum (R),Thalamus (L),Thalamus (R),Hypothalamus (L),Hypothalamus (R)
2.8,0.397992080202544,2.30576005458346,,,3.30172574232263,3.9335897872965,4.44850872908829,5.1211047670504,6.9131526259492,8.08936508988598,10.1347926103432,10.1712210960525,,11.4360337536636,,,12.5762383397004,13.3779155981839,13.6227082401198,15.3595051438206
3.39999999999991,0.598240511680985,2.49124295644181,,,3.1412487533181,3.99508523815496,4.44747650711036,5.1986973869177,6.99213881448183,8.15709371228418,10.2454332583398,10.174369729189,,11.5048354699584,,,12.7017378571324,13.5036746954035,13.8655421153353,15.442829462156
3.99999999999982,0.798488943159422,2.67672585830016,,,2.98077176431356,4.05658068901341,4.44644428513242,5.27629000678499,7.06665332357479,8.21473051794594,10.3560739063363,10.1775183623256,,11.5736371862532,,,12.8272373745643,13.6294337926231,14.1083759905507,15.5261537804914
4.59999999999973,0.998737374637862,2.86220876015851,,,2.82029477530902,4.11807613987187,4.46785441359396,5.42384624203236,7.11129403357483,8.20796917945825,10.450014590133,10.190953630305,,11.6424389025479,,,12.9513681314415,13.8051584751154,14.3512098657662,15.6094780988269
5.19999999999964,0.99309189980016,2.83589057818324,,,2.85761996811088,4.08648178787835,4.43635451276741,5.62636578281283,7.05706581129731,8.18757518492205,10.2642724742434,10.1932246492285,,11.4586586021318,,,12.7909324059372,13.7343573402456,14.2981889755084,15.4829354243166
5.79999999999955,0.987446424962363,2.81949336317945,,,2.89494516091283,4.09623647548331,4.43943748799963,5.5902448716454,7.0165452024018,8.15218755805417,10.1401630977959,10.0458933003999,,11.2748783017154,,,12.6310842168959,13.6200768939955,14.2408636871724,15.3776121577697
6.39999999999946,0.981800950124563,2.80309614817566,,,2.93227035371477,4.10599116308829,4.44252046323187,5.52243296784443,6.98792157765236,8.095643742151,10.0160537213485,9.8985619515713,,11.0910980012991,,,12.4712360278547,13.5003853155184,14.1835383988364,15.2722888912229
6.99999999999936,0.976155475286766,2.78669893317187,,,2.96959554651672,4.11574585069327,4.4456034384641,5.45462106404343,6.95854316723584,8.05171697644542,9.89194434490103,9.75123060274265,,10.9073177008828,,,12.3113878388134,13.3806937370413,14.1262131105005,15.1669656246761
7.59999999999927,0.970510000448969,2.77030171816808,,,3.00692073931867,4.12550053829825,4.44531168759754,5.36233831490618,7.01864672704006,8.11968685845215,9.75388983182968,9.64815468913563,,10.7235374004665,,,12.1721953718903,13.2414722825314,14.0688878221645,15.0616423581292
8.19999999999918,1.06103994291417,2.77790606044001,,,3.07518812578829,4.21485175015522,4.45177465601022,5.21316558354259,7.12438981913119,8.10814192312237,9.80231715792956,9.48323606113413,,10.7797392843165,,,12.2022858760603,13.1028985267136,14.0165087360756,15.050390662221
8.79999999999909,1.15156988537948,2.77621734752227,,,3.14345551225795,4.2366736115599,4.4352855434917,5.26735408805948,7.18540730893948,8.14046263540707,9.83874936186831,9.53904546267474,,10.8359411681669,,,12.2887149446033,13.0206101698664,14.0083654016026,15.1031787470164
9.399999999999,1.2420998278448,2.77452863460452,,,3.2117228987276,4.25849547296449,4.41879643097316,5.34001209066333,7.24212947724731,8.2197538455821,9.87518156580705,9.59485486421565,,10.8921430520172,,,12.3751440131464,12.9392428602407,14.0002220671297,15.1559668318119
9.99999999999891,1.33262977031011,2.77283992168677,,,3.27999028519726,4.28031733436908,4.40230731845461,5.41267009326719,7.30444340561955,8.29153533567292,9.91161376974579,9.65066426575657,,10.9483449358675,,,12.4615730816895,12.8578755506149,13.9920787326567,15.2087549166074
10.5999999999988,1.42315971277543,2.77115120876902,,,3.34825767166692,4.30213919577367,4.39224173013361,5.60195729402326,7.32526316318259,8.26402357291529,9.93442125538289,9.64112187826179,,11.0045468197178,,,12.5059892965689,12.8248821504407,13.9839353981838,15.2615430014028
11.1999999999987,1.31573544081717,2.67647296797796,,,3.33650762162131,4.30135837082078,4.4324094907153,5.87350971835877,7.29671764925083,8.27036106481409,9.94197440439648,9.80925358294133,,10.9957509087224,,,12.5047319707947,12.8697570228688,14.0697899473508,15.2111297726132
11.7999999999986,1.20831116885852,2.58762936156956,,,3.32475757157554,4.39056613521534,4.42666699788424,6.01699551650264,7.29719284136386,8.22648641864828,9.93106886869122,9.86900517594287,,10.9869549977268,,,12.4224826395835,12.9364235610255,14.0582963524565,15.1123990736141
12.3999999999985,1.10088689689987,2.49878575516118,,,3.31300752152978,4.47977389961009,4.4209245050531,6.0955800350696,7.28434379190557,8.11637031248486,9.92016333298593,9.92875676894418,,10.9781590867313,,,12.3402333083722,13.0051937770119,14.046802757562,15.0136683746149
12.9999999999985,0.993462624941215,2.40994214875279,,,3.30125747148401,4.56898166400484,4.41518201222195,6.17416455363639,7.26750004192829,8.01377416871525,9.90925779728064,9.98850836194549,,10.9693631757357,,,12.2579839771608,13.0739639929983,14.0353091626676,14.9149376756158
13.5999999999984,0.886038352982563,2.3210985423444,,,3.28950742143824,4.65818942839959,4.41732837534809,6.12262362327463,7.23190501813483,7.97164004314881,9.93160553900332,10.1968386757057,,10.9605672647402,,,12.2220200239481,13.0846574820806,14.0238155677731,14.8162069766166
14.1999999999983,0.907137534560344,2.3458608881236,,,3.20068442270689,4.60591826296095,4.35516558359077,5.91400482371057,7.18119479143708,7.92001081429899,9.87780188777663,10.3107472110527,,11.0950488195165,,,12.1063347344231,13.0562604080347,13.8843207596551,14.8256698272431
14.7999999999982,0.928236716138478,2.36837335985751,,,3.11186142397532,4.49924192602925,4.41056608319418,5.79906665656952,7.10462105041969,7.95539114825832,9.86280286049216,10.5156508895907,,11.2295303742932,,,12.1321510576983,12.9774681314967,13.8198068506661,14.9248594708878
15.3999999999981,0.94933589771661,2.39088583159142,,,3.02303842524376,4.39256558909739,4.46596658279793,5.74287725280638,7.04665731163448,8.01890985262194,9.8478038332078,10.7205545681289,,11.3640119290699,,,12.157967380974,12.8974446426889,13.7552929416773,15.0240491145328
15.999999999998,0.970435079294742,2.41339830332532,,,2.93421542651219,4.28588925216553,4.52136708240168,5.68668784904341,6.97612846483614,8.0681906419506,9.83280480592345,10.9254582466671,,11.4984934838466,,,12.1837837042496,12.8174211538811,13.6907790326885,15.1232387581779
16.5999999999979,0.991534260872874,2.43591077505922,,,2.84539242778063,4.17921291523367,4.54429368746484,5.71034773810044,6.90179960820116,8.10310542134309,9.78171943362177,10.9588086018665,,11.6329750386233,,,12.1862905866776,12.7910922582466,13.6262651236997,15.2224284018229
17.1999999999978,1.11803128471714,2.51157945812761,,,2.91174954239988,4.25414676010743,4.62438972952465,5.79030465414164,6.89118147116619,8.15996512451598,9.80904002699234,10.9781950647952,,11.614275792154,,,12.4155231492926,13.0352017368728,13.7658804134411,15.3989252033357
17.7999999999977,1.24452830856178,2.59329737119345,,,2.97810665701968,4.37091104537049,4.60595452523586,5.86869365657468,6.98823886954749,8.14806683649971,9.8310827264648,10.8725480174109,,11.5955765456842,,,12.5318901802293,13.3077748743383,13.8727917442182,15.4805681632832
18.3999999999976,1.37102533240641,2.67501528425931,,,3.04446377163947,4.4876753306337,4.58751932094671,5.934317123281,7.07614546820408,8.11055045681714,9.85312542593725,10.7669009700262,,11.5768772992144,,,12.6482572111655,13.581162897533,13.9797030749952,15.5622111232304
18.9999999999975,1.49752235625104,2.75673319732517,,,3.11082088625927,4.60443961589691,4.56908411665756,5.99994058998724,7.18438489071661,8.08007698954824,9.8751681254097,10.6612539226414,,11.5581780527446,,,12.7646242421018,13.8545509207276,14.0866144057723,15.6438540831775
19.5999999999975,1.62401938009568,2.83845111039103,,,3.17717800087906,4.72120390116013,4.56655772296229,5.99842995783212,7.33807094913559,8.03565050088148,9.92675037504187,10.5599817761582,,11.5394788062748,,,12.8825399283532,14.0990480277915,14.1935257365493,15.7254970431247
20.1999999999974,1.44014064647835,2.65923197010974,,,3.13609692515746,4.58399814657983,4.50672311021449,6.00298736382233,7.40581632653905,7.94776411546275,9.90277140056528,10.4880061435061,,11.5414730895362,,,12.7394613216663,13.882322656723,13.9837619818398,15.596206113778
20.7999999999973,1.25626191285971,2.46934414065716,,,3.0950158494354,4.42111945522957,4.46567549617906,5.93797902053013,7.42569360911169,7.90812821531764,9.84893130651662,10.4610030561413,,11.5434673727976,,,12.6755068307684,13.7153074768143,13.8113377820267,15.5090896613514
21.3999999999972,1.07238317924107,2.27945631120453,,,3.05393477371334,4.25824076387921,4.4246278821437,5.84115300865262,7.46113626001181,7.87969586899827,9.79509121246782,10.4339999687767,,11.5454616560591,,,12.6115523398709,13.5488153096729,13.6389135822138,15.421973208925
21.9999999999971,0.888504445622428,2.08956848175191,,,3.01285369799127,4.09536207252884,4.38358026810835,5.74432699677498,7.48395308666279,7.85455171976911,9.74125111841901,10.4069968814121,,11.5474559393205,,,12.5475978489733,13.3823231425316,13.4664893824008,15.3348567564985
22.599999999997,0.704625712003786,1.89968065229928,,,2.97177262226921,3.93248338117847,4.33612540552127,5.63481993554192,7.44768911045762,7.86630234923293,9.68293573315542,10.4428022826897,,11.549450222582,,,12.4957809721554,13.2442520295399,13.2940651825879,15.2477403040721
23.1999999999969,0.703369126828359,1.87664174271595,,,3.01089002429705,3.91264581946978,4.3315984184684,5.50255006672828,7.38841759617833,7.89155967847827,9.71083435459251,10.3916830720834,,11.3686225315522,,,12.5766399086145,13.2531069222592,13.3440685275421,15.1797320111575
23.7999999999968,0.702112541653842,1.85871359210153,,,3.05000742632528,3.8432150808593,4.30321322815354,5.43995675715265,7.21635259031804,7.87499420948991,9.71133548097923,10.2488615942954,,11.1877948405214,,,12.5402660954299,13.149311042146,13.3362334773922,15.0442626712332
24.3999999999967,0.700855956479329,1.84078544148714,,,3.08912482835352,3.77378434224857,4.27482803783856,5.43519487298779,7.01721534148296,7.88922245491169,9.71183660736582,10.1060401165068,,11.0069671494907,,,12.5038922822448,13.0477280268696,13.328398427242,14.9087933313086
24.9999999999966,0.699599371304815,1.82285729087276,,,3.12824223038175,3.70435360363784,4.24644284752357,5.43043298882323,6.81764948920066,7.90509883586268,9.71233773375241,9.9632186387183,,10.82613945846,,,12.4675184690597,12.9461450115933,13.3205633770917,14.7733239913839
25.5999999999965,0.698342786130298,1.80492914025837,,,3.16735963240998,3.6349228650271,4.23253150449032,5.49440104368111,6.67217506458553,7.86724781244803,9.70251775048903,9.8140765403775,,10.6453117674293,,,12.4205725398153,12.8144268863828,13.3127283269415,14.6378546514593
26.1999999999965,0.74334586311511,1.87746914806864,,,3.15361001862186,3.64788147041771,4.24396306951385,5.59463159087085,6.66105183356835,7.84873451564298,9.7648137281852,9.79376708471917,,10.8940004644491,,,12.4108016518817,12.6319493543774,13.2290109996934,14.6931876713325
26.7999999999964,0.788348940100186,1.95382753347619,,,3.13986040483343,3.76360166014017,4.35840365295449,5.66864265240299,6.76078168365839,7.82455793940357,9.91054566776575,9.95397916580308,,11.1426891614714,,,12.4041422129653,12.4885653304003,13.1857232660501,14.8107824135428
27.3999999999963,0.833352017085263,2.03018591888376,,,3.126110791045,3.87932184986324,4.47284423639573,5.71081293839793,6.88751629973285,7.81721168360515,10.0562776073468,10.114191246888,,11.3913778584938,,,12.397482774049,12.3381288591725,13.1424355324069,14.9283771557535
27.9999999999962,0.87835509407034,2.10654430429132,,,3.11236117725658,3.99504203958631,4.58728481983696,5.75298322439267,7.0212603530269,7.80951505897987,10.2020095469279,10.274403327973,,11.6400665555161,,,12.3908233351327,12.1876923879446,13.0991477987638,15.0459718979642
28.5999999999961,0.923358171055416,2.18290268969889,,,3.09861156346815,4.11076222930938,4.67348876813572,5.78719900515864,7.17356607500219,7.86464306462278,10.3660193812603,10.4556320045985,,11.8887552525384,,,12.3787193063194,12.0622372042403,13.0558600651207,15.1635666401749
29.199999999996,1.02260123269847,2.2481517583257,,,3.09529110164752,4.26120221959136,4.7107972508675,5.86057675572914,7.29525624339482,7.97558210193051,10.2939180520562,10.6583694628456,,11.9205764089333,,,12.3819778182458,12.30000841638,13.1575165692055,15.1892924270215
29.7999999999959,1.12184429434187,2.308116904762,,,3.09197063982697,4.3661935880299,4.60141692867632,5.92426292320852,7.4346692890714,8.12121555243745,10.1426438496605,10.6739518456227,,11.9523975653269,,,12.5775349102341,12.5900416155154,13.2873454692365,15.2679242657221
30.3999999999958,1.22108735598527,2.36808205119826,,,3.08865017800641,4.47118495646814,4.49203660648417,6.02583183519285,7.5610699953763,8.24453040915311,9.99136964726423,10.6895342283987,,11.9842187217204,,,12.7730920022238,12.8866682969153,13.4171743692676,15.3465561044231
30.9999999999957,1.32033041762868,2.42804719763453,,,3.08532971618585,4.57617632490637,4.38265628429201,6.12740074717744,7.68870024829648,8.35963515919658,9.84009544486797,10.7051166111746,,12.016039878114,,,12.9686490942134,13.1832949783152,13.5470032692987,15.425187943124
31.5999999999956,1.41957347927208,2.4880123440708,,,3.08200925436529,4.68116769334461,4.3095033516434,6.20777763499891,7.74091582342964,8.42738817266734,9.69498685687137,10.6833185716873,,12.0478610345075,,,13.1786282997213,13.4527978704045,13.6768321693299,15.503819781825
32.1999999999955,1.45671398625752,2.52511556174893,,,3.20979216241275,4.65103163279073,4.27826599752164,6.24951632012321,7.81563330400057,8.4521974999162,9.73217798824166,10.3788907288356,,12.0538404354042,,,13.3650583200912,13.5167929781156,13.8402589880962,15.6326757945218
32.7999999999954,1.49385449324251,2.5631260300624,,,3.33757507046115,4.60418906269097,4.3440486840916,6.25526391375338,7.92193913621502,8.4550261078055,9.81468006087611,10.2832496149099,,12.0598198363006,,,13.2432631993855,13.5089937085879,13.9290232644849,15.6245360392123
33.3999999999954,1.53099500022749,2.60113649837588,,,3.46535797850956,4.55734649259107,4.40983137066228,6.14662669643509,8.02711139160895,8.43035016338918,9.89718213351092,10.1876085009858,,12.065799237197,,,13.1214680786775,13.4994590765625,14.017787540873,15.6163962839017
33.9999999999953,1.56813550721248,2.63914696668935,,,3.59314088655796,4.51050392249119,4.47561405723296,6.03798947911595,8.12109733388058,8.40464252648314,9.97968420614571,10.0919673870616,,12.0717786380934,,,12.9996729579695,13.4899244445371,14.106551817261,15.6082565285912
34.5999999999952,1.60527601419747,2.67715743500283,,,3.72092379460637,4.4636613523913,4.52202562311524,5.85245696178898,8.25144947377289,8.39239678100786,10.0386769001492,9.99744705023285,,12.0777580389899,,,12.8646224380464,13.4783638448183,14.1953160936491,15.6001167732807
35.1999999999951,1.5607654492204,2.58256671963142,,,3.63541673100293,4.36093341498956,4.52300956029542,5.68446119140881,8.25744330756951,8.31451640774874,9.93798135877862,10.3025031975117,,12.0447585187984,,,12.6870531324256,13.3780326433908,14.0294954136833,15.4483888362605
35.799999999995,1.51625488424267,2.49202197595796,,,3.54990966739778,4.21889846516647,4.46834970247562,5.57542439372486,7.94769676029956,8.20279414519121,9.789570294889,10.457177622421,,12.0117589986065,,,12.6500877203652,13.2666311467487,13.8709896037443,15.3587656093768
36.3999999999949,1.47174431926494,2.40147723228453,,,3.46440260379264,4.07686351534307,4.41368984465536,5.56576335080741,7.64613183485785,8.08124011717799,9.64115923099899,10.611852047329,,11.9787594784147,,,12.613122308306,13.1559204573983,13.7124837938053,15.2691423824935
36.9999999999948,1.42723375428721,2.3109324886111,,,3.37889554018748,3.93482856551966,4.35902998683511,5.55610230789077,7.35302704643339,7.97156399269603,9.49274816710898,10.7665264722371,,11.9457599582229,,,12.5761568962468,13.0452097680478,13.5539779838664,15.1795191556103
37.5999999999947,1.38272318930948,2.22038774493767,,,3.29338847658234,3.79279361569626,4.30156303391377,5.65063555469077,7.04744259359536,7.82945979269063,9.33927605550764,10.9609131918727,,11.912760438031,,,12.5277577196868,12.9095820930114,13.3954721739274,15.0898959287271
38.1999999999946,1.33004148799966,2.36215081216912,,,3.4675543614877,3.75789134156191,4.27769884729752,5.74619846046111,6.76645869288741,7.72294659491925,9.460205239052,10.8537679220085,,11.8225723950281,,,12.2895511765351,12.812528955227,13.3118035281804,15.0077944368754
38.7999999999945,1.27735978668977,2.49530447083535,,,3.64172024639534,3.7600939225956,4.30604708071062,5.82603876624675,6.69372405463864,7.67964964095295,9.62460805372214,10.6531029792725,,11.7323843520247,,,12.0961468994234,12.770096305574,13.2338526461352,14.8969423383455
39.3999999999944,1.22467808537987,2.62845812950149,,,3.81588613130298,3.76229650362963,4.3343953141242,5.92262686147533,6.60659192796884,7.68973043444433,9.78901086839267,10.4524380365357,,11.6421963090213,,,11.9027426223122,12.7217529869293,13.1559017640902,14.7860902398153
39.9999999999944,1.17199638406998,2.76161178816764,,,3.99005201621062,3.76449908466365,4.36274354753777,6.01921495670408,6.52019962668558,7.68719445786581,9.9534136830632,10.2517730937989,,11.5520082660178,,,11.709338345201,12.6734096682846,13.0779508820451,14.6752381412851
40.5999999999943,1.11931468276008,2.89476544683379,,,4.16421790111827,3.76670166569768,4.42471784469254,6.03707011377955,6.44775779086665,7.74487398625724,10.1370160103885,9.9851480680725,,11.4618202230144,,,11.5392333196842,12.7051386557729,13,14.5643860427549
41.1999999999942,1.0530893077693,2.91116502998085,,,4.04359037282877,3.77884627296013,4.44261788330726,5.94387706848782,6.52250615284028,7.91388008675036,9.96694105096013,9.73779751855685,,11.5963625607042,,,11.7289445244405,12.8977545453459,13.1092753483679,14.6659785303289
41.7999999999941,0.986863932778388,2.93928619776495,,,3.92296284453645,3.81613279085149,4.45342604090454,5.80582443468362,6.62142443564313,8.0368436812332,9.81631768837807,9.73043668272224,,11.7309048983961,,,11.9107770666042,13.0321033386511,13.259285012807,14.8232607014348
42.399999999994,0.920638557787478,2.96740736554916,,,3.80233531624413,3.8534193087431,4.46423419850174,5.6083067738964,6.72307170380199,8.11105876384602,9.6656943257962,9.72307584688998,,11.865447236088,,,12.0926096087678,13.167615582094,13.4092946772465,14.9805428725412
42.9999999999939,0.854413182796565,2.99552853333337,,,3.68170778795181,3.89070582663471,4.47504235609894,5.41078911310857,6.82384831839286,8.19614247104132,9.51507096321433,9.71571501105771,,11.9999895737799,,,12.2744421509314,13.303127825537,13.5593043416859,15.1378250436477
43.5999999999938,0.788187807805655,3.02364970111759,,,3.56108025965949,3.92799234452632,4.45826075177538,5.30537053918029,6.88980886108527,8.24999380419119,9.36393954948939,9.79619693492296,,12.1345319114718,,,12.4397760982069,13.3381521585331,13.7093140061254,15.2951072147541
44.1999999999937,0.710194849933472,2.9034291935912,,,3.49028074457939,4.02464820217616,4.52077490394444,5.30268494870316,6.89130939285844,8.1717425510864,9.38366142514526,10.0780502367784,,12.0986151000345,,,12.4312364062681,13.1928382784538,13.6733342738823,15.1850054398619
44.7999999999936,0.632201892061168,2.77239838239128,,,3.4194812294998,4.10702064811478,4.58559943454611,5.46627809448012,6.98518914672528,8.10727233103258,9.3539450719588,10.2470376775592,,12.0626982885953,,,12.4405476242647,13.188005240922,13.6443531836255,15.1015743645669
45.3999999999935,0.554208934188865,2.64136757119124,,,3.34868171442021,4.18939309405324,4.65042396514779,5.6581494842953,7.0970355823052,8.06653945837151,9.32422871877182,10.4160251183389,,12.0267814771562,,,12.4498588422615,13.1891104201784,13.6153720933687,15.0181432892722
45.9999999999934,0.47621597631656,2.5103367599912,,,3.27788219934062,4.27176553999171,4.71524849574948,5.85002087411079,7.20476107190102,8.01975960458618,9.29451236558484,10.5850125591186,,11.9908646657171,,,12.4591700602583,13.1902155994348,13.5863910031119,14.9347122139774
46.5999999999934,0.398223018444256,2.37930594879116,,,3.20708268426104,4.35413798593017,4.79333637618903,5.99052868583279,7.4167075007548,7.99937679023619,9.24763845734699,10.7532360582028,,11.954947854278,,,12.5114666230008,13.3246783955594,13.5574099128551,14.8512811386827
47.1999999999933,0.444353634254417,2.35745183608304,,,3.23294273916954,4.28519378677906,4.82926558734222,6.15150022473915,7.60349001236283,8.01726151822603,9.30796537426873,10.665882682713,,11.8299090186306,,,12.6207834728146,13.4700648918339,13.5981837148114,14.9593237132259
47.7999999999932,0.490484250065957,2.34525872520257,,,3.25880279407911,4.22635951321501,4.87051692965433,6.11053122110856,7.72702147866575,8.0673252396089,9.39087920075732,10.6136990487441,,11.7048701829823,,,12.7418144123226,13.5016604221549,13.656439903687,15.0403446762962
48.3999999999931,0.536614865877497,2.3330656143222,,,3.28466284898869,4.16752523965108,4.9117682719665,6.03233391042106,7.84357555856726,8.14411606630538,9.47379302724617,10.5615154147756,,11.5798313473339,,,12.8628453518307,13.5297550928138,13.7146960925627,15.1213656393662
48.999999999993,0.582745481689034,2.32087250344183,,,3.31052290389826,4.10869096608714,4.95301961427866,5.95413659973313,7.96166045902203,8.22209271956821,9.556706853735,10.5093317808072,,11.4547925116856,,,12.9838762913388,13.5578497634726,13.7729522814384,15.2023866024363
49.5999999999929,0.628876097500574,2.30867939256146,,,3.33638295880784,4.04985669252321,5.00002467683746,5.96637816822985,8.00633158287284,8.26762553450668,9.67133845374723,10.3636870608078,,11.3297536760372,,,13.0682301241398,13.5151848575086,13.8312084703142,15.2834075655063
50.1999999999928,0.652441568648747,2.27710772705037,,,3.50675696449047,4.11651934368081,5.01784439655865,5.959837807741,8.0640377642831,8.38122702136567,9.69107290896183,10.2744689931182,,11.3961480171387,,,13.069626343441,13.5809215154228,13.9164134109989,15.314784686148
50.7999999999927,0.676007039796653,2.23804613191032,,,3.6771309701748,4.17003196290324,4.98034473569152,6.02955354034007,7.90005396792887,8.44065515167079,9.72920411231916,10.0833881174333,,11.4625423582424,,,13.0164166225914,13.6102607928919,13.9342487535309,15.2579394699111
51.3999999999926,0.699572510944556,2.19898453677019,,,3.84750497585914,4.22354458212551,4.94284507482373,6.17701177893852,7.7185546695266,8.41584691368177,9.76733531567671,9.89230724174721,,11.5289366993462,,,12.963206901741,13.6421829873806,13.952084096062,15.2010942536731
51.9999999999925,0.723137982092462,2.15992294163006,,,4.01787898154348,4.27705720134778,4.90534541395594,6.32447001753791,7.53161888420992,8.39285469342573,9.80546651903425,9.70122636606111,,11.59533104045,,,12.9099971808907,13.6741051818693,13.9699194385931,15.1442490374351
52.5999999999924,0.746703453240368,2.12086134648992,,,4.18825298722782,4.33056982057005,4.81092576620423,6.23763777276172,7.28023692675533,8.34011172733464,9.81508808435511,9.48253230014374,,11.6617253815537,,,12.8345836076792,13.6844502044768,13.9877547811243,15.0874038211972
53.1999999999924,0.748082681904315,2.13202763843601,,,4.06163468624539,4.39259862101907,4.71501880670728,6.20134328817068,6.95320069544276,8.2026814012733,9.81625855898134,9.47512698503272,,11.6701262827082,,,12.7739030108527,13.6292142505894,13.9689943534585,15.0464109379001
53.7999999999923,0.749461910567978,2.14413788073223,,,3.93501638525922,4.43897414159985,4.67698106832139,6.17599578043023,6.88681542137401,8.12677106845821,9.76661595971489,9.604633815325,,11.678527183862,,,12.7145271991153,13.6290404475304,13.9651533642713,15.0832760264269
54.3999999999922,0.750841139231645,2.15624812302846,,,3.80839808427304,4.48534966218042,4.63894332993624,6.13834415875594,6.83477503061129,8.09847650349074,9.71697336044779,9.73414064561902,,11.6869280850158,,,12.6551513873779,13.6250052390778,13.9613123750842,15.1201411149546
54.9999999999921,0.752220367895308,2.1683583653247,,,3.68177978328687,4.531725182761,4.60090559155109,6.10069253708149,6.79049223885718,8.06646487818532,9.66733076118068,9.86364747591304,,11.6953289861696,,,12.5957755756405,13.6209700306252,13.9574713858972,15.1570062034823
55.599999999992,0.753599596558976,2.18046860762093,,,3.5551614823007,4.57810070334158,4.59580137249767,6.21051506758961,6.86336702681941,8.07248411817573,9.58545173429727,10.1334648121203,,11.7037298873234,,,12.5732642831309,13.6296171189761,13.9536303967101,15.1938712920101
56.1999999999919,0.76572412224072,2.22715117573095,,,3.52022575147389,4.62155699129191,4.58194455079322,6.17328882329809,7.04500943446042,8.13380531097971,9.48241489712651,10.2249674474879,,11.6998990943276,,,12.764924273241,13.6604802953153,14.1114580105885,15.3191610397681
56.7999999999918,0.777848647922612,2.28245552354366,,,3.48529002064831,4.71275819724378,4.54932449314631,6.08922920161722,7.22220132156402,8.17585588037952,9.39626345467431,10.1768716112733,,11.6960683013318,,,12.9676190796898,13.7093029993452,14.264554837909,15.4504181902502
57.3999999999917,0.789973173604499,2.33775987135649,,,3.45035428982273,4.80395940319629,4.51670443549915,5.99964236013161,7.39210380315139,8.25345247615729,9.31011201222235,10.1287757750568,,11.6922375083359,,,13.1703138861386,13.761113230126,14.4176516652295,15.5816753407323
57.9999999999916,0.802097699286391,2.39306421916932,,,3.41541855899715,4.89516060914881,4.48408437785198,5.91005551864592,7.56669096454534,8.32900016415821,9.22396056977038,10.0806799388404,,11.68840671534,,,13.3730086925875,13.8129234609069,14.57074849255,15.7129324912144
58.5999999999915,0.814222224968278,2.44836856698214,,,3.38048282817157,4.98636181510133,4.45672390266027,5.79997646993698,7.6415920615074,8.39930083636282,9.18420381775823,9.96389562266031,,11.6845759223442,,,13.553624078068,13.8205737413274,14.7238453198705,15.8441896416965
59.1999999999914,0.755770799657713,2.57256149710179,,,3.36736365297171,4.92821911005158,4.45605386503318,5.71586248984737,7.64468993661104,8.39517630195334,9.13235550824204,9.80448046127714,,11.5640036700122,,,13.3141997129407,13.7539162755727,14.5714638780141,15.8237112976952
59.7999999999914,0.697319374346152,2.68779022330142,,,3.35424447777217,4.81588206730282,4.46596446556634,5.63297489690629,7.52942337583889,8.35694826070057,9.1177424606072,9.74912092115685,,11.4434314176786,,,12.9820753100859,13.6720730019696,14.4224528329101,15.7395513920466
60.3999999999913,0.63886794903459,2.80301894950093,,,3.34112530257262,4.7035450245533,4.47587506609965,5.40088137842379,7.42359370168664,8.30400038643156,9.10312941297289,9.69376138103805,,11.322859165345,,,12.6499509072298,13.5925220886628,14.273441787806,15.6553914863972
60.9999999999912,0.580416523723032,2.91824767570044,,,3.32800612737308,4.59120798180377,4.48578566663297,5.16878785993915,7.31688780131932,8.2586185627802,9.08851636533857,9.63840184091927,,11.2022869130113,,,12.3178265043737,13.5129711753561,14.124430742702,15.5712315807478
61.5999999999911,0.521965098411469,3.03347640189994,,,3.31488695217353,4.47887093905425,4.5229546954025,5,7.28879903148656,8.2549722384565,9.09587423252683,9.6289724945164,,11.0817146606777,,,12.0147196323513,13.4920874507258,13.975419697598,15.4870716750983
62.199999999991,0.618778870273698,2.99930387111101,,,3.4109933079949,4.42229464125217,4.60741697553282,5.03341351188151,7.25529163812942,8.27553874888866,9.20604377892754,9.80532323089304,,11.1661861852314,,,11.9576320436563,13.3691171253242,14.0347217264553,15.2496664986675
62.7999999999909,0.715592642138239,2.96374352110134,,,3.5070996638179,4.39300273872886,4.67641442518599,5.12225040493216,7.22571255415711,8.31910265509156,9.33095231563397,9.95936168662148,,11.2506577097881,,,12.0767676778394,13.2416740510314,14.128600827961,15.1090733853247
63.3999999999908,0.812406414002778,2.92818317109165,,,3.60320601964089,4.36371083620597,4.74541187483893,5.27588420417461,7.18733231095789,8.3399376441494,9.45586085234062,10.1134001423496,,11.3351292343448,,,12.1959033120251,13.1023201229368,14.2224799294672,14.9684802719833
63.9999999999907,0.909220185867318,2.89262282108197,,,3.69931237546388,4.33441893368308,4.81440932449186,5.42951800341803,7.13729293526908,8.35492159395586,9.58076938904727,10.2674385980777,,11.4196007589015,,,12.3150389462109,12.9629661948419,14.3163590309734,14.8278871586419
64.5999999999906,1.00603395773186,2.85706247107228,,,3.79541873128688,4.30512703116019,4.83674334955214,5.60210842351899,7.02546740190152,8.29411351386045,9.66890819723104,10.3942791948487,,11.5040722834582,,,12.3936693190769,12.8149743097297,14.4102381324797,14.6872940453005
65.1999999999905,0.966862128584507,2.96104029369152,,,3.71357930325126,4.19009990999453,4.80848082632934,5.57816532178159,6.89000035355417,8.23940689301575,9.69444826784346,10.4347591125413,,11.7127809722953,,,12.3836591669831,12.8700936131869,14.3446909074609,14.770511027479
65.7999999999904,0.927690299435032,3.06743591797078,,,3.63173987521286,4.04941616961607,4.76534357164942,5.5252538738011,6.86815445134989,8.18908418957459,9.64021017178515,10.5385489036632,,11.9214896611344,,,12.2726267997529,12.908342340711,14.261934372091,14.7932703663535
66.3999999999904,0.888518470285559,3.17383154225009,,,3.54990044717446,3.9087324292372,4.72220631696927,5.60621184012085,6.8498905239498,8.16630608695244,9.58597207572557,10.642338694786,,12.1301983499735,,,12.1615944325212,12.9581382914669,14.1791778367208,14.8160297052271
66.9999999999903,0.849346641136081,3.28022716652938,,,3.46806101913606,3.76804868885834,4.67906906228912,5.68716980644272,6.83536372927457,8.15048102420051,9.531733979666,10.7461284859089,,12.3389070388127,,,12.0505620652894,13.0079342422231,14.0964213013507,14.8387890441007
67.5999999999902,0.810174811986608,3.38662279080868,,,3.38622159109766,3.62736494847947,4.67127710267575,5.65110903052177,6.88751698732183,8.20347977623626,9.48196874372601,10.8080450494696,,12.5476157276518,,,11.9686624013706,13.0221003888958,14.0136647659805,14.8615483829742
68.1999999999901,0.878622994540953,3.25457517856259,,,3.45502956552097,3.7479128010172,4.65056432053803,5.61358181645594,7.12972002236305,8.2987144477187,9.46296867676274,10.9195581615548,,12.3107654235916,,,12.0995666924656,13.1504116138006,14.03462302835,14.9464808140144
68.79999999999,0.947071177097065,3.1243144663123,,,3.52383753994675,3.89807377662203,4.60056643359898,5.59363371083877,7.32348904888763,8.38942316038956,9.46626236117167,10.8738594378663,,12.0739151195241,,,12.2384386949468,13.2856326722343,14.0276484396989,15.0257936076186
69.3999999999899,1.01551935965318,2.99405375406205,,,3.59264551437254,4.04823475222735,4.55056854665944,5.56623449720555,7.5203292673835,8.43924426275794,9.46955604558095,10.8281607141752,,11.8370648154567,,,12.3773106974282,13.4251918837725,14.0206738510473,15.1051064012227
69.9999999999898,1.08396754220929,2.86379304181179,,,3.66145348879832,4.19839572783266,4.5005706597199,5.53883528357221,7.72164962628861,8.47581944156346,9.47284972999024,10.7824619904841,,11.6002145113892,,,12.5161826999096,13.5647510953107,14.0136992623957,15.1844191948268
70.5999999999897,1.1524157247654,2.73353232956153,,,3.7302614632241,4.34855670343799,4.4281794976351,5.67905407178093,7.94239768612848,8.48353125201721,9.48910370486489,10.7758479520212,,11.3633642073217,,,12.6539714153943,13.7905835904077,14.0067246737442,15.2637319884308
71.1999999999896,1.08125828635831,2.67404850442218,,,3.63375014918591,4.2383565887065,4.35998377605108,5.8746442347738,7.90200253491235,8.44102891838572,9.44855080054919,10.6784404280147,,11.3803762817241,,,12.5773078148797,13.6436352438736,13.9329571138801,15.1642380198894
71.7999999999895,1.01010084794882,2.61299446027921,,,3.53723883514488,4.15156342196253,4.34072599093234,6.05829894226988,7.8022259540806,8.39420485233508,9.49186978491754,10.6333919259465,,11.3973883561308,,,12.5411455703152,13.5252954904866,13.9147097641287,15.1213297281795
72.3999999999894,0.938943409539336,2.55194041613621,,,3.44072752110385,4.06477025521897,4.32146820581446,6.15118557512466,7.69507975624775,8.38102243620051,9.53518876928735,10.5883434238793,,11.4144004305376,,,12.5049833257515,13.3976727081732,13.8964624143782,15.0784214364706
72.9999999999894,0.867785971129847,2.4908863719932,,,3.34421620706282,3.97797708847541,4.30221042069657,6.24407220797785,7.586649691487,8.37579971928229,9.57850775365716,10.5432949218121,,11.4314125049443,,,12.4688210811878,13.2700499258597,13.8782150646277,15.0355131447617
73.5999999999893,0.796628532720358,2.4298323278502,,,3.24770489302179,3.89118392173185,4.30289460648286,6.18355716123421,7.3544578319073,8.41587628021387,9.59820694313311,10.4382720907403,,11.448424579351,,,12.4245151551,13.1145162271875,13.8599677148773,14.9926048530527
74.1999999999892,0.697805674900449,2.46257679235126,,,3.27203387842628,3.94823634379095,4.36200604497418,6.16527822857678,7.21005567411557,8.46644275628954,9.63103381997607,10.3120480361239,,11.5180506419618,,,12.4068691619454,13.152928886367,13.8152390358088,15.1151361310966
74.7999999999891,0.598982817080042,2.49851599899448,,,3.29636286383294,4.00627222066226,4.469520381546,6.05956567444268,7.26796031989453,8.57561673918495,9.5722187343037,10.269863815436,,11.5876767045735,,,12.3594831318287,13.2776450783387,13.7255401756337,15.2444963183738
75.399999999989,0.500159959259638,2.53445520563776,,,3.3206918492396,4.06430809753359,4.5770347181187,5.95118023959457,7.32248236793263,8.65249295095417,9.51340364862967,10.2276795947496,,11.6573027671853,,,12.3120971017115,13.4027795267324,13.6358413154579,15.3738565056511
75.9999999999889,0.401337101439234,2.57039441228104,,,3.34502083464626,4.12234397440492,4.68454905469139,5.84279480474641,7.37418094753649,8.73527280747217,9.45458856295564,10.1854953740632,,11.726928829797,,,12.2647110715943,13.5279139751261,13.5461424552821,15.5032166929284
76.5999999999888,0.302514243618828,2.60633361892432,,,3.36934982005293,4.18037985127624,4.76610326328004,5.8241775848909,7.50869056463425,8.73933799094869,9.40495335101433,10.2437853276289,,11.7965548924087,,,12.2249099165193,13.5806284672006,13.4564435951062,15.6325768802057
77.1999999999887,0.38501081670887,2.49534784836204,,,3.3470773474195,4.30542869568631,4.75922075841625,5.68817390097913,7.70913217176216,8.75789770511534,9.32858483765586,10.260068588986,,11.7718845192394,,,12.2756455603345,13.7070301440083,13.5852228299748,15.6476919802795
77.7999999999886,0.467507389802303,2.38157708331923,,,3.3248048747852,4.36572719522012,4.66859188949811,5.69338198423662,7.64899321072505,8.69684799026641,9.23494854478843,10.1167906473001,,11.7472141460684,,,12.3400431066593,13.6705929578639,13.755954675826,15.6181982264517
78.3999999999885,0.550003962895734,2.26780631827636,,,3.30253240215091,4.42602569475271,4.5779630205784,5.70817328203055,7.59828360413229,8.64901942261161,9.14131225192069,9.97351270561111,,11.7225437728974,,,12.4044406529844,13.6325245276846,13.9266865216779,15.5887044726231
78.9999999999884,0.632500535989165,2.15403555323349,,,3.28025992951661,4.4863241942853,4.48733415165868,5.72296457982469,7.5544066271253,8.5949605097388,9.04767595905294,9.83023476392212,,11.6978733997263,,,12.4688381993095,13.5944560975054,14.0974183675299,15.5592107187945
79.5999999999884,0.714997109082596,2.04026478819062,,,3.25798745688231,4.54662269381789,4.42007566183768,5.63487429581834,7.51007882895025,8.53549809405111,8.98120200839979,9.61437939111401,,11.6732030265553,,,12.5158103431024,13.6764724362535,14.2681502133819,15.5297169649659
80.1999999999883,0.759397882301419,2.04174394770711,,,3.42025809062481,4.51054591744163,4.38421206421629,5.68483291778584,7.56181244916739,8.53394714052597,8.9637575983909,9.57967979367043,,11.5436565767561,,,12.5593224341968,13.772591667127,14.3797965944885,15.6080622539666
80.7999999999882,0.803798655519501,2.03886970714303,,,3.5825287243709,4.48218267884684,4.37887624206051,5.74458737543818,7.74137045467182,8.57394046139841,9.03783930382632,9.75799322355942,,11.4141101269549,,,12.653069155616,13.9167094370897,14.4433648082785,15.6743495715052
81.3999999999881,0.848199428737583,2.03599546657886,,,3.74479935811698,4.4538194402522,4.37354041990532,5.79608689266474,7.92876070753937,8.61687674709501,9.11192100926354,9.9363066534526,,11.2845636771537,,,12.7468158770362,14.0681520932656,14.5069330220676,15.7406368890435
81.999999999988,0.892600201955668,2.0331212260147,,,3.90706999186307,4.42545620165756,4.36820459775014,5.84758640989114,8.10908956932789,8.65853880933607,9.18600271470076,10.1146200833458,,11.1550172273524,,,12.8405625984563,14.2195947494417,14.5705012358567,15.8069242065819
82.5999999999879,0.93700097517375,2.03024698545053,,,4.06934062560915,4.39709296306293,4.34810962771939,5.93713404434096,8.28372134237073,8.76968884591465,9.23630600654078,10.3403372422059,,11.0254707775512,,,12.959181765615,14.2098236675325,14.6340694496458,15.8732115241203
83.1999999999878,0.888943998287689,2.07273974017187,,,3.87463565700193,4.40757364507988,4.35395568011038,5.93445251225238,8.2227828432346,8.75764849228365,9.27328822774321,10.3937615231339,,11.1492118442814,,,13.1305143748339,14.0232919817541,14.5433329524309,15.7325610932217
83.7999999999877,0.84088702139976,2.12228160288737,,,3.67993068838751,4.45448008210028,4.33072320503907,5.8680159553022,8.11101866332424,8.72428902334301,9.25505162364192,10.2648232179251,,11.2729529110168,,,13.1640283301937,13.8502881748344,14.4852013629409,15.5729378024132
84.3999999999876,0.792830044511833,2.17182346560301,,,3.48522571977308,4.50138651912141,4.30749072996716,5.82241436782281,7.98715594463668,8.72176984979338,9.23681501953951,10.1358849127125,,11.3966939777522,,,13.1975422855507,13.6761834877419,14.4270697734516,15.4133145116042
84.9999999999875,0.744773067623904,2.22136532831865,,,3.29052075115865,4.54829295614254,4.28425825489525,5.77681278034384,7.86911856552689,8.72226486452373,9.2185784154371,10.0069466075,,11.5204350444875,,,13.2310562409077,13.5020788006493,14.3689381839623,15.2536912207953
85.5999999999874,0.696716090735975,2.27090719103428,,,3.09581578254422,4.59519939316368,4.26426687095892,5.80259983264409,7.71293055990771,8.7047113822223,9.16180000976997,9.8411881953009,,11.6441761112229,,,13.2515552197732,13.4326083082294,14.310806594473,15.0940679299863
86.1999999999874,0.831960331232984,2.24327013170388,,,3.25578985162832,4.50381240519642,4.20880427301624,5.78621447758567,7.68366665208136,8.70373267955216,9.17839531149945,9.91040300865751,,11.8593956145491,,,13.1726474536612,13.4730237691361,14.3789878014624,15.0477466472751
86.7999999999873,0.967204571733836,2.21150991442423,,,3.41576392071986,4.39111483642023,4.18180730431496,5.70672704795525,7.70008706945879,8.70302339851828,9.21184921925811,10.0147701739633,,12.0746151178771,,,13.1950842989086,13.5315586454184,14.4015236211499,15.0606092586238
87.3999999999872,1.10244881223469,2.1797496971445,,,3.5757379898114,4.2784172676436,4.15481033561428,5.6757730203709,7.71596782457816,8.67375600942992,9.24530312701713,10.1191373392698,,12.2898346212052,,,13.2175211441581,13.5812390046889,14.4240594408364,15.0734718699738
87.9999999999871,1.23769305273554,2.14798947986477,,,3.73571205890293,4.16571969886696,4.1278133669136,5.64481899278759,7.73009770490596,8.65041933298765,9.27875703477614,10.2235045045764,,12.5050541245333,,,13.2399579894077,13.6309193639592,14.4465952605229,15.0863344813237
88.599999999987,1.37293729323639,2.11622926258504,,,3.89568612799447,4.05302213009032,4.11375047865008,5.55316412853631,7.77625741159693,8.61222917803664,9.36422211354875,10.3091309302918,,12.7202736278614,,,13.2497979696997,13.6858476393379,14.4691310802095,15.0991970926736
89.1999999999869,1.23798529975663,2.22284647781886,,,3.7060541949746,4.0682753959068,4.12087942530722,5.5713034209959,7.71944959395251,8.60416559322841,9.34112463833893,10.3020246010862,,12.7034483676254,,,13.0845743924695,13.593604605293,14.2176851963235,15.121828877163
89.7999999999868,1.10303330627101,2.33107358274485,,,3.51642226194714,4.11752288371493,4.15792240196612,5.66338133181802,7.66636439987936,8.58772744766897,9.31898536041731,10.3767754439761,,12.6866231073843,,,12.8866100755715,13.4328725056981,14.0256693353299,15.1013260228776
90.3999999999867,0.968081312785391,2.43930068767089,,,3.32679032891967,4.16677037152379,4.19496537862569,5.61532377319607,7.61674267601533,8.58193448710709,9.2968460824957,10.4515262868679,,12.6697978471432,,,12.6886457586727,13.2756153973195,13.8336534743375,15.0808231685914
90.9999999999866,0.833129319299769,2.54752779259692,,,3.13715839589221,4.21601785933266,4.23200835528525,5.56726621457101,7.56082278763482,8.56167702902935,9.27470680457409,10.5262771297596,,12.6529725869022,,,12.490681441774,13.1183582889409,13.6416376133452,15.0603203143051
91.5999999999865,0.698177325814147,2.65575489752296,,,2.94752646286475,4.26526534714152,4.26399143679782,5.53534243463671,7.49532514160033,8.53899083149946,9.24795491359868,10.6371862760458,,12.6361473266611,,,12.3117128286609,12.9263259837159,13.4496217523528,15.0398174600188
92.1999999999864,0.918171894277669,2.59843187856628,,,2.99155085611314,4.43440717288469,4.29333494320758,5.44928135132234,7.55609122721731,8.54321041209899,9.16365920207735,10.5185708275662,,12.4951601743348,,,12.4202814957175,12.9708765655609,13.5719745268573,14.9989436310169
92.7999999999864,1.13816646274917,2.54693733728986,,,3.03557524936679,4.57902012826665,4.30129485927449,5.38763848615872,7.5153133593495,8.55989168368605,9.07399735519599,10.3805222595924,,12.3541730220056,,,12.5493012615419,13.0686086324232,13.6459310815236,14.9430298697699
93.3999999999863,1.35816103122067,2.49544279601357,,,3.07959964262044,4.72363308364805,4.30925477534093,5.47077516162089,7.47878721057638,8.55975304911791,8.98433550831451,10.2424736916181,,12.2131858696765,,,12.6783210273668,13.1702898902584,13.7198876361888,14.8871161085226
93.9999999999862,1.57815559969217,2.44394825473727,,,3.12362403587409,4.86824603902945,4.31721469140735,5.55391183708635,7.45032462680246,8.57228168688003,8.89467366143302,10.1044251236438,,12.0721987173473,,,12.8073407931917,13.2719711480938,13.793844190854,14.8312023472752
94.5999999999861,1.79815016816367,2.39245371346098,,,3.16764842912774,5.01285899441085,4.31308320737004,5.59049466250854,7.46200671496913,8.59582443117761,8.79711017605431,9.9207130198073,,11.9312115650182,,,12.9301071640103,13.3718132553798,13.8678007455192,14.7752885860279
95.199999999986,1.51789422433726,2.23093035748672,,,3.11555163242778,4.83323037517208,4.30590028775074,5.61477485338728,7.35273551884404,8.58886352977856,8.84900965987349,9.9275091200038,,11.9339832346977,,,12.7969565422607,13.245697729505,13.7772522703598,14.728650637541
95.7999999999859,1.23763828049924,2.06186035497548,,,3.06345483572559,4.64700175214253,4.25731075919023,5.5770635493826,7.39065316115192,8.54118995716507,8.90997007742477,9.98529922880903,,11.9367549043805,,,12.6268069471308,13.1174746476564,13.6992465615377,14.6988742363848
96.3999999999858,0.957382336661209,1.89279035246406,,,3.01135803902339,4.46077312911282,4.20872123062875,5.46143344593606,7.42805804194672,8.4869880912118,8.97093049497626,10.0430893376155,,11.9395265740633,,,12.4566573519999,12.9892417289209,13.6212408527159,14.669097835229
96.9999999999857,0.677126392823184,1.72372034995264,,,2.9592612423212,4.27454450608311,4.16013170206727,5.34580334248771,7.46108564161274,8.42840336479331,9.03189091252775,10.1008794464219,,11.9422982437461,,,12.2865077568691,12.8610088101854,13.5432351438941,14.6393214340732
97.5999999999856,0.396870448985157,1.55465034744122,,,2.90716444561901,4.08831588305341,4.13251633454593,5.25531346094506,7.45295319759601,8.34287652310918,9.08345758647572,10.2281801892932,,11.9450699134289,,,12.1141410481749,12.7323680105432,13.4652294350724,14.6095450329174
98.1999999999855,0.606294667122741,1.81159756721443,,,3.13921806272824,4.20573218336014,4.13932323623195,5.21286085832583,7.69555467831604,8.35474124997053,9.05300646326079,10.4115339316185,,11.9294124259134,,,12.3608892354873,12.9245506711293,13.6199798198409,14.6817399150858
98.7999999999854,0.815718885272073,2.07076161137284,,,3.3712716798443,4.32498422269779,4.19351048566982,5.22595436999203,7.77573831736348,8.40072437792498,8.96632160533848,10.513644402936,,11.9137549383975,,,12.5817661387435,13.094885694428,13.7882680677476,14.7917525583358
99.3999999999854,1.0251431034214,2.3299256555313,,,3.60332529696035,4.44423626203549,4.24769773510884,5.31359819700128,7.85245661229767,8.48649348295334,8.87963674741481,10.6157548742515,,11.8980974508815,,,12.802643041999,13.2640440769413,13.9565563156546,14.9017652015868
99.9999999999853,1.23456732157074,2.58908969968976,,,3.8353789140764,4.56348830137319,4.30188498454786,5.40124202401234,7.92978640501101,8.57404292748577,8.79295188949114,10.717865345567,,11.8824399633656,,,13.0235199452546,13.4332024594546,14.1248445635617,15.0117778448377
100.599999999985,1.44399153972007,2.84825374384822,,,4.06743253119245,4.68274034071088,4.33227255740977,5.57585366421967,8.00628751159381,8.66385869103645,8.70909963848645,10.7230590660264,,11.8667824758496,,,13.254699684226,13.6313603367275,14.2931328114687,15.1217904880886
101.199999999985,1.32629209995782,2.84126525851439,,,3.90673327330501,4.70441615134877,4.33073621064793,5.68727583857235,7.84260775783483,8.61858783709168,8.66168326325645,10.5255260588221,,11.9011326031414,,,13.1499377885011,13.5421930056806,14.2630322636958,15.1365974632941
101.799999999985,1.20859266018748,2.82794869640372,,,3.74603401540785,4.73958610561838,4.33521258166687,5.8078298332819,7.78781110666548,8.60884193045725,8.68778825482839,10.339553177313,,11.9354827304344,,,13.0785441890994,13.4572868420822,14.2194820372073,15.1125462513666
102.399999999985,1.09089322041713,2.81463213429289,,,3.58533475751068,4.77475605988832,4.33968895268596,5.88984327323615,7.73161987604742,8.55714018929075,8.71389324640216,10.1535802958043,,11.9698328577274,,,13.0071505896986,13.3738217897326,14.1759318107186,15.0884950394381
102.999999999985,0.973193780646789,2.80131557218207,,,3.42463549961352,4.80992601415826,4.34416532370506,5.97185671318941,7.67717703200118,8.50454826585576,8.73999823797594,9.96760741429547,,12.0041829850204,,,12.9357569902977,13.2903567373829,14.1323815842298,15.0644438275096
103.599999999985,0.855494340876446,2.78799901007124,,,3.26393624171636,4.84509596842821,4.35168935224234,5.97918863503139,7.65344135231566,8.47645150656708,8.78384693198423,9.90808096202789,,12.0385331123134,,,12.8482021434265,13.1682937845794,14.0888313577411,15.0403926155812
104.199999999985,1.02643538761423,2.77398165327292,,,3.40881182489425,4.73263493973992,4.38113333549181,6.03925179641824,7.62593521055638,8.48363965319714,8.81416243999644,10.1475207492365,,11.8144732969926,,,12.716025663514,13.2073126439339,13.9767441338755,14.8564193387382
104.799999999985,1.19737643435938,2.77431440362191,,,3.55368740807994,4.62964260935457,4.38341698240915,6.02842056419383,7.60861318285906,8.44498948219268,8.80702886478054,10.4496977013046,,11.5904134816652,,,12.6409037019216,13.2776055640092,13.9020799221349,14.6679790660997
105.399999999984,1.36831748110454,2.77464715397127,,,3.69856299126563,4.52665027896946,4.3857006293258,5.97259093823948,7.59120918133295,8.42829616133676,8.79989528956369,10.7518746533744,,11.3663536663377,,,12.5657817403306,13.3503006061383,13.8274157103952,14.4795387934611
105.999999999984,1.53925852784969,2.77497990432062,,,3.84343857445132,4.42365794858435,4.38798427624244,5.91676131228398,7.57328213735944,8.40682323779066,8.79276171434683,11.0540516054442,,11.1422938510103,,,12.4906597787396,13.4229956482675,13.7527514986555,14.2910985208225
106.599999999984,1.71019957459484,2.77531265466998,,,3.98831415763701,4.32066561819924,4.41705583668104,5.77754370380661,7.49904575892006,8.38658191618141,8.78736607457912,11.2910846569944,,10.9182340356829,,,12.4212921558932,13.5257108641339,13.6780872869158,14.1026582481839
107.199999999984,1.48558830595092,2.63942338080984,,,3.93030664413604,4.46784309605416,4.40866320630159,5.77680429130353,7.54437933260879,8.39701889054625,8.85806992420638,11.1185839492529,,11.1158455010504,,,12.4812251700442,13.4969562759955,13.8681016239913,14.3012768176817
107.799999999984,1.26097703729661,2.48829508331135,,,3.87229913062974,4.59316624475532,4.42390927129162,5.8166360523922,7.55336219395947,8.44427132519931,8.96268657384516,10.7600727115708,,11.3134569664289,,,12.581853941939,13.4884884186714,14.0451874256092,14.6343776465546
108.399999999984,1.0363657686423,2.33716678581246,,,3.81429161712344,4.7184893934559,4.43915533628226,5.94635365700108,7.56271596441507,8.46519321636683,9.06730322348483,10.4015614738837,,11.5110684318075,,,12.6824827138348,13.4697054642758,14.2222732272268,14.9674784754311
108.999999999984,0.811754499987989,2.18603848831357,,,3.75628410361713,4.84381254215648,4.45440140127291,6.07607126161233,7.56704201968661,8.48223662864079,9.17191987312451,10.0430502361967,,11.708679897186,,,12.7831114857307,13.4509225098799,14.3993590288444,15.3005793043075
109.599999999984,0.587143231333679,2.03491019081468,,,3.69827659011083,4.96913569085706,4.43742675228173,6.33492101759185,7.6203437088526,8.50443688818816,9.24340536309903,9.68556250303895,,11.9062913625646,,,12.8883728440575,13.4549610214837,14.576444830462,15.633680133184
110.199999999984,0.64290601381647,2.02258232384634,,,3.70092970437234,4.92416976606959,4.44184814982796,6.26341380763136,7.60522020044603,8.48678910984459,9.15800072986015,9.60264546349899,,11.7439377261927,,,13.0156741821151,13.6323130834825,14.5127724929815,15.7327577718248
110.799999999984,0.698668796306841,2.01892833116291,,,3.70358281863548,4.87778489421635,4.38822758663232,6.18253404304736,7.6448011317319,8.47285721853875,9.03923087249785,9.78428911095793,,11.5815840898111,,,12.9879625286672,13.7970500022894,14.4042459174653,15.6772146886024
111.399999999984,0.75443157879721,2.0152743384797,,,3.70623593289862,4.83140002236308,4.33460702343509,6.02147187555657,7.67467846715852,8.49539387812315,8.92046101513464,9.96593275842406,,11.4192304534295,,,12.960250875215,13.9677580502869,14.295719341948,15.6216716053758
111.999999999983,0.810194361287579,2.0116203457965,,,3.70888904716177,4.7850151505098,4.28098646023787,5.86040970806358,7.70752268979634,8.5227233203629,8.80169115777143,10.1475764058902,,11.2568768170479,,,12.9325392217628,14.1384660982846,14.1871927664306,15.5661285221492
112.599999999983,0.865957143777951,2.0079663531133,,,3.71154216142491,4.73863027865652,4.25036510933204,5.66945876905847,7.72045401805118,8.50675784530518,8.70274189469004,10.3404270744217,,11.0945231806663,,,12.9114864364616,14.2667477660798,14.0786661909133,15.5105854389225
113.199999999983,0.783330139062982,1.95531400941492,,,3.52037365597499,4.6169458727027,4.17202007893823,5.71328807103097,7.68646113511303,8.48977632874855,8.67584968938073,10.5120435883834,,11.2136206480206,,,12.816371194371,14.1453832665385,14.0308827849103,15.577159943534
113.799999999983,0.700703134344169,1.90213325796601,,,3.32920515051968,4.48518265797534,4.13767154710094,5.72978051527026,7.52427298676993,8.39463022850195,8.65027560661646,10.4236375984126,,11.3327181153828,,,12.7457834510477,13.9200329241607,13.9900445208218,15.6370060502286
114.399999999983,0.618076129625356,1.84895250651708,,,3.13803664506437,4.35341944324769,4.10332301526487,5.75748877577611,7.38478897938421,8.30159401344883,8.62470152385223,10.3352316084345,,11.4518155827449,,,12.6751957077251,13.7003537151895,13.9492062567335,15.6968521569229
114.999999999983,0.535449124906542,1.79577175506814,,,2.94686813960906,4.22165622852005,4.06897448342881,5.78519703628228,7.25521061471864,8.22152982007928,8.599127441088,10.2468256184564,,11.570913050107,,,12.6046079644025,13.4806745062184,13.9083679926452,15.7566982636172
115.599999999983,0.452822120187731,1.74259100361921,,,2.75569963415375,4.08989301379241,4.00947832842607,5.74848926088841,7.15839985161078,8.19148188657858,8.56814345110888,10.132868181514,,11.6900105174691,,,12.518690601421,13.2626339514651,13.8675297285569,15.8165443703116
116.199999999983,0.50441325414348,1.93852845780775,,,2.84604469228818,4.17149800520737,4.04457114763395,5.76472724750065,7.18318591225103,8.2034057830299,8.52933465806155,9.96580880622882,,11.7188967903058,,,12.4487046720766,13.1649398457036,13.7977116498885,15.6075357414037
116.799999999983,0.556004388103058,2.13246273906034,,,2.93638975043064,4.25689361253337,4.11443309129432,5.84504044170982,7.34619480268517,8.29641080396392,8.53345959353402,9.89867794720371,,11.7477830631399,,,12.474069947874,13.1702804513785,13.7468002391584,15.4535022915569
117.399999999983,0.607595522062638,2.32639702031289,,,3.02673480857311,4.34228921985947,4.18429503495568,5.99216663582652,7.49082407491212,8.36389959270882,8.53758452900773,9.83154708818148,,11.776669335974,,,12.4994352236742,13.1644506852053,13.6958888284289,15.2994688417117
117.999999999983,0.659186656022215,2.52033130156543,,,3.11707986671557,4.42768482718557,4.25415697861705,6.13929282994516,7.61907072436933,8.41589376313046,8.54170946448143,9.76441622915926,,11.8055556088082,,,12.5248004994743,13.1586209190317,13.6449774176993,15.1454353918665
118.599999999982,0.710777789981796,2.71426558281797,,,3.20742492485803,4.51308043451167,4.35629606296408,6.31600115899461,7.71515306555466,8.46584923624799,8.5467034216236,9.72244393772268,,11.8344418816423,,,12.5520727930926,13.2262993505365,13.5940660069697,14.9914019420213
119.199999999982,0.828348298182118,2.64364592631296,,,3.25045784588767,4.39017236828537,4.40502677560091,6.33158652779468,7.82422475772268,8.54712370485158,8.71440457423101,9.68956876062973,,11.7023215813101,,,12.6817309711658,13.4258038378946,13.7948836724505,15.0388762600404
119.799999999982,0.945918806384374,2.57914593926643,,,3.29349076691593,4.31028809170212,4.4337796546183,6.25725620950445,7.80102869642656,8.56945107156763,8.83202091204133,9.71274167022888,,11.5702012809732,,,12.7071802142972,13.5512904038218,14.013814207569,15.061840540818
120.399999999982,1.06348931458663,2.51464595222008,,,3.33652368794418,4.23040381512013,4.4625325336351,6.11740087823868,7.78525302335123,8.61003233493396,8.94963724985016,9.73591457982968,,11.4380809806363,,,12.7326294574256,13.6819912374886,14.2327447426882,15.084804821595
120.999999999982,1.18105982278888,2.45014596517373,,,3.37955660897244,4.15051953853814,4.4912854126519,5.97754554697097,7.77941517292274,8.65763806691546,9.067253587659,9.75908748943051,,11.3059606802994,,,12.7580787005539,13.8126920711556,14.4516752778073,15.1077691023719
121.599999999982,1.29863033099114,2.38564597812738,,,3.42258953000069,4.07063526195615,4.49423712253916,5.84582728242138,7.75176125671826,8.65221964104616,9.20924736957276,9.75566325014217,,11.1738403799625,,,12.7890140618573,13.8125710694332,14.6706058129264,15.1307333831488
122.199999999982,1.19951270332718,2.33235943431778,,,3.25858590068596,4.23243831014683,4.47724784338289,5.73618709275406,7.58126714008949,8.55919057737307,9.21008426531091,9.92632261044612,,11.3321796636879,,,12.7082973310392,13.5396573172968,14.4553272070981,15.143726297647
122.799999999982,1.10039507565671,2.26861568704223,,,3.09458227136501,4.37250771276234,4.40621928994116,5.73867921421534,7.49198029890691,8.51244624945948,9.21265417655072,10.0260821845599,,11.490518947422,,,12.7275551704786,13.3949227855515,14.220053602847,15.1689416643888
123.399999999982,1.00127744798623,2.20487193976635,,,2.93057864204405,4.51257711537718,4.3351907364978,5.71665959225779,7.4068048657079,8.44601840088442,9.21522408779057,10.1258417586715,,11.6488582311561,,,12.7468130099211,13.2508595435731,13.9847799985952,15.194157031131
123.999999999982,0.902159820315761,2.14112819249048,,,2.7665750127231,4.65264651799203,4.26416218305444,5.69463997029948,7.31957941106787,8.37188310086212,9.21779399903042,10.2256013327831,,11.8071975148902,,,12.7660708493636,13.1067963015947,13.7495063943435,15.2193723978733
124.599999999982,0.803042192645289,2.07738444521461,,,2.60257138340214,4.79271592060688,4.19320952685318,5.74523406882903,7.281438321119,8.37365019242677,9.1961076817927,10.394331102796,,11.9655367986244,,,12.7747641889968,13.0671866672266,13.5142327900917,15.2445877646155
125.199999999981,0.776080636164921,2.09533256036898,,,2.65981332891792,4.77180690525716,4.18069686500803,5.88352430260079,7.24726692564245,8.35922387993688,9.14105478540318,10.352266752412,,11.9219679169524,,,12.6312138056014,13.1271438035147,13.5558775170758,15.1008962634056
125.799999999981,0.749119079686772,2.1191506193093,,,2.71705527444051,4.68619144937818,4.18208277783533,5.91483467095324,7.08772419138153,8.30697703551798,9.08137734014258,10.2963606493035,,11.8783990352742,,,12.4102217602342,13.0496872822628,13.5962445981372,14.9948274688844
126.399999999981,0.722157523208629,2.1429686782498,,,2.7742972199631,4.60057599349719,4.18346869066304,5.98815243907965,6.91585520914732,8.25865104113021,9.02169989488183,10.2404545461945,,11.8348301535961,,,12.1892297148645,12.9678078488882,13.6366116791985,14.8887586743644
126.999999999981,0.695195966730485,2.1667867371903,,,2.83153916548569,4.5149605376162,4.18485460349077,6.06147020720736,6.74009675634652,8.2160818276001,8.9620224496211,10.1845484430856,,11.7912612719179,,,11.9682376694949,12.8859284155134,13.6769787602598,14.7826898798444
127.599999999981,0.668234410252339,2.19060479613081,,,2.88878111100828,4.42934508173521,4.19170628603031,6.05013115337781,6.56041665622247,8.09551116553574,8.89593523676337,10.0371761349177,,11.7476923902398,,,11.7613374888196,12.798040000015,13.7173458413212,14.6766210853243
128.199999999981,0.780043461155492,2.27796315644335,,,3.07414144210723,4.2589617384904,4.15033317574019,5.92701427236968,6.49400830626225,8.05743274091995,8.89006884092741,9.95985432970345,,11.6452135182779,,,11.8695626252634,12.8325641631558,13.6713267838626,14.8059587407438
128.799999999981,0.891852512063025,2.36458026240788,,,3.25950177321022,4.19646995726688,4.19887932327015,5.88445987221573,6.72730603536212,8.08900955253117,8.94859506074756,9.92517351593047,,11.5427346463141,,,12.059316574311,12.9452778369075,13.640734915728,14.9384578091043
129.399999999981,1.00366156297056,2.45119736837239,,,3.44486210431322,4.13397817604678,4.24742547080295,5.80274429843711,6.96855537035233,8.09432302581662,9.00712128056975,9.89049270215884,,11.4402557743504,,,12.2490705233612,13.0756042775218,13.6101430475939,15.0709568774649
129.999999999981,1.11547061387809,2.5378144743369,,,3.63022243541621,4.07148639482668,4.29597161833575,5.72102872465726,7.22404902749467,8.10242340452084,9.06564750039193,9.85581188838721,,11.3377769023866,,,12.4388244724114,13.2059307181366,13.5795511794598,15.2034559458254
130.599999999981,1.22727966478562,2.62443158030141,,,3.8155827665192,4.00899461360658,4.35245155569832,5.66151254192636,7.42963297499664,8.16153247900752,9.14601310176974,9.82663820741674,,11.2352980304229,,,12.6227934965418,13.2557450205804,13.5489593113258,15.335955014186
131.199999999981,1.24245057924677,2.52051827456844,,,3.76378221835788,4.3507885212191,4.42770497420445,5.6261736987645,7.66651456483009,8.23071483118999,9.2251077538097,9.89433938847508,,11.1578534305518,,,12.7064981043182,13.3540642451516,13.7263140890364,15.5485276886277
131.79999999998,1.25762149370481,2.41966766061994,,,3.7119816701889,4.64092393362271,4.36838217744584,5.6271998096673,7.64315047163658,8.21472172908689,9.23248169479968,10.0770167844808,,11.0804088306815,,,12.7280708637545,13.4240876787964,13.8912497893943,15.6284568820469
132.39999999998,1.27279240816284,2.31881704667154,,,3.66018112201992,4.93105934602463,4.30905938068286,5.682964959271,7.62052959381969,8.27054687825786,9.23985563578732,10.2596941804902,,11.0029642308112,,,12.7496436231887,13.4731336933598,14.0561854897519,15.7083860754618
132.99999999998,1.28796332262087,2.21796643272314,,,3.60838057385094,5.22119475842656,4.24973658391988,5.7387301088765,7.57754197068733,8.32753641977146,9.24722957677497,10.4423715764997,,10.9255196309409,,,12.771216382623,13.5221797079224,14.2211211901094,15.7883152688766
133.59999999998,1.3031342370789,2.11711581877473,,,3.55658002568196,5.51133017082849,4.19549438617609,5.84812282775214,7.56037446415626,8.36419047287835,9.22442459867532,10.7285564452602,,10.8480750310706,,,12.7889692645188,13.6160392122698,14.3860568904669,15.8682444622915
134.19999999998,1.22587497021532,2.08115672704291,,,3.39397085052664,5.33876213746419,4.1441797398117,6.01805349896271,7.45566520747583,8.36712400441072,9.08324420730526,10.7854615978109,,10.9244383025441,,,12.8892968307271,13.5297598126099,14.4070116238343,15.6640054569126
134.79999999998,1.14861570334868,2.03994826111348,,,3.23136167536766,5.15069338987478,4.16457913477987,6.07203414669034,7.47205969793809,8.43767948558283,8.9985532234375,10.6013566081261,,11.0008015740227,,,13.0442159170621,13.4721916024373,14.4158070349947,15.610920457254
135.39999999998,1.07135643648204,1.99873979518387,,,3.06875250020868,4.96262464228486,4.18497852975042,6.07125431203409,7.49100213559166,8.45507987075963,8.9138622395716,10.4172516184333,,11.0771648455013,,,13.1991350033989,13.4233369050551,14.4246024461548,15.5578354576004
135.99999999998,0.994097169615404,1.95753132925426,,,2.9061433250497,4.77455589469493,4.20537792472097,6.07047447737604,7.5173331080896,8.46132075893305,8.82917125570572,10.2331466287405,,11.1535281169799,,,13.3540540897357,13.3744822076731,14.4333978573149,15.5047504579468
136.59999999998,0.916837902748767,1.91632286332465,,,2.74353414989072,4.586487147105,4.20149042942095,5.98420246019561,7.53693586086261,8.4753006877367,8.7687661924477,9.92836649601275,,11.2298913884585,,,13.5277749820649,13.3453251401685,14.442193268475,15.4516654582933
137.19999999998,0.947089965118083,1.96269752256401,,,2.85955153429055,4.64359015834871,4.20678988717406,5.78065413890862,7.52554482372677,8.47398285036754,8.78093190616369,9.79699345237004,,11.3307440238462,,,13.4834296975442,13.3789464503848,14.2949155040365,15.4012450340659
137.79999999998,0.977342027491033,2.00655322370918,,,2.9755689186998,4.7104274083081,4.26779960012704,5.60509418332964,7.47678225471367,8.43242788025377,8.75736057400462,9.94364605540677,,11.4315966592347,,,13.4231767225335,13.3989296284108,14.1956078252101,15.3191671514355
138.399999999979,1.00759408986398,2.05040892485426,,,3.09158630310905,4.77726465826781,4.32880931308191,5.50262311060791,7.41503706552348,8.38669767227278,8.73378924184433,10.090298658453,,11.5324492946232,,,13.3629237475223,13.4143597472739,14.0963001463854,15.2370892688041
138.999999999979,1.03784615223693,2.09426462599935,,,3.20760368751829,4.84410190822753,4.38981902603678,5.40015203788868,7.36467865594029,8.34875535947525,8.71021790968404,10.2369512614991,,11.6333019300117,,,13.3026707725111,13.4297898661368,13.9969924675606,15.1550113861726
139.599999999979,1.06809821460989,2.13812032714443,,,3.32362107192754,4.91093915818725,4.47237825331438,5.29172230612302,7.33096813694718,8.30447921796539,8.69750479642604,10.4618844424114,,11.7341545654003,,,13.2294368082612,13.4427173890629,13.8976847887358,15.0729335035412
140.199999999979,1.10020881387688,2.11291913555184,,,3.34228713884379,4.97157213668151,4.53283847188902,5.41919727168143,7.34252623837606,8.25994533868853,8.76525650606072,10.7335164191334,,11.5911389795193,,,13.2144151002303,13.5222504455549,14.0808988480717,15.1738933841458
140.799999999979,1.13231941314395,2.09863084661205,,,3.36095320575667,5.05902484398517,4.50543512572723,5.55160881851522,7.39355235722342,8.24644458079718,8.78883410305306,10.7788474224084,,11.44812339363,,,13.1459479623165,13.5572276813516,14.2442453163456,15.2104862126189
141.399999999979,1.16443001241101,2.08434255767264,,,3.37961927266955,5.14647755128976,4.47803177956239,5.6785467098034,7.45685171657052,8.24322148121903,8.81241170004385,10.8241784256755,,11.3051078077406,,,13.0774808244009,13.5967684571764,14.4075917846188,15.2470790410897
141.999999999979,1.19654061167807,2.07005426873323,,,3.39828533958242,5.23393025859435,4.45062843339755,5.8054846010914,7.50947105558116,8.24003760796839,8.83598929703465,10.8695094289426,,11.1620922218512,,,13.0090136864854,13.6363092330014,14.5709382528921,15.2836718695605
142.599999999979,1.22865121094513,2.05576597979382,,,3.4169514064953,5.32138296589895,4.41571177892897,6.04423060732379,7.60425414800671,8.26390608822587,8.83294712277887,10.9055078513697,,11.0190766359618,,,12.943218037439,13.6823693055426,14.7342847211653,15.3202646980314
143.199999999979,1.12545926603314,2.07373269126504,,,3.30892367108804,5.14767142147585,4.37791257878096,6.03714042753959,7.62859213236383,8.30050554409483,8.72965827258055,10.707655245918,,11.1110352919852,,,12.9121229530794,13.5076436361798,14.5171531481326,15.2051652842345
143.799999999979,1.02226732111638,2.08049454456586,,,3.20089593567631,4.95237848321974,4.36469357809717,6.06346691621271,7.65247676262026,8.28466923846218,8.71363614749818,10.623614818457,,11.2029939480168,,,12.8878246811938,13.4001546108342,14.2599465663206,15.1540793077942
144.399999999979,0.91907537619961,2.08725639786628,,,3.09286820026457,4.75708554496286,4.35147457741425,6.01577045983013,7.67414880648903,8.30191843594092,8.69761402241892,10.539574391,,11.2949526040485,,,12.8635264093083,13.2916988174155,14.0027399845072,15.1029933313561
144.999999999978,0.815883431282844,2.0940182511667,,,2.98484046485284,4.56179260670599,4.33825557673133,5.96807400344488,7.70257704748708,8.32231067288846,8.68159189733965,10.4555339635431,,11.3869112600801,,,12.8392281374229,13.1832430239968,13.7455334026938,15.051907354918
145.599999999978,0.712691486366075,2.10078010446712,,,2.8768127294411,4.36649966844911,4.33257629396838,5.81652879925533,7.64481190246844,8.35136533700778,8.67489136664337,10.3292514364627,,11.4788699161118,,,12.8136292389459,13.0078026750562,13.4883268208803,15.0008213784799
146.199999999978,0.592786259224132,2.16872599661098,,,2.98249546177145,4.24580685634135,4.34823716712575,5.80680706752566,7.69409891374089,8.35892313362829,8.75727758568859,10.4837716316257,,11.6089938070222,,,12.6370546396809,13.0384080298662,13.433219865664,15.0886963923362
146.799999999978,0.472881032081585,2.24591284510711,,,3.08817819410952,4.11708082223789,4.33929942788939,5.79755367733848,7.63140544296703,8.43362435065199,8.80749982846304,10.3616074951573,,11.7391176979341,,,12.4517178053168,13.0476200139315,13.3795817048588,15.1084575119376
147.399999999978,0.352975804939034,2.32309969360357,,,3.19386092644759,3.98835478813413,4.33036168865214,5.83692562332218,7.56342590073043,8.49819025071446,8.85772207123631,10.2394433586789,,11.8692415888458,,,12.2663809709523,13.0492468265284,13.3259435440536,15.1282186315366
147.999999999978,0.233070577796487,2.40028654210003,,,3.29954365878565,3.85962875403037,4.32142394941489,5.87629756930764,7.48111880925838,8.55434265553654,8.90794431400959,10.1172792222005,,11.9993654797577,,,12.0810441365879,13.0508736391249,13.2723053832485,15.1479797511355
148.599999999978,0.11316535065394,2.4774733905965,,,3.40522639112372,3.73090271992662,4.29723096507426,6.03602111427883,7.45299991589883,8.52337887808022,8.95354087620058,10.0290264490111,,12.1294893706695,,,11.8795945586477,13.109340064831,13.2186672224434,15.1677408707345
149.199999999978,0.173774707557409,2.46806695592018,,,3.38756373431755,3.86876417773612,4.24543081205353,6.12615213117754,7.39069981230718,8.51888167044737,8.99975510226885,9.66288057655058,,12.0426878374347,,,11.9937162889325,13.1872451668299,13.3116071290731,15.0324198887711
149.799999999978,0.23438406446753,2.4512233298686,,,3.36990107750683,4.01075243903842,4.28040171576464,6.1321402458525,7.34198214804264,8.47666082534549,9.00934127585719,9.65026443674928,,11.9558863041919,,,12.1974347328504,13.2253384267954,13.4624505751821,14.9696473571281
150.399999999978,0.294993421377648,2.43437970381674,,,3.35223842069612,4.15274070034087,4.31537261947895,6.15957810166807,7.30381947941954,8.38991393034171,9.01892744944417,9.63764829696106,,11.8690847709491,,,12.4011531767716,13.2710229558752,13.6132940212933,14.9068748254878
150.999999999978,0.355602778287769,2.41753607776488,,,3.3345757638854,4.29472896164333,4.35034352319327,6.18701595748447,7.27940254260818,8.3057213829994,9.02851362303116,9.62503215717286,,11.7822832377063,,,12.6048716206928,13.3167074849552,13.7641374674045,14.8441022938474
151.599999999977,0.416212135197892,2.40069245171302,,,3.31691310707469,4.43671722294578,4.3971630528713,6.03486585825605,7.25611352283014,8.31342416085479,9.05003943309209,9.57833765614606,,11.6954817044635,,,12.8260321916125,13.3606447342147,13.9149809135157,14.7813297622071
152.199999999977,0.365815146194997,2.27723473836512,,,3.21189291149361,4.30179379656059,4.4668422162244,5.94700126654382,7.15254512236957,8.29295148666642,8.97060931537514,9.6812794482633,,11.7005963974854,,,12.7303249201629,13.0711792522423,13.8235163878796,14.7520939201709
152.799999999977,0.315418157187929,2.1526478495526,,,3.10687271590926,4.16910790832451,4.4312941175714,5.93735380861125,7.06451003122244,8.23153392832072,8.88969904469528,9.71476175523699,,11.7057110905108,,,12.4881108201551,12.7931906588128,13.6411350538308,14.6750321331473
153.399999999977,0.265021168180859,2.02806096074004,,,3.0018525203249,4.03642202008852,4.39574601891443,5.86216439916424,6.97642993200387,8.20568161168405,8.80878877401536,9.74824406220807,,11.7108257835362,,,12.2458967201417,12.5212554328983,13.4587537197787,14.5979703461219
153.999999999977,0.214624179173791,1.90347407192748,,,2.89683232474054,3.90373613185253,4.36019792025746,5.78697498971474,6.87891541475324,8.17900695434244,8.72787850333544,9.78172636917914,,11.7159404765616,,,12.0036826201284,12.249320206984,13.2763723857266,14.5209085590964
154.599999999977,0.164227190166721,1.77888718311492,,,2.79181212915619,3.77105024361654,4.34158403317451,5.75267797470882,6.74125710543725,8.12613070707305,8.64687222694115,9.83701441900339,,11.721055169587,,,11.7676312673037,12,13.0939910516744,14.443846772071
155.199999999977,0.424454379658749,1.81960567529167,,,2.93377547074552,3.77756759603374,4.31481079583717,5.70949926633524,6.77049977258192,8.09070642652091,8.59708083723358,9.81614847068844,,11.8139034768601,,,11.7450983005704,12.1795413521891,13.1265782499949,14.5539770888402
155.799999999977,0.684681569162691,1.87164093535155,,,3.07573881234433,3.7647971661842,4.33441901665248,5.6949293963492,6.72683671348227,8.08468117757008,8.63596367624787,9.74665031339764,,11.9067517841366,,,11.7822529841978,12.3821691483074,13.2332916512402,14.6577586579661
156.399999999977,0.944908758666632,1.92367619541186,,,3.21770215394313,3.75202673633392,4.35402723746957,5.69590196642665,6.67154137418375,8.09944464436805,8.67484651526556,9.67715215610495,,11.9996000914132,,,11.8194076678275,12.5825931732857,13.3400050524883,14.7615402270918
156.999999999977,1.20513594817058,1.97571145547218,,,3.35966549554194,3.73925630648363,4.37363545828666,5.69687453650471,6.61533007186371,8.12011969061356,8.71372935428326,9.60765399881226,,12.0924483986897,,,11.8565623514573,12.7830171982639,13.4467184537365,14.8653217962175
157.599999999977,1.46536313767452,2.02774671553249,,,3.50162883714075,3.72648587663335,4.35126292048381,5.85612923084216,6.60562434665466,8.1239327959775,8.75908521797232,9.59237252197866,,12.1852967059662,,,11.8847398342791,12.9588355297058,13.5534318549846,14.9691033653431
158.199999999976,1.28150915943926,2.10335014093226,,,3.44235148000449,3.87406080906906,4.32053322678821,5.98774694633371,6.50318429861782,8.21833915085811,8.8562840267818,9.6432367847034,,12.079043155637,,,11.8880061296182,12.9863471783565,13.6246772004482,14.9951109384482
158.799999999976,1.09765518118661,2.16922125104224,,,3.38307412286035,4.07293517256688,4.29858835749163,6.08859295749596,6.55770138372574,8.34294437163832,8.82991026693769,9.76702744668671,,11.9727896053,,,11.9153806969523,13.0251714154615,13.6806800297027,15.0480799229151
159.399999999976,0.913801202933973,2.23509236115183,,,3.32379676571622,4.27180953606672,4.27664348819541,6.21626364461993,6.61466499709033,8.42689083386505,8.80353650708872,9.89081810867291,,11.866536054963,,,11.9427552642873,13.0621199380411,13.7366828589566,15.101048907383
159.999999999976,0.729947224681334,2.30096347126142,,,3.26451940857209,4.47068389956656,4.25469861889918,6.34393433174496,6.68440217252608,8.50378082732102,8.77716274723975,10.0146087706591,,11.760282504626,,,11.9701298316223,13.0990684606206,13.7926856882106,15.1540178918509
160.599999999976,0.546093246428694,2.36683458137102,,,3.20524205142796,4.6695582630664,4.26301119019444,6.36316808021789,6.73381025680475,8.59035410472172,8.71834045700372,10.0247541069557,,11.654028954289,,,11.9977714731993,13.1050289263171,13.8486885174645,15.2069868763189
161.199999999976,0.599919194409404,2.36529584207187,,,3.20960341220272,4.49792837137382,4.32583011179742,6.32881062094888,6.7811390071657,8.56842792953059,8.58579890087786,10.0665288398692,,11.5448499023063,,,12.0971824199226,13.0643710551354,13.687612440119,15.2828928794062
161.799999999976,0.653745142399597,2.36473356144024,,,3.21396477298002,4.27540607988438,4.39359671045892,6.2637254195454,6.89309327384032,8.56430412589529,8.5566849088674,9.94770965913279,,11.4356708503235,,,12.2314518608793,13.040378491544,13.5205161111072,15.3840266102594
162.399999999976,0.707571090389789,2.36417128080865,,,3.21832613375733,4.05288378839291,4.46136330912062,6.23685940383131,7.01278127958884,8.55999885592908,8.52757091686107,9.82889047839003,,11.3264917983406,,,12.3657213018373,13.0108848362225,13.3534197820952,15.4851603411137
162.999999999976,0.76139703837998,2.36360900017706,,,3.22268749453463,3.83036149690144,4.52912990778233,6.20999338811874,7.13200614158088,8.56363204349017,8.49845692485476,9.71007129764725,,11.2173127463578,,,12.4999907427954,12.9813911809008,13.1863234530832,15.5862940719679
163.599999999976,0.81522298637017,2.36304671954547,,,3.22704885531194,3.60783920540997,4.57181848725131,6.08061752729201,7.28001965553024,8.52942845538055,8.50971224695992,9.67493188347533,,11.108133694375,,,12.6472374938513,13.0224321701075,13.0192271240712,15.6874278028222
164.199999999976,0.85940623065683,2.32777793963845,,,3.28402277372177,3.80251842679341,4.55397609684322,6.05480412776226,7.50805790640288,8.54717861779304,8.61034765632694,9.65844441124287,,11.1968287249486,,,12.7232888825278,13.2732926217437,13.32704637399,15.7325324076288
164.799999999975,0.903589474943098,2.29548442417147,,,3.34099669213373,4.04167033046556,4.52061017281292,5.97664417382644,7.61660936319426,8.52556735028994,8.67885031507543,9.7733813047607,,11.2855237555302,,,12.8211196524449,13.4877012842752,13.6473014423126,15.7822505919464
165.399999999975,0.947772719229365,2.26319090870461,,,3.39797061054569,4.28082223413953,4.48724424878199,5.81502936276354,7.71663484551644,8.53195350233847,8.74735297382261,9.88831819828389,,11.3742187861119,,,12.9189504223629,13.6994388215469,13.9675565106356,15.8319687762642
165.999999999975,0.991955963515634,2.23089739323775,,,3.45494452895766,4.51997413781349,4.45387832475106,5.6534145516972,7.8096422474799,8.54825329590889,8.81585563256978,10.0032550918071,,11.4629138166935,,,13.0167811922808,13.9111763588184,14.2878115789587,15.881686960582
166.599999999975,1.0361392078019,2.19860387777089,,,3.51191844736963,4.75912604148745,4.43049228896165,5.63680386638893,7.86305324235054,8.59544721262833,8.86474111115909,10.1009291645572,,11.5516088472752,,,13.0890763294769,14.0486235248984,14.6080666472818,15.9314051448998
167.199999999975,0.858826526836317,2.19154689749114,,,3.5045904457286,4.61524692054136,4.4170549249426,5.57187141739929,7.78443454266113,8.61724106016647,8.88709721124363,10.0602592515675,,11.6416256677225,,,12.9425390727993,13.7492553053782,14.4320178287676,15.9479196190265
167.799999999975,0.68151384586156,2.18823277191182,,,3.49726244408491,4.4439002683286,4.40278239121377,5.62967163118958,7.59287658555986,8.64131801115161,8.87624844029027,10.0383622752241,,11.7316424881698,,,12.6697893687097,13.4346587823418,14.2548627669532,15.9021207107936
168.399999999975,0.504201164886805,2.18491864633266,,,3.48993444244123,4.27255361611469,4.38850985748492,5.75886941500076,7.40369726877852,8.62175137556967,8.86539966933553,10.0164652988815,,11.8216593086171,,,12.397039664615,13.1282840911701,14.0777077051388,15.8563218025582
168.999999999975,0.326888483912051,2.1816045207535,,,3.48260644079754,4.10120696390079,4.37423732375606,5.88806719881493,7.20929828285637,8.58570534376015,8.85455089838078,9.99456832253881,,11.9116761290644,,,12.1242899605203,12.8219093999988,13.9005526433244,15.8105228943227
169.599999999975,0.149575802937296,2.17829039517434,,,3.47527843915385,3.92986031168688,4.36390455762377,6.00209935527485,7.0207431737877,8.56894246943274,8.83310179299183,9.99923913598761,,12.0016929495118,,,11.8636926029803,12.5828026109611,13.7233975815099,15.7647239860872
170.199999999975,0.21103694132665,2.08975998863333,,,3.39516080323984,4.03457447326652,4.36735292822182,6.0833883393826,6.94500256986883,8.56801169883733,8.84598510954329,10.2143667507183,,11.9815693349866,,,12.0346355024491,12.8441419709399,13.822945936828,15.6896147694068
170.799999999975,0.272498079726074,1.98877577798541,,,3.31504316732276,4.15168729411542,4.36073447767842,6.15312711975789,7.18426856928676,8.61050572441496,8.87531195371261,10.272966594937,,11.9614457204568,,,12.3427678044056,13.1895351757854,13.9417668122766,15.6483379455359
171.399999999974,0.333959218125498,1.88779156733697,,,3.23492553140568,4.26880011496485,4.35411602713459,6.19766805980439,7.4232340181861,8.68581348852539,8.90463879788263,10.331566439149,,11.941322105927,,,12.6509001063679,13.5380264108049,14.0605876877261,15.6070611216664
171.999999999974,0.39542035652492,1.78680735668853,,,3.1548078954886,4.38591293581428,4.34749757659076,6.24220899984982,7.6717165361142,8.7498594123001,8.93396564205266,10.390166283361,,11.9211984913972,,,12.9590324083303,13.8865176458246,14.1794085631755,15.5657842977969
172.599999999974,0.456881494924344,1.68582314604009,,,3.07469025957152,4.5030257566637,4.31739878555262,6.22637348985809,7.93540719120701,8.79936256000874,8.97917061744333,10.3841433554774,,11.9010748768674,,,13.2657348291742,14.1268820796558,14.298229438625,15.5245074739274
173.199999999974,0.567514131454448,1.70259289507022,,,3.15498209502532,4.55693480697764,4.28203004841339,6.25004631713808,8.14488145939213,8.8096883872675,8.94320833142679,10.0672264369108,,11.8553228591896,,,13.20409126665,14.0395418767422,14.3197941536498,15.5470565412069
173.799999999974,0.678146767986664,1.72903422921246,,,3.23527393048599,4.56758790783327,4.24400951856649,6.2326909295401,8.00172765894288,8.69266558877333,8.93971951575193,9.94703571756754,,11.8095708415107,,,13.0431046880368,13.8204552331566,14.2762310273723,15.5088360056417
174.399999999974,0.788779404518879,1.75547556335511,,,3.31556576594667,4.57824100868703,4.20598898871947,6.15804591745569,7.8597022791293,8.55835159347222,8.93623070007846,9.82684499823275,,11.7638188238318,,,12.8821181094193,13.5872275874556,14.232667901092,15.4706154700738
174.999999999974,0.899412041051093,1.78191689749776,,,3.39585760140735,4.58889410954079,4.16796845887245,6.0834009053688,7.71414355362815,8.44464988994385,8.932741884405,9.70665427889797,,11.7180668061529,,,12.7211315308019,13.3539999417539,14.1891047748117,15.4323949345059
175.599999999974,1.01004467758331,1.80835823164041,,,3.47614943686802,4.59954721039455,4.1537246341332,6.01638040410811,7.50701431121872,8.29878439356816,8.92180392141315,9.63052300911433,,11.672314788474,,,12.5436528843942,13.1621155010693,14.1455416485313,15.3941743989381
176.199999999974,0.892141431586436,1.77571676232366,,,3.3524042259469,4.48660615207273,4.09014241383,5.91185952114162,7.20805519027347,8.12041761436978,8.84724077506806,9.69500986212809,,11.6540782202942,,,12.4659438878814,13.0658153316478,13.9906870822661,15.2396880555882
176.799999999974,0.774238185579585,1.73906212600901,,,3.22865901501686,4.40337680964029,4.08757338743452,5.76332975555651,7.17265624359155,8.04378399019147,8.74959137509722,9.59220315186907,,11.6358416521155,,,12.4863787541953,13.0759349762268,13.8983395920123,15.1955237936395
177.399999999974,0.656334939572733,1.70240748969418,,,3.10491380408683,4.32014746720916,4.08500436104171,5.69025218862854,7.14274668377931,7.97939323386869,8.65194197512536,9.48939644160271,,11.6176050839369,,,12.5068136205135,13.0963108135832,13.8059921017612,15.1513595316956
177.999999999973,0.538431693565881,1.66575285337935,,,2.98116859315679,4.23691812477802,4.08243533464891,5.61717462170387,7.1133944539742,7.90608608153685,8.5542925751535,9.38658973133636,,11.5993685157582,,,12.5272484868317,13.11668665094,13.7136446115101,15.1071952697517
178.599999999973,0.420528447559028,1.62909821706452,,,2.85742338222675,4.15368878234688,4.11059862532889,5.51825615925166,7.14442388712253,7.89574731375217,8.44487641224967,9.23430191849826,,11.5811319475796,,,12.5650201433352,13.2425934167518,13.621297121259,15.0630310078078
179.199999999973,0.455382336645975,1.84657360932788,,,3.00807232605687,4.21654574301328,4.20227257565391,5.49993307184003,7.26984339386079,7.97118868592479,8.50504012762629,9.32439608024491,,11.5237931613161,,,12.6466719433797,13.3229129936778,13.7327686325224,15.1699443312891
179.799999999973,0.490236225739709,2.06988771914057,,,3.15872126989917,4.30831998348446,4.19685055355784,5.5436956106781,7.21888726137291,8.03531722692426,8.57516348824706,9.49502797406522,,11.466454375051,,,12.6714446751495,13.3367535196355,13.8571001362449,15.2320458765918
180.399999999973,0.525090114833445,2.29320182895353,,,3.30937021374148,4.40009422395694,4.19142853145744,5.53232297526236,7.16189281573321,8.09432961661733,8.64528684886826,9.66565986788912,,11.4091155887858,,,12.6962174069167,13.3539187641972,13.9814316399679,15.2941474218926
180.999999999973,0.559944003927181,2.51651593876649,,,3.46001915758379,4.49186846442941,4.18600650935703,5.52095033984414,7.10559036477886,8.14958000695757,8.71541020948947,9.83629176171302,,11.3517768025206,,,12.720990138684,13.3710840087589,14.105763143691,15.3562489671933
181.599999999973,0.594797893020917,2.73983004857944,,,3.61066810142609,4.58364270490189,4.1461762498882,5.63857304164596,7.04285492049911,8.17413477486385,8.82054663900091,10.0621011918613,,11.2944380162554,,,12.7501190439269,13.2748051612922,14.230094647414,15.4183505124941
182.199999999973,0.679176494662972,2.61208645105601,,,3.48785152046596,4.64285692594857,4.0939287461632,5.68362837465624,7.04201475995847,8.14532810819368,8.86880494282753,9.97650715913277,,11.3610095095569,,,12.8125761520394,13.3635914380743,14.3059406554536,15.2918367947867
182.799999999973,0.763555096307263,2.47847694222153,,,3.36503493949346,4.6804935333334,4.1250740136183,5.72303130049034,7.16703983548106,8.14207000933476,8.91507688702343,9.82714567314748,,11.4275810028641,,,12.8404657381629,13.499936312177,14.2988866608275,15.1397390894453
183.399999999973,0.847933697951554,2.34486743338679,,,3.24221835852096,4.71813014071724,4.15621928107718,5.78623810572531,7.29224426878193,8.14102379945717,8.96134883121924,9.67778418715926,,11.4941524961712,,,12.8683553242848,13.6257891838527,14.2918326661977,14.9876413841027
183.999999999973,0.932312299595845,2.21125792455205,,,3.11940177754846,4.75576674810108,4.18736454853606,5.84944491096139,7.41223243894642,8.14010298458524,9.00762077541504,9.52842270117105,,11.5607239894783,,,12.8962449104067,13.7516420555278,14.2847786715679,14.8355436787601
184.599999999972,1.01669090124014,2.07764841571731,,,2.99658519657596,4.79340335548493,4.23270424985823,5.77414518976573,7.55196577836202,8.14930249295396,9.03593598553915,9.38262250114906,,11.6272954827855,,,12.9248227052342,13.9245836042264,14.2777246769381,14.6834459734175
185.199999999972,0.85538589291053,2.10148503113131,,,3.14616371560539,4.54799216026013,4.27664833048217,5.79496407708145,7.53234435164229,8.09871700154742,8.94270158834928,9.47129986100007,,11.6603547661001,,,12.6576525183117,13.6727234245095,13.989324443518,14.6581692184829
185.799999999972,0.694080884569634,2.12870363777207,,,3.29574223464733,4.28873912627786,4.2810272672243,5.86048260620923,7.42876958408556,8.01910258871041,8.82755843386902,9.63857877870675,,11.6934140494133,,,12.4200657757274,13.3706460097614,13.7521833421937,14.6542484027288
186.399999999972,0.532775876228739,2.15592224441299,,,3.44532075368928,4.02948609229495,4.28540620396461,6.0252073818237,7.32504260640871,7.97881909145157,8.71241527938776,9.80585769641706,,11.7264733327264,,,12.1824790331444,13.0752898920764,13.5150422408718,14.6503275869757
186.999999999972,0.371470867887843,2.1831408510539,,,3.59489927273122,3.77023305831204,4.28978514070491,6.18993215744275,7.23274601248641,7.95539876316069,8.59727212490648,9.97313661412737,,11.7595326160396,,,11.9448922905615,12.7799337743917,13.2779011395499,14.6464067712226
187.599999999972,0.210165859546947,2.21035945769482,,,3.74447779177316,3.51098002432913,4.27432427093703,6.50190966853802,7.10224021413264,7.95069649192399,8.45792082077284,10.1300727442066,,11.7925918993527,,,11.705856972375,12.5112027509965,13.040760038228,14.6424859554695
188.199999999972,0.247569624249808,2.13707582410792,,,3.60220326867484,3.6298817293465,4.24567807089993,6.58056543508584,7.01226790425931,8.0361608275044,8.48244535234535,10.1722010026554,,11.7468117891401,,,11.779837878217,12.5564524017206,13.1881657341177,14.7057009899237
188.799999999972,0.284973388961949,2.06128023443113,,,3.45992874556288,3.74767019603328,4.25233523104308,6.59598209248434,6.99076005380731,8.10437339798325,8.55181073900968,10.2171821566229,,11.7010316789238,,,11.7878135472833,12.6057644079493,13.3319350375321,14.758698447092
189.399999999972,0.322377153674092,1.98548464475422,,,3.31765422245092,3.86545866272,4.25899239118788,6.4741989837479,6.97350544732057,8.164001034201,8.6211761256761,10.2621633105905,,11.6552515687075,,,11.7957892163466,12.6524177979279,13.4757043409463,14.8116959042597
189.999999999972,0.359780918386233,1.90968905507731,,,3.17537969933896,3.98324712940672,4.26564955133268,6.35241587500501,6.94715360881732,8.21471234785063,8.69054151234252,10.3071444645581,,11.6094714584912,,,11.8037648854098,12.6990711879065,13.6194736443606,14.8646933614275
190.599999999972,0.397184683098376,1.8338934654004,,,3.033105176227,4.10103559609345,4.28075770376736,6.19003558808652,6.97395132557107,8.23929591988239,8.7834108385172,10.3290931641583,,11.5636913482749,,,11.8017222827144,12.7276311445347,13.7632429477749,14.9176908185953
191.199999999971,0.44190650915597,1.88935539994763,,,3.05332900814764,4.01880853866099,4.33206789024255,6.27224994141357,7.04065667245475,8.24805443309676,8.83909718103809,10.1762396438469,,11.5695193150033,,,11.7298802559932,12.8002345261536,13.7696935750851,14.9633771646892
191.799999999971,0.486628335213915,1.94443328591668,,,3.07355284007598,3.96167301657414,4.38215158013257,6.3329035611625,6.99676701884287,8.26210685713394,8.84581700309624,10.0430478652915,,11.5753472817342,,,11.8001315151013,12.946052464593,13.7673961221609,14.9976912988065
192.399999999971,0.531350161271857,1.99951117188572,,,3.09377667200433,3.90453749448848,4.43223527002254,6.42468938900995,6.94380183173008,8.2314770754428,8.85253682515204,9.90985608673707,,11.581175248465,,,11.8703827742162,13.0985206388917,13.7650986692362,15.0320054329232
192.999999999971,0.576071987329801,2.05458905785475,,,3.11400050393268,3.84740197240282,4.4823189599125,6.51647521685889,6.89053000618885,8.1920508863652,8.85925664720785,9.77666430818263,,11.5870032151959,,,11.9406340333311,13.2509888131906,13.7628012163115,15.0663195670399
193.599999999971,0.620793813387745,2.10966694382379,,,3.13422433586103,3.79026645031716,4.54666251147889,6.53012026573357,6.74860530925169,8.09605350735033,8.88325124738529,9.68135769226883,,11.5928311819267,,,12.0136881742226,13.3580705855279,13.7605037633868,15.1006337011567
194.199999999971,0.688642742363299,2.13541041915521,,,3.09142572244427,3.87524031367563,4.56752918658953,6.39119107924665,6.73320722733752,8.12459447587966,8.79279035088687,9.88151335049835,,11.6438832143223,,,12.1357972629075,13.387903335857,13.8731148425299,15.0796687762101
194.799999999971,0.756491671339968,2.1628420950406,,,3.04862710902447,3.92787461718409,4.53811421108602,6.30417947625617,6.79544221090771,8.14265225998879,8.71303617363811,9.98855283344121,,11.69493524672,,,12.1461394104111,13.335700740608,14.0297277482495,15.0791413772978
195.399999999971,0.824340600316639,2.19027377092608,,,3.00582849560467,3.98050892069099,4.50869923558008,6.23871325164736,6.86843675315029,8.17096943115139,8.63328199638988,10.0955923163796,,11.7459872791178,,,12.1564815579093,13.2778571857868,14.1863406539713,15.0786139783865
195.999999999971,0.89218952929331,2.21770544681155,,,2.96302988218487,4.03314322419789,4.47928426007415,6.17324702703958,6.94447833752381,8.21334049548932,8.55352781914165,10.2026317993179,,11.7970393115155,,,12.1668237054075,13.2200136309653,14.3429535596931,15.0780865794752
196.599999999971,0.960038458269981,2.24513712269702,,,2.92023126876507,4.08577752770479,4.4177007399062,6.08761414923466,7.07148536871022,8.32786514281974,8.42287196251297,10.3088968385616,,11.8480913439133,,,12.1994051116777,13.1792076762176,14.4995664654148,15.077559180564
197.199999999971,0.950358844786339,2.27393137576505,,,2.93482269238654,4.08716229123588,4.37875179051271,6.05258895889458,7.08662702767213,8.29587798423803,8.48081471721964,10.2023880841695,,11.951831752911,,,12.2926880983671,13.2083512878384,14.4153093544527,15.1677914567207
197.79999999997,0.9406792312989,2.30542423176384,,,2.94941411601082,4.14440376665836,4.36940270616585,5.98947070938726,7.10251801130702,8.31401113619996,8.58659688750044,10.15974639187,,12.0555721619114,,,12.3680056201261,13.2643690217214,14.2558449031446,15.2726642030475
198.39999999997,0.93099961781146,2.33691708776277,,,2.96400553963511,4.20164524208357,4.36005362182044,5.936590489179,7.10883696864145,8.33199996650339,8.69237905778359,10.1171046995737,,12.1593125709117,,,12.4433231418841,13.3170262746548,14.0963804518327,15.377536949375
198.99999999997,0.921320004324021,2.36840994376169,,,2.97859696325938,4.25888671750879,4.35070453747503,5.88371026897126,7.11223561288163,8.33828978048354,8.79816122806674,10.0744630072774,,12.263052979912,,,12.5186406636422,13.3696835275881,13.9369160005209,15.4824096957024
199.59999999997,0.911640390836582,2.39990279976062,,,2.99318838688366,4.31612819293401,4.36880304396733,5.89727559317,7.08771604375838,8.33659378311882,8.94056628686081,9.93721728363138,,12.3667933889124,,,12.55445297486,13.4040999531741,13.777451549209,15.5872824420299
200.19999999997,0.799819745754304,2.40417657936722,,,3.07452765902454,4.33967301274995,4.37480715707642,5.95451533392571,7.05992034464916,8.33707298407772,8.83374356196718,9.95806642179146,,12.1546480188543,,,12.3872298216932,13.2979533854344,13.7861031006877,15.4668655737209
200.79999999997,0.687999100666945,2.40306676835559,,,3.15586693116873,4.26260913925413,4.35417586742798,6.01056575432402,7.03015483966041,8.31073020147651,8.66758617505037,9.8945360383917,,11.9425026487805,,,12.3622798944507,13.2406129738375,13.8118455160726,15.2983057833115
201.39999999997,0.576178455579586,2.4019569573437,,,3.23720620331292,4.1855452657533,4.33354457777821,6.0037022343465,7.00444334330935,8.30695679101308,8.50142878813059,9.83100565498771,,11.7303572787067,,,12.3373299672154,13.1852659950864,13.8375879314583,15.1297459928997
201.99999999997,0.464357810492226,2.4008471463318,,,3.31854547545711,4.10848139225246,4.31291328812844,5.99683871436583,6.97622461018384,8.30490208869239,8.33527140121083,9.76747527158374,,11.5182119086328,,,12.31238003998,13.1299190163354,13.863330346844,14.9611862024879
202.59999999997,0.352537165404867,2.39973733531991,,,3.3998847476013,4.03141751875162,4.28483164657434,5.98228254267352,7.02385123415581,8.30859352277389,8.17317172546813,9.84672020019242,,11.306066538559,,,12.3275445578086,13.1405135045636,13.8890727622296,14.792626412076
203.19999999997,0.489641205548287,2.40313973992614,,,3.29779226394201,4.00133985848991,4.28036218377666,5.94654943867689,7.09488570842751,8.38799230157642,8.24371128497588,9.92322583816166,,11.4045104002791,,,12.5584033988033,13.3825731602388,13.8185587279879,14.9581022969829
203.79999999997,0.626745245704277,2.41176084651961,,,3.19569978027346,4.0912647997457,4.31940747271435,5.90275205728803,7.24596795801092,8.48460133966005,8.32620069457001,10.1604210370422,,11.5029542620148,,,12.6281744721506,13.5767860205681,13.7901692376337,15.192070515203
204.399999999969,0.763849285860264,2.42038195311335,,,3.09360729660491,4.18118974100757,4.35845276165424,5.916567181384,7.40074518359728,8.559910109822,8.40869010416475,10.3976162359309,,11.6013981237505,,,12.6979455454898,13.7757186843405,13.7617797472816,15.4260387334265
204.999999999969,0.900953326016253,2.42900305970708,,,2.99151481293636,4.27111468226944,4.39749805059413,5.93038230548291,7.56495730793884,8.64615917901063,8.49117951375949,10.6348114348195,,11.6998419854862,,,12.767716618829,13.9746513481132,13.7333902569295,15.6600069516501
205.599999999969,1.03805736617224,2.43762416630082,,,2.88942232926781,4.36103962353131,4.42426063538493,5.90529274266119,7.65307577997662,8.67277897701017,8.57024402006,10.7396017557342,,11.798285847222,,,12.8049791841143,14.1156721652208,13.7050007665774,15.8939751698736
206.199999999969,1.01679551336814,2.39761058867617,,,3.08625679912989,4.52537653829693,4.43456660729586,5.82645343599656,7.76307655405007,8.59283493625096,8.59689835826567,10.6954822567671,,11.7085879719293,,,12.7072697816881,13.9887003324179,13.9827728156616,15.8722744009317
206.799999999969,0.995533660555923,2.3532806019815,,,3.2830912690073,4.61494588882796,4.40586242644398,5.79538830098417,7.67037326012195,8.49286577463874,8.60100904478253,10.5817372111647,,11.618890096627,,,12.7135147688708,13.8877719699598,14.2431577138284,15.8358321590869
207.399999999969,0.974271807743708,2.30895061528661,,,3.4799257388847,4.70451523935515,4.37715824559009,5.71172228972429,7.5729371515639,8.42865064925636,8.60511973129824,10.4679921655587,,11.5291922213246,,,12.7197597560588,13.7870676839044,14.5035426119942,15.7993899172412
207.999999999969,0.953009954931492,2.26462062859172,,,3.67676020876211,4.79408458988233,4.3484540647362,5.6280562784617,7.46774129161468,8.34480635689015,8.60923041781395,10.3542471199528,,11.4394943460223,,,12.7260047432468,13.686363397849,14.7639275101601,15.7629476753956
208.599999999969,0.931748102119275,2.22029064189682,,,3.87359467863952,4.88365394040952,4.34183121296761,5.64409777375008,7.41775130675694,8.31752764127069,8.60058539729343,10.3395647723629,,11.34979647072,,,12.7582373462888,13.6363575496423,15.0243124083259,15.7265054335499
209.199999999969,0.834434654778783,2.21558367944112,,,3.58948193090526,4.77912382156331,4.31129481091077,5.71578358147639,7.28764940822923,8.40107187714462,8.60085069111395,10.4127553665805,,11.4952223876494,,,12.7702823372968,13.6263054081536,14.8145026234817,15.7445031541331
209.799999999969,0.737121207434336,2.20927238098723,,,3.30536918314599,4.67496222800677,4.2754912683988,5.71924087320192,7.32116081203596,8.46716954539034,8.67114830324118,10.3828407034413,,11.640648304591,,,12.742234896205,13.6114567724319,14.5866457028579,15.6830391294751
210.399999999969,0.639807760089888,2.20296108253327,,,3.02125643538673,4.57080063445024,4.23968772588656,5.82036896084552,7.35603017909583,8.46711439229107,8.74144591537207,10.3529260402968,,11.7860742215326,,,12.7141874551112,13.5903202684658,14.3587887822331,15.6215751048129
210.999999999968,0.54249431274544,2.1966497840793,,,2.73714368762746,4.46663904089372,4.20388418337432,5.92149704849424,7.39733286650455,8.48496682491023,8.81174352750295,10.3230113771522,,11.9315001384742,,,12.6861400140174,13.5691837644994,14.1309318616082,15.5601110801507
211.599999999968,0.445180865400994,2.19033848562533,,,2.45303093986819,4.3624774473372,4.15674578915421,5.97087584251875,7.40457255884004,8.48001890776876,8.91119083139147,10.2296786516212,,12.0769260554158,,,12.6314550268852,13.4972412028573,13.9030749409834,15.4986470554885
212.199999999968,0.542955602666738,2.13548040347407,,,2.73127694021566,4.50087645950239,4.14115119217095,5.97001214056794,7.43900389850726,8.38363068897217,8.95518330157362,10.0111012020809,,12.1899477236158,,,12.6121364818526,13.566661947953,13.9353556344723,15.457522686802
212.799999999968,0.640730339942786,2.08837292581666,,,3.00952294059283,4.74311485128235,4.17257985651319,6.05045863205383,7.47682039671234,8.35475368616239,8.98194853840231,9.87472770024311,,12.3029693918141,,,12.6625164202341,13.585395955565,14.0255646133488,15.58053264266
213.399999999968,0.738505077218833,2.04126544815966,,,3.28776894096999,4.98535324306781,4.20400852085792,6.03317767298384,7.51541410348568,8.34257851899025,9.00871377523006,9.73835419840972,,12.4159910600123,,,12.7128963586194,13.6134058085761,14.1157735922283,15.7035425985265
213.999999999968,0.836279814494881,1.99415797050266,,,3.56601494134717,5.22759163485327,4.23543718520265,6.01589671390866,7.547218513606,8.31109272371689,9.03547901205783,9.60198069657633,,12.5290127282106,,,12.7632762970046,13.6414156615877,14.2059825711078,15.8265525543931
214.599999999968,0.93405455177093,1.94705049284566,,,3.84426094172433,5.46983002663874,4.2731901417511,5.95983792813558,7.59353931815566,8.2944317285651,9.01380601859098,9.49611740304027,,12.6420343964089,,,12.8372097678734,13.7244109288129,14.2961915499874,15.9495625102597
215.199999999968,0.787084237649459,1.89535379972988,,,3.63278738883069,5.32241734260014,4.32061497565863,6.00940167461203,7.56452608204825,8.28106441429128,8.9457596571104,9.69034913975533,,12.5915195358158,,,12.8256372643049,13.5873651226198,14.2562285435086,16.0367188460989
215.799999999968,0.640113923514877,1.83133204151876,,,3.42131383591081,5.00479409940599,4.34082419618591,6.05104415245087,7.54596717772905,8.18502479714744,8.84763334078821,9.95133819323785,,12.5410046752139,,,12.7265371754363,13.5267484381896,14.1722915447853,15.9500973735111
216.399999999968,0.493143609380293,1.76731028330698,,,3.20984028299093,4.6871708562027,4.36103341671172,6.08693933199372,7.5281729885726,8.12056632402211,8.74950702446441,10.2123272467239,,12.490489814612,,,12.627437086563,13.4502661006713,14.0883545460597,15.863475900914
216.999999999968,0.346173295245713,1.70328852509521,,,2.99836673007104,4.3695476129994,4.38124263723753,6.12283451153628,7.51487556389134,8.07335001241296,8.65138070814061,10.47331630021,,12.4399749540101,,,12.5283369976897,13.3737837631522,14.0044175473342,15.7768544283168
217.599999999967,0.199202981111131,1.63926676688343,,,2.78689317715116,4.05192436979611,4.36653731998548,6.10071275224321,7.47821932582196,7.99480230790343,8.57046426814572,10.7259225535929,,12.3894600934082,,,12.4142777244302,13.2324927097572,13.9204805486086,15.6902329557197
218.199999999967,0.34900790771652,1.64162250351755,,,2.83093736980266,3.93965729890533,4.28722794654633,5.98224286635424,7.50304010834324,7.96076625598034,8.614150754267,10.6520482151427,,12.2034949635628,,,12.3899355805858,13.2697253932273,13.9702587989101,15.5782651349422
218.799999999967,0.49881283433803,1.65270199390131,,,2.87498156246805,3.91885348458827,4.20650335510989,5.72106913575899,7.28159997751439,7.93826438782497,8.68788585310658,10.4435012509977,,12.01752983371,,,12.3696064296095,13.2378432918296,14.0302576603782,15.4978344053831
219.399999999967,0.648617760959543,1.66378148428555,,,2.91902575513343,3.8980496702762,4.12577876367337,5.54109077434,7.05432223794457,7.89662240713115,8.7616209519478,10.2349542868455,,11.8315647038572,,,12.3492772786334,13.2224311414098,14.090256521847,15.4174036758258
219.999999999967,0.798422687581056,1.67486097466979,,,2.96306994779881,3.87724585596412,4.04505417223685,5.36111241292543,6.82221597373042,7.84727880574201,8.83535605078903,10.0264073226932,,11.6455995740044,,,12.3289481276573,13.2070189909909,14.1502553833157,15.3369729462684
220.599999999967,0.94822761420257,1.68594046505403,,,3.00711414046419,3.85644204165204,4,5.34460842551941,6.58835203544472,7.8303291608004,8.93337096888854,9.83466182209133,,11.4596344441516,,,12.3050312466977,13.2206871434386,14.2102542447844,15.256542216711
221.199999999967,0.99773457690595,1.67919766666374,,,3.05290471183392,3.94985543071546,4.03108774234701,5.38517369521376,6.46277995163154,7.8768739358623,8.98139761413133,9.76253112512127,,11.515727505965,,,12.4319405176148,13.3618016853094,14.324552160529,15.2969529631291
221.799999999967,1.04724153960381,1.67122040170464,,,3.09869528320375,4.04226487394833,4.06373482621016,5.61770352737182,6.65205812977692,7.98242677642501,8.93857152959326,9.6860321505427,,11.5718205677918,,,12.5813765004359,13.5295683802366,14.4072606440685,15.3799377220074
222.399999999967,1.09674850230166,1.66324313674548,,,3.14448585457357,4.13467431718115,4.09638191007341,5.85800926047477,6.85305004086094,8.10810690986498,8.89574544505017,9.60953317596391,,11.6279136296186,,,12.7308124832582,13.6993137738251,14.4899691276063,15.4629224808881
222.999999999967,1.14625546499952,1.65526587178632,,,3.19027642594339,4.22708376041397,4.12902899393665,6.09831499357814,7.0577657434114,8.24296577353987,8.85291936050709,9.5330342013851,,11.6840066914454,,,12.8802484660805,13.8690591674138,14.572677611144,15.5459072397687
223.599999999967,1.19576242769738,1.64728860682716,,,3.23606699731322,4.31949320364678,4.13582574203983,6.19831951961397,7.28450893147706,8.38929249805051,8.8106511328077,9.46243768432425,,11.7400997532722,,,13.0482595805544,14.0810887457901,14.6553860946817,15.6288919986493
224.199999999966,1.24452348072623,1.67458337479339,,,3.30925286083733,4.31458197743241,4.12115953235209,6.22110914786924,7.40250607911186,8.460339206038,8.69483665499287,9.42327375728479,,11.7714268856247,,,12.9742016989115,14.0430716360492,14.5197662182375,15.706658322081
224.799999999966,1.29328453375505,1.70099775377203,,,3.38243872436297,4.29744601274287,4.10603720552212,6.0647098122686,7.2965323337878,8.43277017845303,8.71274938694692,9.49034440859411,,11.8027540179758,,,12.8408110722223,13.9800969591158,14.396305218255,15.7916138771234
225.399999999966,1.34204558678386,1.72741213275062,,,3.45562458788861,4.28031004805266,4.09091487869212,5.84887526532542,7.17516337867242,8.41972992165218,8.73066211890846,9.55741505990939,,11.834081150327,,,12.7074204455296,13.9043540100823,14.2728442182732,15.8765694321663
225.999999999966,1.39080663981268,1.75382651172921,,,3.52881045141425,4.26317408336244,4.07579255186213,5.63304071837892,7.0538497547625,8.40495619280141,8.74857485087,9.62448571122467,,11.8654082826781,,,12.574029818837,13.8286110610481,14.1493832182914,15.9615249872092
226.599999999966,1.4395676928415,1.78024089070781,,,3.60199631493989,4.24603811867222,4.12183803580519,5.46066431261154,6.89605828227683,8.33775815720242,8.71431391944929,9.63702520423258,,11.8967354150292,,,12.4235117553391,13.6506091232423,14.0259222183096,16.0464805422521
227.199999999966,1.3329228708568,1.85370777347936,,,3.55587619573043,4.25551782505181,4.14222072509788,5.35693606802776,6.80743428386706,8.20112885478208,8.79110694442501,9.66140754203396,,11.955834057606,,,12.3615048372942,13.5158047269847,14.0775339936124,15.8211421479553
227.799999999966,1.2262780488633,1.93179872766795,,,3.50975607651421,4.26385074825684,4.16556716919909,5.39095056264621,6.8328261740418,8.15028359397499,8.74334183799368,9.69908934017903,,12.0149327001843,,,12.3986595138952,13.4388669857079,14.1374854530233,15.5486340984719
228.399999999966,1.1196332268698,2.0098896818568,,,3.463635957298,4.2721836714618,4.18891361330047,5.421341399941,6.87283070681063,8.03901234810447,8.69557673155529,9.73677113832486,,12.0740313427626,,,12.4358141905018,13.3578009653625,14.1974369124347,15.2761260489859
228.999999999966,1.01298840487631,2.08798063604565,,,3.41751583808179,4.28051659466677,4.21226005740185,5.45173223723557,6.90857042943664,7.92340051727261,8.6478116251169,9.77445293647069,,12.133129985341,,,12.4729688671084,13.2767349450168,14.2573883718461,15.0036179994998
229.599999999966,0.906343582882809,2.1660715902345,,,3.37139571886557,4.28884951787174,4.19389043849719,5.54170050807232,7.02448844367702,7.89133908604142,8.64537647362743,9.90814724788007,,12.1922286279193,,,12.5255945701883,13.2776234597073,14.3173398312575,14.7311099500138
230.199999999966,0.871935427860291,2.24513592352906,,,3.40847906172454,4.29446176530301,4.18880719602133,5.61628761403855,7.10879407725073,7.94023512819073,8.58247923422152,10.1066553132951,,12.0770654031325,,,12.7049276029954,13.3255878732156,14.3278217800286,14.8846698391651
230.799999999965,0.837527272841916,2.31914838332374,,,3.44556240458828,4.35283669257536,4.18548545225116,5.65473748629101,7.18102912704697,8.00311695999112,8.58851755854611,10.2114839491383,,11.9619021783358,,,12.8246174360021,13.3466597125495,14.3808991150356,15.1039238122387
231.399999999965,0.803119117823542,2.39316084311813,,,3.48264574745203,4.41121161985073,4.18216370848109,5.78089975838803,7.24410189860704,8.11010813552459,8.59455588287467,10.3163125849761,,11.846738953539,,,12.9443072690054,13.3801118918816,14.4339764500451,15.3231777853161
231.999999999965,0.768710962805168,2.46717330291252,,,3.51972909031577,4.46958654712611,4.17884196471102,5.90706203049011,7.31735250283745,8.21551633557896,8.60059420720323,10.4211412208139,,11.7315757287423,,,13.0639971020087,13.4135640712145,14.4870537850546,15.5424317583935
232.599999999965,0.734302807786792,2.54118576270691,,,3.55681243317951,4.52796147440148,4.18127749744583,5.96252918179584,7.33387675591502,8.24891808705383,8.58975882356175,10.4746566147114,,11.6164125039455,,,13.1786959586653,13.4813111770547,14.540131120064,15.761685731471
233.199999999965,0.799916607061334,2.43312886825131,,,3.46433029827666,4.64913316565892,4.23459812716796,6.08148492702539,7.297233086469,8.27333973951789,8.56554322630987,10.3424535060033,,11.6823475616814,,,13.0330587592509,13.5583572437772,14.5839205108445,15.7512158969996
233.799999999965,0.865530406341689,2.33186323197579,,,3.37184816336628,4.70747848977645,4.25957726842387,6.16697814169757,7.22213761101755,8.22476962482354,8.55959815477003,10.2101963505502,,11.7482826194278,,,12.9337677595236,13.6170467439328,14.5232342388074,15.6762761448133
234.399999999965,0.931144205622043,2.23059759570067,,,3.27936602845589,4.76582381389031,4.28455640967813,6.10504601411245,7.14526420845162,8.15463530275964,8.55365308323126,10.0779391950971,,11.8142176771742,,,12.8344767597991,13.6670136466817,14.4625479667642,15.6013363926232
234.999999999965,0.996758004902396,2.12933195942555,,,3.18688389354551,4.82416913800418,4.30953555093239,6.04311388651873,7.06454865849892,8.07818565848349,8.54770801169247,9.94568203964406,,11.8801527349205,,,12.7351857600746,13.7169805494301,14.4018616947209,15.5263966404332
235.599999999965,1.06237180418275,2.02806632315042,,,3.09440175863513,4.88251446211804,4.309789048075,6.0480945512286,6.97174164962878,8.01227656485279,8.54572825321411,9.77422185402749,,11.9460877926669,,,12.6257724452623,13.6708923480691,14.3411754226777,15.4514568882431
236.199999999965,1.09275269163579,2.02006085437469,,,2.92817553527317,4.78801572497285,4.23529578558657,5.89309199980817,6.96730619059147,7.9784307380182,8.52562006181111,9.75298417759535,,11.9516412790565,,,12.7436608181882,13.6157317790142,14.2961538348125,15.3799096280475
236.799999999965,1.12313357908675,2.0029576379783,,,2.76194931190686,4.69507906704833,4.21067974007847,5.83779357109752,7.06626803253688,8.00342110517033,8.45082334666683,9.78134778571003,,11.9571947654425,,,12.8401940252476,13.6056266276817,14.3531686209613,15.3931776209716
237.399999999964,1.15351446653771,1.98585442158137,,,2.59572308854055,4.6021424091239,4.18606369457331,5.85920063232772,7.17434366251963,8.04677914519126,8.37602663151932,9.80971139382766,,11.9627482518285,,,12.9367272323058,13.5983257039462,14.4101834071161,15.4064456139007
237.999999999964,1.18389535398867,1.96875120518443,,,2.42949686517425,4.50920575119947,4.16144764906815,5.88060769356244,7.27480281237353,8.10014428840897,8.30122991637182,9.83807500194527,,11.9683017382145,,,13.0332604393639,13.5910247802108,14.4671981932709,15.4197136068298
238.599999999964,1.21427624143963,1.9516479887875,,,2.26327064180794,4.41626909327505,4.1528309478134,5.79721700222803,7.43301033197954,8.16806343533627,8.25773875614232,9.89175300015965,,11.9738552246005,,,13.1525164936169,13.6751517997126,14.5242129794257,15.4329815997589
239.199999999964,0.992812780179632,1.94980378416641,,,2.36757688168851,4.33192940955603,4.16107871198689,5.8812145921225,7.34757008777923,8.12928552559353,8.32183584610597,9.94617776377341,,11.8583014396856,,,12.9273989573059,13.5462707874909,14.4657707754574,15.2187292606554
239.799999999964,0.771349318904611,1.9528116052482,,,2.47188312158522,4.29968530115317,4.15173943207363,5.7889144164266,7.21536205418397,8.07510573963074,8.43302678975761,10.0101222424749,,11.7427476547636,,,12.7687594996386,13.4012480647167,14.3819608107671,14.9278861450677
240.399999999964,0.549885857629593,1.95581942633028,,,2.57618936148193,4.26744119275342,4.14240015215933,5.7672002468663,7.0828689593224,8.02845977908239,8.54421773341207,10.0740667211769,,11.6271938698415,,,12.6101200419752,13.2718575556807,14.2981508460753,14.6370430294755
240.999999999964,0.328422396354574,1.95882724741236,,,2.68049560137864,4.23519708435368,4.13306087224502,5.74548607731026,6.96132880056256,7.98122125279759,8.65540867706651,10.138011199879,,11.5116400849195,,,12.4514805843118,13.1424670466456,14.2143408813835,14.3461999138832
241.599999999964,0.106958935079556,1.96183506849445,,,2.78480184127535,4.20295297595393,4.12478185092449,5.86420205771994,6.77596342599533,7.94412747855709,8.7109169881705,10.1552558412309,,11.3960862999975,,,12.2720387847114,12.9722052700341,14.1305309166916,14.055356798291
242.199999999964,0.191129538734057,1.92906609875531,,,2.75802549280448,4.17671959303551,4.12189564848453,5.90364075863556,6.88450129730973,7.99254970323203,8.60934668815682,10.1427570180219,,11.2532120452053,,,12.4965095368103,13.2944653253656,14.1411281774145,14.2672204965327
242.799999999964,0.275300142407017,1.89697323242541,,,2.7312491443257,4.11816560315351,4.11933811655122,6.07660910780792,6.89769962969067,8.02631830044078,8.49516088508229,10.1711872121207,,11.1103377904115,,,12.5659723022931,13.5872580305522,14.1032665023611,14.4623231603056
243.399999999964,0.359470746079976,1.86488036609555,,,2.70447279584691,4.05961161326956,4.11678058461794,6.19427285553165,6.90485418708424,8.0308926878922,8.38097508200698,10.1996174062219,,10.9674635356178,,,12.6354350677665,13.8641836671066,14.0654048273047,14.6574258240776
243.999999999963,0.443641349752936,1.83278749976569,,,2.67769644736812,4.00105762338561,4.11422305268466,6.31193660325202,6.89824235129272,8.04606142709481,8.26678927893168,10.2280476003232,,10.824589280824,,,12.7048978332399,14.14110930366,14.0275431522483,14.8525284878495
244.599999999963,0.527811953425897,1.80069463343583,,,2.65092009888934,3.94250363350166,4.11717505232501,6.26958783786203,6.92046872243261,8.06728180656551,8.20395817755638,10.348886492495,,10.6817150260302,,,12.7681441765957,14.3426926996552,13.9896814771919,15.0476311516214
245.199999999963,0.492639437544948,1.87519667457088,,,2.83076990053633,4.11545372622359,4.16018637558351,6.22493563858475,6.86586742083229,8.10598475258757,8.36115570874879,10.4342181255124,,11.0226824608128,,,12.5876243051373,14.2486234078046,14.0125001012701,15.189517515199
245.799999999963,0.457466921656701,1.94618849631951,,,3.01061970219596,4.27986835161107,4.20956941339843,6.17254022019398,6.93659413305299,8.14040200762238,8.50987509477849,10.4457932519886,,11.3636498956251,,,12.4497358786835,14.151124008594,14.0806213102601,15.4016341929611
246.399999999963,0.422294405768451,2.01718031806792,,,3.19046950385559,4.44428297699802,4.25895245121374,6.0886107201963,7.00036930193413,8.19479852714577,8.65859448080768,10.4573683784602,,11.7046173304373,,,12.3118474522322,14.051417078477,14.1487425192528,15.6137508707275
246.999999999963,0.387121889880206,2.08817213981633,,,3.37031930551522,4.60869760238498,4.30833548902905,6.0046812201967,7.07793517329045,8.23161344474041,8.80731386683687,10.4689435049318,,12.0455847652495,,,12.173959025781,13.95171014836,14.2168637282456,15.8258675484939
247.599999999963,0.351949373991958,2.15916396156474,,,3.55016910717485,4.77311222777194,4.36511580029535,6.03160428484121,7.16793456591668,8.23150086623603,8.92407202193325,10.4184205010298,,12.3865522000618,,,12.0425404090764,13.9804525953412,14.2849849372383,16.0379842262603
248.199999999963,0.463519858961476,2.07957418072712,,,3.36929513430868,4.73887032306612,4.37251436122791,6.08216373436282,7.19196568864153,8.24280921533881,8.84021542457985,10.4579493742211,,12.3010078482976,,,12.1120853441705,13.9501689249503,14.2197666029852,15.9164073071818
248.799999999963,0.575090343940078,2.00109704052621,,,3.18842116142019,4.70287480110798,4.36597380548048,6.11143082058128,7.23916101177852,8.2862511290693,8.78496736279191,10.4864631177962,,12.2154634965069,,,12.3213235198764,13.9952407082144,14.121837013413,15.783076917778
249.399999999963,0.686660828918679,1.92261990032536,,,3.00754718853169,4.66687927914975,4.35943324973219,6.11320698989562,7.31161253181354,8.32128110361748,8.72971930100575,10.5149768613706,,12.1299191447163,,,12.5305616955909,14.0471764256317,14.0239074238388,15.6497465283735
249.999999999963,0.798231313897281,1.84414276012452,,,2.82667321564319,4.63088375719151,4.3528926939839,6.11498315920827,7.37720479053457,8.35450195695677,8.67447123921958,10.543490604945,,12.0443747929257,,,12.7397998713055,14.0991121430494,13.9259778342646,15.5164161389689
250.599999999962,0.909801798875884,1.76566561992367,,,2.6457992427547,4.59488823523327,4.33619868772007,6.09819263821738,7.40874531724769,8.43055921488718,8.61724998882274,10.6109333591856,,11.9588304411351,,,12.9775378398265,14.0787863757344,13.8280482446904,15.3830857495644
251.199999999962,0.956593640761639,1.84524443341998,,,2.70955979019101,4.6487852132263,4.32689118438652,6.04175085728803,7.49385552816252,8.46244364027479,8.6628924782359,10.4618416039631,,12.0471350121914,,,13.0841980679322,13.9825326906059,13.8341489222765,15.4290230704971
251.799999999962,1.00338548264333,1.92217612043558,,,2.77332033764266,4.68293625399976,4.2847025642019,6.02469816598206,7.4438745049797,8.50958339340599,8.69404286980591,10.2517155530293,,12.1354395832586,,,13.0249072842223,13.7988185347061,13.8807293160903,15.4447353852388
252.399999999962,1.05017732452503,1.99910780745102,,,2.83708088509431,4.71708729477199,4.24251394401523,6.07347242898745,7.36813563420145,8.55746909306396,8.72519326137501,10.0415895020916,,12.2237441543258,,,12.965616500502,13.6076791523243,13.9273097099066,15.4604476999786
252.999999999962,1.09696916640672,2.07603949446645,,,2.90084143254595,4.75123833554421,4.20032532382855,6.12224669199699,7.28918939253104,8.61842528678301,8.75634365294412,9.83146345115389,,12.312048725393,,,12.9063257167816,13.4165397699421,13.973890103723,15.4761600147184
253.599999999962,1.14376100828841,2.15297118148188,,,2.9646019799976,4.78538937631643,4.14675510686648,6.15378723703146,7.20512179274223,8.6180408403552,8.80171577387032,9.65393452239367,,12.4003532964602,,,12.7970528424243,13.1979181392754,14.0204704975393,15.4918723294582
254.199999999962,1.12283312072326,2.11335221605843,,,2.92676117436492,4.58215069183563,4.10292088252739,6.16660071441762,7.16434544358017,8.59456911985535,8.77774000723043,9.60027249933054,,12.1350899522241,,,12.6837230795472,13.1776465239939,14.0591019660941,15.5380888089787
254.799999999962,1.1019052331538,2.08168572727131,,,2.8889203687258,4.41744948232223,4.17417814473841,6.06892910906208,7.05483139292903,8.49538464433336,8.73078017117444,9.73117024611249,,11.8698266079656,,,12.5932136123025,13.1609895911599,14.0793632470159,15.5627966274022
255.399999999962,1.08097734558435,2.0500192384847,,,2.85107956308668,4.25274827281129,4.24543540695675,5.93272057095776,6.95369692591873,8.39021457171342,8.68382033511699,9.86206799290619,,11.604563263707,,,12.5027041450593,13.1530187239746,14.0996245279365,15.5875044458243
255.999999999962,1.06004945801489,2.01835274969809,,,2.81323875744756,4.08804706330034,4.31669266917509,5.796512032851,6.85981998586294,8.27650347101057,8.63686049905955,9.99296573969987,,11.3392999194485,,,12.4121946778161,13.1450478567898,14.1198858088572,15.6122122642464
256.599999999962,1.03912157044543,1.98668626091147,,,2.77539795180844,3.92334585378939,4.41358023730177,5.65918746712192,6.7946120955659,8.20071402159534,8.59547505993622,10.0193171967544,,11.07403657519,,,12.3543001758087,13.1514395184102,14.1401470897778,15.6369200826685
257.199999999961,0.938303059657435,2.0483574042199,,,2.86127492738899,3.94353524187584,4.52212950265191,5.59390258710019,6.66813433690786,8.13420013904928,8.67750672913641,10.1986422807472,,11.202180267941,,,12.215872667514,13.0868170258123,14.1314344461714,15.3857754799967
257.799999999961,0.837484548864313,2.1041514410529,,,2.94715190297749,3.9552032170569,4.53502367930742,5.59747697833418,6.73058027734392,8.08151715563224,8.69302423722101,10.2808483972123,,11.3303239607172,,,12.1431731737815,13.0260730530374,14.1221274773344,15.1569070555698
258.399999999961,0.736666038071193,2.15994547788553,,,3.03302887856598,3.9668711922374,4.54791785595678,5.69921317917096,6.78633969476598,8.02947805532379,8.70854174530134,10.3630545136712,,11.4584676534935,,,12.0704736800531,12.9655819035054,14.1128205084973,14.9280386311444
258.999999999961,0.635847527278071,2.21573951471815,,,3.11890585415447,3.97853916741791,4.56081203260614,5.80094938001405,6.83846642998305,7.98057734803892,8.72405925338167,10.4452606301301,,11.5866113462697,,,11.9977741863248,12.9050907539734,14.1035135396603,14.699170206719
259.599999999961,0.535029016484948,2.27153355155078,,,3.20478282974296,3.99020714259842,4.560994714573,5.89091233356438,6.87454938230586,7.93157540928835,8.72919854831017,10.5111909865237,,11.7147550390459,,,11.9210686083178,12.8597905009992,14.0942065708232,14.4703017822936
260.199999999961,0.583416041461652,2.23736524630698,,,3.24612517776568,3.94050834107511,4.54143672087355,5.93022018322474,6.83410209517676,7.89638458173458,8.5574611773025,10.3393274503066,,11.630766055412,,,12.0318694227195,12.9466035499756,14.0853871354356,14.4977153994019
260.799999999961,0.631803066448035,2.20456887979062,,,3.28746752578551,3.89313545264054,4.49212618058839,5.99378489982661,6.78383137339908,7.91747085732878,8.51856605771474,10.1244938985864,,11.5467770717643,,,12.144714422088,13.0911494580018,14.0713746837841,14.5932380425603
261.399999999961,0.680190091434422,2.17177251327435,,,3.32880987380533,3.84576256420611,4.4428156403013,5.89805774978178,6.75472879323039,7.96247504370511,8.47967093813559,9.9096603468633,,11.4627880881165,,,12.2575594214567,13.2237440238429,14.0573622321323,14.6887606857231
261.999999999961,0.728577116420807,2.13897614675808,,,3.37015222182516,3.79838967577168,4.39350510001421,5.80233059972657,6.72301934500105,8.00868787502987,8.44077581855646,9.69482679514023,,11.3787991044688,,,12.3704044208253,13.3563385896831,14.0433497804805,14.784283328886
262.599999999961,0.776964141407192,2.10617978024182,,,3.41149456984499,3.75101678733726,4.34025180378667,5.7364443862495,6.7688772649271,8.11889606253003,8.39783721943064,9.64792794601185,,11.2948101208211,,,12.4938423562332,13.5495060429523,14.0293373288287,14.8798059720488
263.199999999961,0.729841142289495,2.19955170365831,,,3.26508757968451,3.68751808315693,4.285113950724,5.70032536007065,6.89193682275646,8.15139921532993,8.47821935821277,9.85470222593017,,11.4011323146158,,,12.4485403765558,13.4995246533581,13.9551861218235,14.9955666295729
263.79999999996,0.682718143165527,2.29680311097883,,,3.1186805895117,3.6485563376895,4.31714103525725,5.62629946717428,6.96465736770417,8.17394042500173,8.52076771087379,10.1682428427577,,11.507454508423,,,12.4462715340875,13.4296003668071,13.9164578025734,15.0358349953701
264.39999999996,0.635595144041559,2.39405451829961,,,2.97227359933889,3.60959459222368,4.34916811979624,5.64611194856696,7.01493770412163,8.20861368925138,8.56331606353234,10.4817834595922,,11.6137767022302,,,12.444002691622,13.3690351450694,13.8777294833256,15.0761033611624
264.99999999996,0.588472144917591,2.4913059256204,,,2.82586660916608,3.57063284675787,4.38119520433523,5.66592442996582,7.07136835592199,8.24831035695362,8.60586441619088,10.7953240764268,,11.7200988960374,,,12.4417338491566,13.3084699233323,13.8390011640778,15.1163717269546
265.59999999996,0.541349145793622,2.58855733294118,,,2.67945961899327,3.53167110129205,4.41472291027332,5.78844407958055,7.01626890545309,8.20173331056799,8.64826670173834,11.0086742981825,,11.8264210898446,,,12.42343962976,13.2279544726237,13.80027284483,15.1566400927469
266.19999999996,0.540592028798897,2.48724289967598,,,2.70133900498174,3.63344768690324,4.47164623431582,5.95416988667185,6.93345799754812,8.26083262941764,8.5742695266598,10.9499877628344,,11.8168702561127,,,12.5018691485433,13.2394692718489,13.8598119819804,15.0362870126722
266.79999999996,0.539834911807249,2.37721931954347,,,2.72321839098138,3.66592946075791,4.42837811393203,6.10908118273149,6.80211989554749,8.26168079851209,8.43137407579776,10.7657356137406,,11.8073194223731,,,12.3808135909974,13.2330084126396,13.8768480893685,14.9109121232287
267.39999999996,0.539077794815604,2.26719573941039,,,2.74509777698103,3.69841123460797,4.38510999354158,6.18646511120264,6.68426346299128,8.22624206643735,8.28847862493115,10.5814834646385,,11.7977685886335,,,12.2597580334383,13.2213660677981,13.8938841967537,14.7855372337848
267.99999999996,0.538320677823959,2.15717215927731,,,2.76697716298067,3.73089300845804,4.34184187315112,6.26384903966858,6.56246679363844,8.173677706187,8.14558317406452,10.3972313155364,,11.7882177548938,,,12.1387024758791,13.2097237229563,13.910920304139,14.660162344341
268.59999999996,0.537563560832312,2.04714857914422,,,2.78885654898031,3.7633747823081,4.30978250495816,6.18547913004189,6.50062059945385,8.11428405688189,8.02845722991327,10.1772770427384,,11.7786669211542,,,12.0205561467347,13.0980577864585,13.9279564115243,14.5347874548972
269.19999999996,0.531460417258545,2.09896968134239,,,2.80561799249264,3.79266870035069,4.25558443656006,6.04851797093471,6.53816746908831,8.07701983908391,8.06995106865882,10.0807616092083,,11.738508694483,,,11.8884445886642,13.0306932440657,13.9549923960514,14.6443816334088
269.79999999996,0.525357273684421,2.15761164892227,,,2.82237943600463,3.87190420388341,4.29249128266492,6.03970013617802,6.60551334976241,8.0443325770898,8.17894921822138,10.0629487603341,,11.6983504678097,,,11.942604309094,12.9396043387575,14.0115106233269,14.7599878032627
270.399999999959,0.519254130110296,2.21625361650261,,,2.83914087951661,3.95113970741949,4.32939812877592,6.17684660350722,6.66331359464808,7.99331343672533,8.28794736778848,10.0451359114652,,11.6581922411364,,,11.9967640295364,12.854163388075,14.0680288506045,14.875593973117
270.999999999959,0.51315098653617,2.27489558408295,,,2.85590232302859,4.03037521095556,4.36630497488691,6.31399307084625,6.71746006366554,7.95404472924664,8.39694551735558,10.0273230625964,,11.6180340144631,,,12.0509237499787,12.7687224373929,14.124547077882,14.9912001429713
271.599999999959,0.507047842962043,2.33353755166329,,,2.87266376654058,4.10961071449164,4.38332074323986,6.36193112550779,6.75676505151865,7.93163832901596,8.4815358320046,10.0504588684874,,11.5778757877898,,,12.0870505701697,12.7365064338344,14.1810653051596,15.1068063128256
272.199999999959,0.593918546484084,2.43394454033132,,,3.01960080362173,4.23906423451846,4.40789167479158,6.30576121541516,6.70109979149111,7.8416581471044,8.52553155134149,10.0655058847561,,11.5940082321344,,,12.181422546236,12.713440819878,14.216552470145,14.9206443482992
272.799999999959,0.680789250012439,2.53043017482824,,,3.16653784071173,4.34178468099461,4.39086251298615,6.07252345386721,6.67189964276406,7.80540402506917,8.55057068615843,10.0567713581254,,11.6101406764828,,,12.1984523103231,12.6966016095564,14.2352518313369,14.7686251551453
273.399999999959,0.767659953540794,2.6269158093249,,,3.31347487780172,4.44450512746893,4.37383335117788,5.74678896428487,6.64603322936286,7.79526453397495,8.57560982097408,10.048036831493,,11.6262731208311,,,12.2154820744049,12.677895987512,14.2539511925277,14.6166059619937
273.999999999959,0.854530657069148,2.72340144382155,,,3.46041191489172,4.54722557394326,4.35680418936961,5.42105447469624,6.63093248139962,7.78242913087372,8.60064895578973,10.0393023048606,,11.6424055651795,,,12.2325118384867,12.6591903654675,14.2726505537186,14.4645867688421
274.599999999959,0.941401360597503,2.81988707831821,,,3.60734895198172,4.64994602041758,4.3552009934754,5.36486939691651,6.62930624686868,7.80598939379307,8.62989368778585,10.0306411964911,,11.6585380095279,,,12.2691121349537,12.6665635540786,14.2913499149094,14.3125675756905
275.199999999959,0.904335982689825,2.66507051143283,,,3.57663541047451,4.54631773623095,4.33899096579334,5.50767785607546,6.70658986214535,7.86589754640126,8.59059323883999,9.96964051711011,,11.6958728477914,,,12.1753191216547,12.7059382697363,14.2767469008187,14.435500602304
275.799999999959,0.867270604773633,2.51410697082978,,,3.54592186895509,4.49085245414,4.33652576599143,5.76181771834699,6.85982522987689,7.92058640687984,8.5985594784141,9.87966954275091,,11.7332076860563,,,12.1083900029869,12.8133628335558,14.2523848646158,14.5963989019813
276.399999999959,0.83020522685744,2.36314343022699,,,3.51520832743569,4.43538717205236,4.33406056619045,6.06648023671338,7.01987409681092,7.96282254422578,8.60652571799146,9.78969856838974,,11.7705425243212,,,12.0414608843209,12.9287252109362,14.2280228284123,14.7572972016613
276.999999999958,0.79313984894125,2.21217988962421,,,3.48449478591627,4.37992188996473,4.33159536638947,6.37114275508325,7.18027441064336,8.01001773713447,8.61449195756882,9.69972759402854,,11.8078773625861,,,11.9745317656549,13.0440875883172,14.2036607922087,14.9181955013412
277.599999999958,0.756074471025056,2.06121634902142,,,3.45378124439686,4.32445660787709,4.31980211835409,6.43747463652801,7.29206655722589,8.02681854147631,8.62404535611547,9.64722484695982,,11.8452122008511,,,11.9215905586756,13.1742890514226,14.1792987560051,15.0790938010211
278.199999999958,0.811976629628898,2.2348123529286,,,3.47688366012394,4.50602463531306,4.33461640211642,6.37136041642123,7.39704178871483,8.07340486912516,8.68908726170479,9.68412848049302,,11.6918896349592,,,12.0511338261907,13.2780464342134,14.1521159667977,15.1686010871527
278.799999999958,0.867878788239194,2.40603281485355,,,3.49998607585476,4.68167026937441,4.3485859104329,6.24372422185167,7.41349970970089,8.13761096647994,8.68569964613456,9.78566788234722,,11.538567069054,,,12.2313773942099,13.3331131362075,14.1570370986808,15.1764814611411
279.399999999958,0.923780946849493,2.57725327677835,,,3.52308849158558,4.85731590343535,4.36255541874933,6.02037649415534,7.41990805692198,8.22373358725813,8.68231203055956,9.88720728420592,,11.3852445031489,,,12.4116209622327,13.3783974525474,14.1619582305662,15.1843618351238
279.999999999958,0.979683105459789,2.74847373870314,,,3.54619090731639,5.03296153749629,4.37652492706576,5.79702876645233,7.40903107829116,8.30605053566284,8.67892441498456,9.98874668606461,,11.2319219372438,,,12.5918645302554,13.4236817688866,14.1668793624516,15.1922422091065
280.599999999958,1.03558526407009,2.91969420062793,,,3.56929332304721,5.20860717155723,4.39486902134645,5.64476042405351,7.45559757987231,8.42029081245871,8.67680073197548,10.0330718943183,,11.0785993713387,,,12.7531176720683,13.402350339371,14.171800494337,15.2001225830892
281.199999999958,0.920557678922474,2.71005270214738,,,3.45779681362503,5.05693193584254,4.40089274645521,5.60166978505948,7.40611491984637,8.47250634942454,8.66843621627571,10.0413128609015,,11.1378517783772,,,12.7430275283357,13.3451576467467,14.286268134115,15.1815327535001
281.799999999958,0.805530093762861,2.49952712194881,,,3.3463003041934,4.82772942318779,4.41752600007806,5.660941394476,7.32281379680038,8.46540358565397,8.66305820757882,10.0988792261892,,11.1971041854306,,,12.6548482339348,13.2720378495624,14.3665332808788,15.1468507655069
282.399999999958,0.690502508603249,2.28900154175018,,,3.23480379476176,4.59852691052758,4.43415925370165,5.78678570798937,7.2455561686757,8.44272881069203,8.65768019888215,10.1564455914804,,11.2563565924841,,,12.5666689395284,13.197774861766,14.4467984276401,15.1121687775125
282.999999999958,0.575474923443636,2.07847596155154,,,3.12330728533013,4.36932439786737,4.45079250732524,5.91263002150744,7.18256689579816,8.41469373684504,8.65230219018548,10.2140119567716,,11.3156089995375,,,12.4784896451219,13.1235118739696,14.5270635744014,15.0774867895182
283.599999999957,0.460447338284026,1.86795038135291,,,3.0118107758985,4.14012188520716,4.44772111748548,6.10200070711367,7.10489685308344,8.33423328811225,8.62427865407262,10.2857107267768,,11.374861406591,,,12.3961545079182,13.1006400337361,14.6073287211628,15.0428048015239
284.199999999957,0.508156557362881,1.92668259880798,,,3.13912733692912,4.33954305023403,4.44443382870584,6.16390706273105,7.07971472046748,8.21096997919313,8.57425888414764,10.381651787571,,11.3674035613299,,,12.3603129789046,12.9664725530358,14.4632806622233,14.9155475077622
284.799999999957,0.555865776453285,1.98230229374006,,,3.26644389797669,4.59091916960988,4.39540716215162,6.11416455017893,7.1183283274629,8.13302650376011,8.56327713415942,10.3491590304795,,11.3599457160641,,,12.4089834146094,12.9043386634396,14.3511327235467,14.8891905720995
285.399999999957,0.603574995543687,2.03792198867191,,,3.39376045902426,4.84229528898943,4.34638049559416,6.04406349009466,7.162027666269,8.06814591697386,8.55229538417398,10.3166662733789,,11.3524878707983,,,12.4576538503203,12.8469436744962,14.2389847848723,14.8628336364439
285.999999999957,0.651284214634091,2.09354168360377,,,3.52107702007183,5.09367140836898,4.29735382903669,5.97396243000892,7.20315298746858,8.0160726463421,8.54131363418853,10.2841735162783,,11.3450300255325,,,12.5063242860312,12.7895486855532,14.126836846198,14.8364767007883
286.599999999957,0.698993433724495,2.14916137853562,,,3.64839358111941,5.34504752774852,4.27947988875384,6.02462135854482,7.22808834962843,7.96063138024322,8.55495181690022,10.2403426100524,,11.3375721802666,,,12.5554384373101,12.7469067718871,14.0146889075236,14.8101197651327
287.199999999957,0.717456741017444,2.07871657661099,,,3.48981717690112,5.09759672231219,4.28010458664991,6.14928623374399,7.1468967039605,7.91468837874312,8.56194775641678,10.0752484475245,,11.374670741411,,,12.5366255790787,12.8400889055207,13.9665221659835,14.8099941853032
287.799999999957,0.735920048308297,2.01720651731259,,,3.33124077266234,4.85867689535561,4.29798866156517,6.28881534229231,7.05478860854039,7.86981180434497,8.48546669409873,10.1037210322294,,11.4117693025585,,,12.4487457004135,12.8679136841683,13.8802996034429,14.7925778672234
288.399999999957,0.75438335559915,1.95569645801484,,,3.17266436842355,4.61975706839964,4.31587273648166,6.46622397697165,6.94415671322337,7.80037812794197,8.40898563177469,10.1321936169482,,11.4488678637061,,,12.3608658217434,12.8943112311275,13.7940770408995,14.7751615491423
288.999999999957,0.772846662890001,1.89418639871708,,,3.01408796418476,4.38083724144367,4.33375681139816,6.64363261165374,6.8335405829259,7.71880490537475,8.33250456945064,10.160666201667,,11.4859664248537,,,12.2729859430732,12.9207087780865,13.7078544783561,14.7577452310612
289.599999999957,0.791309970180854,1.83267633941933,,,2.85551155994597,4.1419174144877,4.35320510016464,6.67044562862283,6.73970345004382,7.69892476124823,8.23367528271542,10.1943249401864,,11.5230649860012,,,12.1797927857995,12.9310448912531,13.6216319158127,14.7403289129801
290.199999999956,0.785992495352609,1.86216953778027,,,3.01127257486611,4.17824121923088,4.31535674490977,6.73047848206551,6.84701093531399,7.87202173168978,8.13066459857993,10.4201400576895,,11.6877847682485,,,12.2874242453305,12.9979620956332,13.597422549854,14.8855844663151
290.799999999956,0.780675020522641,1.88609620080524,,,3.16703358980903,4.22609606134954,4.30077833753562,6.78497193651625,6.88513379485511,7.99552956813582,8.09814553522737,10.3311247777993,,11.8525045505051,,,12.3440347683823,13.0965404899377,13.5956829503418,14.910446748102
291.399999999956,0.77535754569267,1.9100228638298,,,3.32279460475195,4.27395090346904,4.28619993016316,6.72911095498348,6.9317127138099,8.12912152718848,8.06562647187993,10.2421094978863,,12.0172243327617,,,12.4006452914303,13.1895520975395,13.5939433508312,14.9353090298801
291.999999999956,0.770040070862702,1.93394952685437,,,3.47855561969486,4.32180574558854,4.27162152279069,6.67324997344269,6.97377646588466,8.26996740858676,8.03310740853249,10.1530942179732,,12.1819441150182,,,12.4572558144784,13.282563705141,13.5922037513206,14.9601713116583
292.599999999956,0.764722596032733,1.95787618987893,,,3.63431663463778,4.36966058770804,4.21882206125717,6.60060462227343,6.97649832396296,8.35996294617916,8.03484094146545,10.1020155581358,,12.3466638972748,,,12.5259548470081,13.3442870698307,13.59046415181,14.9850335934364
293.199999999956,0.764197437560135,1.93694362504091,,,3.46293513013203,4.46361865095464,4.23330649350761,6.48971360660579,6.89192565988034,8.25500378111905,8.12494158929817,9.971582029114,,12.3564455264537,,,12.5829128781663,13.4907927851107,13.8082938946514,14.8935844474416
293.799999999956,0.763672279087894,1.91301268505081,,,3.29155362560232,4.51319405691349,4.27153800280939,6.39220931450551,6.93699275032716,8.2101708718453,8.25057670588354,10.0793281833854,,12.3662271556212,,,12.7546472652492,13.584652158011,14.0134890743811,14.921776553948
294.399999999956,0.763147120615648,1.8890817450605,,,3.12017212107262,4.56276946286909,4.30976951211291,6.42869461897346,6.99362521992639,8.17001985968467,8.37621182247153,10.1870743376742,,12.3760087847887,,,12.9263816523406,13.6825082299972,14.2186842541098,14.9499686604632
294.999999999956,0.762621962143404,1.86515080507019,,,2.94879061654291,4.61234486882469,4.34800102141643,6.46517992345126,7.05851991373201,8.132357598084,8.50184693905952,10.2948204919631,,12.3857904139562,,,13.098116039432,13.7803643019836,14.4238794338386,14.9781607669784
295.599999999956,0.762096803671161,1.84121986507987,,,2.77740911201321,4.66192027478029,4.41045234786971,6.51244852182514,7.17021895674174,8.11946056552279,8.58149501813286,10.42547639257,,12.3955720431238,,,13.2447943052635,13.9066021081544,14.6290746135673,15.0063528734936
296.199999999956,0.623992131213967,1.80047064763432,,,2.77778688021515,4.48837354410793,4.46774495421535,6.57628164841375,7.24390365592894,8.10374121365063,8.54078463952657,10.4859226534901,,12.1031013768064,,,13.1411808635617,13.7138922817248,14.4457790052134,15.0579431531046
296.799999999955,0.485887458746598,1.76544124576277,,,2.7781646484298,4.33931054972777,4.466792493527,6.62444352358995,7.22691602079333,8.04908279324313,8.43360504241112,10.4125828192751,,11.8106307104667,,,12.9800117929977,13.5694699330401,14.2929678003276,15.0493767966676
297.399999999955,0.347782786279226,1.73041184389163,,,2.77854241664445,4.19024755534943,4.46584003283433,6.63855298544795,7.2018756138984,7.99663376122122,8.32642544529074,10.3392429850502,,11.518160044127,,,12.8188427224295,13.4281853479716,14.1401565954441,15.0408104402261
297.999999999955,0.209678113811853,1.6953824420205,,,2.7789201848591,4.04118456097109,4.46488757214166,6.65266244730341,7.17441997743534,7.9312988792349,8.21924584817035,10.2659031508253,,11.2256893777873,,,12.6576736518612,13.2869007629032,13.9873453905605,15.0322440837846
298.599999999955,0.071573441344482,1.66035304014936,,,2.77929795307375,3.89212156659275,4.4720406157669,6.60304586378921,7.14146645677587,7.8717824962353,8.14798169051515,10.050172781374,,10.9332187114475,,,12.5248241229271,13.1497538321286,13.8345341856769,15.0236777273431
299.199999999955,0.207173429071734,1.62931524093643,,,2.85235388556123,3.86713642337231,4.43246327530678,6.43296401446074,7.13059299493132,7.85647896540082,8.15972491858186,9.92902900803459,,11.0894286283013,,,12.5303387286467,13.1228305607778,13.7986621570596,15.0479590070104
299.799999999955,0.342773416819448,1.59302851347367,,,2.92540981805413,3.848080367991,4.40510168808658,6.25282097445373,7.07884720345894,7.82182353771765,8.24275038980505,9.91767723927446,,11.2456385451886,,,12.4836359488909,13.1103862859417,13.7286503928321,15.0776146970667
300.399999999955,0.47837340456716,1.55674178601052,,,2.99846575054704,3.82902431261013,4.37774010086729,6.05107566312133,7.02277927671845,7.79345894895743,8.32577586103357,9.90632547052253,,11.4018484620759,,,12.4369331691312,13.098369258697,13.658638628602,15.1072703871235
300.999999999955,0.613973392314872,1.52045505854737,,,3.07152168303994,3.80996825722926,4.350378513648,5.8493303517873,6.95737175557277,7.76693958046093,8.4088013322621,9.8949737017706,,11.5580583789632,,,12.3902303893715,13.0863522314524,13.5886268643719,15.1369260771802
301.599999999955,0.749573380062586,1.48416833108421,,,3.14457761553285,3.7909122018484,4.29275944326445,5.80376514990676,6.86690310013316,7.68696433430142,8.49677559989865,10.0544023029696,,11.7142682958506,,,12.3423323397395,13.0968216105809,13.5186151001418,15.1665817672369
302.199999999955,0.68607332746585,1.61470179024963,,,3.10153328879246,3.99083505311926,4.27457080987073,5.92625367903916,6.75586990135841,7.62593025862205,8.54505063107784,10.3850882705398,,11.6991345872233,,,12.2974641906462,13.1517388936605,13.5882987310669,15.182974529372
302.799999999955,0.62257327485408,1.75061883287222,,,3.05848896204331,4.1696513103272,4.29103891513429,6.16986544826908,6.68511796621423,7.57362404736406,8.54183639944125,10.6943925931834,,11.684000878583,,,12.2832480895908,13.1114693331898,13.664146243329,15.2035727218454
303.399999999954,0.559073222242311,1.88653587549522,,,3.01544463529415,4.34846756753353,4.30750702040047,6.36704367107811,6.62008179089919,7.53901339252913,8.53862216780075,11.0036969158254,,11.6688671699428,,,12.2690319885377,13.0658308067867,13.7399937555916,15.2241709143192
303.999999999954,0.495573169630541,2.02245291811821,,,2.972400308545,4.52728382473987,4.32397512566665,6.5642218938836,6.56246766155012,7.51601275025059,8.53540793616025,11.3130012384674,,11.6537334613025,,,12.2548158874846,13.0201922803832,13.8158412678541,15.2447691067929
304.599999999954,0.43207311701877,2.15836996074121,,,2.92935598179584,4.7061000819462,4.36312298355266,6.64914325894575,6.55581054443171,7.5771676271234,8.53490638261358,11.5282736813534,,11.6385997526623,,,12.212241782196,12.9032525288664,13.8916887801167,15.2653672992666
305.199999999954,0.449952831192135,2.12337826522846,,,2.9955870634061,4.61287447577928,4.36160345375987,6.71641754356854,6.65572706079745,7.70198458282272,8.48708577793057,11.3737852544957,,11.6807610733448,,,12.3129518400745,12.9212443605294,13.9845079024827,15.4139326395975
305.799999999954,0.467832545371707,2.08584283953695,,,3.06181814502469,4.52496632754092,4.31320994063091,6.68441355272199,6.72361400665479,7.85918923552501,8.421147008852,11.1161343054522,,11.7229223940316,,,12.4399058693077,12.98920072363,14.0756349807197,15.551904243627
306.399999999954,0.485712259551279,2.04830741384525,,,3.12804922664328,4.43705817930296,4.26481642749835,6.68571901649101,6.79265282817608,7.99208696080035,8.35520823977204,10.8584833564008,,11.7650837147185,,,12.566859898543,13.0627154145336,14.1667620589566,15.6898758476557
306.999999999954,0.503591973730849,2.01077198815355,,,3.19428030826186,4.34915003106501,4.2164229143658,6.68702448026257,6.85717240416654,8.12679222321709,8.28926947069208,10.6008324073493,,11.8072450354054,,,12.6938139277783,13.1362301054376,14.2578891371935,15.8278474516844
307.599999999954,0.521471687910421,1.97323656246185,,,3.26051138988045,4.26124188282705,4.17111336847264,6.58621103480405,6.8242929441885,8.1977454350242,8.18416041999475,10.3373944063487,,11.8494063560923,,,12.8315176138455,13.2501084507418,14.3490162154304,15.9658190557131
308.199999999954,0.503392697405757,2.04114540914049,,,3.20623324348769,4.26409487757791,4.13470308769329,6.36651120928811,6.70163254323872,8.18624767228314,8.18916430946593,10.2310516115597,,11.6839583384571,,,12.6478315631506,13.278577986721,14.2575350890751,15.6806906174868
308.799999999954,0.485313706898322,2.11366173123806,,,3.15195509708565,4.27868585434086,4.13992865739957,6.18638222032677,6.59979552310225,8.16275525463891,8.21456887510682,10.2877814635639,,11.5185103208059,,,12.4224841007171,13.3449887155572,14.1682685570073,15.4149111954844
309.399999999954,0.467234716390888,2.18617805333598,,,3.09767695068361,4.29327683110471,4.14515422710907,6.06896467919123,6.50459571164644,8.14269291154011,8.23997344074929,10.3445113155807,,11.3530623031547,,,12.1971366382803,13.4111561039731,14.0790020249397,15.1491317734835
309.999999999953,0.449155725883454,2.25869437543391,,,3.04339880428157,4.30786780786856,4.15037979681856,5.95154713806055,6.41612241621736,8.11813436923527,8.26537800639175,10.4012411675976,,11.1876142855035,,,11.9717891758435,13.4773234923889,13.9897354928721,14.8833523514826
310.599999999953,0.43107673537602,2.33121069753183,,,2.98912065787953,4.32245878463241,4.18207424360656,6.04717538672495,6.43303517079126,8.13521729778017,8.33922021542668,10.503709155794,,11.0221662678523,,,11.7551531923382,13.5377650567267,13.9004689608045,14.6175729294817
311.199999999953,0.403511711629843,2.28131103892546,,,3.03628854957991,4.30570140284925,4.25721535510729,6.21985581660729,6.46531282522386,8.16873203968876,8.4379815782527,10.6025608185258,,11.2745748528098,,,11.9296369777763,13.5545153040888,14.018566801742,14.6583207993342
311.799999999953,0.37594668788293,2.22559547147285,,,3.08345644128818,4.2767566106945,4.323327573239,6.33954821699488,6.54414586720892,8.22259246513725,8.51628769133092,10.5718643722509,,11.5269834377998,,,12.2179506763554,13.5485748857554,14.1446218320852,14.7066594850262
312.399999999953,0.348381664136017,2.16987990401979,,,3.13062433299645,4.24781181853879,4.38943979137001,6.38154810217028,6.60806822565889,8.26017419050574,8.59459380440754,10.5411679259659,,11.7793920227898,,,12.5062643749433,13.5386452994637,14.2706768624291,14.7549981707189
312.999999999953,0.320816640389106,2.11416433656673,,,3.17779222470472,4.21886702638309,4.45555200950103,6.42354798733962,6.67118030340925,8.28499945328462,8.67289991748416,10.5104714796809,,12.0318006077797,,,12.7945780735313,13.5287157131716,14.396731892773,14.8033368564115
313.599999999953,0.293251616642191,2.05844876911367,,,3.22496011641298,4.18992223422738,4.46674498290321,6.32585615648902,6.66887592901295,8.25607821121771,8.70030790291608,10.4184516245328,,12.2842091927697,,,13.0833943619527,13.4932373902199,14.5227869231169,14.8516755421041
314.199999999953,0.387115665250835,2.09303862089582,,,3.30972821874329,4.29274903400622,4.46447784887908,6.12818234645299,6.71662350187368,8.2258562893971,8.70330673928147,10.2894024948903,,12.1246714185974,,,13.0565749665539,13.3827842429813,14.5871372722439,14.9936041479709
314.799999999953,0.480979713869017,2.13028587558433,,,3.39449632107654,4.41859288408012,4.40490327682027,5.96703898597609,6.83723503849946,8.14614537982267,8.80278410452375,10.1464859344182,,11.9651336443927,,,12.9803071572561,13.3093440746078,14.6582556237565,15.1453249416935
315.399999999953,0.5748437624872,2.16753313027305,,,3.47926442340979,4.54443673415582,4.34532870475694,5.8338866510408,6.96186446254897,8.04282734792803,8.90226146977363,10.003569373945,,11.805595870188,,,12.9040393479545,13.2301419893643,14.7293739752696,15.2970457354169
315.999999999953,0.668707811105382,2.20478038496177,,,3.56403252574305,4.67028058423153,4.28575413269361,5.70073431610774,7.0832940956065,7.94921345892829,9.0017388350235,9.86065281347171,,11.6460580959833,,,12.8277715386529,13.1509399041204,14.8004923267827,15.4487665291402
316.599999999952,0.762571859723562,2.24202763965049,,,3.6488006280763,4.79612443430723,4.25635236886209,5.65416575298794,7.21101482127007,7.91615548216361,9.13582414421924,9.7614235103923,,11.4865203217786,,,12.7590168970167,13.1132792889381,14.8716106782958,15.6004873228636
317.199999999952,0.761157915530482,2.28664565497465,,,3.55382887849202,4.68596420958149,4.21246472272052,5.71600491585947,7.21883899782732,7.8238799213291,9.14470565781819,9.60136850524547,,11.7237618738571,,,12.7008340687861,13.1847343103776,14.6571279186047,15.5280372828687
317.799999999952,0.759743971329845,2.33380604521918,,,3.45885712889349,4.56963892449959,4.24866808270207,5.80991791103954,7.17290001053291,7.78497585204531,9.07915078224114,9.5483674166406,,11.9610034259669,,,12.6679714039084,13.2404032117886,14.4702373775149,15.441859824006
318.399999999952,0.758330027129207,2.3809664354639,,,3.36388537929495,4.45331363941721,4.28487144268997,5.91394826783789,7.13167877810967,7.82269093392687,9.01359590665817,9.49536632804426,,12.1982449780768,,,12.6351087390327,13.3106342504684,14.2833468364273,15.3556823651422
318.999999999952,0.75691608292857,2.42812682570862,,,3.26891362969642,4.33698835433482,4.32107480267788,6.01797862463708,7.09740787034606,7.86630687070186,8.9480410310752,9.44236523944791,,12.4354865301867,,,12.602246074157,13.3808652891493,14.0964562953398,15.2695049062783
319.599999999952,0.755502138727932,2.47528721595335,,,3.17394188009788,4.22066306925244,4.34583165649754,6.11225239972515,7.14795345658416,7.86812138080069,8.87275416978351,9.40693181506069,,12.6727280822966,,,12.5521492840103,13.4711849539811,13.9095657542522,15.1833274474145
320.199999999952,0.734801402651375,2.44064316340704,,,3.08176848308785,4.07740091227397,4.36670013551284,6.24718529924839,7.26555318319256,7.90418690061361,8.8263488162173,9.71962634612059,,12.5358269549904,,,12.4517939675061,13.3156126123127,13.9200829713761,15.2039577982519
320.799999999952,0.714100666573273,2.39811488938519,,,2.98959508607803,3.93421337389901,4.37885787857948,6.26642867573585,7.33562131061816,7.89447935717406,8.71486342364691,10.0066058715704,,12.3989258276543,,,12.2240288977185,13.1224598108142,13.8673594463168,15.2323956539355
321.399999999952,0.693399930495173,2.35558661536272,,,2.89742168906822,3.79102583552406,4.39101562164542,6.29423288180036,7.39857675837696,7.84023361016722,8.60337803107129,10.2935853970181,,12.2620247003182,,,11.9962638279206,12.91365646286,13.8146359212525,15.2608335096198
321.999999999952,0.672699194417071,2.31305834134024,,,2.80524829205841,3.6478382971491,4.40317336471136,6.32203708786555,7.45199327329813,7.7778306174704,8.49189263849567,10.5805649224659,,12.1251235729821,,,11.7684987581228,12.7048531149046,13.7619123961882,15.2892713653041
322.599999999952,0.651998458338968,2.27053006731777,,,2.7130748950486,3.50465075877415,4.42891536990359,6.44169046851664,7.41500705471687,7.77715227599883,8.39972089379622,10.7967560538282,,11.9882224456459,,,11.5491068252693,12.4607335422303,13.7091888711239,15.3177092209883
323.199999999951,0.550605878828433,2.2010505661297,,,2.7757336997779,3.62898054112818,4.47838646747109,6.45959840130595,7.30863123071113,7.80012002521443,8.34029124907587,10.6822531798203,,11.9782140692779,,,11.6362421031694,12.4482331442453,13.6854982250774,15.1054761246868
323.799999999951,0.449213299311379,2.13671745967133,,,2.83839250451972,3.73189034943804,4.47322232043406,6.60509710460516,7.14623219585903,7.83923470107882,8.39287752637544,10.5587738767794,,11.9682056929202,,,11.773580305813,12.4299918698941,13.7034826048801,14.8839774429914
324.399999999951,0.347820719794324,2.07238435321338,,,2.90105130926153,3.83480015774617,4.46805817339259,6.71716453651761,6.97736837828911,7.88887198470002,8.44546380368407,10.4352945737378,,11.9581973165624,,,11.9109185084607,12.4248653486257,13.7214669846862,14.6624787612952
324.999999999951,0.246428140277267,2.00805124675542,,,2.96371011400335,3.93770996605429,4.46289402635113,6.82923196842734,6.80691060063418,7.94045135274989,8.49805008099272,10.3118152706962,,11.9481889402047,,,12.0482567111084,12.4197388273584,13.7394513644923,14.440980079599
325.599999999951,0.145035560760211,1.94371814029747,,,3.02636891874517,4.04061977436242,4.44297193815189,6.59020051658577,6.66412744253643,7.95646437914483,8.52079132516825,10.2273077325339,,11.9381805638469,,,12.1773941126881,12.4370195884941,13.7574357442984,14.2194813979029
326.199999999951,0.190357106116064,1.96524200375924,,,3.00149285545659,3.97371744445672,4.36701230258972,6.42079969806095,6.58314425624268,7.93834253680626,8.54283259441372,10.2690510421391,,11.9373016398536,,,12.1015617868808,12.5281289454014,13.6311636465612,14.520805175236
326.799999999951,0.235678651483887,1.9874789076845,,,2.97661679216088,3.91420397772611,4.36234660082422,6.16901403458538,6.54390592048935,7.92036645318751,8.50084829994216,10.2523645210752,,11.9364227158609,,,12.094390791237,12.6472967065507,13.4733729837331,14.7865339285702
327.399999999951,0.281000196851708,2.00971581160982,,,2.95174072886517,3.85469051099611,4.35768089906455,5.89813206296308,6.52638888029779,7.89288927890542,8.45886400546538,10.2356780000066,,11.9355437918683,,,12.0872197955988,12.7557387278017,13.3155823209025,15.0522626819016
327.999999999951,0.32632174221953,2.03195271553514,,,2.92686466556946,3.79517704426611,4.35301519730488,5.62725009133926,6.52551429336072,7.87393042140624,8.41687971098858,10.218991478938,,11.9346648678756,,,12.0800487999607,12.8641807490519,13.1577916580719,15.3179914352329
328.599999999951,0.371643287587351,2.05418961946045,,,2.90198860227375,3.73566357753611,4.38271127933145,5.69092930841651,6.48570321177102,7.82125105172634,8.39894140168635,10.2611399226048,,11.933785943883,,,12.070833447372,12.9348592638954,13.0000009952413,15.5837201885643
329.199999999951,0.523948860153243,2.11506288310318,,,2.9883933351764,3.84492848138777,4.4511117838985,5.77805860716844,6.52410734386197,7.84916397657922,8.4050652341985,10.253643554172,,11.8966924536514,,,12.2342752778685,12.9899661155263,13.1776791195713,15.4629335840587
329.79999999995,0.676254432727943,2.1767455915698,,,3.0747980680882,3.9448239051456,4.41460600147365,5.94485945440762,6.52781485768614,7.87706626145851,8.46351536008328,10.3544737573045,,11.8595989634168,,,12.2933745373746,13.0119938387691,13.3689888870834,15.3688281124877
330.39999999995,0.828560005302645,2.23842830003648,,,3.16120280100001,4.04471932890266,4.37810021904015,6.25928142632872,6.52552273633251,7.91872865225877,8.52196548597239,10.455303960446,,11.8225054731822,,,12.3524737968722,13.0521605480399,13.5602986545967,15.274722640919
330.99999999995,0.980865577877345,2.30011100850317,,,3.24760753391182,4.14461475265972,4.34159443660664,6.57370339826201,6.50823100060581,7.94771144276431,8.58041561186149,10.5561341635876,,11.7854119829476,,,12.4115730563697,13.0923272573122,13.7516084221099,15.1806171693502
331.59999999995,1.13317115045205,2.36179371696985,,,3.33401226682363,4.24451017641678,4.2564933226533,6.74336278049064,6.53044068535606,7.95477520561654,8.61556314032084,10.554822753937,,11.7483184927131,,,12.4850116414818,13.1284664889224,13.9429181896232,15.0865116977814
332.19999999995,1.04876931024101,2.3955115135566,,,3.29626326529372,4.29196381798656,4.19293535722729,6.84800089772769,6.50049888843134,7.9338020797227,8.63672072756763,10.6118478981972,,11.5939992818649,,,12.3546381812079,13.1579973678314,13.9072491510595,15.2375381990593
332.79999999995,0.964367470010302,2.42317461890831,,,3.2585142637535,4.37983750409717,4.20545420122347,6.82320349629145,6.54439620673601,7.90790517298888,8.58162586013221,10.5104683270947,,11.439680071007,,,12.3509513101671,13.2316211848032,13.9011039413192,15.4273466454914
333.39999999995,0.879965629779598,2.45083772425951,,,3.22076526221327,4.46771119021115,4.21797304522599,6.63891113758189,6.58003175959492,7.87859972634886,8.52653099269043,10.409088755979,,11.2853608601491,,,12.3472644391369,13.2895866261559,13.8949587315814,15.6171550919266
333.99999999995,0.795563789548894,2.47850082961071,,,3.18301626067305,4.55558487632513,4.23049188922849,6.45461877885902,6.61558305812929,7.8462203400465,8.47143612524865,10.3077091848633,,11.1310416492912,,,12.3435775681068,13.3475520675073,13.8888135218436,15.8069635383619
334.59999999995,0.711161949318185,2.50616393496191,,,3.14526725913283,4.64345856243911,4.25898454473753,6.4018312239396,6.63838271380902,7.88597081978103,8.42030551279982,10.2569024945859,,10.9767224384333,,,12.3223247257459,13.4207769953322,13.8826683121058,15.9967719847972
335.19999999995,0.699762819423686,2.54249240329113,,,3.20077603012918,4.69905602505101,4.25089791148947,6.33171439140491,6.62503248507675,7.87676110443547,8.43607956021004,10.2444746773944,,11.21322367016,,,12.3655706870359,13.4186843488939,14.0254508871544,15.8639797127704
335.79999999995,0.688363689535305,2.58591381157054,,,3.25628480113335,4.73777284491927,4.28857523003871,6.37098930333161,6.65449445033411,7.89253081918645,8.50398264877317,10.3456757468426,,11.4497249019194,,,12.3532890220292,13.3968267477237,14.1511910993809,15.6887834280295
336.399999999949,0.676964559646924,2.62933521985055,,,3.31179357213752,4.77648966478611,4.32625254859179,6.41409373879587,6.69092647838235,7.89932705352861,8.57188573734068,10.4468768163002,,11.6862261336788,,,12.3410073570178,13.3835794259165,14.2769313116059,15.5135871432851
336.999999999949,0.665565429758543,2.67275662813056,,,3.36730234314169,4.81520648465296,4.36392986714487,6.45719817426048,6.73332112357236,7.92265135250215,8.63978882590819,10.5480778857579,,11.9227273654382,,,12.3287256920065,13.37033210411,14.402671523831,15.3383908585406
337.599999999949,0.654166299870162,2.71617803641056,,,3.42281111414587,4.8539233045198,4.41026375564202,6.29419759078295,6.82260946169388,7.93063995845659,8.7415108673271,10.6616741606185,,12.1592285971976,,,12.3483089001834,13.4100699460955,14.5284117360561,15.1631945737962
338.199999999949,0.746365898113475,2.63381033127013,,,3.29815600930869,4.76191703698226,4.47263485177784,6.24095001175518,6.92189697748674,8.02168360492337,8.78502725893416,10.597969632416,,12.1982690846381,,,12.4289850180163,13.3762386421275,14.4350918573794,15.0874991165642
338.799999999949,0.838565496365557,2.54468321502221,,,3.17350090445628,4.68283625306678,4.5032161456141,6.11728679435351,6.97026442759899,8.09192165866959,8.8751035766205,10.5280810614892,,12.237309572062,,,12.4594578301877,13.328322460066,14.298634279386,15.0276345836131
339.399999999949,0.930765094617637,2.45555609877372,,,3.04884579960387,4.60375546915241,4.53379743944766,6.05143351757286,7.0123365202832,8.16998639256435,8.9651798943108,10.4581924905619,,12.2763500594858,,,12.4899306423549,13.2702785113787,14.162176701389,14.9677700506634
339.999999999949,1.02296469286972,2.36642898252523,,,2.92419069475145,4.52467468523803,4.56437873328122,5.98558024079709,7.05702497701467,8.23549396313664,9.0552562120011,10.3883039196346,,12.3153905469096,,,12.5204034545221,13.2122345626904,14.0257191233919,14.9079055177138
340.599999999949,1.1151642911218,2.27730186627674,,,2.79953558989904,4.44559390132366,4.58718093505504,6.08906266373206,7.00388814536948,8.2680216674747,9.09518425990738,10.3413233827039,,12.3544310343335,,,12.5155662710563,13.0545617971347,13.8892615453949,14.8480409847641
341.199999999949,0.942239811080205,2.22806292278174,,,2.85261754962629,4.46936324237857,4.60702923917383,6.02287278653944,6.93174898544289,8.13570780918617,9.06530855744049,10.2876706504312,,12.3088728435723,,,12.4352608671765,12.9913858937171,13.8324348604349,14.7203746951648
341.799999999949,0.769315331015981,2.17925541133544,,,2.90569950936872,4.4385217411197,4.57179536260404,6.08149974673197,6.92203623674679,8.02061504533916,8.93110445974388,10.2532629263615,,12.2633146528038,,,12.3909782968831,13.003479061589,13.8086532277953,14.6093260111827
342.399999999949,0.596390850951758,2.13044789988917,,,2.95878146911114,4.40768023985616,4.53656148602954,6.07856876751157,6.90894205923483,7.892333992137,8.79690036203835,10.2188552022935,,12.2177564620354,,,12.3466957265929,13.0210552235212,13.7848715951586,14.4982773272021
342.999999999948,0.423466370887534,2.08164038844291,,,3.01186342885357,4.37683873859261,4.50132760945504,6.07563778828588,6.88144816695754,7.76884366882615,8.66269626433283,10.1844474782254,,12.172198271267,,,12.3024131563026,13.0386313854539,13.7610899625219,14.3872286432214
343.599999999948,0.250541890823313,2.03283287699664,,,3.064945388596,4.34599723732907,4.46794769197028,6.05674647135251,6.88867727159255,7.68030007498734,8.56829409990516,10.1003877349483,,12.1266400804985,,,12.2872376016851,13.0928337556657,13.7373083298851,14.2761799592407
344.199999999948,0.424657107113689,2.0891929425209,,,3.05774141500546,4.24652563853244,4.41421752745842,6.10902130612747,7.00510695915751,7.73024218436244,8.47990433169894,10.2574951375995,,11.9022372426008,,,12.2985870242001,13.0821142866784,13.6298654672904,14.4018744400337
344.799999999948,0.598772323433952,2.15743279618072,,,3.05053744140973,4.19145718458825,4.36557539067188,6.048164772777,6.96737140744826,7.76957499919057,8.44800377310689,10.3762053697602,,11.6778344046877,,,12.308630080484,12.9827348360684,13.513838914143,14.5176452181223
345.399999999948,0.772887539754215,2.22567264984157,,,3.043333467814,4.13638873064789,4.31693325388578,6.16535254004318,6.94375736154123,7.802599414435,8.41610321451972,10.4949156019176,,11.4534315667746,,,12.3186731367678,12.8838699910046,13.397812360995,14.6334159962099
345.999999999948,0.947002756074475,2.29391250350242,,,3.03612949421827,4.08132027670754,4.26829111709967,6.28254030732474,6.9380138825285,7.8407151148498,8.38420265593254,10.613625834075,,11.2290287288615,,,12.3287161930516,12.7850051459408,13.2817858078469,14.7491867742976
346.599999999948,1.12111797239474,2.36215235716327,,,3.02892552062254,4.02625182276718,4.23670301218177,6.28967373266869,7.01241966647251,7.82514181549654,8.3136603812583,10.7258529159491,,11.0046258909484,,,12.3265147482469,12.7554792727543,13.1657592546988,14.8649575523853
347.199999999948,1.0936325112661,2.33743428227694,,,2.99132654711851,4.08689130178872,4.2350865793878,6.37103135802367,6.95250487895188,7.81856950855546,8.3292647217238,10.5988424890463,,11.0609016347816,,,12.3425906369564,12.8603330174078,13.3634435364807,14.8492393198715
347.799999999948,1.06614705011994,2.29920608166416,,,2.95372757361184,4.14776574489216,4.26589646009219,6.48814504513139,7.0380269660104,7.83378894494621,8.34155881113295,10.4797863675443,,11.1171773786392,,,12.3837506897453,12.9937253786052,13.5758038318777,14.8061650099518
348.399999999948,1.03866158897378,2.26097788105022,,,2.91612860010518,4.20864018799562,4.2967063407994,6.41583142581612,7.11387060805523,7.87976760299934,8.35385290054182,10.360730246043,,11.1734531224968,,,12.4249107425363,13.121359635789,13.788164127276,14.7630907000296
348.999999999948,1.01117612782762,2.22274968043627,,,2.87852962659851,4.26951463109908,4.32751622150661,6.34351780648434,7.17821182828716,7.90869478547232,8.36614698995068,10.2416741245416,,11.2297288663544,,,12.4660707953273,13.2489938929722,14.0005244226743,14.7200163901075
349.599999999947,0.983690666681466,2.18452147982232,,,2.84093065309185,4.33038907420254,4.33124560617101,6.46092282399714,7.17852557643194,8.01129084821628,8.39827839559178,10.0917998912831,,11.286004610212,,,12.5043037785739,13.2920123996829,14.2128847180726,14.6769420801853
350.199999999947,1.10884230706209,2.23881217913186,,,2.86778045261347,4.42078322931872,4.34697816104385,6.530965590902,7.35952721112073,8.07685952203872,8.40154350067758,10.1147176853145,,11.4631326192836,,,12.6836169120844,13.4375746021887,14.4077845918745,14.8306087952632
350.799999999947,1.23399394745609,2.29824620393137,,,2.89463025214074,4.46770624394927,4.33671230626586,6.59839246176648,7.46336938495551,8.12685864666785,8.36090774998177,10.0876116275484,,11.6402606283657,,,12.8368914178561,13.5637723518567,14.6062514500762,15.0018497528135
351.399999999947,1.35914558785009,2.35768022873134,,,2.921480051668,4.514629258576,4.32644645148559,6.77093094751116,7.56782192028171,8.16484048486881,8.3202719992821,10.060505569778,,11.8173886374479,,,12.9901659236254,13.7011925833288,14.8047183082782,15.1730907103653
351.999999999947,1.48429722824409,2.41711425353131,,,2.94832985119527,4.56155227320273,4.31618059670531,6.94346943326509,7.68024621354487,8.2129183538856,8.27963624858243,10.0333995120076,,11.99451664653,,,13.1434404293948,13.8386128148018,15.0031851664802,15.3443316679171
352.599999999947,1.60944886863809,2.47654827833128,,,2.97517965072254,4.60847528782946,4.30882359046634,6.97702861179419,7.83806352198692,8.24874037801884,8.25966831646247,10.1533832333231,,12.1716446556122,,,13.294767080548,14.0222027895257,15.2016520246822,15.5155726254689
353.199999999947,1.41369754084675,2.35877843532358,,,3.0351630777134,4.53461871170574,4.27979727148772,6.94715833658427,7.76882569217823,8.3233198789566,8.26040652645429,10.0450238988879,,11.9657200643585,,,13.1644200267563,13.8636303817021,15.0704363072761,15.5905419340872
353.799999999947,1.21794621302704,2.23922322267963,,,3.0951465047072,4.51532672384208,4.26497723683677,6.91211845173117,7.70856923385341,8.34521994643999,8.31684288912312,10.0447201356314,,11.759795473071,,,12.9987369780726,13.7515838996901,14.9362793372909,15.6607276773857
354.399999999947,1.02219488520733,2.11966801003552,,,3.15512993170099,4.49603473598325,4.25015720218708,6.7887657407155,7.64727275888139,8.33664033113737,8.37327925179687,10.0444163723844,,11.5538708817835,,,12.8330539293858,13.6278841970545,14.8021223673054,15.7309134206836
354.999999999947,0.826443557387622,2.00011279739141,,,3.21511335869478,4.47674274812442,4.23533716753739,6.66541302969198,7.57702333171965,8.33559648921539,8.42971561447063,10.0441126091374,,11.3479462904959,,,12.6673708806989,13.5041844944178,14.66796539732,15.8010991639817
355.599999999947,0.630692229567913,1.88055758474731,,,3.27509678568857,4.4574507602656,4.23954208035743,6.57294090219867,7.41668286270845,8.2526223892794,8.47668840386369,9.87622321758651,,11.1420216992084,,,12.4982519434622,13.3920839618487,14.5338084273345,15.8712849072796
356.199999999946,0.693846606950806,2.00270658673262,,,3.28074249945046,4.47617481454987,4.23553839065353,6.55261805449554,7.33287791626046,8.14684775056209,8.48890313977842,9.8945810842506,,11.1916091370568,,,12.469678508765,13.528083458328,14.5341340838836,15.7100534888359
356.799999999946,0.757000984356778,2.12616833941454,,,3.2863882132075,4.45952395052408,4.26028075704033,6.5361602671574,7.27147556679886,8.11122605243079,8.49838804138919,9.84605667356616,,11.2411965749279,,,12.5279884066876,13.6365449218344,14.510887282917,15.5572469767031
357.399999999946,0.820155361762752,2.24963009209658,,,3.29203392696454,4.44287308649514,4.2850231234297,6.51301551870845,7.20749676969958,8.07989953256827,8.50787294299971,9.79753226287576,,11.290784012799,,,12.586298304618,13.7484241733866,14.4876404819483,15.4044404645711
357.999999999946,0.883309739168725,2.37309184477863,,,3.29767964072159,4.42622222246619,4.30976548981907,6.48987077025889,7.14446890842151,8.03779692192332,8.51735784461024,9.74900785218535,,11.3403714506702,,,12.6446082025484,13.8603034249391,14.4643936809797,15.2516339524391
358.599999999946,0.946464116574697,2.49655359746067,,,3.30332535447863,4.40957135843724,4.3405704235654,6.37551744736403,7.17197670218798,8.07835147019555,8.51509053039285,9.79306717681775,,11.3899588885413,,,12.7379892315727,13.9702103978855,14.4411468800111,15.098827440307
359.199999999946,0.920243079287595,2.44011021992293,,,3.1903848806306,4.40228100348046,4.38131857992953,6.26723859227161,7.23333085530496,8.09113232093137,8.58941663289857,9.86275976407361,,11.4717188887761,,,12.7756841106828,13.8643780869666,14.4532469913272,15.3343668813164
359.799999999946,0.894022041992454,2.3838501623201,,,3.0774444067719,4.40654200611065,4.38517164387744,6.15448393930263,7.21694832941262,8.07549358729407,8.62219519394328,9.81506049400356,,11.5534788890137,,,12.8112031494123,13.7592232066629,14.4675153944628,15.5481890611188
360.399999999946,0.867801004697315,2.32759010471728,,,2.96450393291321,4.41080300874188,4.38902470782201,6.05160838626762,7.20935595090588,8.1338397702426,8.65497375498424,9.76736122392296,,11.6352388892514,,,12.8467221881416,13.6612648825858,14.4817837975987,15.7620112409193
360.999999999946,0.841579967402175,2.27133004711447,,,2.85156345905451,4.41506401137311,4.39287777176659,5.94873283323349,7.20147083218056,8.19681599010665,8.6877523160252,9.71966195384233,,11.7169988894891,,,12.8822412268709,13.5633065585094,14.4960522007345,15.9758334207197
361.599999999946,0.815358930107038,2.21506998951165,,,2.73862298519582,4.41932501400434,4.35206899502935,5.9299149279227,7.125085525779,8.23972478013588,8.73763149512513,9.5913444137339,,11.7987588897268,,,12.889848550467,13.412512527336,14.5103206038703,16.1896556005202
362.199999999946,0.885925595086493,2.21773078176956,,,2.75213219705142,4.43428710866432,4.28508372289669,5.91016894486826,7.03892365801793,8.25031841684861,8.73169922568236,9.4275042463525,,11.6634597410463,,,12.9122804675759,13.3836256810117,14.3571719207752,16.010400327167
362.799999999945,0.956492260074724,2.2202306854001,,,2.76564140891848,4.46229466565474,4.26274327914726,5.81567530646305,7.01548942696075,8.24256267519139,8.78277307572018,9.42898834218249,,11.5281605923462,,,12.8143012457286,13.381266705076,14.2193407793756,15.8635790329205
363.399999999945,1.02705892506295,2.22273058903064,,,2.77915062078554,4.49030222264635,4.24040283540189,5.80808580710739,6.98637042939703,8.15169076980608,8.83384692576318,9.43047243802751,,11.392861443646,,,12.7163220238704,13.3646255566407,14.0815096379775,15.716757738677
363.999999999945,1.09762559005119,2.22523049266117,,,2.7926598326526,4.51830977963795,4.21806239165652,5.80049630775959,6.97788837692448,8.05860582889725,8.88492077580619,9.43195653387253,,11.2575622949459,,,12.6183428020122,13.3479844082041,13.9436784965793,15.5699364444334
364.599999999945,1.16819225503941,2.2277303962917,,,2.80616904451967,4.54631733662956,4.25880795761008,5.83612164999065,6.99611000132322,7.95534179789628,8.89805093038889,9.58208736940616,,11.1222631462457,,,12.4999561237195,13.3538640649647,13.8058473551812,15.4231151501899
365.199999999945,1.01704472073842,2.25065618577353,,,2.8245201652066,4.5755211675285,4.35127917857809,5.82187678287748,7.00954945364413,7.87337476820136,8.86671078615869,9.76036484164824,,11.2926484347433,,,12.4007996896498,13.3825280932187,13.9375052741388,15.444663045524
365.799999999945,0.865897186417162,2.27688234852916,,,2.84287128589398,4.58733975910429,4.38187077109496,5.85772333351998,7.08599557866875,7.8184264762816,8.8141381956997,9.99710297914875,,11.4630337232689,,,12.3388705659156,13.312711148977,14.1075500560318,15.4003745337563
366.399999999945,0.714749652095905,2.3031085112851,,,2.86122240658135,4.59915835067849,4.41246236360615,5.87761231928463,7.16481768159526,7.8281777572115,8.76156560523878,10.2338411166546,,11.6334190117944,,,12.2769414421848,13.2478614283761,14.2775948379282,15.3560860219826
366.999999999945,0.563602117774644,2.32933467404104,,,2.87957352726873,4.61097694225269,4.44305395611734,5.89750130504782,7.21732642186883,7.8429371743489,8.70899301477784,10.4705792541605,,11.80380430032,,,12.2150123184539,13.1830117077756,14.4476396198247,15.3117975102088
367.599999999945,0.412454583453384,2.35556083679698,,,2.8979246479561,4.6227955338269,4.42660908660112,5.88564224519439,7.26673126467115,7.90177870012067,8.67253341440971,10.5930786734441,,11.9741895888455,,,12.1585473246463,13.1130113072336,14.6176844017211,15.2675089984351
368.199999999945,0.546894790138224,2.42115058127712,,,3.02007872123442,4.56336479499145,4.3919333513812,5.92629710688479,7.30239414907764,8.0143998931515,8.62378699937077,10.496174688433,,11.9735375539156,,,12.1399893821045,13.0670498377445,14.5142923438484,15.1795730449888
368.799999999945,0.681334996849388,2.48379671027504,,,3.14223279452231,4.55123244484358,4.40948173949909,6.08368077882966,7.2195301762795,8.1281142036057,8.59891675222847,10.2986696146577,,11.9728855189698,,,12.1789726350842,13.1260263467397,14.3584345313982,15.1593332117699
369.399999999944,0.815775203560554,2.54644283927268,,,3.2643868678102,4.53910009470008,4.4270301276218,6.20041638715427,7.12878812466722,8.18397552995899,8.57404650508839,10.101164540873,,11.9722334840241,,,12.2179558880693,13.2015213952418,14.2025767189431,15.1390933785572
369.999999999944,0.950215410271718,2.60908896827033,,,3.38654094109808,4.52696774455658,4.44457851574451,6.31715199547512,7.04962935185062,8.23757289981785,8.5491762579483,9.90365946708838,,11.9715814490784,,,12.2569391410543,13.2770164437454,14.0467189064879,15.1188535453445
370.599999999944,1.08465561698288,2.67173509726798,,,3.50869501438597,4.51483539441309,4.46829960539181,6.49537044457427,6.96812292183149,8.23084458857166,8.56027018534622,9.78092220953705,,11.9709294141326,,,12.3206880981183,13.3278565671076,13.8908610940328,15.0986137121319
371.199999999944,0.991853010479117,2.62628080453453,,,3.39352626711812,4.62474181944263,4.48641722366348,6.61404243879243,7.02512070515207,8.26877922651893,8.64577424505605,9.88789120269373,,11.9236696406803,,,12.2290198172221,13.3624530045344,13.9976995089018,15.1649734367271
371.799999999944,0.899050403954228,2.57466952498926,,,3.27835751982822,4.67088144922363,4.52289104721945,6.65128100821887,7.17564364252812,8.34742293120418,8.67774179353402,10.0349514485104,,11.8764098672236,,,12.1657463548081,13.3601839229404,14.1164828676882,15.2257309598505
372.399999999944,0.80624779742934,2.52305824544342,,,3.16318877253831,4.71702107899869,4.55936487077713,6.73098422998175,7.34208246767174,8.45832971361519,8.709709342007,10.1820116943309,,11.8291500937669,,,12.1024728923968,13.3499125480565,14.2352662264757,15.2864884829733
372.999999999944,0.713445190904453,2.47144696589758,,,3.0480200252484,4.76316070877376,4.59583869433482,6.81068745174856,7.50132152601436,8.56744030826605,8.74167689047998,10.3290719401514,,11.7818903203102,,,12.0391994299855,13.3396411731717,14.3540495852632,15.3472460060961
373.599999999944,0.620642584379564,2.41983568635174,,,2.9328512779585,4.80930033854882,4.65171595758127,6.73753336340215,7.68484916782298,8.68981571034556,8.72925603650137,10.3989012581105,,11.7346305468535,,,11.9636416344846,13.3916608925757,14.4728329440507,15.4080035292189
374.199999999944,0.717326816708914,2.47698423952277,,,2.98234318516098,4.75438286311668,4.69153355576766,6.6459812631343,7.64220051123471,8.67247187354572,8.584826758225,10.4859849916993,,11.6230809288742,,,12.1527669989556,13.4083493391765,14.3658851367755,15.3623293325489
374.799999999944,0.814011049056015,2.54045112402822,,,3.0318350923789,4.69714402096227,4.636844675518,6.51538816306987,7.60834288182757,8.54212594714757,8.49450879345858,10.5065425117551,,11.5115313108889,,,12.2667129234028,13.4606866285502,14.2832361767994,15.3099516617727
375.399999999944,0.910695281403119,2.60391800853427,,,3.08132699959682,4.63990517880764,4.58215579525947,6.28075801676962,7.55829657998692,8.4107422598156,8.40419082869724,10.5271000318047,,11.3999816929035,,,12.3806588478429,13.5053720504704,14.2005872168255,15.2575739909958
375.999999999943,1.00737951375022,2.66738489304031,,,3.13081890681473,4.58266633665302,4.52746691500094,6.04612787045962,7.51528276964227,8.27574428275568,8.3138728639359,10.5476575518544,,11.2884320749182,,,12.494604772283,13.55005747239,14.1179382568517,15.205196320219
376.599999999943,1.10406374609732,2.73085177754636,,,3.18031081403265,4.52542749449839,4.45389011216073,5.90789551263995,7.44239153201952,8.18148579476,8.23851251629735,10.5386283225376,,11.1768824569328,,,12.6087621663222,13.5314739870971,14.0352892968779,15.1528186494421
377.199999999943,1.01267614121976,2.71034933484834,,,3.14986542573344,4.44618717174233,4.40098441070009,5.86358579831286,7.48788648300976,8.13062250215309,8.40302442914878,10.3760368325599,,11.1781876238872,,,12.4814770666634,13.4410469077562,14.0876207813953,15.1858288754978
377.799999999943,0.921288536324435,2.69637118000271,,,3.11942003742669,4.40427979366021,4.36954384274318,5.8279038426357,7.42308600713322,8.17145782958027,8.48163644046273,10.2910679136226,,11.1794927908522,,,12.4312247847643,13.3156280718435,14.1025238207461,15.2460719460137
378.399999999943,0.829900931429109,2.68239302515769,,,3.08897464911994,4.36237241558163,4.33810327478831,5.91315150657004,7.37044715363266,8.19780351691536,8.56024845176854,10.2060989946926,,11.1807979578172,,,12.3809725028724,13.191542102283,14.1174268600934,15.3063150165322
378.999999999943,0.738513326533782,2.66841487031267,,,3.05852926081319,4.32046503750305,4.30666270683343,5.99839917051582,7.31188555517354,8.23429873967706,8.63886046307436,10.1211300757626,,11.1821031247822,,,12.3307202209806,13.0674561327225,14.1323298994407,15.3665580870506
379.599999999943,0.647125721638456,2.65443671546765,,,3.02808387250644,4.27855765942447,4.27091926272222,6.04433424983427,7.27676983200734,8.25038208837466,8.70283290078538,10.1473406777958,,11.1834082917472,,,12.2971272015912,13.0669607107094,14.147232938788,15.426801157569
380.199999999943,0.702722099269681,2.59267507661909,,,3.16744904496219,4.38791890028667,4.17540801568075,6.03721841325383,7.16852152088282,8.23872390492636,8.52922983431715,10.2905758934553,,11.0804963014564,,,12.2807056373355,13.1041208034489,14.1097957752804,15.3692920787657
380.799999999943,0.758318476914898,2.52338967281482,,,3.3068142174341,4.51142632646224,4.16503671271131,6.09843013282126,7.08826288046978,8.19469091113074,8.44515810881654,10.3956082799736,,10.9775843111556,,,12.1773018005202,13.1415815383922,14.1178090439119,15.241998812169
381.399999999943,0.813914854560116,2.45410426900983,,,3.44617938990602,4.63493375263914,4.15466540974999,6.09909942397278,6.99345318370354,8.11983495806055,8.36108638332447,10.5006406664882,,10.8746723208548,,,12.0738979636965,13.1780044244512,14.1258223125477,15.1147055455657
381.999999999943,0.869511232205334,2.38481886520484,,,3.58554456237793,4.75844117881606,4.14429410678867,6.09976871511851,6.89909098644949,8.03290880611134,8.2770146578324,10.6056730530028,,10.771760330554,,,11.9704941268728,13.21442731051,14.1338355811835,14.9874122789624
382.599999999942,0.925107609850551,2.31553346139985,,,3.72490973484985,4.88194860499297,4.17159228327635,6.19415512248083,6.77351941625687,7.89140871628613,8.24602477068724,10.646771897393,,10.6688483402532,,,11.855611820817,13.1722626606652,14.1418488498193,14.8601190123591
383.199999999942,0.836991043804538,2.21587925807689,,,3.63129214373506,4.76804108470974,4.28241500308177,6.3377538051147,6.65806789735199,7.76160404647739,8.36643696459299,10.640883056715,,10.9417738471858,,,11.980944632593,13.1223245707908,14.1258664221601,14.9744174460996
383.799999999942,0.748874477744733,2.11235290517515,,,3.5376745525979,4.61566917416364,4.30650072896153,6.38292974746254,6.58309692007239,7.61338832118583,8.41256542974292,10.5430651036789,,11.2146993541546,,,12.127800739289,13.1089709402684,14.0440194970098,15.1525138711812
384.399999999942,0.66075791168493,2.00882655227304,,,3.44405696146075,4.46329726361384,4.33058645483296,6.44391266327689,6.52056553462445,7.54608542409953,8.45869389488571,10.4452471506339,,11.4876248611233,,,12.2746568459871,13.1036934824352,13.9621725718532,15.3306102962689
384.999999999942,0.572641345625122,1.90530019937093,,,3.35043937032359,4.31092535306403,4.35467218070438,6.50489557909276,6.46404311745063,7.49225903181017,8.5048223600285,10.3474291975889,,11.760550368092,,,12.4215129526852,13.0984160246029,13.8803256466965,15.5087067213566
385.599999999942,0.484524779565319,1.80177384646882,,,3.25682177918644,4.15855344251423,4.32601072460208,6.42303438559227,6.44983344559355,7.52640841287371,8.49393449621769,10.2585139200322,,12.0334758750607,,,12.5600169659245,13.0174861488971,13.7984787215399,15.6868031464443
386.199999999942,0.425477757870895,1.77301454665422,,,3.20359831026333,4.14136294150815,4.25907473022232,6.29489422484271,6.48342077732626,7.58197169950606,8.42846179995706,10.1280199405461,,11.8786993008868,,,12.3315138159599,12.9461403295353,13.6915006427291,15.5990693642303
386.799999999942,0.366430736179283,1.74841850546471,,,3.15037484134413,4.10709839385453,4.23633499905588,6.27101870368567,6.52056391251015,7.70127482479458,8.44857088235154,10.1046312642344,,11.7239227266716,,,12.1032510825604,12.8391574720516,13.6527307259756,15.458276079086
387.399999999942,0.307383714487673,1.72382246427561,,,3.09715137242494,4.07283384619925,4.21359526789372,6.25370793051112,6.55449224651237,7.78897909930748,8.46867996475432,10.0812425879332,,11.5691461524563,,,11.8749883491609,12.7256134721654,13.6139608092286,15.3174827939365
387.999999999942,0.248336692796062,1.6992264230865,,,3.04392790350574,4.03856929854397,4.19085553673156,6.2363971573372,6.58650758416458,7.86593731909909,8.48878904715711,10.0578539116319,,11.4143695782411,,,11.6467256157615,12.6120694722785,13.5751908924817,15.176689508787
388.599999999942,0.18928967110445,1.6746303818974,,,2.99070443458653,4.00430475088869,4.22149582468421,6.30520519733251,6.60799133715848,7.89080658029508,8.55651018976629,10.0793454903479,,11.2595930040258,,,11.4186549907383,12.6081207691124,13.5364209757347,15.0358962236375
389.199999999941,0.335406310592077,1.77540240613635,,,3.12038409442935,3.94283802042904,4.28191565417339,6.38374109376988,6.72133893825206,8.06502568462678,8.69757945975278,10.1262418487461,,11.3741831309667,,,11.543695079037,12.7882320577696,13.6589299126315,15.0289540118674
389.799999999941,0.481522950099703,1.87493433543629,,,3.25006375428999,3.9483435074862,4.37068141195544,6.38469936422219,6.88543081827194,8.20838168964311,8.78600133852394,10.101653768693,,11.4887732579339,,,11.7375415945621,12.9932664723949,13.7472492908464,15.0623632347659
390.399999999941,0.627639589607331,1.97446626473611,,,3.37974341415063,3.95384899454989,4.45944716974025,6.38444187152333,7.0594088486952,8.33151749743244,8.87442321728995,10.077065688633,,11.603363384901,,,11.9313881100938,13.199363775704,13.835568669058,15.0957724576684
390.999999999941,0.773756229114957,2.07399819403593,,,3.50942307401127,3.95935448161359,4.54821292752506,6.38418437882435,7.23864376152981,8.45602315095852,8.96284509605596,10.052477608573,,11.7179535118681,,,12.1252346256256,13.4054610790133,13.9238880472696,15.1291816805708
391.599999999941,0.919872868622583,2.17353012333574,,,3.63910273387191,3.96485996867728,4.59635868972836,6.44139526036422,7.39597110461375,8.60503164272296,9.00399133582882,9.95912926571448,,11.8325436388353,,,12.3290859397988,13.5893295793746,14.0122074254812,15.1625909034733
392.199999999941,0.929979850080335,2.1493516360831,,,3.5860019298312,3.90539158043633,4.62388861803859,6.45786143252293,7.35177960341531,8.53895893666351,9.02359400687349,9.92878084204328,,11.6776271851334,,,12.2729878564835,13.6208322643758,13.9025917845417,15.1684608206494
392.799999999941,0.940086831524721,2.12858402718495,,,3.53290112577251,3.80081255634085,4.60380612327303,6.48289136133785,7.26416087045553,8.45134275597494,9.01899431400687,10.0091768915737,,11.522710731405,,,12.2276511794532,13.5948915663561,13.8124615631995,15.1686948709225
393.399999999941,0.950193812969109,2.10781641828713,,,3.47980032171384,3.69623353224094,4.58372362850278,6.451422996761,7.16020916121234,8.3522688586151,9.01439462113788,10.089572941115,,11.3677942776766,,,12.182314502424,13.569642907218,13.7223313418592,15.168928921195
393.999999999941,0.960300794413499,2.08704880938932,,,3.42669951765516,3.59165450814102,4.56364113373254,6.41995463217857,7.05071529462519,8.26022351854109,9.00979492826889,10.1699689906563,,11.2128778239483,,,12.1369778253948,13.5443942480799,13.6322011205189,15.1691629714675
394.599999999941,0.970407775857885,2.06628120049151,,,3.37359871359648,3.4870754840411,4.5496557526841,6.29742369814395,6.93370926699668,8.14515137229915,9.03056127377059,10.2226793665718,,11.0579613702199,,,12.076971356225,13.4785124422735,13.5420708991787,15.16939702174
395.199999999941,0.780080750329114,2.1249816576369,,,3.253330069269,3.63097546518649,4.49025230035537,6.2128927151097,6.9861779894188,8.11631329841966,8.90512606727372,10.2326583002412,,11.2072552435819,,,12.2084540209449,13.368614121653,13.5932893675488,15.1335245412949
395.79999999994,0.589753724780499,2.18480762856748,,,3.13306142493487,3.77726973470522,4.45968687807855,6.13957896731456,7.05047696986339,8.13517251551629,8.84381543713461,10.1042136214109,,11.356549116974,,,12.2585569201077,13.3515087894862,13.6189820438017,15.1048459122434
396.39999999994,0.399426699231884,2.24463359949817,,,3.01279278060074,3.92356400422419,4.42912145580459,6.12825652663647,7.12086002299443,8.18195806448417,8.78250480700185,9.97576894256694,,11.5058429903661,,,12.3086598192625,13.3317246699864,13.644674720052,15.0761672831926
396.99999999994,0.209099673683269,2.30445957042886,,,2.8925241362666,4.06985827374316,4.39855603353063,6.11693408596456,7.19070178159795,8.22339436542302,8.7211941768691,9.84732426372295,,11.6551368637582,,,12.3587627184172,13.3119405504864,13.6703673963023,15.0474886541418
397.59999999994,0.018772648134654,2.36428554135955,,,2.77225549193247,4.21615254326213,4.37028678926235,6.06012957326765,7.26673504321604,8.25107331592254,8.63789654279197,9.78484612498658,,11.8044307371503,,,12.4240371479479,13.2867428045089,13.6960600725527,15.0188100250911
398.19999999994,0.0811684815185666,2.29933427811378,,,2.77216473133902,4.29027741463508,4.4360955805086,6.03597294183103,7.33261256815394,8.25395770516299,8.75215291793407,9.78232293825981,,11.8323206708086,,,12.3831770768321,13.3023482957073,13.8769430092912,15.029930882561
398.79999999994,0.143564314927692,2.22972271977362,,,2.77207397075756,4.36234264060117,4.45904258186201,6.05344025696085,7.34529020704424,8.19845319745258,8.82422273707087,9.96309271386982,,11.8602106044547,,,12.3504058007221,13.1770667920142,14.0231518977897,15.0331130399922
399.39999999994,0.205960148336815,2.16011116143299,,,2.7719832101761,4.43440786656706,4.48198958321113,6.0657394395464,7.36016793526326,8.14273460622315,8.89629255620344,10.1438624894981,,11.8881005381009,,,12.317634524613,13.0515087442619,14.1693607862846,15.0362951974227
399.99999999994,0.268355981745939,2.09049960309236,,,2.77189244959464,4.50647309253295,4.50493658456025,6.07803862213144,7.37445588871939,8.09930547364422,8.96836237533602,10.3246322651265,,11.915990471747,,,12.2848632485038,12.9259506965096,14.3155696747796,15.0394773548531
400.59999999994,0.330751815155064,2.02088804475173,,,2.77180168901317,4.57853831849884,4.52461383005251,6.27076312994055,7.42997759221975,8.0763823409999,9.05267132093528,10.4622266990846,,11.9438804053931,,,12.2414502810738,12.8347617235625,14.4617785632745,15.0426595122836
401.19999999994,0.282242584679492,2.06935785298631,,,2.85913131069995,4.50060559811911,4.48128271124201,6.46611732176717,7.36700574822399,8.06038642780164,8.94384616845183,10.5961646750913,,12.014402429543,,,12.1077894381963,12.7371463489574,14.1750483231463,14.9806221560983
401.79999999994,0.233733354192774,2.11564620431203,,,2.94646093239551,4.4322907560801,4.46574282123495,6.64041750140853,7.31476689803462,8.07669104977619,8.81727879211213,10.4674390403885,,12.0849244536972,,,12.0849640905774,12.8113205923444,13.9620706953653,14.8867745568931
402.399999999939,0.185224123706058,2.16193455563752,,,3.03379055409107,4.36397591404205,4.45020293123068,6.78077403603231,7.25601703525344,8.0630941183635,8.69071141577064,10.3387134056593,,12.1554464778514,,,12.0621387429696,12.8909842416462,13.7490930675918,14.7929269576846
402.999999999939,0.136714893219337,2.20822290696302,,,3.12112017578664,4.29566107200401,4.43466304122642,6.92113057065268,7.19257794794973,8.0209353410174,8.56414403942916,10.2099877709301,,12.2259685020056,,,12.0393133953618,12.9706478909487,13.5361154398183,14.6990793584761
403.599999999939,0.0882056627326194,2.25451125828852,,,3.2084497974822,4.22734622996597,4.42775142171217,6.90911352209585,7.0729773917971,7.95541235181838,8.43871888827019,10.1702556374793,,12.2964905261598,,,12.0198805208916,13.0281558787662,13.3231378120447,14.6052317592677
404.199999999939,0.171469868434784,2.16363886671577,,,3.17679812998239,4.11122352000577,4.42216506060642,6.84782138440234,7.03817074743781,7.87655333999767,8.4908800832444,10.0087762632974,,11.9836017993295,,,12.2586080096793,13.0824582607959,13.4569304819342,14.6220538977757
404.799999999939,0.25473407415029,2.07983919633635,,,3.14514646247054,3.97831881339589,4.42475925801196,6.65209417917081,6.94102886858941,7.76307597461353,8.55015704388147,10.1441150253233,,11.6707130724605,,,12.2426222514775,12.9934798835802,13.5364195747789,14.6672180626071
405.399999999939,0.337998279865799,1.99603952595765,,,3.11349479495868,3.84541410678431,4.42735345541832,6.49227844368673,6.85044656184474,7.70513904825963,8.60943400451925,10.2794537873793,,11.3578243455915,,,12.2266364932498,12.9046423658754,13.6159086676181,14.7123822274414
405.999999999939,0.421262485581308,1.91223985557896,,,3.08184312744682,3.71250940017273,4.42994765282469,6.33246270820631,6.77011172491899,7.66969088438357,8.66871096515703,10.4147925494353,,11.0449356187224,,,12.2106507350222,12.8158048481706,13.6953977604573,14.7575463922757
406.599999999939,0.504526691296815,1.82844018520026,,,3.05019145993497,3.57960469356115,4.44026542580424,6.2714870956189,6.72734757890244,7.67641252169199,8.75376291345916,10.4807166046523,,10.7320468918534,,,12.1939598445082,12.7680486717814,13.7748868532965,14.80271055711
407.199999999939,0.557696202070926,1.92714760752195,,,3.15635050050594,3.56994706341894,4.45587662637832,6.1554503942543,6.652242539293,7.74913442287197,8.65745127197241,10.6975887462466,,10.9781732007681,,,11.9553393734437,12.7360696803121,13.7310949063714,14.9135487128609
407.799999999939,0.610865712841964,2.02240196981159,,,3.26250954109098,3.57693920208824,4.40871941993624,6.26932567791588,6.6347463200127,7.82053445347974,8.59998041041397,10.8249111689123,,11.2242995097398,,,11.9202438468953,12.7699232705297,13.723552498826,15.0059962566248
408.399999999939,0.664035223612998,2.11765633210087,,,3.36866858167601,3.58393134075924,4.36156221348773,6.37875510604458,6.61637880007433,7.83846860224213,8.54250954885951,10.9522335915689,,11.4704258187115,,,11.8851483203676,12.8012957487772,13.7160100912844,15.0984438003867
408.999999999938,0.717204734384038,2.21291069439016,,,3.47482762226105,3.59092347943024,4.31440500703924,6.48818453417282,6.59354987208843,7.84742367677447,8.48503868730504,11.0795560142255,,11.7165521276832,,,11.8500527938399,12.8326682270245,13.7084676837427,15.1908913441487
409.599999999938,0.770374245155072,2.30816505667944,,,3.58098666284608,3.59791561810125,4.26043278817446,6.47435163484911,6.55572699002995,7.83995401925789,8.38928114052755,11.2693747495454,,11.9626784366549,,,11.8382617516566,12.8755811413001,13.7009252762011,15.2833388879107
410.199999999938,0.858595251902796,2.25165608529841,,,3.53389253792466,3.63387009845757,4.21476791642395,6.59775958458134,6.58068486103974,7.8083431052791,8.38472298799031,11.3007800974297,,11.9313417679912,,,11.9862237381724,13.1677698401692,13.7671038593717,15.345870652725
410.799999999938,0.946816258654121,2.19062483880447,,,3.48679841298748,3.67583055376917,4.25599647856039,6.58206171315379,6.63589376609096,7.83341900946651,8.35167811057162,11.1997178373904,,11.900005099299,,,12.070323688018,13.4498048575106,13.8369666293681,15.4224359321243
411.399999999938,1.03503726540544,2.12959359231006,,,3.43970428805031,3.71779100908139,4.29722504070578,6.53781648975611,6.69044916447349,7.90149254930134,8.31863323315,11.0986555773375,,11.8686684306068,,,12.1544236378569,13.7295163127224,13.906829399365,15.499001211525
411.999999999938,1.12325827215677,2.06856234581564,,,3.39261016311313,3.75975146439361,4.33845360285117,6.49357126635549,6.74923647423283,7.9785438627284,8.28558835572838,10.9975933172846,,11.8373317619147,,,12.2385235876959,14.0092277679338,13.9766921693618,15.5755664909257
412.599999999938,1.21147927890809,2.00753109932123,,,3.34551603817596,3.80171191970583,4.37165368979199,6.50653679210286,6.81737307407916,8.05575775559569,8.2687017299758,10.783028135411,,11.8059950932225,,,12.3075822008782,14.2260647779369,14.0465549393587,15.6521317703264
413.199999999938,1.02895827299685,2.02668919457801,,,3.3603715527917,3.81809390466152,4.41161109398292,6.43222343733788,6.75749866211048,8.07784412098892,8.27099057044481,10.6120706594786,,11.9462633060344,,,12.3332776816194,14.0415113304152,14.0336184343029,15.5806051680619
413.799999999938,0.846437267057562,2.05123829860959,,,3.37522706741386,3.82237822812268,4.37368248938874,6.36915582639271,6.77613631195626,8.09122497178483,8.28320103427948,10.4786719384238,,12.086531518864,,,12.402232460439,13.8603040630694,13.9874062375615,15.557532839718
414.399999999938,0.66391626111828,2.07578740264173,,,3.39008258203602,3.82666255158257,4.33575388478649,6.30466083171847,6.79370657186012,8.06034138482853,8.29541149811518,10.3452732173728,,12.2267997316936,,,12.4711872392631,13.6808112438588,13.9411940408167,15.5344605113792
414.999999999938,0.481395255178997,2.10033650667388,,,3.40493809665818,3.83094687504247,4.29782528018423,6.2401658370441,6.79654513737218,8.01467182334403,8.30762196195088,10.2118744963219,,12.3670679445233,,,12.5401420180872,13.5013184246484,13.8949818440718,15.5113881830403
415.599999999937,0.298874249239714,2.12488561070602,,,3.41979361128034,3.83523119850237,4.25582258328806,6.16251669744839,6.78955964598511,7.98082127852414,8.31002430771381,10.1483821233723,,12.5073361573529,,,12.5905298986655,13.4251586113013,13.848769647327,15.4883158547014
416.199999999937,0.385196339904284,2.12437682672526,,,3.2997325857192,4.05749020932182,4.18202139584438,6.17177663646326,6.97412298948494,8.03958126305228,8.37109641837592,10.1840371458977,,12.3982135694577,,,12.6601036849246,13.6115928192861,13.8565553463152,15.5016080372672
416.799999999937,0.471518430596899,2.11884333895144,,,3.17967156014399,4.26250561959778,4.1817710116787,6.18648982855885,7.00519640405324,8.08380947711965,8.47333915034948,10.2921561103979,,12.2890909815366,,,12.8061791903675,13.8109603443222,13.9149967826084,15.4295064785659
417.399999999937,0.557840521289512,2.1133098511771,,,3.05961053456877,4.46752102987195,4.18152062752071,6.20845026181374,7.04235779600064,8.13415594604362,8.57558188232734,10.4002750749056,,12.1799683936154,,,12.9522546958183,14.0100234306985,13.973438218907,15.3574049198556
417.999999999937,0.644162611982125,2.10777636340277,,,2.93954950899356,4.67253644014611,4.18127024336272,6.23041069506939,7.10428385878645,8.20689223130505,8.6778246143052,10.5083940394133,,12.0708458056942,,,13.0983302012691,14.2090865170748,14.0318796552055,15.2853033611453
418.599999999937,0.730484702674738,2.10224287562842,,,2.81948848341834,4.87755185042028,4.21937886022558,6.24082669453103,7.17540724182641,8.2397778809753,8.79920242177265,10.5563619465194,,11.961723217773,,,13.2761773418801,14.2844976504309,14.090321091504,15.213201802435
419.199999999937,0.597369488892763,2.00902461844511,,,2.85009149219458,4.64030381520223,4.30583547824496,6.15487657861946,7.02458886159094,8.15549269854016,8.83790788370043,10.5866396858646,,11.8625987956438,,,13.1718068806182,14.2499978147155,14.0600082094322,15.2628878629677
419.799999999937,0.464254275087729,1.92396980112809,,,2.88069450098664,4.43717222595398,4.36850059259663,6.06751411171569,6.90430029099884,8.02874679495073,8.78154929611547,10.662532060688,,11.7634743735157,,,12.8176892079174,14.1658171804046,13.9475295437116,15.3998897010083
420.399999999937,0.331139061282699,1.83891498381194,,,2.9112975097787,4.23404063670931,4.43116570694581,6.05905279099008,6.77534469207492,7.91920447589632,8.7251907085205,10.7384244355161,,11.6643499513876,,,12.4635715351903,14.0822436685997,13.8350508779824,15.536891539058
420.999999999937,0.198023847477668,1.75386016649578,,,2.94190051857076,4.03090904746464,4.49383082129498,6.05059147027278,6.61942739195773,7.78457690313788,8.66883212092553,10.8143168103443,,11.5652255292595,,,12.1094538624632,13.9986701567949,13.7225722122532,15.6738933771077
421.599999999937,0.0649086336726359,1.66880534917962,,,2.97250352736283,3.82777745821998,4.51966493173586,6.02226047748308,6.43456708937514,7.66822899556888,8.58376830446737,10.9775170414339,,11.4661011071314,,,11.7117510612215,13.9319738155217,13.610093546524,15.8108952151574
422.199999999936,0.18917403043338,1.64026196811507,,,3.05099066205842,3.89847746547671,4.52997826521063,5.97711153122183,6.47299983731562,7.64814787137642,8.47276204371646,10.9834613737718,,11.6186980322998,,,11.7101182662644,13.8310679317588,13.6883470568683,15.8752413916798
422.799999999936,0.313439427221362,1.61212617306723,,,3.12947779675908,3.9556213418235,4.52655517485349,5.95572578339835,6.60765406469041,7.66515159482277,8.44678027860923,10.7807656537965,,11.7712949574949,,,11.9629038762438,13.8112832632704,13.8266604821337,15.8840511422233
423.399999999936,0.437704824009344,1.58399037801943,,,3.20796493145974,4.01276521816885,4.52313208449489,5.78247662503629,6.74684041227941,7.69403063750991,8.42079851351101,10.5780699337992,,11.9238918826899,,,12.2156894862503,13.7880241532327,13.9649739074054,15.892860892761
423.999999999936,0.561970220797324,1.55585458297163,,,3.2864520661604,4.0699090945142,4.51970899413628,5.6092274666581,6.90697470431193,7.74105731264679,8.39481674841279,10.3753742138018,,12.076488807885,,,12.4684750962567,13.7647650431947,14.1032873326771,15.9016706432986
424.599999999936,0.686235617585306,1.52771878792383,,,3.36493920086107,4.12705297085955,4.52300274743237,5.54096996898148,7.12430266740249,7.81144986011525,8.41044828243322,10.1680738654309,,12.22908573308,,,12.7517454442939,13.7478473147842,14.2416007579487,15.9104803938363
425.199999999936,0.736199717404974,1.65587630929144,,,3.2641993817011,4.01883042801066,4.48593722843818,5.54782628092124,7.17798249337255,7.85694360085393,8.48840336962819,9.93721604832493,,12.1297069539161,,,12.8987132451099,13.7374078041255,14.2409662609171,15.8705615327765
425.799999999936,0.786163817216721,1.77453365767269,,,3.16345956252204,3.92837247003257,4.44688612173843,5.569795638951,7.18690429345809,7.93550045985499,8.50735337675476,9.90268956944318,,12.0303281747254,,,12.8513907365127,13.6534139660904,14.2440360679533,15.8521815553139
426.399999999936,0.836127917028468,1.89319100605294,,,3.06271974334297,3.83791451205638,4.40783501503846,5.77420113801145,7.19616354945902,8.00256392827431,8.52630338387503,9.86816309058238,,11.9309493955347,,,12.8040682278948,13.5758126077623,14.2471058749899,15.8338015778537
426.999999999936,0.886092016840216,2.01184835443318,,,2.9619799241639,3.74745655408019,4.36878390833849,5.9786066370914,7.19005299677855,8.0641219001568,8.54525339099529,9.83363661172157,,11.8315706163439,,,12.7567457192769,13.4982112494349,14.2501756820265,15.8154216003935
427.599999999936,0.936056116651963,2.13050570281343,,,2.86124010498484,3.65699859610399,4.3441958611219,6.31077713659134,7.16571715564833,8.08670606948988,8.54816296864103,9.72469919751396,,11.7321918371532,,,12.7070798485254,13.4576931622037,14.253245489063,15.7970416229332
428.199999999936,0.806094668784846,2.14734713997455,,,3.13087547682515,3.76799240148641,4.35728234849781,6.55960339633312,7.23444575686533,8.1172236122681,8.47625443536657,9.8383661036968,,11.7236178667269,,,12.5523301655949,13.4857574452602,14.295098237827,15.725881360853
428.799999999935,0.676133220898417,2.1757251727227,,,3.40051084870521,3.8719268037752,4.44721410570037,6.79794720926125,7.28482984537497,8.12568790200277,8.45268350039339,9.96159438393807,,11.7150438963103,,,12.5970339189293,13.5651377161023,14.3405549411862,15.6309549373679
429.399999999935,0.546171773011985,2.20410320547209,,,3.67014622058528,3.97586120606323,4.53714586291119,6.95812454162781,7.33579888609314,8.128588861811,8.4291125654254,10.0848226641804,,11.7064699258937,,,12.6417376722851,13.6401521510956,14.3860116445458,15.5360285138802
429.999999999935,0.416210325125554,2.23248123822149,,,3.93978159246535,4.07979560835126,4.62707762012201,7.11830187398594,7.40069916038049,8.1268686895843,8.40554163045743,10.2080509444226,,11.6978959554771,,,12.686441425641,13.7151665860885,14.4314683479054,15.4411020903926
430.599999999935,0.286248877239125,2.26085927097088,,,4.20941696434542,4.1837300106393,4.70142597759016,6.98056220376804,7.42546601399723,8.15184703789684,8.3557067634287,10.3618165798931,,11.6893219850606,,,12.7092063661825,13.7935309089594,14.476925051265,15.3461756669049
431.199999999935,0.29333819231214,2.10778483031902,,,3.96245199179965,4.18429358691795,4.74248161124814,6.92692051069346,7.37099255785334,8.13527842670166,8.36892914826982,10.385453544805,,11.753406922241,,,12.8397314504663,13.8089526939389,14.5472502437179,15.3990059662112
431.799999999935,0.300427507399967,1.94784689536068,,,3.71548701919804,4.11761726135337,4.63403216847482,6.83081692942326,7.24438642004162,8.10062830871957,8.30015525807936,10.2646466749326,,11.8174918594293,,,12.8439869045651,13.7868672957407,14.587943874165,15.4324428083221
432.399999999935,0.307516822487797,1.78790896040161,,,3.46852204659643,4.05094093578151,4.52558272568531,6.63900369802457,7.11962809818526,8.0527796475608,8.23138136788002,10.1438398050445,,11.8815767966177,,,12.8482423586502,13.7625272116438,14.6286375046089,15.4658796504309
432.999999999935,0.314606137575624,1.62797102544253,,,3.22155707399482,3.98426461020965,4.4171332828958,6.4471904666155,6.97442885965731,8.0107479870371,8.16260747768067,10.0230329351565,,11.945661733806,,,12.8524978127353,13.7381871275467,14.6693311350528,15.4993164925397
433.599999999935,0.321695452663453,1.46803309048345,,,2.97459210139321,3.91758828463778,4.30571275171126,6.25124397411244,6.84908341731133,7.95812365625768,8.12802578812033,9.96134215748961,,12.0097466709943,,,12.8887305766103,13.6572437458309,14.7100247654967,15.5327533346484
434.199999999935,0.312171238271638,1.54955280671095,,,2.96703794268867,3.76395414804582,4.23198116412446,6.0636283697076,6.66606127460502,7.86489197607661,8.17777714678746,10.0574985067427,,11.982383445103,,,12.850324509917,13.5063356213131,14.5340928271703,15.4142103156996
434.799999999935,0.302647023878018,1.6283645252125,,,2.95948378401019,3.68748935526373,4.22852057258806,5.91975748767931,6.58880314509858,7.77599583750608,8.32553688086349,10.2451390381038,,11.9550202192017,,,12.7477301015403,13.3494565825162,14.335998734779,15.3086474935075
435.399999999934,0.293122809484396,1.70717624371376,,,2.9519296253317,3.61102456249006,4.22505998105933,5.90806433242491,6.5018022019549,7.71246051024661,8.47329661495021,10.4327795694749,,11.9276569933005,,,12.6451356931566,13.203933165586,14.1379046423853,15.2030846713169
435.999999999934,0.283598595090772,1.78598796221502,,,2.94437546665322,3.53455976971639,4.22159938953059,5.89637117718497,6.43778744209077,7.6401259609066,8.62105634903692,10.620420100846,,11.9002937673992,,,12.5425412847729,13.058409748657,13.9398105499916,15.0975218491263
436.599999999934,0.27407438069715,1.86479968071627,,,2.93682130797474,3.45809497694272,4.21904476062257,6.07896403869321,6.39624894802449,7.6075939983011,8.75624400426347,10.7123979817163,,11.8729305414979,,,12.4153709734669,12.9979575567393,13.7417164575979,14.9919590269356
437.199999999934,0.398588953388075,1.82343603230046,,,2.87318886819833,3.72445350399154,4.2216608888506,6.26238575397182,6.57693850075236,7.73290364864471,8.7706889676172,10.6266105119352,,11.838282576969,,,12.3445160972324,13.1242276414064,13.8939079001872,15.1653962499524
437.799999999934,0.52310352609369,1.78529077406714,,,2.80955642841578,3.96130466668914,4.22192409138711,6.4466873127848,6.7558307887965,7.85165029160255,8.75431489089007,10.5304860549343,,11.8036346124393,,,12.3551755032488,13.2827297498763,14.1091598882709,15.3668119660032
438.399999999934,0.647618098799309,1.74714551583418,,,2.74592398863323,4.19815582938351,4.22218729392337,6.54477927255596,6.93705051681496,7.96482910664983,8.73794081415955,10.4343615979322,,11.7689866479095,,,12.3658349092742,13.4292456460084,14.3244118763616,15.5682276820572
438.999999999934,0.772132671504928,1.70900025760122,,,2.68229154885068,4.43500699207787,4.22245049645963,6.64287123231764,7.10935462567631,8.08813392299,8.72156673742903,10.3382371409301,,11.7343386833798,,,12.3764943152996,13.5757615421391,14.5396638644522,15.7696433981112
439.599999999934,0.896647244210545,1.67085499936826,,,2.61865910906813,4.67185815477223,4.23496464790749,6.68663955579393,7.2427897603847,8.16917936894533,8.71073614811574,10.3021028300797,,11.6996907188501,,,12.400171665664,13.6087270695166,14.7549158525428,15.9710591141651
440.199999999934,0.916852562997905,1.70278773928308,,,2.72457861760965,4.65820245663788,4.26576999008684,6.68508036603434,7.28783544703145,8.15153342306149,8.72974042938283,10.2795890709675,,11.8271129594507,,,12.4832362103216,13.627305550221,14.7869666777832,16.0079950529222
440.799999999934,0.937057881773752,1.73519711873029,,,2.83049812616988,4.66772752979663,4.37667929529176,6.64839247912404,7.27801618435772,8.15557859637722,8.7254497858846,10.2050762397396,,11.9545352000692,,,12.5955402807779,13.6411069955812,14.7953816441509,16.056036330005
441.399999999934,0.957263200549603,1.76760649817756,,,2.93641763473011,4.67725260295795,4.48758860050553,6.61469251692669,7.27537998640987,8.17308270328039,8.72115914238382,10.130563408506,,12.0819574406877,,,12.7078443512374,13.6593324295566,14.803796610516,16.1040776070889
441.999999999933,0.977468519325448,1.80001587762483,,,3.04233714329034,4.68677767611926,4.59849790571931,6.58099255472968,7.27033336607988,8.19036407957339,8.71686849888301,10.0560505772724,,12.2093796813062,,,12.820148421697,13.6775578635324,14.8122115768812,16.1521188841729
442.599999999933,0.997673838101298,1.83242525707209,,,3.14825665185057,4.69630274928058,4.70466847726466,6.52238176116136,7.29556917510067,8.20430429700845,8.67825999690104,10.0369228538788,,12.3368019219247,,,12.9381186729787,13.8280051279988,14.8206265432463,16.2001601612569
443.199999999933,1.04289827446301,1.84056523376633,,,3.0798090128457,4.58382891402065,4.73331069906839,6.39396141548237,7.27239396170726,8.1985169903849,8.64361829687467,10.1234274840049,,12.2286174779475,,,12.9147380855878,13.8964550395739,14.7955373472016,16.2420874125671
443.799999999933,1.08812271082751,1.84675146096942,,,3.01136137382145,4.47882560777581,4.66412213705597,6.35150900436931,7.27096867588244,8.17222537769063,8.6363251142217,10.3151585422663,,12.1204330339441,,,12.7879488140625,13.9459304975029,14.7818983910157,16.2823457001102
444.399999999933,1.133347147192,1.8529376881723,,,2.9429137347972,4.3738223015318,4.59493357503265,6.36493872559949,7.26716094637538,8.12904713827955,8.62903193157177,10.5068896005393,,12.0122485899407,,,12.6611595425258,13.9923655297765,14.768259434831,16.3226039876532
444.999999999933,1.1785715835565,1.85912391537517,,,2.87446609577295,4.26881899528779,4.52574501300933,6.37836844683591,7.26384539187726,8.08906005880457,8.62173874892184,10.6986206588124,,11.9040641459373,,,12.534370270989,14.0388005620496,14.7546204786464,16.3628622751961
445.599999999933,1.22379601992099,1.86531014257805,,,2.8060184567487,4.16381568904379,4.46204259977143,6.37799463846323,7.27144033097894,8.10645185313785,8.65511694777635,10.7842128003251,,11.7958797019339,,,12.3888764879942,14.0067524529558,14.7409815224617,16.4031205627391
446.199999999933,1.11758178578385,1.85145284083297,,,2.90976490069999,4.30051865386454,4.44283741279737,6.55052645608886,7.25262384282291,8.09626236037538,8.69305147660097,10.8169146292799,,11.6908950598227,,,12.3811461220397,13.9087554102502,14.7066198886258,16.197783040052
446.799999999933,1.01136755162977,1.84429851607796,,,3.01351134467054,4.40558648641361,4.47696744655058,6.51665754581766,7.11489758855779,8.05840365628902,8.69461443011465,10.7344506782993,,11.5859104177119,,,12.4610790784963,13.7733599586472,14.5941273698523,15.8799263480374
447.399999999933,0.905153317475692,1.8371441913237,,,3.11725778864109,4.51065431895913,4.51109748030976,6.43173393167234,6.9676110636709,8.0008881396741,8.69617738362427,10.6519867273058,,11.480925775601,,,12.5410120349627,13.6385961620212,14.48163485107,15.5620696560102
447.999999999933,0.798939083321612,1.82998986656945,,,3.22100423261164,4.61572215150465,4.54522751406894,6.34681031752126,6.82035538481454,7.93196659674128,8.69774033713387,10.5695227763122,,11.3759411334901,,,12.6209449914291,13.5038323653952,14.3691423322877,15.244212963983
448.599999999932,0.69272484916753,1.82283554181519,,,3.32475067658219,4.72078998405016,4.5622576136995,6.14604779576779,6.65126202307036,7.77828872085951,8.69366826586687,10.4962310983422,,11.2709564913793,,,12.7180075571719,13.3394852657835,14.2566498135055,14.9263562719558
449.199999999932,0.750980680761721,1.82000475301101,,,3.19197222359685,4.70242010798227,4.56803506529708,5.70577101175304,6.48626003655516,7.74575357510654,8.55375925420742,10.3564531331294,,11.2982124819587,,,12.6397221374587,13.1706969915019,14.1911104391817,14.8775693646848
449.799999999932,0.809236512374438,1.8050761004505,,,3.05919377058487,4.67437874302505,4.53054121627041,5.45699495170367,6.42601298393853,7.74956511246163,8.41916767515824,10.3393774627904,,11.3254684725531,,,12.5219269283757,13.0489839063799,14.2047354984672,14.9319773601791
450.399999999932,0.867492343987151,1.79014744788864,,,2.92641531757291,4.64633737806675,4.49304736723886,5.29717628917188,6.37715009376162,7.75111749991597,8.28457609610967,10.3223017924653,,11.3527244631474,,,12.4041317192883,12.9358038779195,14.2183605577616,14.9863853556849
450.999999999932,0.925748175599869,1.77521879532677,,,2.79363686456093,4.61829601310844,4.45555351820731,5.13735762665012,6.32558714057625,7.74931050561998,8.14998451706109,10.3052261221401,,11.3799804537418,,,12.2863365102009,12.82262384946,14.2319856170561,15.0407933511909
451.599999999932,0.984004007212586,1.7602901427649,,,2.66085841154895,4.59025464815013,4.4280773004029,5.20944229830192,6.26752806590636,7.76219238952407,8,10.3181037334764,,11.4072364443361,,,12.1687542680611,12.7652168068462,14.2456106763505,15.0952013466967
452.199999999932,0.892466897137647,1.76102230035436,,,2.71947588360496,4.47482648822172,4.39108267980221,5.54584833081842,6.22346942355367,7.65141072311812,8.00330227070513,10.4483047948293,,11.4539316216181,,,12.0946340762814,12.8252319192884,14.2528647272965,15.0280468144575
452.799999999932,0.80092978704571,1.7719375485643,,,2.77809335568269,4.40903601774744,4.38956618639778,5.85238943732426,6.2908567751581,7.55893783912423,8.06287070152712,10.572427976667,,11.5006267989023,,,12.0988321269126,12.9182368023047,14.2421992720035,14.9494210293533
453.399999999932,0.709392676953772,1.7828527967754,,,2.83671082776043,4.3432455472788,4.38804969299738,6.11245513025143,6.36004957921348,7.51685848407405,8.12243913235551,10.696551158504,,11.5473219761865,,,12.1030301775527,13.0007230397584,14.2315338167084,14.8707952442478
453.999999999932,0.617855566861833,1.79376804498649,,,2.89532829983817,4.27745507681016,4.38653319959698,6.37252082317331,6.43655424552115,7.48504234704204,8.1820075631839,10.8206743403409,,11.5940171534707,,,12.1072282281928,13.0832092772109,14.2208683614133,14.7921694591422
454.599999999931,0.526318456769895,1.80468329319759,,,2.9539457719159,4.21166460634153,4.38632162067879,6.52716102867263,6.53816405642916,7.50866595354696,8.24064720173696,10.9228906585158,,11.640712330755,,,12.1134013459228,13.1895877353829,14.2102029061182,14.7135436740367
455.199999999931,0.629149442453358,1.90624175248248,,,2.98154444535942,4.33727689500701,4.45188954390184,6.48226273554022,6.7356416789457,7.62472081239206,8.39535359505801,10.8328592153327,,11.4254301783699,,,12.3623178714199,13.450016046566,14.4073406240965,14.9023052565309
455.799999999931,0.731980428159031,2.00428608664993,,,3.0091431187994,4.41046602665143,4.49495351204486,6.42135914664892,6.92069962412062,7.71698925873052,8.5018860233899,10.4822380114711,,11.2101480259549,,,12.5380959792206,13.6847195660285,14.6418191097613,15.1246006299051
456.399999999931,0.834811413864702,2.10233042081697,,,3.03674179223938,4.48365515828985,4.5380174801853,6.32584452595896,7.09963381677423,7.78874607018307,8.60841845171628,10.1316168075798,,10.9948658735398,,,12.7138740870129,13.9226466664925,14.8762975954303,15.3468960032832
456.999999999931,0.937642399570371,2.20037475498402,,,3.06434046567936,4.55684428992827,4.58108144832574,6.23032990526505,7.27936552717644,7.86037662214461,8.71495088004266,9.78099560368848,,10.7795837211248,,,12.8896521948053,14.1605737669569,15.1107760810993,15.5691913766613
457.599999999931,1.04047338527604,2.29841908915106,,,3.09193913911934,4.6300334215667,4.60057084608584,6.13654885466264,7.44038164826984,7.91104757098508,8.84864428688625,9.47744242040964,,10.5643015687098,,,13.043466699282,14.3875981608019,15.3452545667683,15.7914867500394
458.199999999931,0.918268664213532,2.16849933255125,,,2.94502228030723,4.43998166152547,4.54093492907574,6.17161403779079,7.50287832532197,7.90123709127316,8.78030368540696,9.34218021691728,,10.7296656597342,,,12.96879906098,14.2843438913599,15.2725688598478,15.6426395135652
458.799999999931,0.796063943125137,2.04143256930087,,,2.79810542147504,4.28331269199545,4.51097954695945,6.13656809616875,7.36870914347479,7.87234857272983,8.74049272094664,9.47679936903611,,10.8950297508024,,,12.8544356746981,14.1761547384438,15.1054251257683,15.4481340338183
459.399999999931,0.673859222036744,1.91436580605081,,,2.65118856264286,4.12664372246928,4.48102416484659,6.11072937978017,7.23933507555298,7.83704911229572,8.7006817564896,9.61141852118603,,11.0603938418707,,,12.7400722884117,14.0669813497519,14.9382813916778,15.2536285540661
459.999999999931,0.55165450094835,1.78729904280075,,,2.50427170381067,3.96997475294312,4.45106878273372,6.08489066339264,7.11051788470745,7.79786838574281,8.66087079203256,9.74603767333594,,11.2257579329389,,,12.6257089021253,13.9578079610598,14.7711376575873,15.0591230743139
460.599999999931,0.429449779859955,1.66023227955069,,,2.35735484497849,3.81330578341695,4.46071949712582,6.11973848794838,6.96988728610887,7.71914761072042,8.5986450717467,9.86882793403731,,11.3911220240071,,,12.5175960074303,13.7684032071224,14.6039939234969,14.8646175945618
461.19999999993,0.442723543124515,1.83157086252525,,,2.53083033852749,4.02878539184526,4.49939476413249,6.16219919460682,6.8711311945552,7.66947568393349,8.57311882337687,10.0281612159121,,11.6285010468559,,,12.4609988613909,13.8455269503837,14.5552199508601,15.0338703605724
461.79999999993,0.455997306404761,2.00198239440311,,,2.70430583211359,4.24818513225877,4.46539530953952,6.37862323074381,6.84613386495732,7.65290218262889,8.54320481457194,10.0700273463233,,11.8658800697131,,,12.4980433135295,13.9123292826329,14.5798980369397,15.1555310085588
462.39999999993,0.469271069685004,2.17239392628086,,,2.87778132569969,4.46758487267273,4.43139585493812,6.58818946627155,6.81599692317708,7.60186365929356,8.5132908057665,10.1118934767209,,12.1032590925702,,,12.5350877656789,13.9768918442496,14.6045761230278,15.2771916565397
462.99999999993,0.482544832965252,2.34280545815862,,,3.05125681928578,4.68698461308669,4.39739640033672,6.79775570179849,6.77550635956019,7.54896616545801,8.48337679696106,10.1537596071185,,12.3406381154274,,,12.5721322178284,14.0414544058661,14.629254209116,15.3988523045206
463.59999999993,0.495818596245495,2.51321699003638,,,3.22473231287188,4.90638435350065,4.35237438810102,6.89257569418795,6.7379613818222,7.52148141621189,8.45317704693316,10.199074352298,,12.5780171382846,,,12.616540277273,14.1172673201611,14.6539322952041,15.5205129525015
464.19999999993,0.493238678835283,2.37225587422391,,,3.05102291997957,4.79520838734587,4.30270539608536,6.86202774793204,6.64264979482987,7.51149983024599,8.50698356698875,10.0343383084346,,12.476375708319,,,12.7254996052185,14.0258665426498,14.537696445602,15.2855231987036
464.79999999993,0.490658761423222,2.22450051613763,,,2.8773135270468,4.60966464101932,4.31003698767955,6.61064298838326,6.58660560644512,7.47476495320212,8.49192312937057,9.98493494922972,,12.374734278314,,,12.7984387542606,13.9448890962091,14.406550499127,15.1628384009113
465.39999999993,0.488078844011162,2.07674515805056,,,2.70360413411403,4.42412089468409,4.31736857928037,6.43790211622921,6.53346539342404,7.50960777181635,8.47686269174435,9.93553159003825,,12.2730928483089,,,12.8713779032985,13.8748777696136,14.2754045526503,15.0401536031322
465.99999999993,0.485498926599103,1.92898979996349,,,2.52989474118126,4.23857714834886,4.32470017088121,6.26516124408436,6.48892200509731,7.56007694762148,8.46180225411813,9.88612823084681,,12.1714514183038,,,12.9443170523364,13.8048664430193,14.1442586061736,14.917468805353
466.59999999993,0.482919009187043,1.78123444187642,,,2.35618534824849,4.05303340201363,4.32240115461695,6.10904248316963,6.4574228120643,7.63316694852748,8.44991831707243,9.81909248724301,,12.0698099882988,,,13.0205553576325,13.8814312396727,14.0131126596968,14.7947840075738
467.19999999993,0.494232091344725,1.77884956036307,,,2.47251205116274,3.99291165512861,4.35708751957588,6.04624685387965,6.46661167461755,7.65188109038686,8.33549417476891,9.95292190303071,,11.8826883147539,,,12.9126713371644,13.9396602571836,14.1523866759363,14.9740196251001
467.799999999929,0.505545173504039,1.78127695455174,,,2.58883875411101,4.04338701730308,4.42990672689736,6.19424367854226,6.46595284860705,7.71559417501769,8.29819489193264,9.95244097613597,,11.6955666411991,,,12.8242498821518,13.9797470599895,14.2923130775195,15.0971662873558
468.399999999929,0.516858255663353,1.78370434874099,,,2.70516545705928,4.09386237949054,4.50272593422332,6.19481821329754,6.45841388136068,7.73194775036718,8.26089560910542,9.95196004922547,,11.5084449676443,,,12.7358284271414,14.0077133926199,14.4322394791028,15.220312949605
468.999999999929,0.528171337822667,1.78613174293023,,,2.82149216000756,4.144337741678,4.57554514154928,6.19539274803549,6.44346407420549,7.72758032347467,8.22359632627821,9.95147912231497,,11.3213232940894,,,12.647406972131,14.0356797252489,14.572165880686,15.3434596118542
469.599999999929,0.539484419981982,1.78855913711947,,,2.93781886295583,4.19481310386546,4.68166977259124,6.29460017322423,6.44087176524124,7.70323399235524,8.1803154445642,9.95515630680837,,11.1342016205346,,,12.5486394532915,13.8740083726221,14.7120922822693,15.4666062741033
470.199999999929,0.508921908269783,1.84211630239681,,,2.87098471469173,4.18816572048675,4.74562683585212,6.32006926283404,6.43787106419941,7.70868512798105,8.20952082471519,9.90440446711839,,11.1934954345887,,,12.598168232512,13.7840147289057,14.5883859723565,15.4693792685923
470.799999999929,0.478359396552639,1.90139887041143,,,2.80415056640601,4.13438655579468,4.72397194398042,6.20711935633779,6.49674409353696,7.67792256242137,8.25490945494072,9.9005292257193,,11.2527892486719,,,12.5980335580366,13.7019737119692,14.4740067211093,15.4538676392272
471.399999999929,0.447796884835502,1.96068143842672,,,2.73731641812029,4.08060739109704,4.70231705209861,6.19948855064072,6.55575363961322,7.63896768380543,8.30029808516817,9.89665398432574,,11.3120830627552,,,12.5978988835553,13.6276438217879,14.3596274698632,15.4383560098598
471.999999999929,0.417234373118359,2.01996400644202,,,2.67048226983457,4.02682822639939,4.68066216021679,6.19185774495612,6.61143751058585,7.60463929109889,8.34568671539562,9.89277874293218,,11.3713768768384,,,12.597764209074,13.5533139316075,14.2452482186171,15.4228443804925
472.599999999929,0.386671861401219,2.07924657445731,,,2.60364812154886,3.97304906170175,4.59380253081346,6.21252019423049,6.63947263972188,7.54844247404796,8.41310948556451,9.89516613078025,,11.4306706909216,,,12.612818258094,13.5638660957321,14.1308689673711,15.4073327511252
473.199999999929,0.526140456675118,2.17645146246594,,,2.75858393948881,4.14768556151338,4.53797378549758,6.36108668828833,6.763964999323,7.56309374613244,8.56443119312835,10.0077628885516,,11.5262346407809,,,12.6683453210179,13.6144010060424,14.27485852786,15.3748278208208
473.799999999929,0.665609051969215,2.2657779213981,,,2.9135197574551,4.35400825522207,4.54948830683811,6.55875699678654,6.94001241403743,7.61682036557466,8.66825779121122,10.1155454998152,,11.6217985906446,,,12.7909116388673,13.7273594224493,14.4028385064743,15.4075077833541
474.399999999928,0.805077647263311,2.35510438032933,,,3.0684555754214,4.56033094893453,4.56100282818665,6.69088697058242,7.13212993366488,7.69778212290612,8.77208438928843,10.2233281110781,,11.7173625405082,,,12.9134779567247,13.8448827381942,14.5308184850866,15.4401877458952
474.999999999928,0.94454624255741,2.44443083926056,,,3.2233913933877,4.76665364264699,4.57251734953519,6.82301694437048,7.33750707091593,7.79444307544863,8.87591098736563,10.3311107223411,,11.8129264903719,,,13.036044274582,13.9624060539397,14.658798463699,15.4728677084362
475.599999999928,1.08401483785151,2.53375729819178,,,3.378327211354,4.97297633635945,4.64067019348773,6.88716403030393,7.56299665503326,7.93493401949835,8.94255934186557,10.4009074355641,,11.9084904402355,,,13.1549970768512,14.0430994942977,14.7867784423114,15.5055476709773
476.199999999928,1.02969748129131,2.51086202001244,,,3.32878790874252,4.93022486892283,4.68237054420204,6.83933120930662,7.64977180471136,7.98310700951707,8.84281691468507,10.2576674540066,,11.8865392175113,,,13.0826572132391,14.0205550400721,14.7205805628281,15.6600461626481
476.799999999928,0.975380124707952,2.49350104341947,,,3.27924860610659,4.82847201609729,4.70014863321672,6.73026852534246,7.53104145291327,7.97357173854782,8.75199029718224,10.0619162573896,,11.864587994773,,,12.9357705662953,13.8965702785782,14.6119829813677,15.6965981757716
477.399999999928,0.921062768124591,2.47614006682716,,,3.22970930347067,4.72671916326468,4.71792672222853,6.72094944895183,7.39698664653428,7.96225235562828,8.66116367968048,9.86616506076637,,11.8426367720347,,,12.7888839193426,13.760842490772,14.5033853999022,15.7331501888809
477.999999999928,0.866745411541229,2.45877909023485,,,3.18017000083474,4.62496631043207,4.73570481124034,6.71163037257315,7.26290045156851,7.93621785350711,8.57033706217871,9.67041386414313,,11.8206855492965,,,12.6419972723899,13.6251147029643,14.3947878184367,15.7697022019902
478.599999999928,0.812428054957867,2.44141811364255,,,3.13063069819882,4.52321345759946,4.76440590354306,6.67424663155528,7.13763108995236,7.91580811279022,8.53495096826405,9.5071533970329,,11.7987343265582,,,12.4742000256863,13.5781858331909,14.2861902369712,15.8062542150996
479.199999999928,0.81422492032886,2.43418004550238,,,3.14491351714762,4.53259393391257,4.78870655041524,6.72910606197245,7.06639214331769,7.97924747762666,8.65955347334518,9.55613167797426,,11.9167791298066,,,12.5148509231169,13.6605019778244,14.3916110463256,15.7720477367587
479.799999999928,0.816021785706603,2.41833517601195,,,3.1591963361041,4.53973797074021,4.81353112950764,6.82361046160962,7.08494228317631,8.05523571450403,8.77317830088565,9.79838103841945,,12.0348239330719,,,12.5813447396216,13.8101369239431,14.5561972716804,15.8096677409095
480.399999999928,0.817818651084347,2.40249030652048,,,3.17347915506058,4.54688200756758,4.83835570860009,6.8807060634379,7.12224649416352,8.1160781097095,8.88680312842481,10.0406303988879,,12.1528687363372,,,12.6478385561293,13.9590676513491,14.7207834970424,15.847287745069
480.999999999927,0.819615516462092,2.38664543702901,,,3.18776197401706,4.55402604439495,4.86318028769255,6.93780166526165,7.15354644845746,8.18863250278018,9.00042795596396,10.2828797593564,,12.2709135396025,,,12.714332372637,14.107998378755,14.8853697224044,15.8849077492285
481.599999999927,0.821412381839834,2.37080056753754,,,3.20204479297354,4.56117008122233,4.82007183325375,6.94788797367619,7.15451568457027,8.19992125208648,9.06185081305662,10.4903078069414,,12.3889583428678,,,12.7983760981113,14.1759061550447,15.0499559477664,15.9225277533879
482.199999999927,1.04818139076553,2.39655928916694,,,3.14555666803777,4.62827741210179,4.80922356943064,6.85468717995156,7.16975078159973,8.11662659951026,9.05499989021081,10.578293501149,,12.3146513414162,,,12.8754530243457,14.1057218181792,15.0607594031471,15.8391953350288
482.799999999927,1.27495039971846,2.42798739199449,,,3.08906854309344,4.71508168285777,4.80521040287669,6.81837602058191,7.23634945848763,8.05600950281494,9.09686996985631,10.5485837965903,,12.2403443399414,,,12.9584502271756,13.9690070656284,15.0609080424386,15.7784762728496
483.399999999927,1.50171940867139,2.45941549482272,,,3.03258041814911,4.80188595361613,4.80119723632357,6.74673272665271,7.27689999302491,8.02698958872054,9.13874004950771,10.5188740920172,,12.1660373384666,,,13.0414474300062,13.8423593197341,15.0610566817289,15.7177572106732
483.999999999927,1.72848841762432,2.49084359765096,,,2.97609229320478,4.8886902243745,4.79718406977044,6.67508943271924,7.32164412196081,7.99165952888074,9.18061012915912,10.4891643874442,,12.0917303369918,,,13.1244446328368,13.715711573841,15.0612053210191,15.6570381484967
484.599999999927,1.95525742657725,2.5222717004792,,,2.91960416826045,4.97549449513286,4.83313994170287,6.63886041155184,7.43715867646041,8.07154329839772,9.22457211015927,10.5011592434918,,12.0174233355169,,,13.2218939563009,13.6469414516889,15.0613539603094,15.5963190863202
485.199999999927,1.65887910068443,2.45702423549066,,,2.77575656112477,4.79132660017892,4.81499011266764,6.61976138403834,7.39994866768066,8.13691132718281,9.04892663735175,10.3958943706722,,11.8202454807838,,,13.0551412662865,13.4742653755079,14.8021551248151,15.5063506536408
485.799999999927,1.36250077472787,2.39368594321079,,,2.63190895397844,4.61957307710893,4.79410684153972,6.53131423620957,7.38444903995544,8.19268864920254,8.80859117397331,10.3246885166325,,11.6230676260357,,,12.9112705880305,13.4092042285808,14.5357222913899,15.4103324952484
486.399999999927,1.06612244877131,2.33034765093115,,,2.48806134683212,4.44781955404046,4.77322357041147,6.47242508250125,7.39026931084879,8.21256108778529,8.56825571058697,10.2534826625969,,11.4258897712876,,,12.7673999097773,13.3419222544221,14.2692894579638,15.3143143368552
486.999999999927,0.769744122814746,2.26700935865152,,,2.34421373968579,4.27606603097199,4.75234029928322,6.41353592879653,7.39025492702795,8.22239626938075,8.32792024720063,10.1822768085613,,11.2287119165395,,,12.6235292315241,13.2746402802631,14.0028566245377,15.2182961784621
487.599999999926,0.473365796858185,2.20367106637189,,,2.20036613253947,4.10431250790352,4.70192999604149,6.42353748678855,7.28568818912387,8.08171186236803,8.11839348656641,10.1046717282431,,11.0315340617913,,,12.4645717188125,13.2014150755111,13.7364237911116,15.122278020069
488.199999999926,0.466293270114809,2.20882226010253,,,2.30608890139284,4.24913878960794,4.68862188656583,6.48638520969541,7.33711810991089,8.04896461075654,8.26533613596416,10.2051914778122,,11.2398830050731,,,12.5753931779799,13.3452073111131,13.7825182960642,15.1211058689881
488.799999999926,0.4592207434069,2.21222798141846,,,2.41181167027681,4.40477302833697,4.63459165383635,6.50912300206741,7.23849719745857,8.01486890576642,8.40985243072303,10.2772221600391,,11.4482319484047,,,12.63720366474,13.3895558995284,13.8433291721842,15.085085288724
489.399999999926,0.452148216698991,2.21563370273417,,,2.51753443916078,4.56040726706734,4.58056142110188,6.53529274504617,7.12875578658222,7.96355401157167,8.55436872548161,10.3492528422625,,11.6565808917362,,,12.699014151494,13.425837130999,13.9041400483061,15.0490647084556
489.999999999926,0.445075689991081,2.21903942404989,,,2.62325720804475,4.7160415057977,4.5265311883674,6.56146248802533,7.02373437135795,7.92035067120798,8.69888502024019,10.4212835244859,,11.8649298350677,,,12.7608246382481,13.4621183624687,13.964950924428,15.0130441281873
490.599999999926,0.43800316328317,2.22244514536561,,,2.72897997692872,4.87167574452807,4.52724677167658,6.56776090135771,6.93646389984963,7.96088603129467,8.82201001859338,10.4771080895156,,12.0732787783992,,,12.8116437882849,13.4191553426723,14.0257618005499,14.9770235479189
491.199999999926,0.507555267403739,2.180606487348,,,2.72671374356638,4.88189870685877,4.5361598154878,6.54305462779532,6.8342372120941,7.8900676831678,8.73277863274556,10.5125182251836,,12.0452045396511,,,12.8457602404401,13.4358841404705,14.2670699820429,15.0772997557362
491.799999999926,0.577107371533761,2.13735344039266,,,2.72444751019072,4.86580848315135,4.61807340311233,6.65057212773075,6.7776442262698,7.83196822870929,8.70310790676478,10.5079884438111,,12.0171303008738,,,12.9288710894283,13.4818463251871,14.507748598057,15.1920065012044
492.399999999926,0.646659475663778,2.09410039343715,,,2.72218127681506,4.84971825944068,4.69998699074588,6.64999086772161,6.71394265902883,7.82916782375665,8.67343718079136,10.5034586624338,,11.9890560620965,,,13.0119819384225,13.5363272805552,14.7484272140709,15.3067132466744
492.999999999926,0.716211579793798,2.05084734648163,,,2.71991504343939,4.83362803573001,4.78190057837943,6.64940960769909,6.64499564034402,7.82486967179962,8.64376645481794,10.4989288810564,,11.9609818233192,,,13.0950927874167,13.5908082359243,14.9891058300849,15.4214199921443
493.599999999926,0.785763683923818,2.00759429952611,,,2.71764881006373,4.81753781201934,4.8200091762673,6.58074668363686,6.62385767252525,7.81608615650844,8.62159427904379,10.5408235891456,,11.9329075845419,,,13.185171802254,13.7611531360943,15.2297844460989,15.5361267376143
494.199999999925,0.788406048064193,2.03831229280092,,,2.74407006614967,4.68390340641971,4.84980049302522,6.49467342504437,6.5220958538235,7.80149786897346,8.65994146548901,10.5531629818689,,11.8856163294241,,,12.9595916558834,13.7774892517593,15.0483317603469,15.5293277852466
494.799999999925,0.791048412196264,2.07284853698378,,,2.77049132223917,4.57009626487872,4.78623945737317,6.34966490954728,6.49828387844086,7.78412523386657,8.64629370698176,10.6043733063237,,11.8383250743039,,,12.6889181754445,13.7980281270382,14.8505971680535,15.4984301595128
495.399999999925,0.793690776328339,2.10738478116712,,,2.79691257832868,4.45628912334019,4.72267842170952,6.34426290053788,6.48433643193995,7.72638914011411,8.63264594846804,10.6555836307833,,11.7910338191837,,,12.418244695,13.8184479872673,14.6528625757581,15.467532533776
495.999999999925,0.796333140460409,2.14192102535046,,,2.82333383441818,4.34248198180166,4.65911738604588,6.33886089154584,6.46596845957132,7.66851434744379,8.61899818995432,10.7067939552429,,11.7437425640635,,,12.1475712145555,13.8388678474965,14.4551279834627,15.4366349080391
496.599999999925,0.798975504592482,2.1764572695338,,,2.84975509050768,4.22867484026313,4.62664595121092,6.32171789834362,6.41293115125246,7.59082696093796,8.62473560205288,10.7004354310662,,11.6964513089433,,,11.8806396192551,13.7625933113056,14.2573933911673,15.4057372823023
497.199999999925,0.787772227641461,2.11159675034114,,,2.77748899763208,4.27716625951482,4.57360495612104,6.29182197820722,6.4217512709259,7.53998437165467,8.61596323241456,10.6412528961991,,11.5050871493601,,,11.8115405698995,13.5639857695536,14.114984635223,15.2067444164509
497.799999999925,0.776568950688711,2.04275125801904,,,2.70522290474417,4.30207522720866,4.58900546504068,6.24246431930541,6.47102215340192,7.46443970232118,8.66024338894211,10.5371387756647,,11.3137229897588,,,11.7638177199797,13.4072041937025,13.9944771254568,15.0784934223762
498.399999999925,0.765365673735961,1.97390576569644,,,2.63295681185625,4.32698419489956,4.60440597396888,6.11944642062411,6.51952739431016,7.39944036361673,8.7045235454763,10.4330246551247,,11.1223588301576,,,11.7160948700625,13.2437052132723,13.8739696156933,14.9502424283103
498.999999999925,0.754162396783209,1.90506027337384,,,2.56069071896833,4.35189316259045,4.61980648289708,5.99642852193359,6.58519753607666,7.3401584467443,8.74880370201049,10.3289105345847,,10.9309946705563,,,11.6683720201454,13.0802062328412,13.7534621059298,14.8219914342443
499.599999999925,0.742959119830459,1.83621478105124,,,2.48842462608041,4.37680213028135,4.60300593264308,5.92564840505445,6.68608449851488,7.27592395644463,8.76422588153156,10.2345860136038,,10.739630510955,,,11.6121362379794,12.9531429666462,13.6329545961663,14.6937404401784
500.199999999925,0.594367295878175,1.92523979319191,,,2.55639146765224,4.2707200934756,4.60229582760969,5.91936179240728,6.72603060800435,7.1993202319603,8.79547068900073,10.041391985133,,11.0218958590182,,,11.4964620315929,12.9991129627146,13.6615333910536,14.7223734416395
500.799999999924,0.445775471908631,2.01460914949429,,,2.6243583092417,4.17246643915736,4.65198030929495,5.92345718891903,6.6308986177649,7.13085962137404,8.78674614097182,9.90612014575278,,11.3041612071409,,,11.3667176713085,13.0053446371702,13.6603454342924,14.7154957805297
501.399999999924,0.297183647939086,2.10397850579671,,,2.69232515083115,4.07421278484011,4.70166479098654,5.96253526422227,6.53959446015551,7.08080938648601,8.77802159293788,9.77084830637988,,11.5864265552636,,,11.2369733110223,13.0135693587636,13.6591574775275,14.7086181194154
501.999999999924,0.148591823969545,2.19334786209912,,,2.76029199242061,3.97595913052285,4.75134927267814,6.00161333952991,6.43746142367054,7.03129695898972,8.76929704490394,9.635576467007,,11.8686919033863,,,11.1072289507361,13.0217940803572,13.6579695207626,14.7017404583011
502.599999999924,0,2.28271721840154,,,2.82825883401006,3.87770547620559,4.83481204037608,6.10012380215568,6.33915912436899,7.03003565793373,8.78756980852942,9.55171344820334,,12.150957251509,,,11,13.0508716687421,13.6567815639976,14.6948627971867
503.199999999924,0.0725822143639521,2.26836285355136,,,2.84052032078402,3.95594502729171,4.93810323381082,6.13444065331929,6.38539416191057,7.19230258252506,8.67824276670002,9.62006476363337,,12.0199662132176,,,11.1723968369983,13.1891771734883,13.7665450827493,14.843956267818
503.799999999924,0.145164428755877,2.24918904136788,,,2.85278180755093,4.02482588790501,4.96904754610469,6.12077806955986,6.4174348066651,7.35785564930587,8.61274783556978,9.59420675699459,,11.888975174874,,,11.3506293200919,13.286564071533,13.8984640677401,14.9531600499961
504.399999999924,0.217746643147804,2.23001522918378,,,2.86504329431784,4.09370674851713,4.9999918583894,6.04182094268241,6.44627450359741,7.50922003020988,8.54725290444508,9.56834875034387,,11.7579841365304,,,11.5288618031862,13.3926156250688,14.0303830527338,15.0623638321691
504.999999999924,0.290328857539731,2.21084141699969,,,2.87730478108475,4.16258760912924,5.03093617067412,5.96286381579671,6.47186029185618,7.65863141389037,8.48175797332038,9.54249074369316,,11.6269930981868,,,11.7070942862805,13.4986671786056,14.1623020377275,15.1715676143422
505.599999999924,0.362911071931656,2.1916676048156,,,2.88956626785166,4.23146846974136,5.04139642669017,5.81302321443178,6.50554994762593,7.7868095433434,8.38536857225565,9.47366123721059,,11.4960020598432,,,11.894116012401,13.5870595180886,14.2942210227211,15.2807713965152
506.199999999924,0.389205102914802,2.21605631274665,,,2.86677977903033,4.21190738039421,5.01235032842457,5.68288254418213,6.48975822855961,7.79545845611216,8.53589717080211,9.62107648822078,,11.5174789886133,,,12.0008011012791,13.5465445067201,14.4146309666458,15.2334153458178
506.799999999924,0.41549913389206,2.25680611590689,,,2.84399329020454,4.19367152089234,4.98415181868046,5.64081226909569,6.63137855658089,7.82510046709299,8.65077902949794,9.94971022090429,,11.5389559174028,,,12.1989622517155,13.5291854533506,14.5153184430712,15.1957107871148
507.399999999923,0.441793164869317,2.2975559190692,,,2.82120680137875,4.17543566139065,4.95595330893647,5.72621878612359,6.77522291078655,7.86940360479849,8.76566088818924,10.2783439536109,,11.5604328461923,,,12.3971234021636,13.5040472891639,14.6160059194942,15.1580062284131
507.999999999923,0.468087195846573,2.33830572223152,,,2.79842031255296,4.15719980188895,4.92775479919247,5.81162530316774,6.9224766398107,7.90322917727586,8.88054274688053,10.6069776863175,,11.5819097749819,,,12.5952845526117,13.4789091249761,14.7166933959171,15.1203016697113
508.599999999923,0.494381226823831,2.37905552539383,,,2.77563382372717,4.13896394238726,4.90735878709051,5.88265164362005,6.99121344674201,7.9054630541667,9.01223708268225,10.9457054045519,,11.6033867037714,,,12.7570947453939,13.4685594428458,14.81738087234,15.0825971110096
509.199999999923,0.458070797241979,2.33773527746621,,,2.83178682744237,4.14794236324913,4.9052649114818,6.01750516274082,6.9500718599859,7.87237855458583,8.9749490831589,10.9286406396369,,11.659267302945,,,12.7140019515892,13.373994032975,14.6328063283102,14.9619683966706
509.799999999923,0.421760367652114,2.28236269877998,,,2.88793983116769,4.18426281699982,4.89658622948914,6.06841743479908,6.73670919170669,7.83214444594824,8.87724666587019,10.7202901753266,,11.715147902123,,,12.5679303463851,13.3208532086259,14.4722000884113,14.9027367107227
510.399999999923,0.385449938062251,2.22699012009195,,,2.944092834893,4.22058327075401,4.88790754749563,6.039750943418,6.52071721154164,7.77909869914072,8.77954424857374,10.5119397109918,,11.7710285013011,,,12.4218587411678,13.2694301828046,14.3115938485155,14.8435050247827
510.999999999923,0.349139508472385,2.17161754140391,,,3.00024583861831,4.2569037245082,4.87922886550212,6.01108445202674,6.30776360529097,7.73469893677775,8.68184183127729,10.303589246657,,11.8269091004791,,,12.2757871359505,13.2180071569835,14.1509876086197,14.7842733388427
511.599999999923,0.312829078882518,2.11624496271588,,,3.05639884234362,4.29322417826239,4.8416153354673,6.10259766133764,6.11401395210453,7.73462900049063,8.57438721241545,10.1076612052001,,11.8827896996571,,,12.137761169296,13.1442203824695,13.9903813687239,14.7250416529027
512.199999999923,0.39779288118437,2.14829055922679,,,2.96986039846981,4.28169848101581,4.84417078668491,6.18471130058766,6.05729194498513,7.78839724483298,8.46309745879599,9.98768656049608,,11.8876241140146,,,12.0298806416701,13.1112384751578,13.9438303742462,14.662148882795
512.799999999923,0.482756683501838,2.18448366555434,,,2.88332195457762,4.27818455989769,4.81277744612732,6.32766650245191,6.11061943822116,7.86154311508001,8.43519020114515,9.97866998934657,,11.8924585283656,,,11.9412615000894,13.0919404155697,13.8865422608743,14.5330263821289
513.399999999923,0.567720485819302,2.22067677188242,,,2.79678351068544,4.2746706387806,4.78138410556537,6.48547021166625,6.14896851634553,7.89429447417487,8.40728294350505,9.96965341821137,,11.8972929427165,,,11.8526423585112,13.0661058219795,13.8292541475011,14.4039038814543
513.999999999922,0.65268428813677,2.25686987821051,,,2.71024506679325,4.27115671766351,4.74999076500341,6.64327392088252,6.18520178433487,7.93015340305683,8.37937568586495,9.96063684707614,,11.9021273570675,,,11.764023216933,13.0402712283884,13.7719660341279,14.2747813807797
514.599999999922,0.737648090454234,2.29306298453859,,,2.62370662290106,4.26764279654641,4.7306324874509,6.61119078282535,6.27928140771025,7.94464624215181,8.34324020548288,9.93530805651146,,11.9069617714184,,,11.6807690623578,12.9870288211545,13.7146779207547,14.1456588801051
515.199999999922,0.646909876373581,2.27785610990735,,,2.66068185159139,4.11218129742907,4.64415162539676,6.52430893575585,6.25044169507909,7.89027900321677,8.42538567394382,10.0606598153771,,11.8310280862365,,,11.7533490808669,13.0234046823779,13.708942835766,14.2851587217852
515.799999999922,0.556171662270189,2.2575037926778,,,2.69765708029769,3.90473242479691,4.61079024336022,6.41359710410935,6.27695431201793,7.79143736332223,8.47137585997397,10.2300762292651,,11.755094401044,,,11.8295575520061,13.0117319365547,13.7178193614536,14.4866087563822
516.399999999922,0.465433448166797,2.23715147544758,,,2.734632309004,3.69728355215801,4.57742886133056,6.33313792955074,6.32976285710111,7.72893374728021,8.51736604599945,10.3994926431589,,11.6791607158516,,,11.9057660231457,13.0092082310504,13.726695887143,14.6880587909873
516.999999999922,0.374695234063403,2.21679915821736,,,2.77160753771031,3.48983467951911,4.54406747930091,6.25267875499603,6.38093490422383,7.65580272627247,8.56335623202492,10.5689090570527,,11.6032270306591,,,11.9819744942854,13.0066845255473,13.7355724128325,14.8895088255924
517.599999999922,0.283957019960011,2.19644684098714,,,2.80858276641661,3.28238580688021,4.54876660365213,6.35107833926823,6.4150142575836,7.56537237222594,8.62268537679633,10.6653124009003,,11.5272933454667,,,12.0496520257141,13.0425302478826,13.7444489385219,15.0909588601975
518.199999999922,0.420966184452499,2.22376349602941,,,2.70244498539404,3.51908658664128,4.6172536277685,6.52393502168526,6.60331392796378,7.56777405059758,8.60405514801147,10.7233607331583,,11.7254096777567,,,12.0889749869821,13.0812968702114,13.8964430153057,15.1153560052359
518.799999999922,0.557975348974632,2.26083585723166,,,2.59630720435284,3.79715157424681,4.69559173462714,6.73118053759029,6.69210510523084,7.59399979371417,8.6263690029892,10.6494943273201,,11.9235260100825,,,12.1982834221011,13.1132227215217,14.0070842929261,15.0656559180464
519.399999999922,0.694984513496765,2.29790821843519,,,2.49016942331164,4.07521656185772,4.77392984148706,6.84511312418447,6.77237440005514,7.62904466676766,8.64868285797225,10.5756279214647,,12.1216423424082,,,12.3075918572292,13.1378977903056,14.1177255705412,15.0159558308472
519.999999999922,0.831993678018897,2.33498057963871,,,2.38403164227043,4.35328154946864,4.85226794834698,6.95904571076648,6.84752815122561,7.67284381401253,8.67099671295532,10.5017615156093,,12.3197586747339,,,12.4169002923573,13.1625728590886,14.2283668481562,14.966255743648
520.599999999921,0.96900284254103,2.37205294084224,,,2.27789386122923,4.63134653707955,4.8948005166009,6.90327175356669,6.90089929361354,7.72451569204483,8.70949174840447,10.5283545341878,,12.5178750070596,,,12.5362259114493,13.1527018794061,14.3390081257712,14.9165556564488
521.199999999921,0.78972183178461,2.41626869346471,,,2.30000082473033,4.71796024362194,4.89350010597481,6.77205107102538,6.86957800350791,7.77929532593487,8.75051577696709,10.2764906044978,,12.4890424974863,,,12.6057037982583,13.0850536418221,14.266828833504,14.8118070313224
521.799999999921,0.610440820986774,2.45057553230037,,,2.32210778824822,4.77685480343925,4.88744184415937,6.49354618267292,6.79966281098676,7.78420397243889,8.75633791798233,10.0607522085024,,12.4602099878833,,,12.5666609076292,13.0448715809531,14.2438217850067,14.7721309483104
522.399999999921,0.431159810188941,2.48488237113474,,,2.34421475176611,4.83574936325293,4.88138358234331,6.27117808144614,6.7202163896626,7.7887318369244,8.76216005899297,9.84501381251177,,12.4313774782804,,,12.5276180169858,13.0078470537065,14.2208147365159,14.7324548653069
522.999999999921,0.251878799391108,2.5191892099691,,,2.36632171528401,4.8946439230666,4.87532532052724,6.04880998022674,6.65310121603217,7.79312618703015,8.76798220000361,9.6292754165211,,12.4025449686774,,,12.4885751263424,12.9708225264604,14.197807688025,14.6927787823034
523.599999999921,0.0725977885932723,2.55349604880346,,,2.3884286788019,4.95353848288028,4.85830514438091,5.96051346108212,6.59745992095582,7.79332551368677,8.76384527905578,9.38945929164,,12.3737124590744,,,12.4511939849089,12.9819724857993,14.1748006395342,14.6531026992999
524.199999999921,0.239731589081286,2.4493693021439,,,2.37401789226456,4.71657237564531,4.82311330589234,5.88036315504788,6.51312846423233,7.64749309677398,8.76078299895562,9.56849231478731,,12.3826850517431,,,12.388159914408,12.9870774491263,14.1956294310308,14.8191715412651
524.799999999921,0.406865389614917,2.35114901063319,,,2.35960710572243,4.51719313449103,4.7876818578819,6.03195701528141,6.54017516432164,7.56685364257425,8.79786584837575,9.86676300865378,,12.3916576444168,,,12.4410911160775,12.9722429074162,14.1890750404506,14.947920247709
525.399999999921,0.573999190148547,2.25292871912326,,,2.34519631918028,4.3178138933417,4.75225040987144,6.16105114569757,6.57702546256454,7.48952323641621,8.83494869780117,10.165033702536,,12.4006302370904,,,12.4940223177624,12.9630671355675,14.1825206498669,15.076668954148
525.999999999921,0.741132990682178,2.15470842761333,,,2.33078553263814,4.11843465219238,4.71681896186098,6.29014527611074,6.60922621785073,7.41262010395317,8.87203154722658,10.4633043964182,,12.4096028297641,,,12.5469535194472,12.9538913637195,14.1759662592832,15.205417660587
526.599999999921,0.908266791215807,2.0564881361034,,,2.316374746096,3.91905541104306,4.73507244689402,6.31325043376732,6.68264880618545,7.36354044405215,8.90566024955341,10.7549834703237,,12.4185754224378,,,12.5913108099145,12.9091393341611,14.1694118686995,15.334166367026
527.19999999992,0.755434322496892,2.13447801709557,,,2.31966303351264,3.9460273342555,4.798995688219,6.33498581640522,6.80446344355603,7.50622356659061,8.95989574476555,10.7338338262935,,12.2672741933288,,,12.7685792825068,13.0488684633149,14.1599140826892,15.2443855837093
527.79999999992,0.602601853735599,2.21100411850177,,,2.32295132093162,3.96269187080975,4.85796632772237,6.22027892292979,6.80585773471631,7.59916481152437,8.96846096237093,10.6438235441164,,12.1159729641985,,,12.8076099025774,13.1886881593988,14.1305273576649,15.1953830222044
528.39999999992,0.449769384974307,2.28753021990777,,,2.32623960835061,3.97935640736263,4.91693696722507,6.17692639139126,6.80207095924453,7.68264330672966,8.97702617997025,10.5538132619302,,11.9646717350682,,,12.8466405226296,13.3235390079036,14.101140632638,15.1463804607049
528.99999999992,0.296936916213013,2.36405632131378,,,2.32952789576959,3.99602094391551,4.97590760672778,6.13357385986219,6.79459704619142,7.75664858595922,8.98559139756958,10.4638029797439,,11.813370505938,,,12.8856711426818,13.4583898564078,14.0717539076112,15.0973778992054
529.59999999992,0.144104447451721,2.44058242271978,,,2.33281618318857,4.01268548046839,4.983893428745,6.26922040834854,6.69922977788556,7.8171024978999,8.96325835860269,10.4186183275668,,11.6620692768077,,,12.9241601942481,13.6810953175555,14.0423671825843,15.048375337706
530.19999999992,0.330529499963941,2.43025875938288,,,2.48397020258774,3.94320565788904,4.97093190875504,6.39016757599909,6.48280055489829,7.7442521083872,8.90051239024062,10.4773162253292,,11.675985966744,,,12.7624378003137,13.6143853560141,14.0508236832567,15.0755550718457
530.79999999992,0.516954552521352,2.41913384858844,,,2.6351242220066,3.82932680500621,4.93331452964903,6.54922702655308,6.40293776840556,7.71945019190225,8.84107208805372,10.4690258406873,,11.6899026567022,,,12.6734960559877,13.6061255299423,14.0968769215263,15.0376320474379
531.39999999992,0.703379605078763,2.4080089377939,,,2.78627824142547,3.71544795211745,4.89569715053973,6.62130548549389,6.32372081518316,7.6765421887759,8.78163178586725,10.4607354560365,,11.7038193466605,,,12.5845543116714,13.596225125972,14.142930159801,14.9997090230214
531.99999999992,0.889804657636174,2.39688402699935,,,2.93743226084433,3.6015690992287,4.85807977143043,6.69338394442308,6.24818512835787,7.64502174415537,8.72219148368078,10.4524450713856,,11.7177360366188,,,12.495612567355,13.5863247220015,14.1889833980757,14.961785998605
532.59999999992,1.07622971019359,2.38575911620481,,,3.0885862802632,3.48769024633994,4.84053400863704,6.61187766481529,6.22630745786204,7.63240633696475,8.70688949947941,10.3740920470782,,11.7316527265771,,,12.4231776593686,13.4947612049094,14.2350366363504,14.9238629741885
533.19999999992,0.98528492810645,2.37805290713513,,,2.97758808834063,3.50521911092256,4.81627994843215,6.54942639742822,6.31041451568896,7.65350022567647,8.72579742698853,10.3550127383238,,11.9139050908193,,,12.3977514286444,13.5705748668727,14.1483691634752,14.8358118504991
533.799999999919,0.894340145982157,2.37390804280121,,,2.86658989638294,3.61121218170313,4.77568642594037,6.41871673232122,6.43169922611136,7.67677314840288,8.7690617003793,10.3817523428303,,12.096157455084,,,12.3223169544896,13.6133819628543,14.0532800073925,14.8516606224544
534.399999999919,0.803395363857862,2.36976317846777,,,2.75559170442525,3.71720525249557,4.73509290344639,6.31253905207678,6.55882478270907,7.70713860606046,8.81232597377335,10.4084919473429,,12.2784098193488,,,12.2468824803281,13.6599869088863,13.9581908513087,14.8675093944235
534.999999999919,0.712450581733569,2.36561831413433,,,2.64459351246756,3.82319832328801,4.69449938095241,6.2063613718356,6.68521703917569,7.73710376731832,8.85559024716739,10.4352315518555,,12.4606621836136,,,12.1714480061666,13.7065918549189,13.863101695225,14.8833581663927
535.599999999919,0.621505799609278,2.36147344980089,,,2.53359532050987,3.92919139408045,4.62683254733696,6.21060104178509,6.8091915847519,7.71395032380239,8.88442790560355,10.518388987489,,12.6429145478783,,,12.0828047659216,13.7724216801297,13.7680125391412,14.8992069383619
536.199999999919,0.575355478781023,2.39305099408675,,,2.57590995848044,4.12680021068769,4.60728211660793,6.20222473459308,7.02470462594085,7.75238270821116,8.84049696490547,10.524397178789,,12.3431989670551,,,12.2449209608862,13.6930584963319,13.9902780497755,15.085008380417
536.799999999919,0.529205157958808,2.4228088937146,,,2.61822459647166,4.21752130207258,4.68658351826095,6.17942877467677,7.07731084341507,7.7741684985989,8.8155835052658,10.4302009808253,,12.0434833861669,,,12.4973355478572,13.6088700277477,14.2041431659279,15.1767838943399
537.399999999919,0.483054837136589,2.45256679334221,,,2.66053923446289,4.30824239344305,4.76588491992731,6.2080191694065,7.11858030819666,7.81200522241376,8.79067004562869,10.3360047828481,,11.7437678052787,,,12.7497501348403,13.5240429001239,14.4180082820792,15.2685594082501
537.999999999919,0.436904516314371,2.48232469296982,,,2.70285387245411,4.39896348481352,4.84518632159366,6.23660956414319,7.15614385508748,7.84640520566715,8.76575658599157,10.241808584871,,11.4440522243905,,,13.0021647218234,13.4392157724999,14.6318733982304,15.3603349221603
538.599999999919,0.390754195492152,2.51208259259742,,,2.74516851044533,4.48968457618399,4.9800233169788,6.09324865936102,7.1673525139752,7.94281475128038,8.72755921310436,10.0836143474692,,11.1443366435022,,,13.2642071245489,13.3715331843319,14.8457385143817,15.4521104360705
539.199999999919,0.40418616054251,2.43768088780361,,,2.68543695301304,4.4810446256896,5.05359177216152,5.99569926013885,7.053267123698,7.90359726492989,8.77702703414414,9.98271930511799,,11.3314343777648,,,13.1694912110691,13.4704707744687,14.7803925958307,15.5200649455001
539.799999999919,0.417618125600936,2.35907073681801,,,2.62570539556691,4.54388336289848,5.01616926072907,6.03173721090547,6.9101108372877,7.83952437640015,8.75893833957276,10.0529316758444,,11.5185321120933,,,12.967968430683,13.525843194216,14.7084396467038,15.5920999175215
540.399999999918,0.431050090659365,2.28046058583184,,,2.56597383812079,4.60672210011706,4.97874674928156,5.94667072215745,6.77676324658696,7.7698270322883,8.74084964499221,10.1231440465941,,11.7056298464218,,,12.7664456502823,13.575787668174,14.636486697576,15.6641348895436
540.999999999918,0.444482055717794,2.20185043484566,,,2.50624228067467,4.66956083733564,4.94132423783405,5.86160423339298,6.64829574809728,7.69701933269799,8.72276095041166,10.1933564173437,,11.8927275807503,,,12.5649228698817,13.6257321421313,14.5645337484482,15.7361698615656
541.599999999918,0.45791402077622,2.12324028385949,,,2.44651072322854,4.73239957455422,4.86797638705906,5.85308822564063,6.56916352919186,7.54726252129578,8.74657926252729,10.3132088928794,,12.0798253150788,,,12.3457121805053,13.6213494762604,14.4925807993205,15.8082048335876
542.199999999918,0.446732556994808,2.01927040427872,,,2.49354667829956,4.66852907505993,4.81305386889078,5.84670582226886,6.47074244517255,7.48505051899488,8.76276828932525,10.4070435640354,,11.9994222008956,,,12.4018764751362,13.619566290465,14.4811805658769,15.5902345892654
542.799999999918,0.435551093210044,1.92016113725851,,,2.54058263338512,4.55891000481465,4.81971768179644,5.7633117896847,6.50749452752193,7.46985102726173,8.78651516109347,10.4320692202489,,11.919019086676,,,12.4350264567075,13.6761215430112,14.4931321123588,15.4232952771317
543.399999999918,0.424369629425278,1.82105187023896,,,2.58761858847068,4.44929093456313,4.82638149471051,5.86923345335423,6.54548202677494,7.44888525602969,8.81026203286272,10.4570948764531,,11.8386159724563,,,12.4681764382756,13.7428885826283,14.5050836588438,15.256355965005
543.999999999918,0.413188165640512,1.72194260321942,,,2.63465454355624,4.3396718643116,4.83304530762457,5.97515511704963,6.58264785851493,7.42960347616759,8.83400890463196,10.4821205326572,,11.7582128582367,,,12.5013264198437,13.8096556222468,14.5170352053289,15.0894166528783
544.599999999918,0.402006701855747,1.62283333619987,,,2.6816904986418,4.23005279406008,4.80644458053984,6.11819810054503,6.57323031371651,7.50279685741272,8.81076348729765,10.44787102305,,11.677809744017,,,12.5514456398059,13.9041307489426,14.528986751814,14.9224773407516
545.199999999918,0.566903071771294,1.6972510182163,,,2.6096739605101,4.21036746230045,4.79030458619358,6.18646644198392,6.68608015097434,7.64398417777871,8.79770420325052,10.379722272905,,11.7208089921368,,,12.4305403558918,13.9417694571674,14.6596254667286,15.0429527898491
545.799999999918,0.731799441710963,1.76916484431932,,,2.5376574223621,4.2397216322137,4.73795289484612,6.29076175082844,6.73175141567282,7.736952490478,8.82278014968651,10.2703855885384,,11.7638082402734,,,12.51993489411,13.9274224293913,14.777204027161,15.1501863863438
546.399999999918,0.89669581165063,1.84107867042199,,,2.4656408842141,4.26907580213368,4.68560120349368,6.28210481598619,6.76598366200931,7.85141792506005,8.84785609612773,10.1610489041661,,11.80680748841,,,12.6093294323571,13.8983249547648,14.8947825875916,15.2574199828368
546.999999999917,1.0615921815903,1.91299249652466,,,2.3936243460661,4.29842997205366,4.63324951214125,6.27344788112842,6.79636198397636,7.97280226823453,8.87293204256896,10.0517122197938,,11.8498067365467,,,12.6987239706041,13.8692274801363,15.0123611480222,15.3646535793298
547.599999999917,1.22648855152997,1.98490632262733,,,2.32160780791809,4.32778414197364,4.64101261616511,6.26344719521068,6.85853704548646,8.01838789639711,8.89786585842588,10.0096473767993,,11.8928059846833,,,12.7756573881237,13.8235281425369,15.1299397084529,15.4718871758227
548.199999999917,1.04467145073255,1.96583804982101,,,2.34399550389631,4.40284785807659,4.62273965109561,6.35280789739039,6.83112106747739,7.92269965533403,8.88790314560779,9.86507684936844,,11.8095192696516,,,12.8604777742436,13.7068602132014,15.0764293712358,15.4440007992861
548.799999999917,0.862854349887378,1.94827527949433,,,2.36638319988753,4.45675693627914,4.65001318454728,6.46691792963501,6.85359061082713,7.82537372857065,8.87876833468619,9.7582206928294,,11.7262325546025,,,12.7477654659498,13.598957241603,15.035164486105,15.3815646109153
549.399999999917,0.681037249042202,1.93071250916787,,,2.38877089587875,4.51066601447878,4.67728671800525,6.5884859727716,6.88897313962547,7.71481199117179,8.86963352376469,9.65136453629556,,11.6429458395535,,,12.6350531576288,13.5074509166594,14.9938996009759,15.3191284225398
549.999999999917,0.499220148197028,1.9131497388414,,,2.41115859186996,4.56457509267841,4.70456025146321,6.71005401590924,6.93009886126214,7.59498499965664,8.8604987128432,9.54450837976172,,11.5596591245044,,,12.5223408493078,13.4159445917182,14.9526347158468,15.2566922341642
550.599999999917,0.317403047351852,1.89558696851493,,,2.43354628786118,4.61848417087804,4.70342926497087,6.75221978567791,6.94949252495233,7.51030634118235,8.8726228730471,9.47436469940082,,11.4763724094553,,,12.4236506042175,13.34538209132,14.9113698307178,15.1942560457887
551.199999999917,0.31071175274917,1.96239992660486,,,2.43952290702059,4.33504158297044,4.72018434236905,6.70856652522976,6.86143829266442,7.49788682149803,8.8133410008173,9.70977466785212,,11.4769447545124,,,12.3431754879227,13.3376663198719,14.780489854469,15.3768351169755
551.799999999917,0.304020458170749,2.02609821513523,,,2.44549952617773,4.05468693480245,4.70321396993636,6.59982430728148,6.80693017259874,7.54422705378812,8.73612917217537,9.92936452859004,,11.477517099581,,,12.4042418606918,13.4131826058418,14.6377609414463,15.5866734891418
552.399999999917,0.297329163592324,2.08979650366517,,,2.45147614533487,3.77433228663488,4.68624359749899,6.45253672936586,6.74570264502617,7.56964524170638,8.65891734353096,10.1489543893258,,11.4780894446497,,,12.4653082334806,13.4757941049805,14.4950320284219,15.7965118613119
552.999999999917,0.290637869013896,2.15349479219511,,,2.45745276449201,3.49397763846732,4.66927322506162,6.30524915144488,6.67719786009654,7.58809038129877,8.58170551488655,10.3685442500615,,11.4786617897184,,,12.5263746062693,13.5384056041175,14.3523031153974,16.006350233482
553.599999999916,0.283946574435473,2.21719308072506,,,2.46342938364914,3.21362299029976,4.66926620277763,6.35365252921942,6.66289751506415,7.61864658892039,8.51370631275846,10.4816031364911,,11.4792341347871,,,12.5768685744055,13.5939753494232,14.209574202373,16.2161886056521
554.199999999916,0.227806613289919,2.11888840392305,,,2.5115191434255,3.42080553781019,4.67182689547031,6.4530082218418,6.82302622148042,7.58350645768813,8.59795955704147,10.3870233149988,,11.5627909493731,,,12.6033215573265,13.5691975638138,14.1159239108781,15.9398827604824
554.799999999916,0.171666652137475,2.02901707536436,,,2.55960890320771,3.66424820663736,4.68336535869586,6.54250489043113,6.89304415505858,7.49929764317852,8.7194613081303,10.3289638127031,,11.6463477639707,,,12.5498661616046,13.4543634414794,13.9895084265148,15.6282709293883
555.399999999916,0.115526690985031,1.93914574680684,,,2.60769866298993,3.90769087546959,4.69490382192266,6.64248582543359,6.96009366262253,7.42688738959756,8.84096305922432,10.2709043104126,,11.7299045785683,,,12.4964107658715,13.3406413150002,13.863092942147,15.3166590982893
555.999999999916,0.0593867298325917,1.84927441824933,,,2.65578842277215,4.15113354430181,4.70644228514946,6.74246676043752,7.03650437298417,7.36629278287566,8.96246481031835,10.212844808122,,11.8134613931659,,,12.4429553701384,13.2269191885211,13.7366774577791,15.0050472671903
556.599999999916,0.00324676868014784,1.75940308969181,,,2.70387818255436,4.39457621313404,4.70327725992833,6.6526523357619,7.06860251630711,7.29404591603096,9.07627554369456,10.1839360948363,,11.8970182077635,,,12.3930585272427,13.1125030188206,13.6102619734113,14.6934354360913
557.199999999916,0.0173036050550439,1.84322117929092,,,2.61799359242144,4.39452749172817,4.69294344591431,6.4998718373812,6.99929999572371,7.30610017237131,9.02928933129925,10.1497580587717,,11.8850162640821,,,12.3377093826968,13.1125349267279,13.5301923743043,14.6167062076197
557.799999999916,0.0313604414397677,1.92369128661056,,,2.53210900226975,4.31517260536716,4.66836052929193,6.3247390053121,6.87217242162667,7.30793548557531,8.92312008210782,10.1226308340658,,11.8730143203874,,,12.1878530226066,13.1433661168641,13.4655022622157,14.5666152188013
558.399999999916,0.0454172778244915,2.00416139392973,,,2.44622441211807,4.23581771899504,4.64377761266755,6.26903221635906,6.75598894272336,7.32083946155254,8.81695083290809,10.0955036093611,,11.8610123766926,,,12.0379966625031,13.18003907687,13.4008121501293,14.5165242299865
558.999999999916,0.0594741142092171,2.0846315012489,,,2.36033982196638,4.15646283262292,4.61919469604317,6.21332542742278,6.63127179758888,7.34147141008417,8.71078158370836,10.0683763846563,,11.8490104329979,,,11.8881403023996,13.2167120368767,13.3361220380428,14.4664332411718
559.599999999916,0.073530950593943,2.16510160856807,,,2.2744552318147,4.0771079462508,4.6120985955427,6.17675748964958,6.46638797208094,7.32708005650169,8.5718896264548,10.0862928561118,,11.8370084893032,,,11.7335672020093,13.2435423251904,13.2714319259564,14.4163422523571
560.199999999915,0.16778064243333,2.14499443480129,,,2.26434222295481,3.98263312711428,4.62228543578394,6.27234648295155,6.32623560128363,7.2780506566283,8.50164203897197,10.2424038712664,,11.8343242827182,,,11.6743137627452,13.1836833659711,13.352654517736,14.5384394520218
560.799999999915,0.262030334284007,2.1155580322804,,,2.25422921410559,3.92925963436969,4.6679728019723,6.46044899686147,6.23600190255032,7.22310416469826,8.42880285179272,10.341809678598,,11.8316400761344,,,11.7227058155008,13.0493855689316,13.4689056252317,14.6549115406744
561.399999999915,0.356280026134686,2.08612162975819,,,2.24411620525636,3.8758861416309,4.71366016816567,6.51915491406128,6.13768275882786,7.15250795140797,8.35596366461311,10.4412154859216,,11.8289558695507,,,11.7710978682716,12.9156580664397,13.5851567327324,14.7713836293262
561.999999999915,0.450529717985361,2.05668522723597,,,2.23400319640714,3.8225126488921,4.75934753435903,6.57786083124282,6.04489344608449,7.06691421391802,8.2831244774335,10.5406212932452,,11.826271662967,,,11.8194899210424,12.7819305639479,13.7014078402331,14.887855717978
562.599999999915,0.544779409836041,2.02724882471376,,,2.22389018755792,3.76913915615331,4.78606638486491,6.7581945283086,6.05712700010367,7.05360795280863,8.24980092393938,10.6279962843721,,11.8235874563833,,,11.8804529005212,12.7208904967004,13.8176589477337,15.0043278066298
563.199999999915,0.601735972444668,2.2125244375702,,,2.37320575348491,3.90373196050336,4.8148696308853,6.85378714567175,6.132133569675,7.11941856651054,8.2744850827938,10.5638188573185,,11.7215763407461,,,11.9386379313239,12.8353891420651,13.7935885909493,15.0124992592468
563.799999999915,0.658692535048019,2.41119614407565,,,2.52252131943447,4.03054383843793,4.84886408021273,6.9183846952309,6.39467717422363,7.31310322636472,8.39453211128169,10.4946044626883,,11.619565225095,,,12.0684665467066,13.0806050325269,13.7801863503243,15.0873169551116
564.399999999915,0.715649097651366,2.60986785058299,,,2.67183688538403,4.1573557163714,4.88285852954089,6.99307329764886,6.65187793925435,7.53411500928644,8.5145791397831,10.4253900680574,,11.5175541094438,,,12.1982951620995,13.3202229286131,13.7667841097007,15.1621346509858
564.999999999915,0.772605660254717,2.80853955709034,,,2.82115245133359,4.28416759430487,4.91685297886905,7.06776190006823,6.91185449625415,7.76761063260072,8.6346261682845,10.3561756734264,,11.4155429937926,,,12.3281237774923,13.5598408246985,13.7533818690772,15.2369523468601
565.599999999915,0.829562222858064,3.00721126359768,,,2.97046801728315,4.41097947223834,4.98299856907165,7.08189851439543,7.07237089707227,7.95642648845035,8.75096961284173,10.261582118796,,11.3135318781414,,,12.4384315203881,13.7215855071438,13.7399796284537,15.3117700427344
566.199999999915,0.819597452862104,2.85673823262523,,,2.88526661347315,4.35941643193378,5.05239808476113,7.01004074272288,7.1906037633481,8.03036543783594,8.8127201201259,10.2167596350081,,11.5516374787214,,,12.3809464662717,13.6565285013187,13.7859870146488,15.3212514348217
566.799999999914,0.809632682856617,2.69437614963133,,,2.80006520962978,4.314787922686,5.07188959327246,6.85474687992591,7.07693232999569,7.96888893577049,8.77904649832173,10.2714573346545,,11.7897430793499,,,12.2356576640154,13.4782719008043,13.767433808025,15.2073740569833
567.399999999914,0.799667912851133,2.53201406663574,,,2.71486380578641,4.2701594134392,5.09138110177667,6.74251558759774,6.9821743285846,7.91456189683093,8.74537287650397,10.3261550343151,,12.0278486799784,,,12.0903688617465,13.3135473188079,13.748880601392,15.0934966791273
567.999999999914,0.789703142845649,2.36965198364014,,,2.62966240194304,4.22553090419241,5.11087261028089,6.63028429527573,6.88839018599135,7.85188574324713,8.71169925468622,10.3808527339757,,12.2659542806069,,,11.9450800594777,13.1488227368135,13.730327394759,14.9796193012712
568.599999999914,0.779738372840163,2.20728990064455,,,2.54446099809967,4.18090239494561,5.0572420587792,6.34586658533187,6.82078237613522,7.76491349410713,8.66138249785823,10.3991546123457,,12.5040598812353,,,11.8139552518494,12.9841206537619,13.711774188126,14.8657419234152
569.199999999914,0.802798635413631,2.13054002473157,,,2.45914799702626,4.23040468023589,4.93242749808926,6.1581464046764,6.70867723143612,7.7701404573767,8.62445516538579,10.2399159280306,,12.3094845896542,,,11.8841417933696,13.0109604680927,13.6566663558793,14.9075623357717
569.799999999914,0.825858897991822,2.05917322002844,,,2.37383499595284,4.27085323885418,4.83180402780399,6.12593473571116,6.66151743222371,7.79296319251396,8.64050437044525,9.93967958677693,,12.1149092980111,,,11.9601080651179,13.1286838881222,13.6687595225073,15.0144777299921
570.399999999914,0.848919160570014,1.98780641532607,,,2.28852199487942,4.31130179747118,4.73118055752219,6.12668182344641,6.599314703258,7.77941179443993,8.65655357551229,9.63944324550307,,11.9203340063681,,,12.0360743368671,13.2296115993805,13.6808526891449,15.1213931242218
570.999999999914,0.871979423148203,1.91643961062371,,,2.203208993806,4.35175035608818,4.63055708724038,6.1274289111864,6.52547592822428,7.7647348006597,8.67260278057933,9.33920690422921,,11.725758714725,,,12.1120406086162,13.3305393106364,13.6929458557826,15.2283085184514
571.599999999914,0.895039685726395,1.84507280592134,,,2.11789599273258,4.39219891470517,4.60370850599628,6.33475492131587,6.43900764273636,7.75719017029429,8.70601660565026,9.07149140430214,,11.531183423082,,,12.175992219328,13.4231029749996,13.7050390224202,15.3352239126811
572.199999999914,0.879744050387507,1.83910502858223,,,2.15343985855699,4.30394816416931,4.64193764523422,6.49361089450264,6.45683574860855,7.72707856803466,8.75344044081537,9.21383887147397,,11.3658856338755,,,12.185963178606,13.4524378834899,13.9390225016731,15.1462105884899
572.799999999914,0.864448415043106,1.83172043663399,,,2.18898372439878,4.21784826664623,4.6514480905482,6.49619812338373,6.46908442364909,7.68423379971899,8.79109285640134,9.4278355897951,,11.2005878446733,,,12.1565942728479,13.4178452907047,14.0950542674045,14.9594006120778
573.399999999913,0.849152779698703,1.82433584468555,,,2.22452759024057,4.13174836912345,4.66095853585804,6.43530079090727,6.47149119683702,7.62324889606801,8.82874527198591,9.64183230812655,,11.0352900554711,,,12.1272253670842,13.3905558459307,14.2510860331247,14.772590635666
573.999999999913,0.8338571443543,1.81695125273711,,,2.26007145608236,4.04564847160067,4.67046898116788,6.37440345842167,6.47487634559635,7.56184105109527,8.86639768757048,9.85582902645802,,10.8699922662689,,,12.0978564613204,13.3632664011578,14.4071177988449,14.5857806592542
574.599999999913,0.818561509009894,1.80956666078866,,,2.29561532192415,3.9595485740779,4.62153161042081,6.20686058009898,6.49906280557331,7.5426167961417,8.87474449152472,10.132911963191,,10.7046944770667,,,12.0915200814719,13.3930188715529,14.5631495645651,14.3989706828424
575.199999999913,0.795353364597162,1.79462561705015,,,2.37321259467684,3.95069318386833,4.56811294075577,6.03072319906969,6.50313735320426,7.46481961619029,8.86553760808606,10.1243147370281,,10.8297099154913,,,12.1874949804847,13.3963682463582,14.5499606565599,14.6918191192835
575.799999999913,0.772145220183284,1.77973108267532,,,2.45080986743561,3.93937640753238,4.58642561749183,5.9203506191402,6.52367134783318,7.44268631549444,8.78706411246971,10.0753088026175,,10.9547253539579,,,12.3705866459634,13.4448544649484,14.6263763367503,15.0163938143328
576.399999999913,0.748937075769408,1.7648365483005,,,2.52840714019438,3.92805963119608,4.60473829423828,5.76085475584885,6.55830907146085,7.44807244242669,8.70859061684332,10.026302868201,,11.0797407924245,,,12.5536783114548,13.4907246167676,14.7027920169537,15.3409685093867
576.999999999913,0.72572893135553,1.74994201392568,,,2.60600441295315,3.91674285485977,4.62305097098472,5.60135889255037,6.60114607272762,7.45569125096464,8.63011712121693,9.97729693378457,,11.204756230891,,,12.7367699769462,13.5365947685864,14.7792076971571,15.6655432044407
577.599999999913,0.702520786941651,1.73504747955086,,,2.68360168571192,3.90542607852347,4.69393537775281,5.46001732201407,6.66577401018441,7.42150513688778,8.59195243175105,9.86773878105361,,11.3297716693576,,,12.9082663263476,13.5192194176604,14.8556233773605,15.9901178994946
578.199999999913,0.633938031830612,1.69508010152891,,,2.58894636083959,3.97916489373473,4.77882314786887,5.51246166517295,6.66818529761285,7.43722944220915,8.55810801881039,9.88114374607903,,11.4984210371978,,,12.8473833366615,13.4615336003722,14.7505416431283,15.8511357808057
578.799999999913,0.565355276712979,1.6571084516894,,,2.49429103594223,4.04534691749672,4.74828529324363,5.60219729710401,6.65538754817034,7.43005561009505,8.59625863569174,9.99984549608355,,11.6670704050443,,,12.7508959638919,13.4169404932192,14.6107685788235,15.6546900404037
579.399999999913,0.496772521595344,1.61913680185019,,,2.39963571104488,4.1115289412576,4.71774743860159,5.81385623167635,6.64105717989852,7.47068638778691,8.63440925258356,10.1185472461034,,11.8357197728908,,,12.6544085911171,13.372167896564,14.4709955145138,15.4582442999933
579.999999999912,0.428189766477709,1.58116515201097,,,2.30498038614752,4.17771096501849,4.68720958395956,6.02551516626645,6.62131530036491,7.51475874458307,8.67255986947538,10.2372489961232,,12.0043691407373,,,12.5579212183424,13.3273952999088,14.331222450204,15.261798559583
580.599999999912,0.359607011360077,1.54319350217175,,,2.21032506125016,4.24389298877937,4.63183646489138,6.4173224749831,6.57990633803697,7.57774529131273,8.68745885826013,10.356808627235,,12.1730185085838,,,12.4504493365259,13.3629802923629,14.1914493858942,15.0653528191726
581.199999999912,0.372359416048883,1.58455192946975,,,2.2644769340451,4.11277110123708,4.54569761839555,6.55370870288967,6.53716899878502,7.61271448208499,8.74081469566475,10.3816007099629,,11.9841337730579,,,12.4304549067595,13.4332108636539,14.1871122937767,15.208901215039
581.799999999912,0.385111820749573,1.62797747419296,,,2.31862880686179,4.00311910724799,4.58810856959379,6.63830625938736,6.54243557071235,7.65552996179633,8.78749260862781,10.3362318262726,,11.7952490374798,,,12.4432737783188,13.4257685332155,14.1442140278996,15.3921382281786
582.399999999912,0.397864225450261,1.67140301891648,,,2.37278067967847,3.89346711326205,4.63051952081083,6.70779119984323,6.54688900821067,7.65250928789686,8.83417052158989,10.290862942572,,11.6063643019016,,,12.456092649883,13.4216535491774,14.1013157620169,15.575375241324
582.999999999912,0.410616630150952,1.71482856363999,,,2.42693255249515,3.78381511927611,4.67293047202788,6.7772761402969,6.55387773173118,7.6492009049643,8.88084843455197,10.2454940588713,,11.4174795663235,,,12.4689115214472,13.4175385651398,14.0584174961341,15.7586122544694
583.599999999912,0.423369034851642,1.75825410836351,,,2.48108442531184,3.67416312529017,4.71193011637475,6.68520561332811,6.56898395179932,7.66770142488157,8.93106944857128,10.208667489331,,11.2285948307454,,,12.4982929774811,13.4125195968728,14.0155192302514,15.9418492676148
584.199999999912,0.370823208371854,1.6849397044681,,,2.49188351184116,3.71571619881676,4.74791872766883,6.70242455608627,6.60855386904414,7.6763841382313,8.81881172562756,10.1527920045501,,11.3973556869411,,,12.6529341682865,13.4563288635133,14.1377420019284,15.843839838608
584.799999999912,0.318277381882474,1.60267284701979,,,2.50268259836412,3.75180844635564,4.71265709195305,6.7874118075329,6.59286965911464,7.65774050899398,8.65205351400199,10.0865153819246,,11.5661165431893,,,12.7105529889887,13.5643116690172,14.2688991191284,15.7473974748339
585.399999999912,0.265731555393098,1.52040598957018,,,2.51348168488707,3.78790069389371,4.6773954562268,6.7239400564722,6.57760666930338,7.61423156029583,8.48529530236842,10.0202387592974,,11.7348773994375,,,12.7681718096767,13.676498487022,14.4000562363297,15.65095511106
585.999999999912,0.21318572890372,1.43813913212056,,,2.52428077141003,3.82399294143179,4.64213382050055,6.66046830538965,6.56556844588857,7.56743189625922,8.31853709073484,9.95396213667033,,11.9036382556857,,,12.8257906303648,13.7886853050275,14.531213353531,15.5545127472862
586.599999999911,0.160639902414343,1.35587227467094,,,2.53507985793299,3.86008518896986,4.62037677988856,6.52871682360708,6.54165800017582,7.49750304437147,8.15495325419345,9.91139365579923,,12.0723991119339,,,12.8742625543473,13.8022879483058,14.6623704707323,15.4580703835124
587.199999999911,0.175424353554385,1.39357461029645,,,2.51712807604219,3.86993033895107,4.63072417911899,6.51102208136349,6.48502669692954,7.49564945239963,8.23246101209566,9.84244879880201,,12.0363456184024,,,12.740677560329,13.6711891668699,14.5254054935115,15.3394177376607
587.799999999911,0.190208804704367,1.44696747438758,,,2.49917629414715,3.90196234666703,4.70714989884131,6.456567080664,6.59652533706478,7.56354372402317,8.41973488330456,9.80889630589557,,12.0002921248407,,,12.6969197038224,13.5358172214839,14.4509763734668,15.1826837060045
588.399999999911,0.204993255854347,1.50036033848103,,,2.48122451225211,3.93399435438627,4.7835756185734,6.55687366046828,6.7101013002275,7.68140762056079,8.60700875452968,9.77534381299435,,11.9642386312789,,,12.6531618473291,13.3921179105753,14.3765472534313,15.0259496743426
588.999999999911,0.219777707004327,1.55375320257448,,,2.46327273035707,3.9660263621055,4.86000133830549,6.65718024029545,6.81868473438638,7.79442902573771,8.7942826257548,9.74179132009313,,11.9281851377172,,,12.6094039908358,13.2484185996654,14.3021181333959,14.8692156426807
589.599999999911,0.234562158154307,1.60714606666793,,,2.44532094846203,3.99805836982474,4.92164668688981,6.8947240169112,6.95106658045778,7.9318611717638,8.96738722086241,9.64329530177156,,11.8921316441554,,,12.5658655031172,13.1711679252883,14.2276890133604,14.7124816110188
590.199999999911,0.21468803294526,1.602822374325,,,2.49373355513308,4.09588416903229,4.95409605942558,6.89597005329094,7.13326449378621,8.06905429233954,9.0127159046338,9.67093555924101,,11.8276262069863,,,12.7012114291878,13.255715132525,14.3527263885109,14.8023790734937
590.799999999911,0.19481390773107,1.58344367969288,,,2.54214616181397,4.14364374224965,4.92571224181265,6.81875955418147,7.1193033943064,8.13198837444389,9.0090214933278,9.65240061230474,,11.7631207698129,,,12.7750002588356,13.3654622209293,14.4392593364596,14.9002116729768
591.399999999911,0.17493978251688,1.56406498505852,,,2.59055876849485,4.19140331545957,4.89732842419069,6.66910863385567,7.1004074716053,8.14173612082416,9.00532708201452,9.63386566536159,,11.6986153326395,,,12.8487890884743,13.4758212759835,14.5257922844026,14.9980442724611
591.999999999911,0.155065657302692,1.54468629042416,,,2.63897137517574,4.23916288866949,4.86894460656873,6.5194577135191,7.07963246782488,8.16426817836402,9.00163267070124,9.61533071841845,,11.6341098954661,,,12.922577918113,13.5861803310378,14.6123252323456,15.0958768719455
592.599999999911,0.135191532088502,1.5253075957898,,,2.68738398185663,4.28692246187942,4.84143366164978,6.25338811168869,6.99916035423061,8.11596426483003,9.00949393014843,9.64016772834664,,11.5696044582928,,,13.0004409691697,13.6749391911494,14.6988581802886,15.1937094714298
593.19999999991,0.251064504217434,1.52691064697053,,,2.64783637081181,4.18541101675657,4.82196357023249,6.08686995941821,6.98800215743836,7.96251771059822,8.92925821874113,9.60623781993329,,11.4434641281465,,,12.9289811045921,13.6920939743867,14.577875886185,15.257033091805
593.79999999991,0.366937476366608,1.53450906913758,,,2.60828875975386,4.10294421723919,4.80729159031785,6.03576828301748,6.94798301900706,7.82630801418127,8.83320662801284,9.7291796947176,,11.3173237979911,,,12.9308634226986,13.6395616583283,14.4394439801154,15.3360319307857
594.39999999991,0.482810448515783,1.54210749130553,,,2.56874114869592,4.02047741772466,4.79261961040393,5.93780935304321,6.91367303509308,7.73152427232093,8.7371550372822,9.85212156952534,,11.1911834678357,,,12.9327457408159,13.5875476216414,14.3010120740431,15.4150307697688
594.99999999991,0.598683420664959,1.54970591347348,,,2.52919353763798,3.93801061821013,4.77794763049,5.83985042306196,6.88471448582131,7.63015606769003,8.64110344655155,9.97506344433309,,11.0650431376803,,,12.9346280589333,13.5355335849546,14.1625801679709,15.4940296087518
595.59999999991,0.714556392814134,1.55730433564143,,,2.48964592658004,3.85554381869559,4.80763543377397,5.95500397985778,6.95160998577915,7.64052716296871,8.53514006940478,10.1423959260082,,10.9389028075248,,,12.9233153406987,13.4998255118588,14.0241482618986,15.5730284477349
596.19999999991,0.678906544967741,1.59863854715897,,,2.44889981369018,3.90756449245699,4.86241452734332,6.15278875192976,6.8941445364963,7.70045495175711,8.5752045935234,10.379505735093,,11.1410083192009,,,12.9672424695115,13.6379133339551,14.0794680072247,15.5460315273344
596.79999999991,0.643256697098638,1.64406724973662,,,2.40815370080014,3.98272836186212,4.88389951433263,6.23192192053206,6.9235462953946,7.76692381074076,8.53356854461204,10.2943133880103,,11.3431138309262,,,12.910406156755,13.7484121853324,14.1296115223795,15.4913100871696
597.39999999991,0.607606849229533,1.68949595231488,,,2.3674075879101,4.05789223127072,4.90538450131693,6.45614155243028,6.95059891684642,7.8246567167449,8.49193249568842,10.2091210408792,,11.5452193426515,,,12.8535698439833,13.8616093491469,14.1797550375335,15.4365886470006
597.99999999991,0.571957001360432,1.73492465489314,,,2.32666147502006,4.13305610067933,4.92686948830124,6.6803611843503,6.97549477702286,7.88186755857106,8.4502964467648,10.1239286937481,,11.7473248543768,,,12.7967335312117,13.9748065129619,14.2298985526875,15.3818672068316
598.59999999991,0.536307153491327,1.7803533574714,,,2.28591536213002,4.20821997008793,4.89470761646796,6.61480581995065,6.91209104478898,7.80853254523723,8.43964747690914,9.91403289265789,,11.9494303661021,,,12.7566061803338,14.1030473924103,14.2800420678416,15.3271457666626
599.19999999991,0.693719906590573,1.7923247816781,,,2.34844524944244,4.21453408245541,4.87106579947546,6.46068081083698,6.93075378379417,7.81589094640238,8.55850586479009,9.6603174167019,,12.0614832167355,,,12.7417465007112,14.0108626340451,14.3132539048474,15.3568858124344
599.799999999909,0.851132659718899,1.79596990599566,,,2.41097513677041,4.19245574302045,4.87116306555145,6.42672965987621,6.95765773075957,7.813554506891,8.80561406146501,9.80287225569373,,12.1735360673553,,,12.6874431225868,14.0206592508405,14.3909082110703,15.4189641126878
600.399999999909,1.00854541284723,1.79961503031197,,,2.47350502409839,4.1703774035812,4.87126033163101,6.32110730623753,6.97970112033051,7.80531250466824,9.05272225815928,9.94542709474532,,12.2855889179751,,,12.6331397444565,14.0333785658966,14.4685625173,15.481042412946
600.999999999909,1.16595816597555,1.80326015462828,,,2.53603491142636,4.14829906414195,4.87135759771058,6.21548495258803,7.00872855534081,7.8003301180625,9.29983045485355,10.0879819337969,,12.3976417685948,,,12.5788363663262,14.0460978809532,14.5462168235296,15.5431207132043
601.599999999909,1.32337091910388,1.80690527894459,,,2.59856479875434,4.12622072470271,4.89853821900341,6.30186750836381,7.087453402773,7.90934337747649,9.53182080055681,10.3616697184535,,12.5096946192146,,,12.5261319684555,14.0589129662083,14.6238711297593,15.6051990134625
602.199999999909,1.12008949318995,1.76534612663095,,,2.58662418947576,4.09908722969378,4.85757546381414,6.35164373312614,7.03423294422616,7.84655342534356,9.38445562091634,10.5967968082394,,12.2232546627736,,,12.3715036021994,13.9941417633799,14.5471238934867,15.4610879569908
602.799999999909,0.916808067221404,1.7284229740904,,,2.57468358018591,4.10197160498813,4.87381015121149,6.3245597634236,6.99375475290184,7.80564055779426,9.21579300485612,10.5736723139532,,11.9368147062722,,,12.4559191730555,13.916425042559,14.4367905407638,15.3676657779021
603.399999999909,0.713526641252866,1.69149982155055,,,2.56274297089606,4.10485598028703,4.89004483861752,6.32086953475539,6.96039479529698,7.75447030675611,9.04713038879269,10.5505478196279,,11.6503747497708,,,12.5403347439479,13.8350484017677,14.3264571880359,15.2742435988211
603.999999999909,0.510245215284324,1.65457666901071,,,2.5508023616062,4.10774035558592,4.90627952602353,6.31717930609071,6.91704044608243,7.69924251770517,8.87846777272926,10.5274233253026,,11.3639347932694,,,12.6247503148403,13.7536717609759,14.216123835308,15.1808214197401
604.599999999909,0.306963789315784,1.61765351647086,,,2.53886175231635,4.11062473088482,4.88989973094096,6.29870809980133,6.8601258848563,7.60557834715811,8.69337407431004,10.4487244218606,,11.077494836768,,,12.6891359067493,13.6251378778535,14.1057904825801,15.0873992406591
605.199999999909,0.379368069684418,1.58861773563346,,,2.56965671628358,4.03385178490253,4.93524523455633,6.37861531647845,6.89322179103554,7.63039650097745,8.76997020323063,10.4597546920318,,11.1300574685739,,,12.7965503571899,13.7254982705405,14.0950994854998,15.0468068192483
605.799999999909,0.451772350095,1.56029191744053,,,2.60045168025731,3.92868357915428,4.91817745645207,6.54363768493273,6.89225210029453,7.62724272852771,8.80697199339803,10.4198933905012,,11.1826201004314,,,12.7099500885503,13.7699843462855,14.1080041603336,14.8945914474435
606.399999999908,0.524176630505578,1.5319660992477,,,2.63124664423104,3.8235153734017,4.9011096783383,6.64308824224667,6.88902855471264,7.65909629247216,8.84397378355941,10.3800320889628,,11.2351827322889,,,12.6233498198812,13.8097699817594,14.120908835171,14.7423760756218
606.999999999908,0.596580910916157,1.50364028105487,,,2.66204160820477,3.71834716764912,4.88404190022454,6.74253879955059,6.88272529874489,7.68777574243342,8.88097557372078,10.3401707874244,,11.2877453641464,,,12.5367495512122,13.8495556172326,14.1338135100084,14.5901607038
607.599999999908,0.668985191326739,1.47531446286205,,,2.6928365721785,3.61317896189654,4.89619858211753,6.82782787603219,6.83648656038251,7.66329183290326,8.93240835246745,10.3785364814633,,11.3403079960039,,,12.4618960322291,13.8487930713387,14.1467181848457,14.4379453319783
608.199999999908,0.664725543521451,1.57913907819547,,,2.72738026129279,3.73366230567253,4.85565609523692,6.9201219110037,6.83028811831421,7.7171461905015,8.90532062205556,10.2774713408013,,11.3588300795376,,,12.4332365695074,13.628487362047,14.1911043543061,14.5433171990416
608.799999999908,0.66046589570444,1.67383987763853,,,2.76192395040765,3.8706984012982,4.81451601987668,6.90064694724604,6.82105684068518,7.76738839069919,8.90781135843977,10.2710407414242,,11.3773521630661,,,12.3941414738882,13.4121546953156,14.1964667148916,14.7030092769456
609.399999999908,0.656206247887429,1.76854067708019,,,2.7964676395225,4.0077344969264,4.77337594451635,6.92369334905463,6.81008470977057,7.77652362572694,8.9103020948285,10.2646101420615,,11.3958742465946,,,12.3550463782675,13.1981910848985,14.2018290754712,14.862701354858
609.999999999908,0.651946600070418,1.86324147652185,,,2.83101132863736,4.1447705925546,4.73223586915601,6.94673975086974,6.8070795548546,7.78673923425018,8.91279283121722,10.2581795426988,,11.4143963301231,,,12.3159512826468,12.9842274744817,14.2071914360507,15.0223934327703
610.599999999908,0.647686952253407,1.95794227596352,,,2.86555501775222,4.2818066881828,4.67868092416398,6.82467206700889,6.80387656823367,7.85375832163398,8.88560397595285,10.1185180176845,,11.4329184136515,,,12.2719536431042,12.8687062097771,14.2125537966303,15.1820855106827
611.199999999908,0.759210169500161,1.96639575957794,,,2.76884834591254,4.37441279403946,4.66661074884795,6.64343443368888,6.73116408062764,7.80324400157158,8.81198071517409,9.99607510549999,,11.4594124386664,,,12.2136211097453,12.9278307303592,14.1680186451626,15.1552247245775
611.799999999908,0.870733386764708,1.99261707862594,,,2.6721416740527,4.46949480086768,4.72072728445867,6.53984757505511,6.69861248945765,7.78856789736579,8.74654714828739,9.79950544969068,,11.4859064636825,,,12.265960802414,13.0131879530171,14.1567316867825,15.136986304135
612.399999999908,0.982256604029253,2.01883839767666,,,2.57543500219286,4.56457680769629,4.77484382007958,6.47540179206386,6.67297312249807,7.80503851024377,8.68111358140195,9.60293579386995,,11.5124004886986,,,12.3183004950996,13.102945436032,14.1454447284075,15.1187478836938
612.999999999907,1.0937798212938,2.04505971672739,,,2.47872833033301,4.65965881452489,4.82896035570048,6.41095600907862,6.647594835418,7.82366647831741,8.61568001451652,9.40636613804925,,11.5388945137147,,,12.3706401877853,13.1927029190475,14.1341577700325,15.1005094632526
613.599999999907,1.20530303855834,2.07128103577812,,,2.38202165847317,4.7547408213535,4.92089677073621,6.45528128667257,6.6770703279217,7.85254135398008,8.58337981826598,9.32411106821891,,11.5653885387308,,,12.4189419378117,13.2137550501093,14.1228708116575,15.0822710428115
614.199999999907,1.18869230996933,2.09141435375002,,,2.52882348806265,4.72477216647408,5.00986073556272,6.4681797504439,6.76022939425162,7.85916331199058,8.68997301527986,9.31169302244202,,11.662720307519,,,12.4886916834718,13.2066089542075,14.1915354647101,15.1724152179564
614.799999999907,1.17208158136053,2.09879109609484,,,2.67562531768972,4.70535412622247,5.05476055351579,6.43291350516171,6.87656018405777,7.86295252611407,8.74005054743581,9.54164827153482,,11.7600520763182,,,12.5182559923101,13.2112635823191,14.2417498468864,15.2436199817674
615.399999999907,1.15547085275172,2.10616783843768,,,2.8224271473168,4.68593608597249,5.09966037146205,6.33113990057879,6.98886800144592,7.8576068998312,8.79012807958302,9.77160352066507,,11.8573838451174,,,12.5478203011423,13.2159601983676,14.2919642290598,15.3148247455755
615.999999999907,1.13886012414292,2.11354458078053,,,2.96922897694388,4.66651804572251,5.14456018940832,6.22936629598557,7.10075264808673,7.86845076104291,8.84020561173023,10.0015587697953,,11.9547156139166,,,12.5773846099744,13.2206568144162,14.3421786112333,15.3860295093836
616.599999999907,1.12224939553412,2.12092132312338,,,3.11603080657096,4.64710000547254,5.13156983305801,6.19859570163141,7.19495628373704,7.83928994781388,8.88135211728093,10.0934150402216,,12.0520473827158,,,12.6382335238143,13.2732469715931,14.3923929934067,15.4572342731918
617.199999999907,0.941473744356274,2.16853996073764,,,2.91536020669905,4.56541365428042,5.10996773962582,6.27898841354697,7.17993796024452,7.85072714010117,8.8273775307277,10.0791303758781,,12.0502199512146,,,12.5258540290602,13.3250046603924,14.27181760454,15.4756015062431
617.799999999907,0.760698093152954,2.21510422238208,,,2.71468960677322,4.42907711544909,5.07755042745782,6.37445226259753,7.04320775631491,7.8339744136775,8.85549953682148,9.84698573308205,,12.0483925196979,,,12.3436676871241,13.3540007797946,14.1784348886446,15.4981836168787
618.399999999907,0.579922441949633,2.26166848402635,,,2.51401900684739,4.29274057660927,5.04513311528814,6.50508087042883,6.90112877789758,7.78410819997524,8.88362154292802,9.61484109025217,,12.0465650881812,,,12.161481345177,13.3768372847618,14.0850521727534,15.5207657275149
618.999999999907,0.399146790746315,2.30823274567062,,,2.31334840692156,4.15640403776945,5.01271580311846,6.63570947826558,6.75812865915398,7.70957504095724,8.91174354903455,9.38269644742228,,12.0447376566645,,,11.97929500323,13.399673789728,13.9916694568623,15.5433478381512
619.599999999906,0.218371139542993,2.35479700731489,,,2.11267780699573,4.02006749892963,5.00505435191723,6.65637687040568,6.62180258809652,7.68539445797953,8.94902490530954,9.28116424364934,,12.0429102251479,,,11.7534733177224,13.4477033555456,13.8982867409711,15.5659299487874
620.199999999906,0.325584781163405,2.3288763842779,,,2.26743696127729,3.9963406334092,4.9671684969545,6.58200919401547,6.61517449908772,7.66805111536155,8.96154314383927,9.32436110397522,,12.0556681347619,,,11.8160535291308,13.4106787721123,14.0005920080082,15.5434864931001
620.799999999906,0.432798422828724,2.30792456052333,,,2.42219611561427,4.01066544482092,4.93998122641477,6.54283841187293,6.65910939470521,7.67845187508609,8.93914090949805,9.53354925325234,,12.0684260443782,,,11.9853668986869,13.3914367623045,14.0660491352113,15.4867491376849
621.399999999906,0.540012064494045,2.28697273676954,,,2.57695526995124,4.02499025623859,4.9127939558767,6.52056190127594,6.70449733742971,7.74241263547408,8.91673867515139,9.74273740255539,,12.0811839539946,,,12.1546802682597,13.3712087684409,14.1315062624087,15.4300117822643
621.999999999906,0.647225706159364,2.26602091301575,,,2.73171442428822,4.03931506765626,4.88560668533863,6.4982853906816,6.74342999389439,7.81919808149971,8.89433644080473,9.95192555185842,,12.0939418636109,,,12.3239936378325,13.3509807745771,14.196963389606,15.3732744268438
622.599999999906,0.754439347824685,2.24506908926195,,,2.8864735786252,4.05363987907393,4.85178760046929,6.60990052859269,6.76353581317569,7.83038461459082,8.85681460806136,10.1145672625738,,12.1066997732272,,,12.5043879905782,13.3102086146143,14.2624205168033,15.3165370714232
623.199999999906,0.821144864716605,2.30765578503494,,,2.89152922729874,4.02175178670104,4.87451553691418,6.79022632113218,6.7905237342827,7.85907385000532,8.99010786206745,10.3450587720424,,12.0215112234575,,,12.4468296864835,13.3683947501155,14.2752248204785,15.1283902158947
623.799999999906,0.887850381602178,2.37866303132988,,,2.89658487594883,4.02657898755988,4.91475373646542,6.89208202483847,6.83122078581119,7.85451095716665,9.11812876140901,10.4900442666971,,11.9363226736724,,,12.3434399400766,13.3832736846551,14.2969424462464,14.9825614489315
624.399999999906,0.954555898487751,2.44967027762615,,,2.90164052459891,4.03140618842448,4.9549919360194,6.88638497628142,6.8788264514216,7.84004784967146,9.24614966074976,10.6350297613384,,11.8511341238873,,,12.2400501936625,13.4068588394213,14.3186600720157,14.836732681975
624.999999999906,1.02126141537332,2.52067752392242,,,2.906696173249,4.03623338928908,4.99523013557338,6.88068792770746,6.93824280788599,7.82054025815864,9.3741705600905,10.7800152559797,,11.7659455741023,,,12.1366604472483,13.4304439941888,14.3403776977849,14.6909039150184
625.599999999906,1.0879669322589,2.59168477021869,,,2.91175182189909,4.04106059015368,5.03956988821643,6.76256522210157,7.05593045591115,7.8421459364966,9.50757539738381,10.8711324266649,,11.6807570243172,,,12.0601720742695,13.4197623937174,14.3620953235542,14.5450751480619
626.199999999905,0.989772725492051,2.61105066797854,,,2.84012779936663,4.05554755571825,5.03823380591718,6.58025031418876,7.1059379164712,7.8267899880973,9.39006322515256,10.7318559866115,,11.7020946847008,,,12.0942074717865,13.3977295336098,14.1442211187522,14.561896029965
626.799999999905,0.891578518699243,2.61015980456659,,,2.7685037768221,4.00589751735382,4.97846688737104,6.44187430018868,7.22744145974735,7.85866072365218,9.23931005650236,10.4532037632368,,11.7234323451013,,,12.1284135163359,13.4671012089084,13.9812560770568,14.6860751358173
627.399999999905,0.793384311906435,2.60926894115145,,,2.69687975427757,3.95624747897928,4.91869996881568,6.44139020386381,7.33443894784098,7.85952866292638,9.08855688784691,10.1745515398402,,11.7447700055017,,,12.1626195608853,13.5332387043041,13.81829103537,14.8102542416864
627.999999999905,0.695190105113627,2.60837807773631,,,2.62525573173304,3.90659744060474,4.85893305026032,6.44090610756072,7.4376221149081,7.86055683683115,8.93780371919146,9.89589931644365,,11.7661076659021,,,12.1968256054347,13.5993761996993,13.6553259936833,14.9344333475556
628.599999999905,0.596995898320816,2.60748721432116,,,2.55363170918851,3.8569474022302,4.78618588328393,6.47944884203589,7.42582781279634,7.85822896950565,8.79508184797914,9.68323641615738,,11.7874453263025,,,12.2157210680956,13.6570816174803,13.4923609519966,15.0586124534247
629.199999999905,0.697037420168132,2.61557231983277,,,2.60724969108259,3.78822301388046,4.75261801088742,6.52181546627726,7.34598789359842,7.84943081446376,8.80861028991976,9.59805625068266,,11.7172038944723,,,12.2025253996523,13.7453827833691,13.6330677651736,15.3362219781341
629.799999999905,0.797078942046809,2.63954966136384,,,2.66086767299648,3.7792374217202,4.77741246851072,6.62570916732249,7.12779358838451,7.82102954023371,8.82832915829842,9.69212902868212,,11.6469624626276,,,12.1488796480131,13.7141488075793,13.6927494521982,15.4233685196735
630.399999999905,0.897120463925488,2.66352700289743,,,2.71448565491038,3.7702518295694,4.80220692614327,6.67523232623623,6.92445286909541,7.80083758202614,8.84804802667805,9.78620180670998,,11.5767210307828,,,12.0952338963676,13.6848119317171,13.7524311392099,15.5105150611827
630.999999999905,0.997161985804168,2.68750434443102,,,2.76810363682427,3.76126623741861,4.82700138377582,6.72475548514135,6.7156074711713,7.78407636749575,8.86776689505768,9.88027458473782,,11.5064795989381,,,12.041588144722,13.6554750558552,13.8121128262217,15.5976616026919
631.599999999905,1.09720350768285,2.7114816859646,,,2.82172161873816,3.75228064526781,4.88281467639985,6.63646554199178,6.59145705869038,7.72466954265944,8.8791350632998,9.96271094212579,,11.4362381670934,,,11.9736772923822,13.6239844258104,13.8717945132334,15.6848081442011
632.199999999905,0.971977014605403,2.62207420331209,,,2.92853877403588,3.86711649835354,4.90295040102942,6.57326076116979,6.55989932804474,7.73038613340234,8.81974660762193,9.97352858872156,,11.5639446690919,,,11.9009258974058,13.4765542723642,13.8234584176004,15.4190951901766
632.799999999904,0.846750521492152,2.52218496872376,,,3.03535592934205,3.89233446625215,4.85317378269578,6.43464760449709,6.56150483709735,7.66996580495922,8.81247750669278,9.95539080242972,,11.6916511711219,,,11.8296876292628,13.3870555208513,13.7990242752582,15.1858217910023
633.399999999904,0.7215240283789,2.42229573413376,,,3.14217308464823,3.91755243413649,4.80339716435102,6.25365750918337,6.56141982304653,7.62793994383067,8.80520840577194,9.93725301613327,,11.8193576731518,,,11.75844936112,13.2886611616297,13.7745901329198,14.9525483918331
633.999999999904,0.596297535265647,2.32240649954377,,,3.2489902399544,3.94277040202083,4.75362054600626,6.0726674138629,6.55569089242233,7.58113798128495,8.79793930485108,9.91911522983682,,11.9470641751818,,,11.6872110929772,13.1902668024066,13.7501559905813,14.7192749926639
634.599999999904,0.471071042152395,2.22251726495378,,,3.35580739526057,3.96798836990518,4.68482838071511,6.06321168657507,6.51209313056579,7.58596767379537,8.77795473889791,9.93690145280506,,12.0747706772118,,,11.6303498550639,13.1404411340368,13.7257218482429,14.4860015934947
635.199999999904,0.450014966103783,2.36823370094838,,,3.32707178762531,3.83265628819339,4.65399412084191,6.06651582059403,6.46177747345918,7.54522432226855,8.84399306104546,10.0676192144188,,12.0947048075382,,,11.5865347593293,13.1654723396689,13.7701053010527,14.4365148975097
635.799999999904,0.428958890071808,2.52234384086426,,,3.2983361799684,3.77268738789538,4.72971499478477,6.09921120497609,6.48295388635127,7.60968651131835,8.80013732387857,10.0556142511437,,12.1146389378473,,,11.6738547208004,13.1935269802376,13.8520293339985,14.4574844926652
636.399999999904,0.407902814039833,2.67645398078148,,,3.26960057231149,3.71271848760943,4.80543586874466,6.23943009342897,6.50279423369956,7.66267404465248,8.75628158669411,10.0436092878458,,12.1345730681564,,,11.7611746822925,13.23542093109,13.9339533669503,14.4784540878319
636.999999999904,0.386846738007858,2.8305641206987,,,3.24086496465458,3.65274958732347,4.88115674270456,6.37964898189905,6.53721697094822,7.72459089812932,8.71242584950965,10.0316043245478,,12.1545071984655,,,11.8484946437845,13.2773148819446,14.0158773999021,14.4994236829987
637.599999999904,0.365790661975886,2.98467426061592,,,3.21212935699767,3.59278068703752,4.9659527721207,6.43426829275266,6.60060434962409,7.82017850785647,8.69259286972167,9.97952033048959,,12.1744413287747,,,11.9458214623192,13.2760939097736,14.097801432854,14.5203932781654
638.199999999904,0.530714674710479,2.97200896826703,,,3.17534830957291,3.72065531253825,5.02022221833174,6.46987984704968,6.67040350749634,7.96183072234548,8.65255653778864,9.88747409393954,,12.0208182478447,,,12.0807175736537,13.156434526787,14.0272671278378,14.5959786157186
638.799999999904,0.695638687474922,2.9579746705787,,,3.13856726214687,3.89852887759969,4.99823142396844,6.51133389254473,6.76113027864257,8.09038108968593,8.7081064258883,9.95548331994865,,11.8671951668869,,,12.159022509395,13.0838471439632,13.9061738478498,14.6986527690385
639.399999999903,0.860562700239365,2.94394037289016,,,3.10178621472082,4.07640244266916,4.97624062959288,6.40934876538441,6.84900181455093,8.22441143477834,8.76365631400332,10.0234925459835,,11.7135720859291,,,12.2373274451273,12.9989900396956,13.7850805678537,14.8013269223628
639.999999999903,1.02548671300381,2.92990607520161,,,3.06500516729478,4.25427600773863,4.95424983521733,6.30736363820102,6.93462282336622,8.34902291292317,8.81920620211834,10.0915017720183,,11.5599490049713,,,12.3156323808595,12.914132935426,13.6639872878575,14.9040010756871
640.599999999903,1.19041072576825,2.91587177751306,,,3.02822411986873,4.4321495728081,4.92902843242127,6.2863238907482,7.04001199372463,8.41208183875663,8.86932776130588,10.1469608366971,,11.4063259240135,,,12.3726697736397,12.8573386117316,13.5428940078614,15.0066752290114
641.199999999903,1.09208398278356,2.77432110864516,,,2.96694765496512,4.42849456059773,4.94181575635891,6.24986640509543,7.08981072310726,8.34026849605252,8.85307669436189,10.2001425644866,,11.5980773632299,,,12.38325983621,12.9981198301776,13.6423170921768,15.0297700170046
641.799999999903,0.993757239756424,2.63177607913032,,,2.90567119005756,4.27775289362723,4.97853665671565,6.13822613023172,7.04154177012766,8.20418594374618,8.83410452629496,10.111872086255,,11.789828802502,,,12.2758328507083,13.0336128370685,13.7746010894768,14.9739086916196
642.399999999903,0.895430496729289,2.48923104961532,,,2.84439472515,4.12701122663299,5.01525755707626,6.14054401397157,6.99331106717924,8.0709596745828,8.81513235822761,10.0236016080005,,11.9815802417741,,,12.1684058651875,13.0730326982114,13.9068850867822,14.9180473662218
642.999999999903,0.797103753702152,2.34668602010031,,,2.78311826024244,3.97626955963875,5.05197845743687,6.14286189772984,6.93347869664747,7.93633751239295,8.79616019016024,9.93533112974603,,12.1733316810462,,,12.0609788796667,13.112452559355,14.0391690840876,14.862186040824
643.599999999903,0.698777010675017,2.20414099058531,,,2.72184179533488,3.8255278926445,5.10450406300392,6.18789642656578,6.8310461681958,7.81116293512603,8.78715401654225,9.88924875253075,,12.3650831203183,,,11.9689182605124,13.1296555135848,14.1714530813929,14.8063247154263
644.199999999903,0.703179672139372,2.31625869574628,,,2.64617331648679,3.7038286715579,5.07548580255139,6.24834910638826,6.78704716466693,7.80525777425772,8.79149344377947,9.69983747548051,,12.1650130431425,,,11.9228553454105,12.945935249651,14.1974639521293,14.7573001761217
644.799999999903,0.70758233362037,2.42335552408479,,,2.57050483763637,3.6588164490392,5.06707466610438,6.3977986248422,6.67518237162299,7.79391766728103,8.83580397466975,9.62929475564951,,11.9649429659033,,,11.9494086859043,12.835789959812,14.1914970351309,14.6982052305834
645.399999999903,0.711984995101368,2.53045235242249,,,2.49483635878595,3.61380422653294,5.05866352966071,6.39635755899886,6.56981058988182,7.77747696499095,8.88011450556652,9.55875203583781,,11.764872888664,,,11.9759620264099,12.7249620607504,14.1855301181273,14.6391102850434
645.999999999902,0.716387656582366,2.63754918076019,,,2.41916787993553,3.56879200402669,5.05025239321705,6.39491649313102,6.47227440225524,7.76532041809533,8.92442503646329,9.4882093160261,,11.5648028114247,,,12.0025153669155,12.6141341616887,14.1795632011237,14.5800153395035
646.599999999902,0.720790318063366,2.74464600909789,,,2.34349940108511,3.52377978152043,4.99137969298496,6.28088624180563,6.39297889227098,7.75153227064325,8.95059694900263,9.35933194324216,,11.3647327341854,,,11.9978650973108,12.4759500052479,14.1735962841201,14.5209203939635
647.199999999902,0.659192926900618,2.66052345096471,,,2.40289334581045,3.54665057493607,4.99385865393715,6.17033524697232,6.36936038289772,7.7040280948426,9.07640947647005,9.56689141385931,,11.5285189168123,,,11.9261374918146,12.5406161852928,14.1035803093874,14.5017967792263
647.799999999902,0.597595535727125,2.58232502097303,,,2.46228729055778,3.57520701794397,4.89321383866725,6.02792309987552,6.48133122857363,7.68222263168488,9.06839140752695,9.81149568765009,,11.6923050994984,,,11.832421711323,12.5703293465079,14.0730266963647,14.5351782802317
648.399999999902,0.535998144553634,2.50412659098232,,,2.5216812353051,3.6037634609528,4.79256902338055,6.07068007220273,6.58362110588515,7.66305537392046,9.06037333856203,10.0560999614469,,11.8560912821845,,,11.7387059308279,12.6035146747214,14.0424730833484,14.5685597812458
648.999999999902,0.474400753380142,2.42592816099161,,,2.58107518005243,3.63231990396162,4.69192420809384,6.11343704456016,6.695565715097,7.65192552038157,9.05235526959712,10.3007042352437,,12.0198774648706,,,11.6449901503327,12.6367000029355,14.0119194703321,14.6019412822598
649.599999999902,0.412803362206653,2.34772973100091,,,2.64046912479975,3.66087634697044,4.63368738478485,6.05865646248752,6.76695652560918,7.62532693169463,9.03548109573648,10.5698777481025,,12.1836636475566,,,11.5970149431637,12.7879096376483,13.9813658573158,14.6353227832738
650.199999999902,0.61614808123066,2.48480726750261,,,2.6398937725583,3.81707342067246,4.56984356414151,6.0348138270007,6.70217717889323,7.60860681194506,8.84333215742907,10.4550802616462,,12.0428438394223,,,11.6583949892244,12.8459613207088,13.9515721953364,14.6292756904578
650.799999999902,0.819492800297991,2.61610929558384,,,2.63931842030705,3.95282107218649,4.60819839784532,6.00188196766806,6.56080935977196,7.62022275787693,8.74175081509103,10.2409967853804,,11.9020240312382,,,11.7770359267283,12.9468053558276,13.9004144093629,14.5860918572234
651.399999999902,1.02283751936532,2.74741132366412,,,2.63874306805579,4.08856872369718,4.64655323156586,5.8537404822012,6.42887812330121,7.62890324462762,8.64016947276781,10.0269133090982,,11.7612042230541,,,11.8956768642416,13.0510136356916,13.8492566233858,14.5429080239829
651.999999999902,1.22618223843265,2.8787133517444,,,2.63816771580453,4.22431637520787,4.6849080652864,5.70559899671546,6.28505822602917,7.62746306189418,8.53858813044459,9.81282983281606,,11.62038441487,,,12.0143178017549,13.1552219155562,13.7980988374088,14.4997241907424
652.599999999901,1.42952695749998,3.01001537982469,,,2.63759236355328,4.36006402671855,4.71707392427039,5.80890118027766,6.19277315673581,7.67178245442793,8.44740168135377,9.62181375450393,,11.4795646066859,,,12.1160508810211,13.21694187665,13.7469410514317,14.4565403575019
653.199999999901,1.2887398733368,2.92574625224355,,,2.56953515682688,4.25695206233381,4.75265096616582,5.95721920796895,6.17959350912486,7.73041248433052,8.60125308302481,9.54483281538992,,11.4717362914021,,,12.1729247148199,13.3079699085262,13.7864569966183,14.6016848369697
653.799999999901,1.14795278911709,2.84778159264816,,,2.50147795008939,4.20179421133432,4.79025731718544,6.08392825887717,6.31203459950635,7.76471112963027,8.79129186595485,9.51719369665336,,11.4639079761401,,,12.2442741247242,13.3818479904923,13.8627118499322,14.833398485005
654.399999999901,1.00716570489738,2.76981693305381,,,2.4334207433519,4.14663636034272,4.8278636682054,6.27356906366763,6.43748426586253,7.78546979707837,8.98133064889083,9.48955457792493,,11.4560796608781,,,12.3156235346309,13.4456601636385,13.9389667032521,15.0651121330545
654.999999999901,0.866378620677669,2.69185227345945,,,2.36536353661441,4.09147850935112,4.86547001922535,6.46320986846844,6.56686774791139,7.81021436104847,9.17136943182681,9.4619154591965,,11.4482513456161,,,12.3869729445376,13.509472336783,14.0152215565721,15.2968257811041
655.599999999901,0.725591536457956,2.6138876138651,,,2.29730632987692,4.03632065835951,4.90818623272319,6.51346715093634,6.71000183397272,7.78386618351283,9.36351857905786,9.38877175566126,,11.4404230303542,,,12.4531182652167,13.5172254641916,14.091476409892,15.5285394291536
656.199999999901,0.726788564419373,2.5899204363031,,,2.40681977393132,4.01296584156564,4.92941227898933,6.39483918947,6.81912370033916,7.71075603293682,9.24152704036182,9.3811676193635,,11.5163067286155,,,12.4103353126846,13.5016284010134,14.0657313308046,15.4368507231182
656.799999999901,0.727985592404222,2.5673861870865,,,2.51633321801502,3.94971404634966,4.9744917833422,6.35345771868149,6.90418992727917,7.68152577573867,9.05398394553072,9.41712310997421,,11.5921904268907,,,12.2795317538858,13.5028000888491,13.9985817773367,15.272684113222
657.399999999901,0.729182620389071,2.54485193787013,,,2.62584666209873,3.88646225112709,5.01957128769902,6.32189109149717,6.9830984448752,7.64809459786767,8.86644085068879,9.45307860059214,,11.6680741251659,,,12.1487281950724,13.512425314907,13.9314322238619,15.1085175033138
657.999999999901,0.730379648373918,2.52231768865377,,,2.73536010618244,3.82321045590452,5.06465079205583,6.29032446431447,7.05507761999237,7.61466506111275,8.67889775584686,9.48903409121006,,11.7439578234411,,,12.0179246362589,13.5220505409663,13.8642826703871,14.9443508934057
658.599999999901,0.731576676358767,2.4997834394374,,,2.84487355026614,3.75995866068195,5.09037963885429,6.28004470342061,7.08079704690639,7.61566525972311,8.4678752468374,9.62353910774863,,11.8198415217162,,,11.8928334182788,13.5163989791332,13.7971331169123,14.7801842834975
659.1999999999,0.689129072322898,2.44037805832944,,,2.74765405127613,3.73251943755932,5.12136045151228,6.35259040267216,7.12500116506502,7.69127284214292,8.50324784451933,9.81518175499064,,11.8519034195687,,,11.9474817975364,13.3908569417416,13.8258037163598,14.6526930401195
659.7999999999,0.646681468279793,2.37428359611155,,,2.65043455225184,3.68908734112222,5.09933985401707,6.34156425566361,7.00066577731934,7.69611970855892,8.55718063878128,9.9045300846106,,11.8839653174138,,,12.1502155744583,13.218572880304,13.8613136712255,14.5242202530276
660.3999999999,0.604233864236687,2.30818913389255,,,2.55321505322755,3.64565524468247,5.07731925651306,6.31873809038271,6.88620791749366,7.74587581801926,8.6111134330463,9.99387841421358,,11.916027215259,,,12.3529493514048,13.0330465478944,13.8968236260924,14.3957474659355
660.9999999999,0.561786260193582,2.24209467167355,,,2.45599555420327,3.60222314824271,5.05529865900906,6.29591192509987,6.78026512185868,7.78852589814801,8.66504622731133,10.0832267438165,,11.9480891131041,,,12.5556831283512,12.8475202154827,13.9323335809592,14.2672746788433
661.5999999999,0.519338656150476,2.17600020945454,,,2.35877605517898,3.55879105180296,5.04140955581037,6.39622059448029,6.70542705424826,7.8733589041601,8.75611806943692,10.0388356665408,,11.9801510109493,,,12.7458857909765,12.7112307861771,13.967843535826,14.1388018917512
662.1999999999,0.543389803845957,2.26217752560566,,,2.45446805834439,3.52819631168576,5.0369193499023,6.49400900921913,6.62836533514841,7.87782506670038,8.70726500560751,9.82705178844576,,11.9433802461785,,,12.7643785562478,12.7402178875103,13.9439109785001,14.2706112295553
662.7999999999,0.567440951552518,2.35294766329787,,,2.55016006154193,3.53446139164423,4.96836543988441,6.63946551963819,6.76574603964081,7.94589584863381,8.61767358660481,9.7040865029366,,11.9066094813962,,,12.5845674239148,12.7843128388452,13.9274705266664,14.4253018049487
663.3999999999,0.591492099259074,2.44371780099085,,,2.64585206473946,3.54072647160884,4.89981152985584,6.7039440349829,6.89579374494592,7.98625650975755,8.52808216759529,9.58112121744226,,11.8698387166138,,,12.4047562915487,12.8426719097641,13.911030074834,14.579992380346
663.9999999999,0.615543246965632,2.53448793868382,,,2.741544067937,3.54699155157346,4.83125761982726,6.7684225503141,7.01784446823519,8.0348858594895,8.4384907485858,9.45815593194791,,11.8330679518315,,,12.2249451591826,12.9010309806854,13.8945896230015,14.7346829557432
664.5999999999,0.639594394672191,2.6252580763768,,,2.83723607113454,3.55325663153807,4.75028412604015,6.59885962094729,7.14137447890754,8.01748390660275,8.33251188718546,9.42753858660683,,11.7962971870492,,,12.0560797133093,12.9548834203963,13.8781491711691,14.8893735311405
665.1999999999,0.891139423693455,2.65790129646626,,,2.90437282670894,3.66829848472882,4.68509475394503,6.41882884831887,7.32703687034886,8.08228777761522,8.32307235562298,9.56677168202742,,11.7350688777555,,,12.1201224655115,13.0059387752826,14.055616916456,15.0021220453532
665.799999999899,1.14268445275278,2.6896207954633,,,2.97150958227857,3.77935279587318,4.7395522339412,6.18217880642424,7.38024406655338,8.13136715713467,8.4095637912456,9.62808946026441,,11.6738405684577,,,12.3766984754351,13.091464738994,14.2572366496569,15.0808441689284
666.399999999899,1.39422948181211,2.72134029446019,,,3.03864633784819,3.89040710701687,4.79400971395743,5.9991516059027,7.44701343711515,8.17891387002009,8.49605522688428,9.68940723848836,,11.6126122591599,,,12.6332744853909,13.1680501935187,14.4588563828618,15.159566292498
666.999999999899,1.64577451087144,2.75305979345707,,,3.10578309341782,4.00146141816056,4.84846719397364,5.81612440539017,7.53100370026637,8.22521120810343,8.58254666252297,9.75072501671231,,11.5513839498621,,,12.8898504953467,13.2446356480419,14.6604761160668,15.2382884160676
667.599999999899,1.89731953993077,2.78477929245395,,,3.17291984898744,4.11251572930425,4.93382290155184,5.7725339852814,7.58967935035034,8.29289652803677,8.68473415615448,9.83310345337313,,11.4901556405642,,,13.1562502373247,13.3321456540046,14.8620958492717,15.3170105396371
668.199999999899,1.6689759076967,2.66945225313266,,,3.07087761443766,4.10271925238964,4.97572612861314,5.79100066367429,7.52099665309653,8.24754477367022,8.74425803070739,9.87867052083138,,11.6281567421019,,,13.1067405430035,13.2821589025754,14.5673183402762,15.1700134352355
668.799999999899,1.44063227538198,2.54953259068272,,,2.96883537985944,4.04816334419064,4.94457384160156,5.89053413804804,7.3386925112928,8.13666523153772,8.70100476125158,10.0782731344474,,11.766157843673,,,12.8581323530578,13.1981603287822,14.2186124653626,15.0320720451876
669.399999999899,1.21228864306727,2.42961292823201,,,2.86679314528122,3.99360743598411,4.91342155457769,6.06198327840019,7.14536201149331,8.03095393016691,8.65775149177848,10.2778757480894,,11.9041589452442,,,12.6095241630787,13.1281837061398,13.86990659044,14.8941306551412
669.999999999899,0.983945010752546,2.3096932657813,,,2.764750910703,3.93905152777758,4.88226926755382,6.23343241876446,6.93924060248583,7.92579806975611,8.61449822230537,10.4774783617313,,12.0421600468153,,,12.3609159730995,13.0582070834998,13.5212007155174,14.7561892650947
670.599999999899,0.755601378437828,2.18977360333059,,,2.66270867612478,3.88449561957105,4.81623125357126,6.32132312523083,6.71527143942529,7.77243399633785,8.57000610649142,10.5860091289703,,12.1801611483864,,,12.0853837268013,12.9469732931492,13.1724948405947,14.6182478750483
671.199999999899,0.946891845335842,2.21560032720793,,,2.6841277191549,3.95101268977202,4.79879014162358,6.38699796873997,6.65777801372936,7.7282189261956,8.64472239341973,10.5462084185155,,11.861767663131,,,12.0739474508309,13.0707860377186,13.3579151524174,14.6709705993363
671.799999999899,1.1381823123047,2.24451632375272,,,2.70554676220586,4.07137550774181,4.77437525562498,6.4464498968008,6.86715931785936,7.8032790122552,8.77235082940921,10.2843581344757,,11.5433741777985,,,12.2369886757634,13.2116222232385,13.5650018786212,14.7355238661516
672.399999999898,1.32947277927356,2.27343232029803,,,2.72696580525683,4.1917383257207,4.74996036962521,6.40114267836356,7.07743795268437,7.85564036239312,8.89997926540762,10.0225078503984,,11.2249806924661,,,12.4000299007255,13.3397554363862,13.7720886048287,14.8000771329689
672.999999999898,1.52076324624242,2.30234831684335,,,2.74838484830779,4.3121011436996,4.72554548362543,6.35583545990858,7.28905876897358,7.90768326023733,9.02760770140603,9.7606575663211,,10.9065872071336,,,12.5630711256875,13.4678886495318,13.9791753310361,14.8646303997862
673.599999999898,1.71205371321129,2.33126431338866,,,2.76980389135876,4.43246396167849,4.74173130220197,6.35227856198471,7.54977361621675,8.01445807317219,9.13601636718877,9.53096177769845,,10.5881937218011,,,12.7458716117536,13.6800555672608,14.1862620572435,14.9291836666035
674.199999999898,1.86292777315377,2.29927817911293,,,2.81373391905514,4.15455864251297,4.73857799928838,6.28465589976153,7.65247543528032,8.01938468051292,9.05584828670725,9.51865352446719,,10.6819312632072,,,12.6414387327788,13.627019223516,14.1931878312102,14.878723197073
674.799999999898,2.0138018330894,2.27105965407319,,,2.85766394675534,3.86591898188609,4.74577874535457,6.20557649077639,7.51118048168625,7.90048577540315,8.96956360985725,9.55506149875303,,10.7756688046833,,,12.501369250314,13.5285375360953,14.2072906634494,14.8592958434236
675.399999999898,2.16467589302503,2.2428411290341,,,2.90159397445554,3.5772793212574,4.75297949142252,6.21797783368183,7.37919740731308,7.79546094981349,8.88327893300622,9.59146947304716,,10.8694063461593,,,12.3612997678432,13.4248026161659,14.2213934956898,14.8398684897795
675.999999999898,2.31554995296066,2.214622603995,,,2.94552400215574,3.2886396606287,4.76018023749047,6.23037917660279,7.24134417862526,7.68183057465083,8.79699425615518,9.62787744734129,,10.9631438876353,,,12.2212302853724,13.3210676962356,14.2354963279303,14.8204411361353
676.599999999898,2.4664240128963,2.18640407895591,,,2.98945402985594,3,4.73186118135964,6.23906369569239,7.08675133171855,7.56864523747865,8.70243214209941,9.65359441205252,,11.0568814291113,,,12.0716618184479,13.1065384383964,14.2495991601707,14.8010137824912
677.199999999898,2.31953537955552,2.23353748615761,,,2.79156322391771,3.1177178044856,4.71360715997663,6.31956562154396,6.99911756654118,7.57081239245747,8.74361803620896,9.55912173773578,,11.0553946158961,,,12.1201368730067,13.0544262296772,14.1432080446023,14.9326551281531
677.799999999898,2.17264674616402,2.27506067322066,,,2.59367241793828,3.21423189424649,4.78344100446435,6.42393952489363,6.98250304280701,7.61056762809589,8.82946259925607,9.58716084611181,,11.0539078026648,,,12.0581698765888,13.0012604617993,14.0328104672208,14.9858894317089
678.399999999898,2.02575811277253,2.31658386028275,,,2.39578161195886,3.31074598400377,4.85327484896709,6.4034006039241,6.95141846515648,7.67814309393621,8.91530716231079,9.61519995450872,,11.0524209894333,,,11.996202880152,12.9619166754673,13.9224128898386,15.0391237352513
678.999999999897,1.87886947938103,2.35810704734485,,,2.19789080597943,3.40726007376105,4.92310869346982,6.38286168293323,6.92828579291738,7.75825058929956,9.00115172536552,9.64323906290565,,11.050934176202,,,11.9342358837152,12.9225728891376,13.8120153124564,15.0923580387936
679.599999999897,1.73198084598953,2.39963023440694,,,2,3.50377416351833,4.98740732640537,6.40830045268189,6.88233959994338,7.83763330449083,9.11726170932636,9.72811074484987,,11.0494473629706,,,11.8796145753899,12.9734152403846,13.7016177350743,15.145592342336
680.199999999897,1.73392801901433,2.31832557942197,,,2.21450282775145,3.53091898016179,5.00899300996632,6.37042179462149,6.8025340536945,7.79333371339238,9.1349010571072,9.90489514015046,,11.3059969843954,,,11.8406672420055,12.9421550259118,13.70649420983,14.9570742997758
680.799999999897,1.73587519206459,2.24327335024492,,,2.42900565557347,3.61078236847097,4.89496134815738,6.28587809198613,6.81241965387094,7.76559148838876,9.07455832381717,9.95685225639475,,11.5625466058644,,,11.942323989341,13.0002896478574,13.7251017385032,14.8541256241977
681.399999999897,1.73782236511485,2.16822112106895,,,2.64350848339548,3.69064575678918,4.78092968632521,6.26536285205705,6.83445965007169,7.68325268690669,9.01421559051377,10.0088093726177,,11.8190962273335,,,12.0439807367006,13.0522272344835,13.7437092671788,14.7511769486342
681.999999999897,1.73976953816511,2.09316889189297,,,2.8580113112175,3.77050914510739,4.66689802449303,6.24484761213894,6.84753051548199,7.58945260829687,8.95387285721038,10.0607664888406,,12.0756458488025,,,12.1456374840603,13.1041648211085,13.7623167958544,14.6482282730707
682.599999999897,1.74171671121538,2.018116662717,,,3.07251413903951,3.8503725334256,4.58689819423696,6.12223731917147,6.90029320638223,7.48849439223939,8.87447067552598,10.0814882334866,,12.3321954702715,,,12.2455066953196,13.1549411731575,13.78092432453,14.5452795975073
683.199999999897,1.7621973548862,2.00018759215582,,,3.08560745359197,3.79639917623368,4.50945772982408,6.03044036498557,6.95715288300732,7.47637893953669,8.80835846240074,10.0075390407432,,12.0921486722419,,,12.2683380327081,13.3608867461377,13.8054826938846,14.7751767641365
683.799999999897,1.78267799856019,1.97666821441814,,,3.09870076810982,3.68445663714792,4.56798363780625,5.84541491473305,6.83299181902651,7.50072694371207,8.74739109578085,10.019868118098,,11.8521018741271,,,12.2047053282216,13.5234907877914,13.8056221658795,14.9749090614543
684.399999999897,1.8031586422342,1.9531488366795,,,3.11179408262766,3.57251409805219,4.62650954581181,5.71116882385158,6.70732471568644,7.58695804334551,8.68642372916185,10.0321971954677,,11.6120550760122,,,12.1410726237203,13.6903562916899,13.8057616378702,15.1746413587669
684.999999999897,1.8236392859082,1.92962945894087,,,3.12488739714551,3.46057155895645,4.68503545381737,5.57692273297885,6.59795675839425,7.68195384212918,8.62545636254285,10.0445262728373,,11.3720082778973,,,12.077439919219,13.8572217955892,13.8059011098609,15.3743736560795
685.599999999896,1.8441199295822,1.90611008120223,,,3.13798071166336,3.34862901986072,4.7244873794337,5.50422450286619,6.50870151704423,7.76152728522891,8.56700825963912,10.0465484784626,,11.1319614797824,,,12.0254957440221,13.9635616451708,13.8060405818516,15.5741059533922
686.199999999896,2.06570112012884,1.86557112122453,,,2.99116400536297,3.506662637585,4.78692272438623,5.58579037559123,6.4904638085644,7.82993890872066,8.54006529756633,9.96275969143624,,11.1714253834857,,,12.1149788757041,13.8775977863881,13.7126081923126,15.4849645077417
686.799999999896,2.28728231071019,1.82973412023708,,,2.84434729903497,3.66695913227927,4.74432881086293,5.83596548628177,6.66922342212921,7.82953894552119,8.56928149151984,9.94842040194885,,11.2108892872372,,,12.2110043062994,13.7634730957142,13.6327225342751,15.343030268439
687.399999999896,2.50886350129154,1.79389711925044,,,2.69753059270698,3.82725562697394,4.70173489732147,6.07853952600705,6.83514041805871,7.78967785419227,8.59849768548306,9.93408111247346,,11.2503531909887,,,12.307029736896,13.6374261708832,13.55283687624,15.2010960291272
687.999999999896,2.73044469187289,1.7580601182638,,,2.55071388637899,3.9875521216686,4.65914098378001,6.32111356573103,6.98489677735131,7.75704792907543,8.62771387944628,9.91974182299806,,11.2898170947402,,,12.4030551674925,13.5113792460501,13.4729512182048,15.0591617898154
688.599999999896,2.95202588245424,1.72222311727715,,,2.403897180051,4.14784861636327,4.61659888214377,6.5695912062097,7.0500485830927,7.71578041217307,8.67039124041161,9.92035778969373,,11.3292809984918,,,12.4786792185214,13.3787585630536,13.3930655601696,14.9172275505036
689.199999999896,2.67743745140751,1.67546746101283,,,2.38317917894738,4.18423669807895,4.6552376325601,6.57856822426892,7.05638801042579,7.66811183259476,8.68706788963018,10.1916872841027,,11.3573617784621,,,12.5451982951702,13.3598020069887,13.4451909918942,14.9303996180666
689.799999999896,2.40284902027475,1.62277298500354,,,2.36246117786563,4.25354139253574,4.73504215181482,6.5498151608055,7.04193766915404,7.67264299693195,8.64618650261936,10.2778091461827,,11.3854425584305,,,12.6096153463667,13.3937409782159,13.5154915500344,15.0313138518989
690.399999999896,2.12826058914199,1.57007850899321,,,2.34174317678387,4.32284608699824,4.81484667107669,6.41406178504687,7.03189450315449,7.66692198329596,8.60530511559854,10.3639310082306,,11.4135233383988,,,12.6740323975628,13.4328974726571,13.5857921081777,15.1322280857464
690.999999999896,1.85367215800924,1.51738403298289,,,2.32102517570212,4.39215078146074,4.89465119033856,6.27830840926964,7.02794087953174,7.63844021796659,8.56442372857774,10.4500528702785,,11.4416041183672,,,12.738449448759,13.4720539670992,13.6560926663211,15.2331423195939
691.599999999896,1.57908372687648,1.46468955697257,,,2.30030717462036,4.46145547592325,4.99638714144847,6.0780483349605,7.09919132604241,7.646587565938,8.53107688314209,10.4948378110794,,11.4696848983355,,,12.8091368094709,13.5205944224538,13.7263932244644,15.3340565534414
692.199999999895,1.57321709843553,1.42053048441599,,,2.27048755593405,4.41084162942406,4.99400123240594,5.95027961954659,7.15326504106265,7.65941518535307,8.51405859294172,10.3240249743431,,11.4952998221151,,,12.7395759453237,13.5496980322844,13.8661176911245,15.1497007844353
692.799999999895,1.56735047004137,1.37532330888749,,,2.24066793724616,4.30075839314812,5.00040501520947,5.71515807661007,7.01343002875463,7.6233250827482,8.59346170693463,10.2843336161124,,11.5209147458943,,,12.7077682319714,13.4695677551732,13.9482825051004,14.9009863875946
693.399999999895,1.56148384164721,1.33011613335881,,,2.21084831855826,4.19067515686181,5.00680879801453,5.62589450690432,6.88567010937893,7.61407762735136,8.67286482094434,10.2446422579046,,11.5465296696734,,,12.6759605186257,13.3973575781536,14.0304473190662,14.6522719907428
693.999999999895,1.55561721325305,1.28490895783013,,,2.18102869987037,4.0805919205755,5.01321258081958,5.53663093722402,6.75565883666605,7.62585083744123,8.75226793495406,10.2049508996969,,11.5721445934526,,,12.64415280528,13.3251474011352,14.1126121330321,14.4035575938909
694.599999999895,1.54975058485889,1.23970178230146,,,2.15120908118247,3.97050868428919,4.9739035480578,5.60410763357261,6.57012843464855,7.5616832613417,8.78345925579483,10.2103290960175,,11.5977595172317,,,12.6010786737189,13.2482916377756,14.1947769469979,14.154843197039
695.199999999895,1.49130175084638,1.36412582696582,,,2.29271122141466,3.80572562927858,4.97141171945106,5.73888422324902,6.48525497247688,7.50490898473316,8.86186788097302,10.3047622011819,,11.809759291174,,,12.7045936786045,13.186407666398,14.2104289688811,14.3691965654215
695.799999999895,1.43285291682467,1.49275938197185,,,2.43421336167685,3.6982771383683,4.93054418199366,6.01304935904482,6.54599635131646,7.46917595884138,8.8537452270968,10.3609116062619,,12.0217590651489,,,12.7561577160711,13.197492744304,14.2861130571985,14.5794765135389
696.399999999895,1.37440408280296,1.62139293697861,,,2.57571550193904,3.59082864746806,4.88967664452953,6.17161283435957,6.59800179550118,7.40566346801875,8.84562257320541,10.4170610113352,,12.2337588391237,,,12.8077217535287,13.194991937874,14.3617971455263,14.7897564616557
696.999999999895,1.31595524878125,1.75002649198537,,,2.71721764220122,3.48338015656782,4.8488091070654,6.33017630965403,6.65652818575022,7.33261167723295,8.83749991931403,10.4732104164086,,12.4457586130986,,,12.8592857909862,13.1924911314416,14.4374812338542,15.0000364097725
697.599999999895,1.25750641475954,1.87866004699213,,,2.85871978246341,3.37593166566757,4.86049883629191,6.36677477195927,6.71530992099574,7.36464796037385,8.89012798141163,10.5077085231787,,12.6577583870735,,,12.923217526509,13.2253123348028,14.513165322182,15.2103163578892
698.199999999895,1.28100320885022,1.87505644610294,,,2.76025482986533,3.49940906073286,4.86015137729134,6.26083677054608,6.67183956942828,7.38707534765845,8.83172557433978,10.4103705939961,,12.4467639583524,,,12.8208600784699,13.1018685100432,14.4357777141444,15.1356544569843
698.799999999894,1.30450000295531,1.87339817244749,,,2.66178987722505,3.58231067854778,4.87993092210168,6.0194424245334,6.69033183014804,7.43225093707998,8.74091972193637,10.2234469452531,,12.235769529557,,,12.679872920123,13.0089766551925,14.3368128206582,15.086905051688
699.399999999894,1.3279967970604,1.87173989879238,,,2.56332492458477,3.66521229635557,4.89971046691556,5.86836702464845,6.70660717441659,7.52912924735874,8.65011386952727,10.0365232964943,,12.0247751007616,,,12.5388857617693,12.9344866181337,14.2378479271683,15.0381556463962
699.999999999894,1.35149359116549,1.87008162513727,,,2.4648599719445,3.74811391416335,4.91949001172944,5.71729162477939,6.71703036969799,7.6251287143417,8.55930801711818,9.84959964773561,,11.8137806719662,,,12.3978986034156,12.8599965810782,14.1388830336783,14.9894062411045
700.599999999894,1.37499038527058,1.86842335148217,,,2.36639501930422,3.83101553197114,4.91939684886423,5.63969954603831,6.78531062315743,7.6623680188479,8.40600734129776,9.65937877218736,,11.6027862431707,,,12.2743492570709,12.8350805408469,14.0399181401883,14.9406568358128
701.199999999894,1.472303108325,1.81406225222795,,,2.39580057823006,3.7571002123923,4.94453869444753,5.68081965657342,6.94671468980569,7.68153802023621,8.47406258475583,9.57501876925893,,11.676830234234,,,12.3010934191563,13.1654427379628,14.0749965946923,14.9588323948724
701.799999999894,1.56961583139246,1.76097786817365,,,2.42520613717848,3.73933498629576,4.9833157295848,5.84722496341073,7.03851218675465,7.69150339060976,8.62786163255799,9.62603429454603,,11.7508742253476,,,12.4206730430065,13.475726635112,14.0727377809322,15.002658269554
702.399999999894,1.66692855445993,1.70789348411956,,,2.45461169612689,3.72156976020913,5.02209276472448,5.925097966029,7.13906423482773,7.66903598088496,8.78166068037528,9.67704981985705,,11.8249182164612,,,12.540252666873,13.7754187942052,14.0704789671654,15.0464841442401
702.999999999894,1.76424127752739,1.65480910006548,,,2.48401725507531,3.7038045341225,5.06086979986415,6.00297096863159,7.24220078285829,7.65408948824691,8.93545972819257,9.72806534516805,,11.8989622075748,,,12.6598322907396,14.0751109532964,14.0682201533986,15.0903100189262
703.599999999894,1.86155400059485,1.6017247160114,,,2.51342281402373,3.68603930803588,5.08056343084759,6.01693495465341,7.28824518049978,7.63904997550111,9.12446795264648,9.74559239082651,,11.9730061986885,,,12.751808865204,14.2753235265481,14.0659613396319,15.1341358936124
704.199999999894,1.76783034254293,1.58292803307642,,,2.65614625622017,3.97362531041991,5.06651135214585,6.01220371279871,7.26117077001295,7.65862400776726,9.09111260298906,9.71996157173443,,11.62891356366,,,12.697277892918,14.1793516040839,14.1181585316827,15.1507709809109
704.799999999894,1.67410668445712,1.56056286155691,,,2.79886969843671,4.21762495897175,5.04091053789216,5.98514756777428,7.17561091592389,7.66219758653462,9.02192961556966,9.71692645210885,,11.2848209285574,,,12.6451100057412,14.0520556860254,14.2473844449221,15.1328419429746
705.399999999893,1.58038302637131,1.53819769003678,,,2.94159314065325,4.46162460751587,5.0153097236364,6.03690608881578,7.08506779133619,7.66061412957645,8.95274662814391,9.71389133248726,,10.9407282934548,,,12.5929421185649,13.9239577215931,14.3766103581751,15.1149129050321
705.999999999893,1.48665936828551,1.51583251851664,,,3.08431658286978,4.70562425605999,4.98970890938066,6.08866460987126,6.98825989295914,7.64972242829157,8.88356364071815,9.71085621286566,,10.5966356583523,,,12.5407742313885,13.7958597571607,14.5058362714282,15.0969838670897
706.599999999893,1.3929357101997,1.4934673469965,,,3.22704002508632,4.94962390460411,4.97213351850152,6.10877111545451,6.90202786984672,7.63709643104509,8.81427414001173,9.80550832407839,,10.2525430232497,,,12.495314549691,13.6807440061318,14.6350621846813,15.0790548291473
707.199999999893,1.22505399440796,1.46309370022304,,,3.06749282398716,4.65559914508039,4.92889038774274,6.11173116475341,6.72663760044773,7.48832729433157,8.70357261107504,9.96470228852143,,10.4855086148751,,,12.3990873004984,13.3540492676502,14.4234675874089,14.8379056623638
707.799999999893,1.05717227860301,1.4300451574328,,,2.90794562283416,4.3996853152178,4.9047684544089,6.07974751331858,6.67298191007154,7.36668757834554,8.60930612938708,10.0130718846946,,10.7184742066034,,,12.2650152021913,13.0973192957825,14.198454590199,14.6284292467686
708.399999999893,0.889290562798058,1.3969966146421,,,2.74839842168116,4.143771485362,4.88064652107847,6.0411501751161,6.62555761261044,7.22879603859774,8.51503964770205,10.0614414808479,,10.9514397983316,,,12.1309431038774,12.8444290177612,13.9734415929867,14.4189528311791
708.999999999893,0.721408846993107,1.36394807185139,,,2.58885122052816,3.88785765550621,4.85652458774804,6.00255283691241,6.58689091797151,7.09676284598219,8.42077316601702,10.1098110770013,,11.1844053900598,,,11.9968710055635,12.5915387397406,13.7484285957744,14.2094764155895
709.599999999893,0.553527131188156,1.33089952906068,,,2.42930401937516,3.63194382565041,4.85286856414532,6.0549751210465,6.56144582241807,7.0004153592085,8.33738256906808,10.1223700710915,,11.417370981788,,,11.8660642840931,12.3966741430288,13.523415598562,14
710.199999999893,0.690124762213407,1.31158605177466,,,2.52473566828646,3.64069099926763,4.89162177381138,6.18849094845858,6.59585273245255,7.05712283177106,8.43936340056943,10.172059841858,,11.5399425706177,,,11.9589796243714,12.5610214221175,13.6438476467533,14.2152394216283
710.799999999893,0.826722393293119,1.29613067054252,,,2.62016731724336,3.61456353123366,4.88373152790031,6.30138446692502,6.60190776918299,7.07740384939948,8.48915337770495,10.2292254508348,,11.6625141594276,,,12.0526314366198,12.6668481512217,13.7118372016412,14.3769427450629
711.399999999893,0.963320024372831,1.28067528931108,,,2.71559896620027,3.58843606319345,4.8758412819809,6.3336995065129,6.60542603463474,7.26843557902574,8.53894335483113,10.2863910598128,,11.7850857482375,,,12.1462832488683,12.7693639460989,13.7798267565198,14.5386460684879
711.999999999892,1.09991765545254,1.26521990807963,,,2.81103061515717,3.56230859515324,4.86795103606149,6.36601454608633,6.61318752940372,7.45083168193991,8.58873333195732,10.3435566687909,,11.9076573370473,,,12.2399350611169,12.8718797409756,13.8478163113983,14.7003493919129
712.599999999892,1.23651528653225,1.24976452684819,,,2.90646226411407,3.53618112711303,4.86157471226987,6.33443587158859,6.66640524805796,7.6235233718804,8.60126124115949,10.4549716016767,,12.0302289258572,,,12.337557299272,12.9480428976879,13.9158058662769,14.8620527153379
713.199999999892,1.31657276389957,1.25947735742216,,,2.98961308476388,3.55705054528199,4.82800180826085,6.20387150846758,6.87886994605994,7.81488218937911,8.6621874331083,10.3853152096801,,11.9260415968936,,,12.3739772972096,13.0645792422686,14.0797409801623,14.882692206431
713.799999999892,1.39663024125674,1.26858629092181,,,3.07276390541149,3.59378514049041,4.85795089822904,6.09609509882951,7.0371058722786,8.03811063702496,8.82079126880792,10.4440900734023,,11.8218542678892,,,12.4296634321081,13.2320696850771,14.2719604133472,14.9925200511861
714.399999999892,1.4766877186139,1.27769522442134,,,3.15591472605909,3.63051973570167,4.88789998820864,6.05699679248629,7.18158065742305,7.97702476441894,8.97939510452509,10.5028649371477,,11.7176669388849,,,12.4853495670101,13.4020317810976,14.4641798465371,15.1023478959573
714.999999999892,1.55674519597106,1.28680415792087,,,3.23906554670669,3.66725433091293,4.91784907818825,6.01789848615545,7.30854609717408,7.92064539189084,9.13799894024226,10.561639800893,,11.6134796098805,,,12.541035701912,13.5719938771185,14.6563992797271,15.2121757407285
715.599999999892,1.63680267332823,1.29591309142041,,,3.3222163673543,3.70398892612419,4.92177245100962,6.04254369562377,7.33770754089748,7.82696271516147,9.30465502527966,10.4947473107124,,11.5092922808762,,,12.5886668057357,13.7283454638536,14.8486187129171,15.3220035854996
716.199999999892,1.53842820742652,1.35886926052523,,,3.23472866256656,3.63553255038851,4.99835505077337,6.04346217537089,7.1759384559617,7.58721214809516,9.25392761951094,10.635256903482,,11.4716208157314,,,12.4448564744958,13.6634822886859,14.6637033744893,15.3797320729314
716.799999999892,1.44005374149263,1.42263243102255,,,3.14724095774804,3.57013117255924,5.01806095803361,6.05892279630071,7.0688892201292,7.3304234408086,9.14287472584932,10.6212635331344,,11.4339493505986,,,12.3484196047372,13.5051289555326,14.4820552069387,15.3550622131576
717.399999999892,1.34167927555874,1.48639560152002,,,3.05975325292952,3.50472979473052,5.03776686528359,6.00969488279914,6.96815889397477,7.20286932667449,9.03182183217682,10.607270162759,,11.3962778854659,,,12.2519827349872,13.3455118885386,14.3004070393886,15.3303923533689
717.999999999892,1.24330480962484,1.55015877201749,,,2.972265548111,3.4393284169018,5.05747277253357,5.9604669692859,6.88496455691313,7.08715837549087,8.92076893850431,10.5932767923835,,11.3586064203331,,,12.1555458652372,13.1858948215443,14.1187588718386,15.3057224935802
718.599999999891,1.14493034369095,1.61392194251495,,,2.88477784329248,3.37392703907307,5.08641606902126,5.86542486595472,6.85248944295798,7.01484371539744,8.83452642342691,10.6112819069357,,11.3209349552004,,,12.061024797494,13.017013269205,13.9371107042885,15.2810526337915
719.199999999891,1.15465607721082,1.5739039971693,,,2.95311745212941,3.51529354791925,5.08507274318881,5.90299081262574,6.96580324990321,7.06854820435711,8.83898122777375,10.5131742372979,,11.2399344580001,,,12.0779581927375,13.0468939227546,14.0117461382248,15.1978253779473
719.799999999891,1.16438181075027,1.53109147008049,,,3.02145706099456,3.64030684805968,5.12127660719203,5.9257545594961,7.04859271949305,7.14562723600023,8.82158558845378,10.5016930868688,,11.158933960792,,,12.0165352404112,13.142316109047,14.0767210481038,15.1379812354966
720.399999999891,1.17410754428971,1.48827894299117,,,3.08979666985971,3.76532014819714,5.15748047120206,5.99154306374122,7.13855287051487,7.2370609971464,8.80418994912985,10.4902119364553,,11.0779334635838,,,11.9551122880706,13.2388067915681,14.1416959579809,15.0781370930501
720.999999999891,1.18383327782916,1.44546641590185,,,3.15813627872486,3.89033344833461,5.19368433521208,6.05733156799413,7.21941207999325,7.31087726293135,8.78679430980593,10.4787307860419,,10.9969329663757,,,11.8936893357301,13.3352974740894,14.2066708678581,15.0182929506037
721.599999999891,1.19355901136861,1.40265388881253,,,3.22647588759001,4.01534674847208,5.23091766212898,6.10364792573063,7.3413450815535,7.37800273399655,8.77424615190813,10.5534239969145,,10.9159324691676,,,11.8393871473322,13.5057413502017,14.2716457777352,14.9584488081572
722.199999999891,1.20532044169453,1.40466430855848,,,3.05226945766257,3.94463945231463,5.20472940640404,6.01472441001364,7.34574813209562,7.44577182818915,8.78888660415385,10.5632306802831,,11.1488009198062,,,11.9825966019839,13.562130586087,14.3033695091012,14.938780588532
722.799999999891,1.21708187202083,1.41180174741215,,,2.878063027691,3.88698143161974,5.12025148682484,5.94964529918565,7.38676053730312,7.50379877031678,8.80603217097214,10.4352736867996,,11.381669370502,,,12.0879001627716,13.6232263362907,14.3202999189675,14.894853309496
723.399999999891,1.22884330234712,1.41893918626676,,,2.70385659771944,3.82932341092723,5.03577356723504,5.97243572903668,7.43045060150683,7.56903479952319,8.82317773779088,10.307316693291,,11.6145378211978,,,12.1932037235523,13.6795199059138,14.337230328831,14.8509260304555
723.999999999891,1.24060473267341,1.42607662512136,,,2.52965016774788,3.77166539023471,4.95129564764523,5.99522615890369,7.48054913084662,7.64553541691231,8.84032330460962,10.1793596997823,,11.8474062718936,,,12.298507284333,13.735813475536,14.3541607386946,14.806998751415
724.599999999891,1.25236616299971,1.43321406397597,,,2.35544373777631,3.7140073695422,4.85882021035639,5.99656991396986,7.47851967527539,7.7298783232697,8.8530469384228,9.92890282805238,,12.0802747225893,,,12.401710646473,13.7079112274594,14.3710911485582,14.7630714723745
725.19999999989,1.21069734050605,1.45249511128474,,,2.4530097225032,3.68887658541524,4.80724753197898,6.11110476315534,7.56090088837863,7.76662798590238,8.90466631194222,9.91714088287015,,12.0234062590303,,,12.3459521999779,13.6340025080366,14.3351517994558,14.7607342959712
725.79999999989,1.16902851800263,1.46789547334349,,,2.55057570727972,3.65293375694805,4.81179458457741,6.14980595990119,7.47031391196472,7.75467354718909,9.01887829602448,10.0333087927307,,11.9665377954183,,,12.4032860501044,13.4788408005943,14.3105020494132,14.7575109021066
726.39999999989,1.12735969549922,1.48329583540153,,,2.64814169205625,3.61699092847888,4.81634163718608,6.08136132188516,7.36750477726002,7.75437336847921,9.13309028011817,10.1494767026147,,11.9096693318063,,,12.4606199002515,13.3212318883018,14.2858522993727,14.7542875082418
726.99999999989,1.0856908729958,1.49869619745957,,,2.74570767683277,3.58104810000971,4.82088868979476,6.01291668384952,7.25531731288821,7.7590799551775,9.24730226421186,10.2656446124987,,11.8528008681943,,,12.5179537503986,13.1636229760088,14.2612025493322,14.751064114377
727.59999999989,1.04402205049239,1.51409655951761,,,2.84327366160929,3.54510527154054,4.85847799729971,6.03153268529617,7.1627498112657,7.72897173950486,9.33257000869093,10.4419130759781,,11.7959324045823,,,12.5634866632878,13.0535456282819,14.2365527992918,14.7478407205122
728.19999999989,1.09384389021956,1.48607715072814,,,2.87729645460773,3.76241647528571,4.92641806664982,5.9310088598204,7.03914099781633,7.73850280937505,9.2723847206857,10.2823703521605,,11.6476923213414,,,12.5413938560074,13.0006294355599,14.3530994729181,14.7333783447357
728.79999999989,1.14366572996352,1.4541649850047,,,2.91131924759451,4.00334292077443,4.97310661512701,5.98289805108925,7.00486325207995,7.79295297931597,9.11245798028666,10.1907624239774,,11.4994522380837,,,12.3779675453899,13.0317091091561,14.4913668393194,14.7228005105097
729.39999999989,1.19348756970748,1.42225281928055,,,2.94534204058129,4.24426936626748,5.01979516360031,6.01229958685226,6.98129742410884,7.8085919156232,8.95253123986933,10.0991544958067,,11.3512121548259,,,12.2145412347465,13.0734688543604,14.6296342057247,14.7122226762844
729.99999999989,1.24330940945143,1.39034065355639,,,2.97936483356808,4.48519581176053,5.06648371207361,6.04170112261116,6.95327862610026,7.80510432654709,8.792604499452,10.007546567636,,11.2029720715682,,,12.0511149241031,13.1152285995667,14.76790157213,14.7016448420592
730.59999999989,1.29313124919539,1.35842848783224,,,3.01338762655486,4.72612225725358,5.05917206712284,6.01923353206886,6.88779829775848,7.79340935170959,8.63733920366843,9.95926485739905,,11.0547319883105,,,11.8993866263562,13.0992337131322,14.9061689385353,14.6910670078339
731.19999999989,1.30860556705459,1.31730512005827,,,2.94216397797828,4.49259160177046,4.99679227177929,6.13199520548515,6.76907687822674,7.70815207787595,8.52797010914222,10.1351764649674,,11.2084272689769,,,11.8551963112865,13.1092785002106,14.757997975098,14.6725718947051
731.799999999889,1.32407988490746,1.28218573358777,,,2.87094032938232,4.2166188759316,4.97850574286363,6.0953070721244,6.76059647324093,7.64428698581641,8.49686486514493,10.0939307342162,,11.3621225496989,,,11.9229172391011,13.1488855474243,14.5985279587727,14.7396995426867
732.399999999889,1.33955420276033,1.24706634711837,,,2.79971668078635,3.94064615008491,4.96021921395609,6.10389141459081,6.74344129308321,7.56363116899264,8.46575962116205,10.0526850034249,,11.5158178304208,,,11.9906381669363,13.1798806336,14.4390579424453,14.8068271906841
732.999999999889,1.35502852061319,1.21194696064898,,,2.72849303219038,3.66467342423823,4.94193268504854,6.11247575706556,6.73962847999599,7.49290188160283,8.43465437717917,10.0114392726337,,11.6695131111428,,,12.0583590947715,13.2108757197742,14.279587926118,14.8739548386814
733.599999999889,1.37050283846606,1.17682757417959,,,2.65726938359442,3.38870069839155,4.95872425789598,6.13048453084196,6.81174394450159,7.44743509131312,8.43452998500361,9.86426425520817,,11.8232083918648,,,12.1327338788373,13.3101382369618,14.1201179097906,14.9410824866788
734.199999999889,1.40289438987848,1.28635715440332,,,2.65546948082041,3.49900098330898,5.00715623233044,6.00313808297297,6.96398407344424,7.49375629101547,8.46997420982393,9.73080797399136,,11.8004764574956,,,12.1648546339019,13.3920100468184,14.0575085793322,14.9480573780584
734.799999999889,1.43528594129402,1.39660040707653,,,2.65366957805924,3.63537091306438,4.98742043607984,5.93165015151978,7.04827115726909,7.50214908940962,8.52596518548784,9.74941683777465,,11.7777445230937,,,12.1891713981684,13.397910569519,13.9886525438492,14.8975282583982
735.399999999889,1.46767749270956,1.50684365974989,,,2.65186967529807,3.77174084282461,4.96768463981664,5.84443375118401,7.13448298501449,7.53582990721133,8.58195616115555,9.76802570158608,,11.7550125886919,,,12.2134881624334,13.4098602021928,13.9197965083651,14.8469991387273
735.999999999889,1.50006904412511,1.61708691242323,,,2.65006977253689,3.90811077258483,4.94794884355343,5.75721735084534,7.21998932380978,7.57354567714306,8.63794713682326,9.78663456539753,,11.73228065429,,,12.2378049266984,13.4218098348678,13.850940472881,14.7964700190564
736.599999999889,1.53246059554065,1.72733016509658,,,2.64826986977572,4.04448070234505,4.94291286880679,5.63120172288943,7.20158918307606,7.60407195901541,8.68712678557086,9.97905076275852,,11.7095487198882,,,12.2494324931167,13.3861050949739,13.7820844373969,14.7459408993856
737.199999999889,1.29152766913673,1.58650671212824,,,2.59910792317917,3.9218148126219,4.92509825464749,5.62934923201879,7.02004259332489,7.49078605794004,8.77627264350981,10.2058636746324,,11.6721352970943,,,12.0959408027272,13.2203386483573,13.7896251347409,14.7533747000808
737.799999999889,1.05059474268206,1.43988003409699,,,2.54994597657382,3.7931652733075,4.9512373809987,5.6855132490854,6.82581161772998,7.3717684918459,8.81223357265588,10.4736127183708,,11.6347218742977,,,11.9822186286404,13.0574236194675,13.8065171915228,14.7370602141588
738.399999999888,0.809661816227388,1.29325335606466,,,2.50078402996848,3.66451573399199,4.97737650735806,5.83783911712631,6.63895952510592,7.25944009935784,8.84819450179207,10.7413617621168,,11.5973084515011,,,11.8684964545611,12.8902134802595,13.8234092483064,14.7207457282324
738.999999999888,0.568728889772714,1.14662667803233,,,2.45162208336313,3.53586619467648,5.00351563371742,5.99016498518511,6.44104912380067,7.1449675093487,8.88415543092827,11.0091108058628,,11.5598950287045,,,11.7547742804818,12.7230033410507,13.8403013050899,14.704431242306
739.599999999888,0.327795963318043,1,,,2.40246013675778,3.40721665536098,4.99280149754464,6.21379355789603,6.36138808091132,7.0669311055773,8.90224779187607,11.0617764316138,,11.522481605908,,,11.6490769814249,12.5769717381712,13.8571933618735,14.6881167563796
740.199999999888,0.488297050970682,1.09405263270695,,,2.53065159842754,3.64608906196044,5.00490991558187,6.37719818439868,6.5690700380916,7.14536963876449,8.91405353868291,11.0295246193433,,11.6085798489836,,,11.9300430418847,12.8294591566997,14.0311629345711,14.7516617369833
740.799999999888,0.648798138698166,1.19583043358415,,,2.65884306013037,3.92195471896487,5.01259238201851,6.47967906740792,6.86454480601074,7.27699443303511,8.90764637251018,10.9290381088421,,11.6946780920822,,,12.2188286496326,13.1447743010358,14.1923390435342,14.8237653431406
741.399999999888,0.809299226425647,1.2976082344628,,,2.78703452183319,4.19782037597619,5.02027484845433,6.39601265793735,7.15071835565884,7.41229049209214,8.90123920633405,10.8285515983282,,11.7807763351809,,,12.5076142573818,13.4615686521553,14.353515152495,14.8958689492995
741.999999999888,0.969800314153132,1.39938603534144,,,2.91522598353602,4.47368603298751,5.02795731489015,6.31234624843202,7.44976832440767,7.55429906201058,8.89483204015792,10.7280650878142,,11.8668745782796,,,12.7963998651311,13.7783630032751,14.5146912614558,14.9679725554583
742.599999999888,1.13030140188062,1.50116383622008,,,3.04341744523885,4.74955168999884,5.06203183778011,6.18063609021565,7.64219916004064,7.65335289631513,8.89778234038292,10.7352208332319,,11.9529728213782,,,13.0724197630621,14.0880324498412,14.6758673704166,15.0400761616172
743.199999999888,1.09821964938568,1.4681202421459,,,3.1229151871943,4.52334634512323,5.03253874809301,6.06833493234677,7.57121007787124,7.61675245851353,8.83714970954756,10.6550497418206,,11.8978004519046,,,12.9508863217192,13.8885829624585,14.5506392724538,14.897333441113
743.799999999888,1.0661378968547,1.4332725162456,,,3.20241292914063,4.24182957790991,4.96505713958237,5.95367692668594,7.39800256032805,7.5034302376659,8.81220894978338,10.5626298991858,,11.8426280824046,,,12.6748275996863,13.6252104294462,14.4332463772014,14.7435114171081
744.399999999888,1.03405614432372,1.39842479034495,,,3.28191067108697,3.96031281068624,4.89757553106461,6.07149696902027,7.23701951321152,7.38438952934412,8.78726819002589,10.4702100565487,,11.7874557129046,,,12.3987688776245,13.3737582944309,14.3158534819505,14.5896893931012
744.999999999887,1.00197439179274,1.36357706444431,,,3.3614084130333,3.67879604346257,4.83009392254685,6.18931701139817,7.06805961709165,7.24342867230114,8.7623274302684,10.3777902139116,,11.7322833434046,,,12.1227101555626,13.1223061594178,14.1984605866996,14.4358673690943
745.599999999887,0.969892639261761,1.32872933854367,,,3.44090615497964,3.3972792762389,4.74476411970917,6.38385105139527,6.9201622322177,7.12957637179681,8.72411445832702,10.3290020526043,,11.6771109739046,,,11.856454440202,12.8712287038319,14.0810676914487,14.2820453450873
746.199999999887,0.936893890312699,1.34758085804756,,,3.24337857718106,3.44935934581573,4.75865931024305,6.58475326609988,6.91529783420183,7.17044531953031,8.72431643554181,10.3872486551539,,11.604625003507,,,11.9150872024836,12.9403954925117,13.9836269396427,14.3227689412312
746.799999999887,0.903895141363463,1.35936092878409,,,3.04585099933041,3.49532217560679,4.82585376257931,6.65030817788494,6.82774148105303,7.23208879221801,8.71850438293817,10.4831593510188,,11.5321390331062,,,11.9925354114838,12.9981583140829,13.8773247189978,14.3506985359305
747.399999999887,0.87089639241423,1.37114099951928,,,2.84832342147976,3.54128500539669,4.89304821492559,6.48008166403356,6.72119668261312,7.29966336389615,8.71269233033339,10.5790700468908,,11.4596530627053,,,12.0699836204875,13.0342278795884,13.7710224983512,14.3786281306274
747.999999999887,0.837897643464994,1.38292107025448,,,2.65079584362911,3.5872478351866,4.96024266727188,6.30985515013782,6.6193319264921,7.39025579223377,8.70688027772862,10.6749807427628,,11.3871670923045,,,12.1474318294913,13.0702974450897,13.6647202777046,14.4065577253243
748.599999999887,0.804898894515761,1.39470114098968,,,2.45326826577847,3.6332106649765,5.05570782101842,6.0750978672954,6.57570344045733,7.46999308309891,8.72289212530226,10.702896273532,,11.3146811219037,,,12.2233281947698,13.1060475474632,13.558418057058,14.4344873200212
749.199999999887,0.86225066856061,1.42177948429821,,,2.6336439057152,3.68486813398269,5.11694400800706,5.75705916865543,6.52014263476139,7.47300463872491,8.78481269405891,10.810147464206,,11.4066033518096,,,12.1942339710145,13.1269043116969,13.7450778113561,14.543379579423
749.799999999887,0.919602442622511,1.45029896497942,,,2.81401954572325,3.80959108726319,5.15692997644156,5.69054955376769,6.63657631183558,7.54142701817114,8.84292171417016,10.8331310839995,,11.4985255817466,,,12.2717398695171,13.2210824058915,13.9206676370787,14.7057060938427
750.399999999887,0.976954216684409,1.47881844566091,,,2.9943951857313,3.93431404055749,5.19691594487204,5.7824503518553,6.75973192506428,7.58233976361912,8.9010307342807,10.8561147037772,,11.5904478116835,,,12.3492457680398,13.331048639426,14.0962574627992,14.8680326082724
750.999999999887,1.03430599074631,1.50733792634239,,,3.17477082573934,4.05903699385178,5.23690191330253,5.87435114997283,6.87513388922915,7.60954799922587,8.95913975439124,10.8790983235548,,11.6823700416205,,,12.4267516665625,13.4410148729635,14.2718472885197,15.0303591227022
751.599999999886,1.09165776480821,1.53585740702388,,,3.35514646574739,4.18375994714608,5.22338524416903,5.96889002976816,6.94006116696109,7.62409917448746,8.97761968904129,10.869854662325,,11.7742922715574,,,12.5051717517043,13.5428383498245,14.4474371142402,15.192685637132
752.199999999886,1.00847870075988,1.43878022010482,,,3.25569661786965,4.11270147776545,5.18961826834426,6.13478443328456,6.86485972987278,7.54529452596223,8.96063868925278,10.5004043707558,,11.6856525118713,,,12.4093429761504,13.4824664964796,14.2261764194375,14.9839592607864
752.799999999886,0.925299636684919,1.34985999553908,,,3.15624676993889,4.01495345671743,5.15588723968554,6.13518963030842,6.75541350141733,7.42104693128724,8.91783832402828,10.2022346574663,,11.597012752151,,,12.2864611004904,13.3787296717554,14.0608517584598,14.7948258220779
753.399999999886,0.84212057260996,1.26093977097489,,,3.05679692200813,3.91720543566435,5.12215621102683,6.09402439981456,6.66322987875901,7.34382714500866,8.8750379587989,9.9040649441904,,11.5083729924306,,,12.1635792248253,13.2636282129851,13.8955270974928,14.605692383373
753.999999999886,0.758941508535002,1.1720195464107,,,2.95734707407737,3.81945741461126,5.08842518236812,6.05285916931282,6.58522095804167,7.27050292325128,8.83223759356951,9.60589523091447,,11.4197332327103,,,12.0406973491602,13.1485267542127,13.7302024365257,14.4165589446681
754.599999999886,0.675762444460043,1.0830993218465,,,2.85789722614661,3.72170939355818,5.09816528959006,5.97027785730778,6.55241033340234,7.18496920413938,8.8330934673037,9.38648218287968,,11.3310934729899,,,11.9261042333453,13.0741313658987,13.5648777755587,14.2274255059633
755.199999999886,0.649322049627858,1.14847792470203,,,2.83716833641062,3.67284986259391,5.0925111703667,5.87987063825913,6.68688625289121,7.18114056790457,8.82067316200088,9.4339991927819,,11.4065514846544,,,11.9001256066969,12.9846559691252,13.655979564791,14.4641613538158
755.799999999886,0.62288165480647,1.20611200691974,,,2.81643944668962,3.54063476096414,5.12293270041769,5.85432282648451,6.82338116222589,7.15395345116005,8.86500434816249,9.41372043878299,,11.48200949635,,,11.8036714155997,12.9031702146861,13.7332009935023,14.6411006157786
756.399999999886,0.596441259985076,1.26374608913597,,,2.79571055696862,3.40841965931851,5.15335423047555,5.72906356899018,6.94262237085494,7.08853935647679,8.90933553433489,9.39344168477118,,11.5574675080457,,,11.7072172244891,12.8309634273459,13.810422422211,14.81803987773
756.999999999886,0.570000865163685,1.32138017135221,,,2.77498166724761,3.27620455767288,5.18377576053341,5.60380431147686,7.04816544325334,7.02213342672487,8.9536667205073,9.37316293075937,,11.6329255197413,,,11.6107630333785,12.7587566400074,13.8876438509197,14.9949791396814
757.599999999886,0.543560470342294,1.37901425356845,,,2.75425277752661,3.14398945602724,5.22923635297182,5.5450456321556,7.12359381414616,7,8.99785471225495,9.39894020217131,,11.708383531437,,,11.4992025412535,12.6768990228082,13.9648652796283,15.1719184016328
758.199999999885,0.580016712532762,1.35042647221452,,,2.73218566505699,3.26170423215633,5.33934108681673,5.47227776286167,7.14205809221648,7.03338295733979,9.04328755312384,9.40405464062797,,11.6381425970719,,,11.5379995813946,12.8366556298663,13.9782777941689,15.1748068722221
758.799999999885,0.616472954735245,1.32696256421947,,,2.7101185525871,3.47378652084061,5.31687846866453,5.4228250237215,7.02167568804862,7.08898893054763,9.07558684490334,9.54979140410411,,11.567901662679,,,11.6402285033162,12.9493794861245,13.9181328727205,15.1947392584865
759.399999999885,0.652929196937725,1.30349865622539,,,2.68805144011722,3.68586880954291,5.29441585048701,5.55987614832031,6.90384216297171,7.14680677517485,9.10788613668032,9.69552816760712,,11.497660728286,,,11.7424574252499,13.0566145778937,13.857987951258,15.2146716447541
759.999999999885,0.689385439140207,1.28003474823131,,,2.66598432764734,3.89795109824521,5.27195323230948,5.69692727295477,6.79417350758732,7.20755928947965,9.1401854284573,9.84126493111013,,11.4274197938931,,,11.8446863471836,13.1638496696618,13.7978430297955,15.2346040310217
760.599999999885,0.725841681342687,1.25657084023724,,,2.64391721517746,4.11003338694751,5.20285248604006,5.9268594617274,6.67766717610441,7.22695109488399,9.12426588293854,9.84147258781657,,11.3571788595002,,,11.9563215777492,13.1911931760978,13.7376981083329,15.2545364172894
761.199999999885,0.875481981430338,1.36359231587642,,,2.72924275589621,4.10287531981566,5.07918924200124,6.25204867909691,6.6243452740344,7.21356498747654,9.1235494538706,10.0650382863009,,11.413815765068,,,12.0272849675764,13.1095035742314,13.7684773853251,15.2332773817623
761.799999999885,1.02512228153969,1.4723766051238,,,2.81456829663556,4.07862993038794,5.10341505768694,6.46812390724971,6.68347220200244,7.20105085760717,9.11912243969251,10.2146195733543,,11.4704526706601,,,12.1543958271261,13.1205800135917,13.8518219859234,15.2006912214349
762.399999999885,1.17476258164904,1.58116089437153,,,2.8998938373749,4.05438454095694,5.12764087340099,6.50382483055572,6.74894127666467,7.23651074491637,9.1146954255137,10.3642008603936,,11.5270895762522,,,12.2815066866866,13.1346008797679,13.9351665865319,15.1681050611054
762.999999999885,1.3244028817584,1.68994518361925,,,2.98521937811425,4.03013915152594,5.15186668911505,6.53952575382713,6.80665716353955,7.27265541571378,9.11026841133489,10.5137821474329,,11.5837264818443,,,12.4086175462471,13.1486217459446,14.0185111871404,15.1355189007759
763.599999999885,1.47404318186775,1.79872947286697,,,3.07054491885359,4.00589376209494,5.20690851173088,6.40201577124554,6.85813957067083,7.33583139847497,9.17005224512995,10.6956801769046,,11.6403633874364,,,12.5144940426306,13.2592387301017,14.1018557877489,15.1029327404464
764.199999999885,1.41758704272975,1.79735065208302,,,2.97467616337135,4.06929451427268,5.26685948268801,6.15928777380247,6.81868215172092,7.41285660480824,9.23609855224997,10.6896326972141,,11.5377418893683,,,12.5628378651146,13.3782193017135,14.233225174106,15.0794366528213
764.799999999884,1.36113090355207,1.78639129389202,,,2.87880740785423,4.13377129368927,5.29228840477656,6.0443422652466,6.86427702218547,7.50344446476846,9.2633093612578,10.6092958931058,,11.4351203912695,,,12.5574418045061,13.4502435569173,14.3603411920131,15.0789659925156
765.399999999884,1.30467476437439,1.77543193569917,,,2.7829386523371,4.19824807310607,5.31771732685847,6.02443810033361,6.90780185822595,7.54580576142593,9.29052017025816,10.5289590889831,,11.3324988931708,,,12.5520457438873,13.5186781598615,14.4874572099193,15.0784953322144
765.999999999884,1.24821862519671,1.76447257750633,,,2.68706989681998,4.26272485252287,5.34314624894037,6.00453393543893,6.95901306638576,7.5894889258689,9.3177309792585,10.4486222848605,,11.229877395072,,,12.5466496832684,13.587112762805,14.6145732278255,15.0780246719132
766.599999999884,1.19176248601903,1.75351321931348,,,2.59120114130286,4.32720163193967,5.35961876553134,6.11842550809445,7.03032131356335,7.64412179288166,9.31609782532788,10.4775507403343,,11.1272558969732,,,12.5629163967823,13.5901282673004,14.7416892457317,15.0775540116119
767.199999999884,1.28596382883979,1.89131238331759,,,2.86717398071297,4.35861162518204,5.41923527619758,6.24999749444963,7.18263171058801,7.68197211722428,9.20959467644286,10.2999460788747,,11.1809927848269,,,12.4799195467188,13.4885887705076,14.6763379685704,15.0202105725534
767.799999999884,1.38016517168966,2.03922211909358,,,3.14314682019495,4.38369717138399,5.44918357555915,6.34967017893618,7.23745522543654,7.70847330924168,9.14840821946058,10.2411695812238,,11.2347296727107,,,12.3912568643612,13.4283774638927,14.6200272930378,14.9320798422491
768.399999999884,1.47436651453953,2.18713185487153,,,3.41911965967693,4.40878271758472,5.47913187491498,6.54241804898726,7.27872678393645,7.74048722703741,9.08722176248706,10.1823930835959,,11.2884665605946,,,12.3025941820026,13.3701918269722,14.563716617507,14.8439491119389
768.999999999884,1.56856785738941,2.33504159064947,,,3.69509249915891,4.43386826378545,5.50908017427081,6.73516591905634,7.32069913471933,7.76685695854397,9.02603530551355,10.123616585968,,11.3422034484785,,,12.213931499644,13.3120061900521,14.5074059419762,14.7558183816287
769.599999999884,1.66276920023928,2.48295132642742,,,3.97106533864089,4.45895380998618,5.53626702107303,6.78175391195638,7.31112312648002,7.74889588547264,8.96784709709833,9.95588332464808,,11.3959403363623,,,12.1193905233516,13.3142951280409,14.4510952664453,14.6676876513184
770.199999999884,1.45255311482157,2.35279442246474,,,3.72329581867227,4.39220773620275,5.48135346471513,6.82335482156643,7.20322701516924,7.69293808087425,8.93831273380918,9.97330380780307,,11.3404747788641,,,12.0955436109464,13.3367385025657,14.3445146168962,14.6477723781299
770.799999999884,1.24233702934479,2.21910580517238,,,3.47552629860202,4.29350806514063,5.42255292685049,6.73892554567558,7.02971276987024,7.63799750947671,8.86360888381015,9.78731509335538,,11.2850092213447,,,12.0412671493565,13.2580847224644,14.2302364586499,14.6317513428569
771.399999999883,1.03212094386802,2.08541718787934,,,3.22775677853178,4.19480839407232,5.36375238898509,6.46513788506345,6.87165960199538,7.58088027116099,8.78890503380237,9.60132637886822,,11.2295436638253,,,11.9869906877608,13.188948295585,14.1159583004021,14.6157303075846
771.999999999883,0.821904858391238,1.9517285705863,,,2.97998725846153,4.09610872300401,5.30495185111969,6.19135022441455,6.71551843382066,7.52580193495271,8.71420118379458,9.41533766438107,,11.1740781063059,,,11.932714226165,13.1198118687076,14.0016801421543,14.5997092723123
772.599999999883,0.611688772914462,1.81803995329326,,,2.73221773839129,3.9974090519357,5.22782986294895,6.08435185835931,6.663647357045,7.50948993200902,8.60733613926392,9.3021727092413,,11.1186125487866,,,11.8926465769116,13.0121132970058,13.8874019839065,14.58368823704
773.199999999883,0.763187770814092,1.82081521234538,,,2.97026848887243,4.0441204433191,5.22494272724847,5.92781770158772,6.71695701884097,7.53598822855597,8.677581557049,9.22628958125301,,11.439232031319,,,12.1079721271704,13.2468517614357,14.0396994474889,14.8163143238765
773.799999999883,0.914686768784176,1.81998304483075,,,3.20831923944819,4.13736573603651,5.26592093381025,5.97954556988193,6.93615447789061,7.60666742540752,8.81427703182854,9.46760127906023,,11.7598515139246,,,12.3947711095135,13.5810090761194,14.1966678328449,15.1384374061782
774.399999999883,1.06618576675426,1.81915087731542,,,3.44636999002396,4.23061102876298,5.30689914038059,6.2350369093197,7.15071438935482,7.67770105993272,8.95097250662101,9.70891297692921,,12.0804709965303,,,12.6815700918706,13.9078290756105,14.3536362182018,15.4605604884973
774.999999999883,1.21768476472434,1.81831870980008,,,3.68442074059972,4.32385632148945,5.34787734695092,6.49052824879716,7.3556609232368,7.7479324172295,9.08766798141349,9.95022467479821,,12.4010904791359,,,12.9683690742277,14.2346490751001,14.5106046035587,15.7826835708164
775.599999999883,1.36918376269443,1.81748654228475,,,3.92247149117549,4.41710161421592,5.4178206043197,6.62195382471117,7.46456845727782,7.79479315821414,9.27503248750383,10.1382764133285,,12.7217099617416,,,13.2419988191384,14.5578628545586,14.6675729889156,16.1048066531355
776.199999999883,1.40615346984633,1.97819099013422,,,3.75517982445488,4.48231148315329,5.44468888401587,6.8843169577598,7.49837284313665,7.81111483726661,9.29576448044731,10.1886554573383,,12.3686300126183,,,13.0098811657815,14.4279851774052,14.4784539328809,15.8434308279322
776.799999999883,1.44312317697584,2.13946376294472,,,3.58788815765501,4.50779540606082,5.44097854621646,7.08926169556943,7.45027761926698,7.75996261165754,9.27016064907774,10.0531126753437,,12.0155500633632,,,12.7347859118876,14.2682823288766,14.2951514352411,15.5142389980691
777.399999999883,1.48009288410535,2.30073653575532,,,3.42059649085514,4.53327932896059,5.43726820841107,7.11988536202017,7.39868050339237,7.73346500793858,9.24455681769911,9.91756989331283,,11.6624701141082,,,12.4596906579853,14.1036262602108,14.1118489376025,15.1850471681927
777.999999999882,1.51706259123485,2.46200930856593,,,3.25330482405527,4.55876325186035,5.43355787060569,7.15050902843681,7.34805001669932,7.70856013672813,9.21895298632047,9.7820271112819,,11.3093901648532,,,12.184595404083,13.938970191544,13.9285464399639,14.8558553383162
778.599999999882,1.55403229836436,2.62328208137654,,,3.0860131572554,4.58424717476012,5.43085715624621,7.0996345613563,7.35949303958877,7.71116173107961,9.15887778245845,9.68559937329498,,10.9563102155981,,,11.9124305982988,13.8003095867282,13.7452439423253,14.5266635084398
779.199999999882,1.46328221065876,2.4074744403188,,,2.90019324022026,4.39751597178614,5.39568670936152,7.0761043048662,7.29701865148941,7.65662932338189,9.06746486820753,9.77116319279659,,11.0764812494159,,,11.9260610339587,13.6519896380314,13.6793704403163,14.5952235389401
779.799999999882,1.37253212292809,2.19173461839512,,,2.71437332318147,4.21557874324973,5.33620851721202,6.910635308174,7.14537463110547,7.59047843506731,8.99969743875683,9.86938937165854,,11.1966522833265,,,11.9407673506736,13.4710576338144,13.5646964704022,14.6279897628396
780.399999999882,1.28178203519742,1.97599479647145,,,2.52855340614269,4.03364151471425,5.27673032505774,6.80290459944199,7.00415689454482,7.51963333209967,8.93193000931078,9.96761555052299,,11.3168233172371,,,11.9554736673887,13.2901917978865,13.4500225004785,14.660755986732
780.999999999882,1.19103194746675,1.76025497454778,,,2.34273348910391,3.85170428617877,5.21725213290347,6.6951738907213,6.86159553920541,7.45056313066,8.86416257986472,10.0658417293874,,11.4369943511478,,,11.9701799841038,13.1093259619587,13.3353485305549,14.6935222106245
781.599999999882,1.10028185973608,1.54451515262411,,,2.15691357206512,3.6697670576433,5.11228100952135,6.71590546574653,6.69804275075367,7.37382761796466,8.8067787176703,10.1487733867743,,11.5571653850584,,,11.9795633702958,12.9374565080263,13.2206745606312,14.7262884345169
782.199999999882,1.07147462475348,1.5897852100785,,,2.34212376152088,3.70594913809538,5.04903527378695,6.5661068999569,6.63433886620239,7.39279917785071,8.85501738845072,10.2741258646474,,11.5963253941074,,,11.9910558168072,13.0178686725229,13.2364402727024,14.6688746417232
782.799999999882,1.04266738978308,1.64441678844483,,,2.52733395104975,3.77587198835011,5.00230943460537,6.50857806901076,6.73279098619679,7.46620461264605,8.85089447600843,10.4021837652942,,11.6354854031405,,,11.9969371695042,13.1567893716372,13.318057862605,14.6579881495184
783.399999999882,1.01386015481269,1.699048366813,,,2.71254414057862,3.84579483861148,4.95558359542704,6.38365083840626,6.82408351134619,7.51138471524039,8.84677156355582,10.5302416659416,,11.6746454121735,,,12.0028185222002,13.3044712686106,13.3996754525206,14.6471016573228
783.999999999882,0.985052919842292,1.75367994518117,,,2.89775433010748,3.91571768887286,4.90885775624871,6.25872360778848,6.91651768648477,7.5556093515145,8.84264865110322,10.6582995665889,,11.7138054212066,,,12.0086998748962,13.4521531655858,13.4812930424362,14.6362151651271
784.599999999881,0.956245684871894,1.80831152354935,,,3.08296451963635,3.98564053913423,4.9451116495059,6.12085253710112,7.01339454471468,7.5982007859062,8.84823067183972,10.814710136829,,11.7529654302396,,,12.0215984397045,13.5171365238268,13.5629106323518,14.6253286729315
785.199999999881,0.943681331564343,1.73651952360549,,,2.91299852786616,3.90471628165299,4.99142140861642,6.07803370067749,7.05956908468196,7.60106157263317,8.84782707453614,10.9052043071289,,11.8552077013663,,,11.9804546831485,13.529348734291,13.6225868679389,14.7360425918183
785.799999999881,0.931116978260004,1.65381772564738,,,2.74303253602571,3.76963294828085,5.05034529571662,6.03722658451559,7.00052029780375,7.55177063224621,8.9293776574392,10.9820108206547,,11.9574499725055,,,11.9910509111058,13.4329055339566,13.662969388179,14.8365793878601
786.399999999881,0.918552624955663,1.5711159276871,,,2.57306654418526,3.63454961489799,5.10926918281931,6.12624764446303,6.93896670769818,7.50992926436194,9.01092824035847,11.0588173341778,,12.0596922436446,,,12.0016471390732,13.329114735092,13.7033519084153,14.9371161838999
786.999999999881,0.905988271651325,1.48841412972683,,,2.40310055234481,3.49946628151514,5.168193069922,6.21526870443619,6.87803928574522,7.46026510024362,9.09247882327774,11.1356238477009,,12.1619345147838,,,12.0122433670407,13.225323936226,13.7437344286515,15.0376529799397
787.599999999881,0.893423918346984,1.40571233176656,,,2.23313456050436,3.36438294813228,5.14296841351439,6.28837229592521,6.76579791081326,7.35466590111961,9.17067428400447,11.1306899921116,,12.2641767859229,,,12.0074817587072,13.2061787410406,13.7841169488878,15.1381897759795
788.199999999881,0.838743170399957,1.48479510214482,,,2.34514841228056,3.46755655313271,5.10618161222645,6.35702420433543,6.74031165849891,7.28704732791396,9.2051602763989,10.867752066446,,12.0203670775306,,,12.0773737764909,13.2294759889367,13.8882672333177,15.2027880663184
788.799999999881,0.784062422444568,1.56642707925096,,,2.45716226411275,3.6248057539747,5.08202064312726,6.42546924325674,6.64847618761152,7.22708923899038,9.15333270704065,10.5525385358473,,11.7765573690697,,,12.0422208594311,13.3116421267825,13.9528480253503,15.17316552294
789.399999999881,0.729381674489179,1.6480590563576,,,2.56917611594494,3.78205495482742,5.05785967403058,6.35694225991035,6.55742975154672,7.19146857950602,9.10150513766526,10.2373250052383,,11.5327476606087,,,12.0070679423505,13.3908133406251,14.0174288173751,15.143542979543
789.999999999881,0.674700926533787,1.72969103346424,,,2.68118996777713,3.93930415568015,5.0336987049339,6.28841527653676,6.47505026531567,7.1712155372915,9.04967756828987,9.92211147462929,,11.2889379521477,,,11.9719150252699,13.4699845544671,14.0820096093999,15.1139204361459
790.599999999881,0.620020178578398,1.81132301057088,,,2.79320381960932,4.09655335653288,5.0993725398686,6.41083454159857,6.50676144872833,7.22211454483411,8.98817566239363,9.65850357681631,,11.0451282436867,,,11.9730636845046,13.5540612419807,14.1465904014247,15.0842978927488
791.19999999988,0.806796264230761,1.71907180512571,,,2.81196427772564,4.06819202022336,5.18558246950903,6.52291631391829,6.49101972469646,7.29806357354206,9.01357611843463,9.74012330206909,,11.2462503709294,,,12.0977273281232,13.6283959343656,14.0962459346468,14.8458808191428
791.79999999988,0.993572349931258,1.62376128698611,,,2.83072473582337,4.00306902721021,5.24158479553375,6.63981232203156,6.61376106076532,7.41429388314898,9.09198258354935,9.92392754639527,,11.4473724982609,,,12.3614424024229,13.742058959432,14.0819279648153,14.7522454039276
792.39999999988,1.18034843563176,1.5284507688459,,,2.8494851939211,3.93794603418973,5.29758712155244,6.87546919875289,6.74398372262526,7.49446375071371,9.17038904867465,10.1077317907418,,11.6484946255923,,,12.6251574767503,13.8587827289785,14.067609994991,14.6586099887413
792.99999999988,1.36712452133225,1.43314025070569,,,2.86824565201883,3.87282304116924,5.35358944757115,7.11112607549794,6.87261533226059,7.55880343348191,9.24879551379994,10.2915360350883,,11.8496167529238,,,12.8888725510777,13.9755064985255,14.0532920251667,14.564974573555
793.59999999988,1.55390060703275,1.33782973256548,,,2.88700611011656,3.80770004814876,5.31139560906107,7.06395573431483,6.92813283166545,7.63137175984882,9.333614870709,10.5370823001962,,12.0507388802552,,,13.1173266326815,14.0777289325416,14.0389740553424,14.4713391583687
794.19999999988,1.33554909832408,1.40378955929713,,,2.87900083414885,3.82022524344914,5.23686538585696,6.92614961589903,7.00882311039615,7.61134384549772,9.26215382431699,10.3862911006104,,11.9838374177575,,,13.0291083000589,14.178997372252,14.0651674684844,14.663772522461
794.79999999988,1.11719758953435,1.47626198867545,,,2.87099555817578,3.8981973121301,5.20429166360698,6.83540391535824,6.98179849518479,7.55422363402109,9.17851628729469,10.3165150321861,,11.9169359552062,,,12.8245155869271,14.2913251997626,14.0921866151874,14.7429588535197
795.39999999988,0.898846080744615,1.54873441805507,,,2.86299028220271,3.97616938082415,5.17171794136539,6.7096007628981,6.94214160125299,7.50855529123894,9.09487875026996,10.246738963778,,11.8500344926549,,,12.6199228737721,14.4113172679157,14.1192057618905,14.8221451845558
795.99999999988,0.680494571954882,1.62120684743469,,,2.85498500622964,4.05414144951821,5.13914421912381,6.58379761043094,6.89363488524324,7.47305907448614,9.01124121324523,10.17696289537,,11.7831330301036,,,12.415330160617,14.5313093360703,14.1462249085936,14.9013315155919
796.59999999988,0.462143063165152,1.69367927681431,,,2.84697973025658,4.13211351821226,5.16035630074426,6.56782778329368,6.80703008221319,7.36389150228643,8.90449378793045,10.0157552905007,,11.7162315675523,,,12.2042501673162,14.5514762339206,14.1732440552967,14.980517846628
797.19999999988,0.579056056028558,1.73976578430652,,,2.97187929440536,4.2418766403547,5.21582126092664,6.69544736550456,6.69491067830888,7.27171378621742,8.97544681355899,10.2352827229074,,11.7520972818304,,,12.13614723487,14.3079066417018,14.1361270403296,14.8643375982697
797.799999999879,0.695969048959303,1.78331839492212,,,3.09677885858084,4.29123092742716,5.16858511525635,6.72904595495083,6.68252381701452,7.22455121147023,9.02479264146137,10.2747286183922,,11.7879629961292,,,12.166048035375,14.015532730036,14.0909065770315,14.8870796119671
798.399999999879,0.812882041890049,1.82687100553721,,,3.22167842275633,4.34058521448748,5.12134896956543,6.79217861663584,6.67822239018802,7.18901811515113,9.07413846935943,10.3141745138408,,11.8238287104279,,,12.1959488358996,13.7140196085746,14.0456861137318,14.9098216256925
798.999999999879,0.929795034820793,1.8704236161523,,,3.34657798693181,4.3899395015478,5.07411282387451,6.85531127832681,6.67706539719439,7.154390546845,9.12348429725747,10.3536204092894,,11.8596944247267,,,12.2258496364243,13.4125064871114,14.000465650432,14.9325636394179
799.599999999879,1.04670802775154,1.9139762267674,,,3.4714775511073,4.43929378860813,5.00093428668025,6.89969856651095,6.71225295575966,7.16889291532468,9.21054736290591,10.4149308819471,,11.8955601390255,,,12.273401214227,13.1964928349884,13.9552451871323,14.9553056531432
800.199999999879,1.03888388479558,1.85396669859249,,,3.26614158429193,4.43816627605476,4.91835206728729,6.86612270517766,6.76364622887684,7.28154394618427,9.10772131056646,10.4186578427586,,11.8700033226262,,,12.3349494975561,13.2072102032882,13.9538883480687,15.0647574839993
800.799999999879,1.03105974181448,1.7978449033853,,,3.06080561740998,4.44487515729464,4.96021383913725,6.8872598386064,6.79772873354018,7.39263062638776,9.0695372852193,10.5173059766916,,11.8444465062145,,,12.3358134920708,13.2094777252133,13.9481378263031,15.0883612284345
801.399999999879,1.02323559883338,1.74172310817889,,,2.85546965052803,4.45158403853611,5.0020756110123,6.84992062701715,6.82833236748105,7.51008464132588,9.03135325988517,10.6159541106438,,11.8188896898029,,,12.3366774865733,13.2163948101746,13.9423873045366,15.1119649728524
801.999999999879,1.01541145585228,1.68560131297249,,,2.65013368364608,4.45829291977757,5.04393738288735,6.8125814154161,6.85980661691942,7.6230145996948,8.99316923455104,10.714602244596,,11.7933328733912,,,12.3375414810757,13.2233118951369,13.9366367827702,15.1355687172704
802.599999999879,1.00758731287118,1.62947951776608,,,2.44479771676414,4.46500180101904,5.11621919760641,6.78004904957911,6.90253871857655,7.76682260917111,8.9410058143127,10.8014202530345,,11.7677760569796,,,12.3513529905296,13.2508967927479,13.9308862610037,15.1591724616883
803.199999999879,0.929155970898466,1.6537019042976,,,2.56961481883148,4.460954952201,5.11669115685037,6.78703413935333,6.86230455619642,7.81030514224633,9.0463611522172,10.6032149315566,,11.7610930949554,,,12.2998887599297,13.2038610344507,13.7730447265201,15.1909555379284
803.799999999879,0.850724628911466,1.67305587154413,,,2.69443192096564,4.46632248355241,5.04558716591747,6.71627940251339,6.88943166645049,7.83677826220294,9.0646323774977,10.3028677304328,,11.7544101329351,,,12.2388962979956,13.2281301698167,13.6660844793495,15.1995905152892
804.399999999878,0.772293286924468,1.69240983878968,,,2.8192490230998,4.47169001490572,4.9744831749701,6.71936099095129,6.92484389960806,7.84770179201275,9.08290360276057,10.0025205292885,,11.7477271709147,,,12.1779038360595,13.2524125050141,13.5591242321893,15.2082254926452
804.999999999878,0.69386194493747,1.71176380603523,,,2.94406612523395,4.47705754625903,4.90337918402272,6.72244257940414,6.95839968996029,7.85852816114017,9.10117482802345,9.70217332814407,,11.7410442088944,,,12.1169113741235,13.2766948402115,13.452163985029,15.2168604700013
805.599999999878,0.61543060295047,1.73111777328078,,,3.06888322736811,4.48242507761234,4.83419385078194,6.58456209694945,7.01560258136749,7.79898494975226,9.09779382488003,9.42481217013519,,11.7343612468741,,,12.0328006408849,13.2642767870959,13.3452037378688,15.2254954473573
806.199999999878,0.592280546774318,1.73124601498854,,,2.9778553568869,4.34594025511198,4.85610649686442,6.41676161946839,7.13602063319317,7.70141397396246,8.92855545945089,9.40612980074944,,11.5593678547457,,,12.0030799143257,13.2544581497227,13.5008948280899,15.1630417287886
806.799999999878,0.569130490609392,1.73511366220556,,,2.88682748636185,4.20767943469284,4.94492725437757,6.37515595534066,7.12068106183935,7.58460866725164,8.84354053429673,9.49821012771315,,11.3843744625832,,,11.9261557609583,13.150694305633,13.6052296679305,15.1549006987058
807.399999999878,0.545980434444471,1.73898130942334,,,2.79579961583679,4.06941861427334,5.0337480119043,6.16540516585954,7.11065610001969,7.49611997544919,8.75852560915969,9.59029045469937,,11.2093810704207,,,11.8492316075812,13.0472238311484,13.7095645077607,15.1467596686341
807.999999999878,0.522830378279545,1.74284895664113,,,2.70477174531174,3.93115779385384,5.12256876943104,5.95565437634423,7.11321608159795,7.40747858730964,8.67351068402264,9.68237078168559,,11.0343876782582,,,11.7723074542042,12.9437533566638,13.8138993475909,15.1386186385623
808.599999999878,0.499680322114622,1.74671660385891,,,2.61374387478669,3.79289697343434,5.19876832787627,6.03911079510787,7.09106767183069,7.34288607408574,8.62818127428337,9.76034021226234,,10.8593942860957,,,11.6950064373414,12.8952312728948,13.918234187421,15.1304776084906
809.199999999878,0.497539379539362,1.84364145193802,,,2.83961868667796,3.84980548423582,5.29020931119875,6.14751522840603,7.10548816931194,7.44896380545178,8.7743307394568,9.9243592897715,,11.0451687453641,,,11.7880524016658,12.9602849173136,13.8961306874918,15.1700351486544
809.799999999878,0.495398436968387,1.93281763346765,,,3.06549349863384,3.90447202740131,5.33636308171721,6.22583058234322,7.12917852700778,7.56268243817743,8.86639088444247,10.1055634135413,,11.230943204706,,,11.9722827494002,13.0657774508683,13.8286382039802,15.1771171722237
810.399999999878,0.493257494397413,2.0219938149957,,,3.29136831058973,3.95913857056635,5.38251685222644,6.49725456578972,7.14012753650353,7.63614354253684,8.95845102941709,10.2867675373145,,11.416717664048,,,12.1565130971532,13.1666508204913,13.7611457204593,15.1841991957864
810.999999999877,0.491116551826436,2.11116999652375,,,3.51724312254561,4.01380511373138,5.42867062273567,6.76867854927561,7.14317352226526,7.71102005569983,9.05051117439173,10.4679716610878,,11.6024921233899,,,12.3407434449062,13.2675241901133,13.6936532369384,15.1912812193491
811.599999999877,0.488975609255461,2.20034617805179,,,3.74311793450149,4.06847165689641,5.47909117339528,6.83986735454559,7.1090700522261,7.79834864574349,9.09997928223383,10.6917493960797,,11.7882665827318,,,12.5489557896346,13.3564381560246,13.6261607534175,15.1983632429118
812.199999999877,0.569338064020185,2.1769584406922,,,3.60942614461847,3.98736512171462,5.51157094984941,6.90035860137018,7.03565541763885,7.72751777064895,9.01646788853521,10.8005077508901,,11.6764564308769,,,12.469694041928,13.3743270145299,13.5422797846581,15.1491579594005
812.799999999877,0.649700518801793,2.16011370821369,,,3.47573435466187,3.93918543654104,5.55324650018339,6.8984866721544,6.9359012466846,7.63106648765572,8.95967509595077,10.7895255458845,,11.5646462789612,,,12.2473381928586,13.357860507777,13.5333183001102,15.0982244847427
813.399999999877,0.730062973583399,2.14326897573652,,,3.34204256470526,3.8910057513742,5.59492205051926,6.80034398342726,6.82868745162919,7.5453006275029,8.9028823033718,10.7785433408543,,11.4528361270454,,,12.0249823437598,13.3450880523132,13.5243568155775,15.0472910100846
813.999999999877,0.810425428365008,2.12642424325935,,,3.20835077474865,3.84282606620735,5.63659760085512,6.70220129468038,6.70866713160098,7.45738782631209,8.84608951079282,10.7675611358242,,11.3410259751296,,,11.802626494661,13.3323155968502,13.5153953310449,14.9963575354265
814.599999999877,0.890787883146612,2.10957951078218,,,3.07465898479205,3.79464638104051,5.66515686318175,6.63732459415815,6.64065202743267,7.36669225344387,8.81533879636736,10.6799173736669,,11.2292158232138,,,11.5693354770319,13.259153293788,13.5064338465122,14.9454240607683
815.199999999877,0.832138377502735,2.05814005018484,,,3.07187024540818,3.88514251538375,5.62141401352073,6.59972425162489,6.60646331046096,7.38525348686401,8.93567968638025,10.3894362022311,,11.3878180574152,,,11.5012330336029,13.1443595446013,13.6230035082706,14.9686124424034
815.799999999877,0.773488871830304,2.00193784892832,,,3.06908150605119,3.90705516923413,5.55032579776396,6.58860324026467,6.64241223961839,7.43306607491588,9.0329651463656,10.1789462661623,,11.5464202916721,,,11.6040152875285,13.0749673944899,13.7047634828153,14.9727997804494
816.399999999877,0.714839366157875,1.94573564767082,,,3.06629276669421,3.92896782307042,5.47923758200158,6.60867165705286,6.68745786266798,7.48601725593793,9.13025060634622,9.96845633010996,,11.7050225259291,,,11.7067975414892,13.0085542640994,13.7865234573528,14.9769871184914
816.999999999877,0.656189860485443,1.88953344641332,,,3.06350402733722,3.95088047690671,5.40814936623919,6.62874007384748,6.74566758319372,7.53867492798702,9.22753606632685,9.75796639405762,,11.863624760186,,,11.8095797954498,12.9421411337095,13.8682834318903,14.9811744565335
817.599999999876,0.597540354813016,1.83333124515583,,,3.06071528798024,3.97279313074301,5.33928182353845,6.73720507496428,6.78045216042718,7.57366166539156,9.32345758575343,9.56291307172809,,12.022226994443,,,11.9092927983458,12.8674584594551,13.9500434064279,14.9853617945756
818.199999999876,0.751948356091356,2.06678041048799,,,3.14158216137304,4.01884020663488,5.33581005149621,6.83046249877619,6.82117323744495,7.47252594868818,9.28352963427622,9.7656780641215,,12.0872086445951,,,11.9901455439206,12.8789012420827,13.9069532330024,15.0187695550325
818.799999999876,0.906356357413621,2.30815238937676,,,3.22244903478308,4.06980907542325,5.35331462787811,6.9083774574884,6.87307243479251,7.37779251121818,9.26757383601322,9.90079761914026,,12.152190294728,,,12.0642284882424,12.8947616120034,13.8983921976511,15.097095019431
819.399999999876,1.06076435873589,2.54952436826716,,,3.30331590819313,4.12077794421263,5.37081920426434,6.95282100012239,6.92225743418541,7.26882830866242,9.25161803775515,10.0359171741451,,12.2171719448608,,,12.1383114325628,12.8974639977411,13.889831162307,15.1754204838387
819.999999999876,1.21517236005815,2.79089634715755,,,3.38418278160318,4.17174681300201,5.38832378065058,6.99726454274947,6.96952805571789,7.16196577258779,9.23566223949709,10.1710367291499,,12.2821535949937,,,12.2123943768833,12.900166383476,13.8812701269629,15.2537459482465
820.599999999876,1.36958036138041,3.03226832604795,,,3.46504965501322,4.22271568179139,5.43148403284547,6.87491458656364,6.98230716291559,7.07693428319123,9.21447818912371,10.3769490513414,,12.3471352451265,,,12.2865615188664,12.9320853045012,13.8727090916188,15.3320714126542
821.199999999876,1.20633577997612,2.82749905869778,,,3.2466203472616,4.20471781582032,5.44623020193562,6.7171249185721,6.84565086877693,7.07999490738482,9.21769723352953,10.1903486014555,,12.1017173501008,,,12.2647715765065,12.8500866481694,13.8508259923269,15.2353546363627
821.799999999876,1.04309119850611,2.61917572086143,,,3.02819103944806,4.23801572345982,5.45997213208381,6.60156229569613,6.73533641401394,7.10928661250764,9.19659255754948,10.0556364497373,,11.8562994550108,,,12.1962389289342,12.8086527240885,13.8135616559906,15.1176483186513
822.399999999876,0.879846617036094,2.41085238302434,,,2.80976173163451,4.27131363110992,5.47371406223179,6.48070599638937,6.62944862489642,7.16086071398196,9.1754878815644,9.92092429802994,,11.6108815599209,,,12.1277062813523,12.7787794739258,13.7762973196513,14.9999420009356
822.999999999876,0.716602035566077,2.20252904518726,,,2.59133242382097,4.30461153876002,5.48745599237977,6.35984969708152,6.51960570171539,7.20936614041024,9.15438320557931,9.78621214632253,,11.3654636648309,,,12.0591736337704,12.7489062237655,13.7390329833119,14.8822356832199
823.599999999876,0.553357454096065,1.99420570735017,,,2.37290311600742,4.33790944641013,5.45507913937965,6.38541066897126,6.46794816398013,7.23571065148433,9.1137454467971,9.56906339322845,,11.1200457697409,,,11.9960824612058,12.7731795346397,13.7017686469725,14.7645293655042
824.199999999875,0.61181545374326,2.10582192578831,,,2.54720304242298,4.45277819391326,5.40098694731702,6.38588441434846,6.60531100662768,7.31103215301514,9.02497407653394,9.65849088356314,,11.2622018991974,,,12.1912788767822,13.0410872672303,13.8689311457758,14.9253169491988
824.799999999875,0.670273453436496,2.21551892235225,,,2.72150296892011,4.55094725694015,5.3100065250107,6.33054075151781,6.71863574988122,7.35597188736932,8.95915134332868,9.80447489593167,,11.4043580287344,,,12.3966203601834,13.2756672711032,14.0368787584334,15.1411577263115
825.399999999875,0.728731453129732,2.32521591891578,,,2.89580289541723,4.64911631996357,5.21902610269672,6.33678851091714,6.82917372737136,7.42232064168968,8.89332861012819,9.95045890831195,,11.5465141582714,,,12.6019618435867,13.506990143014,14.2048263710913,15.3569985034357
825.999999999875,0.787189452822971,2.43491291547932,,,3.07010282191435,4.74728538298698,5.12804568038274,6.34303627032925,6.94221088728333,7.49726773433962,8.82750587692771,10.0964429206922,,11.6886702878083,,,12.80730332699,13.7383130149241,14.3727739837491,15.57283928056
826.599999999875,0.845647452516207,2.54460991204285,,,3.24440274841147,4.8454544460104,5.08538974050993,6.40357514926589,7.04837136331695,7.61545459706536,8.81072809377416,10.3552171163436,,11.8308264173453,,,12.9988503165936,13.8969127105492,14.5407215964069,15.7886800576842
827.199999999875,0.715515453901733,2.42454485482435,,,3.12017473335157,4.66772406638187,5.05670915858023,6.49349842503279,7.08236860101412,7.62687561125457,8.7844624668653,10.3918992420043,,11.8855792971838,,,12.7150210098714,13.7823634996023,14.311724002122,15.6941004755424
827.799999999875,0.58538345524795,2.3017572222229,,,2.99594671822945,4.51447559570627,5.09768958915407,6.56291568588779,7.05915114304103,7.62297433388687,8.72924913240731,10.2590419334758,,11.9403321770041,,,12.3942526561624,13.622843611687,14.0780189671523,15.4878816532387
828.399999999875,0.455251456594167,2.17896958962088,,,2.87171870310733,4.36122712503576,5.13867001974243,6.5715433576798,7.04439910582142,7.59766028655165,8.67403579794329,10.1261846249119,,11.9950850568244,,,12.0734843024456,13.4698949434709,13.8443139321817,15.2816628309118
828.999999999875,0.325119457940385,2.05618195701887,,,2.74749068798521,4.20797865436526,5.17965045033079,6.58017102945915,7.0268392919706,7.57690710783991,8.61882246347927,9.99332731634802,,12.0498379366446,,,11.7527159487288,13.3169462752561,13.610608897211,15.0754440085849
829.599999999875,0.194987459286602,1.93339432441685,,,2.62326267286309,4.05473018369476,5.1750209940164,6.38712586665701,6.97267126491681,7.50755437937189,8.52820846712068,9.76050698354981,,12.1045908164649,,,11.4351823669664,13.2077711749436,13.3769038622404,14.869225186258
830.199999999875,0.326945687226449,1.99197721873928,,,2.67806865273853,4.01623376327764,5.22501607385455,6.18659468206766,6.91998155762987,7.53982346293528,8.59008709517003,9.60725652787165,,11.9568347672481,,,11.5415838372779,13.1413450034043,13.3665160643463,14.8907229232915
830.799999999874,0.458903915221118,2.05630600585971,,,2.73287463265144,3.9003484438163,5.25616190680692,6.1261084182618,6.90650321486566,7.56710281787714,8.70779706009992,9.63972588833397,,11.8090787179889,,,11.6600470718079,13.1027501241225,13.3580766512032,15.0055840103114
831.399999999874,0.590862143215785,2.12063479298135,,,2.78768061256433,3.78446312433876,5.28730773975535,6.13182433336465,6.87766058827868,7.54923527514343,8.82550702504149,9.67219524883511,,11.6613226687296,,,11.7785103063404,13.0594001409457,13.3496372380605,15.1204450973509
831.999999999874,0.722820371210455,2.18496358010298,,,2.84248659247724,3.66857780486123,5.31845357270378,6.13754024848135,6.84940852642607,7.51239379138795,8.94321698998306,9.70466460933627,,11.5135666194704,,,11.896973540873,13.0160501577679,13.3411978249177,15.2353061843903
832.599999999874,0.854778599205124,2.24929236722462,,,2.89729257239013,3.5526924853837,5.37253257853904,6.25292254914855,6.86972429785561,7.51385890159809,9.06745228697906,9.74179799735601,,11.3658105702112,,,12.0349705695052,12.925527631178,13.332758411775,15.3501672714298
833.199999999874,0.904941175108505,2.1808521782018,,,2.87201500715171,3.68381456249286,5.39793443419801,6.50489938268378,6.89855057864811,7.47122271157245,9.1913367752422,9.88325123858961,,11.2992837703563,,,12.210957759425,13.0811473417698,13.6072801931838,15.3257559174903
833.799999999874,0.955103750994713,2.1080085410188,,,2.84673744189648,3.85175768909919,5.42433514620162,6.59158734347527,6.8480391550602,7.4448039840451,9.24493424203346,9.89757730145213,,11.2327569705184,,,12.3971786163993,13.2203374123097,13.8603607364619,15.252073134438
834.399999999874,1.00526632688092,2.03516490383488,,,2.82145987664124,4.01970081571325,5.45073585820543,6.52287577215817,6.80831351796621,7.4667582370897,9.29853170880997,9.91190336428796,,11.1662301706806,,,12.5833994733758,13.359718827283,14.1134412797354,15.1783903513752
834.999999999874,1.05542890276713,1.96232126665096,,,2.79618231138601,4.18764394232731,5.47713657020925,6.4541642008084,6.77794814260996,7.49969286072557,9.35212917558647,9.92622942712377,,11.0997033708427,,,12.7696203303523,13.4991002422563,14.3665218230089,15.1047075683125
835.599999999874,1.10559147865334,1.88947762946704,,,2.77090474613077,4.35558706894137,5.49189297213222,6.34790090817808,6.72701488075973,7.49877194006649,9.43750061720239,9.94884084205085,,11.0331765710049,,,12.9300392303266,13.7114327945899,14.6196023662825,15.0310247852498
836.199999999874,1.10914750081956,1.82619365554014,,,2.68882443663339,4.38628740965755,5.48930139757308,6.06865974158714,6.70110821315567,7.52788658763488,9.35531488731886,9.69366847173028,,10.993048349513,,,12.9077732473703,13.7353243038317,14.6351939281854,15.0842698910783
836.799999999874,1.11270352297596,1.76462054675748,,,2.60674412712404,4.43641293177757,5.4759441383733,5.89501729389118,6.77286665297353,7.59776613580522,9.24657408305138,9.5116256880733,,10.9529201280267,,,12.8848354456893,13.745652633104,14.6751247477081,15.1002292154958
837.399999999873,1.11625954513237,1.70304743797518,,,2.5246638176147,4.48653845390169,5.46258687917126,5.88070293457306,6.83833787610572,7.63457662167232,9.1378332787783,9.32958290443175,,10.9127919065404,,,12.8618976440082,13.7533712511725,14.7150555672359,15.1161885399056
837.999999999873,1.11981556728877,1.64147432919288,,,2.44258350810535,4.53666397602581,5.44922961996922,5.86638857528856,6.90487588482696,7.673094477082,9.02909247450521,9.14754012079021,,10.8726636850541,,,12.8389598423272,13.7610898692404,14.7549863867637,15.1321478643153
838.599999999873,1.12337158944517,1.57990122041058,,,2.360503198596,4.58678949814993,5.44663294496423,5.85444322379906,6.94409007269375,7.73135195800522,8.86480814916757,9,,10.8325354635678,,,12.8361864816345,13.6913641721616,14.7949172062915,15.148107188725
839.199999999873,1.09682041877694,1.65935516600796,,,2.54823524671291,4.42074906390949,5.43489813108624,5.89756443622165,6.89716626313492,7.6469308238938,8.80986435514174,9.17159948172311,,11.0115396194617,,,12.6894227656674,13.467983446161,14.5612652163943,15.0743663390585
839.799999999873,1.07026924810234,1.73954000553554,,,2.73596729488688,4.26368801464339,5.44932802951663,5.91966599501007,6.9488403549212,7.53663867903941,8.90465134339882,9.37897962301408,,11.1905437754018,,,12.5232526915948,13.3068377706349,14.3012830594207,15.1195120866222
840.399999999873,1.04371807742774,1.81972484506329,,,2.92369934306085,4.10662696537919,5.46375792795254,5.90513155326372,7.00784048092357,7.48134137335069,8.99943833168756,9.58635976431263,,11.369547931342,,,12.357082617518,13.147499618253,14.0413009024416,15.164657834211
840.999999999873,1.01716690675314,1.89990968459103,,,3.11143139123481,3.949565916115,5.47818782638845,5.89059711150963,7.05436244961477,7.41619939390203,9.09422531997631,9.79373990561114,,11.5485520872821,,,12.1909125434412,12.9881614658715,13.7813187454624,15.2098035817998
841.599999999873,0.990615736078539,1.98009452411877,,,3.29916343940878,3.7925048668508,5.50152437761376,6.02040403329785,7.08554655178726,7.3561437593243,9.21468314986868,10.0091382858621,,11.7275562432223,,,12.0126335299409,12.8144807750506,13.5213365884833,15.2549493293886
842.199999999873,0.918101490461814,2.01624437307191,,,3.3190003764475,3.80351399221741,5.5795757587592,6.12645005507771,7.20144311840234,7.3932143162538,9.32169558026333,10.1115751632723,,11.6644415712247,,,11.9938227540093,12.7290803736747,13.5094953897536,15.1766877978467
842.799999999873,0.845587244835339,2.05374966195589,,,3.3388373134506,3.78685394311648,5.58531022362225,6.29520275481514,7.15568380312613,7.39367862814931,9.31201894646541,10.1999395773399,,11.6013268991756,,,11.9826198095063,12.6194941542908,13.5446230988871,15.0143837764347
843.399999999873,0.773072999208865,2.09125495084016,,,3.35867425045369,3.77019389400967,5.59104468846997,6.44392973704576,7.10493492811853,7.35468027716248,9.30234231264273,10.2883039914045,,11.5382122271266,,,11.9714168650049,12.5140230318017,13.5797508080305,14.852079755005
843.999999999872,0.70055875358239,2.12876023972443,,,3.37851118745678,3.75353384490286,5.59677915331768,6.59265671927212,7.05636353188468,7.32452143111628,9.29266567882005,10.3766684054691,,11.4750975550775,,,11.9602139205035,12.4085519093134,13.6148785171739,14.6897757335753
844.599999999872,0.628044507955914,2.1662655286087,,,3.39834812445987,3.73687379579606,5.59695729960653,6.61051267549627,7.06890702074097,7.32086073646623,9.26587511584758,10.3892979841664,,11.4119828830285,,,11.9496295865708,12.4470014589063,13.6500062263173,14.5274717121455
845.199999999872,0.591109125658218,2.23622217980488,,,3.42429453616545,3.66719089991435,5.54346049839458,6.7731553286864,6.96087611201041,7.31402802638732,9.16860504403505,10.2399171919587,,11.5800566912908,,,11.8898999016786,12.5438311176448,13.5908271097185,14.5792202196145
845.799999999872,0.554173743368098,2.30502130834412,,,3.45024094787233,3.59873222103501,5.535727172038,6.77585377013875,6.95565140028291,7.33550561248139,9.1147414806413,10.0321763328342,,11.7481304996024,,,11.8207311503091,12.5927137454652,13.5171263408546,14.6534210610028
846.399999999872,0.517238361077979,2.37382043688311,,,3.4761873595792,3.53027354215593,5.52799384569116,6.81119218008978,6.95402168224321,7.39229003616976,9.06087791725679,9.82443547369722,,11.916204307914,,,11.7515623989377,12.63325343015,13.4434255719877,14.7276219023959
846.999999999872,0.480302978787861,2.4426195654221,,,3.50213377128608,3.46181486327686,5.52026051934433,6.84653059004774,6.96118157214921,7.44605625174019,9.00701435387229,9.61669461456028,,12.0842781162255,,,11.6823936475662,12.6737931148331,13.3697248031208,14.801822743789
847.599999999872,0.443367596497741,2.51141869396109,,,3.52808018299296,3.39335618439778,5.51835287208471,6.85685269370107,6.98200695215674,7.45188639719763,9.00029273561113,9.47965620758567,,12.2523519245371,,,11.6169124318162,12.5712872721541,13.2960240342538,14.8760235851821
848.199999999872,0.513834958435376,2.58744274798644,,,3.46429526807664,3.42859235801011,5.47966712622132,6.69292629393583,7.18541148822538,7.51310560148695,9.18340453134735,9.58648818919466,,12.003345715899,,,11.6282713101823,12.4669357145696,13.4331544377734,14.8025012424539
848.799999999872,0.584302320395966,2.66619397619562,,,3.40051035314115,3.50128804541574,5.43209278288395,6.68431143622972,7.28581071531795,7.58863776067346,9.34605413368624,9.63691343613117,,11.7543395071718,,,11.6951246828924,12.4212422605445,13.5553363267813,14.7544744513056
849.399999999872,0.654769682356556,2.74494520440539,,,3.33672543820565,3.57398373282938,5.38451843954469,6.61533879090494,7.37725278002664,7.61915844340191,9.50870373602074,9.68733868305561,,11.5053332984445,,,11.7619780556143,12.3814659114231,13.6775182157861,14.7064476601628
849.999999999872,0.725237044317144,2.82369643261516,,,3.27294052327016,3.64667942024302,5.33694409620542,6.54636614556725,7.46244896578479,7.64614985668608,9.67135333835525,9.73776392998006,,11.2563270897173,,,11.8288314283363,12.3416895623029,13.7997001047908,14.65842086902
850.599999999871,0.795704406277733,2.90244766082492,,,3.20915560833466,3.71937510765665,5.2817375559286,6.46129892076277,7.48476432373348,7.67504285253977,9.80036075157437,9.7710923813248,,11.00732088099,,,11.8920838894735,12.4345658774634,13.9218819937955,14.6103940778772
851.199999999871,0.840688142419866,2.63513658744596,,,3.01656537896685,3.74926143815819,5.31608088862501,6.35709962911046,7.30755085394448,7.66516947358445,9.70576012845992,9.77758025827713,,11.2055077976901,,,11.9263333907796,12.6681622811338,13.9331429905951,14.7294657712749
851.799999999871,0.885671878556533,2.36562210893762,,,2.82397514957141,3.74300118578253,5.329000186517,6.14929865396392,7.12121546785056,7.59651217941225,9.60159233020302,9.82506416527539,,11.403694714486,,,11.9107630275644,12.831071245058,13.9247354698666,14.7619176774904
852.399999999871,0.930655614693198,2.09610763042882,,,2.63138492017597,3.73674093339912,5.3419194844044,5.98055629980799,6.94539851562452,7.51815069683938,9.49742453194408,9.87254807228246,,11.601881631282,,,11.8951926643385,12.991846229947,13.9163279491339,14.7943695836873
852.999999999871,0.975639350829865,1.82659315192001,,,2.43879469078053,3.7304806810157,5.35483878229179,5.81181394566045,6.76567491731156,7.44626790838983,9.39325673368513,9.92003197928953,,11.8000685480779,,,11.8796223011126,13.1526212148355,13.9079204284012,14.8268214898842
853.599999999871,1.02062308696653,1.5570786734112,,,2.24620446138509,3.72422042863229,5.32349214473563,5.70781635090377,6.61317439568912,7.39487759563372,9.25972012341202,9.9477999493413,,11.9982554648738,,,11.8670876037906,13.1904789798262,13.8995129076685,14.8592733960811
854.199999999871,0.983694493463015,1.70358733620676,,,2.53619430772178,3.70421988035537,5.24306878643377,5.7291630159271,6.59748835335674,7.39389248806434,9.22266826600661,9.89695700903826,,11.9394097400743,,,11.8262251544655,13.0163693007782,13.9338733646643,14.8397600900753
854.799999999871,0.946765899941866,1.8418762343656,,,2.82618415416234,3.67852061736835,5.17029729112575,5.88626109375884,6.54959665055885,7.41382301260892,9.17311662777622,10.0297744707477,,11.8805640152194,,,11.8338117169634,12.8896681899825,13.9933360693813,14.863739519961
855.399999999871,0.909837306420717,1.98016513252267,,,3.1161740006029,3.6528213543801,5.09752579581938,6.050228750515,6.49754660429425,7.48682727032338,9.12356498954313,10.1625919324967,,11.8217182903644,,,11.8413982794717,12.7613190419918,14.0527987741038,14.887718949856
855.999999999871,0.87290871289957,2.11845403067974,,,3.40616384704347,3.62712209139185,5.024754300513,6.21419640727263,6.45418681957089,7.55438663931879,9.07401335131006,10.2954093942457,,11.7628725655095,,,11.8489848419801,12.6329698940007,14.1122614788262,14.911698379751
856.599999999871,0.835980119378421,2.25674292883681,,,3.69615369348403,3.6014228284036,5.01515005200717,6.39851275769275,6.39364605049519,7.60675996931855,9.06191532294911,10.4764617739967,,11.7040268406546,,,11.8696654391442,12.543223531022,14.1717241835487,14.9356778096461
857.19999999987,0.860161584883701,2.31496351020377,,,3.56684080084337,3.73732634471849,5.02657874252303,6.48233606694833,6.34653537393483,7.54233686371476,8.99114623901556,10.6806332267147,,11.3632214725724,,,12.120115524977,12.6765662861954,14.1745087967307,14.9324847843072
857.79999999987,0.884343050402181,2.37455425344721,,,3.43752790811214,3.85386213725259,5.04927289199009,6.38417290679178,6.31111974404782,7.49516784267274,8.92742022400671,10.6723647350527,,11.0224161044293,,,12.2897372915636,12.7750776270632,14.177294162768,14.954962302513
858.39999999987,0.90852451592066,2.43414499669095,,,3.30821501538092,3.97039792978251,5.07196704145958,6.31185841560544,6.26997143923683,7.39115689792307,8.86369420899937,10.6640962433448,,10.6816107362862,,,12.4593590581328,12.8817928662138,14.1800795288054,14.9774398207244
858.99999999987,0.93270598143914,2.49373573993468,,,3.17890212264969,4.08693372231242,5.09466119092908,6.23954392442467,6.21011359434203,7.28287111565127,8.79996819399204,10.6558277516369,,10.3408053681431,,,12.6289808247019,12.9885081053662,14.1828648948427,14.9999173389358
859.59999999987,0.95688744695762,2.55332648317842,,,3.04958922991846,4.20346951484233,5.09248371914626,5.96474031757929,6.16190529404178,7.14952448354657,8.73977649542653,10.5416310901303,,10,,,12.7739762765232,13.0694248520108,14.18565026088,15.0223948571472
860.19999999987,1.0046136519133,2.4225782450636,,,2.98150169211431,4.1518112884078,5.11469888621523,5.78012456583439,6.05392108900291,7.09147618716166,8.79306372491031,10.3158032581943,,10.3674894086687,,,12.5061761078836,12.8905586381069,14.1050608678374,15.0528613267069
860.79999999987,1.05233985687409,2.30632918759538,,,2.91341415432343,4.18074340927116,5.17871723871814,5.73226653695795,6.16719926374754,7.0691448133668,8.89885027249651,10.195757524172,,10.7349788174909,,,12.3445272376062,12.785802974373,14.0261018427998,15.0815226932392
861.39999999987,1.10006606183488,2.1900801301303,,,2.84532661653255,4.209675530152,5.24273559123012,5.56437517606688,6.29126669338806,7.10491652419514,9.0046368200941,10.0757117901726,,11.1024682263131,,,12.1828783673519,12.6688459253197,13.9471428177625,15.1101840597711
861.99999999987,1.14779226679566,2.07383107266522,,,2.77723907874167,4.23860765103285,5.3067539437421,5.39648381514975,6.43405338393041,7.15651947851188,9.11042336769169,9.95566605617318,,11.4699576351353,,,12.0212294970976,12.5518888762636,13.8681837927252,15.1388454263031
862.59999999987,1.19551847175645,1.95758201520014,,,2.70915154095079,4.2675397719137,5.34967284669309,5.52568779419805,6.59794884409654,7.25104022466525,9.20573327994028,9.9387275328037,,11.8374470439576,,,11.8649502056992,12.5166669392328,13.7892247676879,15.167506792835
863.19999999987,1.30531200209098,2.07357807561704,,,2.91807536920303,4.27084696033196,5.33423825071079,5.6136472620653,6.78518076844618,7.31642321233077,9.21710484513185,10.1576572841294,,11.6705229404607,,,11.9432440830267,12.6316661824889,13.8400338099408,15.1371060936099
863.799999999869,1.41510553243902,2.18076471583986,,,3.12699919751553,4.21978216501221,5.30686458299415,5.66834232954257,6.88144415423629,7.37026075795684,9.19399749509938,10.2427470172216,,11.5035988368477,,,11.9780146430383,12.7670705856869,13.86665390785,15.1329607811766
864.399999999869,1.52489906278706,2.28795135606076,,,3.33592302582803,4.16871736968061,5.2794909152749,5.85063111436568,6.96749697161085,7.3899981840858,9.17089014505938,10.3278367502846,,11.3366747332346,,,12.0127852030404,12.9039758765703,13.8932740057541,15.128815468749
864.999999999869,1.63469259313509,2.39513799628167,,,3.54484685414053,4.11765257434902,5.25211724755566,6.03291989921654,7.0502101783708,7.40226463942592,9.1477827950194,10.4129264833476,,11.1697506296215,,,12.0475557630425,13.0408811674541,13.9198941036581,15.1246701563214
865.599999999869,1.74448612348313,2.50232463650258,,,3.75377068245303,4.06658777901742,5.27141154270055,6.14537120397019,7.13199171121027,7.42809011182571,9.14193225976836,10.4828547527854,,11.0028265260085,,,12.0909091806399,13.0982972695624,13.9465142015621,15.1205248438938
866.199999999869,1.54987607639704,2.35358561107662,,,3.59315935286362,4.1046618211899,5.31382092720999,6.25858105331518,7.18554114996019,7.51662741942263,9.15680376951414,10.3338192926617,,11.1923196370276,,,12.1466384990028,13.0785216763967,13.9115519679615,15.0193491014541
866.799999999869,1.35526602924451,2.20459250115646,,,3.43254802319356,4.15600916741751,5.31202057385547,6.33022406098686,7.24841338115596,7.60211718754792,9.15924312186203,10.3302513938927,,11.3818127481245,,,12.1237002933007,13.0033266388987,13.9407185218022,14.8732508810176
867.399999999869,1.16065598209198,2.05559939123624,,,3.27193669352349,4.20735651364801,5.31022022049129,6.33247308540552,7.31925014234729,7.6994701863872,9.1616824742072,10.3266834951554,,11.5713058592214,,,12.1007620875814,12.9372227093023,13.9698850756569,14.7271526605712
867.999999999869,0.966045934939444,1.90660628131601,,,3.11132536385342,4.25870385987852,5.30841986712711,6.33472210980903,7.38143219920014,7.78394959919656,9.16412182655237,10.3231155964182,,11.7607989703183,,,12.0778238818622,12.8711187797078,13.9990516295115,14.5810544401248
868.599999999869,0.771435887786912,1.75761317139579,,,2.95071403418336,4.31005120610902,5.32570993958293,6.27373353020828,7.46134642869518,7.83596586580372,9.1534782595748,10.2769447583926,,11.9502920814152,,,12.0742327287101,12.8493524349924,14.0282181833662,14.4349562196784
869.199999999869,0.761036504145705,1.73565793094825,,,3.08311850714558,4.2354728940448,5.34158959153751,6.25879971086304,7.53149429603996,7.7684618683733,9.14953438180704,10.1499655631293,,11.9043987012469,,,12.0278189604486,13.0066460621344,14.0075177646713,14.6780694390333
869.799999999869,0.750637120544848,1.71313622398498,,,3.21552298017198,4.13973535363372,5.37354869273117,6.23623843746377,7.43381051821049,7.64338756112644,9.16488324410899,9.9616211532603,,11.858505321027,,,12.1029895718389,13.1360502398417,13.9169159608253,14.9066178916235
870.399999999868,0.740237736943991,1.69061451702159,,,3.34792745319838,4.04399781321801,5.40550779392837,6.28758383228227,7.33053407917406,7.50633103558491,9.18023210641519,9.77327674337791,,11.8126119408071,,,12.1781601832558,13.2607653492635,13.8263141569639,15.1351663442104
870.999999999868,0.729838353343134,1.66809281005819,,,3.48033192622478,3.94826027280231,5.43746689512556,6.33892922711698,7.24886553584092,7.38385445560528,9.19558096872138,9.58493233349553,,11.7667185605872,,,12.2533307946728,13.3854804586842,13.7357123531026,15.3637147967974
871.599999999868,0.719438969742277,1.6455711030948,,,3.61273639925118,3.8525227323866,5.39578298843798,6.34493475201286,7.07705403369786,7.23704246661343,9.19485008593361,9.45806981500778,,11.7208251803673,,,12.2899294089692,13.4601819904745,13.6451105492412,15.5922632493844
872.199999999868,0.829621123226536,1.80352530072918,,,3.55652070922156,3.94903402711128,5.36199836812718,6.3239673049944,6.92047528831738,7.21232100673465,9.18876756578676,9.64218673298206,,11.717250921834,,,12.3632523180453,13.4551510091457,13.6886136503968,15.5706171613841
872.799999999868,0.939803276737298,1.96190124088544,,,3.50030501915049,4.05528971807008,5.3719843814344,6.35426235986016,6.73379041212571,7.20228882212407,9.18781002852348,9.85269968664765,,11.7136766633101,,,12.2843320191162,13.444458214104,13.7304503028572,15.5409040938611
873.399999999868,1.04998543024806,2.1202771810418,,,3.44408932907942,4.16154540903103,5.38197039475126,6.34482606467656,6.55548590801305,7.20906385959592,9.18685249126134,10.063212640319,,11.7101024047861,,,12.2054117201537,13.4386426331137,13.7722869553174,15.5111910263363
873.999999999868,1.16016758375882,2.27865312119815,,,3.38787363900835,4.26780109999197,5.39195640806811,6.3353897694842,6.35519238820719,7.21449071823952,9.18589495399919,10.2737255939904,,11.7065281462622,,,12.1264914211912,13.4328270521245,13.8141236077775,15.4814779588115
874.599999999868,1.27034973726958,2.43702906135451,,,3.33165794893728,4.37405679095292,5.44685523733739,6.39565402178323,6.18199252115033,7.24911958374877,9.20409160707161,10.3924773473691,,11.7029538877382,,,12.060121768598,13.4432631704304,13.8559602602376,15.4517648912867
875.199999999868,1.19404090456882,2.36678322741505,,,3.29432777363266,4.35608003400659,5.4963289543737,6.37379430225533,6.02336194528704,7.21965002522316,9.22983620769964,10.1987799866584,,11.6544721454939,,,11.9776560180908,13.3419252604413,13.7809001350222,15.2314450767172
875.799999999868,1.11773207182694,2.29504533224257,,,3.2569975983322,4.31488517609853,5.49563501413193,6.34578563309471,6.02184861486409,7.1956438310821,9.22858438568987,10.0655689396591,,11.6059904032397,,,12.00762131691,13.3003090963507,13.7372515890862,15.0167468821728
876.399999999868,1.04142323908505,2.22330743706975,,,3.21966742303173,4.27369031818534,5.49494107387909,6.30357211768163,6.00994618710492,7.13648190896562,9.22733256367415,9.93235789267325,,11.5575086609855,,,12.037586615754,13.2464097637658,13.6936030431571,14.8020486876296
876.999999999867,0.965114406343156,2.15156954189694,,,3.18233724773127,4.23249546027216,5.49424713362624,6.26135860226542,6,7.07323910338062,9.22608074165843,9.79914684568736,,11.5090269187313,,,12.067551914598,13.1925104311782,13.6499544972281,14.5873504930865
877.599999999867,0.888805573601269,2.07983164672412,,,3.14500707243081,4.19130060235897,5.47476570468623,6.32635429244627,6.04905615157244,7.04687792973312,9.19513078105876,9.76389681871634,,11.4605451764771,,,12.0992504538205,13.1199399113235,13.606305951299,14.3726522985433
878.199999999867,0.846126755618555,2.22983459493109,,,3.22441458383247,4.0310345228978,5.49841540663143,6.46039063174456,6.13078900280637,7.01034104995401,9.17517276227345,10.0224051483179,,11.6255357967805,,,12.0043471731553,13.0586788373822,13.6717255092918,14.3721984392372
878.799999999867,0.803447937643284,2.3820245342813,,,3.30382209525997,3.92290632043591,5.51218198118513,6.51283735182117,6.26184860254209,7.05124410745333,9.19183654942026,10.0917236633713,,11.7905264171311,,,11.9543253375638,12.9434265215169,13.7591218374705,14.4344741347508
879.399999999867,0.760769119668015,2.53421447363199,,,3.38322960668746,3.81477811798557,5.52594855573663,6.58262538752056,6.40339738704931,7.14758968793809,9.20850033657518,10.1610421783829,,11.9555170374817,,,11.9043035019822,12.8364877065795,13.8465181656542,14.4967498302784
879.999999999867,0.718090301692746,2.68640441298269,,,3.46263711811496,3.70664991553524,5.53971513028814,6.6524134232238,6.55511006767719,7.25378446997458,9.2251641237301,10.2303606933944,,12.1205076578323,,,11.8542816664006,12.729548891644,13.9339144938378,14.5590255258059
880.599999999867,0.675411483717477,2.83859435233338,,,3.54204462954245,3.5985217130849,5.54861570006472,6.58741193295696,6.68885402820788,7.32616812235812,9.28305763760869,10.2220455800323,,12.285498278183,,,11.8119662390138,12.6949426642212,14.0213108220215,14.6213012213334
881.199999999867,0.61035366226861,2.72702400332169,,,3.53225064561424,3.60176021107473,5.48006065513958,6.52976832302707,6.75901920479416,7.38536357056677,9.30221217173589,10.0322638637767,,12.0248575505805,,,11.9544754558485,12.6525499791533,13.9025477816528,14.6072827821552
881.799999999867,0.545295840814773,2.61546039954127,,,3.52245666166622,3.58842943296283,5.43384759133582,6.66591518670818,6.7529661482533,7.37419930121549,9.31726244899734,10.047457512181,,11.7642168228835,,,12.0045463051528,12.6507772743543,13.7430537198643,14.5698373343379
882.399999999867,0.480238019360934,2.50389679576086,,,3.5126626777182,3.57509865484724,5.38763452753702,6.79624878656144,6.74357197796522,7.33259376287883,9.33231272625789,10.0626511606309,,11.5035760951865,,,12.0546171544366,12.6532055097828,13.5835596580667,14.5323918865154
882.999999999867,0.415180197907096,2.39233319198045,,,3.50286869377018,3.56176787673165,5.34142146373823,6.92658238641339,6.73456154025821,7.28159469853033,9.34736300351844,10.0778448090807,,11.2429353674896,,,12.1046880037203,12.6556337452122,13.4240655962691,14.4949464386929
883.599999999866,0.350122376453259,2.28076958820004,,,3.49307470982217,3.54843709861607,5.35691916401429,6.9795227832153,6.70431733675791,7.20997545526555,9.35504111492601,10.1545825470038,,10.9822946397926,,,12.146118312654,12.6377396384236,13.2645715344715,14.4575009908705
884.199999999866,0.369745703791566,2.22515562785892,,,3.41655793200513,3.5424128980711,5.41828427679713,6.94957734764731,6.64157144603347,7.24270348801238,9.45011507290485,10.2676501628965,,10.9442607032712,,,12.122105817516,12.7838331908594,13.306498329479,14.6249641701753
884.799999999866,0.389369031148742,2.17179883058089,,,3.34004115417323,3.50086597006206,5.46753886882462,6.7131990127306,6.61424743428938,7.27510019390662,9.46254660853725,10.158740979499,,10.9062267667995,,,12.1095661301276,12.8917957464009,13.3702878780354,14.7625835241655
885.399999999866,0.408992358505919,2.11844203330337,,,3.26352437634132,3.45931904204509,5.5167934608494,6.43667345805533,6.58253872734736,7.31982789179241,9.47497814415123,10.049831796052,,10.8681928303277,,,12.0970264427418,12.9924057749184,13.4340774265968,14.900202878149
885.999999999866,0.428615685863095,2.06508523602584,,,3.18700759850942,3.41777211402812,5.56604805287419,6.16014790337114,6.54724628744546,7.36496594557454,9.4874096797652,9.94092261260498,,10.830158893856,,,12.084486755356,13.0930158034342,13.4978669751581,15.0378222321326
886.599999999866,0.448239013220271,2.01172843874831,,,3.11049082067752,3.37622518601116,5.54000658454353,6.03078420718257,6.58940336573742,7.4645498659774,9.47944262484696,9.762428170691,,10.7921249573842,,,12.0791517551841,13.1957159112312,13.5616565237195,15.1754415861161
887.199999999866,0.510016316059565,2.06679726167689,,,3.24629543663827,3.47081387952879,5.51152360763553,5.988983840038,6.80997886545411,7.49870323308853,9.34737426314421,9.5849465429066,,10.9463859526041,,,12.1216070496774,13.2051060272601,13.6007286899303,15.06391061922
887.799999999866,0.571793618908285,2.12049144403499,,,3.3821000526465,3.63372742673616,5.48401326726189,6.07474899367452,6.86068074665628,7.53163165160196,9.29001338401223,9.51736074749853,,11.1006469478669,,,12.1824448612208,13.2200796894535,13.6196069623643,14.9508399075714
888.399999999866,0.633570921757003,2.17418562639278,,,3.51790466865474,3.79664097395882,5.45650292688846,6.23886679573223,6.91767030661199,7.53032891904129,9.23265250489697,9.44977495211506,,11.2549079431298,,,12.2432826727684,13.236148115213,13.6384852347938,14.8377691959225
888.999999999866,0.695348224605723,2.22787980875057,,,3.65370928466297,3.95955452118148,5.42899258651504,6.40298459780747,6.97838177603623,7.53123726139314,9.1752916257817,9.38218915673156,,11.4091689383926,,,12.304120484316,13.2522165409728,13.6573635072233,14.7246984842736
889.599999999866,0.757125527454443,2.28157399110836,,,3.7895139006712,4.12246806840415,5.41103539965956,6.43240881198366,6.8946692361543,7.47328833783041,9.12986601352348,9.3933469979042,,11.5634299336555,,,12.3679412484514,13.2444306748598,13.6762417796528,14.6116277726248
890.199999999865,0.719967716013383,2.2943907218034,,,3.60216438473293,4.29201158567855,5.39778751993102,6.48343946682521,6.78898680030039,7.46593846511653,9.17960088824066,9.49972814761214,,11.6893915368101,,,12.4614305309819,13.2614984322378,13.7877987134537,14.8712538691597
890.799999999865,0.682809904550131,2.30552846940185,,,3.41481486872216,4.41850794489282,5.43487749388054,6.43724964442307,6.84483781780427,7.47015984246125,9.24069613249135,9.61718524205636,,11.8153531399584,,,12.5357067893587,13.3323225248484,13.9020750332868,15.1370291424556
891.399999999865,0.645652093086877,2.31666621699993,,,3.22746535271139,4.54500430409743,5.47196746784136,6.39867041888513,6.88996534559171,7.48154262918088,9.30179137674458,9.73464233650308,,11.9413147431067,,,12.6099830477311,13.4058415796722,14.0163513531204,15.4028044157529
891.999999999865,0.608494281623623,2.32780396459801,,,3.04011583670062,4.67150066330204,5.50905744180218,6.36009119334888,6.91914482790251,7.48900634969816,9.36288662099781,9.85209943094979,,12.067276346255,,,12.6842593061035,13.4793606344967,14.1306276729541,15.6685796890501
892.599999999865,0.571336470160371,2.33894171219608,,,2.85276632068985,4.79799702250665,5.56087117949908,6.38234661497103,7.02886508979174,7.50417987704123,9.4216559251025,9.91097118524374,,12.1932379494033,,,12.7268843130762,13.4961636060945,14.2449039927878,15.9343549623474
893.199999999865,0.670381499998809,2.32800271227529,,,3.0170598515808,4.66177143564758,5.59989765062619,6.38060534652139,6.98657980854919,7.40025002365268,9.4738142270548,9.76990056535771,,12.1254438710444,,,12.6073935581528,13.3979980453972,14.1750721839049,15.7132821347552
893.799999999865,0.76942652986791,2.31918351127316,,,3.1813533825509,4.52214691941056,5.58130819863186,6.41719597218489,6.93627839909014,7.32047838392012,9.50259356817745,9.66601580399787,,12.0576497926419,,,12.5630482321462,13.3427641253615,14.1189300193128,15.5276692758193
894.399999999865,0.86847155973701,2.31036431027151,,,3.34564691352101,4.38252240317277,5.56271874662455,6.32092008088662,6.89785382101532,7.25721516766626,9.53137290929483,9.5621310426464,,11.9898557142394,,,12.5187029061566,13.292069480836,14.0627878547238,15.3420564168914
894.999999999865,0.967516589606109,2.30154510926985,,,3.50994044449111,4.24289788693498,5.54412929461725,6.22464418955838,6.8717232858748,7.19511977526415,9.56015225041221,9.45824628129493,,11.9220616358369,,,12.474357580167,13.2413748363115,14.0066456901349,15.1564435579635
895.599999999865,1.06656161947521,2.2927259082682,,,3.67423397546122,4.10327337069719,5.53499772017884,6.22130073816787,6.85516191998901,7.17362353345742,9.61369059031546,9.4222932970892,,11.8542675574344,,,12.4630742589342,13.2866336010057,13.9505035255459,14.9708306990356
896.199999999865,0.952541887910044,2.23073814269505,,,3.56385808073398,3.95415023720297,5.50235385158494,6.21966022519953,6.84700202390644,7.23748029781839,9.50451652627866,9.61090980371879,,11.6689640301067,,,12.5205799231781,13.4316329547598,13.89734867209,14.947935838446
896.799999999864,0.838522156296755,2.16471497554398,,,3.4534821859447,3.81502623406922,5.47852992295147,6.32979971039028,6.83948971193145,7.26418755176937,9.36604702067533,9.85900121309202,,11.4836605027525,,,12.442465006461,13.4374739313307,13.8403051124249,14.9355439995086
897.399999999864,0.724502424683467,2.098691808392,,,3.34310629115542,3.67590223093774,5.45470599432,6.49109590562768,6.82549488256161,7.29185628167683,9.22757751506538,10.1070926224787,,11.2983569753983,,,12.3643500897132,13.4376052317741,13.7832615527589,14.9231521605735
