Time (s),"Primary somatosensory area, barrel field (L)","Primary somatosensory area, barrel field (R)","Primary somatosensory area, lower limb (L)","Primary somatosensory area, lower limb (R)",Supplemental somatosensory area (L),Supplemental somatosensory area (R),Olfactory areas (L),Olfactory areas (R),Hippocampal formation (L),Hippocampal formation (R),Cortical subplate (L),Cortical subplate (R),Striatum (L),Striatum (R),Pallidum (L),Pallidum (R),Thalamus (L),Thalamus (R),Hypothalamus (L),Hypothalamus (R)
2.8,0.370562673069913,2.05848125087957,,,3.30386059847743,3.8259925238869,4.70748477965811,5.07270336375048,6.71033090397433,8.19158950077039,10.1199257008302,10.1688253022722,,11.3995800276302,,,12.3328628708972,13.3599044193677,13.6575232739648,15.7352950580387
3.39999999999991,0.54964993315305,2.21535996393708,,,3.06917747339198,3.78573491786294,4.79320413993709,5.18900460774159,6.68660388267477,8.13323436745467,10.2231204843555,10.1666601064721,,11.4563046775119,,,12.3687797515392,13.4186346439305,13.8618425371841,15.7351438992583
3.99999999999982,0.729274327080924,2.37300323218829,,,2.83577882094244,3.74820413819397,4.87702718057153,5.30452333698822,6.65941016659723,8.06218228455707,10.3264816897349,10.1646108493251,,11.5132993108653,,,12.408313087674,13.4795022492796,14.0678248371627,15.7373440878797
4.59999999999973,0.912495215938014,2.53576574381642,,,2.61098063068116,3.72893140957606,4.97504272528144,5.48731455204224,6.60910196956216,7.91126157061151,10.4142292533634,10.17363289051,,11.5721016764932,,,12.4698607889176,13.6169559201863,14.2849423566592,15.7552882276412
5.19999999999964,0.926348220066454,2.53642502118569,,,2.69872740594722,3.78485635992982,4.86811699746872,5.66866216726755,6.64046349615385,8.01199926691873,10.2342473932005,10.18013555401,,11.3973616168834,,,12.3438872659582,13.6066908731472,14.2843529578844,15.6775561174909
5.79999999999955,0.937505345714732,2.5435131991084,,,2.78002740417397,3.8841017996713,4.81214502664997,5.60660449976029,6.6765643858287,8.07001558437901,10.1151663026053,10.0363322050904,,11.2212665083627,,,12.2007072383136,13.5315077124492,14.2704433244707,15.6154419630314
6.39999999999946,0.948803975857367,2.55080279423308,,,2.86166578854534,3.98406560446901,4.75567348248456,5.51149537334271,6.73070048661747,8.09469180418301,9.99612905478882,9.89255939947127,,11.0452425252701,,,12.058479942862,13.4501434484281,14.2569718075115,15.5539472560865
6.99999999999936,0.959651701025641,2.55745057215822,,,2.94222590330731,4.0817403344305,4.70079383197669,5.41704314053595,6.78121282877122,8.13674861735237,9.87695210167806,9.74868926742995,,10.868991900547,,,11.9132167601968,13.366984928398,14.2421042296736,15.4904786756829
7.59999999999927,0.962494225606586,2.55270376427295,,,3.00364281717065,4.13877567413167,4.67013258346909,5.30889097929444,6.91648846617965,8.30559270961375,9.74132636225469,9.647382688687,,10.6887175639182,,,11.7472612311717,13.2276307229238,14.2024515019666,15.3919666740055
8.19999999999918,1.04883052305506,2.55237106191307,,,3.06464256192623,4.23270932505481,4.69821883897533,5.16267908491092,7.03740342183974,8.24752720174065,9.78804958788929,9.48108613113042,,10.7422708123441,,,11.7568389802968,13.0319903775022,14.1240909838853,15.3522036272007
8.79999999999909,1.1322306917979,2.53824263431325,,,3.11862100833147,4.21863704287946,4.70917046299039,5.23151313990275,7.0770275757384,8.2405445013813,9.82184787643965,9.5350634794352,,10.7943482531497,,,11.8372167512216,12.894817986168,14.0877512539259,15.3823386318572
9.399999999999,1.21421063902666,2.52209266637403,,,3.16920321432172,4.19735483064197,4.72513609605198,5.32155845562782,7.10245839102066,8.30003032564529,9.85520613332942,9.58873427738803,,10.8457118377375,,,11.9080323470094,12.7531421526191,14.0470143320799,15.406256500506
9.99999999999891,1.29628015826993,2.50607019505334,,,3.21999961795136,4.17652734180763,4.74078550035164,5.41147327981392,7.13649542409599,8.34795020278145,9.88859214259577,9.64242440917882,,10.8971204445552,,,11.9794510200507,12.6118227469971,14.0065547369266,15.4305664779852
10.5999999999988,1.38554748543972,2.50029306851459,,,3.28800846762331,4.19224041459367,4.73871992934613,5.61177941264496,7.15078363434857,8.28400706879234,9.91056071646195,9.63226319228325,,10.9521469376623,,,12.0317927194791,12.5594360804296,13.9883804981791,15.4863854492324
11.1999999999987,1.28180135075443,2.41020461017466,,,3.28838386808711,4.21928442604492,4.76729180510413,5.88515319064338,7.14049422798095,8.33210684729142,9.91984275739892,9.80172734611865,,10.9460964947505,,,12.067066314262,12.6374078530848,14.1047297726673,15.4454906346421
11.7999999999986,1.17956102995966,2.32829719898251,,,3.29236018991622,4.37803695421913,4.73553926967494,6.02360190274716,7.1807107485967,8.3090659870885,9.91110172605095,9.863048212754,,10.9408029299724,,,11.9822774365299,12.7485317254943,14.1132620299267,15.3487525701713
12.3999999999985,1.07940947558178,2.24936293354925,,,3.30133147404672,4.54739336328986,4.69641246649478,6.09174237523285,7.2133371419001,8.19287229597906,9.90300786371557,9.92481993305842,,10.936559256975,,,11.911551963767,12.8705892122928,14.1282613816851,15.2611582517803
12.9999999999985,0.979112431013877,2.17022157768313,,,3.30995484085698,4.7160111734277,4.65779930792689,6.16009480274594,7.23935805434161,8.08787933812697,9.89486892370092,9.98656024976236,,10.9322424551904,,,11.8398469236169,12.9920677597081,14.142810276753,15.1729270381654
13.5999999999984,0.875291008607698,2.08606362975683,,,3.31015020236433,4.86673704384061,4.64108093868508,6.09871650411339,7.21842998562118,8.05686472480672,9.91894702791713,10.1962394760539,,10.9261541698667,,,11.8188200200627,13.0271378638646,14.1464472362654,15.0692675718832
14.1999999999983,0.906730060311267,2.12588513399846,,,3.23670730769842,4.84530859888561,4.53138562330213,5.867967989963,7.20090352971566,8.0412512432298,9.86814357617124,10.3123936403565,,11.0662416100632,,,11.7000029125253,13.0314352852828,14.0161522464169,15.1251587924348
14.7999999999982,0.933202612894657,2.1563091659687,,,3.15138779740095,4.7236606330373,4.58008488495473,5.74154771028567,7.1180295640613,8.13281776613814,9.85467100284177,10.5185449972915,,11.203832702864,,,11.7752218004639,12.9531596202332,13.9571156960551,15.2752523041397
15.3999999999981,0.95874089936206,2.1854033654991,,,3.06383413397316,4.59726974977149,4.63208251852436,5.67737713873114,7.05688352746692,8.26363334581426,9.84090896292826,10.7244946958206,,11.3409541987256,,,11.8441503906312,12.8696317669917,13.8951865353899,15.4212559893969
15.999999999998,0.985254530038927,2.21588586794187,,,2.97861285559224,4.47583032194195,4.68063675636927,5.61178565275796,6.98300038047863,8.37802097519663,9.82744911695271,10.9306549193333,,11.4785659389059,,,11.9196458522741,12.7899850357345,13.8362771681879,15.571529323821
16.5999999999979,1.0123619334573,2.2472135452658,,,2.89481149302166,4.35740525482767,4.68818551406284,5.62808687471534,6.90694171757504,8.47316747867677,9.77802641213968,10.9652503718344,,11.6164761313764,,,11.9616673780217,12.7796234998787,13.7792061991903,15.7244019470568
17.1999999999978,1.11218639323246,2.28443038110533,,,2.89847382021253,4.31418187100938,4.88605698076673,5.7530063044586,6.72960481461153,8.36827900260614,9.7964497532826,10.9784223932108,,11.583186356299,,,12.1358383143878,12.9690133065347,13.8511553126716,15.8261135098876
17.7999999999977,1.21414093865481,2.33093891457062,,,2.90722991826254,4.3394422701221,4.95835126081726,5.87319752987525,6.72026407835873,8.16643909182482,9.81024632533416,10.8669189231624,,11.5509672415855,,,12.1429107569181,13.2023549966542,13.8919122317011,15.8145810579236
18.3999999999976,1.31719796605884,2.37901671858795,,,2.91862243170678,4.37029955528673,5.02675329266877,5.97855211264215,6.70384762979041,7.9305855602111,9.82438448281611,10.7556534203858,,11.5193022753691,,,12.1574060737598,13.4410993551379,13.9360825793943,15.8078748111378
18.9999999999975,1.41928165989369,2.42570908163412,,,2.92768736823989,4.39621559227906,5.09859162179698,6.08532468065905,6.71143664839078,7.69950647960533,9.83822106932304,10.644177826616,,11.4871480754568,,,12.1653480565174,13.6759705924439,13.9772393588301,15.7969077169276
19.5999999999975,1.5205659297437,2.47126354624853,,,2.93484060577457,4.41807325459992,5.19231370761867,6.12368247463078,6.78040216219182,7.44034288765952,9.88139902916869,10.5369081409261,,11.4545920552815,,,12.1703972003649,13.8716524456968,14.0159210168673,15.7824410787432
20.1999999999974,1.36289907845825,2.32765206754717,,,2.96014077521605,4.37815259842509,5.01683560344218,6.08557861028355,7.04352155408021,7.49856169606207,9.86648818226571,10.4712192915987,,11.4713714012144,,,12.138316952198,13.7185155574685,13.8645716546211,15.7440633360588
20.7999999999973,1.1990841729578,2.16424951064263,,,2.97073882249732,4.2716262206141,4.88557283694428,5.98433181599333,7.20277470410086,7.59304186296206,9.81976129479406,10.4492125484365,,11.485060506164,,,12.1920407712932,13.6028705907795,13.7373304481332,15.7332691768822
21.3999999999972,1.03388769198934,1.99888042210002,,,2.97803304541442,4.15808610417074,4.75918764188607,5.85212114715755,7.37683372060015,7.69625569609067,9.77260634948669,10.4269075965499,,11.4980551798374,,,12.2364626142822,13.4823798719335,13.605811702981,15.7164270579304
21.9999999999971,0.869005866957219,1.83395921416054,,,2.98607971940847,4.04614337748104,4.63169157243563,5.71945207691568,7.5343606817454,7.80695012895605,9.72554889500929,10.4046705621588,,11.5112080113014,,,12.2830029966268,13.3631412424116,13.4752671738342,15.7009623711132
22.599999999997,0.703072693602991,1.66754151921338,,,2.99161225625818,3.92886335108282,4.50023026287192,5.57517170054371,7.60036812066823,7.97029331666553,9.67368290575759,10.4450662002962,,11.5238323959494,,,12.3419769372703,13.2751417284296,13.3414675325333,15.6808953209004
23.1999999999969,0.699699956256207,1.64071973523739,,,3.02945230303658,3.89088161944737,4.50220026385582,5.44113518012016,7.50272001750961,7.99694900385311,9.70097937901156,10.3934533225505,,11.3411554156691,,,12.457862732393,13.2778440176862,13.3927585425884,15.5838477460988
23.7999999999968,0.714993867157612,1.64575662854504,,,3.11193075626171,3.87929108642879,4.40968260464357,5.35211892473722,7.3463439334626,8.08324622392988,9.70661598214313,10.254092686868,,11.1678609878887,,,12.5109680150913,13.214422585593,13.4350155770011,15.4813428512076
24.3999999999967,0.730731160249408,1.65142463113725,,,3.19546948952017,3.8699514379034,4.31559961052276,5.32239462161791,7.15322210508434,8.22250524587176,9.71238995976127,10.1148277538379,,10.9947894205074,,,12.5670585350317,13.1555234860656,13.4786453807674,15.3807788981716
24.9999999999966,0.746421027272318,1.65702512756198,,,3.27889481065926,3.86037102507724,4.2216840513662,5.29273941039944,6.95921304334007,8.36411300494145,9.71814924321259,9.97555258403987,,10.821694015018,,,12.6228297411382,13.0964356671541,13.5221283472105,15.2800073336343
25.5999999999965,0.764815279083629,1.6664750396509,,,3.36878725036045,3.86451975590351,4.13556292886159,5.3303777292209,6.85876760393219,8.43706398691008,9.71440802578667,9.83053538287193,,10.6499579340266,,,12.6798137377407,13.0105502310199,13.5739844432902,15.1910744350235
26.1999999999965,0.81647994261189,1.74991170399833,,,3.36779191526666,3.91224566098728,4.12849406625756,5.42569009752273,6.87564967938187,8.44720650733015,9.77863083393671,9.81147899497558,,10.9026986204862,,,12.7037085716924,12.8065243151297,13.4954659395799,15.288323514912
26.7999999999964,0.858766975696386,1.82395152269759,,,3.34437142522671,4.05403860611272,4.27795454942226,5.50748960653027,7.00056598845952,8.38413292230388,9.92352395040443,9.97106692181701,,11.1507257606914,,,12.6694668796952,12.6139069456497,13.4346267317801,15.4249748657825
27.3999999999963,0.899278810057387,1.89546452723842,,,3.31670582159739,4.18681953549664,4.43368226792439,5.55887473605533,7.15465776882305,8.33622946863609,10.0678670515163,10.1302716775918,,11.3978606199149,,,12.6232729950797,12.4054358054634,13.368291276144,15.5538551388355
27.9999999999962,0.939560171762263,1.96664947748147,,,3.28848907820466,4.31843044195429,4.59022365666834,5.61059562593745,7.31761459388059,8.28618414420111,10.2121387445664,10.2894266865677,,11.6448796349993,,,12.575527366683,12.1960475608498,13.3012422469677,15.6817264989585
28.5999999999961,0.975369609684109,2.03146910074396,,,3.2495784197191,4.42733907457753,4.72872066184866,5.66058712418402,7.48238040319126,8.30747824644812,10.3733334178347,10.4686501438805,,11.8896508946689,,,12.4889202300911,12,13.2203475558425,15.7900216464277
29.199999999996,1.05272178282036,2.06538203057788,,,3.18948103206448,4.51488508600509,4.85677705053378,5.7710337787702,7.52626438269948,8.32615785707299,10.2937960085107,10.6664563977535,,11.9097448475654,,,12.3351937937563,12.2023963340923,13.2647044242651,15.7199083873177
29.7999999999959,1.11527284619233,2.07275929338014,,,3.09398907625938,4.46463303633454,4.86132997467634,5.89299859960634,7.51278731833419,8.30003154305811,10.130367150441,10.6737604946097,,11.9223992115423,,,12.390948205073,12.4110325037127,13.2957864208848,15.6533664242744
30.3999999999958,1.17940957081799,2.08239358310183,,,3.00228898445635,4.42243079201273,4.86028481444014,6.05191596712324,7.48934934404577,8.24854125021287,9.96742958274185,10.6814068514649,,11.9358505879108,,,12.4573786767567,12.6341961977207,13.3317778325013,15.5937658232504
30.9999999999957,1.24381403164775,2.09240896797773,,,2.91122914243684,4.38158774362447,4.85829442718395,6.21044328748664,7.46919544470401,8.18556582887265,9.80457496858572,10.6891109983387,,11.9494365384651,,,12.5256117830638,12.8584252765002,13.3685981904848,15.53533725939
31.5999999999956,1.31361313681267,2.11010307834251,,,2.83306975920758,4.3681312740059,4.88066508338751,6.3391475817855,7.3700175861485,8.0826419755622,9.64956774248546,10.6605687194546,,11.9657340381432,,,12.6533510260102,13.0703150774539,13.4221210741426,15.5005241929799
32.1999999999955,1.32902473322976,2.11665269628905,,,2.9195406356539,4.21300774343397,4.92222175227277,6.4149993638427,7.35277354335633,7.9701084124315,9.67988951392257,10.3510641283111,,11.9604946014724,,,12.802421466996,13.0610507846314,13.5416820034659,15.5690930933896
32.7999999999954,1.36591055468381,2.15470750354208,,,3.0573638048451,4.14386810027422,5.00421128942255,6.42226473214081,7.50179417947243,7.9685625778621,9.76225159834826,10.2551513226449,,11.9660489099429,,,12.6005793788892,13.0477562778966,13.6414624153557,15.5546434004609
33.3999999999954,1.40248171828217,2.19231442745998,,,3.19443451836952,4.0731310576168,5.08731170774159,6.31143732318437,7.64740655584926,7.92026752104018,9.84451619134964,10.1591705990707,,11.9714450596583,,,12.3966187385004,13.0310467993649,13.7402686052968,15.5388162669941
33.9999999999953,1.43948085386988,2.23053052581439,,,3.33252866081137,4.00456666766251,5.16890119596632,6.19998643016407,7.77920882286942,7.87322179260981,9.92691338424706,10.0632822519058,,11.9770563240319,,,12.1955395803841,13.0160403211486,13.8403998525902,15.5248626159656
34.5999999999952,1.47384289405621,2.26499298807769,,,3.46431659686818,3.92261473694631,5.23659092715502,6.01268120026004,7.948917387088,7.82999880455696,9.98494473497957,9.96794638517691,,11.9813420860591,,,11.9553961039894,12.9880151539737,13.9323663070057,15.4993648638142
35.1999999999951,1.45383870901874,2.20309054315507,,,3.43110107853142,3.90931176558222,5.14852909413522,5.80174120072854,8.09942939644908,7.87631081231626,9.89191222627606,10.2787068600676,,11.9609026132544,,,11.840129979055,12.9635521135422,13.8190341647287,15.4139587654604
35.799999999995,1.44000153017908,2.15415297012778,,,3.41263300309725,3.87312518395459,4.97202435919624,5.64292340174784,7.82696781469655,7.90985547328782,9.75299496188434,10.4402943594907,,11.9435629074062,,,11.9924172054053,12.9498315290894,13.7332477205786,15.4357999695548
36.3999999999949,1.42748639900224,2.1070971969849,,,3.39732640047456,3.84365014069793,4.79085221225396,5.58517503206631,7.57378082035944,7.93648445430129,9.61448731164233,10.6021672187475,,11.9268877119426,,,12.1536056145422,12.9422326704574,13.6515545092088,15.4634285455823
36.9999999999948,1.41422790671496,2.05898332518868,,,3.3802421645593,3.81040133288128,4.61230445826425,5.52850961598291,7.3286835569435,7.97729848805198,9.47574934350935,10.7638796258438,,11.9098388755042,,,12.309789065609,12.9316758046727,13.567559754445,15.4878029974603
37.5999999999947,1.40495243887484,2.01653888207861,,,3.37268271647971,3.79737284099037,4.41633149610473,5.57403107428874,7.08784833947953,7.99272503440721,9.33317591773419,10.9661963692084,,11.8947920554693,,,12.474409062555,12.9059129535033,13.4958969652302,15.5296134651038
38.1999999999946,1.37871554151709,2.2021757811683,,,3.62888184215597,3.88813800071585,4.29115415537018,5.63321946108747,6.83413872504079,8.00680943302065,9.46278404720985,10.8648689319839,,11.8179576133892,,,12.2756681578886,12.8938122849284,13.4839258642733,15.5432828678107
38.7999999999945,1.34045560327056,2.36179010013713,,,3.856329722362,3.96902185091437,4.27098273907107,5.69362813786651,6.81476843995142,8.04130747445586,9.63221353766156,10.6673505791221,,11.7350799432548,,,12.0680007290851,12.9019455613243,13.4413363437464,15.4671693433804
39.3999999999944,1.30105854975977,2.51978585161173,,,4.0810583670272,4.04413299492183,4.25482584175099,5.77305121618984,6.76815306087802,8.15459698559634,9.80129071214532,10.4695867835019,,11.6516307166457,,,11.8526772443782,12.8981872089901,13.3952261653752,15.3860780037399
39.9999999999944,1.26211291080855,2.67842414562836,,,4.30686649989608,4.12153580073773,4.23707525171262,5.85181665852154,6.72514261895819,8.25050983718748,9.97050774980977,10.2719204242963,,11.5684083878036,,,11.6403930778587,12.8962251404232,13.3505136256253,15.306962768309
40.5999999999943,1.21720297501119,2.82857287196075,,,4.51841193797063,4.16866011640037,4.28067095621922,5.85767037095149,6.66888521872558,8.40334094963082,10.1571085437185,10.0069529284485,,11.4821881812736,,,11.4254073951614,12.9703281300357,13.2873348413906,15.201738334901
41.1999999999942,1.12444975564242,2.80941656840514,,,4.32558530470671,4.05655610979889,4.39172266087355,5.79805804630276,6.63480787171703,8.50409263778451,9.97888479633822,9.7539227773994,,11.6045660050948,,,11.559498983798,13.1094005822863,13.3350137219585,15.2219092431156
41.7999999999941,1.02964064228017,2.79946339564587,,,4.12784231846246,3.96867736086881,4.50153531008235,5.69494725624511,6.6242227913404,8.5161448696073,9.81950826455572,9.74063388758162,,11.7259104600415,,,11.667082932223,13.1676707633427,13.4233930400471,15.3050416383758
42.399999999994,0.935796155661483,2.79088327058048,,,3.93240608810054,3.88569565883494,4.60794240095332,5.52880017477164,6.62300486810341,8.45573448687095,9.66043060608549,9.72755320941845,,11.8477397723095,,,11.7811615927562,13.2312294890465,13.5147589689208,15.3923967662188
42.9999999999939,0.841570914524762,2.7817611803287,,,3.73605934211167,3.80078100942733,4.7156937233959,5.36320778935197,6.61838886535507,8.41034850008104,9.50123497725559,9.71439034658867,,11.9693777031786,,,11.8926766803892,13.2932731037607,13.6049460319198,15.4780851099717
43.5999999999938,0.753503152316487,2.78140363273399,,,3.55443725603237,3.747125562892,4.76864924043913,5.28409869907353,6.59786500629362,8.35636163385812,9.34343823663675,9.7904708031758,,12.0941106122437,,,12.0191265382931,13.2545753203256,13.7141974564413,15.5907283220905
44.1999999999937,0.687316233419478,2.67572752815147,,,3.50834833695032,3.94717586893327,4.79710089529724,5.26214738795961,6.67386148507889,8.31931213708785,9.36726971429691,10.0753934269842,,12.0646488962473,,,12.0939843301537,13.125818574361,13.7133618165293,15.5060534041405
44.7999999999936,0.61483872065343,2.54991091214901,,,3.44721643413712,4.09559916612434,4.8505293469895,5.42169572600046,6.84844021756807,8.26165594048185,9.33963106544253,10.2460005335295,,12.0320252935272,,,12.1551850566994,13.1471188554414,13.7011361325546,15.4283043539625
45.3999999999935,0.541025513874982,2.42219307207657,,,3.38289042537498,4.23724164756348,4.90867338832409,5.61249820352295,7.0415622605606,8.23337117197174,9.31157857434651,10.4163193347171,,11.998730321259,,,12.2073927212833,13.1705052149604,13.6847749649134,15.3447081938394
45.9999999999934,0.467584278823488,2.29500469578402,,,3.31945392955133,4.38077248945188,4.96550420521763,5.80275878005829,7.23079921357563,8.1978206876948,9.28364133241061,10.5867184248334,,11.9656223158319,,,12.2621048253253,13.1953717366961,13.6695654704751,15.2627403704192
46.5999999999934,0.383831932746134,2.15313950557492,,,3.23136000413516,4.4719577017179,5.07462952600081,5.95480647852067,7.51322149075207,8.13466824779506,9.23532305398243,10.7541273306287,,11.9273315620474,,,12.3164957745628,13.3454186543588,13.6224314253269,15.1356348139042
47.1999999999933,0.416223913592814,2.10983177513492,,,3.22492163521709,4.30310371091587,5.16900372702667,6.14282046838672,7.7023410961437,8.06440193249109,9.29124678445932,10.6635649218492,,11.7944346572219,,,12.3943497039587,13.4687721954674,13.6245317856937,15.211605196885
47.7999999999932,0.449828817186446,2.0782477130416,,,3.22138378372499,4.15434546705468,5.26547258553906,6.11977137448182,7.80660185952306,8.05459835626539,9.37017108603219,10.6084626816102,,11.6621474125329,,,12.4992013993497,13.455128489099,13.6505872326972,15.2579683480459
48.3999999999931,0.482295980270598,2.04504419348148,,,3.21512520151466,3.99981134286744,5.36595817042173,6.05979546259419,7.89436732990109,8.08036599488014,9.4487428779153,10.5531148636568,,11.5292882970978,,,12.5963928291383,13.4325941398971,13.6731200860154,15.2993509469342
48.999999999993,0.514665070315407,2.01170107696182,,,3.20863209277695,3.84477933877371,5.46678999643763,5.99996242682549,7.9838010225543,8.10738687298081,9.52728428352279,10.4977458769459,,11.3963798865011,,,12.6929239453287,13.4096695352085,13.6953492923542,15.3403042230597
49.5999999999929,0.555609160984639,1.9905635984363,,,3.22264477372787,3.73327938525843,5.54424221077195,6.02137007951687,8.01495466006279,8.14034980291276,9.64025344396045,10.3506906316696,,11.2677815905264,,,12.7882281824402,13.3326754227659,13.7441278241329,15.4187952667935
50.1999999999928,0.563183190272031,1.93454996216668,,,3.37005177769951,3.7419296909511,5.62349143219717,6.03848313375087,8.00656864327392,8.21258195572312,9.65493980493354,10.2578601331205,,11.3262253078019,,,12.6800555485789,13.349348283956,13.791800756655,15.3875492441751
50.7999999999927,0.588089703704686,1.89545677472012,,,3.55890674071547,3.82044101362455,5.57526738756532,6.1093792962295,7.77415477479306,8.31531831034006,9.69342392643016,10.0668250919506,,11.3933809770227,,,12.6007970946397,13.3896271436734,13.8152963044293,15.3181780772568
51.3999999999926,0.617698239263883,1.86305643575601,,,3.75900586347688,3.92282273281423,5.51044312863812,6.25399960528453,7.54273906385079,8.31356568880981,9.73336489010539,9.87680496748412,,11.462900057654,,,12.5531967719324,13.4518356728197,13.8533499287709,15.269390397337
51.9999999999925,0.647427127288196,1.83082740623959,,,3.95939279057163,4.02581543616917,5.44519397236716,6.39844458080048,7.30411999196818,8.31557966933177,9.7733431429602,9.6868108207192,,11.5324796319158,,,12.5064067674312,13.5145231124816,13.8917761801133,15.2211295701911
52.5999999999924,0.677644576715377,1.79929379400446,,,4.16094803680897,4.13128838187415,5.31002023861424,6.29935348642068,6.97484587698089,8.27268662994879,9.78491534531065,9.46928646630184,,11.6023047753313,,,12.4272117713951,13.5522618717391,13.9317150815707,15.1750074606042
53.1999999999924,0.698439559752454,1.8384509964588,,,4.06862545879347,4.31525045557967,5.12664570508461,6.23348628872251,6.60970348863362,8.18224540815203,9.79209602217955,9.46606079670915,,11.6204897546488,,,12.4602259905551,13.5605830874825,13.9700784116543,15.2069265577512
53.7999999999923,0.705540714998102,1.85909323204792,,,3.94355620645668,4.40811349986707,5.06095351282949,6.19891443358489,6.54546729114819,8.09805870528591,9.7441356560548,9.59690292315811,,11.6317917061993,,,12.4031389104842,13.5830402653888,13.9832822615607,15.2795066462472
54.3999999999922,0.710297757660698,1.87639886267812,,,3.81288137089722,4.48907636688348,5.00353707304134,6.15500527997556,6.4888676658281,8.0750783331539,9.69544900621784,9.72723908027171,,11.6419154194776,,,12.3302692114077,13.5913569973738,13.9892284317818,15.3418251899068
54.9999999999921,0.714925634524801,1.8935206389803,,,3.68189765527876,4.56938350775838,4.94657664555529,6.11128429946816,6.44278573813313,8.04518849838579,9.64672233653873,9.85754735735349,,11.6519742092158,,,12.2565298550457,13.599159748535,13.9947746877673,15.4035782997036
55.599999999992,0.714842342479836,1.90393654728878,,,3.53964790679706,4.62577381734475,4.94570863272162,6.22727248321048,6.54005693722588,8.04479954597749,9.56424553165048,10.1272634353045,,11.6596649900301,,,12.2103333571792,13.6040222832361,13.9857345475474,15.444707881711
56.1999999999919,0.700691410027586,1.91454421008184,,,3.43804398198003,4.55122848968375,5.02261136965445,6.22727529081215,6.65469202031024,7.96338706212212,9.4528299063739,10.2131237221987,,11.6425047181683,,,12.3401180051499,13.5370966869552,14.086091100505,15.4906628293768
56.7999999999918,0.68387653086403,1.93028182713786,,,3.33006964001809,4.5289835269726,5.08643749493648,6.1826197822855,6.74793062191773,7.83253578002538,9.35750259848911,10.158696926477,,11.6240054474915,,,12.4697059537623,13.481954542905,14.1727336206346,15.5326671158649
57.3999999999917,0.665815396930844,1.94424552775565,,,3.21911507224351,4.50041179788164,5.15466344984143,6.13405131570455,6.82361290236518,7.75081528389268,9.26178915960292,10.1040011305764,,11.6048797627607,,,12.5909030237307,13.4255767745239,14.2555175727115,15.5692158200189
57.9999999999916,0.647668858765535,1.95808766416766,,,3.10795627343744,4.47140650364995,5.22319091939621,6.08560726889622,6.90560510070532,7.66518917209599,9.16604925965717,10.0492869004405,,11.5857111506825,,,12.711525077607,13.3688591627935,14.3380371020961,15.6053906601513
58.5999999999915,0.635168285213709,1.97996625482827,,,3.01029892705388,4.4710636466452,5.27808750733325,6.00769937132841,6.87480902255767,7.6096066186492,9.11853111905987,9.92704695475702,,11.5693804106584,,,12.8346663286007,13.2795692590834,14.4380372776649,15.666281172838
59.1999999999914,0.59203674750642,2.1317286877888,,,3.03498516711208,4.47381848672216,5.21962363872523,5.89672782509753,6.97093619655766,7.71444077584373,9.07165626605807,9.77102738564871,,11.4564863573198,,,12.5597380039692,13.2614814577578,14.3125384595436,15.7113163772541
59.7999999999914,0.561982705256448,2.29282944974645,,,3.09094421789893,4.46824704375469,5.12766782498051,5.76797559862701,6.96890258661837,7.8532698097176,9.06613092611523,9.72197085552571,,11.350165540165,,,12.223836332234,13.2765051772731,14.231423546904,15.7313110788629
60.3999999999913,0.530207901310299,2.4514808830966,,,3.1427883328401,4.45393994134166,5.04178705982945,5.48708961011699,6.97089027933425,7.95647977867382,9.06007243721053,9.6725429043978,,11.2429798041054,,,11.8763489856249,13.2875386757499,14.1449809305968,15.7437730051986
60.9999999999912,0.498177432770553,2.60976840399775,,,3.19402106538998,4.43833492601791,4.95680890358306,5.20657608242823,6.97017366439946,8.0702129194537,9.05393473494751,9.62305976887054,,11.135665561501,,,11.5271402810473,13.2975548252076,14.0577467432104,15.7551157388344
61.5999999999911,0.4604318776404,2.7599210825726,,,3.23158705098459,4.39371656720762,4.92466771883226,5,7.05132412500801,8.21259929297467,9.06803404983106,9.61831062198154,,11.0254787035629,,,11.1861005393929,13.3579493590334,13.9528178989428,15.7414402128002
62.199999999991,0.571963301529236,2.7431210499942,,,3.3680441730833,4.38191802537133,4.97982941003669,5.01563287978959,7.0759311287024,8.33499232504789,9.18242859813207,9.79761960290658,,11.1168769276794,,,11.1821271865898,13.2565756634242,14.0617121708996,15.4917543910827
62.7999999999909,0.671618028553221,2.70797963770649,,,3.4761000088374,4.34744198888014,5.05839161135063,5.10601026430447,7.03959395842057,8.41358043755177,9.30790704671605,9.95203459753815,,11.2023054816998,,,11.3814820069358,13.1023671967595,14.1737861084779,15.3151763781922
63.3999999999908,0.773597860127961,2.67614777438418,,,3.58971597304049,4.3247696330348,5.12874516694526,5.26015743688952,7.00354760430588,8.47118829536739,9.43410588969389,10.1069514586824,,11.2889027198476,,,11.5964914675701,12.9425657307852,14.2930588743838,15.148776700923
63.9999999999907,0.876204361145111,2.64520791103845,,,3.70483052043362,4.305278642073,5.19688630270096,5.41339165624541,6.9541207657849,8.52358730790298,9.5604988956193,10.2620035844571,,11.3758149453925,,,11.8157202157605,12.7852579286127,14.4142718909905,14.985120320468
64.5999999999906,0.984756047163949,2.62273041161745,,,3.83416205959669,4.31596911762384,5.18812766098964,5.57761182892003,6.84850954190411,8.4936790732117,9.65190255853194,10.3911189669161,,11.4657154423006,,,12.0098618073172,12.6408414569879,14.5538919793074,14.8474894743258
65.1999999999905,0.95185871521526,2.74022364873848,,,3.7611440873911,4.19268374992715,5.12971676913489,5.54266706276258,6.69120117643115,8.45244587220131,9.67963974725086,10.4331326391308,,11.6788384288458,,,12.0405842828018,12.7372077159252,14.499684388179,14.9854590500032
65.7999999999904,0.921540407490975,2.8638898027049,,,3.69429345332132,4.04711924943771,5.04437834708068,5.47394159303585,6.71302431505653,8.43593170480433,9.62826412032666,10.5390643812028,,11.8932577290046,,,11.9262699620852,12.8228098149212,14.4335775966204,15.0565961016053
66.3999999999904,0.891414742564417,2.98783016402763,,,3.62790349475097,3.90253272392188,4.95835981088838,5.54368096986187,6.74111936834271,8.46539855359987,9.57694818051995,10.6450377046184,,12.1077738586069,,,11.813252681407,12.923570404697,14.3680672524035,15.1285764628325
66.9999999999903,0.860896186186015,3.11121128447771,,,3.56057399695085,3.75595163638764,4.87372835500313,5.61399272424003,6.77242590913568,8.50345751453956,9.52551050992952,10.7509262236484,,12.3220925063355,,,11.6975901113602,13.0227675877942,14.3013404647747,15.1988369095476
67.5999999999902,0.824908952701231,3.22680830134682,,,3.48016700242155,3.58160813356979,4.85075336610006,5.57099038082954,6.8696826969588,8.61577795564167,9.47685881913268,10.8137270415293,,12.5336623933127,,,11.5919406973946,13.0557963046893,14.217681936312,15.2451577742925
68.1999999999901,0.866399096306749,3.0501056122041,,,3.48823618920767,3.60492731913875,4.92529625974898,5.57309721515048,7.06277838182172,8.57803498955285,9.44910700226198,10.9192561374378,,12.2816225675495,,,11.6128902957914,13.1037263962916,14.1547606767803,15.2317040141134
68.79999999999,0.908777994795266,2.87651705753144,,,3.49843069603749,3.67358493786743,4.96161296372547,5.59212869399822,7.19066944493694,8.53902147541578,9.44396166899021,10.8676372921009,,12.030029463077,,,11.6526324844976,13.1638051448138,14.0623165935236,15.2148792442942
69.3999999999899,0.952377932810625,2.70466652797321,,,3.51154513032103,3.74844131468076,4.99361885901904,5.6016588128253,7.32986226254342,8.44204322662992,9.43919465420313,10.8162820043074,,11.7790500985386,,,11.700595780749,13.2341495658521,13.9736530086235,15.2033996750185
69.9999999999898,0.99632302533445,2.53330729062204,,,3.52548494830665,3.82504991101899,5.02440620649399,5.61068609889531,7.47748433267081,8.32594253064629,9.43453457971377,10.7650012170302,,11.5282442215087,,,11.7508829594557,13.3058674371431,13.8860580673041,15.1934310478751
70.5999999999897,1.03966284488419,2.36108650898267,,,3.53797734945181,3.89858576428981,5.03049951608718,5.79431851364119,7.64986524854205,8.15890480299749,9.44266898480424,10.7527062761833,,11.2771341117434,,,11.7953534425042,13.482703780801,13.7965891215534,15.18081278871
71.1999999999896,0.98997315411537,2.33184456662084,,,3.4865455230281,3.86189877385663,4.86864669206877,5.96396200129925,7.71869091192745,8.24498863792297,9.40908148217867,10.6601193166037,,11.305631252816,,,11.8249505299167,13.3898848733078,13.7816394605625,15.1516216286826
71.7999999999895,0.937165389814667,2.29653950358746,,,3.42765730530419,3.84165282412522,4.77643794236974,6.12577780946887,7.68396551031842,8.30277352060633,9.45854036336568,10.6192609628345,,11.332561134029,,,11.898663086342,13.3203148398093,13.8211856933365,15.1818999662
72.3999999999894,0.882461939614264,2.25853612520041,,,3.36423584751679,3.81178319060924,4.69092180094182,6.19628109154861,7.62792375079132,8.40216663269212,9.50741189828028,10.5779934312199,,11.3585381729189,,,11.9596122249506,13.2316314961329,13.8548626341913,15.2038797834178
72.9999999999894,0.827502111828515,2.2201678194934,,,3.30020130232846,3.78061202459185,4.60631078559422,6.26715787316066,7.56858292493541,8.5127163784161,9.55620399892812,10.5366705613089,,11.3843863468878,,,12.0188352051059,13.1419279662768,13.8877457964509,15.2247372867559
73.5999999999893,0.775012029947928,2.18531494495384,,,3.24207277305006,3.76197882893369,4.53687431969174,6.17544743871964,7.34374200170251,8.71358625985792,9.58210192464727,10.4358576416343,,11.4114759071147,,,12.0815950781515,13.0272652674609,13.9282756156219,15.2564063050898
74.1999999999892,0.673774459292075,2.21819873721223,,,3.26704198694627,3.83706787739811,4.61018045733757,6.15752635741653,7.13053010466407,8.79078566835337,9.61476611795134,10.3093791996698,,11.4810555048942,,,12.048496911884,13.0723450001789,13.8744191435716,15.411663378096
74.7999999999891,0.563001541725899,2.24081585308483,,,3.26920889132852,3.86510541282187,4.77514541171311,6.06287837428103,7.15700346714153,8.89791187515549,9.55268038148645,10.2649508093389,,11.5458422822491,,,11.9033890226028,13.1870460605044,13.7390799771271,15.5340028978566
75.399999999989,0.453521935369611,2.26527386543472,,,3.27446854973299,3.89970860246172,4.93554440645448,5.96357601350527,7.18583116556173,8.96149589441627,9.49099535566517,10.2208015761713,,11.6112791259773,,,11.7669888371353,13.3074148029203,13.6077450716386,15.6620039933733
75.9999999999889,0.343917239912269,2.2895538262192,,,3.27942907687079,3.93367676181849,5.09638502095593,5.8644558867609,7.20986521333601,9.03379897190006,9.42927157309762,10.1766253429142,,11.6766530952653,,,11.6297464422799,13.427285786642,13.4760228739039,15.7894575011042
76.5999999999888,0.236427353438196,2.3168440016972,,,3.28944684308553,3.97838101037872,5.21865481619808,5.85529278149496,7.36577575814237,8.99290080664367,9.3773982885005,10.2334615255809,,11.7430900462977,,,11.5189360686754,13.465311234282,13.3508484018662,15.9261687583824
77.1999999999887,0.298926425333307,2.17149727419127,,,3.21381132602114,4.04200602449844,5.28605418795698,5.74555044388007,7.53603849006804,8.87669005987982,9.2942630673479,10.2451331488001,,11.7075411302688,,,11.4562341241033,13.5375904827112,13.4333041976783,15.8519030427312
77.7999999999886,0.380098888179308,2.04984830242347,,,3.18283033952824,4.11115981918463,5.18718598208164,5.75495936601065,7.433436104794,8.75889307276282,9.19961675913041,10.1011443093931,,11.6813781558713,,,11.5412203704269,13.4812207470987,13.6220486707593,15.8017387674995
78.3999999999885,0.460611243295188,1.92725973469011,,,3.15027080734438,4.17696249538491,5.09064824796371,5.77526223046311,7.340795166621,8.65802778101739,9.10476592767608,9.95701298780317,,11.6548833867481,,,11.6217621933549,13.4201911824998,13.8087493638207,15.748684816609
78.9999999999884,0.541121641385367,1.80466838133044,,,3.11770659523579,4.24275523650233,4.99411742301063,5.79556794597698,7.25804518439954,8.54704616108521,9.00991448987038,9.8128812437954,,11.6283876339509,,,11.7022908398717,13.3591538304394,13.995443997674,15.6956222986782
79.5999999999884,0.618449030974416,1.67754634031271,,,3.07753070987375,4.29238904152962,4.93682567752952,5.7138818190221,7.15678281349044,8.40556802692863,8.94128471959911,9.59542596210979,,11.600291982555,,,11.7333759992248,13.4351185976858,14.1722836201664,15.6286259003148
80.1999999999883,0.650396358241513,1.66025585333655,,,3.2236588237156,4.17552475801207,4.94053690303451,5.78492337356036,7.15756681222877,8.31276552620336,8.91971425014512,9.55784405416995,,11.4635286540834,,,11.7142984690502,13.5023010375928,14.2603443661136,15.6719791297475
80.7999999999882,0.674649453662202,1.62750851803175,,,3.35138737038314,4.0302341355836,5.00798958581769,5.87732678593688,7.30042520322511,8.23479210080767,8.98743937510289,9.7317877497277,,11.3228979181732,,,11.7241726955369,13.598689474527,14.2690316826985,15.6660691083531
81.3999999999881,0.698204678441009,1.59376783511155,,,3.47744706718825,3.88140068658189,5.07790606011371,5.96219126017213,7.45071861470052,8.15682568448505,9.05494827662522,9.90558081210392,,11.1819164064918,,,11.7293482456323,13.7014303178439,14.2755583003392,15.6571041010611
81.999999999988,0.722053620890968,1.56044522931152,,,3.60420914444279,3.73405833164258,5.1467855813389,6.04662783657386,7.5924265409936,8.0787985944231,9.12254818160953,10.0794372725167,,11.0410825282491,,,11.7365013603432,13.8053399322466,14.2829943063731,15.6494248669329
82.5999999999879,0.747223784382715,1.5290032467852,,,3.73413071777224,3.59342331863078,5.19331666160863,6.16857360137787,7.73329120751999,8.12247299931681,9.1667391760612,10.3010212208934,,10.9009127449004,,,11.7925344779395,13.7135777131665,14.2945209858602,15.6475293861359
83.1999999999878,0.70900411094198,1.58816218318516,,,3.54637003849457,3.66203957067485,5.16265186916533,6.15025017090305,7.70484426246007,8.17580506592467,9.20708926189566,10.3567920366837,,11.0305619841188,,,12.1398038389599,13.5235512206243,14.2227163958015,15.5124913413181
83.7999999999877,0.675587156847426,1.66145171136182,,,3.3700943208083,3.80525631353861,5.08019037873967,6.05885272850554,7.62968691400369,8.22736071572078,9.19361601173103,10.2310885098909,,11.1626252489261,,,12.2978551377782,13.3694963849133,14.2034544257771,15.373961163269
84.3999999999876,0.641719151256547,1.73409921378002,,,3.19273998312798,3.94618323773031,4.99932129925808,5.9897062588826,7.53446546916645,8.32584629705379,9.1800030108736,10.1052876250459,,11.2944617984554,,,12.4528695628642,13.2122746244739,14.1827959412234,15.2334564703489
84.9999999999875,0.607534604652999,1.80629615238137,,,3.01462868650178,4.08550320234531,4.91956974932056,5.92102093690899,7.44591015150358,8.42705819048507,9.1662919351271,9.97941841581768,,11.4261392426847,,,12.6057527566098,13.0537932735522,14.161157404221,15.091566093218
85.5999999999874,0.574013806562462,1.879437869231,,,2.83810464193655,4.22819276832892,4.84135824762442,5.92535755458634,7.30579057042701,8.50353534420089,9.11418010921939,9.8168424030966,,11.5581503116327,,,12.7421823025359,13.0283643101216,14.14157391958,14.9525813295703
86.1999999999874,0.71044449499257,1.84919276446402,,,3.01057129057062,4.09632916817664,4.77898800595541,5.91006034743358,7.25689155545755,8.49405078254053,9.13044487403232,9.88586389611029,,11.7737365419284,,,12.6075447194622,13.0741338825781,14.2167717273143,14.8876625967574
86.7999999999873,0.840840210959753,1.80609085207126,,,3.16860623458656,3.90444814480626,4.77203050448933,5.83815457764989,7.24033816456151,8.44379488812891,9.16172666722506,9.98876371852839,,11.9862893703394,,,12.5951937390698,13.1184720864712,14.2205443033369,14.8728017728235
87.3999999999872,0.973201274093991,1.76578641073462,,,3.33134100282853,3.72254444925456,4.75813445972104,5.8136868140537,7.23402975213184,8.36064976669839,9.19361739005972,10.0920877549592,,12.1998300554203,,,12.5960751971634,13.1595950081068,14.2304018516898,14.8665444170959
87.9999999999871,1.10539892967647,1.72524937542982,,,3.49368500714677,3.53981119506841,4.74481531576343,5.7894571081045,7.22426711071739,8.28600594863913,9.22545748382305,10.1953765203832,,12.413288605781,,,12.5958564524976,13.2000676929996,14.2397534688525,14.8595717314258
88.599999999987,1.23683575803759,1.68362938024587,,,3.65420961066567,3.35321550745143,4.74967943666628,5.70342398739673,7.2566537049512,8.18208100932967,9.30916019499175,10.2797450726664,,12.6263647360491,,,12.5702647151702,13.2440536267531,14.2467494652534,14.8492684622752
89.1999999999869,1.11970739549878,1.82265478440271,,,3.49470387688333,3.47659756562276,4.68704171831372,5.69285186806732,7.28744876721792,8.30667357821392,9.29227074173233,10.2769847812149,,12.6195993356067,,,12.4404006410628,13.2093139741715,14.0186437036275,14.9667720122998
89.7999999999868,1.00626351116136,1.96859057966311,,,3.34400900370268,3.66555095719276,4.64723821592612,5.75354384665311,7.34431137631808,8.44284466694151,9.27748266516723,10.3569435610159,,12.6146858911055,,,12.2827104229105,13.1038741440936,13.8706129521721,15.044666767042
90.3999999999867,0.890427910206338,2.1111220104812,,,3.18759470960261,3.84236250372762,4.615878529267,5.67248037284243,7.3927739769863,8.57994650282004,9.2619535555841,10.4363860963004,,12.6085702807717,,,12.1089170736969,12.9932481829204,13.7151771327045,15.1120915863849
90.9999999999866,0.77535831648013,2.25474377439024,,,3.03301220348973,4.02306278064149,4.58181449885805,5.59030095380038,7.4364070672323,8.6988235657373,9.24666178040942,10.5159939718388,,12.602839694195,,,11.9402811560568,12.8856703430844,13.5621129719805,15.1828696651153
91.5999999999865,0.661008769314755,2.39939045107135,,,2.88015157752465,4.20741846292241,4.53914577875505,5.52379398459157,7.47019994406595,8.81867889644135,9.226972755257,10.6319449965158,,12.5974710298323,,,11.8070302896655,12.7376155538289,13.4112781697502,15.2567998066444
92.1999999999864,0.868577005395653,2.31696001680849,,,2.88954523191305,4.35817589673125,4.63163028301085,5.45825374073034,7.46715767869089,8.7146468147694,9.13750479734821,10.5097281742562,,12.4477011645367,,,11.8722368324949,12.7285279676102,13.5023746890002,15.132901692572
92.7999999999864,1.079066956518,2.24471964947424,,,2.90592571658602,4.4899486972029,4.68817869697818,5.41376467483521,7.33334958678132,8.65077244737849,9.0435669539862,10.3686930606646,,12.2993998620102,,,11.9899916473809,12.7973494878068,13.5465986531029,15.0023592619545
93.3999999999863,1.29175962486875,2.17561462524632,,,2.9275736593278,4.6329038639495,4.73695054651421,5.51611962960395,7.21806202913923,8.57466403366294,8.95031158537195,10.2281333966665,,12.1522057271856,,,12.1225770839043,12.8798582206957,13.597642518346,14.8814594064276
93.9999999999862,1.50369286897461,2.10542863813303,,,2.9474055562718,4.77200371964872,4.78840349896005,5.6195809392907,7.11019935888342,8.51391100963898,8.85682092197569,10.0874098133308,,12.0046298774567,,,12.2500494112676,12.9593450274754,13.6463351066263,14.7572351090645
94.5999999999861,1.71330440848676,2.03193794154606,,,2.96168545523898,4.89931715500479,4.83356555805176,5.67817505185599,7.04748837808587,8.45516502496401,8.7546960351809,9.90048440008942,,11.8558870525455,,,12.3518371723483,13.0273009990152,13.687839393292,14.6228473596726
95.199999999986,1.45585649817085,1.90416965027198,,,2.9707722502813,4.79210594244096,4.72729539826933,5.66303873676467,7.04434311746787,8.63276925139442,8.8152535271024,9.91325707642586,,11.8725755575328,,,12.3240410663143,12.98019537857,13.6688660682644,14.6836810820223
95.7999999999859,1.19377688720557,1.76199934242733,,,2.96878304855639,4.65228213869042,4.58776508893062,5.59040055681906,7.22851855357943,8.71272852526743,8.88345208552417,9.97606552272646,,11.8869359973118,,,12.2055815755444,12.9120323821185,13.6500447117051,14.7460273811757
96.3999999999858,0.93097862580151,1.61880610904763,,,2.96507530529394,4.50881001715873,4.45077193296129,5.43805240496946,7.40791872379331,8.77719457386779,8.95142798223964,10.0387188505886,,11.9009352166199,,,12.0822835005874,12.8409974478007,13.6289983192292,14.8052277291694
96.9999999999857,0.668498315648022,1.47606544681448,,,2.96212789334354,4.36695201445078,4.3126562686854,5.28524105098684,7.58275922459844,8.8367245367238,9.01950239078259,10.1014408072294,,11.9150942500662,,,11.9611261519277,12.7712277156305,13.6089363454834,14.8658199348058
97.5999999999856,0.409327013256935,1.33803481932497,,,2.96709346242087,4.24189259865688,4.18798892671284,5.1536649559633,7.71651605338001,8.87516055672649,9.07919255107338,10.2344442052513,,11.9309165140316,,,11.8586837597137,12.7141169330233,13.59911949332,14.9408975929616
98.1999999999855,0.578770899480911,1.54185132279687,,,3.11699744376909,4.18238627115434,4.35010204645974,5.1731964081085,7.82342100470309,8.59663084825848,9.03517902739742,10.4085344021242,,11.8932707906413,,,11.9617399089567,12.7801159961175,13.6429054571514,14.8432868471818
98.7999999999854,0.754875562341108,1.75744272984256,,,3.28282964374569,4.15922506757397,4.54546932775034,5.2405935504476,7.73231981856363,8.41890800697819,8.93690124491036,10.5027529191867,,11.85897302161,,,12.0680521445877,12.8453899665951,13.7229561458413,14.8237017115237
99.3999999999854,0.930570960704518,1.97245159065765,,,3.44768315088416,4.1339861821888,4.74228149342758,5.38585267100317,7.63390033112151,8.30290651262965,8.83849665872663,10.5968830977913,,11.8244695410027,,,12.1716088531701,12.9075688680649,13.8017396980271,14.8023249870094
99.9999999999853,1.10617776831385,2.18733435157824,,,3.612324806916,4.1082975548903,4.93940642358417,5.53124085356625,7.53586997403979,8.18918705171331,8.74006462419331,10.6909941543599,,11.7899215313836,,,12.2745690912036,12.9693952462716,13.8802489616311,14.7805604492126
100.599999999985,1.28115655669392,2.4013231912385,,,3.77546465195102,4.0794207103485,5.11023251417327,5.76767949840158,7.43311501767652,8.07485433066797,8.64427536315184,10.687974032362,,11.7550578559143,,,12.3898635612373,13.0648662065494,13.9568137954175,14.756046705799
101.199999999985,1.18087772584803,2.4217904070956,,,3.64597268515695,4.20809394550684,5.03969038252772,5.85481058461549,7.30509160418891,8.1343197232156,8.60280877255315,10.4944805858542,,11.7993404702046,,,12.3524704246234,13.0311668841865,13.9822844198554,14.8603664712223
101.799999999985,1.07527779793994,2.42813529593416,,,3.50375613652648,4.32835786946885,4.99513832256516,5.9591580641444,7.30500768481329,8.21505773326005,8.63333812573885,10.311408130694,,11.8409485029746,,,12.3328931265396,12.9816045964358,13.9757400340632,14.891180761429
102.399999999985,0.970785180731845,2.43605632851214,,,3.36418755042435,4.4542431930684,4.94667696689642,6.02194801397099,7.30911556189133,8.23532223679543,8.66421056045363,10.1285746850701,,11.8831131113355,,,12.3207712139302,12.9382446899096,13.9726240272789,14.926842394923
102.999999999985,0.866265435703715,2.4439387474077,,,3.22455409233017,4.57999079893643,4.89831138441075,6.08477748452193,7.31560501638673,8.25395800883041,8.69507459007134,9.94573538399153,,11.9252640842438,,,12.3084666530763,12.8947768354634,13.9694240292095,14.9623852741628
103.599999999985,0.760309923934319,2.44977749891995,,,3.08148721981098,4.6984495574752,4.85866629997632,6.07229689902221,7.35853997310159,8.30251074455549,8.74326721423549,9.8891355096668,,11.9666933873242,,,12.2605147942218,12.7974891085123,13.9617787091933,14.9916429668896
104.199999999985,0.948583973384501,2.45572874979725,,,3.27454839122114,4.61636236628744,4.84320732335197,6.11361088568869,7.39931269603306,8.41229903472042,8.77808630872943,10.131872203874,,11.748870217053,,,12.1447925509969,12.9033080459636,13.8767656095456,14.8168281298551
104.799999999985,1.13230830002211,2.47005341362676,,,3.45672960316507,4.52423210229572,4.81126821553708,6.08807640012076,7.42931703064067,8.41669052183969,8.7739838968217,10.4364150756379,,11.5287601866673,,,12.0901571522236,13.0300011055306,13.8209057382645,14.616324326942
105.399999999984,1.31456817905965,2.48229358579879,,,3.63540881483959,4.42466738905033,4.78449925437954,6.01803794896178,7.45098592394434,8.44668706924751,8.76942775054632,10.7406418509894,,11.3079140703861,,,12.0256618095692,13.1538606795325,13.7605117453411,14.4094097847071
105.999999999984,1.49702699880618,2.49481692976083,,,3.81456376249567,4.32611262290406,4.75702794467658,5.94770967425095,7.4730130230998,8.47029155194142,8.76493324269118,11.044911567068,,11.0871679491132,,,11.9625059100103,13.2785118849931,13.7007336989182,14.203366121721
106.599999999984,1.68009746701995,2.50821089287472,,,3.99518137299947,4.2306629658042,4.75949368218417,5.79006500974252,7.41686770119911,8.50006964862988,8.76236909218873,11.2841163903289,,10.8667292651359,,,11.9127187094865,13.4430127259307,13.6428493962887,14
107.199999999984,1.43652806619741,2.34614667272522,,,3.89561104671942,4.35708262756795,4.80263050446654,5.81124855091739,7.39802947902714,8.41411400555407,8.828523241526,11.10822316923,,11.0576380840602,,,11.9076224952404,13.3472198686977,13.8157492265319,14.190695446275
107.799999999984,1.18925215213843,2.16303728042086,,,3.78717716647979,4.43455593076163,4.88717609717966,5.87988081032749,7.30571502334822,8.36254840250841,8.92749863152761,10.7453680018946,,11.2466838714285,,,11.9429923745454,13.2619623658616,13.9622351555049,14.5389411834489
108.399999999984,0.94438959605706,1.98336305682513,,,3.6845144591298,4.52428094402973,4.96320147060921,6.03815706799542,7.227478833024,8.28476485680584,9.0272217597582,10.3830337502922,,11.4369427023828,,,11.9946110935025,13.1734519213969,14.1161931569772,14.8977515928516
108.999999999984,0.699848532642206,1.80414644522001,,,3.58262055184114,4.61563805455735,5.03809183297019,6.19596496428018,7.14376022572118,8.20288729897378,9.12704449706421,10.020768891872,,11.6273631275228,,,12.0483943826708,13.0862207711991,14.2711465418673,15.2579693627353
109.599999999984,0.453448475628376,1.62228374600553,,,3.47628114845951,4.6975577542998,5.08093941637718,6.4903167866334,7.12058740759496,8.11667830193148,9.19310456582353,9.65912711298996,,11.8168491532564,,,12.0971085407192,13.0200358623424,14.4203442390075,15.61004923587
110.199999999984,0.501451627314272,1.59710674215421,,,3.45832116379844,4.59126775971626,5.11704255550613,6.42891687554425,7.04971255603529,8.02848000900452,9.10485327639783,9.57425918075369,,11.6493944636615,,,12.2430062877176,13.2063576178983,14.3197592498854,15.6998783504019
110.799999999984,0.557254151390633,1.59200706655952,,,3.45901217367421,4.52261599123711,5.05606641246291,6.34644063304568,7.10187639398161,7.99956326140426,8.98559734330307,9.75585070743526,,11.4858600290425,,,12.1922208340052,13.407991968594,14.1914960929122,15.6240513963905
111.399999999984,0.610831477595083,1.58374004895784,,,3.45438196649409,4.44266773071672,5.00294620044648,6.18410315456035,7.12749263323106,8.01458878631851,8.86565197021162,9.93696193215376,,11.3212071271131,,,12.1264533992677,13.6082138749903,14.0563434317781,15.5384834564242
111.999999999983,0.664124390528142,1.57506819809918,,,3.44907162889962,4.36127561106936,4.95083009286136,6.02218001894195,7.15581275363116,8.03544412135568,8.74561847646938,10.1180117671611,,11.1564112684828,,,12.0587710452831,13.8073040346768,13.9203101898917,15.4516704740663
112.599999999983,0.720867597280418,1.57130748826258,,,3.45201213611783,4.29739933446705,4.9140898582012,5.82425293377064,7.17463356938316,8.0096529713046,8.64650781357714,10.3110224786913,,10.993349656005,,,12.0250237382534,13.9672454573794,13.7949595097311,15.3799614355142
113.199999999983,0.651654641285826,1.5379539753672,,,3.27811066473795,4.20500251320073,4.76780804786924,5.84805121930537,7.20866510728916,8.08348494056498,8.62417016940339,10.4859830155435,,11.1204336799818,,,11.9720716823872,13.875056211235,13.7857126958021,15.5309754603559
113.799999999983,0.593610772914087,1.51995172259165,,,3.13091834148169,4.1554116507644,4.63480964879386,5.8272454206024,7.11958130236161,8.10683243438407,8.60661341032774,10.403120252263,,11.2531317033121,,,12.0337495635231,13.6977082665741,13.8190714835849,15.7221887513895
114.399999999983,0.534676651500076,1.50068228549353,,,2.9815971155636,4.10130130871932,4.50495423605228,5.81936091556747,7.05840565216609,8.1275224045496,8.58878082137585,10.3200653306528,,11.385382252313,,,12.0894334814493,13.5238860335511,13.8496739313069,15.9095048868101
114.999999999983,0.474907530603573,1.48022431187454,,,2.83027911733866,4.04295198859168,4.3780467401797,5.81269286600867,7.00690041905277,8.163545892399,8.57068952193041,10.2368301770274,,11.5172130994809,,,12.1394954515231,13.3467411429301,13.8776911112286,16.0931657436016
115.599999999983,0.411223034566526,1.45419320145127,,,2.66959810414722,3.96472578260512,4.23483115539088,5.74496653151056,6.98091424742434,8.25393933368124,8.54596613484137,10.1271776610138,,11.6470759333061,,,12.1385521342897,13.1560584040107,13.8935857767181,16.2596867250085
116.199999999983,0.469957430069791,1.66584459599456,,,2.78350495619814,4.10895787931791,4.25481488611451,5.75269153635653,7.05189871184161,8.31594766132371,8.50902858668776,9.96133125940044,,11.67923067026,,,12.0681212192551,13.0591651209814,13.8322648688574,16.0169666282515
116.799999999983,0.513466361032248,1.85375121439296,,,2.86100246118721,4.18112201062189,4.37021050207959,5.84900660582242,7.23777129555986,8.40547194950498,8.51037937506623,9.89220832809032,,11.7037325217791,,,12.0484635993749,13.0301038212872,13.7456493074555,15.7786338733205
117.399999999983,0.559743075052132,2.04559748941932,,,2.94511869190765,4.26733713472745,4.47583462173266,6.01053608257709,7.41253722391519,8.47251885926864,8.51258771430177,9.82368281406111,,11.7296255641271,,,12.0474411192109,12.9981339454118,13.6676031650382,15.5524173154334
117.999999999983,0.607175396618379,2.23908865381561,,,3.03199837960568,4.35941884338042,4.5773789364861,6.17038203119138,7.57004506129548,8.52233086220811,8.51515409902707,9.75540673429048,,11.7560994578593,,,12.0541992011906,12.9707625013612,13.5931349349935,15.3312595242359
118.599999999982,0.654800156412992,2.43285373438456,,,3.11933825360708,4.4524774884859,4.7169173152266,6.3606072685972,7.6820196837201,8.57015098057578,8.51865058572343,9.71235123356351,,11.782670078211,,,12.0653186249224,13.0357740011655,13.5192625189174,15.1109441471456
119.199999999982,0.755399934535156,2.33272121403137,,,3.12102196845357,4.1865341494339,4.84241009651256,6.40445121564192,7.73344106738745,8.57215524087664,8.68074364230477,9.67534657456652,,11.6404138463438,,,12.1457784838383,13.2087914673186,13.6924438087148,15.0890824468699
119.799999999982,0.866048326874156,2.25322449903859,,,3.14673539230702,4.03091921051156,4.90849002004246,6.34046521142682,7.64955851326293,8.54718673496946,8.79578133046812,9.69660457651484,,11.5032084221575,,,12.1263704693619,13.3295422288105,13.9176651238559,15.0795378945489
120.399999999982,0.974771684447155,2.17098769357731,,,3.16784539281582,3.86553159465844,4.98136616629883,6.21137195649273,7.56562880154741,8.53867367848845,8.91022257910536,9.71744706575801,,11.3650354038151,,,12.0940014347896,13.4491316481833,14.1369262791416,15.0615663448599
120.999999999982,1.08288384713299,2.08788091458911,,,3.18749381514359,3.6970411724142,5.05640010038129,6.08316911093156,7.49267185326068,8.53737793363391,9.02447445932474,9.73815763050487,,11.2265551761632,,,12.0575173009205,13.5662889806169,14.3542950949773,15.0409192394897
121.599999999982,1.19670835856327,2.01290508088298,,,3.22080243729082,3.55755019464306,5.08035277085158,5.95507777512383,7.42014931540383,8.48910486742596,9.1649145174794,9.73348239389236,,11.0909461877017,,,12.068313062444,13.5431268496315,14.5893500909644,15.0452784086444
122.199999999982,1.11748671729439,1.9885283290922,,,3.09284058381815,3.89034415179759,4.9836927707788,5.80995725927104,7.29433293260105,8.48583110052273,9.17244928706803,9.90894576988715,,11.2608465574743,,,12.0840733448495,13.2889836658546,14.4075273413148,15.1566810031678
122.799999999982,1.02733050790417,1.93776623043187,,,2.93873039940354,4.13766401847481,4.86088846365909,5.79698322815005,7.22485211133686,8.48294763464631,9.17833208552587,10.0110914686244,,11.4252508061496,,,12.1869294133806,13.1510858851903,14.1687468641076,15.2360102902881
123.399999999982,0.937447045282438,1.8873923589523,,,2.78527244676333,4.38636851783406,4.73712124001276,5.75820728726427,7.1628599092812,8.45000826500108,9.18429938996558,10.1132960388927,,11.589792147507,,,12.2916218520478,13.0151100917405,13.9308108466305,15.3165335487286
123.999999999982,0.847926342323415,1.8375348388196,,,2.63268197783267,4.63691461145977,4.61207331457977,5.71890286583689,7.09993214167772,8.40704770210838,9.19037908936284,10.2155789096946,,11.7545158253791,,,12.3987567064883,12.8805778035561,13.6939979805983,15.3986448173061
124.599999999982,0.752083266422482,1.77867806623518,,,2.46497253042511,4.85536439737219,4.50943709497994,5.76406770522592,7.07266484881105,8.44399781757359,9.17020302392211,10.3855234406321,,11.9160616431837,,,12.4463405559902,12.8510734216837,13.4376102195733,15.4530793804673
125.199999999981,0.734868681231908,1.81178944411081,,,2.55209960701085,4.87839086123394,4.4583846461133,5.89251484464435,7.08045175835222,8.49034855967615,9.11822251001999,10.3456295324171,,11.8774348046623,,,12.284342233579,12.9664453566564,13.5173519858704,15.312116407051
125.799999999981,0.73030706444258,1.86898524373977,,,2.66948430343299,4.87644321580478,4.37931446736812,5.89165219491063,6.97754147487461,8.56176797641622,9.06553000470235,10.2946137104134,,11.8451678192118,,,12.0830412985482,12.9609004323135,13.6347927664511,15.2751583078557
126.399999999981,0.726682884255119,1.92751538867173,,,2.78911073471279,4.87925458315359,4.29693472349176,5.93296133981283,6.86202755013867,8.64594638011617,9.01312794829024,10.2438002311549,,11.8133720243049,,,11.8880520077734,12.9535732754753,13.7551359735751,15.2423039141716
126.999999999981,0.722976234649877,1.98592814680653,,,2.90853995311637,4.88164728430944,4.21484613307471,5.97439062895231,6.74041423872295,8.73889670866837,8.96070034012127,10.1929689511317,,11.7815347771977,,,11.6925074606469,12.945917953598,13.8752238445765,15.2090885038562
127.599999999981,0.721268934025444,2.04718677410828,,,3.0327503058324,4.89418992769489,4.13224787148686,5.92516682342618,6.62433546424797,8.71901395250746,8.90247168548095,10.0510285832171,,11.7507024773381,,,11.5330780474584,12.9387291925026,14.0015019619794,15.1846254074701
128.199999999981,0.828787431571793,2.12872078699192,,,3.22089806391354,4.62767331926534,4.10466207037262,5.80663808439468,6.49315415911641,8.61474348187186,8.8946659418382,9.97229964602001,,11.6446419485929,,,11.6651287249508,12.9569774464575,13.9290485953207,15.3244916806943
128.799999999981,0.917050843781364,2.18208010220144,,,3.36300025911953,4.41215214791222,4.25279365232472,5.79965770610818,6.68827543465904,8.49194584548749,8.94539487910177,9.932090252209,,11.5289030969497,,,11.7986011929696,12.9960569843097,13.8148040383213,15.3841523686397
129.399999999981,1.00503160246786,2.23503708897605,,,3.50442653207749,4.19519605101668,4.40192312602294,5.75250152060195,6.89333438447972,8.32463024019151,8.99603624094489,9.89181984852433,,11.4130221731206,,,11.9301705899125,13.0559635086079,13.6996843489814,15.442575717636
129.999999999981,1.09241168180296,2.2871390700154,,,3.6444163731342,3.9751905311471,4.55317326306286,5.70622042508135,7.11566613324374,8.15773222723729,9.04649149243139,9.85141979008868,,11.296839325482,,,12.0576956873553,13.1134797897356,13.5827048776678,15.4983695435702
130.599999999981,1.18254314978691,2.34315737191581,,,3.79098573522609,3.76915277583739,4.70421580100556,5.67893899874986,7.28110542012515,8.09233571635583,9.11967520176025,9.81712522480536,,11.182039428232,,,12.1944458275036,13.0815979158384,13.4742440661012,15.5662077986798
131.199999999981,1.16282522782787,2.18559316213096,,,3.65018464586604,4.0619200995977,4.91848298397923,5.69352310294665,7.42717025054278,7.96449612250607,9.18801127405351,9.87729412508831,,11.086585136488,,,12.0923356755406,13.0642617367793,13.570331386565,15.6870115626502
131.79999999998,1.16140523476209,2.05724345705921,,,3.55314022756062,4.37635939174808,4.90690540536784,5.71913968263288,7.29874866142781,7.82348082331913,9.19017572866842,10.0564823594772,,11.0003280651699,,,12.0135414420243,13.0844707290891,13.7087220860942,15.7165161934048
132.39999999998,1.15853591468862,1.92683078294933,,,3.45262996754725,4.68344099619827,4.90044459104182,5.80360055303714,7.16327234382377,7.78902777775503,9.19189113377457,10.2353577611883,,10.9133425081291,,,11.9249890696925,13.0727672351448,13.8426254793146,15.739676276464
132.99999999998,1.15633072525246,1.79736343100266,,,3.35370787338611,4.99389414191832,4.89163910231777,5.88709389547785,7.00200654046302,7.76099772153644,9.19381230854713,10.4143765134111,,10.8266907678769,,,11.8409082064915,13.0637064718295,13.9785851080033,15.7657436457866
133.59999999998,1.15355030205079,1.66707729251457,,,3.25341019651259,5.30142704232623,4.89095185690711,6.02700616628028,6.87493209776636,7.6960643359606,9.16532575491033,10.6968628113058,,10.7397498937141,,,11.7468136163475,13.1082101616808,14.1127637375861,15.7892928821835
134.19999999998,1.09363979523776,1.65646623578148,,,3.11997893275853,5.15838172904708,4.76349404374711,6.17590221313543,6.82803544299577,7.82842218456898,9.02969865775251,10.7578478562922,,10.8258424612601,,,12.033916841646,13.0750364370216,14.19483366861,15.607183391236
134.79999999998,1.02109952163964,1.62244594732122,,,2.95634553225534,4.92984956040944,4.76655039528164,6.22302432568543,6.88578150990071,7.98419498561529,8.94674252989914,10.5749005273149,,10.9055868377308,,,12.3237455178925,13.0273902128052,14.2237509102465,15.5651048857283
135.39999999998,0.949539719401769,1.58982125974889,,,2.79505677758833,4.7062948758221,4.76614524998809,6.21196296752461,6.95272127118723,8.06046776111755,8.86409018454672,10.3921648299926,,10.985824035617,,,12.6201755860873,12.9945056284218,14.2557038196765,15.5273184739166
135.99999999998,0.878145040731661,1.55743160871833,,,2.63416289043229,4.48357846143651,4.76515714558969,6.2006610517659,7.03129506040942,8.1197720904039,8.78148899994423,10.2094647740736,,11.0661442307571,,,12.9177174107642,12.962278109209,14.2881679733069,15.490254904048
136.59999999998,0.803863935672412,1.52093342438897,,,2.4663665603401,4.24620874671118,4.74525961196216,6.10495801620814,7.08392321964817,8.17191664363921,8.72232013106322,9.90536834252312,,11.1450136005118,,,13.2260506463112,12.9431150331802,14.3116953726535,15.4405557662349
137.19999999998,0.833203335913429,1.56687679410462,,,2.59001393638785,4.31764071891886,4.75668167239871,5.89608874712818,7.05935385280179,8.15996909814279,8.73406107817964,9.773578264982,,11.2455883359138,,,13.1450885982153,12.9793018403742,14.1370774354717,15.369113729968
137.79999999998,0.867259545457507,1.61692744459663,,,2.72494083343147,4.42643840513112,4.81820159079868,5.70935568917743,7.00708999195833,8.11498155850924,8.71146650433484,9.92105820238806,,11.3485339153108,,,13.0703113952841,13.0172599998348,14.0324895562241,15.2774126439295
138.399999999979,0.902978295155417,1.66934455127405,,,2.86384343849384,4.54367618193217,4.87385200835976,5.59595167044986,6.94533963863219,8.07457577966928,8.6893870404892,10.068896993873,,11.4523151492972,,,13.0067278688073,13.0561590736737,13.9330491191227,15.1929894635909
138.999999999979,0.938006597627669,1.72077887681133,,,3.00109494564725,4.65740881804981,4.93194000949584,5.48355351858588,6.89621723139332,8.04208411133056,8.66709365322652,10.2165867544932,,11.5557493387978,,,12.9384956468775,13.0923106970427,13.8314709669473,15.1055437939678
139.599999999979,0.973568852789024,1.772973229492,,,3.13962331819413,4.77385213099261,5.01396287290256,5.36420178820328,6.87421703834375,8.00296762699811,8.65584212054078,10.4427360504359,,11.6594519128027,,,12.8529905151048,13.1274679238475,13.7315460022566,15.0204355459771
140.199999999979,0.999115978748596,1.73676078454651,,,3.14304392127936,4.8213002433054,5.11154035680955,5.50669225107039,6.85101994007927,7.88213714276801,8.72150144664404,10.7130523026613,,11.5122276565388,,,12.7809053931599,13.1982629694808,13.921193733774,15.1197269143242
140.799999999979,1.02511806908913,1.712488597524,,,3.14755250141409,4.90803344440928,5.10223625274179,5.65363629854119,6.88757309947642,7.81473576244125,8.7430535829598,10.7569816182831,,11.3652320823059,,,12.625965816132,13.2153361287573,14.0892944332219,15.1378358361654
141.399999999979,1.0501047791476,1.68677112032733,,,3.14963295641743,4.98961194200698,5.09651688940938,5.79638655749099,6.93621575880181,7.75706710772118,8.76429112083482,10.8006917672529,,11.2177261401333,,,12.464189809719,13.2340566365142,14.2542513822795,15.1514998476495
141.999999999979,1.07546135723605,1.66158011251267,,,3.15259789369282,5.0730681203762,5.08949172861515,5.93859798019003,6.97145602834267,7.70198760780702,8.785643256075,10.8444817510751,,11.0704061074054,,,12.3049040788335,13.2542489353872,14.4203534912184,15.1667829867306
142.599999999979,1.09934606224151,1.63429404362325,,,3.15204307380315,5.14905215310949,5.07866071975187,6.19883430882592,7.05954225556156,7.68072520044865,8.77987496767417,10.878613859937,,10.9223462564578,,,12.1400030347686,13.2767096553364,14.5818984882458,15.1756228808304
143.199999999979,1.01476191499906,1.68191696744519,,,3.08248441262833,5.01310276669755,4.9613656024047,6.16177294592319,7.20924744503467,7.87933957523523,8.68273221254854,10.6850025560042,,11.0249615687182,,,12.2273359926132,13.140098389692,14.3941649015207,15.1161764305333
143.799999999979,0.930471339966138,1.71836298344545,,,3.01362778406069,4.84889023609744,4.87248526826455,6.15891773958626,7.35994278698094,7.99493006862908,8.67309340858855,10.6053594180873,,11.1277244413138,,,12.3275719389453,13.0884559317922,14.1610362832512,15.140732271561
144.399999999979,0.844099730975643,1.75184686005287,,,2.9397946841739,4.67411307938548,4.79095190288069,6.08237508531968,7.49575546644344,8.14996135789458,8.66280983139102,10.5252670955321,,11.2294413087506,,,12.413796541997,13.0273276200276,13.9214645111879,15.1561782159857
144.999999999978,0.757374341558285,1.78482716633897,,,2.86511557303336,4.49753991260769,4.71066753861614,6.00634783033684,7.63937434314088,8.3076736214515,8.65241664130059,10.4450984105832,,11.3309803529711,,,12.4976391853556,12.9647915334702,13.6807973885702,15.1700754576137
145.599999999978,0.67423243403408,1.82290819327363,,,2.79900580541506,4.33915873459498,4.62676575410784,5.81746868670515,7.67818664269379,8.5039015129609,8.65247095087629,10.3234267323155,,11.4343205886296,,,12.6035181092969,12.833028532628,13.4512251954058,15.1996596847506
146.199999999978,0.555984240565338,1.89853399452433,,,2.9236987002755,4.191721676303,4.63234625886223,5.80195253947719,7.77056644690609,8.54165598086574,8.73615227890063,10.4788787225066,,11.566894713173,,,12.3448035787983,12.8860334194231,13.3991148248119,15.3295577624797
146.799999999978,0.442202253635909,1.99007951877758,,,3.05907183833328,4.05588275020703,4.59268579792273,5.78041527205732,7.72572142043792,8.7187847813413,8.78899949935133,10.3583852294937,,11.7017137194332,,,12.1020734899409,12.9301466842523,13.3625295077052,15.3909913244712
147.399999999978,0.329818703659168,2.08361557527134,,,3.19778912239182,3.9271431621541,4.54808823705633,5.80723718753931,7.68106202471125,8.88902727480651,8.84228000188284,10.2381935846939,,11.8372356321796,,,11.8687589034728,12.9703708519718,13.3302739346289,15.4585466587653
147.999999999978,0.218251512277022,2.17831363488501,,,3.33845860195267,3.80254791941219,4.50060856988616,5.83286980422305,7.62021933774832,9.05120095366744,8.89581343934347,10.1181781483322,,11.9731678771545,,,11.640940758073,13.0138435008505,13.3005459147217,15.5296756696749
148.599999999978,0.108133764760002,2.27507482987155,,,3.48259420266797,3.68531095760937,4.42973337046483,5.98112612680962,7.6460393591455,9.08200645129646,8.94516252883677,10.03241453054,,12.109828666589,,,11.3969790532659,13.1339260660918,13.2753055629287,15.6071497398274
149.199999999978,0.163589790408628,2.25651120783967,,,3.44841249300377,3.84388351497829,4.38956865838755,6.08357735636906,7.52094774808753,9.03235587943129,8.98953220779571,9.66463170923153,,12.0195267185369,,,11.5386721257507,13.2063387297138,13.3634849374562,15.4051343781756
149.799999999978,0.214777171407234,2.22417560647273,,,3.4040229788782,3.98647524726913,4.46844050083023,6.10503955513023,7.39158970443632,8.89238632623022,8.9958898745537,9.64974495275259,,11.9270791907203,,,11.7956586100114,13.2121458390619,13.5053516631169,15.2781786390469
150.399999999978,0.267334538718797,2.19379004076442,,,3.36290957544232,4.13602188441438,4.54247568667164,6.14673694143036,7.28521474422712,8.68956908360888,9.00267200844187,9.63515390352862,,11.835320269039,,,12.0618690420419,13.2328658468967,13.6514600459022,15.1572201272217
150.999999999978,0.319317357828446,2.16258666434449,,,3.32042222871355,4.28265175659585,4.6185392813588,6.18927134897626,7.19553663455356,8.48697075341253,9.00927612826896,9.62043883988021,,11.7432725580368,,,12.3242111123578,13.2512995934964,13.7957895521764,15.0337464835816
151.599999999977,0.365258972672541,2.12278425038001,,,3.2634882749743,4.39861270860326,4.73012764598628,6.05447749191543,7.07359745335405,8.39213671144077,9.02596813142392,9.57031370675064,,11.6481883128138,,,12.5739180763209,13.2435162519518,13.9214146985188,14.8838269734364
152.199999999977,0.342579033229638,2.03572547806124,,,3.21682014178636,4.35774003555752,4.71267916010781,5.92176140237025,7.08391687139014,8.55415909826302,8.95526305777919,9.67951036891891,,11.6676960132556,,,12.6125551768347,12.9965068740127,13.9042524734139,14.9712046232823
152.799999999977,0.328013617645974,1.95904843224604,,,3.18955663922472,4.36114656013195,4.54050282264055,5.85828992719895,7.16227589847639,8.70519421865762,8.88558949852213,9.72094251366771,,11.691282375556,,,12.4703052691103,12.7960913365094,13.8071656375845,15.0323043336151
153.399999999977,0.311103792865981,1.87903435927316,,,3.15668684413558,4.35265140164183,4.37660328481043,5.73030460464608,7.22741581436625,8.89789282585296,8.81518956365282,9.76186862505375,,11.7136903504953,,,12.312270745311,12.5938914830658,13.702820203712,15.0831412006589
153.999999999977,0.294553108276823,1.79953148569844,,,3.12467587734798,4.34597946272181,4.21143582352755,5.60179607451879,7.28089829247034,9.09171024102322,8.7449009023088,9.80287225572175,,11.7362788426679,,,12.1566542678302,12.3931207321655,13.5995867149253,15.1355502333052
154.599999999977,0.280431257442299,1.72348580902147,,,3.09847309138073,4.35163779857197,4.05798354691265,5.51213100277253,7.28983143077171,9.25962449352632,8.67526860747169,9.86622363109048,,11.7600881571282,,,12.0272979205752,12.2302011812423,13.5038732136717,15.1985916846572
155.199999999977,0.529762707888901,1.74369516662595,,,3.21714053942815,4.28242243543738,4.08028782191936,5.48982069891418,7.24578202717132,9.09699885167667,8.62062107511256,9.84201578432459,,11.8456028227153,,,11.8873608179838,12.3926768059362,13.4938325411444,15.2734678182136
155.799999999977,0.77795396795424,1.77399216158039,,,3.33308139824873,4.18082737567746,4.16219027844041,5.49882235422604,7.08967937091082,8.97426042219375,8.65444312950023,9.76889004473464,,11.9305443861566,,,11.835699482369,12.5793892136213,13.5659095174359,15.3351489232811
156.399999999977,1.02602290424629,1.80411504113165,,,3.44872973865691,4.07861132416166,4.24452459189562,5.5241107753135,6.91603273412239,8.88439717578074,8.68822728393517,9.69573790194061,,12.0154244651145,,,11.7832145559786,12.7628681889876,13.6376077633015,15.3962945460113
156.999999999977,1.27390012611918,1.83396503477875,,,3.56391962363962,3.97542201070019,4.32753574190241,5.54967849244892,6.73998301077871,8.80281092085584,8.72195203889378,9.62254437819147,,12.1002081812665,,,11.7294388402048,12.9455842879869,13.7087124362068,15.4566009231683
157.599999999977,1.52260543569125,1.86499372672877,,,3.68108975246684,3.87643658679899,4.35732335063639,5.7380872409028,6.63597596904602,8.69953616153657,8.76241723694693,9.6037903970572,,12.1854081251316,,,11.6668069895319,13.1009281528028,13.7823809771258,15.5205323220567
158.199999999976,1.33006865763019,1.93540279845537,,,3.60301180142411,4.05198358709207,4.33991299602531,5.88250812842545,6.45667280194965,8.81508404444254,8.85807561820009,9.65350941123531,,12.0759232063946,,,11.6350430714753,13.1133411068455,13.8476788403022,15.5300726499654
158.799999999976,1.12771740746088,1.98177097933642,,,3.5014640560941,4.24843090709949,4.36767776209331,6.00933453292618,6.44976745721784,8.91258608241926,8.82691346246958,9.77409574986967,,11.9615051685145,,,11.5759554483519,13.1007994708053,13.864978112611,15.5314884332521
159.399999999976,0.927211134069973,2.03076529631328,,,3.40432828779541,4.45424447977268,4.38892894548054,6.1612748550974,6.45675934967885,8.95675487694242,8.79632294164289,9.89508032094859,,11.8480144846649,,,11.5292898248294,13.093261624419,13.8879896747561,15.5409807535089
159.999999999976,0.726527575633242,2.07950726612587,,,3.30676856968915,4.65915804299752,4.41080602336011,6.31347345211813,6.48126815427862,8.98827054169001,8.7656774920376,10.0160266256073,,11.7344346907496,,,11.481430563103,13.0850183195062,13.9104523391712,15.5496969939562
160.599999999976,0.526805220677416,2.12961741096731,,,3.21150742126127,4.86895127450223,4.46554314323631,6.35188507249569,6.48170884233956,9.04205169166726,8.70282693777368,10.0234425917292,,11.6213380334963,,,11.4404723076406,13.0419777992991,13.9358910155012,15.5626209813731
161.199999999976,0.586881533170582,2.13559454733924,,,3.22900159769532,4.6593279933028,4.52203642819027,6.30852894194789,6.58013541737742,9.04280834478712,8.57171087624036,10.066399163415,,11.5143509819909,,,11.6360875667085,13.0124647074044,13.7662432459499,15.6839848644726
161.799999999976,0.643063555321391,2.13703899756647,,,3.23718318018116,4.3597713249081,4.59820642882721,6.23899917095243,6.75036826280614,9.04584172297208,8.54298915351677,9.94779055832571,,11.4054065151423,,,11.8615207854166,12.9882261880362,13.5775822485001,15.8209000448103
162.399999999976,0.69962374842248,2.13902173553518,,,3.24626910009069,4.06213448808332,4.67304131902771,6.20852975510615,6.93393076544795,9.0511630808139,8.51438460068215,9.82926358024162,,11.2966521310954,,,12.0895001821862,12.9586361950186,13.3900921178604,15.9594706994601
162.999999999976,0.755899830156503,2.14060006997691,,,3.25467561154343,3.7630553247862,4.74887924780394,6.17847424230623,7.11522799732571,9.0674172545022,8.48569202073671,9.71067527761148,,11.1877549420958,,,12.3155666923931,12.9279156566383,13.2017223412037,16.0967976333291
163.599999999976,0.807863250554284,2.13603977127247,,,3.2527690594487,3.44208240315135,4.80989508065211,6.04845788036148,7.31404887279066,8.99286842859902,8.49610021255193,9.67490396650545,,11.0766900489177,,,12.5334586217356,12.9679451228215,13,16.2152455389503
164.199999999976,0.816423859414963,2.04774893545596,,,3.22816067968496,3.52575108108786,4.91698291491895,6.07471564958604,7.44036055605374,8.77318513899607,8.58563006132776,9.65054882164561,,11.1474857860165,,,12.4107206333058,13.1358091891183,13.2430020857808,16.1142371527487
164.799999999975,0.827669601868535,1.9663589143563,,,3.20997338222566,3.68436407635898,4.99599123169843,6.04280839180097,7.40857601467107,8.50800910969817,8.64380524513428,9.75830457453024,,11.2196311712539,,,12.3410733605647,13.2689262190525,13.508686446345,16.0309447535247
165.399999999975,0.83717605297558,1.88249318958376,,,3.18762683812356,3.83414734412775,5.08114001491819,5.92694036236321,7.35467679711503,8.27635667220671,8.70144153887772,9.86568490684701,,11.2909023238943,,,12.2597156551179,13.3917930373766,13.768985733017,15.9400384639669
165.999999999975,0.846551615106257,1.79844115771538,,,3.16496729324868,3.98326613782952,5.16675089401885,5.81126301640777,7.2898725007205,8.05988619609717,8.75903727888145,9.97303698718943,,11.3621076868613,,,12.1774766904427,13.5141390179503,14.0288797702689,15.848559197194
166.599999999975,0.861408865613294,1.72219174964251,,,3.15541635954571,4.16021340013518,5.24496658124831,5.83788554054902,7.1984409343618,7.93094308871415,8.7986813669987,10.0642954033338,,11.4360683505285,,,12.0910947429166,13.5657058626302,14.3057458329513,15.7810764702915
167.199999999975,0.705755065216264,1.75009088038079,,,3.20652916219676,4.08740104917794,5.14155591096009,5.73455939915455,7.22326360636547,8.13515078763171,8.82873734135732,10.0289304459963,,11.538912301711,,,12.0220337600519,13.2909966759178,14.1789029183963,15.9106770668907
167.799999999975,0.563493753812126,1.80092595494236,,,3.28966803398651,4.04470881593713,4.98986316690466,5.73892572377589,7.15955508296643,8.43450779098703,8.82968222666398,10.0152444295705,,11.6484878165636,,,11.8402464447108,13.0505994781722,14.0922467149746,16.0183840104351
168.399999999975,0.423465814416027,1.85494000655963,,,3.37814767001631,4.01335457174836,4.83028563351064,5.81403656299294,7.11182459971821,8.67834348622573,8.83131908458312,10.0020404794773,,11.7591859073517,,,11.6734961458234,12.8293366958556,14.0125053239087,16.135867722876
168.999999999975,0.284242581323962,1.91009947545076,,,3.46855163689509,3.98608551857733,4.66786713154362,5.88797507886382,7.06104470636599,8.900951347796,8.83320526716586,9.98901022271195,,11.8702884734931,,,11.5121638345787,12.6112760275183,13.9352554089937,16.2568741030759
169.599999999975,0.141591780451198,1.96038015151565,,,3.55075910477253,3.94141599390482,4.52226996304913,5.95118896878503,6.9995026231404,9.13142403037184,8.82341137409223,10.0018295471089,,11.9796682164352,,,11.3472899746167,12.4634158420609,13.8473932951456,16.3628760245651
170.199999999975,0.192166895245526,1.8517582023087,,,3.43442129292962,4.02511191770534,4.56859332922592,6.05284918006519,6.82268538505139,9.04831175762573,8.8326135275674,10.2145526898121,,11.9534490319819,,,11.5416306225623,12.7415819650446,13.9254134310296,16.2135054280017
170.799999999975,0.220672321212075,1.69883511795216,,,3.26530722862251,4.01386192860292,4.68077069310096,6.17469034999135,6.97855242212837,8.88491894373275,8.85144884912219,10.2658570052765,,11.9161368001028,,,11.8079214004039,13.0366884410178,13.9573710157535,16.0112406456254
171.399999999974,0.2475403238323,1.54358132862095,,,3.09227751926281,3.99429935749073,4.79872888439576,6.27280132314239,7.12479673069331,8.76355531757498,8.86977684269611,10.3168078880489,,11.8780015382769,,,12.0631876101462,13.3291404680131,13.9842589232611,15.8018079084318
171.999999999974,0.274503309858374,1.38846273847142,,,2.91947494804917,3.97521898137872,4.91635174232779,6.37077392125547,7.28536622818037,8.62457835430515,8.88813426527486,10.367779272691,,11.8399140186477,,,12.3190933313683,13.6219704561232,14.011440911838,15.5927909688773
172.599999999974,0.303339162235826,1.23600998237806,,,2.7511510474734,3.96564644279415,4.99922914878305,6.40344245291414,7.47848373502412,8.47480757958588,8.92297670841332,10.3544795469566,,11.8027678713868,,,12.5853101844223,13.7874888168532,14.0444215400239,15.3919726551817
173.199999999974,0.407573789827012,1.24152822130191,,,2.81921790886751,3.99775848429433,4.98620589429238,6.44009063483218,7.73540508854335,8.43477714005862,8.88437798603137,10.0355100232019,,11.7526350462419,,,12.4302317382018,13.6455460549283,14.0435948071218,15.3847120571929
173.799999999974,0.540067880942177,1.29727906984549,,,2.95486291295082,4.11369774686842,4.8702369608336,6.39304684180593,7.63984990099503,8.38120379660533,8.88706288044457,9.91952651266435,,11.7167064797625,,,12.3057191480962,13.4518516706485,14.0550122481206,15.4226340524161
174.399999999974,0.67285890105878,1.35345256651051,,,3.09121797688399,4.2311444062175,4.75321973688998,6.28619412171053,7.54759602867437,8.30161900129824,8.88983977329764,9.80360709332745,,11.6809271608559,,,12.1832057440874,13.2417141509481,14.0673490202086,15.4618558786611
174.999999999974,0.804993265964319,1.40869138151844,,,3.22600275129233,4.34525747422209,4.63852079578891,6.18029803912427,7.44653725977687,8.25097476307048,8.89241321261892,9.6875459370261,,11.6448177825883,,,12.0562711620646,13.0289636470808,14.0776527017274,15.4982031429333
175.599999999974,0.940580524287029,1.46884503781072,,,3.36904458705039,4.47689958245206,4.54012011734993,6.07727389189093,7.27562299949772,8.17175173123658,8.88859483984986,9.61632538245333,,11.610443957128,,,11.9260722046496,12.8814812524959,14.0986469936679,15.5496657309643
176.199999999974,0.856653832754492,1.48633729136582,,,3.31963079256907,4.50404755874947,4.3367743057873,5.91647197153095,7.04446197318805,8.12846426880937,8.82506665167744,9.68863934126703,,11.6102316326751,,,12.043661600525,12.9047859102222,14.0312430729734,15.5077178025061
176.799999999974,0.748625907951212,1.46537107792754,,,3.21258262087793,4.44980513094624,4.29162058164777,5.74516967345684,7.06002990283114,8.08557571173817,8.73094615477766,9.58832141629969,,11.5979051309266,,,12.1567542565242,12.9648228322888,13.9614412865599,15.5028212062543
177.399999999974,0.640602541442529,1.44441135275608,,,3.10554534964434,4.39558584389076,4.24645076471879,5.65206121622123,7.08357869928903,8.06257099467548,8.63682707018749,9.48800447521858,,11.5855809203467,,,12.269877602962,13.0376607329387,13.8916536132268,15.4979445643168
177.999999999973,0.532896994886771,1.42390401184238,,,2.99926809574475,4.34298000911027,4.20015890302191,5.55848974813675,7.10971839277844,8.02727783245444,8.54280645674443,9.3877561345759,,11.5734164579098,,,12.3851407916861,13.1117633132728,13.8228499521092,15.4944592052557
178.599999999973,0.417648119017527,1.3926595117256,,,2.87495213476752,4.25207953068051,4.21732082136088,5.4491255288139,7.18104027739827,8.04258492146263,8.4346621848674,9.2363582192553,,11.5574604372683,,,12.4774859154979,13.2873780523108,13.7306911551012,15.4579523042538
179.199999999973,0.428666012461984,1.58291527252978,,,2.9815259843165,4.21466640054271,4.41344503725081,5.46573979964418,7.22567422341018,7.99803778318454,8.48735447381592,9.32125044130219,,11.4875846991437,,,12.4441972188387,13.2902328692438,13.7838200716049,15.489116686245
179.799999999973,0.448346256842461,1.79154290562482,,,3.10881450833097,4.26109599040527,4.46264998583257,5.53408150773769,7.06330453420773,7.99429463482182,8.55270698455954,9.48861567899661,,11.4220629811553,,,12.3777935417688,13.2447008130711,13.8786276154162,15.5002961454229
180.399999999973,0.467638580551516,1.99961837324597,,,3.23517537996936,4.3055562530324,4.51322446566647,5.54584492518873,6.89000751804371,7.97960645494184,8.61793930463227,9.65589718523634,,11.3563462797923,,,12.3087780429735,13.2017689042316,13.9722341060037,15.5097774500846
180.999999999973,0.487049113768353,2.20786210003381,,,3.36181893138958,4.35061662083699,4.56338161374224,5.55743613102984,6.71837659318771,7.95962507761123,8.68320824992543,9.82320420662698,,11.2906889949297,,,12.2405584341188,13.1593073785812,14.0662065887151,15.5197762265491
181.599999999973,0.511446928316583,2.42320471266108,,,3.50038879588882,4.42099553877078,4.55470458757709,5.69545558067315,6.56540525971897,7.92392281719341,8.78509417439967,10.0468101573305,,11.2275385033761,,,12.2129204580369,12.9952999856279,14.175620347868,15.551607235548
182.199999999973,0.595736449661891,2.28880819422492,,,3.36214916804209,4.49475873465676,4.49757863767693,5.74441142222083,6.55548597264392,7.8666207552576,8.83295284322197,9.96081171015409,,11.2936237137541,,,12.3028830753382,13.0997876585829,14.2584534996755,15.3813390044163
182.799999999973,0.680443898536504,2.14893651282131,,,3.22490894931889,4.54089530305747,4.53889581751089,5.78690012146555,6.7303171201971,7.85360129193139,8.8789513108675,9.81108412353166,,11.3599189900752,,,12.3400895741317,13.2652131789464,14.2467952483907,15.1798410596455
183.399999999973,0.765662806477361,2.00979284118498,,,3.08889180596396,4.58962835662526,4.5784073210097,5.85331462553326,6.90827786238767,7.84766093354489,8.92510824547037,9.66146693373901,,11.4264713447682,,,12.3807396633192,13.4195971719576,14.2367205413825,14.980582068829
183.999999999973,0.851058345226735,1.87090058547289,,,2.95329704790913,4.63925809832484,4.61729523976274,5.91947180786873,7.07967015832216,7.84312998937631,8.97131990614746,9.51188786915151,,11.4931124806828,,,12.4225789858122,13.5746840201319,14.2271927065,14.7820962938447
184.599999999972,0.932678614230717,1.72663461868361,,,2.80867431530273,4.66972221652166,4.68651885239774,5.84757742067066,7.25849533201407,7.82923146213884,8.99837503189394,9.36505810862248,,11.5578560254433,,,12.4401062346723,13.7734373195094,14.2059761418454,14.567083966319
185.199999999972,0.803832203799584,1.80147996674774,,,3.05682213322229,4.51034942878332,4.61471213777784,5.81779666004341,7.42785609338106,7.98792009397192,8.91590695328421,9.46141691328254,,11.608780478346,,,12.2479644164189,13.5998109857925,13.9818974485152,14.6887452264539
185.799999999972,0.677288393434422,1.88310251266058,,,3.31047626363219,4.34358282434129,4.48737051580256,5.83098918243669,7.48846987769365,8.11525888277123,8.81220681790435,9.6369382514536,,11.6608623037881,,,12.1188833998975,13.3727588162461,13.8241743764214,14.8480821150755
186.399999999972,0.550322122066172,1.9641237284634,,,3.56312014379717,4.17467154439811,4.36152036770456,5.94761691085578,7.54649275565239,8.30349099379364,8.70837579011349,9.81236840274794,,11.7127317845989,,,11.9869580058919,13.1524026868894,13.6651433097135,15.0055696460537
186.999999999972,0.42232068022329,2.04367148477287,,,3.81328857364158,4.00050509358875,4.23932482846373,6.06575271062417,7.61527261675293,8.51199959045795,8.60422403222635,9.98757511574728,,11.7640809501825,,,11.8480629375947,12.9279273728929,13.5029072195869,15.1585256334888
187.599999999972,0.295652155747117,2.12511651288052,,,4.06664446951558,3.83310536254605,4.08865206952357,6.33456296379335,7.63615785912771,8.75996237491637,8.47623653138011,10.1527183300873,,11.8161000896685,,,11.7158135388143,12.7419403228782,13.344798016268,15.3173165758755
188.199999999972,0.323772678100994,2.03514655541798,,,3.88705069283739,3.94661371615297,4.08939077531412,6.4305518750404,7.45004710966774,8.83073621460405,8.49772513964826,10.1927372446978,,11.7651264968788,,,11.767877738191,12.7588186338738,13.4843669172842,15.355527205372
188.799999999972,0.353003365386269,1.94415743431972,,,3.71011170410366,4.0642231771297,4.12850948576156,6.45938091999885,7.36938480549388,8.88111551113412,8.56447372657226,10.2358510021501,,11.7147109143145,,,11.7213080026641,12.7851776802272,13.6231714281236,15.3853946804061
189.399999999972,0.380755049574165,1.85106310329897,,,3.52963590787659,4.17432429607107,4.17284973020171,6.3481674744799,7.28658804724826,8.90747471931761,8.63076406935654,10.2786455214302,,11.6635519297197,,,11.6647803228923,12.8023378532389,13.7573967515926,15.4087876982362
189.999999999972,0.409160246547148,1.75889898101273,,,3.35072288654796,4.28774305344307,4.21488278595053,6.23600196943496,7.19427415551344,8.92383779151366,8.69725689204495,10.3215810993921,,11.6127214249856,,,11.6126526635704,12.8220985059709,13.8936454362682,15.435041521812
190.599999999972,0.437291585013206,1.66634504909924,,,3.17115497489413,4.39977153425451,4.26800839660487,6.08215953448479,7.17744874512624,8.89596282933076,8.78720819873169,10.3414063674674,,11.5617532687682,,,11.5425760000488,12.8182186008743,14.0290462191251,15.4600965073421
191.199999999971,0.482966481627904,1.72399078329269,,,3.19373410683136,4.28731310174509,4.32885722514114,6.16710874481243,7.27511931991945,8.91138277804293,8.84304311567115,10.1884669358346,,11.5676965213076,,,11.4282847409562,12.9094175053249,14.0370514776869,15.5199121410594
191.799999999971,0.524367353517794,1.77515546646285,,,3.206092568718,4.18774986146532,4.40332569848697,6.2359384336962,7.18853370299065,8.90620314230638,8.84850520501187,10.0542827120519,,11.5714914898702,,,11.5136429817593,13.0748602760427,14.021715979059,15.5463228883668
192.399999999971,0.567975898261741,1.82946254656638,,,3.22373033928687,4.09939414530911,4.47000011185525,6.33381808271642,7.1011823959939,8.84364252083256,8.85465130451507,9.92057500752029,,11.5763961170167,,,11.6138652098222,13.2573764353429,14.0132157248387,15.5823979044218
192.999999999971,0.611927766013138,1.88425831192226,,,3.24218911380599,4.01278135083648,4.53546244341224,6.43119756717384,7.01531300281635,8.76916216550845,8.86090377685632,9.78694140818132,,11.5814733110911,,,11.7163989890715,13.4412587569265,14.0057784436321,15.6199758450633
193.599999999971,0.661567054242446,1.94714953971765,,,3.27424847604504,3.95504144941066,4.59793138764205,6.43930443408898,6.83287737940279,8.64178249809883,8.88622213277691,9.69245141461597,,11.5894092144807,,,11.8617313141667,13.5912051570363,14.0159501613975,15.6824509347012
194.199999999971,0.718071317777391,1.95596775723082,,,3.19742778235613,4.00863196678712,4.66713472570989,6.31355459951165,6.74031507532331,8.60257346217523,8.79173046778739,9.89006753327994,,11.6343930618437,,,11.9737347473611,13.5785668381011,14.107300743137,15.6005525486347
194.799999999971,0.777672279292402,1.97094075671155,,,3.12801236363314,4.03335785368098,4.66515945851295,6.23710202842295,6.77763441330863,8.56751015453729,8.70892292715869,9.99516011039804,,11.6809334249252,,,11.9269138369801,13.476005975834,14.2590802502373,15.5586192606696
195.399999999971,0.836944871899257,1.98544635657374,,,3.05781170137887,4.05641673522256,4.66434347855088,6.1834579869245,6.82870425011576,8.54684102051221,8.6260136469677,10.1001818101144,,11.727308737566,,,11.8778820594981,13.3651078283591,14.4098430841772,15.5152485109137
195.999999999971,0.89558002914999,1.99904463228025,,,2.98608671091458,4.0762395973889,4.66577792685686,6.13074258280438,6.88061341232515,8.54460875333537,8.54290686819253,10.2050659214116,,11.7733636514605,,,11.8245585088993,13.2516731770012,14.5586323347369,15.4690873356744
196.599999999971,0.947426395934715,2.00297975780458,,,2.89812737649704,4.06159832562957,4.65263646355176,6.06701611157701,6.96829218779558,8.61302338516224,8.40670970167171,10.3077096196695,,11.8160062664719,,,11.7612782082637,13.1324592154209,14.6864026005387,15.3932076741029
197.199999999971,0.930704312697179,2.02299048678198,,,2.89767057497688,4.02860680580572,4.63024004668659,6.04073056249921,6.95166306200862,8.51421125500376,8.46261954124579,10.1996302889409,,11.9167481506183,,,11.8649508391637,13.1414261213389,14.5677639884379,15.4797095095
197.79999999997,0.911621891917654,2.04243402829758,,,2.89156939076283,4.06064040204957,4.65164229189021,5.98876730773231,6.92287661256422,8.48055596879814,8.565717669242,10.154960524458,,12.0163036412285,,,11.9238507321684,13.1744953458354,14.3549204530317,15.5747969588118
198.39999999997,0.893103357042505,2.06268020383286,,,2.88681665260376,4.0955366347896,4.67105377086812,5.94659350581918,6.88338207785562,8.45051700072604,8.66899050776876,10.1104124729791,,12.1161425618917,,,11.9865471989608,13.2056200571634,14.1438227822621,15.6723528648586
198.99999999997,0.875128794752255,2.08370066881031,,,2.88336474087152,4.13319441159432,4.68854478642907,5.90362722625425,6.84270747924001,8.40522158671643,8.77243188701784,10.0659818362739,,12.2162549034321,,,12.0529061656344,13.2389093622187,13.9344093218873,15.7722900554524
199.59999999997,0.862082621858919,2.11173619297056,,,2.89169831125214,4.19587176634352,4.72152325228703,5.92234686985832,6.78922538190874,8.38062879834298,8.91408451661375,9.92793395596739,,12.3188444370023,,,12.0889396762922,13.2690753616166,13.7402548008087,15.8938016743136
200.19999999997,0.762714440639709,2.13664097442006,,,3.01520652289985,4.30138329421382,4.67791517504755,5.9607081094362,6.82968047981645,8.47966217702934,8.81154115384342,9.95190603423879,,12.1129973351322,,,11.9169995935657,13.1940392287864,13.7948035009582,15.8011930126816
200.79999999997,0.661733689571291,2.15367949223254,,,3.13485852281099,4.26000278609247,4.60808647862303,6.00018595492984,6.8582331891629,8.52419071898639,8.64906405074944,9.89108185399381,,11.9063396955953,,,11.9629175236948,13.1734160200684,13.8641068140543,15.6393156692596
201.39999999997,0.558907068402276,2.16809060239558,,,3.25009640944877,4.2092514902407,4.54477451869989,5.97714739866604,6.88230431235858,8.59271312782289,8.48601503596302,9.82985924848212,,11.6987542530109,,,11.9964074396086,13.1479321855802,13.9276950714719,15.4693578782746
201.99999999997,0.456102627739355,2.18253328424471,,,3.36538733734135,4.15861279646971,4.4813842517964,5.95407652908782,6.90286636435705,8.66417400265737,8.32297289343197,9.76864143056301,,11.4911799591749,,,12.0300466941161,13.1225366124967,13.9913520026425,15.2994971842719
202.59999999997,0.346461936973511,2.18724526196351,,,3.46433042888857,4.07326903406003,4.43320218873615,5.93299208970132,6.99498803763518,8.6982731291496,8.16187716651514,9.84883953339429,,11.280169511475,,,12.0821454071116,13.1521243738144,14.0338430078008,15.0997102454891
203.19999999997,0.461894644244988,2.15653818896408,,,3.29499658739591,3.90972650328519,4.51274213017545,5.93098933545219,6.9630127669115,8.66282825060615,8.22508452462312,9.92021704955284,,11.3669603180774,,,12.2913661355562,13.3581292106372,13.8779173771252,15.2082696205017
203.79999999997,0.574898932827457,2.12777481832048,,,3.11985555760752,3.89929912188157,4.65299347031313,5.92416637175609,7.03341854014288,8.6387092617655,8.29950935740788,10.1518907306999,,11.4525305110286,,,12.2252755418652,13.4948367904063,13.7631451131352,15.3947031074149
204.399999999969,0.689172241040195,2.10081776757065,,,2.94774919228026,3.89531407549595,4.78876461082027,5.97520564988793,7.11629926803924,8.58871548081936,8.37432737450264,10.3838383257556,,11.5387385605007,,,12.1677290997859,13.6424766378805,13.6523019001915,15.5866918317089
204.999999999969,0.802703753183611,2.07280484584375,,,2.77386893621461,3.88756320967508,4.92715461899376,6.02732560161527,7.20869114538853,8.55139704409461,8.44891555860799,10.6156258064602,,11.624573755646,,,12.1051882368641,13.7871647058657,13.5391619894262,15.7754332829493
205.599999999969,0.923469279061712,2.05508880417056,,,2.61728770678992,3.9165367087349,5.02528861426924,6.02858504015438,7.23139531956352,8.46678089523479,8.52231443597694,10.7164620960368,,11.7140450354681,,,12.0390931422678,13.8884599777207,13.4484195329924,15.9958422218484
206.199999999969,0.893409120751433,2.00168360921326,,,2.81273741217735,4.10030646534496,5.06739836402086,5.95915511927906,7.343511553647,8.27958400907232,8.54640157071717,10.6704871132475,,11.619714818285,,,11.8252598693828,13.6966634604817,13.7432661595494,15.9308980184357
206.799999999969,0.869658633095528,1.95279296980057,,,3.02327572051927,4.21302866436308,5.0404914508433,5.93004736252761,7.19726835675965,8.10299883383881,8.54986221331826,10.5561918445111,,11.5285560765212,,,11.8210235697618,13.5624339598398,14.0375586730568,15.8745262162094
207.399999999969,0.844050109873215,1.90125760643984,,,3.22937082375514,4.31631831616147,5.02014422363231,5.84912963589353,7.03374133696464,7.97170436389045,8.5527471749645,10.4414955246311,,11.4364634168938,,,11.8042773473516,13.4210901809008,14.3260984650076,15.8100207110992
207.999999999969,0.819453730796678,1.85116292694404,,,3.43788631340226,4.42474624282146,4.99622368067234,5.76673738344646,6.86464766766005,7.81549090890725,8.55594573238772,10.3270176728853,,11.3448794986034,,,11.7943457658196,13.2837739594715,14.617771987846,15.7499459498914
208.599999999969,0.790054001240927,1.79423116839995,,,3.63491533219748,4.50878936705804,5.01571824060496,5.79468208296378,6.74860869563513,7.71820430292329,8.54487896589131,10.3106463491683,,11.2508812374994,,,11.7938509299268,13.1905322537776,14.8945737082601,15.6688441285204
209.199999999969,0.706001088315179,1.81063514781902,,,3.35944589024771,4.4405548926222,4.92636292852236,5.84720449787946,6.64392403489856,7.95573532525242,8.54977560838786,10.3871226500025,,11.4044604190585,,,11.9138467534866,13.2374791272653,14.6984288091006,15.757529791657
209.799999999969,0.620428662947953,1.8232160908514,,,3.08034276894661,4.36511449818396,4.83606124407462,5.83122690758952,6.76782431720404,8.15459985855593,8.62435115500022,10.3600818034982,,11.5572758370966,,,11.9591601942699,13.2724013799509,14.4767270522327,15.7368844497405
210.399999999969,0.538724068857433,1.8413024968514,,,2.8104889688042,4.30930962730325,4.73210440737065,5.91084290242195,6.91539399715578,8.27260317085719,8.70012508384225,10.3338758162189,,11.7120353711612,,,12.0305152628537,13.3148777294126,14.2670006077642,15.733170856045
210.999999999968,0.456118557976587,1.85810653977213,,,2.53848076529338,4.2489311409791,4.63132820473825,5.99177138329806,7.06723211382801,8.41349328365678,8.77561987882569,10.3074753688806,,11.8663420708995,,,12.0958045705349,13.3537691209412,14.0544848068736,15.7255134253061
211.599999999968,0.377107073810739,1.88002631281882,,,2.27506712161772,4.20679817551147,4.50428243764734,6.01382974644033,7.18987086331213,8.54195180926057,8.88142677183555,10.2183810083362,,12.0224552622958,,,12.1424700926271,13.3436396832256,13.8530965835863,15.7335891408973
212.199999999968,0.46738594853448,1.81017852149832,,,2.55787645469153,4.35095098687653,4.51804141290364,6.02632254653688,7.1882077680845,8.32290129415944,8.92264568391583,9.99764209637869,,12.1313556903298,,,12.0495404801591,13.3935942394584,13.8619420282711,15.6402199267979
212.799999999968,0.546067471430214,1.7318434028453,,,2.8129525119462,4.57938806626588,4.62908595535529,6.1399826097029,7.12638069160495,8.13413574219314,8.94301524441149,9.85667077848202,,12.2344268574763,,,11.9905730554658,13.3342266448484,13.9018127786667,15.7081741425348
213.399999999968,0.622590658938577,1.65043611410643,,,3.06286724345066,4.79686808928888,4.74775037474494,6.15549991810492,7.05357008396725,7.95771582619367,8.96271608112254,9.71523359067669,,12.336413164887,,,11.9170738265676,13.2778315114178,13.935001039919,15.7666800683363
213.999999999968,0.700080200781973,1.57040433211141,,,3.31509286210567,5.01925392953941,4.86300313663611,6.16960940883573,6.97634230753763,7.75658079583405,8.98271632641073,9.57400498741881,,12.4388851979706,,,11.8500809414366,13.225281727166,13.9711812608053,15.8294162893931
214.599999999968,0.773795063022379,1.48499967904666,,,3.55829191744352,5.222477142218,4.99915975246913,6.14902770401469,6.8989731110185,7.55371086892956,8.95302763339118,9.46249666920881,,12.5394599365277,,,11.7955377374414,13.2262428671595,13.9956745790779,15.8756285413054
215.199999999968,0.641345694836192,1.45579731633245,,,3.36746134519167,5.10588796821107,4.99572815630044,6.17553278089237,6.95268614251055,7.64857325477224,8.89015518486517,9.66057036214934,,12.4973011303328,,,11.8918449788978,13.1233495006477,14.0023421239113,16.0629633906467
215.799999999968,0.52402087307625,1.43536923436622,,,3.21279878991891,4.83141718177283,4.90629134001679,6.17179411300179,7.10640971956297,7.71265037404511,8.80183844990895,9.92872028540411,,12.4627444843638,,,11.9492765318244,13.1758979210472,14.0050282641656,16.0919542355359
216.399999999968,0.4058575037121,1.41374756548939,,,3.05613097755419,4.55268940476098,4.81981496703672,6.16332043080939,7.2565366540944,7.82221285054426,8.71326190513196,10.1966892107964,,12.4277663531438,,,12.001062247828,13.2053353554164,14.005118151167,16.1172742695905
216.999999999968,0.28688571780184,1.39097519818786,,,2.89752996186954,4.26985760122886,4.73619266142248,6.15602447717205,7.40864453858938,7.95421470657985,8.62443488613549,10.4644836420168,,12.3923818816647,,,12.0474049955897,13.2315559118874,14.0027050746221,16.1390553939974
217.599999999967,0.170644086651315,1.37208892747394,,,2.74545768965357,4.00088576579394,4.60109820176039,6.08462098475577,7.54221872999414,8.05405253648339,8.55369248128436,10.7244777464632,,12.3583696876308,,,12.0880814872676,13.1878658314778,14.0087449149213,16.1727879944909
218.199999999967,0.32428597224698,1.37629401231656,,,2.7966720673182,3.8524105696447,4.50168860832326,5.96002704652523,7.58515594981041,8.00733888407832,8.597836896419,10.6508112959484,,12.1722094544169,,,12.0573095186464,13.2392117492877,14.0701046552102,16.0335403918516
218.799999999967,0.481885579569847,1.39515984309483,,,2.85735072524739,3.85012437456976,4.38661083996472,5.68176565330889,7.29341439907262,8.00635302316767,8.67330652197579,10.4432168837303,,11.9880385195016,,,12.0596355962462,13.2201649218427,14.1555272472838,15.9523697724293
219.399999999967,0.640964759172251,1.41613169396865,,,2.92156755178112,3.85534941106053,4.26630952815103,5.48550161136408,7.00151441374975,7.98443292503131,8.74923456802755,10.2359418325334,,11.8046112727089,,,12.071923450319,13.2275330357384,14.2455307889908,15.877676101854
219.999999999967,0.800503088354652,1.43775709739647,,,2.98688236362534,3.86290537714709,4.14438721558149,5.28856866479276,6.70519303898799,7.9531592618031,8.8253048738255,10.0287658873309,,11.6214148115926,,,12.0873027015116,13.2367282128521,14.3369559179558,15.804992396174
220.599999999967,0.961086224851233,1.46086967737493,,,3.05469567080362,3.87576543670696,4.06151544746811,5.25954239815601,6.41218656856244,7.98154898418981,8.92601941016646,9.83863059723909,,11.4387435095379,,,12.1039489564265,13.2863252542805,14.4316159072573,15.7368824200915
221.199999999967,0.998005006462561,1.4347534162411,,,3.07270005481561,3.93629154698926,4.14623365108633,5.32117361724399,6.15476451276976,7.96521321545706,8.96996057792113,9.76353895150781,,11.4883252767669,,,12.2174360995416,13.408699594888,14.5220492736889,15.7302401657639
221.799999999967,1.02237195533716,1.38949347761464,,,3.06068866932932,3.93171262255256,4.27713372054795,5.60004748076156,6.28320243482816,7.9588565016602,8.91900776426466,9.68136619956023,,11.5315980254847,,,12.2826267477219,13.5143452667735,14.537121063224,15.7236647034813
222.399999999967,1.04561186594998,1.34262931507824,,,3.04598214589736,3.92141214907288,4.4120127327199,5.8886223833169,6.42229252654426,7.97744199663526,8.86770575682392,9.59895017994418,,11.5743042828046,,,12.3402291872068,13.6179723483517,14.5487033946327,15.7121555388955
222.999999999967,1.06837517822977,1.29508676346919,,,3.03013591115677,3.90869216524589,4.54857434745045,6.17789161043708,6.56410511337796,8.00765715475525,8.81625608343543,9.51643128807514,,11.6167709840551,,,12.394622749284,13.719702934057,14.5588101151578,15.6985600260689
223.599999999967,1.0855595394954,1.23960314462897,,,3.00094847666702,3.8676499470121,4.67385906250212,6.32987688150691,6.70653814284178,8.01837389914723,8.76363665812354,9.43861545814735,,11.656433496782,,,12.4413148916182,13.8519346078002,14.5516436723825,15.6605421982081
224.199999999966,1.13126535677639,1.26229649724083,,,3.07178859792936,3.84108018683167,4.6700551896,6.35917825329573,6.85565925052075,8.10695126966062,8.64641971492528,9.39857785660052,,11.6859383453654,,,12.2960028933656,13.7890328508315,14.3828691446103,15.7439580503831
224.799999999966,1.18848800746432,1.30047186069957,,,3.17016944765118,3.85612324298905,4.62504530425915,6.18598574170077,6.7448168342371,8.11425560121267,8.66672241792332,9.46734716037898,,11.7212319832712,,,12.1328503151302,13.7408533117343,14.2638010036502,15.8870795959228
225.399999999966,1.24531231588883,1.33808022461178,,,3.26759772336916,3.86914406540835,4.581441742997,5.95177345966877,6.609428480868,8.14239943295097,8.68690170130318,9.53603048323722,,11.7563253995224,,,11.9670157478832,13.6751748974018,14.1434995428522,16.0284573655769
225.999999999966,1.3022002565504,1.37577916251742,,,3.36517816575482,3.88248792474426,4.53761353184112,5.71746847603912,6.47447733853692,8.16816680763782,8.70710070005748,9.60472754091393,,11.7914507997053,,,11.8016096085884,13.6097496905737,14.0233950957972,16.1701136905608
226.599999999966,1.36833335227076,1.42663763484058,,,3.48486696866173,3.94276595647886,4.53443519024257,5.5147359053699,6.33853423836697,8.17205240121503,8.67790304243615,9.62084460000706,,11.8312231590836,,,11.6709162674675,13.4536622793508,13.9319148601153,16.3522414390815
227.199999999966,1.27922947779041,1.53025868439609,,,3.48071254397525,4.05426351426037,4.49040704765059,5.37898359371388,6.3188832490322,8.08288730063231,8.76083198606502,9.64943173174779,,11.9003275332352,,,11.701775842975,13.3627998159475,14.0515781868991,16.1459375564981
227.799999999966,1.18088068382623,1.6255055201134,,,3.4544503221227,4.1172470664534,4.48256863081678,5.39945949589788,6.41259468292621,8.06970086492901,8.71612964431924,9.68933366022794,,11.9647850666063,,,11.8298004777837,13.3072719611403,14.1522539741837,15.8382113966203
228.399999999966,1.08438160544522,1.72338523713198,,,3.43261140942119,4.18962092843742,4.46819990122875,5.41348502389192,6.53786123455823,7.97115952499932,8.67200040571372,9.72963484400664,,12.0301723359075,,,11.970279017985,13.2539592614665,14.2586567232663,15.5385825182138
228.999999999966,0.988194968855498,1.82170968314427,,,3.4115196530107,4.26358093979412,4.45272811415814,5.42705537612115,6.65870019903051,7.86771303228717,8.62796797192273,9.77000346736445,,12.0957166500875,,,12.1128611899781,13.2018898405171,14.3660268330711,15.2403213793407
229.599999999966,0.882465203738643,1.90645045992604,,,3.36760697854783,4.28909407960932,4.42096490849471,5.51627597206042,6.84219052252021,7.83458694691637,8.62638469329351,9.90440288552864,,12.1564642325113,,,12.2160615373476,13.2139903944514,14.443850166604,14.9002844136662
230.199999999966,0.829164504707545,1.96222305420401,,,3.36447424238665,4.20394735546041,4.47946883270984,5.62023472033652,6.86171068094899,7.78894308355227,8.55771318939779,10.0991232699056,,12.0315972243065,,,12.3811656498144,13.2009652082831,14.3993131815397,15.0186179255093
230.799999999965,0.773643181386371,2.00960714200705,,,3.35603122617934,4.1802693870272,4.54792311361261,5.68997504710955,6.85127863195747,7.75081526349636,8.55740476909964,10.1996086727616,,11.9056140476318,,,12.4354375049733,13.145585990877,14.3971169484473,15.2121193325291
231.399999999965,0.71752460964757,2.05614110765849,,,3.34615998261904,4.15355941318351,4.61848594514603,5.85149271578668,6.82421748002034,7.78013585019076,8.55691130146576,10.2999651614175,,11.7793306716627,,,12.4856881606778,13.103260460823,14.3930715560047,15.4030062356853
231.999999999965,0.661112012514624,2.1022565581775,,,3.33558562273729,4.12535678308358,4.69008681614832,6.01343873060367,6.81025647469984,7.80488185021848,8.55632673502711,10.4002581856158,,11.6528995075817,,,12.5339591799061,13.0597649351826,14.3881158224182,15.5926060185951
232.599999999965,0.608005490904757,2.1530778696968,,,3.33291723188578,4.11393785402234,4.75691396857876,6.09729821173029,6.73263644854891,7.73543873894501,8.53986451030548,10.4499098147068,,11.5281301001673,,,12.5964662136111,13.0721686507751,14.3933961318171,15.7966784179065
233.199999999965,0.679141563514297,2.0475030591819,,,3.24210145664842,4.30325670849732,4.80531816599471,6.21419781148715,6.70413813547119,7.80498578340295,8.51696711201888,10.3185457237509,,11.5965599498924,,,12.3918704415791,13.1856463739289,14.4575700373495,15.8023475398343
233.799999999965,0.758404617794936,1.96052376571588,,,3.17072010294152,4.4472167128847,4.79107264858307,6.28457637451549,6.66551339250107,7.81166423741216,8.51488887072365,10.188881725528,,11.6690747232382,,,12.3164977387725,13.3085844837626,14.4261915614237,15.7602861780443
234.399999999965,0.836934013423547,1.872500184056,,,3.09758431787297,4.58745220843653,4.77941727015963,6.20322856994983,6.62019568179094,7.77836514086421,8.51258331768147,10.0590593693898,,11.7412207324262,,,12.2361854033482,13.4177317564249,14.3925415821794,15.7150131654065
234.999999999965,0.915835834840371,1.78500671248587,,,3.02533913156028,4.72957836953571,4.76644706425841,6.121338202896,6.57139946730621,7.73736829408432,8.51039315448262,9.929317400188,,11.8135539366833,,,12.1583805645201,13.5283609981188,14.3600446819711,15.6713704771619
235.599999999965,0.998149774248502,1.70237004254402,,,2.96125349846364,4.88902656937086,4.71180508526158,6.10382698146569,6.52422468005696,7.73676247798479,8.51323213775844,9.76107699198984,,11.8876021985003,,,12.0872766859283,13.5328492534485,14.3381121461235,15.6426646149094
236.199999999965,1.03325780943691,1.70006541789725,,,2.78921813155904,4.7800704666799,4.6077188754671,5.93705870681343,6.54136644743207,7.71056311055394,8.49439179388209,9.74072876432897,,11.8952916336764,,,12.3050749380225,13.4808157065945,14.2990990040048,15.568601773745
236.799999999965,1.05971597684381,1.67603424784642,,,2.59649794172223,4.62935582408781,4.5939318326732,5.88622761347695,6.65982072576333,7.72070763557121,8.41809124738624,9.76815514040423,,11.8986333232069,,,12.430304618777,13.450517289478,14.3512008857429,15.5662703612748
237.399999999964,1.08605054945344,1.65182715321854,,,2.40348219401549,4.47801373723067,4.58058113409071,5.91507600010014,6.79078936610453,7.75979276487703,8.34175240712571,9.79555483893371,,11.9019128893901,,,12.5547021511035,13.4232221182663,14.4029201018021,15.5633979024624
237.999999999964,1.11227150533181,1.62745833677247,,,2.21019474944264,4.3260948609937,4.56763155273731,5.94408990742329,6.9100826290023,7.81432934955289,8.26537836463902,9.82293001364867,,11.9051353475733,,,12.6783347160836,13.3954748395944,14.4542875455751,15.5600280771026
238.599999999964,1.13142225557474,1.59302580437932,,,2,4.13828321193928,4.59881283076387,5.87478900680464,7.07339645688074,7.84418928983994,8.21817176441403,9.87411409786557,,11.9048040571302,,,12.7908932035249,13.4535450863859,14.4837647063542,15.5257078474559
239.199999999964,0.934884082770609,1.63205725547063,,,2.18303500444628,4.16802115899757,4.50715232967111,5.91994462108958,7.1109518599365,7.97770208075522,8.29128772102116,9.93479134955071,,11.8031981134672,,,12.6226505709366,13.4073646826731,14.5052897362756,15.3747625521466
239.799999999964,0.7368346071548,1.67395839347012,,,2.36245596167502,4.26190910675775,4.39975515108358,5.7845826889977,7.07225123341636,8.07592005822389,8.41110821361059,10.0046698535934,,11.7008325327349,,,12.5511011917202,13.3350521780444,14.4928248382683,15.1182320107423
240.399999999964,0.538952976046469,1.71609844099158,,,2.54227829312185,4.35664913791076,4.29176540727131,5.72213327737877,7.0340792253006,8.18750077230993,8.53098070998999,10.0745845863462,,11.5985513169021,,,12.4806818887416,13.2828908275561,14.4808796088455,14.8624362224116
240.999999999964,0.340712913535801,1.75772829800295,,,2.72124349122536,4.44956954774608,4.18504108457544,5.66020604074903,7.00976928808718,8.29567314284968,8.65074215245026,10.1444219528069,,11.4960899400996,,,12.4078493116294,13.2293031949606,14.467824628839,14.6050713712582
241.599999999964,0.148308826083105,1.80766506973308,,,2.91416452238458,4.57211700631592,4.05898356157418,5.73532195838792,6.92570718648248,8.46014539691283,8.71653581111665,10.1687811540481,,11.396561941676,,,12.3408682519615,13.1479982269932,14.4728385922483,14.3732539789435
242.199999999964,0.206372052557066,1.73451895668238,,,2.81891536940432,4.39600982416219,4.15284412665661,5.81635567161097,6.9283381350715,8.35044120745287,8.60625453496764,10.1503222120884,,11.2392028085892,,,12.5161266667074,13.4399581926395,14.3997363182809,14.5263502606587
242.799999999964,0.279366737640222,1.68332588187425,,,2.75937249365201,4.25114476626982,4.19438385257268,6.01403008451361,6.8765783986082,8.31893061020221,8.48796287130578,10.1760485042728,,11.0893487825926,,,12.5427293774948,13.7546071827683,14.3168727647133,14.7231518807942
243.399999999964,0.353432431394537,1.63365727857366,,,2.7023907697325,4.11171681627537,4.23214244497341,6.15282519074609,6.82206910203485,8.2473925451725,8.37000304159959,10.2020059703168,,10.9400330854353,,,12.5765430566869,14.0537419921789,14.2373251943129,14.9246419291124
243.999999999963,0.4275761365651,1.58409971656016,,,2.64559559806703,3.97268490087807,4.26962562262869,6.29150664730649,6.74804707032647,8.19356668476691,8.25206738241378,10.22798027488,,10.7907565997207,,,12.6108819770596,14.3531872271998,14.1580191574784,15.126473478795
244.599999999963,0.500686568457501,1.5330713955188,,,2.58632951293333,3.82840744596695,4.31735805883609,6.26585257702769,6.71002031189632,8.14249857182241,8.18525235820092,10.3462154517609,,10.6409607523805,,,12.6282706160277,14.5546177742263,14.075513971194,15.3237817900675
245.199999999963,0.458545374632714,1.60111418867625,,,2.76812612063085,4.03456366094406,4.39134411764725,6.22883844577898,6.59521080419961,8.16183524942409,8.34074303697008,10.4302438870516,,10.9802337667901,,,12.2952543426484,14.4120689424137,14.0821900335651,15.479286625366
245.799999999963,0.408039213158986,1.65361793225272,,,2.92991920009514,4.18648653861548,4.5024965940008,6.19598542283823,6.61509458622626,8.11710438424678,8.48514961635749,10.4386502400985,,11.3153022370057,,,11.9744511349799,14.2319588285472,14.1153111413355,15.6889236348125
246.399999999963,0.356684400735694,1.70491370783836,,,3.08968286187739,4.33410113484366,4.6166451829304,6.13168605929185,6.62014253549535,8.09897658330349,8.62929325557421,10.4468734144994,,11.6499441436528,,,11.6479340658302,14.0457203712068,14.1458047145779,15.8948456052203
246.999999999963,0.305514974240721,1.7564733613675,,,3.2498898454766,4.48265686565147,4.73013927767551,6.06711661925556,6.64621630488229,8.0536047746486,8.77349433349123,10.4551366038706,,11.9846792321707,,,11.3226651771206,13.8602196076925,14.176872266944,16.1015791177142
247.599999999963,0.253187497374748,1.80638464841522,,,3.40732753046038,4.62533361061067,4.85658498221548,6.11912454220351,6.68381136953533,7.94044486045075,8.88532180793623,10.4010011653106,,12.3188322414497,,,11,13.8302040012332,14.2043543436323,16.3032431698535
248.199999999963,0.375000547898524,1.73585315803624,,,3.22907297175076,4.62031051608205,4.8361129469112,6.15941978780003,6.76526096396736,8.01552248855781,8.80389926559907,10.4423558208301,,12.2370877963098,,,11.1677467664486,13.8255259102755,14.1547267443807,16.1825195954768
248.799999999963,0.487871029137497,1.65374419278968,,,3.02943363962116,4.56747171347765,4.83051071815066,6.19067495095146,6.8301059347857,8.08164508726654,8.74836250542891,10.4707561570315,,12.1508484828209,,,11.4998520429641,13.8791827723104,14.0396161297824,16.0074615424117
249.399999999963,0.599637597146827,1.5700639197558,,,2.82715446948884,4.50902875891419,4.82880579052497,6.19504608179244,6.92535874016864,8.12658932429314,8.69248371638212,10.4989182170296,,12.0640543014362,,,11.8245248087666,13.9370017934764,13.9210876551868,15.8275710187619
249.999999999963,0.711711083308414,1.48682051337936,,,2.62560924671787,4.45214391228711,4.82601730630144,6.19897008389114,7.0123930540221,8.17069564735611,8.63670002074353,10.5271465243466,,11.9774143885436,,,12.151264016385,13.9960421135204,13.8035094394033,15.6490240544631
250.599999999962,0.823775594303891,1.4035643317702,,,2.42404256122326,4.3952135021199,4.81109496296491,6.18366419493735,7.05002879427927,8.28420308123232,8.57893704843147,10.5943335858511,,11.8907699643983,,,12.5237584227115,13.9649833768402,13.6859034353296,15.4704378006395
251.199999999962,0.858794055645906,1.46800034223828,,,2.46379186072637,4.40563497360963,4.84437018082743,6.14349940729865,7.10276583936843,8.24997931140418,8.62075709047744,10.4424042754553,,11.9731383299501,,,12.610496312604,13.7949424937282,13.653990556806,15.4747096687235
251.799999999962,0.907099493852144,1.54860976357627,,,2.53531491341481,4.45628640440839,4.79133938228104,6.1248015066267,7.03427675237629,8.33121980445851,8.6521774899698,10.2322589513,,12.0621852248554,,,12.5199146455102,13.5687669396953,13.7099874812856,15.4980900897211
252.399999999962,0.957316247849471,1.6319397478225,,,2.61140858263813,4.51664086606609,4.7315607950441,6.17154378223515,6.9391829628815,8.42672082135425,8.6841900783931,10.02252617865,,12.1521928182491,,,12.4422016303355,13.3409425009815,13.7719020898801,15.529837452147
252.999999999962,1.00715022664891,1.71472489065086,,,2.68658690409068,4.57505212211899,4.6731335732709,6.21884369769707,6.83729335498858,8.54080293057936,8.7160840703832,9.81271078517599,,12.2420080145749,,,12.3619114372742,13.1115949105213,13.8326315763103,15.5599091847911
253.599999999962,1.06152871373783,1.8039786770948,,,2.77263271527345,4.6565341362251,4.58502515892276,6.24166157818812,6.75347989026448,8.5864476369444,8.76363166792924,9.63649995955163,,12.3341074499913,,,12.231868767014,12.8660783861862,13.9074314558316,15.6098748747113
254.199999999962,1.05355382218057,1.78193434820585,,,2.7630247459189,4.44393429070415,4.48549455421574,6.23554321444707,6.76909651060117,8.63930831718721,8.74374131771122,9.58566838812794,,12.0743684760585,,,12.1393344108489,12.8937985172434,13.9932942374046,15.7278850456113
254.799999999962,1.05095131014894,1.775766269326,,,2.76626399250456,4.31173823950929,4.50489608088766,6.10708877764625,6.71524061109563,8.60607904899543,8.70249291560865,9.72070639421183,,11.8173298601068,,,12.1196570142676,12.9474017703949,14.0745650971576,15.841620095057
255.399999999962,1.04754824496963,1.7684586847669,,,2.76758883987324,4.17547808131165,4.5271239136656,5.93986000563263,6.66903681349906,8.55767732651479,8.66099647562639,9.85557160342546,,11.5598888563327,,,12.0945895927322,13.0086453428288,14.1533573394746,15.9518506575241
255.999999999962,1.04421583379459,1.76125166897003,,,2.7690826453815,4.03957660689984,4.54910230661103,5.77252830247437,6.63374714074639,8.49590813812983,8.61952192659462,9.99045206308395,,11.3024833658922,,,12.0699978758361,13.0701700640174,14.232368335846,16.0623905136821
256.599999999962,1.03766502575964,1.74946359379906,,,2.76288015184157,3.8873365430204,4.61315248886292,5.60872859067979,6.6219474227226,8.47365573425301,8.58263395180163,10.0200064714308,,11.0434601893461,,,12.0761681786796,13.1367888194863,14.3014147538609,16.1588415739682
257.199999999961,0.955597599157592,1.84245725275857,,,2.90596524576723,4.01923014100677,4.67084680740491,5.51120399298251,6.55366169902859,8.5057618375722,8.67115398655802,10.203901860181,,11.1824712925215,,,11.9916438236843,13.1378115649735,14.3548115072373,15.9240469227346
257.799999999961,0.862256408134379,1.91332223409094,,,3.02209087319679,4.08214291166298,4.65373157025313,5.5014708087111,6.69591244512242,8.48331583510162,8.68955539030642,10.2881658384721,,11.3158157819244,,,11.9368774937772,13.0988073797944,14.3726165061634,15.6686853707996
258.399999999961,0.770355307679991,1.98623703733334,,,3.1416602548172,4.15236648009273,4.631532177511,5.59137692274759,6.83655297708604,8.47174721579132,8.7084029818023,10.3727406557822,,11.4498841144721,,,11.8918071148928,13.065848757798,14.3948802141728,15.4196279332888
258.999999999961,0.678461830833313,2.05916269200305,,,3.26124786711807,4.22262875070933,4.60930587006742,5.68127193046115,6.97197175252565,8.46531978847233,8.72725293534432,10.4573171186241,,11.5839562789288,,,11.8467880648127,13.032920471914,14.4171675258706,15.1706038687451
259.599999999961,0.586420491410575,2.13187787939056,,,3.38048188890388,4.29214037868209,4.57237106924031,5.75918027145376,7.08331004818599,8.45771856619863,8.73566146810068,10.5255726603668,,11.7179541221489,,,11.794333383174,13.0183370309472,14.4389970356598,14.9209325236634
260.199999999961,0.633098287223572,2.09289442144815,,,3.41967550716562,4.2106896465918,4.55793114005378,5.80363117897754,7.01039986302819,8.38325902006681,8.56284694450934,10.3530193874461,,11.6323146790127,,,11.9553021998711,13.1163996174179,14.4209193400961,14.9452040225038
260.799999999961,0.673449024688151,2.04632472289423,,,3.4437389424977,4.10032547431346,4.53017995402758,5.88243996193599,6.88775390923305,8.35685430377895,8.52113699685713,10.1360954539628,,11.5434950207304,,,12.0769579040132,13.2612409050822,14.3772520628529,15.0297877152081
261.399999999961,0.710490995354625,1.99504533258485,,,3.45988997303092,3.9731639384063,4.51411017578941,5.80097512934992,6.77722045300488,8.34664120466693,8.47840188367833,9.91845733355772,,11.4530122530466,,,12.1763360920796,13.3780202431254,14.3233404100837,15.0998870102395
261.999999999961,0.747577900253827,1.94382990156856,,,3.47614845684218,3.84623051668566,4.49788175986888,5.7194448350437,6.66316120399853,8.3386948342219,8.435680692613,9.70082891206559,,11.3625520709813,,,12.2760168167565,13.4949783849549,14.2695678795865,15.1701830085553
262.599999999961,0.777370606992592,1.88223192411255,,,3.47496399225303,3.68226719640792,4.50268099792685,5.6794688428084,6.62058770695323,8.38471515184364,8.38664926056719,9.64969743019704,,11.2684255533059,,,12.3436155770505,13.6584064320832,14.1932115558901,15.2085480569589
263.199999999961,0.726539036519605,1.97473638032482,,,3.30767641472091,3.58004124954657,4.44682725035697,5.64624764667706,6.78269990588409,8.41767288163048,8.46627003256997,9.85601571551602,,11.373762392561,,,12.2513163978989,13.5846032758666,14.0985802491053,15.3454713705872
263.79999999996,0.6790991107,2.07608298317953,,,3.1484994315808,3.52886163798669,4.48343778927921,5.56879779549339,6.89088980500818,8.45763553669381,8.50904444912893,10.1699193010046,,11.4808039987298,,,12.2510318469006,13.4994403683005,14.0553786760908,15.3996919368996
264.39999999996,0.632896895818445,2.17919134120083,,,2.99228224299961,3.48396541899266,4.5156786620831,5.58680116329799,6.97350354178856,8.52572259785375,8.55220234952505,10.484090042518,,11.5884677245047,,,12.2590806499938,13.4308673027322,14.0160092183095,15.4593306842173
264.99999999996,0.586290856152088,2.28172489586615,,,2.8350993698114,3.43701913356403,4.54934521468704,5.60539283670803,7.06276463784852,8.59919806773508,8.59523513162879,10.7981736197202,,11.6959284729055,,,12.2644105509449,13.3606873242052,13.9753894660849,15.5172016554624
265.59999999996,0.549531062460495,2.3982735765044,,,2.70146227323878,3.4400585328665,4.55004816878395,5.71608835651148,7.04563963513357,8.60000683224744,8.64117229489374,11.0141105472514,,11.8083383111789,,,12.3102719673068,13.3048228193935,13.9652549814648,15.6181753749641
266.19999999996,0.549778021695741,2.29488135568547,,,2.72786098551567,3.58553819598146,4.61466076703972,5.88636870563639,6.93133619369452,8.70278637887689,8.56736625329848,10.9555958101683,,11.7992566835588,,,12.4432021355564,13.3232219756478,14.037197801147,15.4671098670575
266.79999999996,0.563155766074974,2.20116724911218,,,2.78565994257891,3.70214362139705,4.51286965486843,6.02631126254402,6.82038000908724,8.80076748941353,8.42861480770862,10.7742475116246,,11.7967750774952,,,12.3438525176936,13.3714675652323,14.1006858679759,15.367036343719
267.39999999996,0.576606901492931,2.10755760718966,,,2.84363440297691,3.81912162548582,4.41081943991649,6.08579566417517,6.72937341498289,8.8404078397191,8.28988610108858,10.5929150542977,,11.7943303605004,,,12.2449970325618,13.4135472329742,14.1644011630732,15.2672840956636
267.99999999996,0.590842695578264,2.01506484677683,,,2.90348525339694,3.94008304628686,4.30599903340102,6.14413694852652,6.63705909869207,8.857635553494,8.15140050771033,10.4117519630792,,11.7922800421703,,,12.151424556824,13.4587492404748,14.2305458642116,15.1709667551956
268.59999999996,0.604338796621219,1.9215192088311,,,2.96156724214273,4.0572893239289,4.21722004467099,6.04212880209828,6.62747556666536,8.85873827132699,8.03849843188525,10.1946980330324,,11.7898579265731,,,12.0575486299801,13.376343099941,14.2944003787754,15.0714113478467
269.19999999996,0.596354673265094,1.9726167613785,,,2.97568217467738,4.08866355293751,4.15854902258381,5.90276518574921,6.67192852988916,8.78618979186705,8.07951178853598,10.0977208731873,,11.7486304920167,,,11.8332165457899,13.2853189619613,14.3201422424588,15.2052559352667
269.79999999996,0.581895442444735,2.0215558852883,,,2.97431288771347,4.15601878556983,4.23189703521662,5.90564556199875,6.72323642600188,8.6768496187137,8.18613639716172,10.078112715272,,11.7041484273326,,,11.8647338943492,13.1389599230626,14.3599010679759,15.3185238098547
270.399999999959,0.570142098340739,2.0743465627039,,,2.97941431094043,4.23711078658216,4.29569207295799,6.05586483999049,6.77589270516933,8.55625938487489,8.29359937911145,10.0590886145094,,11.6610264420716,,,11.9144696422603,13.0104075852921,14.4080376732976,15.4436369251821
270.999999999959,0.558071422680636,2.12668555104475,,,2.98375688475896,4.31659181472632,4.36060743121081,6.20654641733171,6.82147341766018,8.45255653129559,8.40096404123559,10.0399960187272,,11.617744954154,,,11.9620688362002,12.8805925112832,14.4551917785445,15.5673608956302
271.599999999959,0.543367189206791,2.17527593868935,,,2.98180171178693,4.38270326110944,4.41098754695609,6.26860689667215,6.83076943676859,8.35821459909502,8.48306399506834,10.0613169569115,,11.5731397420131,,,11.96294732654,12.8066349871126,14.4941920437481,15.679556251035
272.199999999959,0.62955083792125,2.27605684652487,,,3.13751172413397,4.55004800698776,4.44816657203337,6.2135844984166,6.7377995725199,8.19733724443454,8.52645428567682,10.0759030713232,,11.5882414460311,,,12.099898792408,12.7691644015277,14.5284081931311,15.4294048129042
272.799999999959,0.712573407507687,2.36828046688804,,,3.28566250393094,4.66448920656273,4.44666167734399,5.97964986813452,6.66544728171573,8.10199606964037,8.54987681165058,10.066005980199,,11.6017542739705,,,12.0912335004674,12.7268754440796,14.5334400524,15.2095342430223
273.399999999959,0.793378299930564,2.45734745020427,,,3.42851005128454,4.76767209389953,4.45298616225866,5.65308018138302,6.58548346018634,8.03385887425288,8.57261222779178,10.0556302104241,,11.6141524147877,,,12.0676368634955,12.6734356237328,14.5316056926065,14.9799556097107
273.999999999959,0.873910816456145,2.54602673423669,,,3.57070625374491,4.86947223132682,4.46027225435893,5.32690730104068,6.51959315005443,7.95949021126673,8.59526325285935,10.0451956491675,,11.6264136493364,,,12.042206353422,12.6189119561936,14.528928021348,14.7491846285986
274.599999999959,0.954913685619072,2.63537551723156,,,3.71402723189724,4.9736601720553,4.48438070167818,5.27941671743987,6.47586931060638,7.94735148922195,8.62227265492823,10.0349360900613,,11.6389113006352,,,12.051403817967,12.5987633440662,14.5277066234809,14.5204726546829
275.199999999959,0.918965851729567,2.47767619480477,,,3.68459223286468,4.83972480223939,4.45874589064858,5.4248632859416,6.59774288455812,8.05651253118801,8.58345154324568,9.97426559025813,,11.6772950880049,,,11.9124720153071,12.6548403491626,14.5162820410726,14.6870279396081
275.799999999959,0.876746165392588,2.31503663909161,,,3.64015906732273,4.74035021566039,4.47172210901658,5.69483345692446,6.79449696136553,8.11438441295874,8.59003311612449,9.8832474595413,,11.7125264087946,,,11.7744984030022,12.7707743464567,14.4741630899639,14.8751858042834
276.399999999959,0.835170696264448,2.15331406080939,,,3.59726644774421,4.64424607737478,4.48242395618302,6.01622801183677,7.00473978973127,8.15646215151618,8.59681428883332,9.79236838108323,,11.7480815371423,,,11.6408622251893,12.899165154606,14.4340387197391,15.0661637825615
276.999999999958,0.793395466402803,1.99130714351598,,,3.55389613122211,4.5471278290342,4.49383104694352,6.33791358494278,7.21437113277772,8.20521735155936,8.60353356905115,9.70144618489835,,11.7835362583069,,,11.5058810831575,13.0267610682285,14.3932958641104,15.2562672918662
277.599999999958,0.750175671471732,1.82724403531733,,,3.50707136043203,4.44267606756397,4.49916151591871,6.41469201940947,7.34545379499146,8.19482197252778,8.61139509437331,9.64771090315768,,11.8182648872761,,,11.383660516795,13.1671034646514,14.3480804457583,15.4400470992559
278.199999999958,0.782616329046514,1.97210745184056,,,3.47395676963339,4.56897562972021,4.60316014461303,6.38176006640885,7.36051485491318,8.10355145637019,8.66897679949086,9.6793714345947,,11.6519874931065,,,11.4274273389634,13.1992092358972,14.241034144922,15.4487627617926
278.799999999958,0.818159542000645,2.11892883034294,,,3.44826146086089,4.70286070468664,4.69519319950296,6.28054534522492,7.26470311924357,8.06203768090693,8.65897556321545,9.77639001235908,,11.4872695587841,,,11.5735879466696,13.1829750058818,14.1806876774304,15.3655831051593
279.399999999958,0.852295583846168,2.26374724442569,,,3.41920111970261,4.82960210158695,4.79219418974562,6.08218289328578,7.14643212968841,8.04645467040245,8.64853833872251,9.87310485666475,,11.3218443278635,,,11.7102742460042,13.1489490050031,14.11598442382,15.2762434417299
279.999999999958,0.887176570334282,2.40962601115814,,,3.39192219860946,4.9601253020439,4.88656519646803,5.88273518079928,7.0072907147103,8.02978713919961,8.63833192275125,9.9699804949313,,11.1567935338599,,,11.8519761651342,13.11788731252,14.0535876164265,15.1901648344916
280.599999999958,0.92259774613401,2.55627368222944,,,3.36593505682935,5.09339084031108,4.98427058786283,5.75616889437652,6.95442800906601,8.0685741843308,8.62955892636074,10.009711976328,,10.9920142591194,,,11.9667865288017,13.0059484022681,13.9928633059181,15.1064509502115
281.199999999958,0.815317286138551,2.35320062511619,,,3.26709548584604,4.93372752939363,4.95710178532893,5.69731926111066,6.93736534420569,8.21975205744736,8.62419814266113,10.0200619819902,,11.0564233320831,,,12.0161435550994,12.9734235366654,14.1552790309608,15.1250667907906
281.799999999958,0.720206614677861,2.16653517259909,,,3.1973580846865,4.7289615559433,4.89968025936962,5.72683097564551,6.93957411403097,8.3578391181905,8.62559947518142,10.0824043384414,,11.1269493939531,,,12.0219038905203,12.969474296868,14.3158553421257,15.1761628440769
282.399999999958,0.626347900082578,1.98165175287151,,,3.13061454502105,4.53055129626016,4.83783877287211,5.82351635592938,6.95756560806861,8.47922366980113,8.62738870540168,10.1450169258526,,11.1981047359629,,,12.0360934960796,12.9690820658662,14.480307875776,15.2327394410874
282.999999999958,0.532195780024648,1.79635070042068,,,3.06316937150458,4.33065152747968,4.77703313721154,5.92062917921558,6.99458876591899,8.5899126587621,8.62908702889248,10.2075661826164,,11.2691126014616,,,12.0483076390846,12.9675223061291,14.6438519876716,15.2880316316524
283.599999999957,0.43915938995748,1.61263777571036,,,2.99839229395009,4.13641589990652,4.68867899730214,6.08195683607806,7.01659643752194,8.62320849681009,8.60844755892766,10.2845001719871,,11.3406812744002,,,12.0774287895796,13.034453824251,14.8108505458028,15.3482080216409
284.199999999957,0.496209200152689,1.68553270689058,,,3.15821240691275,4.45457339376229,4.65468191405239,6.13371452223283,7.0278723362895,8.48146388318124,8.56098188569396,10.3823570415088,,11.337470054889,,,12.0771347957808,12.9011131284486,14.6707733451292,15.2210391049623
284.799999999957,0.536085691777291,1.73076233652518,,,3.27696518071467,4.75717686016281,4.62651074287798,6.09477529523106,7.03524672544841,8.29594524599779,8.547298801126,10.3479687656699,,11.325626885969,,,12.0970745180476,12.7892151009802,14.5143837373562,15.1490744320906
285.399999999957,0.574898451079707,1.77447785179199,,,3.39317420294862,5.05438015795277,4.60209501649025,6.03628565894035,7.04402309173927,8.12434563204723,8.53328613705825,10.3133508865418,,11.3132490455736,,,12.1098522626587,12.6789905792519,14.3547006749449,15.0724531838579
285.999999999957,0.613316365880433,1.81763134621908,,,3.50843901553572,5.34957897882534,4.57907326553792,5.97837124546711,7.04685378571253,7.97081793594149,8.51915113708726,10.2786477814684,,11.3006727416288,,,12.119971568259,12.5671948792047,14.1937951222234,14.9941034714774
286.599999999957,0.65428730371186,1.86441880830031,,,3.62980898841734,5.65773853667836,4.58436443387808,6.04189607134326,7.04054614308368,7.8292614315973,8.53046834634057,10.2331483621819,,11.2893796821264,,,12.1479933681634,12.483945797528,14.040794063305,14.926929826531
287.199999999957,0.690553418735617,1.81640776518153,,,3.49791523889504,5.40534121739322,4.5233904321513,6.14563202280464,7.02097448056585,7.87413910522229,8.54289280532481,10.0716934820351,,11.3354292445907,,,12.2354606988124,12.6696523513631,14.0392701128019,15.0033005527651
287.799999999957,0.733181481710002,1.78669796972766,,,3.38123510535375,5.19700246975732,4.46063558831872,6.25550532394716,7.02127783110849,7.96418695501638,8.47367148894367,10.1053360819791,,11.3846765589997,,,12.2547316430043,12.7992162219014,14.01347265241,15.0851784077992
288.399999999957,0.77790144111687,1.75996577529101,,,3.26955741906275,4.99928349292954,4.39049542639964,6.40159033564666,7.00647334800472,8.02869761307401,8.40509831135162,10.1394302112104,,11.4349753384519,,,12.2880870661641,12.935325401039,13.9941519774527,15.1762137108114
288.999999999957,0.823079943579366,1.73388627008282,,,3.15897626767289,4.80389236660166,4.31873640502353,6.54700732632311,6.99426448046514,8.07665414046682,8.33666720558444,10.1736233155196,,11.4855045987187,,,12.3245298027904,13.0732592298916,13.9762510118745,15.2692563236086
289.599999999957,0.864194636916516,1.70202234744615,,,3.0386771443657,4.58787081094389,4.26319861613493,6.54226367512895,6.98357095437207,8.19690190307937,8.24459131491951,10.2121296337353,,11.5339912371946,,,12.3250699096337,13.1750039933061,13.9457679607992,15.3445092790947
290.199999999956,0.83299580509849,1.6958335424957,,,3.14762374995254,4.50702691343825,4.30889728973298,6.64205380291607,6.99438552160322,8.30149643915412,8.13341761586579,10.4325619964628,,11.6864740068272,,,12.3244601170348,13.1557850994622,13.8379488235573,15.419311731123
290.799999999956,0.810858720606478,1.69678296365344,,,3.27824012482192,4.48808352727521,4.35048531449887,6.72290130389612,6.95577998675309,8.38755428485747,8.0956613179504,10.3398636996517,,11.8435115481092,,,12.3028418316125,13.2120860403669,13.7841483428656,15.3782124362083
291.399999999956,0.786812758663638,1.69501529263079,,,3.40429171407058,4.45944948878837,4.39881251953711,6.69215571860762,6.9187188571696,8.47693001365378,8.05731358658686,10.2467533776166,,11.9995896165033,,,12.2683713112905,13.2538529297236,13.7244377274846,15.3287568738859
291.999999999956,0.762649464551453,1.69308061124314,,,3.53006272155677,4.43021979904107,4.44755395894141,6.66158106678188,6.87445596756049,8.57726734173788,8.01892950183139,10.1536177298014,,12.15560870938,,,12.2331108080389,13.2951529270252,13.6643638363344,15.2787876803815
292.599999999956,0.740827655176027,1.69447879434349,,,3.66143302817706,4.41287694597795,4.44223365704895,6.61019953465889,6.78631576617054,8.61113529160158,8.01558089361028,10.0989549773528,,12.3128047196755,,,12.2330484474092,13.3067740320666,13.6115394887132,15.2390685281024
293.199999999956,0.737858199609123,1.66935153657219,,,3.46788167031037,4.53005099626974,4.46818577630336,6.4988170872109,6.65008866997016,8.42430813501802,8.10507805374477,9.96788967029416,,12.3214054168059,,,12.3082170079021,13.4796816944541,13.8556873689038,15.1102390999597
293.799999999956,0.723705659700652,1.62520358377677,,,3.24758769330522,4.52926394613239,4.56207212285021,6.41760085882171,6.63899175715421,8.25861939938443,8.22670435201775,10.0727840456959,,12.324385079309,,,12.4926031441053,13.5424733128462,14.0506125692768,15.0870533450622
294.399999999956,0.710550810189568,1.58247574141074,,,3.02967953880428,4.53354179461192,4.65243618176404,6.47380121623101,6.65025333092295,8.10733517196208,8.34863976782039,10.1778937694532,,12.3278662181569,,,12.6837066059067,13.614216273146,14.2486267498377,15.068235061611
294.999999999956,0.697014558460781,1.53920501192395,,,2.81085931980263,4.53588340759023,4.74414675891534,6.53055721329573,6.67134867724373,7.95748233289484,8.47045701258454,10.28292116874,,12.3311556500478,,,12.8722421339264,13.6844415451084,14.4454600591607,15.0477471587113
295.599999999956,0.681903410130916,1.49369257790175,,,2.58827297880315,4.53022986330889,4.87043684045177,6.60078363927747,6.75143715465846,7.83703437609786,8.54572218588962,10.4105370220209,,12.3336534802625,,,13.009894420367,13.783773605388,14.6374172822621,15.0203650169412
296.199999999956,0.562789995484778,1.4819630621647,,,2.63982297545778,4.39952496468378,4.86358857641479,6.63578910480834,6.97820139210995,7.95755833522017,8.51156900043784,10.4756481134835,,12.0506427581514,,,12.9873026456123,13.6286804313602,14.4918387998434,15.1806387582785
296.799999999955,0.448003173115783,1.48231086925106,,,2.70171934939225,4.32453940269825,4.7716781217772,6.64824938086006,7.09783750563832,8.0444827131589,8.4121757090788,10.4077981148242,,11.7698067424113,,,12.9013161421687,13.550987035568,14.3948786860558,15.2821190547019
297.399999999955,0.332892947772649,1.48219834521936,,,2.76284235505975,4.24791204554297,4.6809094224324,6.62588805747271,7.20398890481769,8.13278150560136,8.31268221676283,10.339878310639,,11.4888081722938,,,12.8131522066431,13.4759175060947,14.2969172742902,15.3821836281105
297.999999999955,0.218354016386065,1.48289899981322,,,2.82533152199492,4.17418493277262,4.5881238031649,6.60269445373249,7.30984550703562,8.20408587044777,8.21336573023496,10.2720818184596,,11.2080967557922,,,12.7288347224021,13.4031212884564,14.2007246634657,15.4847490876084
298.599999999955,0.102188392229937,1.48128422331355,,,2.88393070439466,4.09219971309114,4.51079288826316,6.51582345805397,7.39860754321572,8.27371791825316,8.14952087770446,10.061427795818,,10.9265677029313,,,12.6790907773412,13.3290090602948,14.0994955986955,15.5801935662658
299.199999999955,0.236669252005898,1.44422951121684,,,2.95566075544298,4.04014614473957,4.47561732261868,6.34459931072687,7.36338962255499,8.22521948806968,8.16020918298231,9.939436804977,,11.0817224340374,,,12.6646040528119,13.2816518306879,14.0473094641081,15.5963865248484
299.799999999955,0.375164489837908,1.40745726985851,,,3.03699057159659,4.01664628512856,4.44090576169715,6.15709922067511,7.2914626424029,8.17275165017218,8.24354299476548,9.92819365933436,,11.2388949410615,,,12.5932021400735,13.2683146927102,13.9681062081146,15.6370974805012
300.399999999955,0.513287147427819,1.37015469856069,,,3.11742941964172,3.99125497586657,4.40750957354492,5.94775280223157,7.21118151402101,8.12794080639618,8.32676136885573,9.91687009342513,,11.395880175382,,,12.5192916908137,13.2540274725527,13.8877493948727,15.6761774356269
300.999999999955,0.651664766777084,1.33321503929908,,,3.1984779693586,3.96715801149036,4.37321325780325,5.73803494687555,7.11879584876094,8.08786306284271,8.41005873854296,9.9056015602107,,11.5529935629769,,,12.4470978674267,13.2407548046729,13.8081819766432,15.7163735067379
301.599999999955,0.793161936877196,1.3007157420662,,,3.28698644291941,3.9588978320913,4.29164998475181,5.68564126306764,7.00759426671195,7.9824036942179,8.49927973944727,10.065925724794,,11.7116749529422,,,12.3939861029351,13.2679215640305,13.7382730962654,15.770225666782
302.199999999955,0.726206694173568,1.43243944054879,,,3.23420471670122,4.22256849802213,4.27817140880835,5.81602229434433,6.83346974269726,7.86735138539206,8.54690600249339,10.3963724709381,,11.6952908269007,,,12.3060006103844,13.3269964896036,13.8114961946392,15.7810985789976
302.799999999955,0.662083007800491,1.57376449810101,,,3.18819422017505,4.47151499946415,4.29622080411776,6.06781327082552,6.73360849766611,7.78578649031604,8.54383401156372,10.7060313541207,,11.6803299465047,,,12.2863551797802,13.2787023981262,13.9006081115845,15.8098010518552
303.399999999954,0.596659143635612,1.71323888529806,,,3.13907454925644,4.71386098763607,4.31886040113166,6.273373540985,6.63473563911463,7.72403832598743,8.5403591824904,11.0154095980097,,11.6647155483357,,,12.2579558135215,13.2185429675222,13.9856945077361,15.8328118899325
303.999999999954,0.530538144537352,1.85172097208575,,,3.08828778780868,4.95266788414968,4.34396119228179,6.47994942088055,6.54270745967611,7.67635645265879,8.53666835792669,11.3246373675134,,11.6487507441898,,,12.2248627243041,13.1556094745,14.0686224827946,15.8527709627369
304.599999999954,0.461931528191974,1.98666503647098,,,3.03155705658781,5.17885623747484,4.40501147689333,6.57380071266927,6.51058068263046,7.74816658952334,8.53492463163047,11.5392202205885,,11.6315365762584,,,12.1294465914833,12.9939186113308,14.1438546611875,15.8618490424462
305.199999999954,0.463979128898601,1.92747935293453,,,3.0655044982082,4.96838320541783,4.46017875782575,6.66704143060481,6.56481306389059,7.84034598881984,8.48202258851145,11.3811218973958,,11.665770118567,,,12.1826646039422,12.9521105210753,14.2011235474111,15.9831604692907
305.799999999954,0.461470828217036,1.85917655899101,,,3.08855720525636,4.74211256685512,4.47526744817546,6.66402493658633,6.54706576559422,7.95393565942135,8.40956044402658,11.1187937204154,,11.6977136951906,,,12.2473975173581,12.9544468974467,14.2423317231351,16.0708390055158
306.399999999954,0.460102832377033,1.79249687257913,,,3.1143367752269,4.52163082676795,4.48633035892614,6.69386993140028,6.53738574162116,8.03589612232689,8.33745160374535,10.856711674645,,11.7302304314893,,,12.3198079617092,12.9682484530046,14.2870704320525,16.1635093195857
306.999999999954,0.458823616620354,1.72594355555259,,,3.1403286490557,4.30159978974741,4.49707983678164,6.72358558838999,6.52165449031972,8.12139385168603,8.26537027047419,10.5946487917766,,11.7627917919637,,,12.3928161513395,12.9824032852112,14.3320840157399,16.2565682757422
307.599999999954,0.460692763434371,1.66387161123903,,,3.17384934574597,4.09755180446874,4.50040931725231,6.64287609975935,6.38243594306191,8.12501068464458,8.15502846931608,10.3274737115739,,11.796935636702,,,12.5043027823997,13.0593935612914,14.3868453424484,16.3634094469332
308.199999999954,0.461459141956746,1.76141391115254,,,3.1602089072376,4.19874602328401,4.38914541791175,6.38726302673139,6.3121688087111,8.23718552577042,8.16597670820375,10.2251796932314,,11.640388609721,,,12.3380055458472,13.1711131161576,14.3404625433809,16.0788392232769
308.799999999954,0.462575956715489,1.86422283300223,,,3.14740648286447,4.31790201315102,4.3265310918714,6.17215159732824,6.27404539947625,8.33230300919762,8.19746839356319,10.2861666722456,,11.4840177250269,,,12.1070938023482,13.3315152707427,14.2977235551495,15.8208055567887
309.399999999954,0.464130920476755,1.96765541522812,,,3.13565182416408,4.43928232058777,4.26236990639038,6.02139751719972,6.24799906286703,8.43597439701275,8.22909583199598,10.3472482243582,,11.3278670703369,,,11.8791320616829,13.4933576342069,14.2563411336368,15.5646899234495
309.999999999953,0.465622035224089,2.07099711490083,,,3.12374448040757,4.56033849061326,4.1984341361212,5.87073645447834,6.23134264081347,8.53191888940251,8.26070348788969,10.4083159948617,,11.1716843227549,,,11.6507404335335,13.6549459275601,14.2147610272114,15.308294785822
310.599999999953,0.464877302325692,2.17115631370047,,,3.1064904523058,4.6700441037044,4.17410607221607,5.94413845365238,6.35486828972819,8.68012120709027,8.34013723380438,10.5146765229653,,11.0143777548898,,,11.4212994988075,13.8005008619724,14.1662584435314,15.0421120419879
311.199999999953,0.426376974252464,2.10463464520502,,,3.13314913995641,4.5938512235399,4.30105827588921,6.1383438305839,6.34296969370791,8.66305982804986,8.43582397230856,10.6113513590149,,11.2626417837955,,,11.6313849663949,13.7797637527605,14.2703339605396,15.0489861282711
311.799999999953,0.381309785766341,2.02274742367456,,,3.14410419511182,4.46751851574288,4.44037626005828,6.28719795788567,6.36169478848076,8.63415040170542,8.50898654520519,10.5769552224387,,11.50760506416,,,11.980246992137,13.7046149882356,14.3632716129599,15.0369219778089
312.399999999953,0.336510269971822,1.94124120689427,,,3.1556993481704,4.34254468144903,4.5787492414337,6.35513973084381,6.36031296882286,8.5806715927613,8.58223205196498,10.5426168621621,,11.7527028867866,,,12.3309112248951,13.6255594429649,14.457038015105,15.02602958648
312.999999999953,0.292221349834185,1.86046177090644,,,3.16851551188711,4.22016294911924,4.71531959468575,6.4223376507805,6.36062170238184,8.50999370505919,8.65563575816939,10.508388712354,,11.9980573538034,,,12.6850132348217,13.5485356768438,14.5523852883025,15.0173723694617
313.599999999953,0.249996637000396,1.78262052328725,,,3.18626790857925,4.10826042031276,4.77879987108758,6.34174849447512,6.27770979953123,8.36625678408928,8.67869558622347,10.4132328007972,,12.2444493682763,,,13.053821248397,13.4478831196725,14.6541236177677,15.0177513889944
314.199999999953,0.335363308432409,1.80400426215571,,,3.2549123760476,4.19863072120375,4.81182399195471,6.15162288241745,6.29010565276929,8.24812384923863,8.67856284418302,10.2818935177343,,12.0791203419387,,,12.9425465220506,13.2699355869317,14.6971323316491,15.1568327165927
314.799999999953,0.418315359850902,1.82470091423544,,,3.31778265264238,4.3084756933946,4.78470881588375,6.00287601089489,6.39454909701995,8.03325326703331,8.77432220931626,10.1361543302539,,11.9125776376314,,,12.7355222982842,13.1285109678408,14.7404850358269,15.2979971580827
315.399999999953,0.502539050656132,1.84720761516475,,,3.38369385844129,4.42477630011506,4.75310419127713,5.88128714722054,6.51195016218631,7.78878504617098,8.87047557045382,9.99068962213915,,11.7466741066322,,,12.5370598646313,12.9849651140141,14.7877749021583,15.4447283051486
315.999999999953,0.586507010779943,1.86935030957579,,,3.44899352381007,4.53977865842184,4.72240240889434,5.76007084065094,6.62327920837887,7.55830662048747,8.96654969775688,9.84516971536023,,11.5806420358697,,,12.3368756280488,12.8404016481889,14.8342729927939,15.5903399702098
316.599999999952,0.668203116356111,1.88825925096473,,,3.50886039988851,4.64324766630609,4.73587338707816,5.73190176145299,6.73097858921791,7.41051132081485,9.09658587956068,9.74288224639514,,11.4134680464144,,,12.1334732765876,12.7385732932254,14.873737124089,15.726006405902
317.199999999952,0.681292693313649,1.95510908526691,,,3.43957170791795,4.56512695845392,4.63199827307529,5.77482845733512,6.82383050463823,7.3600804183595,9.10998354029621,9.58583281388168,,11.6590570075444,,,12.137755203035,12.8854418642989,14.6708974065457,15.6959851908534
317.799999999952,0.696183365793903,2.02715344263777,,,3.3745900577354,4.48765018532233,4.61772702385555,5.8483733510241,6.84887362836904,7.40849363966351,9.04937808815646,9.5363131801726,,11.9055512663873,,,12.1948678085144,13.0198023310291,14.5055150642444,15.6561100646973
318.399999999952,0.707722601288197,2.09442737159695,,,3.30159396358967,4.39315942807819,4.61528782703801,5.93728660942337,6.86194972205844,7.55826607155902,8.98773424983819,9.4860701493271,,12.1503609682031,,,12.2294156048436,13.1589762170374,14.3297562339279,15.6015637486188
318.999999999952,0.718797011833589,2.16103966969387,,,3.22748631236519,4.2963089295265,4.61448966753454,6.0268770405239,6.88249030251722,7.7144332409723,8.92594639335647,9.43572678747658,,12.394937031691,,,12.2608337924988,13.2963004562143,14.1525582446677,15.5449826232529
319.599999999952,0.728142304537902,2.2251907450642,,,3.14924374286503,4.19068035052784,4.60608121343476,6.10887455196155,7.01624641616583,7.79100948246367,8.85387450142345,9.40259216190599,,12.6386439761645,,,12.25290485134,13.4517816585919,13.9700066800204,15.4808321429063
320.199999999952,0.718534679615989,2.20564149416253,,,3.07566387513366,4.05130609616546,4.59065546319985,6.23203898377893,7.25092629900105,7.92768759232336,8.81093949686545,9.71801298917444,,12.5068958496818,,,12.168679054335,13.3034527032913,14.0176147089855,15.5576212961811
320.799999999952,0.718099743852355,2.19099004405517,,,3.02401907691793,3.95860100612238,4.53240913986552,6.22193691533337,7.46818839601186,8.05277458958155,8.70565737561348,10.0096777798669,,12.3797582583051,,,11.9413907743412,13.1447854851012,14.0205521734026,15.6846533823018
321.399999999952,0.720153288862368,2.1798806922873,,,2.97832509615675,3.87852899631411,4.4653773806054,6.21708219455835,7.68910493840921,8.1226315341598,8.60114626811452,10.3018797013148,,12.253871470029,,,11.7308571264409,12.9765144012701,14.0311943003327,15.8225789968404
321.999999999952,0.722846998256466,2.16968254916782,,,2.9341619696545,3.80170686012886,4.39608555840351,6.21129486066659,7.89978933420988,8.18363209595908,8.49683350474299,10.594219800234,,12.1283064522102,,,11.5246336258637,12.8107906807586,14.043818460071,15.963306983406
322.599999999952,0.728649917331669,2.16391004862,,,2.89743403792496,3.74066901120201,4.33209308924627,6.29617262849367,7.99690589033782,8.36595416008631,8.41283009696141,10.8163850099714,,12.0043042389551,,,11.3528045151289,12.6134227359583,14.0660691403543,16.1176457900247
323.199999999951,0.630819527559981,2.09958344564715,,,2.97878828834261,3.93907945489251,4.3725901953775,6.30698427784717,7.87258692403983,8.43951588662546,8.35494877356373,10.7029369924084,,11.9969251862586,,,11.5286918546979,12.6190074513765,14.0551638074197,15.8666848816892
323.799999999951,0.532397600034022,2.03974033405716,,,3.05872796760631,4.10495592798862,4.34971345736654,6.45089585637531,7.66375941834237,8.53522188818126,8.40908784395567,10.5803775591484,,11.9892488046733,,,11.7813015393264,12.6150831397946,14.090579677502,15.6011616249892
324.399999999951,0.433004430859388,1.97851475913169,,,3.13634507246367,4.265901772803,4.33026563122391,6.56157339525133,7.44011367446356,8.6413592079984,8.46292599152793,10.4576084864288,,11.9810842408691,,,12.0273719745182,12.6236396475089,14.1229884561906,15.3313866784171
324.999999999951,0.333593239341601,1.9172635312406,,,3.21391907967072,4.42675612496474,4.31088143191041,6.67227718968333,7.21405682395059,8.7505227004008,8.51675855518143,10.3348355236432,,11.9729106183641,,,12.273321067511,12.6321244401197,14.1553414353435,15.0615328375616
325.599999999951,0.229415404613257,1.84922747335083,,,3.28009439578986,4.56341202368959,4.29064308641297,6.42603782587875,7.00136196961234,8.76946497409101,8.53921919854661,10.2500371763505,,11.9623411034856,,,12.4739935197619,12.6495690393216,14.1729362625854,14.7708126256181
326.199999999951,0.270881687325541,1.86489515950279,,,3.24174875058531,4.44761840450447,4.21601343282209,6.2572270720776,6.8579637549336,8.70839305880444,8.55985964974807,10.2908128330669,,11.9591258507363,,,12.3208436812171,12.7446581053389,14.0126699665322,15.1398645642456
326.799999999951,0.310229764388165,1.87828564981357,,,3.1983377436638,4.33125821522443,4.2342841321186,6.00611654827833,6.76317801035953,8.63309389263849,8.51571093379501,10.2726539003492,,11.9548459089462,,,12.2638106405484,12.8662890229113,13.8094278521856,15.453648555048
327.399999999951,0.349248362134067,1.89120715995256,,,3.15413883784043,4.21322538346879,4.25371803889241,5.73569414598123,6.69802242712219,8.54013824316684,8.47146013423255,10.2544238505512,,11.9504003585827,,,12.2045592565534,12.9732408037873,13.6051656267026,15.7659902231501
327.999999999951,0.387366146394398,1.90284645405605,,,3.10778577568601,4.09061946070903,4.2763322150264,5.46658407922308,6.65193106940269,8.45484470619913,8.42693023281873,10.2359993629923,,11.9455020258177,,,12.1392428071939,13.0766080378032,13.3981143646427,16.0743885064339
328.599999999951,0.434224782505416,1.92692745844303,,,3.08233511081414,4.01238755277783,4.30925853435943,5.53148734251485,6.59845513444189,8.37455547147922,8.40919482541349,10.2783444060107,,11.9449971706768,,,12.12949096583,13.1676904868941,13.2181259251492,16.4210505846538
329.199999999951,0.574119266865611,1.96849732975505,,,3.14099210284831,4.0866254559109,4.44434600483685,5.64371518450783,6.56967078200735,8.31705533534985,8.41066602232242,10.2675935035241,,11.9001757311826,,,12.2909085304528,13.1764867756175,13.3768251277284,16.1990906831065
329.79999999995,0.717128348639333,2.01533812534242,,,3.20709717357381,4.16375762890294,4.44274215403143,5.83397909331755,6.50807885118472,8.28080515369111,8.46551622206907,10.3659296058168,,11.8569198043194,,,12.3055575170287,13.156448491531,13.5609179761927,16.0252421263005
330.39999999995,0.861169123630335,2.06364743090234,,,3.27566937929595,4.24612732003334,4.43749597061231,6.17573809652536,6.44358073921032,8.27391264594405,8.52068607454683,10.4644883958583,,11.8141824448845,,,12.3271527659405,13.1631231409858,13.7482050820326,15.8559098910615
330.99999999995,1.00621096018106,2.11338164539733,,,3.34663546913639,4.3335790239074,4.4287155978665,6.51603871942165,6.36296169184939,8.25329471455583,8.57616608904938,10.5632632618928,,11.7719482562662,,,12.3554880380544,13.1737812477586,13.9385916056217,15.6909598847967
331.59999999995,1.14743347776597,2.15767944924667,,,3.40846824751746,4.40164148296649,4.37519370801186,6.71186801006348,6.31815939140068,8.17105424662958,8.60712109716065,10.5589890033618,,11.7277943357153,,,12.3811598878181,13.1642217337834,14.117153017281,15.5092904969202
332.19999999995,1.06338695033177,2.19515767502779,,,3.37146508624384,4.47629108000596,4.29262384352755,6.81766963375724,6.28496508411109,8.14945534392195,8.62887727968254,10.6164528647928,,11.5737088858919,,,12.1838116876858,13.208260045475,14.0815671809014,15.7124009775573
332.79999999995,0.968675135227726,2.21118956317955,,,3.30895753666843,4.55252270329528,4.33885999663935,6.80485871052345,6.29893916836217,8.04704705932935,8.57094874154138,10.5130810308294,,11.4142626653416,,,12.1183139479123,13.2648140716665,14.0470730094021,15.9189367062483
333.39999999995,0.872815008210905,2.22558694655049,,,3.24370397649642,4.62292477922751,4.38915019785042,6.62841625999559,6.29449730721067,7.93127062998596,8.51266441833299,10.4094613373339,,11.2542392604642,,,12.0450847666072,13.2972828283954,14.0090235137705,16.1204456054875
333.99999999995,0.77707406048147,2.24015396947038,,,3.17873541518441,4.69393188354326,4.43901964355313,6.45180018503886,6.29060202831779,7.81132336470772,8.45441702081486,10.3058673683131,,11.0942757595344,,,11.9726580046483,13.3302258272905,13.9713430128276,16.3224762218192
334.59999999995,0.681245748479138,2.25459663826655,,,3.11355793570613,4.76449547232906,4.50833684280602,6.41160614095704,6.26773672275165,7.80774346320222,8.40011345442769,10.2528685794968,,10.934268346068,,,11.8714043685511,13.3818398952248,13.9333920206493,16.5241243938902
335.19999999995,0.664042071385443,2.28420822610844,,,3.16095273645611,4.81268077057602,4.51844309898623,6.34710391985161,6.2169295924865,7.75452288057761,8.41417668707202,10.2392203816305,,11.1689930848907,,,11.9031739504669,13.3569199099423,14.0810074556011,16.3279869378421
335.79999999995,0.651458504620467,2.32773583769265,,,3.219395817531,4.86104788839643,4.56707125496619,6.38924721255487,6.25408872101181,7.77335549604216,8.48188779748234,10.3402907789236,,11.406040063234,,,11.8767851956004,13.3257503034508,14.2232360567104,16.0972805962139
336.399999999949,0.638773397415131,2.37111891682658,,,3.27759608032446,4.90889952361854,4.61605789354061,6.4355074435152,6.30077923822838,7.77694360779242,8.54956744730576,10.4413392590413,,11.6430360035709,,,11.8497127815474,13.3049080942699,14.3651502753107,15.8661297529863
336.999999999949,0.625255910571392,2.41331718852024,,,3.33380583576359,4.95252548072043,4.66798319977761,6.48298031327426,6.3514405874723,7.80164951254969,8.6169891983501,10.5422080726289,,11.8796135589061,,,11.817036058727,13.2807536524622,14.5044873374912,15.6313350997117
337.599999999949,0.605479256900339,2.44660617521379,,,3.37504776038748,4.96437600376234,4.75237815880322,6.32595952801416,6.43494229469895,7.75874838589101,8.71634728897592,10.6541311574535,,12.1130450239207,,,11.7934423978166,13.2977307622617,14.6244451990909,15.3691404309647
338.199999999949,0.701360875740357,2.36433950589492,,,3.24348823878443,4.84811349381907,4.81974932100375,6.26773538343987,6.59052780859799,7.92061723834686,8.76058252869906,10.5908247627377,,12.1533053407646,,,11.9371715677592,13.2638605269889,14.5230748904533,15.2804539166259
338.799999999949,0.800457064283105,2.27965381538774,,,3.11961586413619,4.7659900486486,4.83768209042365,6.13184767629546,6.69035543067397,8.07069812722875,8.85245171369129,10.5220231474375,,12.1951814200212,,,12.0218383287376,13.2252270791401,14.3818146088426,15.2262959152888
339.399999999949,0.900496351667678,2.19631052980332,,,2.99799876471804,4.68865436132143,4.85228530450136,6.05450164994727,6.78635122648582,8.23991025833497,8.94461310194263,10.453425097059,,12.2375315358739,,,12.1128548571277,13.1777236657363,14.2434742848079,15.1762664063825
339.999999999949,1.00091955090412,2.11351370354769,,,2.87729973120309,4.61326764996348,4.8655331402249,5.97659632783904,6.88829272330893,8.39138146217852,9.03689343880024,10.3849099128477,,12.2800746201191,,,12.2064562163546,13.1317479270885,14.1063226021671,15.1279175030537
340.599999999949,1.11220308775854,2.04617545919369,,,2.78257151785437,4.59301478490973,4.83111852504486,6.05837290883469,6.90939912802822,8.56353033067806,9.08230634468941,10.3416655751568,,12.3280765144585,,,12.3164153238462,13.0048152955071,14.0027959477258,15.1271106172136
341.199999999949,0.954268274157184,2.02082357222424,,,2.88372601900163,4.71709037054625,4.79140336415328,5.96357022885074,6.90576621719171,8.4717829179103,9.0579530727915,10.2918512946245,,12.2913578173388,,,12.3084123330378,12.9976443161089,13.9928220271561,15.0408752725019
341.799999999949,0.790868807395327,1.9881397549073,,,2.97181264613653,4.73813394380555,4.70498310340579,6.00609182598671,6.96194169786632,8.37064683777638,8.92740341044102,10.260118155845,,12.2518923820571,,,12.3215260100086,13.0625400659219,14.0041101535545,14.9521909691609
342.399999999949,0.62715134234775,1.95500329949412,,,3.05913882948209,4.75756315945493,4.61968551701405,5.98527655820813,7.01143255993063,8.24595360439444,8.79675522168108,10.2283163781363,,12.2122671089957,,,12.3324986440054,13.133004174353,14.014413715599,14.8621146022788
342.999999999948,0.463753390081281,1.92232163790679,,,3.14722907829881,4.77861442123082,4.53325990942346,5.96399581340244,7.04184787178414,8.13121060239874,8.66620602856249,10.1965835662575,,12.1728024349558,,,12.3456225178906,13.2047396986263,14.0257065310768,14.7734369287672
343.599999999948,0.295514621424336,1.88274956837128,,,3.22374326232297,4.77509068025381,4.46614587669873,5.93322565399154,7.09542361374785,8.04008206495044,8.57402563545715,10.1141134528947,,12.1309045863401,,,12.3729455612357,13.3028616827936,14.0220115447602,14.6635681849969
344.199999999948,0.466736461366791,1.93265885732462,,,3.2017196905463,4.60795067161295,4.42263244115343,5.99601421646708,7.230996406933,8.08071307130175,8.48365665180868,10.2700730896744,,11.902542710581,,,12.3514003909277,13.2659847891122,13.8795709121157,14.8001177851193
344.799999999948,0.643828525187985,2.00321700551809,,,3.19373385251247,4.5318286158886,4.36449083838139,5.93299875534623,7.17608725123157,8.14422359988585,8.45169034903277,10.3888713773739,,11.6771314279027,,,12.3672786239774,13.1419652208813,13.745387386166,14.9495415187268
345.399999999948,0.822901021441856,2.07659409710444,,,3.19048391278766,4.46576047020436,4.29935743465839,6.05162754778297,7.15275487045605,8.21102745360518,8.4203376498182,10.5080971351891,,11.4527155843107,,,12.3964908627301,13.026467635322,13.6173355385055,15.1076347575236
345.999999999948,1.0011596047509,2.14881266670363,,,3.18528762595426,4.39556039485239,4.23709750301561,6.17144207613048,7.15075409045338,8.28052961228613,8.3887327734178,10.6271472124521,,11.2278906377648,,,12.4202231266707,12.9077313004138,13.4867637097281,15.2621650257372
346.599999999948,1.17631598630312,2.21661556879597,,,3.17267290271681,4.3096116088359,4.20622331854878,6.18171301812142,7.24750100593825,8.24178852302347,8.31746024875128,10.7390392628814,,11.001506409099,,,12.4033846661275,12.8630714403253,13.3465870578574,15.4031151516603
347.199999999948,1.14300959969337,2.18342961633693,,,3.11870657134849,4.36607980573955,4.22315589489514,6.27382044226969,7.13068366273341,8.1946358089487,8.33143476238476,10.6107718257618,,11.0553435850217,,,12.3932423508951,12.972488239519,13.5584498584878,15.3594072086777
347.799999999948,1.10400184887715,2.12814808714434,,,3.05110630802659,4.3939282592452,4.29906899435911,6.41129225274091,7.19264643661656,8.14388975336231,8.34032700520812,10.4892345457795,,11.1063150430254,,,12.3850381976829,13.094787181378,13.7696176324257,15.2553919848666
348.399999999948,1.06194115162427,2.06852100036359,,,2.97620539479187,4.40627805280722,4.38576034278292,6.35688466209872,7.22345377365174,8.12217580802511,8.34827334411632,10.3670382969003,,11.1557519764672,,,12.3562789351323,13.1977611055175,13.9713330841966,15.1380122379603
348.999999999948,1.02092525100382,2.01038107492913,,,2.90380295134748,4.42393188561536,4.46876309776204,6.30095497638276,7.24345373897501,8.07994575364275,8.35654339562327,10.245067564092,,11.2057140636016,,,12.3345541585989,13.3048925190226,14.176283363232,15.0252061738913
349.599999999947,0.983568942995645,1.95745020598198,,,2.84015185845572,4.46016409266177,4.50639887536009,6.43632285100916,7.19119729799349,8.18216379645676,8.38581787565603,10.0930435510359,,11.2575155982556,,,12.3327634734769,13.3211251819209,14.392564220479,14.9284202762384
350.199999999947,1.07699091439547,1.96538002625326,,,2.78850109613313,4.41270059711273,4.64492355905615,6.5583004223598,7.26331492326819,8.05702560466709,8.37858577219468,10.1086632481297,,11.4183855551596,,,12.3927931272244,13.3676596116355,14.5128056476301,14.978595303596
350.799999999947,1.17547061924752,1.98583132267808,,,2.74894512222972,4.33098119581923,4.73444173282055,6.67019853879202,7.251989705325,7.94117563892323,8.32894628410262,10.075310079435,,11.5817977172358,,,12.4450167586558,13.4101849914111,14.6528278900581,15.0736201325136
351.399999999947,1.27538870924671,2.00833001352012,,,2.71282882426459,4.25656393451079,4.8188817718908,6.88894138413596,7.24961944520227,7.81566038933648,8.27975245536233,10.0422673816511,,11.7459328652482,,,12.5069248587071,13.472421218624,14.7973035613609,15.1749416102323
351.999999999947,1.37464780595246,2.02989069468348,,,2.67513664561169,4.17880121229363,4.9056483482668,7.10864427319865,7.25510451704393,7.70201683762573,8.23035444867492,10.0090824422351,,11.9097367786923,,,12.5643960387261,13.5320351578973,14.9397389030851,15.2733782908311
352.599999999947,1.46952164042434,2.04520940273451,,,2.62695778957697,4.07877616430817,5.01138212758383,7.19069424897194,7.30176914801823,7.53855591975023,8.20030020240049,10.1221604398271,,12.0713364960433,,,12.589210465173,13.6317429298877,15.0685968983711,15.352618126806
353.199999999947,1.28473016579114,1.94376867411001,,,2.72698104035295,4.04980815250624,4.92593778344299,7.13882872354718,7.2819494764158,7.75748518622745,8.20548611340344,10.0168105737158,,11.8717182001517,,,12.4762920242607,13.4912122795723,14.9614190495072,15.5123156507647
353.799999999947,1.09999424953738,1.84055952819591,,,2.82713715048529,4.09634844628233,4.85731881714535,7.08152435042959,7.27545745018017,7.89137022465408,8.26648074652628,10.0196162074969,,11.6721278299511,,,12.3069422987568,13.4088904518872,14.8510147977869,15.6660751384885
354.399999999947,0.915666449287322,1.73793129374962,,,2.92826920701189,4.14496059140281,4.78725902115169,6.9320958735612,7.26974805349469,7.97861691782774,8.32760182750816,10.022509931845,,11.4727425940509,,,12.1403403676341,13.313668582541,14.7418741266857,15.8216211874465
354.999999999947,0.731364962652713,1.63534051404866,,,3.02946418848603,4.1937063208446,4.71710632647666,6.78262906212007,7.25121156019924,8.07826309997376,8.38873106131957,10.0254093359042,,11.2733705843537,,,11.9739156028174,13.2185514212036,14.6328149259854,15.9772824264115
355.599999999947,0.554335257811488,1.54310037337734,,,3.1480485130807,4.27936814938538,4.6440761255435,6.65457385592342,7.14291407037783,8.09470676119348,8.44263389879587,9.86215632020809,,11.0776536429659,,,11.8509273847086,13.1668270391288,14.5462701144749,16.1647764858057
356.199999999946,0.6241194374055,1.6773795356637,,,3.16747044399182,4.33328490574137,4.61973563205134,6.62544619833688,7.05252214489056,7.96098430814874,8.45658424512657,9.88172398602782,,11.1302419607562,,,11.8422644253023,13.3583582302942,14.5637855823657,15.9806686849442
356.799999999946,0.690404422244891,1.80803638473227,,,3.17852459099393,4.32066742603952,4.6421914624834,6.60542212794117,6.97496326282008,7.91712670226762,8.46671601525114,9.8335996548936,,11.181071452974,,,11.9497135177505,13.5016431904773,14.5432307000582,15.7921294034837
357.399999999946,0.75643414092291,1.93832988847956,,,3.18896830839387,4.30675405611305,4.6655484951815,6.5788394098758,6.89223832543681,7.87849102759019,8.47676869546467,9.7854202253544,,11.2317726389138,,,12.0554439348373,13.6481721586231,14.5218854802674,15.602472673494
357.999999999946,0.822838323224104,2.06915640296663,,,3.20030749771727,4.29474169705502,4.68758350594458,6.55171116054367,6.81299251704405,7.82493805164231,8.48693739691031,9.73732162261188,,11.2826620442145,,,12.1636955690102,13.796191204822,14.5016996489166,15.4144551886869
358.599999999946,0.880568313734309,2.18763609096008,,,3.19090369699606,4.23869373120099,4.7475062215745,6.44268899703337,6.81628347792847,7.84619033288269,8.48264663276047,9.7800098036291,,11.3291914777193,,,12.2699245100938,13.9072354637173,14.4546573832781,15.1884657188152
359.199999999946,0.847822225341352,2.12058739045635,,,3.05267356490296,4.19782369578702,4.81776192837785,6.33931029826978,6.87113709575627,7.8254626812472,8.55521638339966,9.84844874781524,,11.4082602419202,,,12.2896481207741,13.7511739476392,14.4498423048727,15.4662507207319
359.799999999946,0.818450525429918,2.05853148680295,,,2.92251276173799,4.1900096063437,4.83189801326006,6.22637685122413,6.83226653703399,7.78169169650012,8.58721445210118,9.80012865126999,,11.4890250994313,,,12.3285932380626,13.6093842279138,14.4579800902937,15.7307446819862
360.399999999946,0.785893599972675,1.99194173975473,,,2.78473498359959,4.16602532571032,4.8572793507581,6.12832268627777,6.78826328306471,7.83614324735935,8.61822563243518,9.75112103378642,,11.5681889439746,,,12.3460926271892,13.4638892050429,14.4562560000932,15.9812950575107
360.999999999946,0.75317175537003,1.9251172471391,,,2.64656282679473,4.14120381265058,4.88324292565981,6.03050878111893,6.74291046667205,7.89697663826243,8.64918571535607,9.70207781902336,,11.6472698940143,,,12.3624816361842,13.3177379304469,14.4540212986106,16.2311234859676
361.599999999946,0.726143403019582,1.86639685951383,,,2.52200577742029,4.1452860167503,4.83559354459303,6.0115197807862,6.63023102054179,7.96414572098343,8.69903911112094,9.57357964876832,,11.729212605269,,,12.3723339747636,13.128390429088,14.4694143951088,16.5058756431103
362.199999999946,0.807156454131602,1.88227945451627,,,2.55886091815054,4.21273974090798,4.72276963135509,5.97761694982818,6.55711679596222,8.04430671845851,8.69595475293742,9.41159708589898,,11.597953693046,,,12.4704980608712,13.1290910628257,14.3210196709891,16.3146229645067
362.799999999945,0.888425245105563,1.89835958167426,,,2.59632762125591,4.29947707480345,4.66253487425652,5.86587127259361,6.57634317583547,8.09645909523216,8.75005129880025,9.41512852927289,,11.4668233251763,,,12.3768137666708,13.1638724447706,14.1911151372225,16.1664004847043
363.399999999945,0.974541572000304,1.92133968134583,,,2.6453864578728,4.41082352397961,4.58518617492264,5.83713309034692,6.61452941117938,8.04693259295297,8.80564977183932,9.41970629806196,,11.3381295093686,,,12.3157673299973,13.200142668897,14.076219209798,16.0393984904587
363.999999999945,1.06002403063301,1.94341753425599,,,2.69292949643427,4.51895206257455,4.51007531043965,5.80931834882239,6.67906650384148,7.98948928758093,8.86105185149809,9.42414724837794,,11.2091170877689,,,12.2504531370086,13.2338905834382,13.9593607431841,15.909621685976
364.599999999945,1.14711725718783,1.9677881508651,,,2.74432443771798,4.63525786362432,4.50486539877442,5.8239458919592,6.79134052487609,7.92653853992785,8.87894570756174,9.57770358764613,,11.0809142981072,,,12.1631774754409,13.3021169996988,13.8474894251018,15.7868961500099
365.199999999945,0.996036153327224,1.99533355289477,,,2.77084664455064,4.68915084771464,4.6061822978347,5.80527057820901,6.82588197238719,7.81195671547559,8.8483849340685,9.75670569113223,,11.2533997385587,,,12.0218535451215,13.3485267220452,14.0079243618617,15.8264937798359
365.799999999945,0.843720046687549,2.02453627808924,,,2.79441553301812,4.71280577675389,4.63771707523921,5.84031041373648,6.94480422858683,7.7327548798023,8.79617348191248,9.99394946423181,,11.425264420664,,,11.9320602832754,13.2672799920632,14.2088889991969,15.7756123162433
366.399999999945,0.688530651853869,2.04964917086476,,,2.81111339651409,4.72187410312274,4.67939582866829,5.86299734689162,7.05104849237722,7.73884869078243,8.74307178991322,10.2305730471064,,11.59568488113,,,11.8229215287367,13.1807906942764,14.400957559826,15.7121527982236
366.999999999945,0.534066793510913,2.07579479076711,,,2.82954626847734,4.73462570516634,4.71851311792292,5.88462729395659,7.12322988730148,7.75801769950751,8.69019489314741,10.4673532347533,,11.7664700232532,,,11.7186677213163,13.0971884753256,14.5952724764911,15.6518693756206
367.599999999945,0.376516938335193,2.09754780921769,,,2.84059945560975,4.73171086284533,4.71216772758925,5.87784858407011,7.17359832844167,7.82759718825588,8.65250184941592,10.589135632949,,11.9357040284546,,,11.602420292991,12.9948867884421,14.7800327426309,15.5780767491093
368.199999999945,0.512461677966776,2.16424631215921,,,2.97243278036183,4.64558971922283,4.67353149384403,5.92118554557031,7.22065492083008,8.00459032557211,8.60341824738572,10.4919748029021,,11.9346346549887,,,11.5670351447186,12.9343213489306,14.6580171759475,15.4608376154486
368.799999999945,0.647972258478645,2.2272807830292,,,3.10322788057616,4.62247311865761,4.69900133742538,6.08613556375862,7.09350488189282,8.18039149219271,8.57811631518675,10.2940373021226,,11.9333470569532,,,11.6212287915225,13.0028180883525,14.4740367550643,15.4291737742394
369.399999999944,0.78495785087447,2.29241478273643,,,3.2375502439133,4.6068445982454,4.71926373776752,6.20680809962622,6.96321374518139,8.2724515002644,8.55327139052172,10.0964181780153,,11.9328008548156,,,11.6853535102304,13.0977721807132,14.294623164226,15.403966918378
369.999999999944,0.921626302789685,2.35709736534537,,,3.37111421476956,4.58960607498338,4.74064578404025,6.32794265646397,6.84792985314475,8.35867482535382,8.5283282052326,9.89873060013147,,11.9320952460631,,,11.7473429614546,13.1914642971709,14.1142276649077,15.3773717540859
370.599999999944,1.06112795016541,2.42581271246037,,,3.51145333501702,4.58675061867234,4.75942133637024,6.5086720198989,6.74514004609525,8.36642132978529,8.54028729177666,9.77648322154917,,11.9328137068491,,,11.8682207561204,13.2657016106884,13.9426041099436,15.363179134988
371.199999999944,0.96291643799612,2.3733661102957,,,3.37620989210062,4.71897772807796,4.794549007844,6.63720417417707,6.80641473635954,8.40198004986954,8.62475694498976,9.88271880243582,,11.8834351509689,,,11.6952642660433,13.2936953647737,14.0542798577015,15.4322883138346
371.799999999944,0.861499136909025,2.30998515008302,,,3.23330030010968,4.74701724208586,4.8629883581115,6.68600706132007,6.98524043761476,8.48166164474464,8.65460709491692,10.0283863031459,,11.8324452462109,,,11.5463704703376,13.2629850749427,14.16983164002,15.4801248127505
372.399999999944,0.759073839283657,2.24516940970069,,,3.08798024007027,4.76993953706612,4.93498638124417,6.7802898234712,7.18147603926175,8.60677736533024,8.68414493412827,10.1738362309736,,11.7809486848578,,,11.3906899590843,13.2182900469743,14.2822625329884,15.5235487242548
372.999999999944,0.656966810300378,2.18080669223933,,,2.94342127033569,4.79447756214739,5.00586077553807,6.87410892110859,7.36906336908304,8.73115364832506,8.7137813835055,10.3193548560878,,11.7296120971757,,,11.2371523110859,13.1748614841274,14.3956788273727,15.5683658828091
373.599999999944,0.551046257780948,2.11101581333484,,,2.78974284801678,4.79965576362876,5.11344718361285,6.81505867972416,7.57045331976606,8.85100015578449,8.69777347519274,10.3867565650345,,11.6763586905597,,,11.0381906643414,13.1938947351821,14.4972879532367,15.5964890297198
374.199999999944,0.647833491136421,2.16791549302503,,,2.84019609862713,4.71596249196395,5.16670526762827,6.72246202829719,7.49982617965454,8.81214178775012,8.55261505846469,10.4735718547731,,11.5635275281358,,,11.3316402092921,13.2084390426522,14.368849827152,15.5305879507942
374.799999999944,0.746996868258962,2.23473557476944,,,2.8963315300636,4.64113162203621,5.09833982170709,6.58594069495445,7.45527105075505,8.60626705302654,8.4623948591829,10.4943196745052,,11.4518907040349,,,11.5202312543384,13.2768696340899,14.2758442325357,15.4664265121645
375.399999999944,0.845668424883202,2.30085560024353,,,2.95129084873408,4.56380396455731,5.03171071929868,6.3423093542213,7.38449560566401,8.39535124554085,8.3720222776275,10.5149613363215,,11.3400066726375,,,11.7055109330168,13.3338062265955,14.1813158972205,15.4001120890179
375.999999999943,0.944232141623548,2.36682212665192,,,3.00599228497679,4.48592884457833,4.96546233929733,6.09883511826675,7.32330667718305,8.1778382439477,8.28161628370458,10.5355797212377,,11.2280684368989,,,11.890064539145,13.3903136990622,14.0864536754954,15.3333255879465
376.599999999943,1.04483308896988,2.43568844285351,,,3.0655654435882,4.41839597758149,4.869390720286,5.95230197272839,7.23024937340798,8.0402980268251,8.20682417886048,10.5270270086484,,11.1171541891234,,,12.0886745198079,13.3760723735663,13.9978989866467,15.2754572307215
377.199999999943,0.95949092369315,2.42533119190818,,,3.05045899040317,4.34787814541657,4.77906813113299,5.89526458262202,7.33898388878941,8.00990993123208,8.37397545036626,10.3659498287442,,11.1222995685916,,,11.9354168642524,13.2937246127473,14.0819839072006,15.3515077345508
377.799999999943,0.872143943204242,2.418871618833,,,3.03055833129251,4.31865222364744,4.72154227343042,5.85008989256964,7.27662831715299,8.11452857147168,8.45446168546749,10.2821256567726,,11.1264372533004,,,11.8924972661206,13.1597871324233,14.1166156133996,15.4539718480802
378.399999999943,0.786410459714876,2.4147086940205,,,3.01451610107125,4.29761741883684,4.65832005887886,5.92789898480834,7.24095045012555,8.20666852887048,8.53544783536751,10.198649753067,,11.1313859416832,,,11.8604411429865,13.0339313552255,14.1562429177074,15.5634991768893
378.999999999943,0.700499080707279,2.41029255309859,,,2.99804846119195,4.27567950543924,4.5957258940568,6.00596724126416,7.19569113689959,8.31405199525942,8.61637886734437,10.1151354511726,,11.1362452131542,,,11.8271872714135,12.9073676902893,14.1953194341827,15.6722477534959
379.599999999943,0.609589157892342,2.39876149535248,,,2.96962757576175,4.22836586656123,4.54562322496709,6.05057303288035,7.15636433286558,8.35420485980825,8.68109707393897,10.1418122291681,,11.1385920303764,,,11.7870598815122,12.9149511453066,14.2189198041154,15.7591147951572
380.199999999943,0.664529412688372,2.33254568745427,,,3.1184131480273,4.37091771590537,4.43690151143224,6.04555706633005,6.99040395218073,8.32424325565634,8.50670131723218,10.2848144890327,,11.0344127734074,,,11.7497583632168,12.9548221583757,14.1706501061182,15.6777138292226
380.799999999943,0.726579372680793,2.26866423336805,,,3.28420048224611,4.56906570477491,4.40509140540769,6.10099977080253,6.9048973201404,8.29033025334101,8.42418978699567,10.3911174374751,,10.9338071189979,,,11.620494857754,13.0233590522105,14.196907895591,15.5372621523978
381.399999999943,0.789566410839888,2.20611661438799,,,3.45222869418017,4.77197088678649,4.36997299969566,6.09232967268368,6.80356081429628,8.21283413637882,8.34196859461832,10.4976226512923,,10.8336724749689,,,11.497540583238,13.0943312721071,14.2260670018499,15.4009126119946
381.999999999943,0.852994357792658,2.14419658406474,,,3.62131127140131,4.97711439678747,4.33329799125773,6.08301724372193,6.70534665793258,8.11877592958627,8.25988401038745,10.6042230338875,,10.7337594481179,,,11.377554892892,13.1670579708794,14.2565912195024,15.2664931859505
382.599999999942,0.924412791486355,2.09365019589364,,,3.80950186362978,5.22282260038881,4.31354742320543,6.15919468686491,6.60673606220413,7.99078298384519,8.23344595233483,10.6485625661218,,10.6378627374453,,,11.2929156282088,13.1736328417406,14.3118550310277,15.1670527701124
383.199999999942,0.848124804761454,2.00953781508009,,,3.73889178192432,5.13358147145796,4.39918211528774,6.28856758325145,6.51435461655891,7.87148730690968,8.35819783960302,10.6455516022132,,10.9187033248657,,,11.5843164729554,13.1645356288125,14.3347377366169,15.3732107082395
383.799999999942,0.767077459393096,1.91464407596752,,,3.6569004290572,4.96714938385676,4.39769390376869,6.3228663683949,6.45393454908553,7.68983871629544,8.40706688431939,10.5495094205904,,11.1971516814505,,,11.8782735128494,13.1820969812846,14.2667828600232,15.6409729230932
384.399999999942,0.682505608004247,1.81473356234009,,,3.56648076435922,4.78282470579266,4.40864875474512,6.37868250224249,6.39176699245383,7.61533009455228,8.45484392033735,10.4527064854065,,11.473828490067,,,12.14850049127,13.1956992674198,14.1879156509978,15.8933063241592
384.999999999942,0.597215168668632,1.71380021212882,,,3.47434270756373,4.59485202719613,4.42214053846766,6.43554549930655,6.33427589681542,7.55776793264754,8.5023983140109,10.3557484452716,,11.7501441096233,,,12.413889306256,13.2064421245966,14.106823599539,16.142494047629
385.599999999942,0.506551865259154,1.60521913840712,,,3.36935627610916,4.37960334001849,4.39140088851056,6.35218878057431,6.30795920962639,7.6061778009764,8.49117612249826,10.2665406098717,,12.0237591276262,,,12.6296766564358,13.1015154598153,14.0090964569486,16.3681616185264
386.199999999942,0.459327206977525,1.59374304988056,,,3.34177394143447,4.42111429572105,4.26585060851139,6.20066771632516,6.42870627739072,7.78398870460499,8.42957359510106,10.1387130565747,,11.8747572775175,,,12.3488261088382,13.0637079087093,13.9252613164662,16.3110248768096
386.799999999942,0.413107890454919,1.58800609926822,,,3.3165957263111,4.44418961248734,4.18970560225132,6.15574442759007,6.56024717951317,8.07202317793534,8.4540077780486,10.1182949695812,,11.7262607495698,,,12.0751308907491,12.9854845055276,13.9233487763972,16.1897264475007
387.399999999942,0.368466359789235,1.58451496575244,,,3.2951905423947,4.47527475417542,4.10799031524675,6.11532643048166,6.69598170558577,8.31959127491336,8.47893081131671,10.0982174427188,,11.578557275546,,,11.8120587089562,12.9053619783772,13.9263212680722,16.0753349050097
387.999999999942,0.324297737694528,1.58169696930971,,,3.27491624629081,4.50876067467769,4.02460545217284,6.07421948417959,6.83159726223268,8.55296298170865,8.50400036732211,10.0782419916858,,11.4310915029797,,,11.5521705618613,12.8271212646755,13.930757946644,15.9630135585239
388.599999999942,0.281596028693475,1.58096697390328,,,3.25814984630349,4.54969356081695,4,6.1202311077774,6.96018078540968,8.71188502277886,8.57721628431011,10.1034999482125,,11.2843630555579,,,11.302467787627,12.8913122036472,13.9397363803504,15.8571137442598
389.199999999941,0.405657432715678,1.65024920776567,,,3.34140326130342,4.34013444669094,4.1591948389027,6.23744625735888,6.98649621491864,8.82651077532029,8.7109042448185,10.1451275221677,,11.3870998091101,,,11.3379406292198,13.017958534357,14.0051637331739,15.7405130947047
389.799999999941,0.523269947172096,1.7090688564393,,,3.40923515283029,4.19016896091869,4.37512030628961,6.28365304156739,7.05016783584792,8.84705518787942,8.78985849231037,10.1138205104277,,11.4865951106447,,,11.440605566253,13.1500062511759,14.0111207499273,15.6478233907066
390.399999999941,0.641257572692232,1.76842243741811,,,3.4779640645347,4.04210777283583,4.58972146599382,6.32805330499536,7.13027124844592,8.83737240358856,8.86892896162773,10.0825944652256,,11.586278956968,,,11.54579607952,13.2848713572194,14.0182391596775,15.5567757661201
390.999999999941,0.759010608293687,1.82744210359622,,,3.54613199067814,3.89285566003442,4.80515083169466,6.37279532694777,7.21667677943041,8.82830908991501,8.94792674721902,10.0513177845264,,11.6858448896627,,,11.6494071279882,13.4188029752885,14.0246312483032,15.4647012049495
391.599999999941,0.87677487444359,1.88647775531356,,,3.61432677294378,3.74366056050036,4.97187094607075,6.47708259928056,7.27139658502646,8.85905562388421,8.97957313477029,9.95122730738046,,11.7854164672492,,,11.7691772801356,13.5250743396538,14.0310581081784,15.3726758064246
392.199999999941,0.899612647552019,1.87932962369499,,,3.58618618853909,3.72541413562868,4.96052930188503,6.47585698023927,7.27780048733763,8.83764708931091,9.00309883126466,9.92356429272097,,11.6361285406992,,,11.7635311806884,13.6142998445786,13.9432786984366,15.4352243942947
392.799999999941,0.925870585370676,1.88057932148632,,,3.56622439984886,3.66233817108844,4.88006525657383,6.47852443388705,7.24045875244908,8.80465791263186,9.00344127859609,10.0074741079332,,11.4885597162699,,,11.7982124209817,13.6455402302895,13.8886026548465,15.5054624549959
393.399999999941,0.952396659575578,1.88221068405061,,,3.54690381791594,3.6006234340497,4.79865457141737,6.42224506118495,7.18095149951507,8.75492010040579,9.00386680345784,10.091441799553,,11.3411256671728,,,11.8346989902768,13.6787101181575,13.834756796642,15.5768743046902
393.999999999941,0.978849633575831,1.88373799593616,,,3.52740842813303,3.53853759478653,4.71750196226089,6.36607218332658,7.11300233284444,8.71608046769005,9.00426967945523,10.1753937127232,,11.1936548751909,,,11.8706933849692,13.7115891232699,13.7806846106262,15.6479661522509
394.599999999941,1.00714646125272,1.8878898452972,,,3.51232232965699,3.48581230662141,4.63714510557419,6.21283367016036,7.04451183890481,8.65249143639379,9.03065239674487,10.2320354114385,,11.0471108727266,,,11.8955193888975,13.7011619941682,13.7323212371771,15.7271296203105
395.199999999941,0.806426000187311,1.9385324478481,,,3.36361316350414,3.64817783463963,4.59102214060295,6.13556156341257,7.08073575288012,8.55727448219791,8.90280833998663,10.2404907939999,,11.193495642483,,,12.0591107736777,13.5359527982329,13.7695302506839,15.6497119838675
395.79999999994,0.605187780839603,1.98960275509635,,,3.21366585842163,3.81121581903563,4.58127991250561,6.07066955800118,7.13119922161352,8.53586683392123,8.83903592005597,10.1102981571734,,11.3396201676873,,,12.0883918713904,13.48433617204,13.7756428856976,15.5793235996196
396.39999999994,0.403541290347289,2.04009193004948,,,3.06274223594931,3.97218116450221,4.57297906182516,6.07062162412236,7.18818910244661,8.55695602437466,8.77513700420979,9.98001739628912,,11.4855394806115,,,12.1149241301594,13.4277562242609,13.7804914597524,15.5071479749959
396.99999999994,0.202115917948116,2.09089584403494,,,2.91234738324774,4.13426904329982,4.56389756664075,6.07025155793627,7.24563516965094,8.57088086053029,8.71130659807195,9.84978436305063,,11.6315699357231,,,12.1429451495982,13.3720561569218,13.7860246443948,15.4359403129365
397.59999999994,0,2.1407168369271,,,2.76030119751224,4.29285128226369,4.56000521050234,6.0237487836169,7.30817956836228,8.55778192798427,8.62523838171752,9.78542250200224,,11.7772532969278,,,12.1907062233726,13.3068609564502,13.7894198095416,15.3617097311743
398.19999999994,0.056275797900312,2.06325541376303,,,2.74298166427787,4.35848776112246,4.66427800007232,6.0092029496655,7.36324707203654,8.51328894245703,8.73745514882564,9.78134294536412,,11.8016465917613,,,12.076536948275,13.2976563940572,13.9761225556984,15.3445568938623
398.79999999994,0.120700083201176,1.992570061043,,,2.74514798017884,4.46265148348836,4.68842738118468,6.02592618762427,7.38693569805047,8.42975384565203,8.80993932234558,9.96246434194308,,11.8301356197632,,,12.0302337923979,13.1452815866682,14.1479905624161,15.3528164643961
399.39999999994,0.184998653079475,1.92170576525236,,,2.74701366706197,4.56617699597235,4.71302059324346,6.03747619463653,7.41310736502296,8.34501318195279,8.88238454505989,10.1435586032613,,11.8585614585124,,,11.9830842101892,12.9920618566954,14.3194693377101,15.3605257053693
399.99999999994,0.248852969242731,1.85020911965082,,,2.74781698979517,4.66744719956017,4.73918221707752,6.04967340547967,7.43593172785272,8.27716731409071,8.95469212326029,10.3245569738108,,11.8867639988017,,,11.9329435228702,12.8370743376249,14.4895726452957,15.3662901893163
400.59999999994,0.31215365339208,1.77792443539602,,,2.74729638706884,4.76590682179798,4.76338068763771,6.24967433206357,7.51540629284725,8.23879311000304,9.03908780837947,10.4622253664737,,11.9146882630252,,,11.8619679557633,12.7227197986907,14.6579618356287,15.3696311037746
401.19999999994,0.283952882767606,1.85818419641876,,,2.89352978409382,4.76582855724556,4.6367978866797,6.421333761057,7.54280755913076,8.35726397768537,8.93663287157425,10.6008372575145,,11.9961511526702,,,11.789490435973,12.6852127971141,14.3921440260566,15.3820482787742
401.79999999994,0.244992048364422,1.92087073533784,,,3.01403215038988,4.72438532565451,4.58150143917281,6.58684792785687,7.52539123414944,8.45464028877378,8.81307214908075,10.4742492538505,,12.0722056335965,,,11.8227433977296,12.8189995565937,14.1782278182166,15.306257698574
402.399999999939,0.206802511850208,1.98465513806226,,,3.13637895646981,4.68685768313403,4.52348196955299,6.71605842808505,7.50286662107732,8.50879562598859,8.68975040021563,10.3478277323863,,12.1486477975627,,,11.8611894124357,12.9626972295464,13.9666996497059,15.2338435380552
402.999999999939,0.169856169676212,2.05020910101622,,,3.26169866981813,4.65564127034608,4.46107347497709,6.8434578007649,7.48052157026042,8.52512464457883,8.56681383412977,10.221674550515,,12.2257148372972,,,11.9080057002948,13.1113418625962,13.7590205737572,15.1668715625903
403.599999999939,0.134383075764231,2.11786008247188,,,3.39054142885975,4.63190398446034,4.4038018861434,6.81078723281465,7.38505260492207,8.51362655488415,8.44547786881195,10.1849052896515,,12.3035223864677,,,11.9701948494915,13.2382351113604,13.5559028674544,15.1063488520656
404.199999999939,0.214514959520333,2.0173135941219,,,3.34493079407767,4.44858501095401,4.41325967798092,6.75392735759894,7.30894211136523,8.35451277148146,8.49630905512755,10.022307037919,,11.9869558517857,,,12.3231659947403,13.2877107238372,13.6963269788213,15.1080594311786
404.799999999939,0.310649565087869,1.94686419258183,,,3.33758819703604,4.32336909097766,4.37602248403222,6.53442242447284,7.23228178915739,8.24853314029553,8.55922610703044,10.1602226129192,,11.6784328809353,,,12.3744101789974,13.2222864449021,13.823553493072,15.2164463554871
405.399999999939,0.404904979058816,1.87373995364548,,,3.32575180350946,4.18861322258234,4.34541966618153,6.35487467601758,7.1545840177491,8.21978487024017,8.62156092314155,10.2977325703469,,11.3689653584128,,,12.4130019994905,13.1495599852432,13.9449617839193,15.3166069646615
405.999999999939,0.497953605564384,1.79889797594929,,,3.31102956413309,4.04773094845469,4.3190773409432,6.17708501634478,7.08496603573415,8.21926355998064,8.68352183652897,10.4349820464913,,11.0588912595729,,,12.443468669799,13.0720314369302,14.0626337026591,15.4114847628587
406.599999999939,0.588464671476174,1.72044403979941,,,3.29023914049211,3.89396643431884,4.31094787066306,6.10543245195135,7.05555838291433,8.2697966343042,8.77051471869518,10.5022126009949,,10.7475416882872,,,12.4557167048214,13.0356072101824,14.1724490013264,15.495254181706
407.199999999939,0.64422944582162,1.82496934520462,,,3.41052709497543,3.88915070930309,4.32374231779113,5.98273028844066,6.95610826973951,8.39915189710446,8.67456034896616,10.7196225898823,,10.9955937005588,,,12.083387470626,13.0024118239719,14.1270336729363,15.6458061221549
407.799999999939,0.688984143085553,1.91024970622861,,,3.50448615051383,3.8513954109732,4.30020006526421,6.11435431310553,6.87837086610055,8.45118423788294,8.61410057363551,10.8450334929165,,11.2381116381648,,,11.9641108880901,13.0074554320668,14.0894136010794,15.7243964893856
408.399999999939,0.735806117366684,1.99847262504444,,,3.60338877977305,3.8241348999482,4.26935941204832,6.23835886664071,6.81096972872897,8.43063355705394,8.55428130919373,10.9708906111915,,11.4816686661791,,,11.8587530250969,13.0176328751651,14.0581940897292,15.8120365310866
408.999999999938,0.783122786849492,2.08739969197798,,,3.7034743962074,3.79938577026103,4.23677226633681,6.36164273148096,6.73987866956159,8.39890053974588,8.49461531770896,11.0968545078716,,11.7254743464227,,,11.7567258834813,13.0297788257952,14.0285062195388,15.9018421415531
409.599999999938,0.828623362866934,2.17374173526282,,,3.79921710559292,3.76541701761966,4.20243119869095,6.35982028864984,6.6368685362337,8.328132889883,8.39603578283151,11.2849735792129,,11.9683671904646,,,11.679934976112,13.0490815780787,13.993195486033,15.9836976541195
410.199999999938,0.901357368421619,2.0910466274681,,,3.70694144166623,3.72860544752382,4.20778882558697,6.51251186522887,6.57756877307102,8.16068834513147,8.38619805888836,11.3127317664743,,11.9283399099477,,,11.803232833764,13.3455437318222,14.0169784968566,15.9900139495984
410.799999999938,0.973809721856265,2.00327097010931,,,3.61399225016621,3.69864425958953,4.3182537913586,6.52144112847636,6.56052892625771,8.08324247747876,8.34773859834199,11.2078537487428,,11.888171060557,,,11.8219711855313,13.6282300512777,14.0441463051815,16.0132311762161
411.399999999938,1.04436496420526,1.91279496878969,,,3.51650641049059,3.65905215273831,4.43541639694674,6.50354700204197,6.53189780026699,8.06256652993035,8.30869134994902,11.1025662455295,,11.8470486524917,,,11.8279365238702,13.9004713440559,14.065440409024,16.0281436436667
411.999999999938,1.1144335402933,1.82162624772984,,,3.41785678361163,3.61698942445929,4.55429714932454,6.48636186746671,6.5066690548381,8.05312563328761,8.26949331623078,10.9971736969326,,11.8056816278416,,,11.8306251986926,14.1707760783285,14.085227730359,16.0409256896973
412.599999999938,1.1872242311956,1.73433217921597,,,3.32571667391339,3.58874584850042,4.6539481676964,6.52450566655564,6.51026251836729,8.06253561520898,8.24732401832977,10.7787734167369,,11.7656828394607,,,11.8274614193298,14.3735489675991,14.1134430758136,16.0656240162947
413.199999999938,1.00995580829717,1.76613439445531,,,3.36211151614993,3.6540492581327,4.67211634735084,6.43522672386383,6.47070435486269,8.15580769677942,8.2522238408564,10.6094930957359,,11.9107984861965,,,11.9254238757403,14.1770141258712,14.1245487604744,16.0100344075932
413.799999999938,0.826204195513072,1.79428706216986,,,3.38300281110005,3.6697613376306,4.61985248111926,6.36704807191744,6.5085513674767,8.19069438892091,8.2650532094391,10.4764027191046,,12.0526554403127,,,12.0492784965781,13.9588516831435,14.0771338226056,15.9886759533848
414.399999999938,0.64409650251476,1.82477968187748,,,3.40782528633444,3.69381897911515,4.56178485215791,6.29499512706884,6.55407512123556,8.16502809763776,8.27839191881651,10.3436671773987,,12.1953386897281,,,12.184201425252,13.7493675886283,14.034808675778,15.9745138926979
414.999999999938,0.463060213807544,1.85679733621719,,,3.4352098594656,3.72331573691384,4.49993469296814,6.22138132422674,6.5842608879657,8.12270105805923,8.29206258472652,10.2111628949432,,12.3385604668362,,,12.3263379860055,13.5441468615561,13.9958007370122,15.9650419920536
415.599999999937,0.27927196407749,1.8848978549799,,,3.4560135428176,3.73884182442536,4.44291872193419,6.13814339765749,6.58476894795217,8.08074838638746,8.29505604452314,10.1480278488689,,12.4803990058591,,,12.4200982058586,13.4567648764416,13.9482723663545,15.9435231566198
416.199999999937,0.342559099384413,1.84945477899785,,,3.26584026330454,3.92073056966162,4.44109576635547,6.18347740634322,6.71460645358201,8.00853234895983,8.34863017325831,10.1784170679019,,12.3584657996614,,,12.3667830107184,13.5915154069075,13.881318739179,15.8533150654293
416.799999999937,0.412256197626724,1.81793607154229,,,3.09099542012692,4.11138714534488,4.50476907309317,6.22512504759434,6.65796901777589,7.95652071521653,8.44542994813119,10.282712771081,,12.239754479483,,,12.4796077471275,13.7678921569187,13.8927404847294,15.6808226652283
417.399999999937,0.481610452304858,1.7859293612724,,,2.9153307195136,4.30030323329512,4.56965276900492,6.27478337076212,6.60823075034723,7.91208926685071,8.54212349871775,10.3869344725613,,12.1208708333627,,,12.5901241603952,13.9425252143248,13.9031007416915,15.5068294392314
417.999999999937,0.549256888609928,1.75149174589424,,,2.7355820350129,4.48054937018048,4.64056581786444,6.32692970147458,6.58479963300893,7.89230317222394,8.63828791061208,10.4907875468108,,12.001128774134,,,12.6891420445786,14.1103624642933,13.9081733692102,15.3253600984197
418.599999999937,0.621373778099577,1.72341736424988,,,2.56652374889594,4.68349031522544,4.74165674292616,6.3605983947677,6.59977997076362,7.83842163931574,8.75500456472442,10.5354055454577,,11.8836337311425,,,12.869334302793,14.1418746656946,13.9270871055124,15.1634605325965
419.199999999937,0.509571608584284,1.66057471720586,,,2.65652736976978,4.47631070641524,4.7618601218615,6.23710836109906,6.51373336460922,7.86302451121151,8.80109291292664,10.5708060564108,,11.7959445424028,,,12.8605758696887,14.1928620052751,13.9651907697315,15.3310590836945
419.799999999937,0.406752262851489,1.6189657235935,,,2.76801202650491,4.36176864318431,4.72184393415014,6.09906805132925,6.52233130286041,7.88011103242066,8.75474105118701,10.6537972387462,,11.7127704554034,,,12.5108096612317,14.2176742658932,13.9361694124714,15.6508087533945
420.399999999937,0.304562313535331,1.57825261152801,,,2.88100178756779,4.25042178866357,4.67960569917375,6.04188586963014,6.52190025361749,7.92939210482854,8.70858419729186,10.7369242743257,,11.6299127264798,,,12.1652811006675,14.2457477307394,13.9090967489715,15.9733136574738
420.999999999937,0.204258510389206,1.54022423598487,,,2.99850197590395,4.14865018831116,4.63070853538528,5.98195588643221,6.49297864110862,7.95087463702155,8.66301173394638,10.8204584286308,,11.5480030448559,,,11.8324517281055,14.2813266108996,13.8878638411391,16.304075320906
421.599999999937,0.10411041832076,1.50241749926474,,,3.1163745232347,4.04766907449116,4.53713189099066,5.90120564991052,6.42298610550883,8.00306222914407,8.58873417338626,10.9914051008712,,11.4661716294179,,,11.4306042643382,14.338560019505,13.8671130352047,16.6355186223349
422.199999999936,0.223758152412615,1.46324370991435,,,3.1861571823441,4.11076935452807,4.5733918746248,5.86427569155861,6.44069576356096,7.92426859375144,8.47544412855643,10.9958928785685,,11.6160376604246,,,11.3823944515127,14.1858542178498,13.9365673182592,16.6890272982093
422.799999999936,0.32755392254072,1.40192803776954,,,3.21803231771672,4.07470582462381,4.64915773914496,5.87506816322259,6.50890950424606,7.79736981851336,8.44240962539037,10.7881492141528,,11.7579359040749,,,11.6364526518051,14.07117545317,14.0263370245021,16.601379408879
423.399999999936,0.428925509345137,1.33716178814073,,,3.24411039305639,4.02633562843493,4.7334820411993,5.73199735960288,6.57008977564282,7.67317485364981,8.40862402995451,10.57988229736,,11.898615662917,,,11.8741891267792,13.9425199161032,14.1086011415628,16.5031194584777
423.999999999936,0.528882418080078,1.27038188870004,,,3.26680548427276,3.97078364416581,4.82280078149299,5.59098750680555,6.65369068306101,7.56874785923031,8.37440012040082,10.3713100267501,,12.038584351883,,,12.1024007499405,13.8082350452041,14.1864852299677,16.3986666389516
424.599999999936,0.626035005222316,1.19961032375647,,,3.28279447349358,3.90099517470458,4.93006792630416,5.56287897812751,6.80444307138077,7.4830617820584,8.38099038626318,10.1575240764722,,12.1771434843916,,,12.3607378047561,13.6706947270732,14.255686771296,16.2819376719525
425.199999999936,0.672591596727277,1.32614527870653,,,3.16222754953724,3.7300996145897,4.90074316475455,5.57621024223042,6.85826122123236,7.52765541177221,8.45775218168836,9.92555604696882,,12.0751790997829,,,12.5682295981554,13.6406796918584,14.2417235323259,16.2116492427789
425.799999999936,0.727578528899592,1.45484919189031,,,3.06182048332153,3.62649312204707,4.83927650937914,5.59292342710342,6.89451595511372,7.68342769159514,8.47802199744095,9.8918987944683,,11.9774521182922,,,12.5201450871307,13.5525362663086,14.2581418061349,16.2060975263727
426.399999999936,0.785108161796213,1.5871723799778,,,2.96749389319877,3.53579496402321,4.76883299771176,5.79501354358388,6.94552618286928,7.83792475143814,8.49907962608187,9.85879037595229,,11.8810031928683,,,12.4891802643791,13.4824781280996,14.2824326145345,16.2116766906617
426.999999999936,0.84338041916686,1.72055261819188,,,2.87494317481631,3.44886683093346,4.69576769374365,5.99602177964411,6.97842895990817,7.98856505743626,8.52036734437941,9.82584225059603,,11.7849275381582,,,12.4632154400159,13.4153750657962,14.3090226856052,16.2205067544138
427.599999999936,0.904969446543143,1.85865393991041,,,2.7903239996675,3.37877669074499,4.6283219106096,6.32461676609971,7.00352896470561,8.09865415302176,8.52661539305146,9.71913854798367,,11.6905190155599,,,12.45581487995,13.4076890631407,14.3458819111804,16.2438562505409
428.199999999936,0.770874199092838,1.87340221742901,,,3.08117615204875,3.52224429472549,4.65064699377795,6.5852484762217,7.09257038173424,8.13528797832902,8.45400314254963,9.83249167398255,,11.6809611734631,,,12.1943696320936,13.435177061199,14.3884121665265,16.1436642643175
428.799999999935,0.631752794384988,1.89293433272532,,,3.36000902566804,3.63046344235736,4.78279021933181,6.84233820101235,7.12682619812137,8.10184103345697,8.42825223896981,9.9543290749227,,11.6688769975888,,,12.2197207599922,13.5066226603818,14.4195449069791,15.9907596038784
429.399999999935,0.491959853821821,1.91151058528785,,,3.63723602499989,3.73527345521383,4.91730426298293,7.01939261308485,7.15816191768849,8.0547873323144,8.402293271347,10.0760215269591,,11.6564552827875,,,12.240550520381,13.5699546877786,14.4485984844386,15.8349152402242
429.999999999935,0.35185727606157,1.92964610091022,,,3.91372257479462,3.83851155656677,5.05291146266071,7.19689811508555,7.20794966777346,7.99812584806612,8.37623836786585,10.1976471447792,,11.6438779328011,,,12.2592955319626,13.6320545965841,14.4766933845669,15.6777154143775
430.599999999935,0.208710169093044,1.94344804001097,,,4.1829286031783,3.9262937290764,5.18059565478077,7.07007061140563,7.18249345815839,7.96396922196393,8.32293221539966,10.3491778173395,,11.6297702890651,,,12.2222737631775,13.6862147578481,14.4953620233686,15.5071879125454
431.199999999935,0.216482034247666,1.78584345613744,,,3.91374650157465,3.92991225466334,5.22781112799253,7.01365962991214,7.10669031964759,7.94092396951274,8.33635018543002,10.3729548343814,,11.6944188721469,,,12.4358715582804,13.7076630506575,14.5783510399692,15.5779046605082
431.799999999935,0.232897625006862,1.63343999504015,,,3.66523453473873,3.88471046130246,5.0653781477034,6.90064765000189,6.97484930389445,7.94757962108344,8.27031255902321,10.254036187948,,11.7634121135852,,,12.5046782606539,13.7167595398175,14.6538648922576,15.6614001054931
432.399999999935,0.248604516991335,1.48002777358509,,,3.41502782423298,3.8359108710033,4.9054471869971,6.68947233281136,6.84170983830337,7.92799369670047,8.20405535425612,10.1349645710947,,11.8320491366295,,,12.5687133821385,13.7202258160513,14.7271845202812,15.7417931635398
432.999999999935,0.264802167080983,1.3273140961928,,,3.16599468594413,3.78960267488497,4.74378363348425,6.47758206261088,6.68170064758442,7.92119148113768,8.13795020260314,10.0159988828367,,11.9009328329718,,,12.6360527170188,13.725644933192,14.8020235996982,15.8243345553897
433.599999999935,0.280790006125036,1.17430177419606,,,2.9164598169425,3.74222934706008,4.57930094083392,6.26171364058283,6.54928664192387,7.89577982856773,8.10602955468579,9.95615210895797,,11.9697110704698,,,12.7533854258318,13.6596814545454,14.8762130766283,15.905957482202
434.199999999935,0.29438756235361,1.29180465322211,,,2.96387186102628,3.64863761244933,4.4087454767842,6.03333933692534,6.41470472881715,7.90360536792011,8.16307931515261,10.0574130879955,,11.9539321046462,,,12.8484316488254,13.5642601102084,14.745034489866,15.8547178190995
434.799999999935,0.306311465669222,1.40412302439656,,,3.007281622677,3.65294000062486,4.32829524624917,5.85274135449892,6.42400696784783,7.90703321030806,8.31778316965008,10.2498714470769,,11.9373118985375,,,12.8290216368294,13.4547370418503,14.5830671802225,15.8129244089735
435.399999999934,0.318958047833658,1.51747005513602,,,3.05241955918571,3.66091115731441,4.24529364028659,5.80808273836524,6.4232445612722,7.95652010439417,8.47271093399961,10.4424857941274,,11.9210549377286,,,12.8144773317924,13.3622427982823,14.4233373789784,15.7742945847044
435.999999999934,0.331138152387186,1.63015310261758,,,3.09644198652975,3.66651418275347,4.16393890626468,5.76410370260082,6.45317674523429,7.98855319017934,8.62749416813627,10.6349994534511,,11.9045635079022,,,12.7967922909133,13.2678923315557,14.2621633019325,15.7336227164845
436.599999999934,0.342213459021603,1.74126358304661,,,3.13782246027284,3.66650856499817,4.08757009267223,5.92309689525374,6.50948308741617,8.07758528992143,8.76934194838171,10.7315341439794,,11.8875167655022,,,12.7321611127423,13.2751744213101,14.0975686257772,15.6881145048802
437.199999999934,0.442485887753054,1.66088380139604,,,3.00499087152325,3.89970826480759,4.1839058514187,6.15165898925305,6.62322096703684,8.1005234610154,8.77563174456287,10.6399786529658,,11.8394468984943,,,12.4405131742975,13.3275025816431,14.1916798715605,15.7966622400806
437.799999999934,0.537700382665057,1.57663495476005,,,2.86006401513841,4.06654998495094,4.29527914830133,6.38850154335609,6.70597544425919,8.07828246177161,8.74948372949373,10.5369860232693,,11.7888347255976,,,12.245851326262,13.3998765344715,14.3429932983799,15.9192218233895
438.399999999934,0.63229989195502,1.49151073887338,,,2.71366651561551,4.23026965456453,4.40882361597768,6.53689031814498,6.78865234976864,8.04281355081593,8.72314517150813,10.4338606508572,,11.737913438027,,,12.0470488563968,13.4548642604286,14.4924026491452,16.0390892567686
438.999999999934,0.726826459983413,1.40628269854721,,,2.56709458833045,4.39361902884789,4.52262559851474,6.68538535621989,6.85799936826749,8.02326663900957,8.696784013904,10.3307195343029,,11.6869554874622,,,11.8477552820729,13.5095617361,14.641586164208,16.1586373838006
439.599999999934,0.82657574289852,1.32848865969182,,,2.43301197711211,4.58348216080467,4.63266779349335,6.76996943764279,6.90032028763632,7.97085496834727,8.67759380518983,10.2887446910277,,11.6386226678783,,,11.7045529538931,13.44351773112,14.8069398888462,16.3010483730397
440.199999999934,0.838695592347559,1.34952553448239,,,2.52886190271529,4.52183158888771,4.69935888782012,6.78064260264857,6.9182715400497,7.88464105455811,8.69401633684787,10.2643918300822,,11.7623662185044,,,11.7812903605135,13.4331061922391,14.8178549884725,16.3118492426165
440.799999999934,0.852240156829395,1.37308357188516,,,2.628118814338,4.49937226361592,4.85699816079028,6.75283196421961,6.86470550346696,7.84332918478426,8.6875463230498,10.1883050999703,,11.8868258839821,,,11.9146250021997,13.4224100527237,14.8058715518562,16.3432370621645
441.399999999934,0.864936841443687,1.3954347388539,,,2.7253481522022,4.47260857139829,5.01763082408665,6.72935330320377,6.81679201969118,7.81805244600936,8.68081360798575,10.1120353576468,,12.0108593734657,,,12.0422509740051,13.4138538545173,14.7912629680768,16.3709132181444
441.999999999933,0.877725761250984,1.41791719320389,,,2.82279805628588,4.44631312253867,5.17793785642505,6.70574027084081,6.76590282847015,7.79304433681195,8.67410947043916,10.035785524,,12.134939223792,,,12.1704979539143,13.4056646816465,14.7769399565398,16.3989931412366
442.599999999933,0.88513186536234,1.43273775892536,,,2.90737578794319,4.39269114445838,5.3515708031612,6.66415091891938,6.7286977181378,7.72586315252206,8.63136217971628,10.0138040072393,,12.256313470509,,,12.2716119291488,13.5408511495787,14.7459510423452,16.4035093477155
443.199999999933,0.934522821422502,1.44597639312843,,,2.84048956570029,4.25480182259989,5.3739454355343,6.52612446256142,6.71409319913197,7.73957871369434,8.59771059048023,10.1011092512986,,12.1493528920702,,,12.2568033200869,13.6396257768893,14.7274364624003,16.4724965574408
443.799999999933,0.986135555852979,1.46035576367768,,,2.77891638327533,4.1384909858008,5.27125843766265,6.4739604886224,6.74347479461205,7.73521585579363,8.59214173795532,10.2942061215977,,12.0435090621452,,,12.0907161887966,13.7235925047004,14.7290307792189,16.5490531752776
444.399999999933,1.03926238139606,1.47689028835672,,,2.72096391591321,4.02986661968449,5.16322602960027,6.47750832756295,6.77789890239468,7.71380865720388,8.58704200100447,10.4876298037188,,11.9384262707937,,,11.934823244978,13.8097947093638,14.7353129205016,16.6322378509783
444.999999999933,1.09225141095975,1.49322867452625,,,2.66268193074726,3.92054271524655,5.05568010218928,6.48125691235135,6.81226313838633,7.69663525670702,8.58189957029561,10.6810237430105,,11.8332742180519,,,11.7780025379373,13.8954485917013,14.7411684273779,16.7148193134923
445.599999999933,1.14570861169027,1.51023345455766,,,2.60551950462346,3.81359553960512,4.95305465495137,6.4700171379936,6.86506579424606,7.77570272350252,8.61764174527833,10.7682934420024,,11.7283574855719,,,11.5942650163451,13.8851477113156,14.7484734535271,16.7994502336368
446.199999999933,1.04539580478057,1.5069132236806,,,2.7376740347003,4.04136394357462,4.90271254497758,6.63755514315025,6.88123251500417,7.81204078217478,8.65803844193734,10.802692871326,,11.6268015562768,,,11.633960688526,13.7938141670776,14.7327397288233,16.5680055531092
446.799999999933,0.953435904335223,1.52241873746275,,,2.88980325064406,4.26792267845527,4.8867855726999,6.57900565098106,6.7719396826168,7.86054679181946,8.66459060799411,10.7236357463792,,11.5294441088177,,,11.8708210330176,13.6891071533502,14.6525927293784,16.2277309075684
447.399999999933,0.861889172045077,1.53851235393559,,,3.04292049442218,4.49657891254035,4.86939993440625,6.46693991296393,6.65111016241548,7.87999903735779,8.67127078722477,10.644667802468,,11.4322943350586,,,12.1104631874201,13.586831497318,14.5737249526656,15.8892649394531
447.999999999933,0.770772718309379,1.5552184280049,,,3.19706668291197,4.72741950889145,4.85049522282498,6.35424733059585,6.53273952843541,7.88389361216306,8.67808428100174,10.5657927328309,,11.3353608353233,,,12.3530023539117,13.4862680199617,14.496189374733,15.5526825509538
448.599999999932,0.681907842251011,1.57512939304144,,,3.35659717168828,4.96969051762662,4.80315284401692,6.11821633138805,6.39535446908785,7.76572383525127,8.67995091847687,10.4965833966649,,11.2395590623709,,,12.6382382888649,13.3577928467581,14.4256249762937,15.2259566281629
449.199999999932,0.756849860717897,1.5945146057026,,,3.24864320421933,5.02395049992797,4.75472871717248,5.63906415314825,6.24419070741923,7.82001148471858,8.54466463783909,10.3600754951339,,11.2748149290867,,,12.6179392335282,13.2098051805195,14.3984364815998,15.2315420040429
449.799999999932,0.823355640436801,1.58937283437286,,,3.12051527458491,5.02204913574798,4.68424192527925,5.37067814948528,6.19750557428111,7.87563333235966,8.41209087618916,10.3445488090838,,11.3058304280722,,,12.4773249791133,13.0869200725269,14.4365974497508,15.3335438807291
450.399999999932,0.890429346201032,1.58503944778947,,,2.99374545237863,5.02303091833382,4.6117501036712,5.19366236784236,6.17050500740256,7.93146973490598,8.27969307683751,10.3291447081004,,11.337131387836,,,12.3405345002477,12.9769300782877,14.4765167913588,15.4380319002124
450.999999999932,0.957723979477251,1.5810205289656,,,2.86750394419767,5.02513426674187,4.53847831039483,5.01632473154125,6.14083104202309,7.98336719703008,8.14736372814582,10.3137882936263,,11.3685433939941,,,12.2052314988927,12.8678192061232,14.5171201534901,15.5434870479755
451.599999999932,1.02625914715972,1.57876738422678,,,2.7442289824638,5.03353534139887,4.47282969391192,5.07753006080037,6.10870313593083,8.06755442299548,8,10.328677302521,,11.4005789389386,,,12.0786232225715,12.8331575564362,14.5615643726794,15.6543727367137
452.199999999932,0.948057028735499,1.6007632998999,,,2.84411828030359,4.95014608668902,4.37582678027356,5.40445222909265,6.12856976905445,7.98979672866499,8.00793077321405,10.4622049371641,,11.4549795811194,,,12.0599293677769,12.9673310565998,14.6161427867684,15.6329138680586
452.799999999932,0.860825857226773,1.62044473396903,,,2.92241599218448,4.88935344441604,4.35320918813499,5.7135754963323,6.25928567205775,7.88007556734893,8.06942451452123,10.5877008533183,,11.504841885015,,,12.1063466686737,13.1066927602891,14.6220612887759,15.5571066078689
453.399999999932,0.771341037342192,1.63691832964418,,,2.99532445202314,4.81711987760976,4.33854796987125,5.97781371329829,6.37997341142644,7.8366827926525,8.1302200009307,10.7127103265497,,11.5535714213176,,,12.1375904348555,13.2239767227442,14.6210022001338,15.4714338173167
453.999999999932,0.681213846524329,1.65247757587342,,,3.06669678098123,4.74162523536075,4.32615460464224,6.24298775795172,6.50765341713001,7.80554632364266,8.19081645955072,10.8375811460331,,11.6019780780691,,,12.1645091972923,13.338704541503,14.617954246918,15.3829489953877
454.599999999931,0.586106406808045,1.66094794621363,,,3.12615961383768,4.64084774399777,4.33290722459968,6.40615167546414,6.64377321493791,7.83030317763124,8.24893952310102,10.9394523027702,,11.6478814762743,,,12.1610716357161,13.4633929378466,14.5994867905947,15.2726627259756
455.199999999931,0.647168770574094,1.70405140175886,,,3.05224726995056,4.5929373572142,4.56521981235746,6.42306329060151,6.68561169018174,7.72112416669436,8.39041194935846,10.8399474340469,,11.4097610585956,,,12.2680066882298,13.614682541858,14.6924292414809,15.325933239537
455.799999999931,0.712750371171167,1.74995111580265,,,2.9891419829457,4.49569549329364,4.75461396674245,6.41680285357794,6.73480769687827,7.60423214837281,8.48502987553416,10.4806161973976,,11.17391217759,,,12.2877935220418,13.7518930627283,14.8425085800677,15.442318918484
456.399999999931,0.778791242449594,1.79650455477544,,,2.92713497084652,4.40078517374663,4.9423866928272,6.37400162598464,6.7777059323938,7.45721500728294,8.57979009897174,10.1213840928522,,10.9382941431308,,,12.3106725683205,13.8949488496362,14.9940098808632,15.5607150924623
456.999999999931,0.844809158359052,1.84302531912395,,,2.86507306452764,4.30575831843168,5.13024046150039,6.33123384054484,6.82163114433234,7.30983638240827,8.67454321007578,9.7621470334625,,10.7026645704483,,,12.3333970589498,14.0379132917801,15.1454401088287,15.6790107774326
457.599999999931,0.912640656448708,1.89212753256309,,,2.80734805990696,4.21993833722138,5.28344517470917,6.2876206811949,6.84860902827172,7.14085378050636,8.79706473200348,9.45040775508457,,10.4679465717022,,,12.3330239774142,14.1745057754567,15.3024854248418,15.8052455669465
458.199999999931,0.808986582522095,1.78710516439772,,,2.69584202522665,4.06284332304317,5.13902487151656,6.29385355038133,7.05514174939957,7.26606991582174,8.73501315043631,9.3194965513077,,10.6444275181383,,,12.3521436150109,14.1280564229631,15.2824921757763,15.7033824529758
458.799999999931,0.716348317335641,1.70071495058324,,,2.61067859593159,4.00769508920482,4.99127618374806,6.21137335344817,7.03847063763055,7.43556814996528,8.70495208676121,9.46106406275853,,10.8264454203012,,,12.3816173317561,14.1192909331124,15.1874654347695,15.5907430817909
459.399999999931,0.623930224382396,1.61463812946639,,,2.52604167452932,3.95366458692792,4.84275019078292,6.13811499282876,7.02998399830748,7.59617395620661,8.67495923973901,9.60267909772534,,11.008573989227,,,12.4125734408063,14.1101748543638,15.0931203758314,15.4790675325844
459.999999999931,0.531639549476576,1.52874267493233,,,2.4417094537093,3.90028093811822,4.69377435584866,6.06467100529118,7.02301930286137,7.75135604321063,8.64500587104778,9.7443216354774,,11.1907666032082,,,12.4443874397512,14.1015658017296,14.9991698198625,15.3679497663172
460.599999999931,0.445219745572488,1.45120380593057,,,2.37141651420523,3.87670149161484,4.57152653449312,6.04557113153785,7.0318744290676,7.88250871608766,8.5944191674523,9.87539286438409,,11.375910135569,,,12.5257774343188,14.0163216838467,14.9233962497234,15.2825322187408
461.19999999993,0.44747120990318,1.61248838413123,,,2.53453014037824,4.11665206772381,4.65759147383268,6.10597110783259,6.82562222736691,7.72512891662926,8.56536381147901,10.032427047962,,11.6086790453379,,,12.3590330565734,14.0676697490852,14.8322027400697,15.4519802817578
461.79999999993,0.442754797929982,1.76289559001663,,,2.68098116647682,4.32663390492576,4.68117952509428,6.35682191932193,6.68716720463325,7.57384235177382,8.52975446190152,10.0703944900265,,11.8379456410133,,,12.2959109645481,14.0784268850469,14.8043046718945,15.5294281105825
462.39999999993,0.439498135323314,1.91538060010398,,,2.83092295774491,4.54402634021911,4.69961401652648,6.59843852835576,6.54945407174019,7.37663572100171,8.49459739102187,10.1086770143925,,12.0679459610771,,,12.2426171838007,14.0922011584425,14.7809261790259,15.6132661118196
462.99999999993,0.436671777324309,2.06847810487188,,,2.98189375602689,4.76360327004081,4.71652934269174,6.83942825508857,6.39915066434196,7.17935285386655,8.45957364276069,10.1470524186562,,12.2981625682601,,,12.1922205905553,14.1076877141855,14.7588799656017,15.6989878067228
463.59999999993,0.430436247777791,2.21672300197347,,,3.12471204705813,4.96587311911268,4.73227366748969,6.96645879968012,6.23398804240751,7,8.42320740009469,10.1881433852471,,12.5266655988756,,,12.1307080383712,14.12363029616,14.7262785103928,15.7697855739328
464.19999999993,0.447745522327019,2.09923041117085,,,2.98210298219687,4.91379561584889,4.60238641570147,6.90575780840844,6.20770522656781,7.11992742339295,8.48328028383587,10.0275759447687,,12.4345959366079,,,12.4400810012295,14.0890342192109,14.6536937548908,15.5533977444007
464.79999999993,0.463930889061327,1.97310737608849,,,2.83680626533032,4.75348424310104,4.54476336322655,6.61781355560624,6.23202327787165,7.18879809995455,8.47402255821424,9.98219245576508,,12.3419613563826,,,12.6839816009923,14.0629570045009,14.5604016222937,15.4772086105993
465.39999999993,0.477986732233767,1.84395318161131,,,2.68641712174461,4.58236208076071,4.49465846922865,6.41448008955493,6.24860159216446,7.35919640842978,8.46410503565862,9.93634931580389,,12.2482563983179,,,12.9135443829817,14.0420735791326,14.4605162057342,15.3916973129944
465.99999999993,0.491152703214007,1.71353234491279,,,2.53389998624119,4.40672237224448,4.44769521699418,6.2124430194076,6.27264569046098,7.54885775190739,8.45391180122667,9.89031409972556,,12.1541041573531,,,13.1371157659765,14.0176491448639,14.3578756282757,15.302290526979
466.59999999993,0.498662994500188,1.57506122554024,,,2.36785816620044,4.20237090669395,4.40915991958215,6.03587289229375,6.28386102434097,7.73658211576313,8.44514807462766,9.82541138914537,,12.0571091611729,,,13.3279118092992,14.1534050825796,14.2377243254705,15.1881255398484
467.19999999993,0.503390045087776,1.56293983100498,,,2.47906199963685,4.08505340195567,4.47466357742004,5.9806702692646,6.25912542004366,7.72061920403258,8.32843085000326,9.95788583760074,,11.8657542883421,,,13.1088173422753,14.1989917516782,14.3776480172529,15.3900421073701
467.799999999929,0.508235793801717,1.55596713001964,,,2.59054968134423,4.12081478218463,4.5854377521492,6.14376511454505,6.2207844014901,7.77843590200829,8.28900453034217,9.95596626101342,,11.6744590775987,,,12.9218096384798,14.2224391384953,14.5186930012427,15.520001021608
468.399999999929,0.513598281389083,1.54972995406896,,,2.70327306426337,4.15919945119369,4.6943876104934,6.1533151343722,6.17537188275748,7.76298407141559,8.24973831350671,9.95415822087283,,11.4834235990549,,,12.7382810733707,14.2328363613353,14.6613378764884,15.6522220025818
468.999999999929,0.520002072068603,1.54497496676663,,,2.81848656271079,4.20287042405981,4.79966120913269,6.1613481486323,6.12506196505402,7.72104186842221,8.21079472685553,9.95257494273345,,11.2929115182204,,,12.5617634727058,14.2473771719286,14.8072067625401,15.7890013731341
469.599999999929,0.53469356667023,1.55201667993189,,,2.95351882515274,4.28861495028392,4.91558106579931,6.25953286613435,6.13916089865813,7.70329279911898,8.16842732071754,9.95694203476283,,11.1065651459872,,,12.4244138536007,14.0585411271315,14.9787354657994,15.9620608464481
470.199999999929,0.510013021341447,1.61656363186771,,,2.89564199146954,4.31199894839342,4.96957716664206,6.2765892314698,6.17078525156471,7.75591110327995,8.1996681309485,9.90753278370818,,11.169342791288,,,12.5472026921497,13.9718898960884,14.8556518522237,15.9937107056999
470.799999999929,0.483861742384326,1.6849417866155,,,2.83424812543945,4.26293767550547,4.92618805164852,6.15232741968134,6.28382591225187,7.73976369786914,8.24666363399546,9.90472082631382,,11.2313811911331,,,12.5802514100756,13.8892980560012,14.738791441831,15.9952952052671
471.399999999929,0.45912397496144,1.75533193073204,,,2.77623445394379,4.22105226862973,4.87780861678801,6.13516161694384,6.40499526920666,7.71998364266427,8.29409708973092,9.90221397094917,,11.2941300745104,,,12.6228171256678,13.8219416963735,14.6263074483494,16.0030674673527
471.999999999929,0.434326879868762,1.82563762796722,,,2.71807890948828,4.17886567750515,4.82963863479809,6.11808224477436,6.52101214172804,7.70730067286229,8.34151216378945,9.89969430989336,,11.3568491375917,,,12.6649833954248,13.7543492581184,14.513639768629,16.0105800177044
472.599999999929,0.406871308624699,1.89215925579633,,,2.65356602988606,4.12318300359846,4.71272797954547,6.13419964350818,6.58204406041543,7.64100373291253,8.41017462522912,9.90286855093803,,11.4182319515654,,,12.7136675263675,13.7819711549201,14.3927410984272,16.0064548709486
473.199999999929,0.525944497378552,1.96027675608497,,,2.76872919392711,4.24814203636803,4.72637088286292,6.32141031146273,6.63446971307405,7.50899859710226,8.55468216222807,10.0106331207396,,11.5027508974733,,,12.6493436652324,13.7541826864315,14.488483505793,15.8645927018028
473.799999999929,0.637430495809891,2.00944207362842,,,2.86574876404097,4.37826838769583,4.84748850458666,6.57056663438805,6.71903982801956,7.38854989369421,8.64926422040496,10.1119419550366,,11.5834562389941,,,12.6417069953227,13.774004763791,14.5422369857645,15.7737478766873
474.399999999928,0.746369478353406,2.05498197407139,,,2.95667753901475,4.49546449805169,4.97759821704429,6.75550594991283,6.81260828995015,7.29487335177857,8.74305712870098,10.212701023955,,11.6628813554862,,,12.6169215836592,13.789381148677,14.5881045708321,15.6717532809078
474.999999999928,0.854253705685477,2.0990205381475,,,3.04508402979448,4.60730601320417,5.11143168112774,6.94198186848076,6.91947479972766,7.21945209683143,8.83652323890065,10.3132324272745,,11.741776312733,,,12.5850346361025,13.8005604166901,14.6307064955697,15.5651414077956
475.599999999928,0.961790469968463,2.14256452404464,,,3.13265961635378,4.71738358923997,5.31435410191101,7.05850487561413,7.05353900407365,7.21273185195223,8.89264113555283,10.3756720204773,,11.8204966221129,,,12.5449992563998,13.7644540102347,14.6722326291824,15.4570084867254
476.199999999928,0.906253270053966,2.11847563806501,,,3.07772847705527,4.65702820014678,5.36530250821833,7.0093359781307,7.17773030219229,7.28894406893377,8.79264514267063,10.2322552865925,,11.798308555671,,,12.4268300573889,13.7352461664657,14.5948821825644,15.6554284472789
476.799999999928,0.87091942709668,2.12887105892109,,,3.07111054578651,4.61789453919882,5.31626124115577,6.86727403794812,7.1174562424797,7.40953137792685,8.7078395723403,10.04064543468,,11.7862754487479,,,12.3248478166578,13.6600017247753,14.5310939804525,15.7898816771046
477.399999999928,0.83778177625428,2.14239253505108,,,3.0697444687853,4.58991011897154,5.25946644619094,6.82538929540989,7.04729605887493,7.54222173692521,8.62371445506268,9.84950962393006,,11.7753462297616,,,12.2376522647697,13.5788604834916,14.4741054768701,15.9339489177842
477.999999999928,0.805201710597146,2.15670767677018,,,3.0697117706424,4.56475634885731,5.20070312931918,6.78269224393528,6.98021885545929,7.65485776635475,8.53976209614179,9.6584941661907,,11.7646972738523,,,12.1542108647111,13.4999380036441,14.4188433300767,16.0804570332839
478.599999999928,0.770060531784248,2.16737733536801,,,3.06355456592031,4.52660077124276,5.1640692721227,6.71463941225402,6.91154936664489,7.7591268754619,8.51054966692846,9.49944307098632,,11.7527610071024,,,12.0199103968003,13.5214990850799,14.355651641393,16.2157536661644
479.199999999928,0.766428125011592,2.152115063635,,,3.06614197891909,4.51181289435521,5.2124631739534,6.77945194955206,6.77767202196866,7.82471357634358,8.63366920473299,9.54728260027373,,11.8685812150488,,,12.0484956583524,13.6023658738053,14.4605521558581,16.1476492368026
479.799999999928,0.753038348452564,2.11405786123417,,,3.04539614897297,4.44440722411048,5.29593265866727,6.89956835691351,6.71917207281954,7.84402357103292,8.74276950901377,9.78644439720871,,11.9794970056179,,,12.0529302572358,13.7283088261591,14.6036042225015,16.1296441706499
480.399999999928,0.739117206628683,2.07524431462315,,,3.02337964105886,4.37430401241921,5.38127809739162,6.98168749335972,6.68486941366857,7.83514517652757,8.85170517873619,10.0254915006439,,12.0901457122183,,,12.0537872397637,13.8512596469101,14.7450111126731,16.1093130095374
480.999999999927,0.724961914575223,2.03609747906398,,,3.00080319903236,4.30301210814545,5.46745018981592,7.06414774777186,6.64055154953901,7.84365981883353,8.96056830096279,10.2644880634875,,12.2006767261943,,,12.053067717865,13.9732787293118,14.8856930430552,16.0879568366159
481.599999999927,0.713662588262422,2.00101581918012,,,2.98505635800545,4.24621886696435,5.4621442356222,7.09372576736509,6.56830211001678,7.77232890243261,9.0180268298534,10.46925142678,,12.3126432548994,,,12.0997898985755,14.0056791398988,15.0352174175624,16.0791028876551
482.199999999927,0.943656268860524,2.02666885149857,,,2.92149686229467,4.33516341612475,5.4516316156793,6.99815582335156,6.58643104999304,7.63245339348411,9.0109463018359,10.5571567684734,,12.2376550629738,,,12.2189570946396,13.915403279655,15.0455204069953,15.9683402346586
482.799999999927,1.17253001824635,2.05659444696737,,,2.85525922397386,4.44557796611646,5.45326244632827,6.96317922445693,6.67271311302406,7.52170406164173,9.05232144573599,10.5270291961754,,12.1621039518806,,,12.3401012365069,13.7377505464972,15.0400450212511,15.8818956133984
483.399999999927,1.40037985149729,2.08506260234722,,,2.78657304834786,4.55079447929205,5.45850815304674,6.89307522336783,6.7155009333148,7.45520035458753,9.09337934651291,10.4966806147819,,12.0860381824103,,,12.4543514781561,13.5685704596546,15.031399456997,15.7909687153927
483.999999999927,1.62832250663165,2.11366288020224,,,2.71810884192087,4.65648221423207,5.46342615753102,6.8228359962164,6.76488696558467,7.37909808971037,9.13446600658343,10.4663520687004,,12.0100190686751,,,12.5692266780227,13.3997597327264,15.0230412814557,15.7004481527848
484.599999999927,1.84866229292689,2.13144125041763,,,2.63146354883583,4.72357304576154,5.54307529226918,6.80037709328594,6.87417665872204,7.43790937544555,9.17529245367463,10.4761209674353,,11.9301784699525,,,12.6561456107023,13.272831387624,14.9911436278516,15.5766454090856
485.199999999927,1.57935975861322,2.10977146242032,,,2.55092191485368,4.6331874637008,5.40761175746046,6.73365718137552,7.00097587673094,7.76384878401056,9.00933243435164,10.3777229455275,,11.7483221683982,,,12.6049464388881,13.1857887259446,14.7913845147841,15.6013933387885
485.799999999927,1.30480860629847,2.08260641293384,,,2.45782902165062,4.53327187675273,5.28740303706734,6.60270956626412,7.12978940048085,8.03839734780474,8.77694780197823,10.3122787622455,,11.5638277160109,,,12.5551935827488,13.2119868158329,14.5670165962299,15.5953476533397
486.399999999927,1.03131081084545,2.05694070940639,,,2.36725506870422,4.43870378611494,5.16347550183996,6.50086200445412,7.29541011864398,8.26191605984287,8.54488953443821,10.2470619427372,,11.3798627200062,,,12.5125328475922,13.2396085228099,14.3459100085306,15.5939131238323
486.999999999927,0.758395477472495,2.03210408118821,,,2.27807398386811,4.34709263622155,5.03749161828258,6.3981658921977,7.45584322562431,8.4731358068792,8.31301173294081,10.1819708458391,,11.1961904911321,,,12.4737937573094,13.2695479821883,14.1266067997461,15.5950283697895
487.599999999926,0.495560836842209,2.02161628998314,,,2.21299931888558,4.30665736905521,4.84054007597737,6.35218388385857,7.52131789923687,8.50911027366751,8.11511760509426,10.1126512007701,,11.0175851938063,,,12.4786734632382,13.3321935027604,13.9385147364771,15.6402726739334
488.199999999926,0.470489174105047,2.00150121494388,,,2.28605683041481,4.41557140243645,4.88770703576013,6.4433640285934,7.49554970652853,8.33394247885587,8.25676777979888,10.2093941446231,,11.2178664985626,,,12.5364665742372,13.4402742457939,13.9364255083837,15.5605017245367
488.799999999926,0.454229005633282,1.99212218900199,,,2.38018566959874,4.58411862122072,4.85497356148117,6.48013638962496,7.30176493758464,8.2167550345951,8.39871762578958,10.2795267698204,,11.422576788483,,,12.574797442508,13.4594760572676,13.9786215951812,15.4742732218904
489.399999999926,0.439281342128103,1.98461137989033,,,2.47745316170982,4.75932893370122,4.81760636512482,6.5185536055683,7.09922832881788,8.08060749709794,8.54107412928673,10.349942695088,,11.6279467922735,,,12.6219652437648,13.4738458547502,14.0248813693232,15.3937903172366
489.999999999926,0.423862799889954,1.97643032297282,,,2.57359462005249,4.93214877209106,4.78190157861335,6.55765681356976,6.90089001855225,7.95439817213203,8.68328473895766,10.4202569826603,,11.8330801148786,,,12.665962676971,13.4863419159806,14.0696832412129,15.3112461023597
490.599999999926,0.40863456969555,1.96852015582121,,,2.67019118025641,5.10593475309441,4.81111962336536,6.57588764244014,6.72934440108625,7.96527683334288,8.80412716327052,10.4743930426102,,12.0383090954035,,,12.6935720312774,13.4008289364012,14.1150743441249,15.2295349940427
491.199999999926,0.474841827252164,1.91874936371048,,,2.65682863526513,5.09693113753614,4.83786177482501,6.55690977412024,6.55566834191705,7.81937250043954,8.71333653637597,10.5088499341444,,12.0078242835139,,,12.7177835986157,13.4035741925721,14.3798028776508,15.3391931831987
491.799999999926,0.540276908808685,1.8664158493846,,,2.64161955058524,5.04773042164058,4.95479700666243,6.67609675112624,6.44379275795483,7.68882019297474,8.68196715319912,10.5031677334048,,11.9769513471789,,,12.8155584936708,13.4396819096503,14.6414132326326,15.464118021953
492.399999999926,0.602258967187903,1.80916730907389,,,2.61815309425432,4.9810000067718,5.08392293501625,6.68827804270356,6.30224128810474,7.62436132129718,8.6495279090906,10.496740208455,,11.9443427928144,,,12.8900846123676,13.472666640735,14.8923325754383,15.5739269689153
492.999999999926,0.664480054970758,1.7522590027175,,,2.59525823982701,4.91548305421569,5.21220498403129,6.70011110815068,6.15442917459926,7.55910589149944,8.6171627242076,10.490364277251,,11.9118543835289,,,12.9662200863641,13.5066025255411,15.1439919845955,15.6847822866708
493.599999999926,0.719494653577265,1.68509299470629,,,2.55513017948915,4.81338146860142,5.31344335940646,6.65188134929118,6.0354687825518,7.43736950050717,8.59007584882058,10.5288951181354,,11.8757437244346,,,13.0050370304504,13.656269523859,15.3733391590601,15.7640906077761
494.199999999925,0.742145519735812,1.74529484858794,,,2.63180927985002,4.73048770537644,5.27866114800263,6.53359057308256,6,7.5500237185169,8.63467242204568,10.5455534440852,,11.8382781523956,,,12.7768059931414,13.7560664296316,15.2254900294702,15.8426935692087
494.799999999925,0.761043925555571,1.80410658112453,,,2.6995149508567,4.65587925697618,5.14527492270525,6.35968458389072,6.05644304937889,7.63254022424808,8.62602426516649,10.6003043785098,,11.7989264540614,,,12.4508190743227,13.8461695444248,15.0472101462521,15.8737299022504
495.399999999925,0.78289159923551,1.86711629537913,,,2.77427334047239,4.59624313141424,5.00147647959204,6.3261735576084,6.14372949661005,7.66974269792226,8.61828988913902,10.6556919031419,,11.7610571675759,,,12.1446892098529,13.9478601487707,14.8780615827432,15.9176768969195
495.999999999925,0.804898222861994,1.93035225865594,,,2.84941183433737,4.53741393490289,4.85711687298284,6.29243096768815,6.22550148763321,7.70780560889388,8.61060476106918,10.7111137366206,,11.7232677752524,,,11.83962953564,14.0501832520088,14.7094051490948,15.9623197079991
496.599999999925,0.832223580335706,2.00115889659154,,,2.93726925878416,4.50558594818637,4.73123037035221,6.23877122680076,6.2868722882536,7.7500585080322,8.62398521496718,10.710067903403,,11.6881517766148,,,11.5763956067025,14.0531554537455,14.557216212304,16.0302457121504
497.199999999925,0.84014925957597,1.96154567146814,,,2.90431847578181,4.67053518382735,4.5994594251291,6.17963590342862,6.40807123833128,7.79955583555117,8.62118506216753,10.6550080244435,,11.5056571109701,,,11.5954132083115,13.8825111941888,14.4524991883968,15.8576984920424
497.799999999925,0.845254086224908,1.91379360378129,,,2.86462205944442,4.78865172571741,4.55965179494857,6.10443947724948,6.57206487605136,7.78973546606982,8.6706523632558,10.5543711219142,,11.3217445797554,,,11.6298022581733,13.7527720366393,14.3643538480001,15.7642142904971
498.399999999925,0.84924945844893,1.86446234098075,,,2.82227255419159,4.90113598508176,4.52376102878021,5.95451608974106,6.72872406881817,7.7894395121297,8.71977591862649,10.4534947471269,,11.137274395434,,,11.6567214891327,13.6102458416981,14.272773491345,15.6658733613432
498.999999999925,0.852431775084286,1.81397377655203,,,2.77797875206504,5.00949266725295,4.49074070784625,5.80577718909248,6.90569701229965,7.79286304424619,8.76864756244868,10.352442876845,,10.9523955390978,,,11.6781665177526,13.4644843090271,14.1786758080599,15.5639732147528
499.599999999925,0.853720862374186,1.76079039342385,,,2.72915758434509,5.10823813664026,4.42582202502366,5.71393690802759,7.12308420446558,7.7753281946902,8.78802627528454,10.2607799253806,,10.7665650751942,,,11.6731794693744,13.3566009493656,14.0787164386681,15.453785301629
500.199999999925,0.706844959957174,1.85902007504583,,,2.813866506337,4.98376637847159,4.40982487059702,5.70117119062398,7.20504589832062,7.68040415076378,8.82065270068787,10.0683547017908,,11.0522302652367,,,11.516109649296,13.4309675453568,14.1250203548548,15.5095651521601
500.799999999924,0.56902366494817,1.97049439303347,,,2.92022812363234,4.91605416649421,4.42224216441477,5.68597458011245,7.14205374397007,7.66051176951453,8.81604819525836,9.9358532134635,,11.3424466381983,,,11.39738451323,13.491836545482,14.1649650482144,15.5590959698244
501.399999999924,0.430757506911114,2.08133549391538,,,3.02552591969979,4.8460835523692,4.43623002115934,5.70768295453609,7.08211292129542,7.66743554285716,8.81130585652456,9.80325570285645,,11.6324394064366,,,11.2756641696221,13.5534193728569,14.2035323873484,15.6066793631391
501.999999999924,0.292847537564775,2.19268359303634,,,3.13167548601206,4.77792117415911,4.44896037454984,5.72887242123764,7.0084772297905,7.67766355127827,8.80667387684356,9.67073507445936,,11.9226112083743,,,11.1563420002488,13.616419558068,14.2432025333371,15.6558220016226
502.599999999924,0.153004357989182,2.30127996475129,,,3.23320207862191,4.69994461526678,4.50898789472849,5.81447541598564,6.92954634092571,7.75293390982917,8.82848548643027,9.58924782624205,,12.2118113068636,,,11.0601990335577,13.6977170891592,14.2768872071646,15.6965018539792
503.199999999924,0.202107121218109,2.25121562048473,,,3.18747858308533,4.68223074292626,4.72008035614178,5.88607978962977,6.85775826621347,7.84715227604072,8.71131088914444,9.65231538328032,,12.0678095424972,,,11.1707898073559,13.7716607029737,14.3271228494517,15.7808702575977
503.799999999924,0.251122962204958,2.19604039115467,,,3.14154722635513,4.65117310535843,4.84479593152094,5.90808374910071,6.7649117926841,7.94610583880812,8.63801493810865,9.6210781879482,,11.9237640877084,,,11.29017659801,13.7942593909085,14.4026885158533,15.8133133250935
504.399999999924,0.299713961538236,2.14026044310087,,,3.09459992642205,4.61795870662229,4.97101138551598,5.86303379033606,6.66504278494877,8.01915047965075,8.56458735706405,9.58974929186782,,11.7795050916846,,,11.4067029825548,13.8259667571264,14.4769388168354,15.8438966134457
504.999999999924,0.348491959567228,2.0847466686003,,,3.04809980499009,4.58569362987881,5.09656665154548,5.81771140554088,6.56150737234167,8.09030506251904,8.49121771440848,9.55846075886847,,11.6353400881685,,,11.5244884061025,13.8584182347495,14.5517680902803,15.8752985039053
505.599999999924,0.396699086593793,2.02842031750621,,,3.00023453371992,4.5505304559293,5.19959399161817,5.69975533951837,6.46651317843117,8.12313031239141,8.38672494488537,9.48404253472765,,11.4908881436291,,,11.6525596159235,13.866588463252,14.6248298723055,15.904201359792
506.199999999924,0.416711031046529,2.04406741961865,,,2.95916268371999,4.48935792340162,5.188578638591,5.57468999568888,6.40582454340754,8.09114910832065,8.53541830679577,9.6301234597578,,11.5090731035815,,,11.7787006199202,13.7892818878577,14.7430948902933,15.8135141392486
506.799999999924,0.427168249848487,2.06304479289883,,,2.89524218294696,4.38150669236781,5.21231123993677,5.55482258441981,6.51965036937017,8.02796783695644,8.64544481095467,9.95550798619419,,11.522455502654,,,11.9875657062077,13.7028153371638,14.808989244899,15.6934718304205
507.399999999923,0.438826009142656,2.08373101301245,,,2.83419258935216,4.27975015353515,5.23180540324396,5.66532621219614,6.64343521118501,7.99675824045812,8.75584328231355,10.2811516455475,,11.5364413380826,,,12.2045138826037,13.6114304962557,14.8786006301619,15.5786849859344
507.999999999923,0.450761460897424,2.10481249999498,,,2.77380705439065,4.17940335480276,5.25031918954953,5.77542528822447,6.77371902556961,7.95045464754114,8.86632779199343,10.606855243946,,11.5505667520824,,,12.423331727862,13.5211506583835,14.9490717876663,15.4651137629402
508.599999999923,0.467523690073897,2.13276441188685,,,2.72496401219602,4.103560288263,5.26114102782291,5.86358858929462,6.8172969105353,7.88588116403652,8.99514845365734,10.9437028871928,,11.5671182841495,,,12.6162106824306,13.4685093670262,15.0344872804785,15.372672153469
509.199999999923,0.446676019175445,2.11291131755137,,,2.82495402034157,4.19763063371061,5.20182097992661,5.9799109261855,6.84796110437974,7.94211096120111,8.96278373470483,10.9300976037312,,11.6313333944504,,,12.6552799041168,13.4146805584577,14.8710462292068,15.2872408924316
509.799999999923,0.430901615408432,2.08573816091446,,,2.93707596335805,4.35515153479772,5.11670035078411,6.00184361962217,6.65750506436065,8.02138860730613,8.87147520363113,10.7261459996081,,11.698098517734,,,12.5629603772337,13.4326691328221,14.7510064364653,15.3033545463261
510.399999999923,0.414649284506286,2.05788472378889,,,3.0480550174409,4.5102461797142,5.03326701545736,5.94199522051813,6.46055706326281,8.07662783586998,8.78001859489502,10.5220912363897,,11.7646234170428,,,12.4674230262621,13.4508969076232,14.6294869186985,15.3173760350499
510.999999999923,0.397964334986219,2.02941549822538,,,3.15799953091168,4.66314458274321,4.95136101487554,5.88277707483212,6.26558500020277,8.14293314481342,8.68842794658342,10.3179430938017,,11.8309308661247,,,12.3689729078446,13.4674031920906,14.5066279570084,15.3295037003381
511.599999999923,0.380028294229339,1.99916547200623,,,3.26495225290546,4.80969166646806,4.83920309291716,5.94993870635134,6.09142400219936,8.27257979545336,8.58668112155356,10.1259574394591,,11.896609470164,,,12.275033335461,13.451057960116,14.3798954529297,15.3361546112609
512.199999999923,0.476996282456724,2.04731777743733,,,3.19534592272184,4.84726974612879,4.80508154510004,6.01969956255853,6.06831537426966,8.4316855094524,8.47846806781164,10.0081585062476,,11.9067590699853,,,12.1725191918355,13.4518610335014,14.3587180710828,15.3009912479969
512.799999999923,0.5696684819372,2.09364730581071,,,3.11546687712424,4.87408527384938,4.74544965270906,6.15877633441477,6.18058934394133,8.592880813703,8.45244628971294,10.00048071277,,11.9147494464051,,,12.0720462077675,13.4526250711921,14.3118343477238,15.1614417035006
513.399999999923,0.664763997386157,2.14342617707711,,,3.04138281741357,4.91320306461814,4.67726238492377,6.30971208937899,6.28475300894469,8.70512040800897,8.42717533516846,9.99332598444577,,11.9239578716679,,,11.9878891092704,13.4548852171021,14.2724535281073,15.0325004231382
513.999999999922,0.759815559449275,2.19314248518582,,,2.96719364996872,4.95209772059082,4.60923029199821,6.46071187712367,6.38560380288508,8.82209903223587,8.40189076240938,9.98616176892124,,11.9331442043223,,,11.9034360780831,13.4569704622422,14.2329366230494,14.903366733229
514.599999999922,0.852223667643793,2.23909610657445,,,2.88668307084646,4.97757255625681,4.56495079283864,6.41875942189832,6.55545454437378,8.88638083462015,8.36754514603837,9.96210147772162,,11.9410018386278,,,11.8098096328942,13.4143769682678,14.1852352384659,14.7626611074859
515.199999999922,0.756982996349052,2.21918883693684,,,2.92017727600274,4.74836648414439,4.47167795320314,6.33298216758196,6.4972175964313,8.77821047569665,8.44892034534272,10.0869227187379,,11.8632606959775,,,11.9067572290512,13.4480531668753,14.1695356512863,14.9300922825198
515.799999999922,0.663407130153885,2.19632674772309,,,2.95765260551856,4.45593885883692,4.43617370846572,6.22008159716168,6.52853876876141,8.60928927251487,8.49459547415282,10.2562038179491,,11.7863563463639,,,12.020746770444,13.4284684715635,14.1758732494743,15.1848623413036
516.399999999922,0.567662285275927,2.17037733877787,,,2.98994115748689,4.15250014514148,4.40832691620395,6.14169545288655,6.58579875589458,8.48448256053527,8.53959858152913,10.4250167499312,,11.7083617872978,,,12.1201328476401,13.4116558413431,14.1754954054804,15.4301375182536
516.999999999922,0.472376247858583,2.14508099541464,,,3.02332687664004,3.85139062423053,4.3788603310188,6.06264090239545,6.64326136094039,8.34557557200123,8.58474384265172,10.5939287140623,,11.6305978419461,,,12.2226080185086,13.3966689129684,14.1765380894981,15.6774211624432
517.599999999922,0.380928921170156,2.12524866489216,,,3.06589227965916,3.56976879281678,4.38144430495191,6.16336752698058,6.69749104171757,8.20482806171236,8.64443977964915,10.6905967630989,,11.5547633755492,,,12.3372146049009,13.4447789737998,14.1894659248848,15.9415090772759
518.199999999922,0.502432350165968,2.12806647636411,,,2.90687530289944,3.80533296695174,4.52662533282978,6.36856762136235,6.87006085385402,8.08663807628985,8.62023870761522,10.7448331324302,,11.7447656107717,,,12.2800498194792,13.4219497505241,14.3097279946629,15.8947663308774
518.799999999922,0.626656218161937,2.14485175159488,,,2.75436383577733,4.11173514741187,4.674005267774,6.60544590609677,6.91368534639729,8.02565637321898,8.63789322776394,10.667634608458,,11.9361352399576,,,12.353708489212,13.4014197703371,14.390632529741,15.7641852531764
519.399999999922,0.749872800810017,2.16020325896483,,,2.59944360130872,4.41302371930589,4.82494136476679,6.7470798639224,6.93930819283576,7.97209755834279,8.65523565755752,10.5902186650906,,12.1269985700192,,,12.4205852317642,13.3678445299511,14.4684183774001,15.6291947013462
519.999999999922,0.872936186751103,2.17533670646174,,,2.4441570205747,4.71353456918105,4.97641831377961,6.88893700387746,6.95665797854399,7.93168838258998,8.67253062193764,10.5127696546952,,12.3177848977113,,,12.4864305199072,13.3336596841531,14.5457299079823,15.4935335183828
520.599999999921,0.993743584319125,2.18725898481633,,,2.28347559205649,5.00259261523006,5.09295882644615,6.858192782098,6.92978234406516,7.8886409991866,8.70533490812855,10.5353748755232,,12.5074372816406,,,12.5531899185673,13.2474411520013,14.6160566029793,15.3479965615292
521.199999999921,0.811175637950669,2.23275581262778,,,2.30725836021199,5.12108512048733,5.09203962882661,6.72245614373607,6.88337572815225,7.97623449898397,8.7463716256813,10.2832669142896,,12.4783867966707,,,12.6636625436178,13.162407412963,14.5320979840713,15.2118498161493
521.799999999921,0.631048495125519,2.27147313943855,,,2.336877933208,5.21375326548509,5.07680260899284,6.43051475109268,6.7947330525082,7.99962489196074,8.75290369563083,10.0678407258243,,12.4505631504414,,,12.6161132295598,13.1213187613295,14.512511623868,15.1704736017766
522.399999999921,0.45188529302577,2.31156253746492,,,2.36880262157987,5.31131497471773,5.05816245276758,6.1953505793811,6.697686021921,8.02897983409301,8.75973442633668,9.85262260094113,,12.4232240167151,,,12.575054008712,13.0880012571177,14.4959097504546,15.1333171168964
522.999999999921,0.272298374380178,2.35104881824416,,,2.39971405727023,5.40672563453212,5.0410182030421,5.96080369226618,6.61613223108713,8.0552250359688,8.76643387562381,9.63731301817265,,12.3956719072748,,,12.5311419569645,13.0529976859926,14.4779959950994,15.0943057781303
523.599999999921,0.0925040447346478,2.39023987063892,,,2.43012950158635,5.50108334676841,5.01147198437382,5.86551399516716,6.55004280492737,8.07325144595758,8.76309330778357,9.39786134282637,,12.3680155453426,,,12.4885048234445,13.077211210135,14.4594400681133,15.0543864807231
524.199999999921,0.273259673544718,2.29775740774349,,,2.4399945219225,5.2288400462635,4.93143761731626,5.76681783008807,6.48801115758032,7.91001519084715,8.76334926118935,9.57935530507125,,12.3824191067123,,,12.4593915822258,13.1262562876919,14.5167163940526,15.3159333233061
524.799999999921,0.446942144441817,2.20131902143612,,,2.43294517735685,4.97250866004561,4.87608752842209,5.91861133321434,6.54770450061162,7.80419694608915,8.80162613273193,9.87865725581006,,12.3932674355127,,,12.5690788158907,13.122303952226,14.5204538763228,15.4982923466015
525.399999999921,0.619712302355007,2.1035820507321,,,2.42371417718582,4.71154580420576,4.82395830719482,6.04841466119187,6.61648658997048,7.6975150783454,8.83962033950302,10.177762286673,,12.4036572018355,,,12.672623559521,13.1217741374019,14.5213667180583,15.6766576450764
525.999999999921,0.792627969440096,2.00605219747971,,,2.41483113972728,4.45132164366265,4.77131537434086,6.1780060064853,6.67934691578026,7.59251963752315,8.87765962983459,10.4768987252336,,12.4141201064864,,,12.7771479983412,13.1218233374951,14.5227300752548,15.8556599218698
526.599999999921,0.964505716822187,1.90704497148805,,,2.40346607759311,4.18582835545574,4.78666035646414,6.19925989637012,6.79612295819376,7.52555485213261,8.91191740167745,10.76921414779,,12.4240613140456,,,12.8609010253797,13.0734018257045,14.5208798970613,16.0301186201477
527.19999999992,0.793645340650785,1.9658567567634,,,2.37028874130812,4.14493433532995,4.91754990940483,6.24419329983078,6.88636418878378,7.65190675075631,8.96147851997486,10.7447275341404,,12.2643629410855,,,13.0423211790083,13.1863524749435,14.4622868751567,15.8467774245357
527.79999999992,0.632053966965305,2.03634730299966,,,2.35927679308906,4.13688512497959,5.00978173876562,6.13421123580677,6.85409669613769,7.76088946150922,8.96816465672542,10.6533249280083,,12.1093235139259,,,13.0639203062502,13.3362995244549,14.4094115719962,15.7567050222814
528.39999999992,0.472043855932741,2.10908861519603,,,2.35204619029765,4.13686338993604,5.09643101275092,6.09587891943145,6.8231927972062,7.8653248598546,8.97534072100871,10.5622636324431,,11.9550788882574,,,13.0961658785947,13.4863458469418,14.3614320651851,15.6735547268179
528.99999999992,0.312520205562939,2.18252235448462,,,2.3459788830533,4.13931123257573,5.18136286579894,6.05683791072614,6.78967485747644,7.95772040698655,8.98266750691616,10.4713073378838,,11.8010787758323,,,13.1316867301886,13.6383279098101,14.3149587043225,15.5925339527514
529.59999999992,0.15497590174802,2.25877349152884,,,2.34464487740892,4.15180747265739,5.19821834502444,6.20043229395702,6.63988632671124,8.04165685728197,8.95965751484156,10.4256403885746,,11.6480735566909,,,13.17966366306,13.9076841434618,14.2746136597301,15.5201779303564
530.19999999992,0.360874339017483,2.27121175727326,,,2.54906023176986,4.13848103335156,5.12534098606948,6.30212055534831,6.41737328320039,8.0344400838297,8.90183920017454,10.4878921970216,,11.670216217489,,,13.0290488809398,13.8891772486052,14.3346770585619,15.6264070826914
530.79999999992,0.55829701623875,2.27075651358572,,,2.73320711486533,4.02091498690349,5.05284492696773,6.45565708133849,6.34521877048336,8.04726296461708,8.84470602112481,10.4812717412012,,11.6880986456732,,,12.9383683974814,13.9097928496816,14.411938888031,15.6114081423827
531.39999999992,0.755330962967436,2.26974795172616,,,2.9164244090225,3.90137550205284,4.98172125814563,6.51961072199586,6.27181913968348,8.02807114422092,8.78745240049478,10.4745673791163,,11.7057856834366,,,12.8450706398921,13.9268168617721,14.487997156969,15.5947075024907
531.99999999992,0.951806256910188,2.26794420465692,,,3.09830577131924,3.7789999472824,4.9125698803322,6.5843782269067,6.20061998940645,8.02353047801068,8.73002569072995,10.4677424335826,,11.7231919215072,,,12.7480115424505,13.9416178641924,14.5623257636864,15.5755613142693
532.59999999992,1.14602695338572,2.26293126825783,,,3.27479561196831,3.64517864979124,4.87542740717147,6.49325137220216,6.19453276539876,8.03425080201918,8.71611273016884,10.3903111829987,,11.7394649149361,,,12.6623085398396,13.8456662043562,14.6296738412452,15.546545440962
533.19999999992,1.05356141926946,2.25503492794287,,,3.15334146515171,3.66962339981933,4.84617339624069,6.42844549839289,6.31672942728401,8.06883046230483,8.73506933596842,10.3712281812273,,11.9225476870635,,,12.6218030347328,13.9403749779241,14.5297051687904,15.4330071694351
533.799999999919,0.955169677781224,2.2423885130408,,,3.01771570868765,3.78594547937863,4.81826408356081,6.30152847134967,6.45955398538387,8.06647804147747,8.77658697599342,10.3967222273288,,12.1026517267327,,,12.4610049814037,13.970364147408,14.4016574950669,15.4277842475949
534.399999999919,0.856507415631642,2.22935703959441,,,2.88144304384063,3.90089422737942,4.7913098282618,6.20043108972438,6.6093253515322,8.07377951105308,8.81802079976161,10.4221578824015,,12.282619792644,,,12.2983855460356,14.0040103151899,14.2727722539306,15.4213770994193
534.999999999919,0.757885789159089,2.2163834068859,,,2.74526755293954,4.0160492674174,4.76421211108012,6.09927450867435,6.75826200599094,8.0807093404542,8.85946721380832,10.4476023085575,,12.4626082835598,,,12.136039705636,14.0378181818045,14.1440128261745,15.4151478372484
535.599999999919,0.661910921669186,2.20717716538992,,,2.61542137738568,4.14464090658208,4.69533177519578,6.10870124893521,6.91854517496105,8.01957612364305,8.88728288605416,10.5300817737896,,12.6439271340979,,,11.9702800489235,14.1061191116977,14.0234481110101,15.420504979319
536.199999999919,0.584676779891719,2.19674699043679,,,2.58935180982778,4.26333522300559,4.7788239698933,6.14413901552078,7.06095204884318,7.8751087954857,8.83389523755721,10.5295580863148,,12.3276692480487,,,12.0269940588373,13.886696303472,14.1864967950976,15.5280227259229
536.799999999919,0.519673763026241,2.20184360637423,,,2.59253108855619,4.29676005308804,4.93757605288348,6.14681318938934,7.03589795634335,7.78716479972045,8.80334655286771,10.4313885122207,,12.0175591807636,,,12.3112203829915,13.7099299828154,14.3777085552129,15.5675844011507
537.399999999919,0.455124935644154,2.20758671467425,,,2.59679649129009,4.33249063220291,5.09472464646492,6.20208374404653,6.99696283519451,7.72834989181608,8.77293859112479,10.3333169734863,,11.7076774060255,,,12.5985047085704,13.5341749931713,14.5703265454759,15.6091343280282
537.999999999919,0.390834935566135,2.21369823721875,,,2.60168083954894,4.36953518011909,5.25095946537727,6.25697723034392,6.95410926358237,7.66572938920814,8.74261082265261,10.2353013018123,,11.3979257275284,,,12.8875316862548,13.3594499377085,14.7637458989841,15.6518172926297
538.599999999919,0.323722281487523,2.21579199994924,,,2.59981524668998,4.39225017610856,5.48370050286872,6.13776837347455,6.85722464782762,7.68438822472285,8.69810232408775,10.0726262475289,,11.0867552780232,,,13.1730315455207,13.1948610378707,14.948425945879,15.6821438581411
539.199999999919,0.345257629388727,2.15000428744117,,,2.55320798021575,4.42029506412057,5.54406093848625,6.02519954659828,6.73605099350289,7.67453703853828,8.75009165544198,9.97334795744817,,11.2786333043865,,,13.0737606803654,13.3494915041666,14.8972918013764,15.8044081510728
539.799999999919,0.370338935451955,2.08490898775653,,,2.51508032502107,4.56488657055418,5.45891668694822,6.04591800482828,6.59264288669194,7.6485936222979,8.73550989506156,10.046081713141,,11.4722936614254,,,12.8266639887191,13.4639345692206,14.8495024297274,15.9474678757246
540.399999999918,0.393918707043983,2.01767640703846,,,2.47336198203226,4.70185535166169,5.37907351508124,5.94330838239966,6.4550249414528,7.60327690309743,8.72046290956431,10.1184913673585,,11.6651992913262,,,12.569457651867,13.5656375402388,14.7970641106217,16.0839545102393
540.999999999918,0.417446421425057,1.95036972819495,,,2.43151915226306,4.83855985790329,5.29941412815489,5.84077459865885,6.32418720999468,7.55256105370115,8.70539979501906,10.1908897851905,,11.8580787553344,,,12.3119008202763,13.6671333634779,14.7444646155703,16.2202132600491
541.599999999918,0.444194961746814,1.88764756627407,,,2.39737843031357,4.99161528514133,5.16533919059507,5.81288737467979,6.28291804896481,7.39905909502415,8.73331184599959,10.3136639105381,,12.0525771263946,,,12.0475947243291,13.7137347921087,14.7018372196277,16.3705714392308
542.199999999918,0.444613178385758,1.79684631427959,,,2.47710277863437,4.96342992361652,5.05789686573687,5.78909148217439,6.20645466594935,7.37870582245045,8.75318199132473,10.4101205123034,,11.9777476228405,,,12.2172866434514,13.7584409775883,14.725178912623,16.1405402740333
542.799999999918,0.437854424746422,1.70085913560093,,,2.5396645109546,4.83573785860446,5.0495832219639,5.6959345295873,6.28561784840371,7.38558075860909,8.77839898623402,10.4361629752369,,11.8993107067402,,,12.301659619478,13.8472986323814,14.7532811719382,15.945032699929
543.399999999918,0.433367896327777,1.60810623756031,,,2.60765991897254,4.71958102577389,5.03324761986608,5.79567868369989,6.37932029216787,7.39862053787261,8.80431999177024,10.4626958908367,,11.8220158956468,,,12.401331205819,13.9579254959006,14.7884185382498,15.7594719778543
543.999999999918,0.428846252952385,1.51530335696354,,,2.67557135499451,4.60324592752503,5.01703598907066,5.89547399449545,6.47163494349664,7.41415126034562,8.8302301175299,10.4892212269834,,11.7447034344686,,,12.5007663675157,14.0684126288226,14.8234471840546,15.5737575371801
544.599999999918,0.420848059096803,1.41755196166828,,,2.73516915745407,4.46926169104622,4.97324158980843,6.03880749420994,6.47693431287078,7.55589858064519,8.80799203998903,10.4556727561504,,11.6656435295624,,,12.6040737132916,14.1995998236403,14.847711974071,15.3728242120161
545.199999999918,0.576094730047319,1.47675765586128,,,2.62637639261039,4.37863166271496,4.99805646209218,6.12778227820251,6.57030723442544,7.69944722354071,8.79103595351101,10.3847690670305,,11.7025459864855,,,12.3255046868452,14.1967448553767,14.9599345760079,15.4737526599457
545.799999999918,0.727677857300433,1.52815768155268,,,2.50882282872765,4.33701221800211,4.99241754369157,6.2594334559308,6.5457688744718,7.73978963913296,8.81114392875505,10.2718531601702,,11.7376070099312,,,12.3603427503217,14.1145191971824,15.0457242389833,15.5415327319095
546.399999999918,0.877842791810317,1.57753905465255,,,2.38787787592211,4.28819314254255,4.99178547187462,6.27608427065606,6.49669581972209,7.80530747076604,8.83081250092415,10.1586311408559,,11.7719551968948,,,12.3856322981697,14.0082659508341,15.1271229914103,15.6031045489739
546.999999999917,1.02788007179538,1.62673872456818,,,2.26662765703515,4.23872601310905,4.99160407689642,6.29292105679276,6.44132137014116,7.88117316864546,8.85044152149375,10.0453815677134,,11.8062392199408,,,12.4100623639501,13.9015047373699,15.208126508703,15.6641175478997
547.599999999917,1.18206698829345,1.68184497843679,,,2.15530065300809,4.21032502634752,5.04880029191391,6.30231981610435,6.45530972930468,7.862460349001,8.87121386807532,10.0003542683901,,11.8426090048186,,,12.4423991991478,13.7905641076938,15.3019778443303,15.7432959205562
548.199999999917,1.0042089022857,1.67223195943541,,,2.19682356901822,4.34990198325688,5.00180859274322,6.38457889995958,6.45546444851031,7.75583614431094,8.86343703385917,9.85720052497402,,11.7625286036469,,,12.6266179861021,13.6734426722854,15.2621603891095,15.738381439015
548.799999999917,0.834736795763913,1.67611341891487,,,2.2584002599868,4.50288625521716,4.97978306654258,6.48027180890649,6.57496552145666,7.70381776357959,8.85908774337518,9.75360193208583,,11.6866633080414,,,12.5497494052096,13.6006152387078,15.2624558191981,15.7255325474263
549.399999999917,0.664940243948875,1.6795330636412,,,2.31920109014321,4.65422344053934,4.95890297549415,6.58416704338983,6.7113598819333,7.62812114863996,8.85463792899433,9.64993330870553,,11.61063493415,,,12.4706963743929,13.5469327769042,15.2617467241517,15.7112633699851
549.999999999917,0.495294389205398,1.68316721026471,,,2.38036228907293,4.80632565817212,4.9374908572425,6.68784273728564,6.85692287574272,7.53842923476855,8.85023480555711,9.54629721281471,,11.5346823062184,,,12.3926579682503,13.4938499738821,15.2615042069833,15.6976538813181
550.599999999917,0.322062768419399,1.68169738498622,,,2.43294868228996,4.94022429127327,4.89470467301617,6.71444786200371,6.95087266333875,7.48124848124204,8.86601529630678,9.47862949370793,,11.4569273387503,,,12.3130185987061,13.4526019774082,15.250159688336,15.6683474080914
551.199999999917,0.327718441260922,1.76857503155519,,,2.46929843364695,4.61272148729775,4.87078057170107,6.6510482071463,6.89318943464131,7.54620888153469,8.81049547821971,9.71692111682652,,11.4637665182345,,,12.2675597062315,13.4925781490644,15.1375234474322,15.9588305331466
551.799999999917,0.320033409306253,1.83324048925694,,,2.4737459497321,4.22175017897956,4.85354627459989,6.53962397407665,6.80927036291905,7.61535907275998,8.73288225916503,9.93650020845814,,11.4639001627182,,,12.3598184260773,13.5832050985111,14.9698919892568,16.2261376692398
552.399999999917,0.313256672275079,1.89919881205687,,,2.48036551285169,3.83538994211043,4.8331052953536,6.38692716397836,6.72070965005058,7.65678467567087,8.65555045995645,10.1562753526934,,11.4644903500527,,,12.458192582912,13.6613624411057,14.8050727311686,16.4974209407636
552.999999999917,0.306996675884501,1.96589266240629,,,2.48822078140896,3.45165300297476,4.81083999347806,6.23347754863929,6.62450194103183,7.69043139281112,8.57837876411197,10.3761620337727,,11.4653402704752,,,12.5600458903276,13.7415760151709,14.6418533698075,16.7709662867677
553.599999999916,0.302093581093223,2.0345179236605,,,2.49932087058397,3.07480454252705,4.80410918302312,6.28086998730043,6.61446124701728,7.75298234684348,8.51085554911016,10.4897239276182,,11.4668722201685,,,12.6540390872779,13.8184125036564,14.4828351535808,17.0504515806659
554.199999999916,0.24592921875055,1.93414198962295,,,2.55426492501845,3.36525339565339,4.80382976555733,6.38246325996687,6.85184196706486,7.70247455038051,8.59554379342091,10.3952718018515,,11.5512737155992,,,12.7029484110741,13.7913037303879,14.3775643049254,16.6975643382002
554.799999999916,0.20083997702811,1.85825718090984,,,2.63569342002159,3.76191700671939,4.77520716462831,6.45770379178613,7.0207726649587,7.6480218020848,8.72097441587673,10.3397602458444,,11.6412419790741,,,12.6979662307216,13.6960234283944,14.2687255104608,16.3475375048446
555.399999999916,0.155508222045826,1.78202717932997,,,2.71654198201703,4.15734946925303,4.74744074259027,6.54416377211817,7.1840408006336,7.61104535425492,8.84632989969817,10.2841963441171,,11.7310883463541,,,12.6913512386801,13.6011640493467,14.159135863164,15.9964490498234
555.999999999916,0.109404129702225,1.70469783436174,,,2.795543618491,4.54886106570755,4.72240101246491,6.63174891963093,7.35654192517719,7.58795514867137,8.9714460878265,10.2284657357966,,11.8205465081168,,,12.6795361950687,13.5032313598891,14.0471549582041,15.6419796247412
556.599999999916,0.0623473549209945,1.62601244319989,,,2.87226706204561,4.93553625201165,4.68310741409085,6.52401347114386,7.4594794375913,7.53946480119065,9.08856319476076,10.2017040061467,,11.9095258162111,,,12.6670275085664,13.4006427018372,13.9322244235957,15.2833397542544
557.199999999916,0.0835184650572643,1.722527137132,,,2.79462108449246,4.97034926977344,4.64646899777993,6.35565853747048,7.3975953250242,7.60592674368195,9.04362701330062,10.168981184494,,11.9009244945436,,,12.624309341544,13.4280227679991,13.8609821304661,15.2142687051922
557.799999999916,0.110733312970487,1.82417998551595,,,2.73142777240657,4.92650748139583,4.57142069145125,6.15533238365296,7.28582026570695,7.69708598615146,8.94128114854554,10.1446194340253,,11.8953609805156,,,12.470355231601,13.5178390637709,13.8262220012237,15.20607612671
558.399999999916,0.138489164870232,1.92660289784485,,,2.66952818780296,4.885412166611,4.49446240216629,6.07799411320243,7.1929409685918,7.80988798642696,8.83910290473438,10.1203744575685,,11.8900693952367,,,12.3200436343136,13.6170890498813,13.793136891209,15.2002518374971
558.999999999916,0.166249482976681,2.02903216736304,,,2.60763928344292,4.84433952507654,4.41748834519961,6.00064933624837,7.08771962930699,7.93525196156143,8.73692604470195,10.0961304451284,,11.8847800548395,,,12.1697621074414,13.7163568080703,13.7600656091555,15.1944470994699
559.599999999916,0.197898585142959,2.13699672399672,,,2.55504980558651,4.82300877649297,4.34773731708968,5.93747521491914,6.94610719076068,8.03037660195214,8.60317650421551,10.1178061676407,,11.8814453621179,,,12.0380807550179,13.8188314979129,13.7390345120642,15.2056658321934
560.199999999915,0.302904204298169,2.12917562997829,,,2.56578868284449,4.73907421793013,4.3277343196713,6.02325512543723,6.79418390196148,8.01316644988387,8.53563781142857,10.2760134184899,,11.8833349378264,,,12.0042509134735,13.7805290014302,13.8611280320494,15.4033749996404
560.799999999915,0.404791842732489,2.10726253055034,,,2.56907139072692,4.69597578111308,4.36127478584372,6.20946066346466,6.69710920837956,7.96507098567506,8.46453712147451,10.3767963079566,,11.8836573003156,,,12.1224765721799,13.6370422390152,14.0140409624016,15.5801662712399
561.399999999915,0.505902600062123,2.08424362017784,,,2.57049630742733,4.64893341135008,4.3975579853552,6.26268822926478,6.58395809929356,7.88629361388155,8.39319572802476,10.4774115100694,,11.8835891734327,,,12.2354715868809,13.4911748740872,14.1645485670715,15.7535566821686
561.999999999915,0.607388255177435,2.06175833853113,,,2.57281773428379,4.60379425653514,4.4325176301463,6.31536963127722,6.48092435003534,7.78575653915991,8.32197049032505,10.5781076326916,,11.8837094841371,,,12.3509907418301,13.3467993148457,14.3162169044055,15.9285882388618
562.599999999915,0.700878378923863,2.02789223421936,,,2.55601908268423,4.51806479844246,4.47297755155875,6.50575716314368,6.48523021846817,7.74784356907178,8.28784983800029,10.6650373380011,,11.879810943045,,,12.4328857163866,13.2612018996344,14.4431300290374,16.068618702077
563.199999999915,0.740896735284464,2.19410094321331,,,2.67671168278567,4.61262486908564,4.57077169522357,6.63094533884187,6.49335836010762,7.73216452152267,8.30702162583079,10.5969386379605,,11.7683407033627,,,12.4057361824361,13.3325801010147,14.3598203520055,16.0007097739925
563.799999999915,0.760413715467566,2.34499030269356,,,2.74837840798463,4.59237988312165,4.74716468591049,6.75387657538616,6.65823961244589,7.78385444184431,8.4153641155765,10.5193737135709,,11.6465657085903,,,12.3557260468228,13.4852984215634,14.2253620168878,15.9291736176451
564.399999999915,0.77937092187223,2.4950828813477,,,2.81870652064273,4.56929313637937,4.92553392520545,6.88808192026545,6.81223720316465,7.87603504371488,8.52353316888036,10.4416879637691,,11.5245093506726,,,12.3019470238702,13.6288121927955,14.0891705488117,15.8551870057439
564.999999999915,0.797759500450453,2.64436607634032,,,2.88767484767155,4.54331968019118,5.10591067180659,7.02311566138796,6.96706708158012,7.98457638992209,8.63152604245152,10.3638794774372,,11.4021671792352,,,12.244339500356,13.7700632613453,13.9512185344826,15.7787111789564
565.599999999915,0.824409087643972,2.80540797375654,,,2.97639810099144,4.55928425533633,5.29564489721929,7.08335694255436,7.02410842081087,8.0770743129785,8.73836865856648,10.2624542900727,,11.2839772983439,,,12.210971005681,13.847129269522,13.8388436851935,15.7383985940383
566.199999999915,0.815093541066309,2.65086843846385,,,2.88503549377073,4.49236839291788,5.37589569288782,7.0076845006389,7.20006427973283,8.20258362782768,8.80047730480938,10.2177727249325,,11.5235448885969,,,12.1240927944127,13.7693156202637,13.8945466985832,15.7542480527145
566.799999999914,0.828433889277924,2.51627447542272,,,2.8478509599975,4.55002837205722,5.31636296993798,6.81253100467885,7.16705786378908,8.2632065917849,8.77402142823018,10.2775825373759,,11.7745001752642,,,12.0486025749346,13.6405683657173,13.9457999202835,15.7098732882261
567.399999999914,0.84100183746457,2.38058107979617,,,2.80881935085236,4.60376716699906,5.25955716012265,6.66313385555862,7.15712730076529,8.33014880838284,8.74732623652895,10.3372256297145,,12.0250672249171,,,11.9679118819599,13.5256132278087,13.9946616902951,15.6621172793387
567.999999999914,0.853851669270861,2.24528891672558,,,2.7704618228501,4.6589369789781,5.20175617666365,6.51332604885775,7.15018964413926,8.38547708668787,8.72071838170863,10.3969295657469,,12.2757759597738,,,11.8891190764011,13.4117797705385,14.0443962089258,15.6155952390853
568.599999999914,0.86218477711939,2.1035676581992,,,2.72130324705599,4.69117708349822,5.07228866815284,6.19164019529482,7.15584488028512,8.37056619091385,8.67604006567021,10.4192331405615,,12.5242144209796,,,11.8026854491231,13.2800012573225,14.0801463583968,15.5493008697438
569.199999999914,0.882382030925703,2.01950309002251,,,2.62005124388244,4.74286154986681,4.93425791005405,6.001835410705,6.97507547836608,8.35676485705796,8.63804000338417,10.2591606622155,,12.3271421316117,,,11.8935496333505,13.3004708319118,14.0063717937787,15.5890586101422
569.799999999914,0.896196670640068,1.93192391986286,,,2.50353620481369,4.74966183601826,4.84774560247459,5.98250181251615,6.85261449455605,8.32791436835445,8.65112772731276,9.95659811455427,,12.1268617026665,,,11.9507318338702,13.4088155820839,13.9904820411505,15.6849906442121
570.399999999914,0.912807619440991,1.84832501022236,,,2.39370810706947,4.7706579308822,4.7513610891075,5.99325370839772,6.72404248032081,8.25917439487493,8.66508184041331,9.65463914140462,,11.9279868027947,,,12.0267412363158,13.5073541103636,13.9832500278411,15.793163750365
570.999999999914,0.929865728963422,1.7653625882197,,,2.2849493251322,4.79392409241996,4.65339790094872,6.00335416542749,6.58111626095644,8.19166250398584,8.67917449871466,9.35277668649197,,11.7293366625525,,,12.1057613163853,13.6076719953944,13.977402482713,15.9032943392031
571.599999999914,0.952233910408682,1.68995851151071,,,2.18888876012228,4.84414749042268,4.62508256845627,6.21982211600205,6.44968065523443,8.17197469482948,8.71230611798193,9.08460770102546,,11.5333555621904,,,12.2012189520006,13.7186953367701,13.9879956159898,16.0366702028292
572.199999999914,0.941878609774333,1.69119230882256,,,2.24027054727752,4.74890479487417,4.65251042737991,6.37688099134852,6.50472313553311,8.15868969538979,8.76142222216867,9.2281945648462,,11.3699460000275,,,12.2522948474362,13.775970198283,14.2744641113875,15.8152168994169
572.799999999914,0.934422579143489,1.69508680243799,,,2.29858549092156,4.67134590641207,4.63529274620044,6.36775541027708,6.56794689964878,8.14455382786632,8.80164881877954,9.44411478695154,,11.2079937189358,,,12.2596492836506,13.7651056766724,14.4798411794696,15.6093025192232
573.399999999913,0.926983941117174,1.69900605265021,,,2.35694202629326,4.59387531365709,4.61801366144227,6.29280755797516,6.61700523612702,8.10112115127958,8.8418808041939,9.66003876320625,,11.0460501800149,,,12.267120822103,13.7634126671654,14.6852720973213,15.4034642765809
573.999999999913,0.919527279034922,1.70289964745883,,,2.41525545991878,4.51631321955429,4.60079820956013,6.2178859637178,6.66738031890057,8.05687957156871,8.8821072051588,9.87595884902513,,10.8840975815322,,,12.2744710068243,13.7616479357394,14.8906472103342,15.1975471321574
574.599999999913,0.90431632520571,1.6957557995768,,,2.45502570238761,4.39938550493279,4.54092849454963,6.04373106371032,6.70439357176926,8.0280936614931,8.89057633899913,10.1533427538697,,10.7182473872702,,,12.2666390797078,13.800121450922,15.0720140201222,14.9576849404606
575.199999999913,0.866211978101525,1.65966390269014,,,2.50536376241183,4.31359564076665,4.52809460879065,5.88229356830888,6.62897556391034,7.80297042282487,8.87686326179035,10.1416100183417,,10.8365282480614,,,12.3233389822082,13.7466204251494,15.0118993947327,15.2726498246426
575.799999999913,0.820817420355797,1.61324326304227,,,2.53826840958071,4.18740269570443,4.62694463124337,5.79963692688884,6.53650728091587,7.61833099448737,8.79150872602021,10.0878621205273,,10.9511447775606,,,12.4710017604211,13.7203664074817,15.0327453798574,15.5966973859806
576.399999999913,0.773346621152342,1.56386730563627,,,2.5662080459537,4.05066945424878,4.73312470282316,5.66909246658661,6.45282904299407,7.46413928365213,8.70551090187456,10.0336660725108,,11.0647177107899,,,12.6046854626798,13.6825899974917,15.0471630494124,15.9116560302792
576.999999999913,0.725506292395982,1.51396536063582,,,2.59326400947028,3.91206025034232,4.84060937689125,5.53908634942274,6.37895996914269,7.31104479580514,8.61939858523518,9.97939026270117,,11.1781049047058,,,12.7358811683352,13.6433431432646,15.0604366070555,16.224997028692
577.599999999913,0.682364563955261,1.47075139351941,,,2.63155594999997,3.79730407170628,4.99449571241138,5.42105070007159,6.36303325925788,7.12224369144821,8.57511841828681,9.86552713474903,,11.2938537901025,,,12.8800715966452,13.5439668718112,15.0882576468918,16.5589065348469
578.199999999913,0.625351704670176,1.44755298176729,,,2.55838128736369,3.96373302741119,5.05116398213252,5.45681890939028,6.43810997170167,7.23485687498183,8.54517014866028,9.88169679629334,,11.4696587618107,,,12.8680959109753,13.5228372608961,15.0063434198828,16.4351654894383
578.799999999913,0.570518250304428,1.4295219082992,,,2.49041833499802,4.13080772210347,4.96183863295546,5.52806168052428,6.50337363645547,7.32522052911279,8.58801283146485,10.0037193520041,,11.6465591835958,,,12.8135570808134,13.5266981531836,14.8910934241051,16.2467113812481
579.399999999913,0.515474526968747,1.41119153841842,,,2.42195255686424,4.2968149603782,4.87325562606683,5.72597503496983,6.56523644410257,7.4916671242129,8.63079036598924,10.1256965218336,,11.8233539163668,,,12.7576025357731,13.5294986288818,14.7751924080409,16.0573368034081
579.999999999912,0.460488812484912,1.3929437382163,,,2.35362549794089,4.46311668775947,4.78446782231727,5.92380388017724,6.61958229166328,7.66409059230546,8.67358587357711,10.2476862126916,,12.0001778065468,,,12.7020385571306,13.5325299353246,14.6594709949825,15.8682161640685
580.599999999912,0.405330127314341,1.37444973189963,,,2.28488480633343,4.62854030806957,4.66653384789228,6.30859484202632,6.64155742430978,7.86600373223559,8.69303718898419,10.3704971476136,,12.1769147552188,,,12.6276515380825,13.6350269002126,14.543214042015,15.6783383313798
581.199999999912,0.415688170842883,1.41352479848664,,,2.33794764691544,4.43449037976882,4.57255811972926,6.45375886765562,6.56494817921931,7.90485103445667,8.74567215232885,10.3947449040521,,11.9858834099038,,,12.577900512927,13.7121521549887,14.5301055415158,15.8523806563543
581.799999999912,0.426960636770605,1.45604050338048,,,2.39319718743856,4.27468240809564,4.62937840566726,6.54391570164082,6.56303742312397,7.96266556638728,8.79190131671042,10.3489719716399,,11.7953116872785,,,12.5870561070693,13.6961082295522,14.4752733772085,16.081710945982
582.399999999912,0.439708610591555,1.50065644313072,,,2.45197517721408,4.12236503462618,4.68098949725103,6.61625988547603,6.56822696221394,7.95622850524154,8.83858764230283,10.3035175229608,,11.605481609864,,,12.6061461126835,13.6900827432778,14.4250095786549,16.3175003922782
582.999999999912,0.452379311343177,1.54516239255532,,,2.51056838037817,3.96965537486896,4.73287339688963,6.68871664332883,6.57665711145053,7.94879726383911,8.88525002613921,10.2580463951325,,11.4156126921274,,,12.6247158483151,13.6837497694471,14.3745065325542,16.552951569384
583.599999999912,0.46118978744763,1.58417370627283,,,2.55993045246336,3.79734880754929,4.79429827330581,6.59935711754564,6.57519250241185,7.95037224274347,8.93426542418004,10.2202913159141,,11.2238034817395,,,12.6439208097684,13.6609293780811,14.3120517251747,16.7715042969073
584.199999999912,0.399612070153245,1.49674781350658,,,2.55233810944491,3.81340645856539,4.86609138249731,6.62903500606681,6.58696974460782,7.90899598454122,8.81930321855969,10.1626173463766,,11.389225558811,,,12.8378370762973,13.6832136310611,14.4281264862749,16.6093052720079
584.799999999912,0.341968411788716,1.40565766054774,,,2.55415346080597,3.84190719956021,4.83862571907243,6.72321833684166,6.54074498780062,7.85017072781358,8.65096807780206,10.0953829287173,,11.5566250404512,,,12.9022698882433,13.8011353258228,14.5667046429272,16.466352849351
585.399999999912,0.283255767850839,1.31304591575323,,,2.55341249826019,3.86498110315939,4.81493404672179,6.66509250516323,6.48913286200113,7.74372523178727,8.48230172990266,10.0279177738786,,11.7234872101363,,,12.9595053530132,13.9200429627818,14.7019730801861,16.3187208547868
585.999999999912,0.224555444310267,1.22045170778654,,,2.55270099804184,3.88811755277835,4.79119887792855,6.60694872469081,6.44226323654055,7.63202772426534,8.31363919927038,9.96045527835894,,11.8903555725119,,,13.0168237694885,14.0389996254747,14.8372796630094,16.171142793771
586.599999999911,0.169754109668919,1.13340731248243,,,2.56131332762451,3.93104770147676,4.76987933830043,6.47235800292497,6.40006446797703,7.5094477482311,8.14936440018601,9.91756180300187,,12.0591837118953,,,13.0856892482824,14.0506005590493,14.9846580263148,16.0406328760262
587.199999999911,0.202084717870701,1.19703224076276,,,2.58299571604953,4.03239579882252,4.72123585100727,6.4288300543987,6.41500357202584,7.62450238027387,8.23235909052221,9.85229283522176,,12.0316620064411,,,12.9873525884783,13.9560061882495,14.8799364102794,15.9630002893102
587.799999999911,0.222312537115055,1.25966663026642,,,2.57573615378274,4.10289082337614,4.79449352038404,6.36483463806784,6.60569311629183,7.7700176205216,8.42155402817056,9.81983268518192,,11.9980569885488,,,12.9519334436533,13.8079261265767,14.8099989388011,15.7831785859743
588.399999999911,0.242770871060354,1.32262913391676,,,2.56902783182307,4.17455608430629,4.86693737109391,6.46090204100192,6.80068650378365,7.99813630890814,8.61082038692381,9.78742229102136,,11.9645678359288,,,12.9180663257132,13.6503844968512,14.7407751710499,15.604365979616
588.999999999911,0.263585931078796,1.38609940071518,,,2.56317256517531,4.2480323092397,4.93812182125243,6.55644975335617,6.99044615227144,8.22083834975202,8.80019727122872,9.75508889506303,,11.9312579871166,,,12.8866010001369,13.4942623633302,14.6726558739599,15.4271149708621
589.599999999911,0.282243273955076,1.44649837743626,,,2.55215745121527,4.31055461639739,4.9992145893194,6.79737684721691,7.20258836795922,8.46839080752479,8.9747125980783,9.65729338558638,,11.8968635893217,,,12.8409606852375,13.4123726499971,14.5978560018911,15.2404183785806
590.199999999911,0.234271243248951,1.40251981469404,,,2.53881923907812,4.30452900860204,5.13607685377513,6.83910064522405,7.31091359342918,8.50135147575021,9.01151827425071,9.67896561060908,,11.8181240050504,,,12.8716782478365,13.4073103183104,14.6563994880175,15.2350888264912
590.799999999911,0.197673245412248,1.35915212278455,,,2.5526802699903,4.28722056013723,5.15989534274132,6.78294011881568,7.19877941854021,8.49156021334163,9.0027427398686,9.65688010268983,,11.7451014332336,,,12.8800179548381,13.4789158708958,14.7056692016556,15.2898036939386
591.399999999911,0.162326190519106,1.31756502044808,,,2.56953273775907,4.27626267813731,5.1792974507494,6.64987817381933,7.08651235650056,8.40406511182318,8.99435478903238,9.63506460686825,,11.6727076319217,,,12.8967801053623,13.5562619437513,14.7588119985405,15.3499946665873
591.999999999911,0.126560997712939,1.2753827414788,,,2.58538529328515,4.26318206733818,5.20017577022015,6.51742538625993,6.96917603984618,8.33444557092673,8.98583728522264,9.61315885729173,,11.6001036589246,,,12.910726985229,13.6319441483737,14.8106601856616,15.4083552062721
592.599999999911,0.0944538013023832,1.23840724694538,,,2.60998538225825,4.26867172738616,5.20918559586762,6.25898437185608,6.78584997866922,8.17493793347512,8.99002818904995,9.63544992810974,,11.529338331129,,,12.9558523276227,13.6952608984251,14.8738340088986,15.4827289248038
593.19999999991,0.22303399911379,1.25529612540641,,,2.59225256877514,4.18304025798868,5.1480822013009,6.07081313687366,6.82971311504667,7.9991736264322,8.91297314041077,9.6038019208118,,11.4080204399347,,,12.913015333379,13.7592187328561,14.7671750445551,15.6113938660238
593.79999999991,0.351768524321406,1.27860867803324,,,2.57488880536246,4.12444842588553,5.09218290941279,6.00203749645772,6.832616488357,7.8524139418593,8.82012351920599,9.72918667147368,,11.2867801194169,,,12.9891206532976,13.7369359233197,14.6408320483365,15.7609896584145
594.39999999991,0.47813151172711,1.29854558870279,,,2.55185387555171,4.05381718900217,5.04465619312387,5.88815280287418,6.83048754657357,7.75663608249995,8.7265391170462,9.85405953317458,,11.1643477756907,,,13.0492587036344,13.7058621712332,14.5071464603585,15.9002038498286
594.99999999991,0.604557436205754,1.31857208387061,,,2.52896945003102,3.98350545994889,4.99690728117746,5.77417642042775,6.836467097936,7.65061077943455,8.63297421487599,9.97894597964497,,11.0419470664809,,,13.1098205014699,13.6750388604321,14.3736557338045,16.0396935534346
595.59999999991,0.727259254764104,1.33329769444311,,,2.49717940034487,3.89428784687503,5.01545660607386,5.88650037120969,6.96046458043705,7.70034993164073,8.52832706180548,10.1474553218983,,10.9176744829607,,,13.124096312137,13.6497194560933,14.2286346873844,16.1628806783345
596.19999999991,0.685952039822061,1.36889673314898,,,2.4404951207964,3.94042198760173,5.09888373604788,6.09883136467871,6.84890814311429,7.76311466740711,8.56689725671932,10.3836702790016,,11.1181371357125,,,13.1607805709336,13.8017713354294,14.2769491969981,16.1059337669824
596.79999999991,0.644582735376656,1.40864436975575,,,2.38366236384465,4.01814762381701,5.14263811681405,6.18827942389582,6.86289243382526,7.8360622701756,8.52361070299185,10.2973073856941,,11.3185685800289,,,13.0350617414086,13.9191905406006,14.3190906846199,16.0128898663396
597.39999999991,0.605379688704494,1.45147545315696,,,2.33200987780543,4.10687053538215,5.17874465111896,6.42494272121387,6.8856266462627,7.90963560025848,8.48099532765331,10.2114120722732,,11.5200888661672,,,12.9239280565107,14.0485928411586,14.3679391901323,15.9293289365311
597.99999999991,0.566271377402548,1.49444138268644,,,2.28058393677334,4.19607438276388,5.21451672773641,6.66146800486437,6.90576678811429,7.98300924022134,8.43840930446994,10.1255372071844,,11.7216567698303,,,12.8134322130993,14.1783721158402,14.4170810087633,15.8461827185655
598.59999999991,0.529188103166403,1.54028974574944,,,2.23400055914175,4.29555858111386,5.17886154856341,6.5947133392785,6.80930397257758,7.85852056176601,8.42748972131023,9.91529450122133,,11.9242425325292,,,12.7434316450436,14.3349592702301,14.4724926074727,15.7719012662253
599.19999999991,0.68401284822362,1.54511224447551,,,2.28978430505904,4.27728079393753,5.16929936278193,6.44271769300705,6.80652850735588,7.8341599023866,8.54490052949043,9.6602252988133,,12.0341174199227,,,12.6837575600641,14.1989144146763,14.4944103580657,15.7870635411842
599.799999999909,0.837486973347804,1.53939622537739,,,2.34233825193962,4.21300275446873,5.19294888534925,6.41724076539425,6.80811832292071,7.78485598981213,8.79035763902294,9.80145737266104,,12.1433134354162,,,12.5515811139483,14.18459995441,14.5634966878296,15.8381003494229
600.399999999909,0.990364856726453,1.53283151702162,,,2.39346637876804,4.14569782007464,5.21870340455442,6.31835069697479,6.79931879393224,7.72190449121335,9.03563001313548,9.94256074966089,,12.2522097576061,,,12.4153902461723,14.1715556239634,14.6307369750368,15.886527060589
600.999999999909,1.14287662858305,1.52574568628938,,,2.44371900643294,4.07653427528582,5.24575045908976,6.21999399218697,6.79858647629019,7.6617388041091,9.28078895377345,10.0835851026388,,12.360922058512,,,12.2767343949702,14.1570544504223,14.6968437330034,15.9333510885792
601.599999999909,1.29221500221119,1.51414284714115,,,2.48638294232731,3.99126058214402,5.31645143591934,6.3252589279444,6.85207116798924,7.76475676663724,9.50982148053906,10.3551641503663,,12.4680392913002,,,12.1192829322506,14.1300449490456,14.7531252342723,15.9662833058926
602.199999999909,1.10776710061775,1.50295793502924,,,2.52676264025045,4.06734195856504,5.18844712733738,6.34428027682786,6.90037320404545,7.81558538529029,9.36913570953728,10.5953079064592,,12.1915741194068,,,12.0212211898468,14.138274029537,14.7336638665149,15.8779273551183
602.799999999909,0.912747291541529,1.48152232064986,,,2.5418612542517,4.13113830996152,5.1662984987323,6.29904337548016,6.90782521166377,7.82970182800232,9.20384127846176,10.574707997987,,11.9097951131127,,,12.236261776426,14.0883003363094,14.6426639960451,15.8087913821457
603.399999999909,0.71826815459487,1.46085629785212,,,2.55825280215054,4.19767945025948,5.14224105878534,6.27726464306569,6.9286266309389,7.83087700265503,9.03871436551497,10.5542247918563,,11.628287868764,,,12.4549426413887,14.0359165500695,14.553338117322,15.7420222457165
603.999999999909,0.524289976617981,1.44090333900654,,,2.57584231605857,4.26676377068827,5.11641501247557,6.25475609669127,6.93775480055223,7.82889324596441,8.87374266624799,10.5338497161454,,11.3470324250478,,,12.6769964009019,13.9855261963546,14.4655632732056,15.6774460982109
604.599999999909,0.333446084663645,1.42541171634469,,,2.60092699093713,4.35175968152237,5.04044590430097,6.21236205417549,6.94481701651798,7.78598370299981,8.69328345011991,10.4585315301503,,11.0673523901982,,,12.8879531743449,13.8888333111762,14.3874925892728,15.626590544497
605.199999999909,0.402982684064779,1.38949819349394,,,2.62480194139305,4.22498944304466,5.10933012778249,6.30118496954408,6.96965224674251,7.79808182308306,8.76873081331832,10.4686810447567,,11.1180746716194,,,13.0328769662782,13.9975152131066,14.3623774484079,15.5560930345002
605.799999999909,0.487051476234332,1.37500443219559,,,2.68342838643911,4.13284614283452,5.05212766093006,6.45705229481898,7.02665561215445,7.86405064794473,8.80902002832895,10.4310342997851,,11.1761013742932,,,12.9637504989467,14.0943849564469,14.409519087615,15.4049739711484
606.399999999908,0.569181734989028,1.35775136648006,,,2.73741912820648,4.03086163812649,5.00176907298422,6.54778353191434,7.06951604267317,7.97354969077739,8.84870862148042,10.392969128458,,11.2331536978872,,,12.8815721267499,14.1776824140085,14.450658773385,15.2453688189666
606.999999999908,0.651539115426204,1.34082158529341,,,2.79195299640131,3.93003014471281,4.95060864521317,6.63818389045375,7.10918763865534,8.07945251382395,8.88846758445104,10.3549529806326,,11.2903201812962,,,12.8009229366447,14.261883641691,14.4925016576417,15.0867579105532
607.599999999908,0.73841939646709,1.3303296913875,,,2.85730268288286,3.85215971526467,4.91849621103729,6.70731783363583,7.11636105748367,8.13003045644932,8.94408306816829,10.3962037441111,,11.3497600429684,,,12.7696096859975,14.3135451842151,14.5483480347631,14.9479463700016
608.199999999908,0.729758915380087,1.43160822168033,,,2.88479372559655,3.99629907743758,4.88519582750866,6.809277374682,7.08310028889139,8.18781324576325,8.91560927673859,10.2941223784194,,11.3661887893975,,,12.694403975265,14.0217481406997,14.586236186865,15.0651642779648
608.799999999908,0.718778577749429,1.52014335594556,,,2.90673718968888,4.15148209121826,4.85936955013304,6.79877647067546,7.03242816912348,8.22389812567446,8.91604476015474,10.2862518347178,,11.3814514895438,,,12.5868028692363,13.7256716620763,14.5718523801962,15.2424185443118
609.399999999908,0.709882207216766,1.61164480462771,,,2.93366413925267,4.3172446215631,4.82618594872127,6.82930974347999,6.99092579236795,8.20755484442992,8.91712592560009,10.2788311087819,,11.3977616691544,,,12.4932328549562,13.4408404555924,14.5639208086997,15.4287955473379
609.999999999908,0.700667962200392,1.70269379143311,,,2.95983094108052,4.48139342280067,4.79412458459516,6.86030610658586,6.95918574858298,8.19079294645872,8.91810860300289,10.2713417706374,,11.4139120732128,,,12.3975226312406,13.1547443524346,14.5550050561534,15.6137810287746
610.599999999908,0.6848541730734,1.78434900092365,,,2.97021595238723,4.6120388226274,4.77048741847288,6.75051716450583,6.89013063768387,8.22107883825951,8.88731718549203,10.129088591439,,11.4267453006533,,,12.2494972767495,12.9650810705828,14.5256562503605,15.7698764653011
611.199999999908,0.800595774063739,1.79635096503479,,,2.86975267056922,4.75131822069582,4.74795368578468,6.55934735226436,6.79758256395834,8.15477749292864,8.81427889449634,10.0070395235079,,11.4545052126225,,,12.1711165397082,13.0478688113323,14.4812775529522,15.7451758206929
611.799999999908,0.910159301948634,1.8179452140573,,,2.75451548098248,4.86264730349305,4.82653411677991,6.45765710464537,6.72857258749966,8.10440511783215,8.74752985246722,9.80946986925882,,11.4791597949874,,,12.2290537904231,13.1387677745773,14.4561867762165,15.704571839965
612.399999999908,1.01867253177216,1.8380444710139,,,2.63676666578777,4.96864441836073,4.90882256370531,6.39806372314458,6.66368694111915,8.09736776236557,8.68045539331573,9.61167351146123,,11.5032864584366,,,12.2799195147101,13.2309716361561,14.4278441390774,15.6593700934457
612.999999999907,1.12709509719456,1.85801467645113,,,2.51880104067977,5.07418126418957,4.99143109599973,6.33860242461477,6.59867096018004,8.09320963978144,8.61335284333012,9.4138575840375,,11.5273675505818,,,12.3301748068402,13.3228147229478,14.3992207930734,15.6137714560842
613.599999999907,1.23740524402925,1.88067166133153,,,2.40534927500525,5.18930065037142,5.11269022375458,6.38912418862109,6.62374053555339,8.11855648750538,8.58002403401808,9.33085670137124,,11.5523974114328,,,12.3866476442718,13.3365377917178,14.3764416464351,15.576435860966
614.199999999907,1.21036928158738,1.88707596194816,,,2.54191096334584,5.09651986116206,5.25507376298791,6.41726106319188,6.68737702680234,8.06007350333737,8.68365497078023,9.31624041068475,,11.6450624769944,,,12.4305215075753,13.2872919128704,14.4243921158373,15.6485411799646
614.799999999907,1.18220259723586,1.87867030155657,,,2.6757687049551,5.01254457951959,5.34865297336243,6.39712614357841,6.7927422208673,7.98927617905175,8.73032518175617,9.54395059769048,,11.7371591996404,,,12.4021811542902,13.2482544997502,14.4475236785946,15.6912234624315
615.399999999907,1.15368046085946,1.86975869149248,,,2.80877643794209,4.92676480173955,5.44348708632725,6.30857922458053,6.89028291950392,7.90123892551924,8.77688526191403,9.77158406153077,,11.8290772588627,,,12.3714475866401,13.2078549919642,14.4695547153078,15.7323497245407
615.999999999907,1.12456078723128,1.85999654815119,,,2.94035525287384,4.83795155224263,5.54043076963466,6.22090281804193,6.98385772370421,7.83537399652609,8.82326020524179,9.99908854883242,,11.9206949736117,,,12.3366908748567,13.1650777441541,14.4897356983995,15.7708602183863
616.599999999907,1.09467545821762,1.84914457253201,,,3.07010312119738,4.74525135854285,5.57071536644802,6.20793107930724,7.04751307707824,7.69941045572526,8.86045192729418,10.0882164069163,,12.0119278414532,,,12.3470715294085,13.1789460497554,14.5075461121007,15.8060189930674
617.199999999907,0.924216083356006,1.91756234379633,,,2.88245159570198,4.70090440296911,5.4973545685235,6.27166033301646,7.10120238768601,7.80978374340808,8.81055355104728,10.076822854888,,12.0168518923433,,,12.2569573867083,13.2969676748476,14.4098665654624,15.8886231467763
617.799999999907,0.763468853093237,1.99871329407675,,,2.7180251640949,4.63051808077824,5.37674715635258,6.33686069671364,7.03299762454737,7.94076181618778,8.84589851350521,9.84948836388337,,12.0266576287583,,,12.1200139869456,13.4252672296077,14.373676390551,16.0191894074866
618.399999999907,0.604780422072594,2.08279473490185,,,2.55852203291884,4.57058350740516,5.24887127378775,6.43550733760653,6.96859274728833,8.03210189080315,8.88188136016532,9.62259825819363,,12.0374981943362,,,11.9969322268676,13.5540821705152,14.3438605278444,16.1587682305156
618.999999999907,0.44705686990793,2.168249582277,,,2.40132626051303,4.51554726080779,5.11758894281702,6.53274831036702,6.90826663174012,8.09003111197859,8.91816315825029,9.39591641857381,,12.0488237439564,,,11.8803468763393,13.6867365893245,14.3170320564954,16.3025708897694
619.599999999906,0.287104494355741,2.25053192709356,,,2.23880060119066,4.44919611679109,5.02383703739279,6.51926984792127,6.84510727127508,8.21439182250838,8.96292909517913,9.29947222707454,,12.0590290039471,,,11.6786079355047,13.8419214556816,14.2833028559156,16.4366166920823
620.199999999906,0.388997345282017,2.21349182626065,,,2.39115515701327,4.38004361630974,5.00378567830042,6.45265086336458,6.79522659402347,8.1372537343604,8.97324426558705,9.34115484541245,,12.0682350740943,,,11.7308804228184,13.7672119365125,14.3792849854709,16.3761923714304
620.799999999906,0.484671617582504,2.17274192288148,,,2.52863894238769,4.33178222568348,5.01850735547858,6.43157022596441,6.7837315901984,8.06264283181774,8.94665371133867,9.54762157725047,,12.0743154550416,,,11.9128658219309,13.6899206130508,14.4134380405233,16.2442316765212
621.399999999906,0.578511388945145,2.12938079469649,,,2.66173580208562,4.27420776430186,5.03970563099714,6.43067178272505,6.7640494421773,8.06235702164406,8.9194947679385,9.75369233785003,,12.0794737475061,,,12.0824997540047,13.6041004981781,14.4419112403071,16.1042403034864
621.999999999906,0.672090613249483,2.08564880437244,,,2.79420960373196,4.215310603574,5.06182375267661,6.43015291325154,6.73355034531423,8.08108830993313,8.89225509843075,9.95970686018554,,12.084501079317,,,12.2503794550813,13.5172436058208,14.4695777522611,15.9631083643626
622.599999999906,0.770624451836318,2.0489692016786,,,2.9385316002549,4.18156615466379,5.05850386664123,6.56118453334625,6.70356623239931,8.02727739212772,8.85140559217903,10.1202065019467,,12.0920187847618,,,12.4694314989121,13.424496988806,14.5125843991932,15.843665655091
623.199999999906,0.844412538466713,2.12217023733872,,,2.95824278888836,4.16769195199034,5.06481109792582,6.73944399405614,6.7759319622585,8.11426956471752,8.98675861701656,10.3521648959981,,12.0094340599489,,,12.4168073221429,13.5206020956322,14.5457294498907,15.6264908604119
623.799999999906,0.91877993362758,2.20490943822564,,,2.97933930439502,4.20737674917494,5.09005336140665,6.83553120270116,6.87141549671236,8.15129660998406,9.11700993917267,10.4986727315913,,11.9271405171629,,,12.2944059596185,13.5650363318546,14.5909668581946,15.4665348034216
624.399999999906,0.991674130518863,2.28555169177133,,,2.99691289375755,4.23958267325802,5.12049666527624,6.82229434560957,6.9686453436771,8.16221037928994,9.24680481571403,10.6448625819527,,11.844106490069,,,12.1620857360275,13.6144593953359,14.6316430516374,15.3001297003456
624.999999999906,1.06434843315878,2.36588094829851,,,3.01396063997795,4.27067227699416,5.1517162929479,6.80937783788005,7.08175762775922,8.1634426550333,9.37653156173375,10.7910049688306,,11.7609619359362,,,12.0282849917415,13.6630074483304,14.6716384236671,15.1327619921729
625.599999999906,1.13219112498565,2.43933290007719,,,3.01945433512249,4.277233611229,5.20490799224876,6.68697951712337,7.25220848927572,8.19835175407526,9.51015427667284,10.8821923052054,,11.6753888342936,,,11.9051996559586,13.6496209108908,14.6966744955763,14.9442435119106
626.199999999905,1.03493700318845,2.46313227244958,,,2.94731493305097,4.31061493501263,5.19398234239829,6.4941760718235,7.3394993703137,8.19148606621027,9.39326349084325,10.7433726274121,,11.698148083802,,,11.9776974423481,13.6326703534297,14.4531132205026,14.9775415025193
626.799999999905,0.927937785570781,2.45209881622222,,,2.85187163938638,4.20610067010855,5.14745119142438,6.36110894269731,7.47572605239918,8.19466011640105,9.24005663998055,10.4629602927053,,11.7160090853022,,,11.9848570369272,13.6908641354851,14.2428236863823,15.10690614311
627.399999999905,0.824448895674069,2.44606195314406,,,2.76482275233899,4.11940701775823,5.08852703359177,6.36584236423962,7.61062592703759,8.17153018972338,9.0879374048971,10.1833056511874,,11.7356345082293,,,12.0156512322526,13.758995398973,14.0434025868233,15.2516375308506
627.999999999905,0.72108657255805,2.44020524495742,,,2.67807653020092,4.03335589731433,5.0291560391375,6.37039139903939,7.74070817174351,8.14952432326298,8.93585738439399,9.90367832871159,,11.7553235483333,,,12.0472975859994,13.8276303011863,13.8443733546003,15.3969229750407
628.599999999905,0.622665740235032,2.44138224445343,,,2.60314712014111,3.97239086567155,4.93678687440613,6.40818985324631,7.73188901204653,8.15581805622112,8.79335316008427,9.69116063732111,,11.7774963657167,,,12.0876014359027,13.9054191991876,13.6606436253123,15.5638401999327
629.199999999905,0.714009188461902,2.4349008882496,,,2.63693449254972,3.82468747675794,4.93339381573642,6.46729624089607,7.55765687019075,8.07032416830188,8.80367233093002,9.60365959933978,,11.7017023755551,,,11.9961560775762,13.9739652841286,13.7909243467039,15.8768992100889
629.799999999905,0.823383318962434,2.47052964011329,,,2.7138394569414,3.85087882774521,4.93627239750245,6.56390306988829,7.28408532047121,8.07616013837976,8.82577880648664,9.69944924862623,,11.634971277684,,,11.9610824182609,13.9652766346592,13.8834113545943,16.0227757434603
630.399999999905,0.931189751001893,2.50392693326162,,,2.78699551257539,3.86911156373331,4.94468564706775,6.6064428316121,7.02324382397583,8.08460350500157,8.84739955714129,9.79490051515317,,11.5674521961897,,,11.915453639823,13.9527142043678,13.9710445626327,16.1617895483699
630.999999999905,1.0390578411573,2.53741199044353,,,2.86029901407134,3.88765731476826,4.95288121625848,6.64889276769911,6.75477082311059,8.09903109220882,8.86903941152227,9.89036509039072,,11.4999641063605,,,11.870239997825,13.940397126094,14.0588686722766,16.3010732667323
631.599999999905,1.14531895096048,2.56860967514558,,,2.92975967023352,3.89804503141513,5.00391592921284,6.55085097873561,6.60002254608725,8.0333328290298,8.88181667343332,9.97383691350277,,11.431668288367,,,11.7912745008477,13.9190011596679,14.1417173602015,16.4333222969758
632.199999999905,1.03063857551964,2.49419025980035,,,3.07717251601854,4.12091750381245,4.98315020277562,6.46681948592445,6.62563273123878,8.12942789912179,8.82626839403677,9.98740798814203,,11.5663286970135,,,11.7599336165574,13.7858494741342,14.1252374575692,16.1456358311393
632.799999999904,0.914228491580146,2.40646227286967,,,3.22044903115788,4.21145590765755,4.88472433809423,6.30715282837821,6.68959856278788,8.10646620905457,8.82239090561112,9.97162671356147,,11.7001196898092,,,11.7193792886733,13.7180178713615,14.1310192457497,15.8922953063644
633.399999999904,0.79690165231407,2.31742937831853,,,3.36153326751542,4.29734028975252,4.78953502449761,6.10490124800564,6.74597078467033,8.10707268469827,8.81822937603211,9.95564756021903,,11.8334498872404,,,11.6726525609887,13.6354512150986,14.1339626393292,15.6349416100631
633.999999999904,0.679951677581128,2.2289329119574,,,3.50351871720181,4.38513787123212,4.69301521269368,5.90210063863315,6.79627825993481,8.10250767916802,8.81418461156662,9.93974975190215,,11.9669695108193,,,11.6284632154189,13.5543841906669,14.1380728548804,15.3792376691243
634.599999999904,0.562060393329081,2.13909658759114,,,3.64325317054707,4.46815677858787,4.5770348081979,5.87845372387035,6.78642427999384,8.17523973344362,8.79711142082916,9.9596020094326,,12.1000159971822,,,11.6010483408982,13.5301052260108,14.1392686528291,15.1194130686634
635.199999999904,0.547421909899557,2.29953785921897,,,3.6279957602254,4.31601084131567,4.51614537173987,5.87199740818814,6.75156038114349,8.15548307134131,8.86536183557424,10.0918901056941,,12.1234470170939,,,11.5762770965007,13.5882916224497,14.2115498749814,15.0851575625644
635.799999999904,0.519429125666868,2.44965644475202,,,3.58080360187828,4.19997068210632,4.63007352744649,5.91545789135456,6.74537613479643,8.21513864172674,8.8193963930342,10.0784568441361,,12.1401656681207,,,11.6724027779114,13.5971064109506,14.2858600403329,15.0834850198111
636.399999999904,0.492877297734297,2.601826084477,,,3.5370572679847,4.09124571567979,4.73891447117678,6.0682590979154,6.74534048479241,8.26602640050727,8.77387740646054,10.065334608446,,12.157608597441,,,11.7782302392331,13.6289037710072,14.3646315951923,15.0881203813042
636.999999999904,0.465480742850955,2.75279334162306,,,3.49129090004616,3.97823238847564,4.85073767403428,6.22229093127453,6.76169827680987,8.32562571623944,8.7280966955015,10.0520300410972,,12.1746269355406,,,11.8783702588662,13.6573397656046,14.440787764735,15.0890578813791
637.599999999904,0.435834015111183,2.90055770742104,,,3.44014359123332,3.85379578063435,4.9813785467932,6.29088342230761,6.80740685799054,8.42445993863572,8.70568182838115,9.99812813356637,,12.1905142529727,,,11.9794469428409,13.6230853697644,14.5099771042939,15.0801450654642
638.199999999904,0.591644524150464,2.87041254986054,,,3.37122817827788,3.96932104563278,5.08866448333505,6.34523147344066,6.84139593944244,8.57242043982813,8.6618694604927,9.90342314274535,,12.0301974992874,,,12.1157054110874,13.4263131413489,14.3914164988974,15.1254123610089
638.799999999904,0.744237882201609,2.83427146066937,,,3.29461944551016,4.13744580486436,5.1159357591568,6.41032167796776,6.88766297453065,8.67716785941588,8.71280674465502,9.96820945713289,,11.8682636856748,,,12.1393284969371,13.2754074634002,14.2044776870566,15.1916000552729
639.399999999903,0.895264318512712,2.79590001834311,,,3.21426366139316,4.29761589221514,5.14873896058384,6.32903080321464,6.92100056515388,8.78010215549691,8.76325854458368,10.032657556411,,11.7055422788482,,,12.1524016932261,13.1029742303294,14.0126874801994,15.2509284212794
639.999999999903,1.04672520821213,2.75814697606315,,,3.13494680545827,4.45999153589209,5.18000834971631,6.24710700205349,6.95351427010715,8.87072961335517,8.81384495256045,10.0971994310882,,11.5430392444722,,,12.1684000102422,12.9322697885691,13.822242397955,15.3121586425792
640.599999999903,1.2007975841124,2.72411111779172,,,3.06187491546038,4.63562471205907,5.19818722594047,6.24527244659457,7.0293286399863,8.87937690495666,8.85980305810737,10.1497446120664,,11.381848840305,,,12.1677919148275,12.8069331993408,13.6398828191484,15.3848208586291
641.199999999903,1.09711873232905,2.57244113391912,,,2.98602870728708,4.61206289374919,5.22638991370142,6.21280249298052,7.0810260060113,8.73801247117416,8.84239428258435,10.2021820716768,,11.572611031609,,,12.1602504069446,12.9678775425545,13.7434628127448,15.3986913496984
641.799999999903,1.0131921528827,2.44785752976365,,,2.95741700800819,4.48599279000519,5.21353481763629,6.07363550211967,7.10142738826646,8.62730395403774,8.82837975325167,10.1173156761172,,11.7733014505845,,,12.0959769385926,13.0761944687247,13.9461669980809,15.397003185642
642.399999999903,0.930482236318405,2.32500572101533,,,2.9317147701129,4.36609922573413,5.1963843643821,6.05080502429831,7.12871058956859,8.52953477309198,8.81474218637337,10.0327118933957,,11.9746034096295,,,12.0398951103488,13.1942470280248,14.1526381311145,15.4006410629917
642.999999999903,0.848228507169073,2.20280324848149,,,2.90710343396791,4.24852155326198,5.17762336812255,6.02730995724711,7.14174005397773,8.43261700405726,8.80124596146443,9.94820657729456,,12.1761346654564,,,11.9868847353354,13.3141148633976,14.360521680155,15.4062759381165
643.599999999903,0.7680058619813,2.08349181661998,,,2.88734912144074,4.14125492957176,5.17062844988438,6.04512850135133,7.10442870787466,8.36488791392113,8.798361732074,9.90636209838524,,12.378686819714,,,11.972252022234,13.4143747393327,14.5746937312556,15.4208020496483
644.199999999903,0.787437759165148,2.220795138827,,,2.84022104466653,4.04938310122169,5.08306912496853,6.08599913920505,7.12456204732969,8.45741461873378,8.80734135533896,9.72002422650087,,12.1852513174053,,,11.9988787475599,13.2448956958165,14.6510438661916,15.422911126725
644.799999999903,0.804523308650619,2.34956307543993,,,2.7874820396935,4.0513253851129,5.02848425208305,6.2225264893425,7.03317863390328,8.52510673949281,8.85563210154709,9.65214519636462,,11.9906364532998,,,12.1264440680163,13.1577804020462,14.6831812243545,15.4017360542622
645.399999999903,0.8196907144074,2.47560073027147,,,2.7301560902273,4.0435299752914,4.98067127352429,6.20546160922474,6.94044275996569,8.57143032884985,8.90332854330865,9.58385214094964,,11.7950574587303,,,12.2410947648994,13.0621815949361,14.7093797582101,15.3721641505106
645.999999999902,0.834423653857655,2.60101996666896,,,2.67179118168709,4.03352894356283,4.9343921528671,6.18902967428539,6.8566246515279,8.62173435401654,8.95089037301961,9.51546530734725,,11.5992600852168,,,12.3528202540787,12.9648539451083,14.7342331274563,15.3406903349153
646.599999999902,0.847948861294774,2.7247201198393,,,2.61053816855699,4.01739671098846,4.83191539913436,6.05766705235595,6.79246489438115,8.66114593838836,8.97990898688047,9.38843566234086,,11.4028556606211,,,12.406252010139,12.8286248854494,14.7553472001514,15.3039295735076
647.199999999902,0.787857154437223,2.64133232963978,,,2.68174966556286,4.06198915683018,4.8258023813304,5.93934114275323,6.77267214511331,8.60168230870269,9.10672953695723,9.59671938432014,,11.5686565482422,,,12.3082668756001,12.9194596905571,14.682414287083,15.2904811201884
647.799999999902,0.718268822407163,2.55055734586816,,,2.73025145015726,4.06620941401367,4.72965697481672,5.80182856981799,6.89609411264278,8.51904583708251,9.09655280833038,9.84002824016281,,11.7296840784898,,,12.110994446119,12.9289413987031,14.6256746754742,15.3033066954495
648.399999999902,0.651155349389351,2.46330507125094,,,2.78467147786755,4.08299359887778,4.62477422319041,5.85262428742201,7.01937209967951,8.45758633332633,9.08714287296711,10.0838712865546,,11.8919555650336,,,11.9303849351136,12.9525986947204,14.5765975516336,15.3269661687625
648.999999999902,0.583402217719996,2.37514230784398,,,2.83756186070018,4.09653047753266,4.52214974904668,5.90435188140652,7.15305288836888,8.40479233382051,9.07753475016911,10.327576264636,,12.05390553532,,,11.7454686818195,12.973710639845,14.5255399607991,15.3478254839343
649.599999999902,0.512407406544166,2.28236534459237,,,2.88270026763108,4.09361056948676,4.48178175856882,5.85971178589794,7.20977433973042,8.30477968260236,9.05805129909797,10.5951707701115,,12.2142261167758,,,11.6122581221268,13.1290231744501,14.4644457054838,15.3544940815417
650.199999999902,0.70984316552142,2.41078783810243,,,2.85951530694875,4.2610721384134,4.43858457320268,5.84874129072767,7.06297573681793,8.21326410253237,8.86265801125304,10.4782440325879,,12.0680451931663,,,11.6474280613905,13.1638446890163,14.4008190008956,15.305391576904
650.799999999902,0.910411605830558,2.5376928923187,,,2.84382166975091,4.41624426032162,4.50677885646805,5.82378670836972,6.82276079565498,8.18908823581967,8.75895472803065,10.2626266848286,,11.923438871774,,,11.7957412790133,13.2644662634002,14.3222066837574,15.2220151305012
651.399999999902,1.10921207030081,2.66208141341441,,,2.82390019137677,4.56244103434937,4.58121487511821,5.68200173314402,6.5863018100606,8.14808014781297,8.65470366735565,10.0466277250222,,11.7779438998907,,,11.932150934818,13.3622456874221,14.2381204817757,15.1308992250416
651.999999999902,1.30880865319,2.78760312780627,,,2.80588250725069,4.71267940193465,4.65284024422176,5.53905694567083,6.33708043981839,8.09609673130885,8.55069927053301,9.83080060487551,,11.63284908677,,,12.0739207571012,13.4631930522268,14.1564991667273,15.0432683931706
652.599999999901,1.50967397279327,2.9149307593893,,,2.79089881103539,4.86935866827056,4.71257097742353,5.65486611281549,6.16966257721552,8.12697908188937,8.45750028646366,9.63833350799102,,11.4883919879659,,,12.1970521326599,13.5162335584149,14.0788060267772,14.9611915601873
653.199999999901,1.3641713803196,2.82448886302448,,,2.71090653125738,4.71564526611474,4.76323509330559,5.81190288789661,6.13778995817424,8.20650796844693,8.6109042432178,9.56079855966576,,11.4793849665262,,,12.2731542749053,13.620628182441,14.1174158939211,15.1387796868047
653.799999999901,1.20887589794059,2.72663164590534,,,2.607496067789,4.57832967814003,4.85090388885876,5.96081021040353,6.26200740158389,8.17971354812113,8.79752207325796,9.53053182203027,,11.4654556740122,,,12.3065927168883,13.6646797175634,14.1681550213214,15.3853619512873
654.399999999901,1.05541864172326,2.63139095606971,,,2.50848143829459,4.45034607249897,4.93208293438891,6.17226353296494,6.38640660207362,8.14351489633982,8.98470944664812,9.50066185974516,,11.4524503424172,,,12.3524077074103,13.7035003040935,14.2245855377717,15.6399912013794
654.999999999901,0.901673866159145,2.53574101179588,,,2.40877925068619,4.32090283935525,5.01427705016802,6.38413572344195,6.51489354173873,8.11181642017497,9.17180773702246,9.4707298373123,,11.4393004928921,,,12.3962868658651,13.7411767841135,14.2801258566533,15.8933618119803
655.599999999901,0.749644274903888,2.44253245728796,,,2.31317866146307,4.20016695135996,5.09653828467581,6.44904872555858,6.6729315007023,8.00897897250712,9.36155134977407,9.39562641517279,,11.4270127588692,,,12.4433481702717,13.7158090037702,14.3409766108806,16.1542407823834
656.199999999901,0.75328576413199,2.42118116459663,,,2.43893351094555,4.18027282729214,5.11341385301112,6.32256887835803,6.84467123548862,7.90697521709231,9.2401062909508,9.38853924361904,,11.5044489904416,,,12.3908898838688,13.7060141120881,14.3187340733828,16.0463721286965
656.799999999901,0.765141676025813,2.41300505700947,,,2.58433188359042,4.14707569047107,5.12986934638994,6.26418211165341,7.02763826275153,7.93221597250643,9.05554490528982,9.42682020551594,,11.5860140967289,,,12.252238333839,13.7498061118057,14.2740843872334,15.8808079778366
657.399999999901,0.77725207417471,2.40519118462696,,,2.73033882081199,4.11517048457046,5.14542639092412,6.21559694179407,7.20310931472647,7.95238231698897,8.871062367888,9.46515609747876,,11.6677071172844,,,12.1153002081473,13.8051468672094,14.230222623865,15.7163578613877
657.999999999901,0.789603348154815,2.39772017439993,,,2.87692177538355,4.08448811460031,5.1601330374149,6.16666085588195,7.3698897659299,7.9741960798278,8.68665446179612,9.50354398173302,,11.7495212110021,,,11.979983869523,13.8614461237008,14.1871066436297,15.5529621986199
658.599999999901,0.80211521504958,2.39047775179249,,,3.02388876310889,4.05462101441143,5.15108737006832,6.13955303526745,7.47053102996011,8.05293676910735,8.47877754472187,9.64059625588396,,11.8314160246988,,,11.8549318139958,13.8993441413088,14.1444878800994,15.3902695444902
659.1999999999,0.764313334964858,2.33666457310426,,,2.93026451366898,4.04410940182213,5.16920991350058,6.20690176818051,7.56478425731905,8.21228354044372,8.51587667634353,9.83355635925841,,11.866323906364,,,11.979013665133,13.7642870939866,14.1942754443144,15.2490836171141
659.7999999999,0.728983632031694,2.27944843066569,,,2.84255209406936,4.02409929673274,5.11509995548939,6.18403306937685,7.42865858280606,8.27376719257577,8.57233307562725,9.92467250863887,,11.9024743963187,,,12.3577991404502,13.5808103383736,14.2596196067921,15.1174515124279
660.3999999999,0.691842851666031,2.21965440438797,,,2.75050876248882,3.99489503319632,5.06738390048947,6.15157298539514,7.29668605542293,8.39570803560018,8.62822834314543,10.015397742628,,11.9377145713166,,,12.7243908562949,13.3736223348725,14.3193564362507,14.9778912679362
660.9999999999,0.654674731360228,2.15982146249652,,,2.65840005166376,3.96555197507443,5.01976436755025,6.11915273116052,7.17690027317645,8.50593924339518,8.6841151398447,10.1061170753769,,11.9729410042425,,,13.0907984957168,13.1663255393733,14.3790086176724,14.8382113406171
661.5999999999,0.615814872527298,2.09758050351594,,,2.56224580941953,3.9276205972131,4.9878603196085,6.21681697623061,7.09269995490442,8.67302159162998,8.77667907649539,10.0626230064557,,12.0073171063893,,,13.4256711314735,13.0136635002545,14.4334229549606,14.6911256893259
662.1999999999,0.637517650261093,2.18282095878197,,,2.66045278355547,3.87140362340952,4.99224212672062,6.32219546315706,6.96550713459898,8.66138342082324,8.72688742750072,9.85006995037778,,11.9689945458442,,,13.4367829793343,13.0387889108805,14.3972095567465,14.849343426131
662.7999999999,0.653080011628728,2.26407380609449,,,2.74397590027267,3.83483138936561,4.94154319741163,6.48592388222043,7.11463476682985,8.71095662451045,8.63438663746905,9.72508237867852,,11.927585583365,,,13.0877632701476,13.0583098924962,14.3506412474568,15.010247761893
663.3999999999,0.668514011742463,2.34514394426687,,,2.82719206087502,3.79760751355875,4.89129743999426,6.565911751879,7.25241511813852,8.71471933869932,8.54184607686298,9.60006710062069,,11.8861121017399,,,12.7378793205209,13.0950982277646,14.3036755149086,15.1705901857569
663.9999999999,0.683913368487281,2.42616477114023,,,2.91032537721085,3.76020776640749,4.84117398896605,6.64595009115465,7.37841176317332,8.73165378934829,8.44929478259389,9.47504434490049,,11.8446212070674,,,12.3877621213922,13.131748708995,14.2566025219511,15.3307809554358
664.5999999999,0.698059409534687,2.50540163106537,,,2.99046158261569,3.71644540720287,4.78059454068584,6.48524809568558,7.49952017462341,8.63295566741621,8.3399402602502,9.44217415867057,,11.8025003492556,,,12.0468025432563,13.157795100053,14.2056490993835,15.4854852329906
665.1999999999,0.921771009446477,2.49335973087501,,,2.98702127167654,3.71162623278588,4.81613630506518,6.34555727681139,7.58796714324028,8.51822989038573,8.32051096580837,9.57457216500919,,11.7248217565401,,,11.9330159815971,13.0933312907289,14.3110325221289,15.4902568863185
665.799999999899,1.14538558575693,2.48022386162104,,,2.98334894368106,3.70081702352311,4.99537770491398,6.1473262267401,7.48391393229749,8.37734318809401,8.39714336719559,9.62897050372302,,11.6470943961261,,,12.1280883165272,13.0714439599707,14.444021539955,15.4506354449839
666.399999999899,1.36951985034334,2.46782771557441,,,2.980919369938,3.69264607602815,5.17278437570318,6.00391408547659,7.40243104114487,8.23751970810481,8.47393678523804,9.68348101550558,,11.5696282503913,,,12.3266596481531,13.0404815565776,14.5786195807784,15.4132889816374
666.999999999899,1.59310258155767,2.45464651807691,,,2.97717088931324,3.68167520119779,5.35213820282657,5.86130543668514,7.34281037943138,8.09190427419933,8.5505593199759,9.7378724805424,,11.4918848834462,,,12.5215175740563,13.0073244733202,14.7115100020192,15.3735281357787
667.599999999899,1.81856742024937,2.44414430843505,,,2.97792317805197,3.68025907761326,5.5618686450281,5.86047051791374,7.25706347606715,7.99382250844492,8.64348736007982,9.81374799035775,,11.4150875338034,,,12.744839907102,12.9952725855903,14.8502276746059,15.342006369565
668.199999999899,1.61146650137484,2.36067171017484,,,2.9264068192572,3.79467715658253,5.52311336428929,5.84289956370522,7.29891091940072,8.09234372810046,8.71091838321712,9.86479119320179,,11.5663623390064,,,12.8349087107465,13.0332427902321,14.5876505114233,15.2623682441627
668.799999999899,1.42089513903668,2.29597480572369,,,2.91441834229501,3.93130133746091,5.3384686282811,5.88526737840688,7.26883982289169,8.19747452121174,8.68052140176926,10.0735631506001,,11.7259455149121,,,12.7162026931535,13.0945972058591,14.3139404319042,15.266791258158
669.399999999899,1.23101752230975,2.23226537732704,,,2.90408885082151,4.07144740367443,5.15137466392567,6.00115965465777,7.22668161442139,8.31572305778653,8.65033936567021,10.282484850835,,11.8858773931952,,,12.6021675785802,13.1761885025726,14.0423782796824,15.2742512003929
669.999999999899,1.04156364852358,2.16915910374798,,,2.8947726751489,4.21374465330325,4.96278469988475,6.1164346078792,7.16836416680335,8.43776569997605,8.62028861916789,10.4914980146526,,12.0460222604592,,,12.4909854726203,13.2594659712344,13.7721280911245,15.2835661120595
670.599999999899,0.854951033048267,2.11009707131934,,,2.89225092992887,4.37046590193941,4.72236485742089,6.14096834038006,7.10012309932019,8.50103594647819,8.58987726581858,10.6099784936516,,12.2075952499505,,,12.3556506973626,13.3026284605325,13.510674810562,15.3053188647083
671.199999999899,1.04108091556176,2.12475980756399,,,2.89544722089211,4.41914823651126,4.731386565233,6.22138142694405,6.96925401186137,8.37147133010247,8.6620930711077,10.5683161759936,,11.8835395384695,,,12.2802075284895,13.4232204557627,13.6986769845892,15.336348057414
671.799999999899,1.20368944762087,2.10913907933696,,,2.84239583468096,4.42265674443276,4.81509326933609,6.32961163225769,7.09317095253561,8.27471084674219,8.78002201806528,10.29934656917,,11.5476611202698,,,12.3268841418608,13.4714327362816,13.8388880560088,15.2796978521718
672.399999999898,1.36616695609702,2.09333185241591,,,2.78903112580618,4.42550009495283,4.89926254453935,6.32945780687998,7.21765317654538,8.1402480257749,8.89791036958651,10.0303486812802,,11.2117168447383,,,12.3726785897617,13.5032912514464,13.9786934612529,15.2224740804658
672.999999999898,1.5286098391942,2.07747533980271,,,2.73558361568506,4.42816766545671,4.98355406261929,6.32935442490661,7.34388623330784,8.0050323806021,9.01578799301861,9.761343319611,,10.875755165202,,,12.4182399092846,13.5350119841537,14.1183916617871,15.1650987333271
673.599999999898,1.68571563864224,2.05402203346096,,,2.66937329426475,4.40374087112823,5.13533433123481,6.38029732766207,7.51132198140349,7.92212571019531,9.11276002673051,9.52336662827778,,10.5371108686861,,,12.4596318519423,13.6502309047363,14.2415655520725,15.084359865356
674.199999999898,1.84854423182714,2.0342183526113,,,2.73983024991776,4.06802195396152,5.0985793191677,6.29660370767877,7.71256714482215,7.9938951320979,9.0353516373062,9.51306452095245,,10.6359563264866,,,12.3546377263646,13.6212977354543,14.2784878724891,15.0600453561614
674.799999999898,2.02642663123358,2.03974094703069,,,2.84628605829298,3.79392649018211,5.02108362026372,6.1791051447176,7.64467207370988,7.96766328624858,8.95648056722148,9.55476760363626,,10.742368387928,,,12.2937104051349,13.5956262149144,14.3703113560978,15.1417306200479
675.399999999898,2.20476604575688,2.04591405581436,,,2.95383474773972,3.52215112013003,4.94197445620335,6.15575364799994,7.59283609579592,7.96704989288865,8.87775109555455,9.59656933160564,,10.8490101621849,,,12.2358601099399,13.5652258802113,14.4635498183883,15.2254165050491
675.999999999898,2.38363501264688,2.05284092833171,,,3.06264977988851,3.25306408812255,4.86099573846356,6.13163068150742,7.53546419724163,7.95609787385187,8.79918569674877,9.63848536178981,,10.9559181091804,,,12.1815752250873,13.5369327578249,14.5584278441887,15.311420548911
676.599999999898,2.56566020011442,2.06426035863259,,,3.17901242610856,3,4.7263154573955,6.09905742015938,7.47154177712358,7.9674189376489,8.71330688859952,9.67038294224679,,11.0644124901666,,,12.1332704272929,13.3831100804169,14.6630779424289,15.4112412068758
677.199999999898,2.41872787140891,2.11659400712493,,,2.96822765552443,3.17499041164218,4.69561413098315,6.17884789695643,7.35857472476091,7.98801113405287,8.755336733046,9.57637323637045,,11.0641762653412,,,12.2280373264583,13.3281122522955,14.5478938687634,15.5922947799173
677.799999999898,2.27761262277854,2.17140222420523,,,2.77135353364092,3.35027914249252,4.74992005657113,6.27490534895599,7.38116784770483,8.10927558014918,8.8439024228482,9.6062306128603,,11.0668639215824,,,12.1844257410831,13.2949488351208,14.4460910409419,15.697496753562
678.399999999898,2.13397518021624,2.22262035570525,,,2.56844797449144,3.51276364408798,4.81313044043689,6.24517454948867,7.36863938897401,8.25843044834492,8.93168665344679,9.63554358173424,,11.0682838292343,,,12.1238325370586,13.2689760930984,14.3364791702455,15.7916576166606
678.999999999897,1.98958731047623,2.27277033072654,,,2.3637478846408,3.67143850935959,4.8789901635927,6.21653699768221,7.36342447935186,8.42278283413003,9.01923837685277,9.66469457325933,,11.0693265442429,,,12.0581868000103,13.2400172263973,14.2245438786852,15.8825334233215
679.599999999897,1.84339761117124,2.32035558530516,,,2.15473899765619,3.82096616413034,4.94457902411691,6.2381768015466,7.31503830822401,8.57365661673755,9.13654798252814,9.7503354699454,,11.0694635926172,,,11.9922183315664,13.3162922530957,14.1070298867137,15.9655215734746
680.199999999897,1.85224084253395,2.24598941435673,,,2.40611139839422,3.89322719527355,4.94621527664347,6.18892117898628,7.23788582542482,8.548679131192,9.1563430709801,9.92874494516637,,11.3305926156247,,,11.9758106509036,13.3046377692655,14.1339109799537,15.7519619172236
680.799999999897,1.8410131925573,2.14952439777433,,,2.60948738612824,3.93627713536765,4.85621816025627,6.12054071539139,7.17810230661356,8.41350191163287,9.09180674892408,9.97789331906621,,11.581633266321,,,12.0503001828051,13.3245341219557,14.1145153014182,15.561111721252
681.399999999897,1.83241363706768,2.05680020540147,,,2.81914805595075,3.99266892198193,4.75694270986128,6.11469220049099,7.15067866885061,8.20773755993809,9.02808469756512,10.0276089588836,,11.8339948951691,,,12.1424843486548,13.347164579644,14.1032565477533,15.3817662241826
681.999999999897,1.82455938484039,1.96513687613688,,,3.03059100342209,4.05284433273025,4.65503600986002,6.10775790261217,7.11443855664205,7.98847700747784,8.96459356584011,10.0774854700688,,12.0867311411898,,,12.2396865488421,13.3727607727589,14.094305350639,15.2056833531915
682.599999999897,1.81542143664015,1.87164633670326,,,3.23896419022537,4.10650290220131,4.59843719486371,5.99687995696066,7.12851786577081,7.748843626389,8.88161330868873,10.0958241083048,,12.3388221538134,,,12.3253721804884,13.391801531753,14.0813796626012,15.0239809979317
683.199999999897,1.82015484781388,1.83017372442907,,,3.21480078461462,3.95034770563727,4.56249781133708,5.92519738740802,7.12057513641188,7.61924891451519,8.81040133645973,10.0183391580326,,12.089624421408,,,12.2536622195551,13.5844086708851,14.0599011440521,15.2505624487858
683.799999999897,1.84002984166457,1.80446876412609,,,3.22684613549669,3.79114057652398,4.63601259086373,5.7348317827051,6.9352503547214,7.65217270128365,8.74903419778501,10.0304709549523,,11.8480374121973,,,12.1449010014861,13.783248835234,14.0570885604848,15.5044488493047
684.399999999897,1.85813576481488,1.77624571227895,,,3.23466102701026,3.62295254132136,4.71577297112771,5.59967237482341,6.73781719440804,7.77336486679392,8.68711894241936,10.0422209035336,,11.6055612021775,,,12.0242288499935,13.980360742534,14.0487987022386,15.750590997922
684.999999999897,1.87534349385707,1.7467441728127,,,3.24032802602942,3.45020471270804,4.79870437319288,5.46582148649367,6.55896543097222,7.90263655775172,8.62492539677223,10.0537769797383,,11.3626335263529,,,11.8975092690797,14.1738985260894,14.0377279173511,15.9928012282603
685.599999999896,1.89401616011215,1.71932782191821,,,3.2494981961515,3.28489381892884,4.8536100536071,5.39362611791428,6.41748066987418,8.01690269724347,8.56570922344029,10.0553339984681,,11.1204421825215,,,11.7994431459738,14.297829285249,14.0311927700126,16.2414243412406
686.199999999896,2.12048149536775,1.67886608920002,,,3.09117783465588,3.5080759944112,4.92472757459566,5.4766400574233,6.39691553838542,8.13497509837641,8.53904498641225,9.97170265892168,,11.1606053629171,,,11.9503324335907,14.1948476353494,13.9264744870927,16.1308132761427
686.799999999896,2.34346672587165,1.63831636583592,,,2.92453533999177,3.71671073575207,4.88228864437385,5.73947461885104,6.64231552273686,8.11770144811094,8.56755578198703,9.95682616586084,,11.1990193131062,,,12.0883078606491,14.0429194904838,13.8266336783074,15.9367497513347
687.399999999896,2.56863673475924,1.60087645146474,,,2.76311740541983,3.93643677460679,4.83213648174226,5.99124838768583,6.88136205426962,8.05135684637752,8.59674349427124,9.94242125036272,,11.2385314142657,,,12.2409931293317,13.8848257718329,13.733557229653,15.752250272844
687.999999999896,2.79409519287454,1.56384711512232,,,2.60238925262844,4.15762716161955,4.78096596597151,6.24260193393245,7.09860679482815,7.9987077145644,8.62602057767917,9.92807859572422,,11.2781885007482,,,12.3956204908541,13.7278798599005,13.6413738576005,15.5690135044743
688.599999999896,3.02378747719393,1.53284419816348,,,2.45178564134112,4.40031109067729,4.71491025364241,6.4939061334731,7.21699643191921,7.96096165643047,8.67009316991105,9.9296172260659,,11.3199736659362,,,12.5459568785981,13.5795881040283,13.5622989661967,15.404310657104
689.199999999896,2.74505275604245,1.48533093961314,,,2.43055225527344,4.45357900343014,4.75904948725475,6.50232025258528,7.22961083086856,7.88783443096001,8.68698702652075,10.2012993768397,,11.3484851726125,,,12.6570041029554,13.5583921761858,13.6244175995556,15.4240053580319
689.799999999896,2.46063869271753,1.42358823166562,,,2.39573759973661,4.52339599691974,4.87256283705542,6.47990386125547,7.18023107790712,7.86057305600169,8.64446672567533,10.2863973034824,,11.3741420304723,,,12.7264338531772,13.5805233390162,13.6899523783632,15.5322173182359
690.399999999896,2.17495872598626,1.36004363945018,,,2.3578957317069,4.58678647530356,4.9905453848514,6.34843397215328,7.13013559841537,7.80804312892794,8.60155420601988,10.3712219888194,,11.3991625981415,,,12.7873404329225,13.6041200545372,13.7515677543681,15.6348876826087
690.999999999896,1.88992778386745,1.2974228675137,,,2.32160590580392,4.65347180735488,5.10623658918721,6.21601856203414,7.09250667588535,7.72303665472395,8.55884277568406,10.4561867640801,,11.4245093897487,,,12.8526168148085,13.6302993902946,13.8151925956092,15.7403992053838
691.599999999896,1.60021695730783,1.22814075783035,,,2.27412485901203,4.69639912758769,5.26472740462309,6.02356466502891,7.13760683353454,7.6654716361906,8.52222853237947,10.4987708393768,,11.4475038971707,,,12.8964641246245,13.6495521058483,13.8643279014576,15.8254241506918
692.199999999895,1.59735460082601,1.18686593024576,,,2.24888833150198,4.64238714745071,5.25090345437907,5.88661728890656,7.23339763499079,7.70748044811477,8.50614403120848,10.3284893942285,,11.4747928041008,,,12.8055513377632,13.6981846216174,14.0353863984148,15.6007989009618
692.799999999895,1.60847514227022,1.16440975423916,,,2.25708974477777,4.57737274495106,5.19824523306632,5.61803609046997,7.1266278586091,7.76564409407436,8.59097491088694,10.292454300017,,11.5091100361867,,,12.8694747844195,13.6663143285541,14.1832314829824,15.3542217274228
693.399999999895,1.61977490793256,1.14220868561046,,,2.26571974509225,4.51326819633345,5.14495427112853,5.50036451933029,7.0383630467238,7.86855886134042,8.67586132018064,10.2564578908128,,11.5435173530384,,,12.9346049254969,13.6450284535938,14.3316314691998,15.1084291225644
693.999999999895,1.6303579988435,1.11898750363618,,,2.27263592842043,4.44552535975607,5.09419348751249,5.38373702422422,6.94281446396836,8.00066656621735,8.76052567990121,10.2203067896149,,11.5775644424732,,,12.9949097844465,13.6208907627264,14.4778125364874,14.8594992152792
694.599999999895,1.64711606109633,1.10455576298376,,,2.29431860206343,4.40913052844995,4.9668606690549,5.42056302045883,6.80145302831916,8.05179484005203,8.79881064935026,10.2305947691243,,11.6147153024424,,,13.0786783177252,13.6155346803269,14.6431121241014,14.6376007508325
695.199999999895,1.58567109796622,1.23048630920403,,,2.44457398105858,4.17188036152023,4.97087777272426,5.56313840663717,6.66732421514707,7.94618714763,8.87673613205017,10.32467658623,,11.8266519733145,,,13.2317318598987,13.5305124605853,14.6550557129221,14.9059017331019
695.799999999895,1.51601886464581,1.34909064197026,,,2.575202940962,3.97201009664898,4.9578895953913,5.86213607813277,6.6981734279099,7.81865821546624,8.86544241660697,10.3786720341427,,12.0344633646114,,,13.2460116614019,13.5037768173767,14.7109515215371,15.1330111084301
696.399999999895,1.44665114530862,1.46809995134724,,,2.7065122721166,3.77358420219464,4.94389695806172,6.04090690632895,6.71795874544152,7.64802555699061,8.85423685300325,10.4327288934981,,12.2424177632309,,,13.2622070602178,13.4612405093909,14.7677282227336,15.3613659670233
696.999999999895,1.37741744385803,1.58730002150433,,,2.83814208634956,3.57583866610682,4.92943117841658,6.21948249271605,6.74794624379911,7.46283932457117,8.84307281257927,10.4868146801934,,12.4504395242305,,,13.2793047848262,13.4192374898155,14.8249198608662,15.5903074998925
697.599999999895,1.30244694811539,1.6983343506379,,,2.95605324301124,3.34896958470184,4.99819128145052,6.28000814899799,6.74611609489302,7.40888898061778,8.89098386348235,10.5179932795361,,12.6555777587974,,,13.2776594195572,13.3984301330598,14.8643496322291,15.7941357458497
698.199999999895,1.33617454113271,1.70858842070923,,,2.87168858265077,3.56907484308386,4.96309287111526,6.15589990661749,6.73823673338113,7.51233538216289,8.83552728434088,10.4226965565889,,12.448591637407,,,13.1792538208488,13.2836664124431,14.8053490184938,15.7406629860913
698.799999999894,1.36759922171852,1.71757755301116,,,2.78181686278591,3.72154870135514,4.96024030219835,5.89475639695184,6.80723334433565,7.63694484337626,8.74689942994671,10.2372441319916,,12.2404479863926,,,13.0032427430921,13.1978174159107,14.7142871881473,15.7105927569175
699.399999999894,1.39775824132793,1.72476514612086,,,2.68891851016193,3.86759727522845,4.96185607538769,5.72906548274231,6.86591586844939,7.83675185435313,8.65787943185964,10.0515185184328,,12.031668167042,,,12.8187101270992,13.1298672262631,14.6193067055852,15.6749819931556
699.999999999894,1.42815398003127,1.73228968469487,,,2.59658623469271,4.01484758284169,4.96263612565162,5.56302970817021,6.91744555231693,8.03675012996493,8.56893277718763,9.86584399994679,,11.8230073315227,,,12.6357713113777,13.062858997079,14.5250591363531,15.6404074866171
700.599999999894,1.45726455322502,1.73798492136447,,,2.50118068438551,4.15557358889326,4.94414252364031,5.47502609544084,7.04561170556161,8.13268904597188,8.41698836476699,9.67659217242018,,11.6137005239625,,,12.4722122711156,13.0525235109726,14.4268325263194,15.6002070627928
701.199999999894,1.54055658048915,1.65937536664764,,,2.4958310636281,3.97393269689854,5.02971790864627,5.54052586996819,7.19139487638147,8.05652627322311,8.48029125223922,9.58877329737244,,11.6801759710546,,,12.4094550319639,13.4017713339664,14.4187336385364,15.5549363277687
701.799999999894,1.62338821331035,1.58143163124777,,,2.4893804806558,3.86736669162951,5.13325594511165,5.73654496688093,7.23372013788446,7.96229382884918,8.62933901369474,9.63634074567845,,11.7464200067999,,,12.492838219223,13.7241624839781,14.366068614116,15.5407951119035
702.399999999894,1.70632805305279,1.50364191735401,,,2.48318865782439,3.76135001218467,5.23641196336894,5.84064940537349,7.28933973115887,7.81620809743759,8.77842030125326,9.68393155013241,,11.8127184313731,,,12.5769499502754,14.0337831665115,14.3137386124934,15.5271275807051
702.999999999894,1.78889360327872,1.42531944054353,,,2.4761017794187,3.65343320574538,5.34088938888785,5.94529912147146,7.34660477216755,7.67976235145463,8.92738562152369,9.73144156537004,,11.8788287240979,,,12.6585416364804,14.341914463801,14.2602497614879,15.5118215664903
703.599999999894,1.87599378418149,1.3534515475754,,,2.47985876995806,3.56853701243777,5.40649243053325,5.97710578554856,7.34657378241793,7.57412929762209,9.11302411125368,9.7464146335122,,11.9472182910573,,,12.7262903852556,14.544103400162,14.2208007211905,15.516366269493
704.199999999894,1.77389614413983,1.32439244724876,,,2.62005303491174,3.930753063615,5.41348707587903,5.98203622171859,7.26946318674904,7.55977765303885,9.07752140008618,9.71930593303384,,11.5982169404637,,,12.5931789435447,14.3976276094523,14.2602113611018,15.5083120434167
704.799999999894,1.67539816768546,1.29676443159533,,,2.76885533951453,4.25115229685676,5.39393598709418,5.95858447724085,7.127791518721,7.54405944564862,9.00724629550055,9.7155882966921,,11.251024914773,,,12.4881024327036,14.2264349531003,14.3997685229629,15.4713524217886
705.399999999893,1.57828644518918,1.2711096069323,,,2.92097265636802,4.57858901965335,5.3694908097314,6.01479861510195,6.98667594886908,7.52944439376417,8.93740069829533,9.71216987891632,,10.9045296719417,,,12.3923593976629,14.0597588912426,14.5436177087227,15.4404612404016
705.999999999893,1.48174457063016,1.24626590263398,,,3.07445267655737,4.9089186459392,5.34303381753253,6.0701825792371,6.83967865888127,7.50362639242471,8.86773165885354,9.70887446102764,,10.5583208559031,,,12.3004530780384,13.8953503871715,14.6892312183584,15.4120646150361
706.599999999893,1.38389986209829,1.21956774717752,,,3.22481717050752,5.23263427452572,5.33079221467862,6.09465964244283,6.70069819518834,7.46610004342095,8.79755226649169,9.80306456010937,,10.211457186996,,,12.2105588996157,13.7419380279657,14.8308109833153,15.3779647272397
707.199999999893,1.26280469518738,1.25887291644864,,,3.16889025530126,5.07955573237712,5.10353427585799,6.02533011779824,6.72534648469337,7.56418927752153,8.70206235515062,9.97311459289119,,10.470427598642,,,12.3904565610971,13.5325090373852,14.7401900040432,15.2838996130392
707.799999999893,1.13423396695924,1.28476940719078,,,3.09508668968761,4.94106876201114,4.92557878730542,5.93067474795992,6.88447064432541,7.65522597075944,8.62071886135082,10.0306364911018,,10.7256405149118,,,12.4591836661863,13.3805338658147,14.6109196514613,15.1980366468389
708.399999999893,1.00586758837211,1.31095676878501,,,3.02177179468113,4.80361919786566,4.74690185429313,5.82886708991177,7.05377197418687,7.72130447856233,8.53943868184047,10.0882024975207,,10.9809561449205,,,12.529286632028,13.2341574643329,14.4822819921393,15.1130682379376
708.999999999893,0.876975152110829,1.33639534098365,,,2.94719891399014,4.66349903691429,4.57008213715247,5.72782581046705,7.23281336073388,7.79329068287196,8.45799551224046,10.1456549560432,,11.2360073587533,,,12.5958477168585,13.0856877567306,14.3520155893334,15.0257969684786
709.599999999893,0.746216571415496,1.35917764708921,,,2.86816343708843,4.5139051630796,4.42437234391351,5.72383812883227,7.42054519919442,7.91040142042666,8.38686826308468,10.1668648680954,,11.4901205789038,,,12.6550936294315,13.0021127267651,14.2159713588553,14.9303564989043
710.199999999893,0.862838330461952,1.30739000184292,,,2.91926908876259,4.41254080498861,4.54968363430708,5.89476626992688,7.34505080795735,7.84979782643105,8.48209762006293,10.2117725476538,,11.6020020106531,,,12.6540338788588,13.1180420290959,14.2859475794987,15.1106799566213
710.799999999893,0.986106199035272,1.26905476953099,,,2.98626788487685,4.29683581549779,4.59564450060768,6.0346386748518,7.26575814365856,7.77550725198811,8.52710783046892,10.2655966911783,,11.7172240244847,,,12.6989054940713,13.1874804677673,14.315907262082,15.2509188005647
711.399999999893,1.10208256587765,1.22034082887216,,,3.0358301806854,4.14411461619887,4.66734758758661,6.10162010382779,7.14187839180228,7.92831347544989,8.56985889214621,10.3178469869616,,11.828781058032,,,12.6946843333525,13.2237777273239,14.3232914999544,15.3592384984246
711.999999999892,1.21823797339297,1.17188173433358,,,3.08582062461266,3.99230233900643,4.73841858193423,6.16834070028345,7.02515253524232,8.06833892415735,8.61266542655353,10.3701359281117,,11.9404280840884,,,12.6916686312571,13.2607874314558,14.3312300712083,15.4683419614955
712.599999999892,1.33301802093074,1.1214649552731,,,3.13252210756123,3.83350787688726,4.81615913822574,6.17084397879946,6.96658563824467,8.18323666680725,8.61772130605794,10.4764214746319,,12.0513838030058,,,12.6857755687728,13.2594795591631,14.3349103477704,15.5714246736094
713.199999999892,1.38530356624494,1.09001107843857,,,3.15387490722832,3.71425108250818,4.87887690284402,6.07800357805718,7.1108891218974,8.29443531710294,8.66971522593101,10.4004145404248,,11.9320811674879,,,12.5480003413336,13.2886949925132,14.4340465648156,15.4704492612254
713.799999999892,1.43362078314555,1.05228377904676,,,3.16573806237671,3.59672133359527,5.03171467643528,6.01456235781152,7.15433827553006,8.43021624241583,8.81832098737419,10.4520868292403,,11.8107839023046,,,12.4144786608648,13.3656263322679,14.5535769403619,15.4673499512189
714.399999999892,1.49396475448263,1.03167533682176,,,3.2063613433738,3.54024689014385,5.14209269644048,6.00477980053103,7.24532366954308,8.18708201324853,8.9706530356666,10.5063550552423,,11.6955317317426,,,12.3619316249287,13.4934954848555,14.7103437234089,15.5168987438854
714.999999999892,1.55473954793594,1.01168012589797,,,3.24801486892664,3.48595956841706,5.25094972414494,5.99436960703916,7.31335152431785,7.95452147707644,9.12311856691877,10.5607162728447,,11.5804961084187,,,12.3122852608157,13.6230789790786,14.8684443881745,15.5683334956543
715.599999999892,1.62135605644937,1,,,3.30363795386382,3.46132843525515,5.30799972162767,6.04151432528622,7.27241692686553,7.7013594892213,9.28545980065081,10.4905687831305,,11.4683967486125,,,12.2890213517586,13.7589445157303,15.0446317681546,15.6453408335913
716.199999999892,1.55207807264465,1.10898875089593,,,3.28146092708884,3.52331400957926,5.29101824899786,5.99759464883311,7.21079438226329,7.52290121109573,9.2441904710582,10.6378409745141,,11.4460409513813,,,12.2652128878765,13.8006655471232,14.9263378036244,15.8547695928582
716.799999999892,1.48390324524766,1.2203828167357,,,3.26192192853842,3.59511171084667,5.20199428099397,5.96713968322311,7.23466209076326,7.32434694277336,9.14283633649369,10.6307225797171,,11.4242396416674,,,12.3249883529821,13.730254525024,14.8152343515486,15.9625536641288
717.399999999892,1.40984094145987,1.32339666096718,,,3.22830393944859,3.63702091049839,5.13375570426506,5.87821703238696,7.23465411038125,7.29515503508853,9.03965806674844,10.6223333916086,,11.399479067087,,,12.3451241704787,13.6348408029758,14.6859025011835,16.0445648252387
717.999999999892,1.33472101689877,1.42490508999703,,,3.1921568136161,3.6735609675678,5.06925099586059,5.79083515923735,7.25412547347392,7.27794600639224,8.93615211106087,10.6137159193786,,11.3741868929232,,,12.3581391586098,13.5352185613151,14.5532961183335,16.1219461647841
718.599999999891,1.25592516970797,1.52118121842682,,,3.14721928651624,3.69143974904693,5.02879186702003,5.66132556131136,7.32647513048328,7.30600720097937,8.85635919604322,10.6363295363823,,11.347047063165,,,12.3494844163481,13.4094221443688,14.4093085973983,16.1832358519246
719.199999999891,1.25446466432885,1.46360837886827,,,3.19492407040097,3.82869302017817,5.06726955691321,5.7168017746977,7.42698246044029,7.31556019580233,8.85730339479146,10.5356911424141,,11.2599824343705,,,12.3002561558784,13.4014808674604,14.4603890665057,16.0259846304161
719.799999999891,1.25504557564806,1.40604945669025,,,3.24751058703105,3.95376420840277,5.14352800776455,5.75396262577513,7.49470739153231,7.37695601487789,8.83699302486552,10.5221903984802,,11.1739438976072,,,12.1388085944118,13.4833507712917,14.5066279451725,15.9078851682417
720.399999999891,1.25534680004803,1.3480924287345,,,3.29942827558799,4.07741553140715,5.22077387694535,5.83612283217811,7.57125491580564,7.45971932010507,8.81659599866525,10.508629285019,,11.0877647797836,,,11.9754779356175,13.5654394595074,14.5520008764903,15.7885613536748
720.999999999891,1.25663072563416,1.2915341755964,,,3.35369594226537,4.20605565844936,5.29455037702519,5.91685140627796,7.64012692325388,7.52062467098837,8.79650344583797,10.4952802845218,,11.002079604169,,,11.8187636819095,13.651438544833,14.6004163794352,15.6735393940429
721.599999999891,1.2539522136127,1.22933579703662,,,3.39848805135455,4.31457998120155,5.38354950159453,5.98317119037524,7.74629137677695,7.54362394235387,8.78003880489417,10.5673204950793,,10.9144027598632,,,11.6468180080431,13.8138419766064,14.6365636563837,15.5411715392221
722.199999999891,1.25873617382816,1.22119442763661,,,3.1904929212077,4.18064193785589,5.37752447480043,5.9014705713917,7.71238026763282,7.60448138784902,8.7924788126028,10.5755851129341,,11.1446874785611,,,11.8286879729032,13.8555470941196,14.6509842542736,15.4843201462352
722.799999999891,1.26352408412694,1.21836411587731,,,2.98250723702582,4.06471451938746,5.30164465855076,5.84447711507087,7.73154607788741,7.64956818599117,8.80742935757008,10.4459747932173,,11.3749741827751,,,11.9496478688047,13.9031339097479,14.6483243969546,15.3961388708084
723.399999999891,1.26919322009087,1.21678813889178,,,2.77662886792755,3.95326075193488,5.22265372658335,5.87726997418318,7.75953672016757,7.71236226886982,8.82265293543369,10.3165546832669,,11.6057038238227,,,12.0765409476964,13.9482421139523,14.6483929297511,15.3118152329059
723.999999999891,1.27421352720632,1.21428862027734,,,2.56919892484189,3.83851312463488,5.14595344694279,5.91100806911414,7.79317418012142,7.78899235697867,8.83767548463185,10.1869945256478,,11.8361073393306,,,12.199065542502,13.990768476911,14.6464526034223,15.2246512935739
724.599999999891,1.28301015943962,1.21716431495503,,,2.370799480068,3.74293647856631,5.04633869774635,5.91701683405563,7.77245508296722,7.9041249375039,8.84943871981524,9.93564990620664,,12.068408976462,,,12.3436394332971,13.9433839797282,14.6562042744369,15.1540185267625
725.19999999989,1.24078168861509,1.23734726624696,,,2.47805934034802,3.70911321888083,4.98397313729637,6.03548715434808,7.89275333358205,7.96482508021828,8.90119488146861,9.92391340918181,,12.0113715488207,,,12.2550957832859,13.85191321265,14.6151811133219,15.1517087062765
725.79999999989,1.20475210858176,1.2623379759057,,,2.6001428906899,3.69185321371367,4.96696365370247,6.06633089151726,7.79716422028185,7.98887541670139,9.01756918675324,10.0415488887844,,11.9574499144715,,,12.3900931337455,13.6838393446224,14.606394900543,15.1753898817843
726.39999999989,1.16742432305946,1.28548082257986,,,2.719121983097,3.66800270791503,4.9545374087223,5.98801736667999,7.6765786935658,8.02295954272609,9.13354126499432,10.1589041548338,,11.9028757537022,,,12.5163498278503,13.5075495323882,14.5935892734802,15.1933880564283
726.99999999989,1.13023328339068,1.30881831301656,,,2.83842808209406,3.64484640934421,4.94162839049876,5.90950462583987,7.54316921488206,8.06609624186807,9.24955571162962,10.2762889370461,,11.8483703264909,,,12.6435272148102,13.331803863783,14.5812070294966,15.211984847247
727.59999999989,1.09469508468382,1.33450845382922,,,2.96168669499033,3.63008096221509,4.96247430557818,5.91881572043947,7.44746691439151,8.06406415552288,9.33708951011394,10.4541799437599,,11.7946956786941,,,12.7628620528447,13.2218763586663,14.5739421976882,15.23781708476
728.19999999989,1.14302510893399,1.3021619528597,,,2.99332308384814,3.91772495947274,5.05219199828299,5.81806117936616,7.25511833936745,8.06343928977629,9.27607370211718,10.2939990726715,,11.6446188855625,,,12.7114905221883,13.1465531647067,14.7013127642632,15.2088200159438
728.79999999989,1.18959137495365,1.26327670044938,,,3.02074171723513,4.22897251355042,5.12267363175123,5.87784067359343,7.18233351838368,8.12361070540878,9.11460279447794,10.2014275814947,,11.4936555618417,,,12.4210392577428,13.1689000935701,14.8483192996543,15.1771214943019
729.39999999989,1.23666281588914,1.22511051295929,,,3.04936839841518,4.54278465053613,5.19137177470089,5.91357746248531,7.12790695720929,8.12429629165796,8.9532884067399,10.1089651307489,,11.3429461578448,,,12.1339892732476,13.2065683740516,14.996889922778,15.1476344172336
729.99999999989,1.28461241314902,1.18819429134877,,,3.08009505482446,4.86105485664672,5.25696963807363,5.9480349235508,7.07195420573797,8.09996306282427,8.79224610091432,10.0166922272871,,11.1926781479165,,,11.8528518062635,13.2477310432684,15.1481794329392,15.1219915414048
730.59999999989,1.3332103190323,1.15220087087986,,,3.11237204118319,5.18261628161781,5.25557735053041,5.92778949110583,6.96534920875943,8.06674775617363,8.63607392024684,9.9679207364086,,11.0427360020435,,,11.5948847837865,13.2194908059103,15.3014761915405,15.0991866896776
731.19999999989,1.37034365903752,1.14009425861056,,,3.08550816759299,4.96924960920813,5.10531638834239,6.01349537406546,6.91331568713503,8.07455916241102,8.53314913288649,10.1485926688964,,11.2078602160504,,,11.6678679450286,13.3171296830053,15.1965037796344,15.1689281728253
731.799999999889,1.3962573331396,1.11823051216795,,,3.03181419573068,4.64041154374279,5.0474969673738,5.96065305535987,6.95809419090441,8.04044903888516,8.50514314993007,10.1095088088115,,11.3673450082457,,,11.8452164914829,13.4069679154319,15.0437385186078,15.3001950320167
732.399999999889,1.42392608000821,1.09886493263982,,,2.98231720933985,4.32048332210082,4.98348136459298,5.95217537498438,7.00014836462169,7.99109556652069,8.4776809466564,10.0708037756297,,11.5277119653672,,,12.0343817250192,13.4930564451883,14.8964071928155,15.4391448660213
732.999999999889,1.45075550406805,1.07830466277722,,,2.93081311207507,3.9962941744761,4.92242894193188,5.94492044846122,7.05682924429597,7.95210760042098,8.44995869337951,10.0319175772563,,11.6876570475911,,,12.2178959022841,13.5758051138214,14.7464772136383,15.5744204956819
733.599999999889,1.47294807633996,1.05114430775604,,,2.86822069986486,3.64856547561421,4.91977613295292,5.95418835266878,7.1975301803813,7.92242311903997,8.45183256862996,9.88601503614045,,11.8452714754435,,,12.3808873220806,13.7251880085103,14.5821909337999,15.6893979268382
734.199999999889,1.49127908402328,1.14367291063371,,,2.83128355348629,3.72640362168192,5.02942690552746,5.84350482310283,7.33611985109589,7.8976958528092,8.48280591060155,9.74929409621589,,11.8150899859758,,,12.3340777501419,13.7690460078552,14.4645793368879,15.634403026136
734.799999999889,1.51545773231184,1.24526354059736,,,2.80833013652455,3.86986932985261,5.03675644356004,5.78219536889363,7.40904070550091,7.85139395474826,8.53617223452476,9.76602424814226,,11.787847738391,,,12.3140940959185,13.7414860653069,14.357855155129,15.5307008743362
735.399999999889,1.53824111177625,1.34486814782855,,,2.78204014965216,4.00625178338266,5.04901189661069,5.70661722434932,7.47692242481074,7.83657122312993,8.58910625796095,9.78245323570431,,11.7599041767395,,,12.2847162699191,13.7159133512239,14.2468110382795,15.420890818959
735.999999999889,1.56089642845744,1.44429047076135,,,2.75544392041145,4.14198411036455,5.0617194678325,5.63122564599415,7.54306321251984,7.82741702156392,8.64200060330565,9.79885458131692,,11.7318962459644,,,12.254476213099,13.6898310454735,14.1353704222742,15.3105201582587
736.599999999889,1.58886171757525,1.55127099737937,,,2.74154567019218,4.30467316875737,5.07329335603392,5.50788586343163,7.48841427606274,7.84286228195995,8.68971741059206,9.99035084733614,,11.706557305064,,,12.2395886717582,13.6254841717728,14.0403701766515,15.2233943368374
737.199999999889,1.37234397661029,1.44624087023952,,,2.75606138562833,4.28069488198564,4.95101580393733,5.46431612565354,7.38572154845685,7.85437491756094,8.78787057920393,10.2235192392768,,11.6833490868483,,,12.1853266787343,13.5326438593513,14.1375989768767,15.3581519170966
737.799999999889,1.15763744317871,1.33778363973655,,,2.77490832427541,4.25766196959671,4.8750078802891,5.47823746986247,7.27480866869157,7.86896058871366,8.83331084792073,10.4980480207456,,11.6610512490062,,,12.2071919035131,13.4505646381354,14.2512403781726,15.4701510452173
738.399999999888,0.9437584753147,1.23050436433432,,,2.79573425816985,4.23883029610077,4.79607828478385,5.59061765407042,7.17923262315082,7.90004406264669,8.87900752384814,10.7727554296499,,11.6391693764345,,,12.2346290245297,13.3664252681705,14.3674440308963,15.5857729093897
738.999999999888,0.730345101158914,1.12388781404477,,,2.81767358751224,4.22236226661414,4.71550493790464,5.70231954564194,7.07024305988179,7.93082974585388,8.9248484561261,11.0475633354935,,11.6175215285979,,,12.2652009301815,13.28413860411,14.4850892227434,15.7034329481565
739.599999999888,0.510924191825838,1.00872015072064,,,2.82524682426896,4.17539624224168,4.61198442151004,5.89667326324573,7.09891526132888,7.97967852589983,8.95092953737155,11.1058160789062,,11.5928540698781,,,12.268225456316,13.2043424964586,14.5841342985672,15.79479450961
740.199999999888,0.629124224053838,1.04187658935144,,,2.85785941120663,4.27585848754761,4.78565052957387,6.13170625892899,7.14694889812768,7.7990441315167,8.94878727904575,11.0638072841338,,11.6566718660299,,,12.4163709392478,13.3396405793894,14.6455656652753,15.6795576526243
740.799999999888,0.738189827875296,1.07002509912819,,,2.86862842316568,4.38094995573516,4.98626216735212,6.31690375924729,7.27096206704212,7.64228315076012,8.92557143263655,10.9515366234208,,11.7158983583098,,,12.5155859779749,13.5168961874991,14.6639336601718,15.5353934078158
741.399999999888,0.845047663237298,1.0950310758885,,,2.87411789781696,4.47483341445773,5.1946682026361,6.31239006029276,7.36910856014215,7.47640023175054,8.90167154643739,10.8387894228087,,11.7740151439511,,,12.5999363857563,13.6872101845348,14.6754661146507,15.3815644757408
741.999999999888,0.951203924301534,1.11903843325745,,,2.87792966588476,4.56515524453993,5.40555110497283,6.30889843845808,7.48197937322582,7.31661162981922,8.87755428928574,10.7258907895884,,11.8317792922257,,,12.6795631808895,13.8547324538872,14.6848264031826,15.2246643447116
742.599999999888,1.06323374103643,1.15140619751083,,,2.89578713523963,4.6852949059821,5.62731989518386,6.2470563203097,7.47329137148992,7.12727477778807,8.86463000464333,10.7219898010858,,11.8924957082946,,,12.7782140285208,14.0367468219638,14.712371989631,15.0934761847313
743.199999999888,1.05708271849148,1.15491358811204,,,3.04620586092255,4.5078957982744,5.49847304896485,6.09207821212905,7.5190222706593,7.24878076966131,8.81210215229858,10.6474705004133,,11.8503934129891,,,12.7611701263675,13.8935583733148,14.6496851420978,15.0249732537455
743.799999999888,1.06592215844866,1.17789145769778,,,3.23247196266223,4.3303417365116,5.27118660116054,5.9128187973336,7.5007245540957,7.34823514596535,8.79997053588312,10.563928124619,,11.8158258823304,,,12.59664377373,13.7303497686573,14.6424637789,15.0077757990109
744.399999999888,1.07714580915225,1.20426300788414,,,3.42443953618959,4.16489141528786,5.03548283665954,5.97103184902962,7.5135199015599,7.45469652733867,8.78857762692491,10.4809003732221,,11.7824567447739,,,12.4481700160075,13.5914855221643,14.6426242445569,15.0010154221057
744.999999999887,1.08947579257532,1.23220930975466,,,3.61905273355591,4.00505752886222,4.79587322915523,6.02763315786211,7.52096244698902,7.53316706936729,8.77752749648321,10.3981114202673,,11.7496436912389,,,12.3071450591365,13.457023631476,14.6462100612663,14.9990981072993
745.599999999887,1.10011723694903,1.25775214866603,,,3.80962805056004,3.83665156524149,4.54083976438345,6.16620262791183,7.54945509570793,7.64406639483843,8.75265974299917,10.3586251906516,,11.7159819151013,,,12.1705104720701,13.3163096332271,14.6445679398445,14.9897890744968
746.199999999887,1.06741287686074,1.27849245803622,,,3.59533128668732,3.91284925290647,4.55443090966184,6.37316080600478,7.54726488654116,7.71625219459571,8.75313039819427,10.4171061348913,,11.6436119552307,,,12.2705983762931,13.4059622146109,14.5346632124671,15.0462027881812
746.799999999887,1.03695514058065,1.29511307775426,,,3.38640697663154,3.99201858318341,4.62395198186087,6.43656881201738,7.43784164837356,7.83746590056766,8.74827302192314,10.5137667505191,,11.5723712321406,,,12.4160598096355,13.4903412634358,14.4214754972186,15.0959190745716
747.399999999887,1.00457886261474,1.30900284923902,,,3.17289477042959,4.06144819945034,4.70024635335899,6.2584022487149,7.29013565607022,7.95519706527496,8.74282121789751,10.6100132549581,,11.5001661785583,,,12.5486039399954,13.5400485256058,14.3023477255393,15.1372367875823
747.999999999887,0.971169371188127,1.32142194683997,,,2.95691179380363,4.12563257987419,4.78018842459101,6.08174090566694,7.14341494395647,8.10319835946069,8.73704929012335,10.7060367435174,,11.4274417934168,,,12.6741915723955,13.5856443905452,14.1800209896128,15.1740315240387
748.599999999887,0.936217577092005,1.33164573403969,,,2.73724063853344,4.18198727016074,4.89944857147839,5.84044519337356,7.07243752875205,8.22306603858479,8.75265998509529,10.7336768307044,,11.3539421895227,,,12.7869003632454,13.6247049096823,14.0529190825471,15.2040747042299
749.199999999887,0.979799037144402,1.33865146573181,,,2.89951498946609,4.17825478243443,5.02494296004059,5.53233076256594,6.90908154261568,8.12713804377416,8.81010999128298,10.8378285602768,,11.4388484616632,,,12.6407255844021,13.5919507768133,14.2228808458281,15.280153350465
749.799999999887,1.00780766697867,1.32498215111731,,,3.02454932200317,4.19619768067843,5.17995497130603,5.50759417635183,6.90760701707744,8.03094356392553,8.85891708173845,10.8542827947688,,11.5159272494714,,,12.5610688373745,13.5886130061386,14.3318365305276,15.3571075589984
750.399999999887,1.03816999557808,1.31466308641358,,,3.15521216163688,4.22608942165037,5.32665738664504,5.6436090212019,6.92908001581622,7.90621179180887,8.90845342602145,10.8712450677293,,11.5941890939239,,,12.4972592519586,13.6143187516612,14.4480795749859,15.4443652766796
750.999999999887,1.06932019850261,1.30546548038007,,,3.28775908104151,4.25998090401863,5.47057825772877,5.77847606412963,6.94373688758186,7.76463693661068,8.95823387986354,10.8883774008879,,11.6728469533504,,,12.438754326561,13.6431596327984,14.5667619815829,15.5350719787536
751.599999999886,1.10169318244804,1.29800837829995,,,3.42323009241395,4.30007998538068,5.54607699247346,5.91429588990982,6.89210589630639,7.61088716090344,8.96869768403862,10.8735201596268,,11.7521194280508,,,12.3899518598666,13.6667174927406,14.6892302784309,15.6311315049041
752.199999999886,1.04827430467593,1.24196474637263,,,3.38890758347215,4.36051108311908,5.39546435757658,6.04077785637747,6.95818514837104,7.69614895447167,8.9613553956184,10.5105038927026,,11.6787720942744,,,12.44597365288,13.715629784647,14.530181553857,15.4980044941105
752.799999999886,0.996710789850983,1.19700285207796,,,3.35902188848693,4.39356522504571,5.23834454290609,5.9930398557231,6.98504637075923,7.72039051028179,8.92872531885039,10.2192266871102,,11.6063573349828,,,12.4709974177947,13.71787692168,14.4415075903415,15.3983171719414
753.399999999886,0.942569633415839,1.14837194809606,,,3.32297216167635,4.41353365072312,5.09032494128276,5.90597245514414,7.0224622948851,7.80329038568062,8.89529660333921,9.9273931056873,,11.532646957034,,,12.4786662417478,13.6957026723019,14.3448529106875,15.2873460124948
753.999999999886,0.887788291296402,1.0988298051471,,,3.28539152967069,4.43025209464439,4.94456547780033,5.81983769870533,7.07682846342626,7.8881358674904,8.86166953710108,9.63542134219558,,11.4586147979216,,,12.4820247749662,13.6709809748415,14.246216132277,15.1735723877779
754.599999999886,0.830771851820387,1.04610622928509,,,3.2424660075204,4.43562379056692,4.85878264415938,5.69403448023067,7.18415603096876,7.93792097357713,8.87107937481314,9.42178789809205,,11.3834591956492,,,12.4836594995022,13.688099450594,14.1406591996055,15.0500144413067
755.199999999886,0.793250318573601,1.09863909672227,,,3.19435655381103,4.31433356337276,4.8895121855099,5.6158103024793,7.3194369437186,7.85917571854835,8.85534687280308,9.4670506213819,,11.4539100610411,,,12.3703730276732,13.5343098176368,14.2130307542522,15.3094174119064
755.799999999886,0.765716516452478,1.15737445628189,,,3.1701312165951,4.12882792818732,4.92820533547798,5.5902575169929,7.5136824270658,7.81075155242632,8.89955551324263,9.44661822834671,,11.5293811320366,,,12.2110377735326,13.430221612515,14.3002878126827,15.5352742876504
756.399999999886,0.738703478485729,1.21685107045057,,,3.14715120642868,3.94596601657851,4.9650599580448,5.46060271343638,7.68584549675173,7.70389541771216,8.94392550367491,9.42629824060537,,11.6051139584879,,,12.0552087597703,13.3397705209487,14.3891572251633,15.763410851121
756.999999999886,0.712204242964599,1.27705902994812,,,3.1253998754604,3.76571248659317,5.00010063110803,5.33019938508674,7.84103986302256,7.59893931380548,8.98845468712118,9.40608915550783,,11.6811050411809,,,11.902839114087,13.2513639690947,14.4796174373345,15.9937966268827
757.599999999886,0.687071433339048,1.33921195721392,,,3.10691614099352,3.5923957865631,5.04833654946728,5.26672820710279,7.96025827812276,7.57510462430515,9.03326380013101,9.43226851538308,,11.7577829404107,,,11.735384893791,13.1563664004472,14.5743082831091,16.2301640439256
758.199999999885,0.714549710665117,1.29595112738497,,,3.05976449500708,3.70590087724131,5.21418654710508,5.20530935089111,7.93310018992012,7.56362125584418,9.07579543319816,9.43531292421719,,11.6824024644807,,,11.7330542184495,13.3172409292702,14.5600531042432,16.1918298752922
758.799999999885,0.739595907760786,1.25453065949666,,,3.00679690472537,3.93716034395859,5.22978482565227,5.17159799555566,7.69107788556574,7.57156733043417,9.10441796504394,9.57856914091692,,11.6057995344292,,,11.8163203185255,13.4098182180492,14.4532772304573,16.1648729554118
759.399999999885,0.766981639273434,1.21644028001627,,,2.95942394968921,4.18029674634549,5.23712351465079,5.32777543745862,7.46587598394877,7.59907501249271,9.13376536213129,9.72233033879788,,11.5303725414932,,,11.9153382134028,13.5048641197491,14.3537448617387,16.1481575390764
759.999999999885,0.793972489960065,1.17778782799216,,,2.91110669814216,4.42142848741006,5.24585630732562,5.48452815513604,7.25029114239674,7.62864513857953,9.1629904120609,9.86600630289303,,11.4547470667498,,,12.0116974247021,13.5983386985852,14.252989890245,16.1297134995805
760.599999999885,0.825056421404455,1.14496145857705,,,2.87257741710071,4.68333925886455,5.18425837778751,5.73158211314614,7.04776228821446,7.61909434271507,9.14518397713366,9.86491820590508,,11.3811789268097,,,12.1507362112782,13.6085274561765,14.1649076330575,16.1291872563643
761.199999999885,0.975296390479525,1.25287067074718,,,2.96127591908864,4.663354082563,5.04312436412173,6.07151922628061,6.95930649541849,7.5837805938525,9.14384891741743,10.0882357084656,,11.4370636805246,,,12.2513982109702,13.4987836046083,14.1943010975808,16.0929930995316
761.799999999885,1.11913420261395,1.35349122410988,,,3.03466465145814,4.58730988181468,5.10178881648788,6.30769484364516,6.9978921429376,7.50616537854672,9.1368134530273,10.2361267049406,,11.4897304717768,,,12.3992166950351,13.4791833428004,14.2646083312244,16.0141362440433
762.399999999885,1.25857574733141,1.44785413960592,,,3.09754038925004,4.48894748612118,5.17597403405116,6.36333080485792,7.02100257199539,7.47632482300354,9.1284158793932,10.3830687808902,,11.5401875353209,,,12.5174356563853,13.4457591042511,14.3213041449526,15.916034367838
762.999999999885,1.39826097857692,1.54256391799744,,,3.16099886573933,4.39182219520805,5.24929893057015,6.41861175526219,7.03424424297196,7.44925864375574,9.120093807916,10.5300634558114,,11.5907670847882,,,12.6372953288756,13.4133045512064,14.3787544440997,15.8189992493695
763.599999999885,1.53355753199432,1.63102686152692,,,3.21396249698069,4.27241723884027,5.3750405689623,6.30076631252065,7.01382851612749,7.43605880374608,9.17473045040191,10.7084538905014,,11.6391407213575,,,12.6934706926443,13.483779319719,14.4226168216813,15.7027523342335
764.199999999885,1.46601582139143,1.61521307272708,,,3.08477922155615,4.30851365628201,5.48255585649289,6.06392209129117,6.89993572303545,7.49194450545652,9.237755821201,10.7002198184387,,11.5309867563325,,,12.7031346329831,13.5918510760303,14.5431111603019,15.6281446761845
764.799999999884,1.39880760379325,1.58996004510519,,,2.95639344320676,4.34778657285799,5.54753053195957,5.95902888466189,6.91117296705629,7.57210022162761,9.26198392894547,10.617707948057,,11.4230004172994,,,12.6286529104426,13.6427257173862,14.6597235567304,15.5847500055614
765.399999999884,1.33479791727784,1.56925979994978,,,2.83565645796755,4.40329722782872,5.60121298037792,5.94797909444306,6.93735643607439,7.59589332876685,9.28720304754222,10.535886470547,,11.3166217790926,,,12.5757065005756,13.7018540845072,14.7862390244655,15.5553571667493
765.999999999884,1.27047098027589,1.54810798111388,,,2.71416081718525,4.45719732149093,5.65601546309639,5.93739148547763,6.97289908433401,7.61966368081579,9.3123238714314,10.4539965155161,,11.2100836789778,,,12.5206240825686,13.7597200379831,14.9117722431278,15.5245755379464
766.599999999884,1.20741264817244,1.52876189184312,,,2.5956988490971,4.51753764472564,5.69560792669596,6.0636248647367,7.04468444494687,7.66985211908363,9.30894544286912,10.481734565525,,11.1041832269241,,,12.5089076134372,13.7410987546061,15.0412332287699,15.4993473309977
767.199999999884,1.30052280672678,1.66748018295546,,,2.89148204712193,4.54701692406884,5.77665258524402,6.20395647095821,7.25013559533031,7.71263469832796,9.20142005277437,10.3033975778905,,11.1567880625321,,,12.3571489056214,13.6037084954291,14.9572929133198,15.4133280984728
767.799999999884,1.39573947700833,1.81965928966775,,,3.19230264262514,4.5784708803055,5.81471280867859,6.30815803261892,7.32612658109055,7.75139758114084,9.13993997692445,10.2444401414367,,11.2104517093901,,,12.2104648146911,13.5262100650053,14.8903204394764,15.296747440903
768.399999999884,1.49233577701152,1.97380215844879,,,3.4964224095406,4.61692869735082,5.84790233001045,6.50681507395421,7.39021864630542,7.80852019430894,9.07888735606223,10.1857804937472,,11.2648088095195,,,12.073069599397,13.4567262030449,14.8276194800139,15.1862062254368
768.999999999884,1.58912116083798,2.12821416874927,,,3.80099434121771,4.65634642179657,5.8804243019558,6.70519665160188,7.45638721021593,7.85778145142261,9.01789331963064,10.127161659207,,11.3192609502195,,,11.9369474620107,13.3879947496974,14.7655039488422,15.0764927398948
769.599999999884,1.68614700709612,2.2829684527732,,,4.10614130166367,4.69698488349895,5.90878864964867,6.75174428771716,7.44920039044216,7.83679896753603,8.95997706034328,9.95954929403063,,11.3738339562917,,,11.7929945149037,13.3955928405073,14.7041329208647,14.9678318983437
770.199999999884,1.49147971329857,2.17559818622582,,,3.88063097781039,4.70238836024067,5.7752413394698,6.76690282831267,7.40051002692415,7.87709782961721,8.93633910611626,9.98112620445406,,11.3277700200115,,,11.8838672922776,13.4999294476352,14.640403062263,15.0261065170445
770.799999999884,1.30309166752351,2.07351117428443,,,3.67013650588174,4.69561592834321,5.61486825182164,6.64229281903225,7.29195627091731,7.96192240204189,8.86940147567082,9.80048373699359,,11.2848622676174,,,11.9680996070001,13.503249870951,14.5872206263371,15.1169011314193
771.399999999883,1.11158498786419,1.96698510537955,,,3.45218430265396,4.67301136604653,5.4655053188235,6.32597053644958,7.18831104779642,8.02192257820499,8.80149758915499,9.6191681221668,,11.2403869737041,,,12.0313345469414,13.5060225079404,14.5243824912966,15.1940436705207
771.999999999883,0.919934719849537,1.86025465310934,,,3.23388873004991,4.64967785971591,5.31664931612137,6.00985743819927,7.0866310818805,8.08424852953438,8.73354921421126,9.4378215142446,,11.1958395069366,,,12.0936027243125,13.5082237733925,14.4610997878949,15.2705576398353
772.599999999883,0.725333113568529,1.74932327210978,,,3.00853548778019,4.61136151987744,5.15626065452624,5.87090840364576,7.11950148884484,8.18928451887523,8.63247131706587,9.32872089321377,,11.1498085876572,,,12.1588416754173,13.4506189180755,14.3886793545328,15.334151884146
773.199999999883,0.83990254618506,1.69589371748465,,,3.17470383242152,4.47495897993938,5.29244523160004,5.76629654293661,6.97482987612197,7.96216791066344,8.69057926661564,9.24423835729767,,11.4519590273728,,,12.2386805635548,13.5857905342607,14.4421837619945,15.4615958212459
773.799999999883,0.94015519755911,1.61835272420818,,,3.30663580570663,4.33003016415577,5.53173244328032,5.89838964738882,6.99023720699818,7.70893552689101,8.81081283702153,9.47411855093833,,11.7469133197581,,,12.3370254260714,13.7879033555482,14.4567584737616,15.6420134825421
774.399999999883,1.04333839441635,1.54498306325618,,,3.44557572592764,4.19997862475863,5.7606735354266,6.23739881826127,7.01536628997986,7.47628834790624,8.93195438748614,9.70463129367714,,12.0433406134283,,,12.4551012875282,13.9925326132337,14.4804065383092,15.8352598467532
774.999999999883,1.14688619525181,1.4721323788459,,,3.5853875402539,4.07177804252361,5.98832741453809,6.57587682177284,7.02860924057484,7.24482981933908,9.05320890433832,9.93522273503926,,12.3399511706347,,,12.5756319823057,14.1986127151442,14.5051834645442,16.0301022947436
775.599999999883,1.25441861277435,1.40495338951277,,,3.73472795001172,3.96380585941713,6.23661885118739,6.77996514635634,6.92502788696775,7.00268201496473,9.22645194500584,10.1133709406181,,12.6385645445636,,,12.701820035952,14.4160539113964,14.5422972861116,16.24238772866
776.199999999883,1.3194615203393,1.61029789017734,,,3.61708102858361,4.19297396351489,6.17196197630754,7.01191972643946,7.12793565682893,7.21646590473274,9.25571825102904,10.1697122493062,,12.2977179272529,,,12.51337398197,14.3633416109713,14.4087182586032,16.0247309716204
776.799999999883,1.39456048990087,1.83054427073109,,,3.52348162635148,4.41842416106828,6.03516442344204,7.16971448341672,7.2685754505318,7.38950104289198,9.24168677037333,10.0421509965143,,11.9619258610395,,,12.3235443189117,14.313472023824,14.3129947575624,15.7634646773073
777.399999999883,1.46679023505501,2.04670660325104,,,3.42302091706585,4.62930838625764,5.90849649963974,7.1510186537847,7.38804176661165,7.58292372916347,9.22676630896292,9.91397043061119,,11.6246916157972,,,12.1143965241122,14.2460116614444,14.2083877618284,15.4896381181166
777.999999999882,1.5389261361854,2.26273535838341,,,3.32233579429047,4.83971620066085,5.78215988667832,7.13245953926382,7.50838239937103,7.77828835969273,9.21181677156597,9.78576960877037,,11.2874102010542,,,11.9046168891513,14.178177871816,14.1034902127012,15.2154007490252
778.599999999882,1.60602573421153,2.47159545018716,,,3.2096071304371,5.02455659984566,5.67481334655836,7.03677084692643,7.69042335725564,7.98386768752032,9.16077767076275,9.69562859294826,,10.9475973528336,,,11.665639373271,14.1227029911097,13.9829996093009,14.9191165505733
779.199999999882,1.53278363687638,2.27543659254877,,,3.05169095872724,4.86397990162888,5.56531170937387,6.98458684772963,7.70693878545136,8.0257234434983,9.07512321570223,9.78538044518058,,11.0778881755399,,,11.8160159388826,14.0137684717929,13.9659620040384,15.0912338572613
779.799999999882,1.46355483167318,2.08506042577562,,,2.90337195540375,4.73038645910002,5.41251660210646,6.77944740943367,7.61674597770486,8.07614268300007,9.01439732843543,9.88867121802093,,11.2101962284212,,,11.995143064591,13.8801576334204,13.9049644280497,15.2346674863113
780.399999999882,1.39486801377564,1.89545572260232,,,2.75634903101839,4.59954448212168,5.25780804032873,6.6333597422319,7.5447040302914,8.12265072412461,8.95383936679034,9.99207897712106,,11.3427767043044,,,12.1779193235423,13.7487859579542,13.8456449157602,15.3804737091766
780.999999999882,1.32616079149316,1.70582197587007,,,2.60927731269764,4.46859891976111,5.10317151503943,6.48730180083969,7.47060040911328,8.17189757326226,8.89327508319103,10.0954823319988,,11.4753469241839,,,12.3605582023028,13.6173330886837,13.7862622288214,15.5261906101756
781.599999999882,1.25883421808036,1.51815344185773,,,2.4655072029243,4.34466239204189,4.88915248868556,6.47237389785464,7.37382219836278,8.21814195091885,8.84353954147293,10.1838767272996,,11.6086111095966,,,12.5439357948351,13.5025868138237,13.7311542116774,15.67795141469
782.199999999882,1.22040453878707,1.55201267104795,,,2.64656569526053,4.34822941380128,4.84558296645261,6.33041028197956,7.23031277014345,8.18660919517188,8.88903234226139,10.3073619669914,,11.643357878246,,,12.5009842634983,13.5665047594556,13.7211232737734,15.5638239086235
782.799999999882,1.17032175949401,1.57897219603877,,,2.7997575986774,4.33915523181897,4.86294765375068,6.30105387848055,7.25641936228384,8.16377486595394,8.87846528032312,10.4310395461248,,11.6722473648855,,,12.3705535879804,13.6569746107499,13.7511002145524,15.4588058473106
783.399999999882,1.12045329145962,1.60623677122988,,,2.95346199437163,4.33116902744035,4.87955572767992,6.20153192943001,7.27335262183317,8.09663444288614,8.86796461910012,10.5547633836706,,11.7012445723439,,,12.2415658435592,13.7592168046683,13.7817406910827,15.3547259510985
783.999999999882,1.07058126114447,1.63349627587798,,,3.10715787142157,4.32316473870313,4.89617637803319,6.10201517001676,7.29192038845312,8.02792033648159,8.85746285416455,10.6784864523094,,11.7302399892674,,,12.1125541147439,13.8614448234434,13.8123701383249,15.2506304607106
784.599999999881,1.02467443637447,1.66639984582429,,,3.27033592515491,4.33529030603306,4.99822181036131,5.98330645655484,7.3391743114323,7.9836332341488,8.85791084084443,10.8314411413615,,11.7612284661507,,,12.0215203353202,13.8763797199599,13.8552763814609,15.163892982385
785.199999999881,1.01362920996491,1.59458169970161,,,3.08831178033475,4.23253998461899,5.04757704259969,5.93639775301643,7.41583579627541,8.00013148345872,8.85804468482007,10.9223838391765,,11.8647941103883,,,11.9670722053661,13.8985115759895,13.92960560276,15.3145587419766
785.799999999881,1.01224216862426,1.52522154415099,,,2.92938369343279,4.10415344251012,5.07794846881791,5.87750367442983,7.39419588190276,7.99801022628505,8.94326249790435,11.0017124299836,,11.9732143180952,,,12.0608274744885,13.8236525683865,14.0115452437271,15.4943532800407
786.399999999881,1.01251012849432,1.45821711386774,,,2.77441328633141,3.98416871859823,5.102477009996,5.95075559232832,7.37821176556923,8.01926974122894,9.028993085191,11.0813982476001,,12.0824663910381,,,12.1657256613145,13.7462214924911,14.0986089852782,15.6813927214627
786.999999999881,1.01305215720564,1.39160279260119,,,2.6200982725373,3.86557533903514,5.12603796714876,6.02360823749978,7.36467283102761,8.02971542091773,9.1148085880814,11.161143222115,,12.1918562211861,,,12.2724691196236,13.6698810004049,14.1865212798708,15.8696319216861
787.599999999881,1.01338422309744,1.32468961069551,,,2.46528116508652,3.74591605726641,5.04951604466099,6.08026951472266,7.27559099535988,7.94802463230872,9.19719829182778,11.1590359866472,,12.3011405162026,,,12.353110011324,13.6982033477028,14.2737835020645,16.0569519924691
788.199999999881,0.94873068310562,1.3936775566298,,,2.5663959284336,3.84233890801665,5.03730315884347,6.16457062485878,7.18801634837713,7.77674805653174,9.22894569581096,10.8939359597855,,12.0517202487168,,,12.4046994637627,13.6913254905083,14.3661780848727,16.1009151393033
788.799999999881,0.891029354602224,1.47519918289871,,,2.68413583195234,4.04860761975736,5.01567377213532,6.23852911370944,7.04329463844236,7.66536486703107,9.17638889335054,10.5780183986398,,11.8057944215405,,,12.3342294130383,13.7854835408592,14.4343777458604,16.0535614849952
789.399999999881,0.830736941947679,1.55303266539458,,,2.79567955788508,4.24172237254994,5.00319205658246,6.17430126860514,6.88517849264499,7.57575408212135,9.12302928719029,10.2615415601095,,11.5585662189854,,,12.2463139143677,13.8655983298148,14.4945550708201,15.9948651475565
789.999999999881,0.769562003783008,1.62960996292104,,,2.9051128603557,4.43035687550626,4.99382604576135,6.11135911647226,6.73467097749053,7.50503693119623,9.06939624539915,9.94487423122028,,11.3108944262463,,,12.152456481001,13.9422013440282,14.551999981171,15.9323054824099
790.599999999881,0.704937828042132,1.70127762287953,,,3.00629784385565,4.60148089756572,5.10427460641404,6.25134323514623,6.7301523592472,7.52614587637736,9.00500396390868,9.67911002516496,,11.0614889182617,,,12.0937333587342,14.0111929912981,14.5987656000628,15.8546464972478
791.19999999988,0.896894311537009,1.60858407218176,,,3.03149786098273,4.57225206411064,5.20070338795148,6.36467455291769,6.7182498256652,7.66258093270766,9.03104949080776,9.76121590609855,,11.2644744417824,,,12.307232491768,14.1115782445388,14.5466166578662,15.5550802972011
791.79999999988,1.07105199897761,1.48738997802669,,,3.01413480601634,4.40198345409202,5.32377597722262,6.50892534887709,6.80717423037923,7.74280067165072,9.10467521358884,9.94174765057142,,11.4585136276951,,,12.6244304999997,14.1901549373574,14.4809864981485,15.3646829865556
792.39999999988,1.24772475836571,1.36977583203248,,,3.00278615719008,4.24448291767892,5.43796925197653,6.77259873632871,6.92105210074631,7.78171924550355,9.17908018896508,10.1228222654435,,11.6538169824226,,,12.9585621754581,14.2825544568637,14.4231433307163,15.185295609406
792.99999999988,1.42505150284599,1.25309256705374,,,2.99300141271174,4.09030241742183,5.5498536705865,7.03531937621265,7.03629354172994,7.79943356990162,9.25368779058183,10.3040380409433,,11.84944905441,,,13.2970970513516,14.3775563355113,14.3673249868153,15.0087711055652
793.59999999988,1.60004504591284,1.13308822805215,,,2.97763717738779,3.92427713179528,5.55231976114881,7.00831014139465,7.03248605524363,7.8145595966644,9.33399612955286,10.5465424692266,,12.0439083724853,,,13.5632379911356,14.4452000739204,14.3042827456396,14.8220328214254
794.19999999988,1.3677266323172,1.18684742754528,,,2.94451474006356,3.88984451747806,5.49897422900993,6.8803210385677,7.0922832711544,7.71254366085464,9.25925994733758,10.3934303563515,,11.9715933090608,,,13.3528521462688,14.5308915699672,14.303016273902,15.0261106111209
794.79999999988,1.14737868491922,1.26438459955364,,,2.94001782414928,4.00641073059516,5.45363862659513,6.78366750977051,7.06314189912371,7.63211700028425,9.17603571238707,10.3239830930297,,11.9052950476803,,,13.0359811220672,14.6780002467901,14.339766013586,15.136254066124
795.39999999988,0.926374558379414,1.34098776754223,,,2.93395175715626,4.11964576921021,5.41061962629828,6.65163553481915,7.01201200864224,7.56577984459071,9.09260817140437,10.2543941955177,,11.8386669662289,,,12.7146921251294,14.8320501857178,14.3744841366739,15.2435250431573
795.99999999988,0.705293458432182,1.41748137174332,,,2.92770162014697,4.23249004280818,5.36787237611744,6.51971569732277,6.94762496179253,7.51541195026907,9.00915678151081,10.1847886835376,,11.7720001950766,,,12.3928848757955,14.9857938295151,14.4089639400071,15.3504590627946
796.59999999988,0.49448066686958,1.50859086467076,,,2.94600655682405,4.39746265312974,5.35331792372114,6.48667055282378,6.88563853991952,7.41569494833763,8.90573823087852,10.0258936093881,,11.7104946580805,,,12.1297840660394,15.0559800322832,14.4752357714651,15.5023434434587
797.19999999988,0.629392380271472,1.57901744276612,,,3.12101667570804,4.6298793702031,5.3633816515152,6.59566819231899,6.81277551267918,7.37529113812333,8.98175922435177,10.2490474722341,,11.7545471195309,,,12.1278492662722,14.8159675662115,14.4818048560678,15.4221413918151
797.799999999879,0.751348477275948,1.6283809490435,,,3.26504543868058,4.71324178732267,5.29613118758623,6.62609438355857,6.81175551760652,7.31941869143016,9.03212272524942,10.2891768170522,,11.7920876057367,,,12.1962345111616,14.4635742556988,14.4388986666632,15.4647382255371
798.399999999879,0.873218529501287,1.67762197936129,,,3.40886843885237,4.79616738746869,5.22918449969617,6.68725575371476,6.82197026469626,7.28181676923985,9.08245956662049,10.3292875893388,,11.8295848426325,,,12.2640404272671,14.0994478683485,14.3957260713469,15.5069583912265
798.999999999879,0.994945002550555,1.72665863937949,,,3.55234809159866,4.87836409018036,5.16274470969531,6.74862629487496,6.83593638018757,7.24470283505091,9.13275192240767,10.3693673705113,,11.8670099112879,,,12.330879642605,13.7347501459827,14.3521089360895,15.5485500273122
799.599999999879,1.1093639827459,1.76529382931901,,,3.67835300373829,4.92346340218019,5.09102023765181,6.80121448071027,6.86157300852107,7.23735943362001,9.21856063046411,10.4297522231084,,11.9007619619251,,,12.3768934092387,13.4475367547117,14.2858668455201,15.5581525148761
800.199999999879,1.09209494607841,1.68994511880807,,,3.43117013433487,4.87464890548874,5.02493891160858,6.77997781387534,6.88382044745929,7.35646500128059,9.11267788843239,10.4314728243074,,11.8704133407714,,,12.4131583912924,13.4238503326236,14.2554761609035,15.658832030088
800.799999999879,1.08404277578332,1.63173869952967,,,3.20602797741627,4.88342872762015,5.07542285805024,6.80201957403441,6.93269439172891,7.53596880317956,9.07440121027637,10.5301812779988,,11.8446974598663,,,12.4139246895941,13.4263084763885,14.2485454982516,15.6889275885869
801.399999999879,1.0749992437546,1.57212117802926,,,2.97851513201549,4.88717577937626,5.1294067491795,6.76489928679319,6.97096443191683,7.71902845638705,9.03581737543597,10.6286757493936,,11.8184832836385,,,12.4080162723989,13.4306167591004,14.2385454497819,15.7146833798726
801.999999999879,1.06609652981327,1.51270409670057,,,2.75133903132303,4.8916377115587,5.18289349028179,6.72757385098927,7.01128627403552,7.89571355678711,8.99727717070272,10.7272006159301,,11.792339887825,,,12.4030559659039,13.4354853898109,14.2289813925609,15.74105561387
802.599999999879,1.05548242801296,1.45085102946479,,,2.52007041086889,4.88741157173981,5.27887052580931,6.69772355395408,7.05832098023712,8.11078393753565,8.94420389558078,10.8135163317962,,11.7653362847465,,,12.4073872319159,13.4593034064771,14.2141186543005,15.7599361073357
803.199999999879,0.979864599087516,1.48185517909908,,,2.66677004172264,4.90301352591939,5.26470594848151,6.6988847209031,7.02342282555685,8.20978353490344,9.05102853640667,10.6160502870439,,11.7607210369542,,,12.3527460728655,13.4172827897759,14.0446613975152,15.819270286003
803.799999999879,0.897654525007179,1.49843810453774,,,2.79770533648858,4.89812840379312,5.18805485254963,6.62907825904654,7.04915809569034,8.23618770251128,9.06858060716085,10.3149363232516,,11.7527922812821,,,12.2384027748153,13.4379011848364,13.9135835815983,15.8198347630388
804.399999999878,0.81667615503354,1.51677423503049,,,2.93158606140395,4.89949617981127,5.1070552972422,6.63400316031431,7.09381105359252,8.24578742773896,9.08651430062173,10.0140882189007,,11.7454826259592,,,12.1323523875992,13.4634372693295,13.7863192829868,15.825791125684
804.999999999878,0.735766009229554,1.53520747566394,,,3.06562993388465,4.90121030425948,5.02581488049135,6.63882867032069,7.13615641875389,8.25569545051245,9.10446913218986,9.71325484052245,,11.7382072626443,,,12.0267613452475,13.4892448336982,13.6592662153435,15.8320461452201
805.599999999878,0.656903667788926,1.55655555675476,,,3.20457081424182,4.91332036067609,4.93964368551024,6.49457437394762,7.22426118310037,8.16547689132629,9.10136992168904,9.43586822366926,,11.7319612020568,,,11.8977935012667,13.4774594376703,13.5385534183148,15.8472655960916
806.199999999878,0.638663786520188,1.56424826799369,,,3.11756166961016,4.75211675437217,4.94714770996033,6.31292431237986,7.42857261679283,8.04352474225896,8.93349349384657,9.41831706470273,,11.558866562881,,,11.885775042488,13.4863566052798,13.7348882642181,15.7898142699594
806.799999999878,0.632852102788208,1.59350078335988,,,3.0602726399282,4.65155792384522,4.99094190648415,6.24395978574761,7.50587378570853,7.97524537745593,8.85383234028368,9.51430132916765,,11.3920187985371,,,11.8815509250123,13.4276195464939,13.9103637546822,15.8569503965848
807.399999999878,0.623653676682881,1.61793261670022,,,2.99488473890159,4.53380587704289,5.04669279902548,6.00565950981812,7.57187480461425,7.9297580179282,8.77312186178708,9.60955457595319,,11.2234687313638,,,11.8545242915776,13.3557714924637,14.0753534470115,15.9092607810784
807.999999999878,0.614023438280949,1.64174980931871,,,2.92846422545582,4.41386168174292,5.10396817964145,5.76798831260561,7.65369129920956,7.88107453348114,8.69227759354003,9.70471461741102,,11.0547016192509,,,11.8245903195583,13.2822051566403,14.2390061918939,15.9596808718741
808.599999999878,0.606066000678017,1.66794806310362,,,2.8660439567771,4.30240966646475,5.14021551059441,5.83176715680375,7.70908572997361,7.8828103563928,8.65170364662437,9.78611334768104,,10.8867753191098,,,11.8053132703614,13.2837803951521,14.4078381472223,16.0174237851858
809.199999999878,0.588078673393589,1.74574289927702,,,3.07565733325941,4.30060957124159,5.30559101185857,5.96715164413519,7.64128216907384,7.94687363750712,8.79319982993281,9.94685351899497,,11.0654218045686,,,11.848449861932,13.3019513560897,14.33335139885,15.9993329364402
809.799999999878,0.565679658228061,1.80923983443143,,,3.27472083956601,4.27332207615192,5.43228000377469,6.0777781787656,7.56215975017491,7.99320315612637,8.87914914699265,10.1238404729455,,11.2418508114917,,,12.0084690752847,13.3529683267809,14.192761577718,15.9199652118823
810.399999999878,0.547816373215606,1.87919291841873,,,3.48463084404527,4.26906077582031,5.5429558654781,6.38193935724403,7.49002123307587,8.0052231563478,8.96650378345912,10.3018064500041,,11.4205596452871,,,12.1990267966876,13.4162769147641,14.066214971406,15.8604530175807
810.999999999877,0.530174353969405,1.94946095163597,,,3.69506997143272,4.26592275850053,5.65285056132626,6.68577818831444,7.4076710164751,8.02104920153574,9.05392697538796,10.4798201865833,,11.5993796954959,,,12.3910742730251,13.480465970812,13.9403534328968,15.8019094322948
811.599999999877,0.510414985540516,2.01671515444515,,,3.90044578524863,4.25203575634096,5.77533275663427,6.78517306913067,7.25960341293702,8.04260944833973,9.098030716821,10.6999851580035,,11.7771354871616,,,12.6074188203669,13.5213239581676,13.8079363039005,15.7340969775304
812.199999999877,0.610415164606354,2.01848412275006,,,3.79763365729659,4.23284250103403,5.74983440044084,6.82128702531034,7.25558072452258,8.05233641080492,9.02003240401861,10.8127702510862,,11.6740036519577,,,12.6028439711375,13.6162228185513,13.7675079016842,15.750385772767
812.799999999877,0.71536120742698,2.03406371917728,,,3.70664879856389,4.28415261090606,5.71789304875223,6.78556097772482,7.24113642087173,8.05428951644704,8.97032986773136,10.8067848875475,,11.5733577919768,,,12.4015341420825,13.6879834996951,13.828956952298,15.7860923502653
813.399999999877,0.818841282371585,2.0475566599904,,,3.61215830405661,4.32802055366457,5.69112721096946,6.65219326076746,7.20765635858781,8.06355984930989,8.92017312605103,10.8004830994235,,11.471975081953,,,12.1903541332676,13.7585148460518,13.8858671743126,15.8153815333089
813.999999999877,0.922847841433045,2.06179899719676,,,3.51892681500571,4.37456125811807,5.66250265178402,6.51805854392883,7.15857088124502,8.07294371674788,8.87017950658643,10.7942949512422,,11.3708570024511,,,11.9827188766496,13.8311411954457,13.9444074601335,15.8469754436982
814.599999999877,1.02744330052599,2.076879573479,,,3.42710358943165,4.42409158637209,5.61608349124479,6.41754357147421,7.18815621276236,8.08183626302784,8.84645407510501,10.7115099702836,,11.2700349260339,,,11.7614694792863,13.8308438274313,14.0047710576102,15.8811473122119
815.199999999877,0.966705319527349,2.02212361196115,,,3.42148438205471,4.54341122071902,5.56745822518701,6.38013597526865,7.13259251735946,8.10461208022778,8.96666440360404,10.4205609286673,,11.4287968005517,,,11.6447691898571,13.6835029295979,14.1361391512229,15.9064164588943
815.799999999877,0.89795535023242,1.95103492299758,,,3.39670574212035,4.527503401923,5.51435445688831,6.38184433297476,7.13371998531328,8.1201133789657,9.0612982795868,10.2079388575143,,11.5835315514789,,,11.7488355829496,13.5608668970684,14.2024808337587,15.8720596216058
816.399999999877,0.829003068551652,1.87965826300519,,,3.37144330335993,4.51056851927412,5.46196494063635,6.41617290303378,7.14689537780959,8.14256584907631,9.15586947248742,9.99527311788488,,11.7381646126674,,,11.8515398319214,13.4411387275545,14.2681961306324,15.836817145272
816.999999999877,0.759604162225703,1.80764587842488,,,3.34511283073633,4.49136629140918,5.41115220658994,6.45115213098207,7.1766424553465,8.1614927139528,9.25030228628146,9.78251097572883,,11.8925731836783,,,11.9512370126045,13.3196333344599,14.3325286190874,15.799619532971
817.599999999876,0.693189179335106,1.73988080423547,,,3.32591795017763,4.48731231969011,5.35246564595363,6.57340063392823,7.18918354525062,8.17213978773369,9.34429339172544,9.58584208025174,,12.0484815857205,,,12.0660905201923,13.1996948947649,14.4060997254554,15.7754842899203
818.199999999876,0.842488427566824,1.9703743581326,,,3.39588418425693,4.51128035064164,5.3757861366718,6.68139458722243,7.20452412500424,7.95499110645892,9.3018868373308,9.78709197537529,,12.1098370614931,,,12.1436602054383,13.1829830813057,14.3322122648793,15.7845790395539
818.799999999876,0.989252454299454,2.20545780384212,,,3.45978782756735,4.52916351681269,5.43319028053077,6.77718063548896,7.22183969865425,7.73091310152753,9.28270712025126,9.92009416304655,,12.1699182404942,,,12.1932775781904,13.1616889049592,14.2903715162897,15.8406175983576
819.399999999876,1.13660377609881,2.44137720412572,,,3.52509589632924,4.55002815898367,5.488521013488,6.83742050819723,7.23851698460712,7.48776904911651,9.26370936663863,10.053223116499,,12.2302946158649,,,12.2468491357132,13.1263322151343,14.2503491101831,15.899227089433
819.999999999876,1.28394218165053,2.67727821944939,,,3.59037307787968,4.57082723022703,5.54389734650258,6.89767919772456,7.25234745929304,7.24794480900914,9.24470761114472,10.18634928202,,12.2906644990487,,,12.3003337297442,13.0909241285456,14.2102867136814,15.9577800385764
820.599999999876,1.4292640871145,2.91030895275629,,,3.65082811089421,4.58138928952648,5.63713263993532,6.78800678106788,7.20487830931504,7.0297520845686,9.2198440619578,10.389890571316,,12.3500208141997,,,12.3403768333015,13.0839060441948,14.1639809687039,16.0075055934149
821.199999999876,1.28316974823504,2.72685107206049,,,3.45934012364321,4.65799899521388,5.58426852823031,6.59536457555455,7.11892784464403,7.17113222856773,9.22925846604413,10.207450535175,,12.1135636928923,,,12.4398597733523,13.0612053828936,14.200552210229,15.969986700808
821.799999999876,1.13559240653481,2.53760453916169,,,3.26430576427017,4.79779971211192,5.53543682351998,6.44864798829934,7.06283156674697,7.34492171492315,9.21384889741769,10.0766209228849,,11.8763611591136,,,12.4542153159683,13.0831614972134,14.2147598989834,15.8988534875429
822.399999999876,0.986620160885149,2.34637250289144,,,3.06593570752801,4.93051902670891,5.4915297456737,6.29847705013537,7.00532401872142,7.54531901929107,9.19800714134563,9.94549022497013,,11.6384574946677,,,12.4591791434512,13.1139756480205,14.2246487823446,15.8216139679775
822.999999999876,0.837901488516433,2.15550140230013,,,2.86817203212594,5.06452563740942,5.44672744217985,6.14793669784176,6.94350737389941,7.74247169867334,9.18224395067396,9.81441426005144,,11.4006812855951,,,12.4658502483543,13.1457988260292,14.2353227618072,15.7454844862196
823.599999999876,0.687082369493615,1.96164053032466,,,2.66538546293903,5.18786907104573,5.35408256579733,6.15220674436771,6.95422867907741,7.8893464695563,9.1462641498912,9.60038123127882,,11.1618493138196,,,12.4671268998332,13.2367495840316,14.2394934832256,15.6601601271866
824.199999999875,0.703887358456208,2.01641053325691,,,2.75428160304264,5.12963647498358,5.43990000531152,6.21485468060833,6.91390990933442,7.72015388315132,9.04412472170281,9.68067222625909,,11.283186259207,,,12.4936569498634,13.400880237667,14.3005396637687,15.68115440923
824.799999999875,0.720279139490943,2.06860636762392,,,2.84218962017905,5.04628291674326,5.48297793288469,6.22025408185295,6.83643640591042,7.49887353444437,8.96484436924045,9.81747657984161,,11.4043155109604,,,12.533713905281,13.5218285146277,14.361213644386,15.7714787084234
825.399999999875,0.73682910004649,2.12102735439034,,,2.93047589921058,4.96373237638726,5.52549741689572,6.28925787979248,6.75581179016606,7.3133895807897,8.88561302603708,9.95431507598855,,11.5255242696312,,,12.5748358637779,13.6393466874952,14.4223773695248,15.8624954514404
825.999999999875,0.752966991907353,2.17286180343667,,,3.01777677959776,4.87908991836915,5.56947168534881,6.35886199335091,6.67649700948627,7.13903476555633,8.80625401030502,10.0910646284022,,11.6465259072318,,,12.6131834149109,13.7552251429632,14.482265275995,15.951708329994
826.599999999875,0.771922325614346,2.22870659332722,,,3.11181513704031,4.80875055213139,5.6614000166675,6.48063019025442,6.60302439945815,7.05403459214906,8.776895085596,10.3413042897349,,11.7689436960176,,,12.6483247335279,13.7916760830948,14.5508763515655,16.0532547910046
827.199999999875,0.671348462311977,2.1497453800856,,,3.05181314612632,4.72522066685851,5.51472327123332,6.52748315455065,6.83078614206686,7.28977866351662,8.7604420362044,10.3848829203684,,11.8399279752264,,,12.4062374875841,13.7754970981704,14.384781097357,16.0703028676868
827.799999999875,0.580749667544199,2.08216533989878,,,3.01566499111213,4.72608278698599,5.41629576582978,6.53855117245622,7.03159917576538,7.56878863517934,8.71808336664822,10.2609372312956,,11.915926095325,,,12.1719287569387,13.742961883328,14.2441308322062,15.9867591573887
828.399999999875,0.489710479791563,2.01395844525576,,,2.978463704288,4.72470919769832,5.31942304213665,6.48725697104792,7.24220947489389,7.81006911058288,8.67558824875418,10.1368964847452,,11.9917028575106,,,11.9346549149876,13.7168643037165,14.1021170526724,15.901287590697
828.999999999875,0.398596438193834,1.94564500380585,,,2.9410834160536,4.72295560361377,5.22281458556856,6.43607181923868,7.44833072141285,8.05823425171307,8.63306993865988,10.0128395812275,,12.0674419953662,,,11.6968770913905,13.690468863207,13.9598715158268,15.8154883451671
829.599999999875,0.305755476183921,1.87487346744503,,,2.89957346435534,4.71243508460164,5.0776545870395,6.17838390555356,7.59170955358663,8.21579981057509,8.5545565745268,9.78836555231181,,12.1423131187172,,,11.4526722738575,13.711758936107,13.8122792071219,15.7221293640815
830.199999999875,0.43600031557989,1.92980210986998,,,2.95004266543528,4.63905745533313,5.15167714145714,5.97637515612573,7.49291072911847,8.24081694410043,8.61529973800444,9.63412709931799,,11.9918958802572,,,11.596792715776,13.6130534908817,13.7878938142054,15.7324002380672
830.799999999874,0.564173842240882,1.98772829507105,,,2.99555864190626,4.44847122900826,5.21042776919509,5.92252990440342,7.43931591761766,8.24359945016229,8.73132605589929,9.66531251658008,,11.8404375228163,,,11.7463574873176,13.540793433098,13.7593465926641,15.8542464201112
831.399999999874,0.695561035671473,2.05022880684681,,,3.04875960614495,4.27419957924059,5.25783273423021,5.9326164118637,7.38148605318327,8.19511660262435,8.84834807420266,9.69719159375761,,11.6905944739614,,,11.9175594782537,13.475394764974,13.7407493045003,15.9901606916945
831.999999999874,0.827645247924913,2.11372145376043,,,3.10362738325239,4.10346643168177,5.30277691505054,5.94168747875237,7.32842283858813,8.12062551710413,8.96558605202152,9.7292211202584,,11.5411017727218,,,12.0934544103908,13.4127696972357,13.7243100779363,16.1291262202674
832.599999999874,0.959174054179431,2.17642353693424,,,3.15716699268912,3.92991369691873,5.3771597315394,6.06522857126061,7.34262852230756,8.10445896073613,9.08918821582353,9.76579858726568,,11.3913299037455,,,12.2970119519504,13.289140882776,13.7061512416297,16.2656604135869
833.199999999874,0.993966100254671,2.08248631075076,,,3.09064400801432,4.02824483515596,5.46492830342954,6.35004180926436,7.29328781913395,7.92443357527021,9.2082487889065,9.90386168342155,,11.3163474282234,,,12.4705859743626,13.4184769775944,13.9730627950124,16.1630263818024
833.799999999874,1.03022274841751,1.98607711165998,,,3.02762339306538,4.18477507787659,5.54872298148124,6.46141198452823,7.13718738582859,7.78070665329806,9.25735831476132,9.91501027371652,,11.2421011162739,,,12.6704723944371,13.533163928959,14.2197350439581,16.0031360015085
834.399999999874,1.06230775548919,1.88373000734463,,,2.95462694270619,4.32012746897499,5.64724539458202,6.41779971823889,6.97331183638247,7.6869351414095,9.30517532803312,9.92525842836034,,11.1657579821722,,,12.8422716729477,13.6314894306905,14.453491345507,15.8249839206272
834.999999999874,1.09365204625099,1.78032856897956,,,2.87985918368657,4.45171952217044,5.74838286332153,6.37526655247811,6.81884532970179,7.6059113255983,9.35276284286076,9.93534670171561,,11.089042536471,,,13.0090838005022,13.7268674495474,14.6849542923111,15.6435892934276
835.599999999874,1.12498407844819,1.67690968179923,,,2.80506211020292,4.58324934324754,5.83561176370228,6.29383173427227,6.63450279271167,7.46990453863314,9.43217379074024,9.9537244238843,,11.0123209291588,,,13.1343347455761,13.9131195820158,14.916379284993,15.4621410033575
836.199999999874,1.12521231575818,1.6065990257444,,,2.70704773497827,4.60836814659918,5.84447266851494,6.00935722300568,6.57794149608141,7.49397252505404,9.34880016376288,9.69761280249614,,10.9703123021852,,,13.0757200999009,13.9294096659313,14.923900283445,15.5161061517526
836.799999999874,1.12178266854663,1.53285214633505,,,2.60028609384697,4.64169805355943,5.85334841569379,5.83965670495322,6.64239429136822,7.559166909178,9.23769361970766,9.51390073841318,,10.9264650862528,,,12.991397371221,13.9142396600598,14.9482183626853,15.5058785119617
837.399999999873,1.1219084207601,1.46416601504808,,,2.50202664135234,4.6930773851697,5.84967203300546,5.82990804077348,6.71768401354252,7.59501447365349,9.12768865613794,9.33095609614236,,10.8844049464641,,,12.931012705475,13.9099647950836,14.9835444243838,15.511214924365
837.999999999873,1.12193251112191,1.39533517849363,,,2.40352408023994,4.74394061782423,5.84635456154245,5.82030748105105,6.79394933652661,7.63293649282991,9.01765219435971,9.14798951048025,,10.8422937076432,,,12.8699435631029,13.9052853938994,15.0185557276699,15.5161063036856
838.599999999873,1.12402442750151,1.32944768117765,,,2.30996640569845,4.8053014248506,5.84862974509869,5.81014973938767,6.84221866719594,7.71698737868909,8.85261979607026,9,,10.8012218351786,,,12.8552127394404,13.812311374083,15.0599692912359,15.5300497607739
839.199999999873,1.12194229639464,1.44715048240225,,,2.5752183450056,4.70294267096863,5.74655898822485,5.81852415686013,6.91408650825714,7.75031356363992,8.80530774888458,9.177119983031,,10.9935447898617,,,12.7871227245936,13.6330984699767,14.8671837095005,15.543891853096
839.799999999873,1.11300799085884,1.55585624128333,,,2.82408436747901,4.57817756525323,5.70002916891433,5.81509577685567,7.0903979085413,7.69489972483356,8.90585441699998,9.38857072393264,,11.1824235865715,,,12.6417006442252,13.5041860291225,14.6227601658866,15.6813613779308
840.399999999873,1.10122484768453,1.66050697061497,,,3.06613783470827,4.43894998313937,5.66355700438472,5.77784724380384,7.26134218874949,7.70921154407427,9.00551842089764,9.59940655218714,,11.3698704514018,,,12.4770976937067,13.3661902116741,14.3695162476794,15.8063598826883
840.999999999873,1.09024788256147,1.76630521210242,,,3.31011915224271,4.30381506354998,5.62423867536453,5.73942424330359,7.41872622028686,7.71306427182814,9.10543220545494,9.81041639144138,,11.5577225313403,,,12.3179226399221,13.2314023646304,14.1187683623452,15.9348874978989
841.599999999873,1.08244961136004,1.87662799988448,,,3.56170182538008,4.18481717655458,5.58436982479002,5.84596929030955,7.5717172594212,7.7468697577948,9.23204472313348,10.030137106061,,11.7471723412092,,,12.160683278389,13.0913874111184,13.8778621298687,16.077330106117
842.199999999873,1.01170247242633,1.91833931106746,,,3.59066077355644,4.21534364547299,5.66721465916206,5.95147338208253,7.75663951914688,7.82762678221561,9.34017326123988,10.1333099353395,,11.6852993041408,,,12.1507995621188,12.9969790834257,13.8735412145235,15.9894368968755
842.799999999873,0.949922197169797,1.97421664542134,,,3.64106259137832,4.25324499986179,5.63175464830308,6.10890495963177,7.75759875265527,7.91025194211825,9.33419538408964,10.2243343183347,,11.62793334661,,,12.2135188049255,12.9081079218027,13.9512522889846,15.8321984869836
843.399999999873,0.889437004670385,2.03193739786937,,,3.69456139960406,4.29772100193705,5.59172242344655,6.2436946794166,7.75859343143496,7.93772860960257,9.32861876644385,10.3156382408715,,11.5712183458981,,,12.284957679157,12.8295190611196,14.0329731093565,15.6806294079177
843.999999999872,0.828541808931698,2.08907455256222,,,3.7470797484031,4.34011557188989,5.55313769106246,6.37908170577741,7.7604433168831,7.9767395884068,9.32291511621588,10.4068536654971,,11.5142972622907,,,12.3536360524794,12.7492987019675,14.1134245059805,15.5272655060886
844.599999999872,0.75876458963104,2.13356905345235,,,3.7783581095743,4.3374194513724,5.53925301739655,6.39177047132309,7.80102691496785,7.99807071942139,9.29731690714348,10.4203554641748,,11.4529117429003,,,12.3635073283102,12.8131107100001,14.1663759939236,15.335019818594
845.199999999872,0.726223254173151,2.21312543144103,,,3.81881718250571,4.26690551907284,5.45738281503308,6.5530036385626,7.67271124208384,8.021363879323,9.20144348108457,10.2719396637348,,11.6242561865028,,,12.3013800915379,12.9538258818448,14.1135842409085,15.4239248903967
845.799999999872,0.689591026763095,2.28566103887009,,,3.84949351910506,4.17731145251043,5.44478762543088,6.55442651042317,7.67043070062285,8.06263069822908,9.14778182322889,10.0642332962469,,11.7935443955228,,,12.1965353556161,13.0185034990424,14.0313477606857,15.5239342996068
846.399999999872,0.652149841011479,2.35704517668369,,,3.87823535676435,4.08361060893656,5.43504841598334,6.59085675203664,7.6688212112074,8.15562640428464,9.09386952329683,9.85635231762991,,11.962425991957,,,12.0862440036076,13.0695638274165,13.9466066394431,15.6204024274215
846.999999999872,0.61451717674723,2.42815676438199,,,3.90651930313221,3.9889377010257,5.42598521023316,6.62756594602803,7.6788753994695,8.24242040226439,9.0398978969801,9.64843000897749,,12.1312113441607,,,11.9746634505451,13.1198622181488,13.8612726756377,15.7160323423632
847.599999999872,0.581755577508129,2.50620181587195,,,3.94645164923091,3.91899335680053,5.4067051397695,6.63125130359371,7.73606410446387,8.28474330485542,9.03465644761212,9.51231909486894,,12.3024450750304,,,11.9018071730832,13.011258442172,13.7910201673629,15.8329857434394
848.199999999872,0.641392186762963,2.56771726682452,,,3.84776343438101,3.90639094084579,5.40290045109012,6.47891115439969,7.96322233419241,8.30172381033666,9.2143411819026,9.61663672421189,,12.04628438767,,,11.8389257395564,12.8332435316676,13.912151865492,15.6852246045948
848.799999999872,0.700502822937865,2.63130612633268,,,3.74781743606376,3.94276245629399,5.39030264147347,6.48830589492152,8.03815281886624,8.33832236102479,9.37336646225073,9.66438818492699,,11.7898593265526,,,11.8617146982475,12.7262443745303,14.0143830817393,15.5681059253539
849.399999999872,0.76069551969019,2.69643518860927,,,3.6504590185063,3.98462718602206,5.37388468023009,6.43356798375744,8.10617363368057,8.30932004221825,9.53272700079751,9.7123732050064,,11.5339781493742,,,11.8917890364903,12.63092579211,14.1199644993033,15.4557240549288
849.999999999872,0.82123885914022,2.76206335497004,,,3.55393910880791,4.02827199674605,5.35622879543676,6.37831924444339,8.16711020604963,8.27698902351817,9.69219618006478,9.76043391021058,,11.2782732182726,,,11.9242242084853,12.5370024987281,14.2266315526011,15.344877151634
850.599999999871,0.879949928538759,2.82508347196317,,,3.45303760825323,4.06261506207685,5.3358969743814,6.30905900710215,8.12663865664187,8.23523038805287,9.81739908463932,9.79098841657282,,11.0216473200147,,,11.9385341890356,12.6011202661118,14.3276256577533,15.2260093361083
851.199999999871,0.92501381836789,2.54747499980114,,,3.24040607382515,4.10026886313129,5.37951445305308,6.20208291741383,7.86589571256133,8.21444588097318,9.72242327572183,9.79733065991739,,11.220355852992,,,11.9888854985633,12.8894817650207,14.3384722601845,15.3768112308042
851.799999999871,0.978922508062657,2.28017611552606,,,3.0489255122869,4.13299037625499,5.36623627732472,5.97484613659107,7.64155909480918,8.1587332977763,9.6206046680569,9.84661141851626,,11.4235101118356,,,12.0186984513038,13.1249372583117,14.3539778765113,15.4544032375283
852.399999999871,1.03338672126254,2.01366796224837,,,2.85877339941728,4.16853207310691,5.35099685832521,5.78728134874554,7.4355828306214,8.09107790193911,9.51895817996988,9.89601208512737,,11.6269435974789,,,12.05225167482,13.3599436172485,14.3712034663904,15.5344270938748
852.999999999871,1.08774176106056,1.7470044117783,,,2.66836021521761,4.20351953768995,5.33614286964001,5.59987560841147,7.22333245948842,8.03318272553773,9.4172778663473,9.94538918700266,,11.8303222085052,,,12.0850698473752,13.594515549768,14.3880910411133,15.6139730347122
853.599999999871,1.14355126716008,1.48241114560655,,,2.48142516255333,4.24589078023112,5.26311591956136,5.47745398517939,7.05869476903316,8.01844905275632,9.28663015750925,9.97534824889597,,12.0344318884547,,,12.1325608293572,13.6816768558945,14.4094818340716,15.6998860209192
854.199999999871,1.10496067796496,1.63256315570527,,,2.79662988946547,4.21312728735829,5.17036408187551,5.50106739559881,7.03022690925097,8.00987163790918,9.24919947855238,9.92424328821818,,11.9748131308475,,,12.0599887627134,13.460607007626,14.4460180838072,15.6701963633363
854.799999999871,1.06347498436145,1.77008847465875,,,3.10491142145533,4.15780982398628,5.09700146286479,5.66959453578598,6.93884248846181,8.01544200831855,9.19835106868115,10.0563232948695,,11.9137391859127,,,12.0458098618517,13.2871046911942,14.502594665125,15.6840337770272
855.399999999871,1.02026072291495,1.90515335374994,,,3.40905935040499,4.0937170722989,5.0297414515946,5.84775970960378,6.83173318643504,8.09527228865902,9.14696709124202,10.1880301956218,,11.8517963984133,,,12.0199927283175,13.1046699636938,14.5538193739281,15.6903042434113
855.999999999871,0.976950209075956,2.04008122738651,,,3.71297710662301,4.0291356834438,4.96282125377036,6.02606510716258,6.73667787756318,8.16561604549165,9.09555329162398,10.3197163205975,,11.7898052308772,,,11.9935275393742,12.9218522254846,14.604746072713,15.6961533570632
856.599999999871,0.934942978079734,2.17686419110174,,,4.02001146248331,3.97117057103164,4.96698490260759,6.22356171592463,6.62403605025267,8.22023364154479,9.08205967801674,10.4999579270972,,11.7284691418283,,,11.9968868682973,12.7923332633489,14.6597079059367,15.7077076981108
857.19999999987,0.950205715903601,2.22381959343742,,,3.85603506986252,4.11113212486881,5.01364446585905,6.32404163849634,6.5033713965026,8.05200705887084,9.00827886157155,10.702280031671,,11.3814690160533,,,12.3366354959969,12.9213687221324,14.6340147176874,15.6627053465305
857.79999999987,0.966683503404018,2.27392233729615,,,3.69496428076221,4.23056043682461,5.06951228627547,6.23413626218296,6.40647269287445,7.9200558958498,8.94192938155674,10.69225157096,,11.0350796194227,,,12.5546271099807,13.0118268974192,14.6120843522659,15.6561930461794
858.39999999987,0.985601335793468,2.32749823595824,,,3.53972848217873,4.36237593825431,5.1167656708295,6.16746633097334,6.31495659413493,7.71259255709807,8.87633590826053,10.6827497862269,,10.6899166802135,,,12.7890472432483,13.122219536129,14.5977086855184,15.6603622422002
858.99999999987,1.0053313765164,2.38223023026726,,,3.38643495438906,4.4983147156815,5.16115160133404,6.09961314721012,6.20088347954133,7.5037432040868,8.8109940840051,10.6734233141111,,10.345161987157,,,13.0289358743914,13.235844141144,14.5858477221878,15.6680869467286
859.59999999987,1.02425110301968,2.43580882500703,,,3.2312036852863,4.63013983281421,5.17859790364781,5.82307584524618,6.09914657022115,7.24872281403341,8.74894143787352,10.5579075631106,,10,,,13.2237800495123,13.3140902798169,14.5714779198649,15.672264434388
860.19999999987,1.0961007001871,2.33367092799842,,,3.21233204365252,4.67718832602199,5.12296828544277,5.5977964079671,6.0733655141266,7.31366761622661,8.80953602697548,10.3369244391115,,10.3808179749469,,,12.9501233349706,13.1838622096264,14.5504915052913,15.8136153134159
860.79999999987,1.15244161603169,2.22446174640427,,,3.15637378576475,4.7566121259773,5.17217842365506,5.53684954983621,6.28122552379274,7.33063310227196,8.91791282512638,10.2184619993141,,10.7538407093143,,,12.7426950396515,13.0842894123267,14.483371961622,15.8847431439368
861.39999999987,1.20504460670015,2.10993200991812,,,3.09147685709538,4.81705988677572,5.2345850882388,5.35694278232323,6.48374891367905,7.4162935959927,9.02513149027491,10.0991927401331,,11.1249846232986,,,12.5100997582131,12.954635302079,14.4046793118604,15.9395079008266
861.99999999987,1.25639801291277,1.99362361752521,,,3.02359174018299,4.87116397762982,5.30140333770832,5.17885645166452,6.7063894005547,7.51909316254497,9.13196299277475,9.9796537620728,,11.4955004496046,,,12.2690911797667,12.8200088039719,14.3221177849015,15.9888024994081
862.59999999987,1.30587035229844,1.87463771853631,,,2.95120834246187,4.91571860022857,5.3495818860926,5.31142731053541,6.94906680447753,7.67864273055679,9.22771748324846,9.96289988186228,,11.8650707816778,,,12.024049626381,12.7797679318517,14.2337322285867,16.0298625738771
863.19999999987,1.39643159995178,1.96458767547902,,,3.12951975836327,4.81298667767376,5.40570242405308,5.43337994553647,7.10182597385939,7.64035535037658,9.2325599693171,10.1774460050168,,11.6867884114638,,,12.0076177732848,12.8389988928219,14.2270037590812,15.898061675045
863.799999999869,1.49295390516979,2.05390660862297,,,3.3220861228508,4.66555608114043,5.42647277608405,5.51217228217638,7.15619832596701,7.62404969410696,9.20471268314272,10.2593298652603,,11.5115022906306,,,11.9613538723632,12.947382330577,14.2107828111338,15.8262825909412
864.399999999869,1.59268853897534,2.14779796357285,,,3.52233427505033,4.53443326772373,5.43590218978733,5.71852600108447,7.2137969488403,7.57438271391402,9.17786068274452,10.3419070965088,,11.3378308057633,,,11.9367181810033,13.0704190090197,14.2045076533704,15.7685657383574
864.999999999869,1.69282182914232,2.24225676515564,,,3.72353575237058,4.40533428260152,5.44392417050723,5.92429894395621,7.26879252390216,7.51532312248733,9.15113219928996,10.4245703764806,,11.1643597004281,,,11.9147665934325,13.1950420340607,14.1994667879345,15.7125940366495
865.599999999869,1.79476591259122,2.33929304611708,,,3.92906746216952,4.28542801339717,5.50146933829858,6.05505261039914,7.33259780637416,7.49061500409654,9.14225049848063,10.4924507083316,,10.991798767225,,,11.9188044614962,13.2277990122277,14.2000323757516,15.6645492308546
866.199999999869,1.60135715307956,2.19188696776911,,,3.76407213674061,4.36113382232061,5.53613885968541,6.16572419572823,7.43585928220176,7.66540908174568,9.15856374516369,10.3442809904441,,11.184425094646,,,12.0391818867777,13.2213479491723,14.1737939202548,15.5538294213766
866.799999999869,1.40973336406116,2.04675868636961,,,3.60334529265263,4.46420068696935,5.51153592788265,6.2307144966863,7.56264648773216,7.84744955025184,9.1629770399197,10.342082497023,,11.3779486148162,,,12.0451131508391,13.1529274908609,14.2271784558838,15.392875348639
867.399999999869,1.21624729613213,1.89897964105493,,,3.43816509615621,4.55781346254619,5.49350766291609,6.22649622780873,7.69052722023649,8.03601104296865,9.1668133389907,10.3394820365811,,11.57053608426,,,12.0385059221651,13.0884273232714,14.2747971320237,15.2237689974189
867.999999999869,1.02354900909496,1.75232192141775,,,3.2748687559995,4.65542550519382,5.47269818355492,6.22113029307886,7.81028548042648,8.20907621897928,9.17089371867209,10.3370516161699,,11.7635195217147,,,12.0372027244349,13.0270619195025,14.3248548810207,15.0581112215797
868.599999999869,0.829288538839523,1.60344059344772,,,3.10783669593652,4.74510693164108,5.48027744918494,6.15249921914666,7.94697642405804,8.31883304799387,9.16138523466701,10.2916463934711,,11.9557177477128,,,12.0564834286014,13.0147405212815,14.370075906095,14.8856148607448
869.199999999869,0.810088024479472,1.56845026380842,,,3.23225426287647,4.59852306640348,5.52973976610074,6.14958076282782,8.00026558024869,8.15050433204915,9.15476368576826,10.1627030529403,,11.9052889813557,,,11.9238258019649,13.1764791242063,14.3194663280472,15.1620229462452
869.799999999869,0.798353285855579,1.54350052463515,,,3.37452507946323,4.4606686589994,5.57211048918694,6.12788063442197,7.85221948945351,7.93979918747803,9.16978035804321,9.97395602246484,,11.858612791815,,,12.0368906366289,13.3331656807654,14.2112054340339,15.4522927142948
870.399999999868,0.788333600159448,1.52099198822008,,,3.52089718025765,4.33152092976494,5.60842631815712,6.18028061535917,7.70569116739332,7.72137477769786,9.18532841051929,9.78557918076257,,11.8127986517394,,,12.1615027097785,13.4908325968485,14.1082545685754,15.7500702670108
870.999999999868,0.777011211598995,1.49662918726646,,,3.66415406833867,4.19575986841984,5.64934126344956,6.23457841788775,7.58316815582078,7.51769766363817,9.20047284250452,9.59692115473944,,11.7663297246954,,,12.2773438462702,13.6433157545438,14.0012703643673,16.0421451312344
871.599999999868,0.77003280886588,1.47844960667427,,,3.81779892764994,4.08205158806336,5.58668328230192,6.23555641844393,7.35438178899198,7.30422064863057,9.20085648882933,9.4707326903273,,11.7220442466856,,,12.360425023017,13.7507500552821,13.9077357094348,16.3532361492313
872.199999999868,0.87900511880676,1.63746132796802,,,3.74876346883234,4.19927581115894,5.55721399909906,6.21836867714011,7.10996758643279,7.24283775445867,9.19379749728744,9.65432628276434,,11.7168866683163,,,12.4572994676011,13.7320696413108,13.9483447052815,16.3116130515499
872.799999999868,0.9960557437554,1.80840812475752,,,3.69904605264832,4.37094485115735,5.55166929505707,6.24254186884902,6.86724855941611,7.26043525154549,9.19437500812906,9.86608107113724,,11.7157895518788,,,12.363821439159,13.738478105486,14.0120397536739,16.2949294155835
873.399999999868,1.11153794865793,1.97712243572652,,,3.64557800214743,4.53465161293087,5.5516618063286,6.22782145685694,6.62787447066705,7.2945773580274,9.19446657049792,10.0774973209761,,11.7139040891226,,,12.2597834332083,13.744724192659,14.0708787681069,16.2713798923944
873.999999999868,1.22783571160225,2.14699761031027,,,3.59406023275047,4.7024986559102,5.54877503760121,6.21191291232806,6.36120950140181,7.33210211618348,9.19481081975813,10.2890896064563,,11.7124285562073,,,12.1612364783034,13.7542155754067,14.1322428570926,16.2514005413353
874.599999999868,1.34334191992347,2.31574608769536,,,3.54064958271836,4.86632727400566,5.60249593123486,6.26939686263054,6.12936779665126,7.41157516406326,9.21409611383144,10.4086751609662,,11.7105551584632,,,12.0775362218607,13.780812537386,14.1911561892548,16.2279560950776
875.199999999868,1.29128121316708,2.27945224425954,,,3.56090588315294,4.9713533460941,5.57149989225717,6.20948947362642,6.04294586463245,7.53838707775926,9.24780634183993,10.2203394024413,,11.6747123520625,,,12.1171267245811,13.7562592520223,14.1835977877485,16.055197694666
875.799999999868,1.22602128195005,2.22282666860989,,,3.54959827685436,4.97736195423057,5.52699363281182,6.16243824104558,6.11016280566698,7.58393081331983,9.25038534167595,10.089690170814,,11.6322351239581,,,12.2485901199139,13.7536175727958,14.1714668192094,15.8319227770185
876.399999999868,1.16262498090574,2.16885378025868,,,3.54274725429881,4.99283151128489,5.47590793595361,6.09794976319657,6.17278008655616,7.58519224593639,9.25354175585403,9.95944319791822,,11.5906946257747,,,12.3926011058743,13.7430825444709,14.1651058938681,15.616806053103
876.999999999867,1.09931499019059,2.11500374584987,,,3.53610262956588,5.00873923339354,5.42451752552294,6.03333554553882,6.2387166423832,7.58042557180655,9.25672491183054,9.82921485483586,,11.5491975103767,,,12.5371932085657,13.7328909650633,14.1590121966144,15.402067159723
877.599999999867,1.03377783693212,2.05798357292463,,,3.52413208956878,5.01334048956372,5.35847940358823,6.08308014428731,6.37766411684871,7.62025759639203,9.22947010349202,9.79654652729841,,11.5065809401513,,,12.6695764206888,13.6905660901863,14.146022912321,15.1775786798836
878.199999999867,0.996063175987389,2.22132491760023,,,3.62475268306347,4.82134211630238,5.36667968927683,6.21368952238628,6.52811359799404,7.59995552371154,9.21124578127339,10.0564963263268,,11.6751651861097,,,12.555413319409,13.636908895011,14.2392697320785,15.2019599602175
878.799999999867,0.948349218317805,2.37269638078671,,,3.70146150272075,4.65046171319794,5.3983402549036,6.27430476156032,6.69394453361079,7.63695046776172,9.22660653346386,10.1249440296293,,11.838723413233,,,12.4460765985907,13.4761700026746,14.3269500946491,15.2636266421965
879.399999999867,0.898154367580673,2.52053654595857,,,3.77223764975078,4.46698674980249,5.43875946849981,6.35650720808462,6.86105687197514,7.7469094348377,9.24119862282684,10.1928562399149,,12.0010346511193,,,12.3200363327616,13.3159206180724,14.4069492872386,15.3144330115812
879.999999999867,0.847233635977765,2.66734349382088,,,3.84127796479379,4.27982676246979,5.48174136206645,6.43976714239878,7.03882612849405,7.86788312372983,9.25556581025756,10.260611771096,,12.1629810342528,,,12.1891088011796,13.1527827842884,14.484701057562,15.3620617780194
880.599999999867,0.794057927524155,2.81094071233968,,,3.90492585095212,4.08121910642924,5.52685402556196,6.3866130821687,7.17790277767863,7.91863205202028,9.31053316299864,10.2501837652818,,12.3237939820523,,,12.0553874392959,13.070823833562,14.5554711241059,15.3998191985894
881.199999999867,0.723315992158978,2.68900136049648,,,3.88330031111755,4.06254965132344,5.46080180463466,6.3335086678082,7.25401880865007,7.98350545924829,9.32830788741363,10.0592639852648,,12.0597145645558,,,12.2538002326783,12.9998541385445,14.4041393216662,15.3617560798248
881.799999999867,0.66509023853802,2.58488449559563,,,3.89160528694248,4.08457666848992,5.37733139543771,6.46301938530633,7.28990349622084,8.01974883557591,9.345849403445,10.0761879592338,,11.8019262459779,,,12.3878810785767,13.0293160963638,14.2444973098645,15.3482115605059
882.399999999867,0.607938037279289,2.48229572288684,,,3.90247749744457,4.11205370691407,5.29007087237872,6.58494110835631,7.3269696277696,8.01395991436126,9.36372354155166,10.0933436561533,,11.5446775347932,,,12.529190019218,13.0682858251618,14.088179156824,15.3393666045802
882.999999999867,0.551127736090877,2.38019361002465,,,3.9141673091625,4.14126644330556,5.20160329110481,6.70636473982352,7.36651018411167,7.99527327117078,9.38170361162329,10.1105731511288,,11.2876006753153,,,12.6728009305865,13.1086160540454,13.9329195711973,15.3320183442172
883.599999999866,0.497300580792626,2.28233770079716,,,3.93299085356611,4.18562348853868,5.17654378634502,6.74323023814244,7.39201616319817,7.96351911010596,9.39322343675734,10.1900407233859,,11.0320232560454,,,12.8226066541077,13.1354880968782,13.7868961961018,15.3377290493366
884.199999999866,0.511964892123309,2.21724586200333,,,3.83650417282697,4.15041720387691,5.26877728042491,6.719913800429,7.27135275698903,7.98040733534801,9.48681494817443,10.3020565862582,,10.9911583086633,,,12.7483273223078,13.2964864010602,13.8189334392877,15.5309256056223
884.799999999866,0.525333683030342,2.15264569257175,,,3.73691945500987,4.05966012908261,5.35107408822024,6.48453267665776,7.19475436558578,7.98791216951938,9.4972241252397,10.1916353690858,,10.949642184515,,,12.6837688404933,13.4048048322617,13.8722205185248,15.6798871943165
885.399999999866,0.538092606461648,2.08717743904843,,,3.63587633331119,3.96580698665449,5.43552399748993,6.20843047998071,7.10837980484641,8.01124829896827,9.50744434514468,10.081082513885,,10.9078195182636,,,12.6151041966824,13.5015326120305,13.9236193681572,15.8261790381731
885.999999999866,0.550960619929336,2.02186446405525,,,3.53509408358688,3.87250765328009,5.51958877076226,5.93216935724129,7.01742372784605,8.03599474340413,9.51769836475583,9.97055320542598,,10.8660516847268,,,12.5471740425432,13.5986944864835,13.9753559748352,15.9729484325995
886.599999999866,0.558802384397967,1.94939713672579,,,3.42229233562443,3.75369194559503,5.53118104844311,5.81575274935716,7.01050750015983,8.11470876640739,9.50596230537985,9.78929710932752,,10.8217574712801,,,12.456984871384,13.6784607217182,14.0115306560672,16.0977150103345
887.199999999866,0.604995148612112,1.98267589751086,,,3.53122267346915,3.79954784779659,5.55585244759982,5.79669311853439,7.23672253466072,8.05636804214005,9.36851237461809,9.60807615855555,,10.9683266866832,,,12.4131003317129,13.6238907818901,14.00511045765,15.8806886899483
887.799999999866,0.655795312601874,2.02109034459096,,,3.65117089634941,3.96299082922059,5.56542307371303,5.90313325952146,7.24260544586973,8.02750138889241,9.30732266858783,9.5378349671526,,11.1172117528181,,,12.4297881645792,13.5946138311997,13.9896226903949,15.6818420055251
888.399999999866,0.708629130865729,2.06239949092059,,,3.77598228935298,4.13675790795692,5.56781400227457,6.08781728193093,7.26901086143904,7.9570126672572,9.24676305601987,9.46803273366066,,11.2671190093184,,,12.460168339206,13.5747937271778,13.9804313832189,15.4918978092623
888.999999999866,0.761249917795274,2.10340540889352,,,3.90028425082064,4.30944350679299,5.57095702551067,6.27281165560857,7.2996148522374,7.88865473862374,9.18613743928928,9.39818451802442,,11.4169191883375,,,12.4891142003064,13.5541259218146,13.9705805031202,15.3010210508841
889.599999999866,0.820056818858628,2.15321662881507,,,4.03937934886914,4.51353367866082,5.56370662277222,6.30919420055346,7.1556263924696,7.76709565505219,9.13938375713548,9.40847927453371,,11.5698287386732,,,12.5645057275214,13.5283432304973,13.9798826428917,15.1372245138288
890.199999999865,0.769237429936669,2.14794981174079,,,3.80303020290859,4.6811906446851,5.5937921354606,6.38104842635112,6.92943025324746,7.66628843531545,9.18516863597245,9.51213713937644,,11.6898019740055,,,12.6271495326288,13.4978146861917,14.0684742322918,15.4157226246557
890.799999999865,0.712788665652654,2.13293274324646,,,3.5532192751329,4.76092180576319,5.70406506355099,6.36034206512468,6.90574551515767,7.54580614589197,9.24058875852864,9.62566487967744,,11.8069456756641,,,12.6210050259554,13.5118849327382,14.142778605211,15.6775235531346
891.399999999865,0.656460737226091,2.11808767225908,,,3.30369730764867,4.84126640499418,5.81391138772278,6.34734747258815,6.86719813458114,7.43776170677435,9.29604632003793,9.73921870202116,,11.9241501139243,,,12.6156740921017,13.5297948884718,14.2174571017777,15.9398534504789
891.999999999865,0.600835543612681,2.10424287253824,,,3.05585582194124,4.92517852436532,5.92127674771008,6.33332911221947,6.80948150418566,7.3281606517838,9.35172161206579,9.85292420746668,,12.0417077728694,,,12.6150745845021,13.550501189851,14.2943113573991,16.2052596270285
892.599999999865,0.546212669411502,2.09182477217709,,,2.81041122831211,5.01417904212381,6.04274502872168,6.38090103704628,6.87410938670791,7.23790569235453,9.40537761718874,9.90821304297351,,12.1597692348745,,,12.5703417275657,13.5045076743907,14.3742689252458,16.4750535389048
893.199999999865,0.67007877605197,2.11339294950743,,,3.04562759259726,4.94366590441749,6.00793388153829,6.34543595711603,6.94246622564942,7.22714329663239,9.46478208730106,9.77201479607216,,12.1032900297396,,,12.5338152867813,13.4740995430874,14.3651196020202,16.2905314726845
893.799999999865,0.786882474100495,2.12710207529657,,,3.26395529745009,4.83261359338938,5.92902256627634,6.35998773394228,6.95958060443751,7.20733143248174,9.49858024304774,9.67150827117169,,12.0432609950032,,,12.5705406308001,13.4690964349556,14.3499215969837,16.1209139468914
894.399999999865,0.900841428779382,2.13676199931039,,,3.47548023787048,4.70711959102121,5.86015445119614,6.24097776102155,6.97794590993983,7.19486461608726,9.53149700307978,9.57038771735994,,11.9818020863193,,,12.5881126709067,13.45843097095,14.3259158937567,15.9388433239963
894.999999999865,1.01432874676669,2.14575059664165,,,3.68587733198152,4.57923126669182,5.7929514218894,6.12265488434717,7.01148166979663,7.18107106544624,9.56426763444491,9.46916536224995,,11.9201061154718,,,12.6025092397214,13.4458887546008,14.3004499415383,15.7547080728521
895.599999999865,1.12317612955456,2.14813471989283,,,3.88517873764471,4.42778773780563,5.75346154437078,6.107409048018,7.03285169649541,7.20142946218032,9.62040115753239,9.43492855234679,,11.8560779404153,,,12.6388154378191,13.5344750059465,14.2606181420125,15.5502611253172
896.199999999865,1.00945918671022,2.087232516232,,,3.76972293088924,4.23376218442388,5.70630588422782,6.10238992494574,7.03380827346696,7.32053353011016,9.51174994688427,9.62419028385884,,11.6711031942727,,,12.74659861507,13.7242606415958,14.2062546809697,15.5306494449419
896.799999999864,0.907319992731718,2.03863422602496,,,3.68195352255289,4.11229794973332,5.62884343319672,6.19635543638616,7.10066314814565,7.45845253062591,9.37734136266524,9.87547434006304,,11.4919478558297,,,12.714312735754,13.7866763317994,14.183244309766,15.5752921478228
897.399999999864,0.806179359168584,1.99145728462837,,,3.59657201723437,3.99590303042104,5.5478556229853,6.34188626142665,7.16372614269496,7.60474904222148,9.24324216552701,10.1269739324094,,11.313294431035,,,12.6887500396965,13.8459492528028,14.1633256124398,15.6243061307168
