Time (s),"Primary somatosensory area, barrel field (L)","Primary somatosensory area, barrel field (R)","Primary somatosensory area, lower limb (L)","Primary somatosensory area, lower limb (R)",Supplemental somatosensory area (L),Supplemental somatosensory area (R),Olfactory areas (L),Olfactory areas (R),Hippocampal formation (L),Hippocampal formation (R),Cortical subplate (L),Cortical subplate (R),Striatum (L),Striatum (R),Pallidum (L),Pallidum (R),Thalamus (L),Thalamus (R),Hypothalamus (L),Hypothalamus (R)
0.4,,,,,,,1.618686967713,,2.32641731562504,3.75469001206621,4.6451686940584,,,,,,5.39895950450522,6.31784312187408,,
1,,,,,,,1.16867155832574,,2.01191949406212,3.02860713218434,4.88474879939725,,,,,,5.0142721345476,6.06778323760909,,
1.600025,,,,,,,1.66274454982117,,2.64663420570836,3.67615041504039,3.63405246483278,,,,,,5.54722176636959,6.20456782805927,,
2.20005,,,,,,,0.829801604150803,,2.01430926066405,2.76252246333137,3.6685544484886,,,,,,5.16128266677038,6.36664263498625,,
2.80005,,,,,,,1.78919895436346,,2.6712190971887,3.17732876477882,4.85682566947292,,,,,,5.66939153199598,7.43343607031943,,
3.400075,,,,,,,1.23861674540808,,2.3413099514326,3.36455140079432,4.35574187351302,,,,,,5.24657048533106,6.49978158146404,,
4.0001,,,,,,,1.15121203085163,,2.06230229027805,3.34792628591435,4.79328886940936,,,,,,5.12504921655192,6.92387533437616,,
4.6001,,,,,,,1.91745250079532,,2.67521291257938,3.90107618473715,4.09768506141108,,,,,,5.33314573934385,6.7427155093909,,
5.200125,,,,,,,1.15078514596062,,2.04711720295928,3.11947888081703,4.73789239615596,,,,,,4.97645955639424,6.29060676933556,,
5.80015,,,,,,,1.70804616877731,,2.3204968541765,3.18818715971433,5.2618220169664,,,,,,5.48889450484614,6.0078017144392,,
6.40015,,,,,,,1.79183224170353,,2.73597361491534,4.23697490416399,4.81362121182907,,,,,,5.67734101168355,6.48239743992521,,
7.000175,,,,,,,0.730544564564726,,1.74761543766746,2.66453935436184,4.60512991641692,,,,,,4.92321832860866,6.61391456752062,,
7.600175,,,,,,,1.44869687182714,,2.50419589935469,3.20268957175168,3.94318081554526,,,,,,5.56624387342923,6.17236666021396,,
8.2002,,,,,,,1.73498224018561,,2.39725777517622,3.86435684757451,4.43850882767855,,,,,,5.36115259073392,6.98199684372779,,
8.800225,,,,,,,1.63568692210636,,1.95547467154898,3.49672504003529,4.1688549698738,,,,,,5.02182234804248,6.64027676607882,,
9.400225,,,,,,,1.81664112780659,,2.5130770675945,3.49105098992119,4.11707278669933,,,,,,5.46899721241477,6.65727878923133,,
10.00025,,,,,,,1.51829130328239,,2.04463012051638,3.74878838221642,4.32694556372806,,,,,,5.14666279747108,7.01666746354279,,
10.600275,,,,,,,1.33682745332462,,2.11620720134897,2.99996447425124,4.53328809063153,,,,,,5.28515414414875,6.76902134508791,,
11.200275,,,,,,,2.14061510052602,,2.50704000086849,3.50811714825655,4.65938771126308,,,,,,5.40378498861413,6.63392995570359,,
11.8003,,,,,,,0.990139494569152,,1.75546527372571,2.98995919100449,4.11821311288802,,,,,,4.9297051460748,6.08752531804209,,
12.400325,,,,,,,2.01560788235875,,2.48876239858255,3.82001065726337,4.51552443238662,,,,,,5.13121375041887,7.04549354857791,,
13.000325,,,,,,,1.37861964674837,,2.36095334892699,3.77073825255198,4.14543336797388,,,,,,5.4583633128344,6.96644929073848,,
13.60035,,,,,,,0.615482171176624,,1.81979472079347,3.38343336066821,4.28880869630816,,,,,,4.91635796013213,6.30802294892208,,
14.200375,,,,,,,1.93000961053635,,3.06007229080005,4.23002312612466,4.90758416423258,,,,,,5.80349303054036,5.98215904253958,,
14.800375,,,,,,,0.835659753078692,,2.03618282673084,2.8820035657999,4.20109685345175,,,,,,5.36701872169805,6.93667185588097,,
15.4004,,,,,,,1.43663809196705,,2.14707655633256,3.26776855417116,4.26798922824958,,,,,,4.93784354598155,6.72646846272224,,
16.0004,,,,,,,2.22258133912859,,2.86250925226088,3.75906257726391,5.49747782271067,,,,,,5.53500626762721,6.1004369135469,,
16.600425,,,,,,,1.60279654350565,,1.98375272159017,3.22410890870561,5.01112868284022,,,,,,5.13786748476738,6.98330725763668,,
17.20045,,,,,,,1.50141664265163,,2.61684628894613,4.11476469069188,4.20078702461294,,,,,,5.41431637188921,6.21567249379692,,
17.80045,,,,,,,1.66725248200734,,2.39338677929304,3.75598733937429,4.10936252348195,,,,,,5.67306506098363,6.4071672586175,,
18.400475,,,,,,,0.748218940826461,,2.03225523080442,3.38595173899892,5.02597020583611,,,,,,5.19625029627375,5.99203980365197,,
19.0005,,,,,,,1.38581175470066,,2.55706828186391,3.04054967643184,4.07072562756648,,,,,,5.28204377688617,5.60475029219879,,
19.6005,,,,,,,1.36841305615137,,2.31172064008394,2.8432063368809,3.89024048610972,,,,,,5.39387000834363,6.19701982596262,,
20.200525,,,,,,,1.22881583055832,,2.15333118233384,3.14215459774939,4.38040083453368,,,,,,5.44825884227886,6.92715148764783,,
20.80055,,,,,,,1.32024123358776,,2.59660693062393,3.51332524849967,4.43034549150758,,,,,,5.44928925857372,6.99770515098523,,
21.40055,,,,,,,0.95438000918646,,1.88072127759808,2.89096902357624,4.10805929916139,,,,,,5.02340194510131,6.45702459610652,,
22.000575,,,,,,,1.44879012343665,,2.33358973458566,3.66360633293889,4.6095547745208,,,,,,5.14256426131047,6.42875596109575,,
22.600575,,,,,,,2.00857781768143,,2.80864465871365,4.60820500293424,4.64550739867866,,,,,,5.80207707604841,6.96315313601082,,
23.2006,,,,,,,1.28513787211377,,1.84086499071907,3.2184153970704,4.39767177408322,,,,,,4.93627653578867,6.23664546925417,,
23.800625,,,,,,,1.56964835218926,,2.6845589992998,3.90457176938279,4.16409421383002,,,,,,5.53745608149282,7.03800243184199,,
24.400625,,,,,,,1.36775605340941,,2.37272787888772,3.77536386582354,4.24857141461516,,,,,,5.29543040079305,6.52775911594185,,
25.00065,,,,,,,1.01003251803086,,2.05230020802129,2.97106633241967,4.0403281263576,,,,,,4.91485717155751,6.06268872420493,,
25.600675,,,,,,,2.35066102961624,,2.78409255005536,4.06086854838747,5.41410205735976,,,,,,5.3832638317573,6.80238035670498,,
26.200675,,,,,,,1.37466438558536,,2.14899639381358,3.50839511801907,4.55131999157484,,,,,,5.23667584059564,6.87110767721085,,
26.8007,,,,,,,1.43013131851178,,1.98391721404015,3.01021763651297,3.88626108075893,,,,,,5.00286219900609,6.44933404558101,,
27.400725,,,,,,,1.31428928408681,,2.88779482560119,3.76936953555975,4.2122604942215,,,,,,5.22488746171553,6.07848048129703,,
28.000725,,,,,,,0.776760806915845,,1.84894423992501,3.16285841814124,4.25670890586466,,,,,,5.07091533383992,5.42192879257459,,
28.60075,,,,,,,1.62506813147974,,2.55003590264222,3.71135381715223,4.2954658281823,,,,,,5.19896143407208,6.83588813259681,,
29.200775,,,,,,,2.01746714010342,,2.58101270162139,3.92674435856158,4.33218520559469,,,,,,5.49530753017952,7.62049318443728,,
29.800775,,,,,,,1.10698162917018,,1.7824793535366,3.48296998864396,4.70844619561257,,,,,,4.87146455666591,6.33925579947527,,
30.4008,,,,,,,1.59452164951643,,2.58331664879267,3.59516235040072,4.14885531929322,,,,,,5.46625159790447,6.43753551430225,,
31.0008,,,,,,,1.54208787184315,,2.15808644826337,3.30811573909509,5.77403977868723,,,,,,5.43147222239981,6.14802353994405,,
31.600825,,,,,,,1.13824256084201,,1.97023072477852,3.34041011686207,4.31506172610289,,,,,,4.98414144152697,5.67086451772506,,
32.20085,,,,,,,1.81299281921847,,2.53023876885449,3.75716097569067,4.12431093026659,,,,,,5.40181897542006,6.11375846397829,,
32.80085,,,,,,,1.48081095908817,,2.09991468408743,3.27224533531201,4.22694966465841,,,,,,5.35631313004711,5.66232581211871,,
33.400875,,,,,,,1.29420085669205,,1.98628116589606,3.00186125474366,4.2370355902123,,,,,,5.12834778845156,5.99748811326285,,
34.0009,,,,,,,1.2226256544794,,2.79082397035547,3.7460229996291,4.18042525344702,,,,,,5.41637882454487,5.94467428762189,,
34.6009,,,,,,,1.78780350609211,,2.08844951661175,3.28098430734372,4.32131749109342,,,,,,5.10546365924473,6.8458190406913,,
35.200925,,,,,,,1.813806784614,,2.56144569646792,3.22281214565798,5.31986356178986,,,,,,5.66140613137634,6.07055708412067,,
35.80095,,,,,,,1.15271442534196,,2.59750673395182,3.01605603471319,4.17287531308046,,,,,,5.38516301714748,6.52840776433255,,
36.40095,,,,,,,1.83164766207511,,2.03464814492131,3.03100628879855,4.61213822285168,,,,,,5.18280215962532,5.74199362721463,,
37.000975,,,,,,,1.61298117078577,,2.93123454857584,4.22782315950246,5.28004502083166,,,,,,5.74897467248939,5.55933497481978,,
37.600975,,,,,,,1.31972328251721,,2.34794694281594,3.20368988996182,4.57650513542958,,,,,,5.27280425890154,5.60563568658336,,
38.201,,,,,,,1.38482092879568,,1.8178291844922,2.76753306425815,4.32589991158321,,,,,,4.94656940066851,6.8535764524139,,
38.801025,,,,,,,2.1384301858482,,3.1545004261268,3.97612572712984,4.84678184155579,,,,,,5.86668412865833,6.72170917995238,,
39.401025,,,,,,,1.75450154003246,,2.03887593889424,2.49216802852001,4.06851547551757,,,,,,5.19463539571951,5.87455994346025,,
40.00105,,,,,,,0.904637978889395,,1.77727906551331,3.06477995019515,3.90165196299915,,,,,,4.92131625868297,5.97844055897832,,
40.601075,,,,,,,1.98423561038425,,2.84761597378039,4.21265535866797,4.88496682358857,,,,,,5.43925631511916,7.0752387524797,,
41.201075,,,,,,,1.77617381153882,,1.98884542628334,3.67643076296632,4.7987536684805,,,,,,5.15463628628868,5.87663766054442,,
41.8011,,,,,,,1.22537216731776,,2.0492145506599,3.56424563355765,4.61675266465627,,,,,,5.18175171012805,6.55614875838725,,
42.401125,,,,,,,1.72714203758562,,2.58945348909904,3.38173621608027,4.98738796803236,,,,,,5.32328456656339,5.8007464876837,,
43.001125,,,,,,,0.97347659932161,,1.80996639293858,3.25904303079761,4.21959186887313,,,,,,4.93880322416784,6.15380027087244,,
43.60115,,,,,,,1.69705212039982,,2.56248808480688,3.25870682091922,4.38626332586569,,,,,,5.36673030416526,6.24365145096374,,
44.201175,,,,,,,1.31287761323265,,2.47265652004338,3.4505949953872,4.56444084157524,,,,,,5.49810392238765,6.57360025818675,,
44.801175,,,,,,,0.915433440991432,,1.7607332440852,3.20233690566181,4.14127009311761,,,,,,4.95129800175635,6.36379456750957,,
45.4012,,,,,,,2.29723862068028,,2.71588201735111,3.77633098218847,4.42498763629464,,,,,,5.56990682406489,6.62087602944252,,
46.0012,,,,,,,1.71022547887372,,2.20677687663091,3.00429201198765,4.1964162141239,,,,,,5.5372530293157,6.65822265641413,,
46.601225,,,,,,,1.2747602454097,,1.87326366534955,3.60972001158031,4.95555960758919,,,,,,4.95749815580546,5.84737560821883,,
47.20125,,,,,,,1.65413034673009,,2.71277585984983,4.27538088565789,4.52109813646875,,,,,,5.41736981515118,6.96082252269014,,
47.80125,,,,,,,0.914782516078113,,1.85570598850231,3.15132979518469,3.76101291642622,,,,,,4.89397822818311,6.31991059546016,,
48.401275,,,,,,,1.48274758242194,,2.16590214946574,3.94470183455894,4.56660624889169,,,,,,5.20115358433808,5.89402123621801,,
49.0013,,,,,,,1.40526666237742,,2.4411748161961,3.80460588017781,4.56809471247626,,,,,,5.27005016112072,5.97246316680024,,
49.6013,,,,,,,1.65292611533979,,1.8827221516876,2.9120111787749,4.35408552035882,,,,,,5.09148289732877,5.57498859956753,,
50.201325,,,,,,,1.14197785550219,,2.49547150391343,3.67611151615645,4.54399944523751,,,,,,5.33637374833932,6.79145581572769,,
50.80135,,,,,,,1.55445710255526,,1.9916753171047,3.4565035087549,4.87718650366082,,,,,,4.93390235211294,6.89415928078828,,
51.40135,,,,,,,1.61403192872926,,1.93059709751948,3.01641636490488,3.95973134555959,,,,,,4.98470008764559,6.1868288114416,,
52.001375,,,,,,,1.50660356853687,,2.56562984594551,3.62270869868138,4.77973645018018,,,,,,5.37200735385037,6.41395680198994,,
52.601375,,,,,,,1.68520625660871,,1.80137825998783,3.40012705858516,3.84571649075269,,,,,,4.82350915856912,5.60247764314937,,
53.2014,,,,,,,0.934112279131478,,1.87807224427211,2.91443397172948,4.92652686997933,,,,,,4.89707540903763,7.0797410199023,,
53.801425,,,,,,,1.75525224269841,,3.01145887250528,4.53907730451225,5.2536129081531,,,,,,5.70753365030879,6.02245513102978,,
54.401425,,,,,,,1.07994862359406,,1.93921527297854,3.3972367705259,4.7308199371507,,,,,,5.14504514141268,6.24328578842276,,
55.00145,,,,,,,1.1699314481608,,1.79480717851247,2.97809953785354,4.51383405390579,,,,,,4.694808046421,7.14609685529022,,
55.601475,,,,,,,1.40023472691985,,2.66616701080917,3.65470410757551,4.97816129025396,,,,,,5.61105878604746,6.45535009527215,,
56.201475,,,,,,,1.17908228213623,,1.91672633987985,3.23915459842668,4.21744516784767,,,,,,5.03838275647897,5.84611233127854,,
56.8015,,,,,,,1.51763839155727,,1.94887335649153,2.56627534564073,4.35141743811004,,,,,,4.74920437734016,5.82827676244403,,
57.401525,,,,,,,1.35139760291695,,2.35287329824144,3.17387616266096,4.48874840324524,,,,,,5.28025393102033,6.07696437816983,,
58.001525,,,,,,,1.33348992452078,,1.70888886272928,3.31396481044482,4.75673197530085,,,,,,4.85709233400159,6.41831819525831,,
58.60155,,,,,,,2.5673064823307,,2.99153790976192,4.25459858431059,4.79767770235453,,,,,,5.55783600122608,6.0035777221586,,
59.201575,,,,,,,1.67732602588384,,2.36643549186605,3.47259072216121,4.24152107249398,,,,,,5.24638501975095,6.22965507113606,,
59.801575,,,,,,,1.50331379357082,,1.63072143211825,3.03518420668793,5.03834843067833,,,,,,4.71133658712779,6.01792705108659,,
60.4016,,,,,,,2.15637459440388,,2.77743862831026,3.48577168311978,4.34463924795032,,,,,,5.4838271276413,6.15414495587975,,
61.0016,,,,,,,1.74080973106856,,2.01922245291225,3.18906443430563,4.5445861889714,,,,,,5.1230249919188,6.22288157929314,,
61.601625,,,,,,,1.73061194940852,,1.90185392533534,3.00656197300312,4.52147549214089,,,,,,4.92209522798747,5.72066260615958,,
62.20165,,,,,,,1.81758942644705,,2.41536820549444,3.54616088343295,4.74724824758936,,,,,,5.03508901220957,6.77228240249268,,
62.80165,,,,,,,1.13705120368659,,1.797818825917,2.93904896569462,4.6611434130832,,,,,,4.87692041182696,5.47109092601735,,
63.401675,,,,,,,1.79106790985299,,2.16298467721727,3.21752217526616,4.97579599565245,,,,,,5.12245416691349,6.47482026947454,,
64.0017,,,,,,,1.65236209667792,,2.63217040129097,3.94407881121953,4.28159413897021,,,,,,5.56244962089582,6.47603345820903,,
64.6017,,,,,,,1.60593913141646,,1.74577403518069,2.80698882006824,4.9518570704811,,,,,,4.72450435555495,5.91172274055332,,
65.201725,,,,,,,0.827147370389814,,2.4461940555904,3.7415868277366,4.68719963463074,,,,,,5.25942737034682,6.61689859238416,,
65.80175,,,,,,,0.87928519166976,,1.93669974979452,3.07672068132337,4.06395564981435,,,,,,4.98591406647121,6.47341976974843,,
66.40175,,,,,,,0.827504001258462,,1.60558564782179,2.9201411443239,4.27528151121822,,,,,,4.66291169220296,6.21020003584532,,
67.001775,,,,,,,2.09531594131578,,2.51305609894506,3.42553457015987,4.06953487338216,,,,,,5.24875874283575,6.05753009525649,,
67.601775,,,,,,,1.15372753092857,,1.92772992563835,3.0838501909031,4.31890608625828,,,,,,5.09010785745468,7.29213736384047,,
68.2018,,,,,,,1.25478876583457,,1.96083928850867,3.1562375056043,4.44659849113573,,,,,,5.18298999916985,6.38232800837263,,
68.801825,,,,,,,0.999416074297938,,2.1809738404135,3.09698352342416,4.55478656937052,,,,,,4.73321499636745,6.89008371602678,,
69.401825,,,,,,,1.37112192949947,,1.78369880701514,2.63576131124029,4.83406297895874,,,,,,4.92269746977695,6.33414632929098,,
70.00185,,,,,,,1.25582590255849,,2.01438996185986,3.36351261150659,4.66556979559136,,,,,,4.83335176680679,6.1990763807383,,
70.601875,,,,,,,1.47185875322563,,2.4566841181676,3.72843762057926,5.53896445744066,,,,,,5.40586169228858,6.16032073647542,,
71.201875,,,,,,,1.12862359757627,,1.7376129030932,3.05265558712597,3.80512569515277,,,,,,4.87376925662059,6.60830413701885,,
71.8019,,,,,,,1.71212072013418,,2.54765122772286,4.0845575143469,4.34240132808512,,,,,,4.99252160532212,5.73617259402622,,
72.401925,,,,,,,1.62454224347074,,2.2786226957148,3.41662155512212,5.3813584384162,,,,,,5.20512079458737,6.60258555665177,,
73.001925,,,,,,,1.3284896975561,,1.81530850641408,3.30003208551206,4.10939408327075,,,,,,4.95182011355121,6.78841903244762,,
73.60195,,,,,,,0.933455729455765,,2.45386560999706,3.09949911100454,4.36329652023894,,,,,,5.16728811095171,6.03722439703539,,
74.201975,,,,,,,0.862292613484788,,1.68242704922196,2.90073362147887,4.24963021006818,,,,,,4.55341519295183,6.18490692490943,,
74.801975,,,,,,,1.26459115203259,,1.9203075466413,2.89463273376723,4.88742386165419,,,,,,5.03113852158998,5.74742613353711,,
75.402,,,,,,,1.23433422358082,,2.81101843160724,3.76930072676441,5.17305168825725,,,,,,5.62383272810341,6.45936507860035,,
76.002,,,,,,,1.3299827507612,,2.04851388038029,3.24887086708932,5.24037227051976,,,,,,5.1676218888639,6.29063998609818,,
76.602025,,,,,,,1.70033268338,,2.03398120934315,3.44864082464162,4.38670304643502,,,,,,5.20839992378119,6.37694017985755,,
77.20205,,,,,,,1.32299514022202,,2.51934454116814,4.00466079468997,4.20625918356085,,,,,,5.35917877168379,6.139613243376,,
77.80205,,,,,,,1.12999555708336,,1.73550386237245,3.10823281282474,4.27930615717176,,,,,,4.6460550911678,6.37581919850265,,
78.402075,,,,,,,1.19594307050613,,2.10611341649179,3.73992077217486,5.30758222929205,,,,,,5.16040764839314,6.55366894487271,,
79.0021,,,,,,,1.56635198759417,,2.34070025634993,3.74788783320421,4.0015415778478,,,,,,5.27914947443642,6.30422340938714,,
79.6021,,,,,,,0.743141241358533,,1.77495121922533,3.02717627655957,4.62498882116373,,,,,,4.70021641612456,6.33541390370463,,
80.202125,,,,,,,1.11630323720085,,2.30772607170921,3.37763839061423,4.08643246635454,,,,,,5.23054863096547,6.48701501967772,,
80.80215,,,,,,,1.30932743485741,,1.57547176095367,3.5530997826168,5.42878068467546,,,,,,4.51527539582497,5.73452376478228,,
81.40215,,,,,,,1.38915404076155,,2.03673903860705,2.92047762229191,4.20234134451517,,,,,,4.81554815215703,5.57844929319946,,
82.002175,,,,,,,1.85135832425315,,2.50008042888829,3.59388419767944,5.01273255733654,,,,,,5.31903018348651,7.11010464129588,,
82.602175,,,,,,,1.44291435526353,,1.76773593889793,3.15929413399134,3.88045422278048,,,,,,5.01428069607416,6.64660993376931,,
83.2022,,,,,,,1.43656920276275,,2.49691408950306,3.43222741260214,4.60667417986347,,,,,,5.24270803778637,6.88421724907576,,
83.802225,,,,,,,1.40649536857942,,2.24474946110868,3.24371526536752,4.42600789990923,,,,,,5.144650358222,6.54276444276059,,
84.402225,,,,,,,1.02150666583138,,1.53250833666996,2.59344604441723,4.7928859455213,,,,,,4.57633914814791,6.08222698962253,,
85.00225,,,,,,,1.7276589691467,,2.53296371736846,3.86196506921585,4.39011922721539,,,,,,5.42828714445719,6.57473450776137,,
85.602275,,,,,,,1.25073484793394,,1.81559625565731,3.00080481686183,3.91636897964272,,,,,,5.05026166628376,5.84529776641277,,
86.202275,,,,,,,1.11946535289404,,1.79861801579198,2.72928657926771,3.69866239522533,,,,,,5.05006211666463,6.86637868540789,,
86.8023,,,,,,,1.50330171681031,,2.25051537235614,3.10141970417436,3.93406577799648,,,,,,5.30986567294719,5.17711840644461,,
87.402325,,,,,,,1.27875940807673,,1.64859937701707,2.86502769229784,4.95377161423579,,,,,,4.76379130593423,6.14244559136968,,
88.002325,,,,,,,1.21375595595022,,2.30510202432174,3.64930265982486,5.15945133640692,,,,,,5.1724899244133,6.54540925144347,,
88.60235,,,,,,,0.611115623548563,,1.87873436259404,3.47901492837709,4.86593054084183,,,,,,4.90175191601146,6.37388487598418,,
89.202375,,,,,,,1.42178395418529,,1.6714380960883,2.63005355201599,4.54145064599621,,,,,,4.62580543739047,5.35174674305723,,
89.802375,,,,,,,1.62927100256461,,2.81657743645306,4.20615823701956,4.12612821506744,,,,,,5.56205846540506,6.94975441887767,,
90.4024,,,,,,,1.23014245667895,,1.86065385118172,2.86817658772463,4.76041232371937,,,,,,4.79326420263855,6.51184633835818,,
91.0024,,,,,,,1.56953813717844,,1.82114340240825,2.89535577958206,4.85195386427021,,,,,,4.67824782032796,6.44582187013119,,
91.602425,,,,,,,1.53870658816324,,2.29919536161538,3.4387665195756,5.00732324525533,,,,,,5.06085854445023,6.6080394159624,,
92.20245,,,,,,,0.877629822009806,,1.53756015692086,2.87935973902301,4.58584784330596,,,,,,4.75124016087162,6.71667577142134,,
92.80245,,,,,,,0.805720876299285,,2.09302956431357,3.08004810361384,3.95509133754375,,,,,,4.71377885637057,7.08138522591204,,
93.402475,,,,,,,0.646135160575189,,1.8189948188778,2.4048754890111,4.6464791875417,,,,,,4.92922359325456,6.834884571174,,
94.0025,,,,,,,0.989147994141583,,1.92368144404869,3.07506940194834,4.49206767424786,,,,,,4.79867120747351,6.55289174506284,,
94.6025,,,,,,,1.12508091170984,,2.11412324407383,3.02852790389848,4.40855155979295,,,,,,5.04336477760526,6.1806940310394,,
95.202525,,,,,,,1.22471190391157,,1.59324816785827,3.1672734953586,4.48512607689107,,,,,,4.66822271437654,6.53946235832363,,
95.80255,,,,,,,0.996149245206725,,2.0954754980615,3.48768483816183,4.12115981679765,,,,,,5.06809390325306,6.37969836004566,,
96.40255,,,,,,,1.02187033068003,,2.18981664272442,3.24221762914423,4.4516563406358,,,,,,4.87694090772404,6.29173538899319,,
97.002575,,,,,,,0.629820207600777,,1.91810236455179,3.38581319926107,4.45880280602035,,,,,,5.00935939352797,7.52130562905833,,
97.602575,,,,,,,1.42495264663301,,2.52248272964997,4.19295845643815,5.28308148771989,,,,,,5.53508791455766,6.29960728921323,,
98.2026,,,,,,,1.32119502846683,,1.65544937406934,2.94715702114556,3.80644059960138,,,,,,4.75459358200057,6.18061974323502,,
98.802625,,,,,,,0.71806635926807,,1.90124853400609,3.05778840158216,4.1660965928625,,,,,,5.09617362316823,6.84810314674443,,
99.402625,,,,,,,1.94634789842185,,2.79640637877622,4.54085191491292,4.13293815841742,,,,,,5.68648621062632,6.44096481022543,,
100.00265,,,,,,,0.8852094144009,,1.72164428333574,3.26386204086575,4.05534587834354,,,,,,4.81383768344804,6.1884578424728,,
100.602675,,,,,,,1.30751080311786,,1.93621995616618,3.33804248901838,4.02533011217241,,,,,,4.74845030133177,6.25234207813898,,
101.202675,,,,,,,1.60705301801158,,2.2148843756181,3.72577306077333,4.80079757479453,,,,,,4.98994673504786,6.30148878572018,,
101.8027,,,,,,,1.21637645388432,,1.50395693871925,2.42745670798389,4.03686435702817,,,,,,4.66138794668973,6.96407986329682,,
102.402725,,,,,,,1.56193893842381,,2.10916712074689,3.51233523911963,3.84983445638502,,,,,,4.9746566102215,6.15708873520848,,
103.002725,,,,,,,0.904821175769726,,2.04703730948106,3.48101308112004,3.81661408662188,,,,,,4.84973392586367,6.89750868622982,,
103.60275,,,,,,,1.40292148062509,,1.71586307535579,3.1446081637,4.35987806718902,,,,,,4.88525606879112,7.11357885200517,,
104.202775,,,,,,,1.18655284572398,,2.25304718591256,3.05195511763722,4.25274052839517,,,,,,4.90332804782048,7.33507315372758,,
104.802775,,,,,,,0.716072098327791,,1.43415399547669,3.21297285103726,4.71618808269625,,,,,,4.61269469237957,6.58933518527813,,
105.4028,,,,,,,1.414855872793,,1.98206402627764,3.23886877531448,4.21405060441946,,,,,,4.89228037707451,5.97824872905034,,
106.0028,,,,,,,1.7339974535188,,2.3249612065927,3.52461484523953,4.83801843750111,,,,,,5.26931171159273,6.45006802763633,,
106.602825,,,,,,,1.50003029360019,,1.81147658534619,3.22440534631808,4.43764311237368,,,,,,4.80607978530892,6.27739284350911,,
107.20285,,,,,,,1.98328099562804,,2.60171536185866,3.70574376901968,4.50859279798812,,,,,,5.3080523116071,6.09401798998509,,
107.80285,,,,,,,0.968847716302596,,1.60242960490723,3.17645997197674,4.22573669233023,,,,,,4.62260409706155,6.73161624599592,,
108.402875,,,,,,,0.758497742587458,,1.5251780482674,3.26069284019973,4.11011225508678,,,,,,4.67154084449829,6.76746484610147,,
109.0029,,,,,,,2.06230945322001,,2.73313035077905,3.78393687149479,4.04528182297334,,,,,,5.52589744706063,5.76317598614259,,
109.6029,,,,,,,1.21686807326683,,1.90138329693796,3.28767919778617,4.59747818494107,,,,,,5.09283457548262,6.27529860249267,,
110.202925,,,,,,,1.0996446806459,,1.89922481576627,2.80049028129178,4.64691307626643,,,,,,4.9501247122712,5.60575661477792,,
110.80295,,,,,,,1.62100819418613,,2.37258266948091,3.24091173732496,3.84241646425942,,,,,,5.05925578610124,5.89027129929275,,
111.40295,,,,,,,0.37532323313506,,1.58447857558852,2.89579680956283,3.67826693315522,,,,,,4.71248208100547,6.0894464519319,,
112.002975,,,,,,,1.05203407735367,,2.11786468136821,3.52597670925156,4.61745863959831,,,,,,4.96415178961783,6.97858296676384,,
112.602975,,,,,,,1.59294835795892,,2.02926772789971,3.48936056298081,5.07073161183951,,,,,,4.8446771712749,5.95983616007894,,
113.203,,,,,,,0.655872041145468,,1.65700860981394,2.98242564724,3.98634433161647,,,,,,4.58058075189512,6.13358415759108,,
113.803025,,,,,,,1.61987306982802,,2.60124039350867,4.37127973598213,5.00549164817468,,,,,,5.47798925496421,5.93148721644916,,
114.403025,,,,,,,1.17247703943226,,1.88438959213944,3.07627083055643,4.38214701968613,,,,,,4.9576616387453,6.44175578368168,,
115.00305,,,,,,,1.13736803386062,,1.89908148366494,3.10582824348674,4.96021708634124,,,,,,4.73118453296967,5.83736147568052,,
115.603075,,,,,,,0.946090572626688,,2.07400300376878,3.46412699082733,3.62809001234074,,,,,,4.88339084975307,6.26951005297619,,
116.203075,,,,,,,1.23349534930372,,1.68370072302526,3.11262008449091,4.91623722183262,,,,,,4.65911410715049,7.31321563669621,,
116.8031,,,,,,,1.65628622398174,,2.33851173586286,3.70833550773078,4.6860874936781,,,,,,5.08655477990485,7.06898942471178,,
117.403125,,,,,,,1.36739738609538,,2.20069060583865,3.58808466102459,4.48794064277451,,,,,,5.15235952063975,6.79376183201246,,
118.003125,,,,,,,1.02391126748318,,1.40638322249349,2.91857944829455,3.81185129727648,,,,,,4.55561784704198,6.9892194645781,,
118.60315,,,,,,,1.31075797723823,,2.24253503603251,2.3317007641035,4.39146905105599,,,,,,5.11803831773632,6.09463387882664,,
119.203175,,,,,,,0.590129260584789,,1.61435170220534,2.70116930934201,4.56099739286374,,,,,,4.52825003051218,6.8310713553501,,
119.803175,,,,,,,0.669423087239484,,1.3406762847136,2.4698555333204,4.46909094206689,,,,,,4.48772894541126,5.71729626278951,,
120.4032,,,,,,,1.89301492196426,,2.36142658796462,3.45600888748626,4.92691105230829,,,,,,5.15784858646331,6.12003044474849,,
121.0032,,,,,,,0.56178023417202,,1.71168039739932,2.92417852759081,3.85454133306233,,,,,,4.67478604916387,5.92296635606129,,
121.603225,,,,,,,1.49066469137544,,1.83436590577392,2.81070786830554,3.72423067363966,,,,,,4.83479544812023,5.81726988394487,,
122.20325,,,,,,,1.21923254789954,,2.15921496483125,3.23256922944023,4.49478566434376,,,,,,5.03692949450821,6.05403755203098,,
122.80325,,,,,,,1.23384873853373,,1.70663694120434,2.81533376626934,4.70791421365937,,,,,,4.78236609960359,6.65203231959683,,
123.403275,,,,,,,1.06516435648969,,2.26550330820826,3.38811153844042,4.86924601126052,,,,,,5.20342153022035,5.78592462987443,,
124.0033,,,,,,,1.53834275908181,,2.15060210028902,3.50982522346114,4.59450330788623,,,,,,4.90275477628313,6.40389621551544,,
124.6033,,,,,,,0.642029074693465,,1.52047809204642,2.73420310791755,4.91772962630599,,,,,,4.4941009601923,6.22247139578489,,
125.203325,,,,,,,0.991356768529452,,1.93954684560818,3.50174596651757,4.17671383828827,,,,,,4.92010677086262,6.52525375082964,,
125.80335,,,,,,,1.16613938505959,,1.52190732516152,3.4820903942706,5.18127866807395,,,,,,4.62155144509502,6.28844409427694,,
126.40335,,,,,,,1.0328614088403,,1.56812612489045,2.92965280647587,4.53270339993402,,,,,,4.47821628526696,6.46909639937108,,
127.003375,,,,,,,1.55107693746982,,2.53294093868531,3.62388093463161,4.68814462720923,,,,,,5.46967042992585,6.35404280574575,,
127.603375,,,,,,,1.08734090110269,,1.86306661286305,3.04136705987404,4.07448861783124,,,,,,4.99949718455763,6.54443975100984,,
128.2034,,,,,,,1.28887718702537,,1.56903731290263,3.08925854418648,3.96964427326464,,,,,,4.74944557180799,5.61155924552601,,
128.803425,,,,,,,0.505252838420379,,2.07035263298837,3.26132809678962,4.23432482953648,,,,,,4.71292331946457,5.91282955052844,,
129.403425,,,,,,,0.552788388832423,,1.40097419905636,2.90596648392241,4.58860725190434,,,,,,4.45011630579635,6.70736666941812,,
130.00345,,,,,,,1.2631134805849,,1.84679238665942,3.31003931145558,4.08150039451357,,,,,,4.77343328098942,6.30625553156701,,
130.603475,,,,,,,1.48412539431959,,2.28323937200478,4.02311803604018,4.43946085803824,,,,,,5.18778844412544,6.78282577912968,,
131.203475,,,,,,,1.02984712153171,,1.78653701123729,3.29068240857007,4.65142696711444,,,,,,4.94958973539444,5.94566015711541,,
131.8035,,,,,,,1.81109780306345,,2.65846970321521,4.34115483369861,4.95357702007375,,,,,,5.54855121734493,6.62799287471434,,
132.403525,,,,,,,1.43472783647943,,2.35626516033998,3.39105540226903,4.71112831969282,,,,,,5.16847047516334,6.41993983375906,,
133.003525,,,,,,,0.951395838374515,,1.54072114990128,2.79563643613881,3.64355010454873,,,,,,4.57772440077742,6.64061469258088,,
133.60355,,,,,,,1.65772689694353,,1.96480940306547,3.55068136565348,4.86390211982745,,,,,,4.743795007803,6.5819140661908,,
134.203575,,,,,,,1.29739091207927,,1.69702728559322,3.30496815103723,4.99236320852566,,,,,,4.74938338544523,7.2135287062303,,
134.803575,,,,,,,1.73570481495933,,1.56765100682941,3.20541691433666,4.73639075914819,,,,,,4.67140032892767,6.65429454322671,,
135.4036,,,,,,,1.9531148756368,,2.7752388382398,3.61177684209155,3.87324015561023,,,,,,5.61051544522775,6.58956348097113,,
136.0036,,,,,,,1.10696336564627,,1.69163638494459,2.63291151958848,3.66073948823234,,,,,,4.88404961897027,6.5427917739266,,
136.603625,,,,,,,1.43910107962393,,1.89165218446693,3.08907068237374,5.52089619187803,,,,,,4.90432541603516,6.16433121286822,,
137.20365,,,,,,,2.098725569433,,2.3612779779754,3.15028490874409,4.4054762391587,,,,,,4.97059157853315,5.80099137519543,,
137.80365,,,,,,,0.724748362824675,,1.67884150707254,3.82578828524914,4.59864997585141,,,,,,4.57344445659439,6.27534150186131,,
138.403675,,,,,,,1.61461400580151,,2.48651575718151,3.45111930201808,4.26633383911855,,,,,,5.48554902038452,6.29019175400984,,
139.0037,,,,,,,1.12471863080257,,2.0020634228096,3.12967203375657,4.12385170260302,,,,,,4.85140872353118,6.57828435275162,,
139.6037,,,,,,,1.20556947967697,,1.66034603182604,2.80481537608778,4.26707155409061,,,,,,4.78095569339474,6.75574762809399,,
140.203725,,,,,,,2.03347072817189,,2.50178139920149,3.96753516585404,4.82982893919865,,,,,,5.23105579272699,6.46864359190703,,
140.80375,,,,,,,1.33379173333285,,2.13951708196247,3.29358381865809,4.36628197445417,,,,,,5.1005704326861,6.06998509394556,,
141.40375,,,,,,,1.23901901045089,,1.81655194758269,3.22511023902783,4.97816245682979,,,,,,4.712345008868,6.77067526811098,,
142.003775,,,,,,,1.32521013403297,,2.35758178076799,3.74748337531916,4.77459346383999,,,,,,5.14121581825154,6.59505513356827,,
142.603775,,,,,,,1.07211822492015,,1.66827182810582,3.28944567055716,4.26132619784497,,,,,,4.75414946396999,6.83075830549179,,
143.2038,,,,,,,1.09209558970972,,1.56273333315744,2.92954333269196,4.57698060339883,,,,,,4.65731295932705,6.57460638795835,,
143.803825,,,,,,,1.59424896069775,,2.48579510314008,3.61317999652907,3.95089485479698,,,,,,5.43116700570079,6.70308922561097,,
144.403825,,,,,,,0.675850105332081,,1.82500959513757,2.72344427966029,4.44893179695357,,,,,,4.92391418072114,6.13743733014351,,
145.00385,,,,,,,1.18863629819485,,2.0245108224111,3.28555205357946,4.53617404471653,,,,,,4.94369344955846,5.89652207230809,,
145.603875,,,,,,,1.07588828597961,,2.63241016783189,3.53700278298392,4.46373486963208,,,,,,5.35604209614867,6.8041978059103,,
146.203875,,,,,,,1.69868778079718,,1.80420151921087,2.90591690866541,4.21954525053749,,,,,,4.94260383452934,6.16861845901193,,
146.8039,,,,,,,2.75863020784266,,2.97905255711424,4.47119309624853,5.15614037235386,,,,,,5.55426443168298,6.7550080011849,,
147.403925,,,,,,,1.68856757355013,,2.34942053533679,3.22726035277001,3.78870816796458,,,,,,5.23567623618985,6.35295597303251,,
148.003925,,,,,,,1.0645524992832,,1.54826221057645,3.17385596614626,4.77648974998989,,,,,,4.70370658976799,6.63931953210493,,
148.60395,,,,,,,1.47161158095836,,2.00750682447779,3.40180121681597,4.50883655132119,,,,,,5.08234236326364,6.18193803720943,,
149.203975,,,,,,,1.51723609646481,,2.14975584743564,3.75708167590504,4.62839457143272,,,,,,4.97268614632657,6.58601608306805,,
149.803975,,,,,,,1.21926677481757,,1.70043496391204,3.39348817446038,4.69023362564653,,,,,,4.99315468734683,6.56044684079694,,
150.404,,,,,,,2.08528294676638,,2.85588450638944,4.78464046900205,4.48945075164901,,,,,,5.5731770989864,7.00185701891434,,
151.004,,,,,,,1.59139840945998,,1.9766610130092,3.79921230972761,4.47390109858419,,,,,,5.29311796249479,6.50066967260413,,
151.604025,,,,,,,0.932754386987391,,1.73707896285017,2.79195692818957,4.12542312257239,,,,,,4.73095361191904,5.70839780378831,,
152.20405,,,,,,,1.57072387569798,,2.28734614307944,3.02610398512972,5.71517101901151,,,,,,5.13770694105858,6.29724046311465,,
152.80405,,,,,,,1.01527415347247,,1.63604578379608,2.67456541682772,4.47128280089405,,,,,,4.65956413911955,6.0821839513253,,
153.404075,,,,,,,0.79183739322518,,1.7216114467606,3.45254180862477,4.37644704111448,,,,,,4.75355405825799,6.19602978545278,,
154.0041,,,,,,,2.19576683625528,,2.50475999996231,4.36523852325266,5.12411572277686,,,,,,5.26334432819313,6.49276218114371,,
154.6041,,,,,,,1.71166875836575,,1.81345397938456,3.19200690864864,4.29633673934118,,,,,,4.90590510455313,6.68253543538209,,
155.204125,,,,,,,1.53548021761382,,1.95936138493262,3.13735907363251,5.28652458817182,,,,,,5.08842449564999,5.9750037696177,,
155.80415,,,,,,,1.94608402067959,,2.81450397009636,3.84046373219206,4.61089786030844,,,,,,5.73275807716668,6.51675733455388,,
156.40415,,,,,,,0.877003661134546,,1.87955330210366,3.4710608012583,4.26907120375755,,,,,,4.95944710668986,5.91494202277507,,
157.004175,,,,,,,1.04627438704675,,1.85605712554192,3.44348262057277,4.52917686323032,,,,,,4.83498756443112,5.82298760283244,,
157.604175,,,,,,,1.96361799051376,,2.41785791388706,3.54969573084533,5.53169459633089,,,,,,5.3780482202935,6.23150465884274,,
158.2042,,,,,,,0.651148510614189,,1.57689314605823,3.05289810378791,3.85243595164186,,,,,,4.55244582926874,6.20709402868679,,
158.804225,,,,,,,1.02047985705429,,1.87503318005438,3.24991705081722,4.22581824474815,,,,,,4.81176364218864,6.46332678711174,,
159.404225,,,,,,,1.70757185997365,,2.47696754720185,3.96434119672663,4.97347861880657,,,,,,5.38450782327427,5.82450557415192,,
160.00425,,,,,,,0.782623004293099,,1.53077611856804,2.52257177086758,4.27911151657228,,,,,,4.63666447547442,5.57465082280917,,
160.604275,,,,,,,1.12035630506173,,2.08918124084527,3.07533684526173,5.14245119721437,,,,,,4.85766244487764,6.2686726822611,,
161.204275,,,,,,,1.20071784860831,,2.14094692453051,3.45561902508188,4.96673310130321,,,,,,5.19943940508598,6.38725122854654,,
161.8043,,,,,,,1.22483999256392,,1.52351637599651,2.77368878430502,4.84580698818208,,,,,,4.67806919745878,6.23211487059837,,
162.404325,,,,,,,0.937758941453983,,1.88224504824253,3.23198167650711,4.18260051845454,,,,,,4.96039256874476,6.13949012990587,,
163.004325,,,,,,,1.03816353665246,,2.1025893177548,3.60132130107177,4.92733723737615,,,,,,4.9472571657313,6.45985600704976,,
163.60435,,,,,,,0.597086980488779,,1.63251523609601,2.63394030520969,4.06082025119557,,,,,,4.74716591785849,5.85774475870046,,
164.204375,,,,,,,1.39890376837999,,2.21540527654129,3.0239178220944,4.52243652372442,,,,,,5.13367622941292,6.63394372188392,,
164.804375,,,,,,,0.645275689873178,,1.75730360666705,2.5711852599326,3.74761009211322,,,,,,4.63245145124277,6.8107940238716,,
165.4044,,,,,,,0.770308064506395,,1.53971346283819,2.23499989060531,4.11526332422849,,,,,,4.66018974524276,6.36964372967836,,
166.0044,,,,,,,1.09011071510736,,1.87058725156549,3.58942357931869,4.3217237181078,,,,,,4.76184965759308,7.20375431501367,,
166.604425,,,,,,,1.20350894213107,,1.63411974708471,3.15332260936581,4.35956604691931,,,,,,4.48312189363533,6.86833479812494,,
167.20445,,,,,,,1.65788710344131,,1.52540974327808,2.83093415457128,4.73521063079652,,,,,,4.55693496550011,5.57119210372623,,
167.80445,,,,,,,1.81445465215065,,2.47014742445081,4.05698665468642,4.24454540086348,,,,,,5.19618062361659,6.16689886495113,,
168.404475,,,,,,,1.07468351876908,,1.74869633238287,2.80598081271086,5.34803910136339,,,,,,4.913184387442,6.50092949262565,,
169.0045,,,,,,,0.601483191243429,,1.57892967245053,2.7175913337043,4.52855586865789,,,,,,4.67599284365465,6.96815654130559,,
169.6045,,,,,,,1.62562364625066,,2.56039767499457,3.65704545764978,4.52472733263198,,,,,,5.30731207665474,7.03229216540251,,
170.204525,,,,,,,1.06476792667329,,1.90555393085584,3.48629623749671,3.81555955632977,,,,,,4.89733592713595,6.07713785738524,,
170.80455,,,,,,,0.975372002092985,,1.47198006053249,2.97768001213669,4.21329279136264,,,,,,4.70871676732885,7.04500961757545,,
171.40455,,,,,,,1.531961226551,,2.14829354258716,3.46946530774281,4.66176048747946,,,,,,4.90791471283157,6.62120782103957,,
172.004575,,,,,,,0.700198346067775,,1.47903998164879,3.13691212870952,4.87869206681998,,,,,,4.51757218209965,6.94350240737717,,
172.604575,,,,,,,0.970784698792678,,1.8110336293359,2.81019442244431,5.03208284150591,,,,,,4.82039682339023,6.99612912505556,,
173.2046,,,,,,,1.53039330620795,,2.12718794158623,3.28676972740247,5.10856162286173,,,,,,5.16879155896992,6.06578147474548,,
173.804625,,,,,,,0.65959909308336,,1.45519728924371,2.78850181281273,3.84504147160178,,,,,,4.46617923913733,6.17823673493939,,
174.404625,,,,,,,1.15784426292519,,1.41604058920921,2.94308859565795,4.15551511169252,,,,,,4.45145837845324,6.69608683031438,,
175.00465,,,,,,,1.93836703490633,,1.95113125498956,3.19227138030143,4.49592404690676,,,,,,4.68269416140908,5.80184372392351,,
175.604675,,,,,,,0.805474568854025,,1.46511666843343,2.81096791548125,4.08048279997901,,,,,,4.48494309742546,6.57567990690731,,
176.204675,,,,,,,1.25132230557716,,2.09280244364437,3.43941883710282,5.23114055638882,,,,,,4.80848069975691,6.11545907480266,,
176.8047,,,,,,,1.0660802730562,,1.86545006120543,3.0133775987333,4.67815076490292,,,,,,4.87272348783073,6.28248772704525,,
177.404725,,,,,,,0.486732825108586,,1.41087244610617,2.91514258197947,3.51458136748011,,,,,,4.3988306637202,6.62373850042105,,
178.004725,,,,,,,1.50456879077476,,2.20672240937334,3.20297504709435,4.26292106758615,,,,,,5.00477799716046,7.34299111490792,,
178.60475,,,,,,,1.03112795809041,,1.56149975774508,2.95603328174824,3.98586879289781,,,,,,4.61872251234116,6.82645706153127,,
179.204775,,,,,,,1.13784571226988,,1.42552879755085,3.02651254022861,4.22938039794418,,,,,,4.624593391177,7.24324656574238,,
179.804775,,,,,,,1.33406060961982,,2.17681214488915,3.60055339149493,4.11818566338123,,,,,,4.93528798355767,6.03485122583512,,
180.4048,,,,,,,0.767204274907378,,1.64529328904281,3.3341994389242,4.74338694003372,,,,,,4.50610417829459,5.98233195282773,,
181.0048,,,,,,,0.708040149967159,,1.57132369753393,2.70079811788428,4.3802051069426,,,,,,4.6046294663319,6.68329668084633,,
181.604825,,,,,,,1.12052388777778,,1.80695284128189,2.61600612982954,5.46289257162008,,,,,,4.68287438178415,6.30292917411617,,
182.20485,,,,,,,0.979840190124418,,1.36590015436327,2.73845596637978,3.91531304770852,,,,,,4.55659094320346,5.77722900467003,,
182.80485,,,,,,,1.12046923820719,,1.76999702453179,2.5323838529999,4.91249447853462,,,,,,4.75045925195396,6.28660817696357,,
183.404875,,,,,,,1.61752220906035,,2.26554850873023,3.50182587268865,4.386575648298,,,,,,5.00970999095834,6.40572096325268,,
184.0049,,,,,,,0.526548146229871,,1.48755043720374,2.9251016196367,3.72262984422791,,,,,,4.50236315318697,6.55813610875884,,
184.6049,,,,,,,1.59949319158389,,1.88173140476689,2.84805887131461,4.32749604936927,,,,,,4.84716373739467,6.12426839961136,,
185.204925,,,,,,,1.21267004632458,,1.90438637050953,3.44494498327197,4.60486976139313,,,,,,4.96928545825231,6.93995140722918,,
185.80495,,,,,,,1.02288647937687,,1.53264312365868,2.64721077976904,3.91256417927563,,,,,,4.50308094998154,5.76964383528389,,
186.40495,,,,,,,1.74184198036933,,2.64350322563678,4.03972328829437,4.35583554540752,,,,,,5.31257754915479,6.05727795976018,,
187.004975,,,,,,,0.894551965154534,,1.59320833356963,3.0806379914629,4.76191648238413,,,,,,4.67147733474608,6.9582288388362,,
187.604975,,,,,,,1.12729623201924,,1.75950972965637,3.48665222104616,3.78982167492251,,,,,,4.77640720862475,6.3054716068528,,
188.205,,,,,,,2.12305341616112,,2.58070796980753,3.94646806758448,5.20344033956505,,,,,,5.462636065391,6.14349072455891,,
188.805025,,,,,,,0.972564255857629,,1.65442225646053,3.15741256165462,3.84583253579846,,,,,,4.6712773178275,5.7986800472559,,
189.405025,,,,,,,1.41971834267289,,1.80125946215726,2.94570116061496,4.42742980857317,,,,,,4.84204400838112,6.19868747671675,,
190.00505,,,,,,,1.08212740898879,,2.25650984564396,3.70794233007863,3.66507744417308,,,,,,4.87263177540732,5.94430760413624,,
190.605075,,,,,,,0.569498597423905,,1.5845091729833,2.93405782924217,4.23676132724146,,,,,,4.77241090130543,5.9516584781986,,
191.205075,,,,,,,1.57952805791072,,2.14898687523174,3.27411970423577,4.73707432041067,,,,,,5.00048662568228,6.27189301375617,,
191.8051,,,,,,,1.39759576549839,,1.82152740908025,3.07422664090268,4.32095686435681,,,,,,4.85741348989805,6.34270216218693,,
192.405125,,,,,,,1.16506678423211,,1.65271006744427,3.20500745677596,3.97552075921651,,,,,,4.67865418318648,6.99330751419804,,
193.005125,,,,,,,2.20930707677999,,2.6351804076653,4.26456552648708,4.32371052831276,,,,,,5.22077906588494,5.9979836438477,,
193.60515,,,,,,,1.44329656651434,,1.72359293031427,2.52572381147599,3.90403576373276,,,,,,4.86555671297142,6.29753140909102,,
194.205175,,,,,,,1.09275564028583,,1.9450279839306,2.80165935247157,4.05854803804211,,,,,,4.87715907086876,6.68742197878683,,
194.805175,,,,,,,1.77792290146656,,2.01047648503699,3.52175906185656,5.60082435784752,,,,,,4.98699454756268,6.20354992397881,,
195.4052,,,,,,,1.34270185062376,,1.68001072372237,2.72538515177326,4.51203928912248,,,,,,4.79270233623403,5.76197051357025,,
196.0052,,,,,,,1.10778562488708,,1.96789958175628,3.36105707403263,4.56182570499146,,,,,,4.81819304271015,6.69248119573902,,
196.605225,,,,,,,1.4519025615617,,2.21343944565107,3.44767008932424,5.0599455253406,,,,,,5.3164038210444,6.13519445600366,,
197.20525,,,,,,,0.93166341075632,,1.73256297743799,3.26716564905781,4.97559505205086,,,,,,4.90913613795471,5.6223532468283,,
197.80525,,,,,,,1.47799379726924,,2.5191130214739,3.57442457279941,5.08025261698992,,,,,,5.41878085025981,6.3425901719964,,
198.405275,,,,,,,1.25747983526854,,2.09128857793166,3.23170568896068,4.38935896528377,,,,,,4.84474791397796,6.10525178631705,,
199.0053,,,,,,,1.18118097566287,,1.63863365723591,3.13827107433371,4.17031719541779,,,,,,4.64862733703492,5,,
199.6053,,,,,,,1.18325066130737,,2.38271517064244,3.28635885921978,4.7795553125676,,,,,,5.312302309927,6.48058977619201,,
200.205325,,,,,,,1.20325467957713,,2.20677490216268,3.09181188114626,4.89107914258431,,,,,,5.09079809756898,6.98524786630531,,
200.80535,,,,,,,0.679868222323864,,1.54192665793858,2.66999466929546,4.64978151489436,,,,,,4.46961735701596,6.5544539153466,,
201.40535,,,,,,,0.892423337096954,,2.27623628367137,3.38142694660827,4.94742949976897,,,,,,5.09502742009356,6.73069662479366,,
202.005375,,,,,,,1.43613476312872,,2.02096813732252,3.29002580860123,4.54624388434521,,,,,,4.89048185766661,6.08247265682391,,
202.605375,,,,,,,0.516931227714656,,1.55570421365209,2.60131018600147,4.12297814189284,,,,,,4.74148693542525,6.06109711061565,,
203.2054,,,,,,,2.16953277903002,,2.38698844911368,3.63497787492645,4.63745944285116,,,,,,5.03719791431359,7.03112421019497,,
203.805425,,,,,,,1.20789614299807,,1.85894647081124,3.46375883499827,4.76019882225124,,,,,,4.87304062539614,6.64451585649468,,
204.405425,,,,,,,1.38053358624553,,1.55141911074787,2.99270363909725,4.37454751442755,,,,,,4.65623072581757,6.28698637920977,,
205.00545,,,,,,,1.17257704390668,,2.05761633860147,3.43881747314289,3.97467926739996,,,,,,5.07585559491956,5.60467783662733,,
205.605475,,,,,,,0.803413897271621,,1.64390617332649,2.7449490225665,4.50821246701451,,,,,,4.91291434153892,6.32230118816597,,
206.205475,,,,,,,0.979695748858813,,1.69467889179563,3.52327290837725,4.6065260393319,,,,,,4.77176135442283,5.97867019075903,,
206.8055,,,,,,,1.31287499409549,,2.39825555896433,3.78658434225311,4.5447253010556,,,,,,5.21171304961063,5.88922976891196,,
207.405525,,,,,,,0.92579815277955,,1.46383783543418,2.91711443898273,4.29423608882754,,,,,,4.55541401125344,5.96309908692811,,
208.005525,,,,,,,1.01230086837211,,1.68919751027878,2.937917539834,4.73760309612098,,,,,,4.92244242091193,5.78810659632905,,
208.60555,,,,,,,1.41314806888232,,2.04752536764393,3.15652815712626,4.07016625225487,,,,,,4.95251004062718,6.9604709783393,,
209.205575,,,,,,,0.70028443672206,,1.40095873838243,3.1527300087845,4.43931882044685,,,,,,4.41082568853246,6.21377987033258,,
209.805575,,,,,,,1.16828750181746,,2.12288145979839,3.53150574226996,4.18626347031866,,,,,,4.68610509447187,5.76361633464195,,
210.4056,,,,,,,1.17317182671753,,1.78374441627963,2.85889192849549,4.86578584551205,,,,,,4.45249620386856,7.18883136826135,,
211.0056,,,,,,,0.728846429719445,,1.40282715974611,2.77540360607422,4.01576591947161,,,,,,4.40401496771047,5.92695246909643,,
211.605625,,,,,,,1.43922326826063,,2.46734257807897,4.39332691236877,4.38108081691707,,,,,,5.0169671574317,6.85461079383282,,
212.20565,,,,,,,0.674191276098673,,1.53489967614686,2.91310396393499,4.47236496085115,,,,,,4.58037087854007,6.88786808394231,,
212.80565,,,,,,,1.18406433380677,,1.72306473246961,3.10656379551982,5.00345788861024,,,,,,4.619926459618,7.12187928584633,,
213.405675,,,,,,,1.34869071292874,,2.00381997533388,3.48889136887746,4.16560060115841,,,,,,4.97119880033105,6.96509678832936,,
214.0057,,,,,,,1.17489999572563,,1.65899358954129,3.31547140533761,4.97158074830466,,,,,,4.58770584160625,6.67589241644744,,
214.6057,,,,,,,1.38547179955918,,1.9848759611914,3.38590065568762,4.31963575880806,,,,,,4.96149220797178,6.47444436279693,,
215.205725,,,,,,,1.23517117229075,,2.01155901910088,3.53793954363495,4.58108069709198,,,,,,4.71376171187231,6.05697899053422,,
215.80575,,,,,,,0.789109658641963,,1.44339955243359,2.84117088511969,4.43558035513403,,,,,,4.37389317336945,6.39703816712554,,
216.40575,,,,,,,1.22460772724206,,1.59078155022197,3.15565215272874,5.40602960193179,,,,,,4.50871734438183,6.37702020773155,,
217.005775,,,,,,,1.00695253953984,,1.55940703831104,3.1449664338807,4.24973073971031,,,,,,4.28156036171405,5.87989713932113,,
217.605775,,,,,,,0.458024575707474,,1.28392206967216,2.94672010941684,4.79149158679433,,,,,,4.31317389285732,6.60468727649829,,
218.2058,,,,,,,1.21305204294925,,1.95171709296236,2.73012793160308,4.3390160871672,,,,,,4.79631886099925,6.27984330322734,,
218.805825,,,,,,,0.355858352432031,,1.52786560697924,2.91804011209251,3.67299795076277,,,,,,4.3604578829705,6.49630426462808,,
219.405825,,,,,,,1.36127219686316,,1.43543090283642,2.47127362672441,4.28120396844895,,,,,,4.38366079296008,6.27364211308408,,
220.00585,,,,,,,0.974910709493108,,2.23067350657478,3.71957669659116,4.35712775965817,,,,,,4.92018923906182,6.75038589523929,,
220.605875,,,,,,,0.834611651613941,,1.6677144356453,3.11279410834324,4.10956630607011,,,,,,4.98229801026826,5.96914746887987,,
221.205875,,,,,,,1.3560843993372,,1.92525753021527,3.40251120735924,4.94988312469491,,,,,,4.89655983189456,5.40890775405889,,
221.8059,,,,,,,0.843869626810911,,1.98041671521138,3.89925069327298,4.49794947993534,,,,,,4.84169831595071,5.86463744091253,,
222.405925,,,,,,,1.10494472498264,,1.46335372258349,3.08851788072185,4.88806822525743,,,,,,4.45398709298972,6.16754941562863,,
223.005925,,,,,,,1.36349518324906,,2.33189480653632,3.59038725861029,4.40652270004776,,,,,,5.50138186156446,6.31698559689111,,
223.60595,,,,,,,1.10727325185863,,1.8998584643818,3.09987885787694,4.87401904136113,,,,,,4.89914889160087,5.96064738519506,,
224.205975,,,,,,,0.680123900309956,,1.48105477720673,3.19802877353378,4.58646452790487,,,,,,4.50216610818967,6.39298762560248,,
224.805975,,,,,,,1.22898180170961,,2.55436338127026,3.60870704408057,4.29335810973574,,,,,,5.52329115247052,6.84118496786699,,
225.406,,,,,,,1.52491830742965,,1.59742854142856,3.09461547900388,4.81415422017829,,,,,,4.60511650884004,6.44253204018852,,
226.006,,,,,,,1.12701138614551,,1.67000004730086,2.87913283463665,4.39247114697678,,,,,,4.90064041967179,5.63791570516807,,
226.606025,,,,,,,1.31727005269187,,2.23312305858912,3.26730315885861,4.88246805184959,,,,,,5.00758216401098,6.34389948022684,,
227.20605,,,,,,,0.948738914064328,,1.55834591909831,2.6292875081016,4.28527774048599,,,,,,4.67545262006274,5.83488630801772,,
227.80605,,,,,,,1.04223347936995,,2.00492378871398,3.44118257940366,4.32041468668696,,,,,,4.83354983791332,6.62380073295452,,
228.406075,,,,,,,0.979137438915539,,1.99536595171774,3.78482212703012,4.88223520638424,,,,,,4.96714801767416,6.71506782599682,,
229.0061,,,,,,,1.41814371902909,,1.47229298105708,2.78545931490976,5.07517000589597,,,,,,4.51188150789284,7.02330758644739,,
229.6061,,,,,,,1.08158720231847,,1.82983037429761,3.19868543797511,4.63869762312203,,,,,,4.68321648117056,6.44358705574158,,
230.206125,,,,,,,1.53928960576438,,1.94738366894545,3.2313754155014,4.84417974150575,,,,,,4.84320440945907,6.09009233641031,,
230.80615,,,,,,,1.13767161033367,,1.37021462997119,2.57684292470699,4.58496328758582,,,,,,4.43248444412139,5.82718890790957,,
231.40615,,,,,,,1.34397662257976,,2.26273176633519,3.61124326531991,4.25014324405049,,,,,,5.02378500967418,5.71400954125341,,
232.006175,,,,,,,0.74981132923417,,1.63624594062761,3.24929992044083,5.18195441013675,,,,,,4.70141749231878,5.88375294661952,,
232.606175,,,,,,,1.06878719355501,,1.51985221031603,3.06899186801044,4.41172536599228,,,,,,4.53583942110855,6.1036601389158,,
233.2062,,,,,,,2.19627779865131,,2.51822663774571,3.53512660484833,5.58606063545025,,,,,,5.14954064692104,7.07720996019751,,
233.806225,,,,,,,0.816327947564932,,1.52709245727592,3.45594381602617,4.60374219664325,,,,,,4.59065089575741,6.31189140128249,,
234.406225,,,,,,,1.04314293728433,,1.54277839267123,2.77794809535113,4.96760927275125,,,,,,4.55287660702748,6.32525193607041,,
235.00625,,,,,,,1.35518399195293,,2.27847938904298,3.16718550642665,4.86882061024715,,,,,,5.12964354482997,6.33909713675849,,
235.606275,,,,,,,0.394491118802606,,1.39119531088527,2.06289377345029,3.29558593065606,,,,,,4.28147094365435,6.06418007419027,,
236.206275,,,,,,,0.962334631909381,,1.74882154353182,2.72370507769895,3.73779496247644,,,,,,4.64407859582688,6.69106464714396,,
236.8063,,,,,,,1.41292076943151,,1.92982165979619,3.29574895870835,4.76578291691145,,,,,,4.96594447854052,6.77278440184487,,
237.406325,,,,,,,0.0918761662475225,,1.37573908626363,2.44141551150076,3.92459985563861,,,,,,4.31423489177914,6.45200590277485,,
238.006325,,,,,,,1.0462716308923,,1.8472710752165,2.94830026188311,4.94991929769173,,,,,,4.95059712163743,5.98952580171629,,
238.60635,,,,,,,1.79296609644635,,2.1666514882666,4.16365108882677,4.66967438043143,,,,,,4.96262312427586,6.71292249080306,,
239.206375,,,,,,,0.797522312355009,,1.43870532684706,3.10242036271935,4.76462066874003,,,,,,4.50231494789756,6.50312046093219,,
239.806375,,,,,,,1.12453647485596,,1.97072517748271,2.86675773021203,3.72628391890972,,,,,,4.71877946824513,7.02201856032526,,
240.4064,,,,,,,1.31148539742502,,2.24370575662198,3.51739810718357,5.11990747636986,,,,,,5.30932103131565,6.76010237416043,,
241.0064,,,,,,,0.645071738726687,,1.43590416333907,2.6732518305761,3.73744124793859,,,,,,4.53902618858985,6.84934039396985,,
241.606425,,,,,,,0.868418342672012,,2.03023711441164,3.28140044716632,4.87938088117346,,,,,,4.83313690691688,5.7498319389642,,
242.20645,,,,,,,1.48486499944449,,2.06862425923009,3.83945024009204,4.47671500242562,,,,,,5.16537331930383,5.84059191159536,,
242.80645,,,,,,,0.450207919470848,,1.44607319957364,2.53100583766029,4.55945420066754,,,,,,4.47005938623436,6.53867540540765,,
243.406475,,,,,,,1.21632654809575,,2.30655173027398,3.20175657814059,4.5876431284562,,,,,,5.06094976959006,5.83164187131588,,
244.0065,,,,,,,1.20673835377555,,1.81369184890663,3.18660873811455,4.65912488356072,,,,,,4.90760889185906,6.83942963851389,,
244.6065,,,,,,,0.429007893556754,,1.55444344151433,2.98211599229214,4.20854769220322,,,,,,4.67361614741971,5.78515240242448,,
245.206525,,,,,,,1.4460101660294,,2.49964168390834,3.72979247757487,5.16411314789775,,,,,,5.27134199318238,6.20284332034777,,
245.80655,,,,,,,1.2790621723106,,1.93278913878421,3.42622049874803,4.53352314072089,,,,,,5.08199561637577,7.35778551802078,,
246.40655,,,,,,,1.39938312566444,,1.64406736499354,2.73026658368162,4.46223384888828,,,,,,4.67955359667072,5.89353285647552,,
247.006575,,,,,,,1.72160514095905,,2.58730405948141,3.68278662339081,4.57938839307872,,,,,,5.43204019541103,6.40665158946694,,
247.606575,,,,,,,1.17739126550942,,1.55927470392672,3.51939467841422,4.44504521146733,,,,,,4.78906549436278,6.73308657610413,,
248.2066,,,,,,,0.742023832077676,,1.75863662740964,3.10672241351849,4.22798849569427,,,,,,4.70066817094562,6.02596457893696,,
248.806625,,,,,,,1.74179414560444,,2.7665668443682,3.89365528524551,4.67872386920039,,,,,,5.53521422240566,6.31908062699725,,
249.406625,,,,,,,1.07593639082891,,1.73991205762599,3.09448979305743,4.28135591455102,,,,,,4.87486655504765,6.92010212796533,,
250.00665,,,,,,,0.895430596074196,,1.77934335216563,3.56820187015388,4.62522860184655,,,,,,4.87462396505563,6.52296859149898,,
250.606675,,,,,,,1.38444100167769,,2.59639083989497,4.21687768046865,3.65766680765113,,,,,,5.14205454485402,6.7622760298746,,
251.206675,,,,,,,0.982047873806543,,1.53272669562926,3.17251056323789,4.62321056058817,,,,,,4.53703984674612,7.19645753906135,,
251.8067,,,,,,,0.861412377184926,,1.77981275509212,2.26091325198828,5.04515676833285,,,,,,4.59407481832416,6.02650860750022,,
252.406725,,,,,,,1.57462703602185,,2.26311638036614,3.13140648460759,4.46266598873983,,,,,,5.39935815758586,6.27234123067387,,
253.006725,,,,,,,1.06595845250793,,1.67366059579623,2.73702597130466,3.63053527787309,,,,,,4.75260780378012,5.80739676056636,,
253.60675,,,,,,,0.768274538798646,,1.73505258926837,2.72351277719763,4.38938300761859,,,,,,5.07969051444506,6.31305574685864,,
254.206775,,,,,,,1.68267878643127,,2.67913777030129,3.70143946717763,4.47661806020549,,,,,,5.50311897543134,6.02919043141831,,
254.806775,,,,,,,1.16074382547291,,1.80451079832816,3.20075504021939,3.93366735402064,,,,,,4.9784722091872,5.78524579998102,,
255.4068,,,,,,,1.12354410166324,,1.71689585453012,3.03730219960163,4.02675641522487,,,,,,4.63911659188305,6.16077727117604,,
256.0068,,,,,,,0.918378666228154,,2.26540805427693,3.35733247524095,4.88335875470229,,,,,,5.13229969428395,6.33838064982766,,
256.606825,,,,,,,1.2423581216561,,2.40065039018741,3.6431055007199,5.47333459581911,,,,,,5.59083931494382,6.78888308773424,,
257.20685,,,,,,,1.3325148380623,,1.83079384965847,3.26089300363117,4.28307381974134,,,,,,5.09546381926711,5.92592090160003,,
257.80685,,,,,,,1.4366152100401,,2.17503105153018,3.63342952040012,4.85366296214136,,,,,,5.30203672832985,6.17435675944939,,
258.406875,,,,,,,1.92303372528901,,2.62779601422847,3.83133837165697,4.49443228161022,,,,,,5.35426592998611,6.34359194560127,,
259.0069,,,,,,,1.06998316852757,,1.61847520368644,3.27097236298778,3.9905158683736,,,,,,4.73136155279211,7.27585154205679,,
259.6069,,,,,,,1.3377424500597,,2.22588612337241,3.76575352235879,3.82588436924499,,,,,,5.14249561461067,5.18134026129961,,
260.206925,,,,,,,1.22734103137788,,2.06601799416058,3.16403311614291,5.05139779118391,,,,,,5.21506024630256,6.42471130557452,,
260.80695,,,,,,,0.926224302302776,,1.51545530243167,2.45185307466662,4.06045900571152,,,,,,4.48654986315916,7.22317504487751,,
261.40695,,,,,,,1.6084596670626,,2.03340375273036,3.37085165406859,4.87615613542299,,,,,,5.22760057867732,6.42209894375429,,
262.006975,,,,,,,1.11972388150943,,1.89718417327866,3.05193706035352,4.18550747938341,,,,,,4.92676189346163,6.5863108065551,,
262.606975,,,,,,,0.892219824028534,,1.63035999803083,2.9015401309401,4.17921617800007,,,,,,4.81106619788798,6.18536566758964,,
263.207,,,,,,,1.24847352633609,,1.73673491866146,3.18328159752209,3.93097653818401,,,,,,4.89667484333492,6.34601176470767,,
263.807025,,,,,,,2.13404992343831,,2.92966528289694,4.16740726950204,4.04737331915736,,,,,,5.51304879424146,6.15440184510575,,
264.407025,,,,,,,1.50980496511228,,1.73461551074041,3.23627456770962,4.21184626265434,,,,,,4.98955591219172,6.1965997829614,,
265.00705,,,,,,,0.865406811980611,,1.59756895002942,3.04530923236368,4.47325944566422,,,,,,4.62826069748721,6.03696123838416,,
265.607075,,,,,,,1.40047196223219,,1.98886433102499,3.49477032179182,4.9356468178292,,,,,,4.83935761989552,6.27584459443608,,
266.207075,,,,,,,1.25581239118893,,1.79762831260994,3.24074470260833,4.75651126705453,,,,,,4.72312472670592,6.27163434248073,,
266.8071,,,,,,,0.829884693652305,,1.32484058926617,2.77787534281501,4.23898148443796,,,,,,4.47941140243859,6.32902714378282,,
267.407125,,,,,,,1.25049433854296,,2.29148280835687,3.69515082386497,4.4628428569294,,,,,,5.23063520676967,6.46656914459516,,
268.007125,,,,,,,1.14348634452389,,2.09537070443856,3.09854215323234,5.10221997673784,,,,,,4.90450971358886,6.10454468936457,,
268.60715,,,,,,,0.728813165545407,,1.67001233093655,2.88004656319971,3.82492420366926,,,,,,4.66262898747003,6.35964763950942,,
269.207175,,,,,,,1.66717754063929,,2.17745935940621,2.91997989819325,4.45096907571954,,,,,,4.89443504204132,6.13088937868481,,
269.807175,,,,,,,0.851674960993699,,2.07545024482919,3.17810908672364,4.82485133751483,,,,,,4.96950495570009,6.17433742601395,,
270.4072,,,,,,,1.33040786221074,,1.70627387205307,3.24064580380771,4.60225026959411,,,,,,4.96443698774795,6.32639202813882,,
271.0072,,,,,,,1.46563753378127,,1.97690369667823,3.0317730381632,4.69684049769365,,,,,,5.09517481530749,5.56137292848077,,
271.607225,,,,,,,1.10865495062414,,2.35753756648073,3.31587069713335,5.14663826135016,,,,,,5.39452144045364,5.95882052766133,,
272.20725,,,,,,,0.836137120169308,,1.74943956119358,3.32570015865402,3.79734861580876,,,,,,5.02305591961729,6.34622389754166,,
272.80725,,,,,,,0.981040266639905,,1.73213806047221,3.06603388213937,4.96814681690902,,,,,,4.89172015227543,6.2435993040489,,
273.407275,,,,,,,1.30928900454266,,2.34565872214177,3.52342360819762,5.05229338236852,,,,,,5.27617415446554,7.18268503987251,,
274.0073,,,,,,,0.754652643451583,,1.51129280697029,3.18580175562619,5.08749957988814,,,,,,4.6287136479904,6.27400068763424,,
274.6073,,,,,,,1.21288913229201,,1.5437589892318,3.0266899952553,4.30490084508952,,,,,,4.60905768830593,6.31638344768259,,
275.207325,,,,,,,1.00291987019951,,1.69082227467063,3.30446825018185,4.21890303190951,,,,,,4.68264757676942,6.46511439454128,,
275.80735,,,,,,,1.87139867377779,,2.05874098658877,3.3458914900799,5.03104525947785,,,,,,4.98992974108501,6.79774436246454,,
276.40735,,,,,,,0.488668558871772,,1.50907004317219,2.67813421592921,4.2733876219658,,,,,,4.68653854208534,6.36817010254981,,
277.007375,,,,,,,1.81866700444617,,2.69053254266428,3.73220599567646,4.44205597463166,,,,,,5.73654531373138,6.17003181626879,,
277.607375,,,,,,,0.890164942249838,,1.9554761021254,3.18175925925483,3.9578392170211,,,,,,4.99146365269715,6.65663991947015,,
278.2074,,,,,,,0.471930797560498,,1.62203455463633,2.88295351389588,4.40629942554103,,,,,,4.62636840495145,6.45967455495051,,
278.807425,,,,,,,1.71307837101184,,2.15750822338715,4.11311737314714,4.49370017994671,,,,,,5.05750935363633,6.57438302818926,,
279.407425,,,,,,,1.19816534435004,,1.88030346666479,3.36731825211597,5.04035102712055,,,,,,4.92885870241793,5.85072039449529,,
280.00745,,,,,,,0.96267080096428,,1.66051695577771,3.35273254188574,4.27165475680715,,,,,,4.66129450915116,6.32821089307385,,
280.607475,,,,,,,0.464846237577659,,1.79904357206686,2.84805026424054,4.60150079750897,,,,,,4.68742206957963,5.7930834458996,,
281.207475,,,,,,,1.00632186150409,,2.22483924659566,3.49205160931933,3.92515792067207,,,,,,5.22210362865242,6.18371361192188,,
281.8075,,,,,,,0.861090892357477,,1.39006480476844,3.28681723223194,4.54677874018689,,,,,,4.35173517575867,5.90982517856185,,
282.407525,,,,,,,0.49727737287735,,1.99398367817931,3.35028130062224,4.37552347774186,,,,,,4.99205233534097,6.71976919871907,,
283.007525,,,,,,,0.921559072141235,,1.76727902538883,3.9358316580502,4.00286136587262,,,,,,4.71581432905203,6.32820196014322,,
283.60755,,,,,,,0.823611243611783,,1.48493736614409,2.51283707589653,3.75743383049333,,,,,,4.41151254116085,6.11046070226677,,
284.207575,,,,,,,1.06123552537315,,1.60448279447263,2.88435075910949,4.9904586887367,,,,,,4.65556757810949,6.55571889589576,,
284.807575,,,,,,,0.797277444360749,,2.00581712137316,3.33371644698195,3.8654457018777,,,,,,4.87040967543154,6.44846694953545,,
285.4076,,,,,,,1.37429181607643,,1.91478573785122,2.91260131663166,4.33721378654931,,,,,,4.93400232612164,5.83898467780352,,
286.0076,,,,,,,0.475451525585471,,1.4492911621887,2.37429591671742,3.79113784995466,,,,,,4.37544063820099,6.00756776239178,,
286.607625,,,,,,,1.44686178809086,,2.27748623508174,3.75340762563165,5.13263309352245,,,,,,5.08447225950069,6.71794247397208,,
287.20765,,,,,,,0.99892180069122,,2.1427874150478,3.72132574662784,4.25949569312316,,,,,,5.39799863261109,6.1724953638625,,
287.80765,,,,,,,0.713563156958464,,1.59406456392499,3.010485558433,4.62442766089652,,,,,,4.64243839800529,5.82222360065468,,
288.407675,,,,,,,1.29322370251244,,2.10655641023352,2.89701922537869,4.09429245194839,,,,,,5.04734507565433,6.78251398129184,,
289.0077,,,,,,,1.7020864108094,,2.20093283522569,3.14046942678317,4.44984183341864,,,,,,4.96350272060756,6.83186791247715,,
289.6077,,,,,,,1.25186719197332,,1.76098666223252,2.89523415865768,4.14273396881726,,,,,,4.94635135789734,6.65321317279578,,
290.207725,,,,,,,0.737239314078935,,1.84231512682049,3.03293497688339,4.30048851471259,,,,,,5.1098331493319,5.90622111830446,,
290.80775,,,,,,,1.88562391806778,,2.67741163065418,3.76147343021111,4.45773775496256,,,,,,5.5326602401358,6.24812666104781,,
291.40775,,,,,,,0.364379403311075,,1.75456897653061,3.02272793312343,4.26626719330963,,,,,,4.87038015911751,6.17754625168269,,
292.007775,,,,,,,1.51203475936268,,1.74180842154671,2.95999685815116,4.27118620754642,,,,,,4.77852654077915,5.4565987799871,,
292.607775,,,,,,,1.90939960056047,,2.44043931121419,3.63891594456067,4.26692571531811,,,,,,5.53944832044899,6.96022328489918,,
293.2078,,,,,,,1.0116152941863,,2.07797372891169,3.24036276213299,4.62386959791378,,,,,,5.1039748479671,5.79942688373605,,
293.807825,,,,,,,1.13720005121407,,1.74885961456572,3.20417083604769,4.5714742367682,,,,,,4.8819318165901,6.13960136930519,,
294.407825,,,,,,,1.39587140357504,,2.1057936272333,3.0890262341569,4.64076861751212,,,,,,5.10315196513215,6.09852265723957,,
295.00785,,,,,,,1.65598139104399,,2.53177437908339,3.40527706341017,4.60612557931832,,,,,,5.38235000731081,5.92040876791914,,
295.607875,,,,,,,1.21789869431277,,1.50311615613454,3.15040234601145,4.75556001796575,,,,,,4.73637169898024,6.53398384432597,,
296.207875,,,,,,,1.16933302995513,,2.16125240318417,3.39312525448755,4.34441447050805,,,,,,5.00875111786501,5.96579603152647,,
296.8079,,,,,,,1.62777937143957,,2.11066316172362,3.58354150774986,4.8185030300433,,,,,,4.96887799979595,6.62805778486711,,
297.407925,,,,,,,0.663054198218728,,1.5334287551472,2.44748607592358,4.76156063454611,,,,,,4.64749328018797,7.12578041455693,,
298.007925,,,,,,,1.63535837639654,,1.85955590246379,3.21538445947385,4.964836401698,,,,,,4.79283213110971,6.37154757233458,,
298.60795,,,,,,,1.21965225477056,,2.03649789810075,3.92160595601284,4.3264306035346,,,,,,5.02718280604926,6.92977254205355,,
299.207975,,,,,,,2.00494163961802,,2.13326231391847,3.32526860558419,4.62368533597822,,,,,,5.18906346233932,5.68867233042231,,
299.807975,,,,,,,0.723414246899417,,1.57664780740792,3.28975715760778,4.43513516162483,,,,,,4.77789581943729,6.57039641868546,,
300.408,,,,,,,1.4689579611229,,2.36342820179859,3.5499894161261,4.21282002009098,,,,,,5.30200398051878,6.18047111962751,,
301.008,,,,,,,1.05108211103761,,2.2482863197749,3.31927600657782,4.80656810298262,,,,,,5.22566322454501,6.72989326562191,,
301.608025,,,,,,,0.773377254639536,,1.62011410698972,2.57510521778618,4.23264439346434,,,,,,4.73494764569899,6.07218481462553,,
302.20805,,,,,,,1.34271677798576,,2.11285948229704,2.75868957333146,4.42349157852151,,,,,,5.06691907213862,5.82743050408946,,
302.80805,,,,,,,1.43925193394432,,2.13558253080979,2.86746563066634,4.47415268312105,,,,,,5.12502177171779,6.41800498025257,,
303.408075,,,,,,,0.903766613035224,,1.59265800237116,2.5889727094989,4.30587724396919,,,,,,4.82176252855755,6.4260172750507,,
304.0081,,,,,,,0.924904893114613,,1.64854868660999,2.90065750879961,4.30477780620021,,,,,,4.88653223821378,6.42530279666961,,
304.6081,,,,,,,1.08349190603078,,2.16546380370506,3.25963144472711,4.4981072965045,,,,,,5.02151219493489,6.94248187320801,,
305.208125,,,,,,,1.60596739070185,,2.2344857350814,3.28451793107898,3.82190125842684,,,,,,5.45721446025386,5.75369083831834,,
305.80815,,,,,,,1.33015237918424,,1.68090848292491,3.00114581923706,4.51123997481468,,,,,,4.85488544876849,5.90691253376836,,
306.40815,,,,,,,1.7012025175864,,2.53739837567574,3.41878171037569,4.62408112453303,,,,,,5.62352465651353,6.83569160048847,,
307.008175,,,,,,,1.5442383997204,,2.19145612712464,3.5607163518854,4.43056057883994,,,,,,5.27388261221371,6.71382693153049,,
307.608175,,,,,,,1.51034056329447,,1.86401371344401,2.84042544887392,4.2087752627522,,,,,,4.82766144095288,5.78579440646929,,
308.2082,,,,,,,1.34265261279292,,2.03152708732806,3.18157135455272,5.04290570291392,,,,,,5.34844663864245,6.01472933176446,,
308.808225,,,,,,,1.27108703626029,,2.49424265682327,3.44757706340602,4.13833880376989,,,,,,5.78366486425,6.10785408570508,,
309.408225,,,,,,,1.05036162488382,,2.12346320835173,3.11891670663996,3.5805896370525,,,,,,5.14510375491679,6.64630039199316,,
310.00825,,,,,,,0.870028197888172,,1.87553494057837,2.66414515127048,4.56186237574378,,,,,,5.14235605000112,6.38220474324429,,
310.608275,,,,,,,1.87994195441386,,2.55068351254084,3.60765463479672,5.06498588912376,,,,,,5.72734922043197,5.63159727872346,,
311.208275,,,,,,,1.32311468564034,,2.2247346258901,3.53456790709766,4.58303126357408,,,,,,5.2692909412299,7.43001473654596,,
311.8083,,,,,,,1.25301218924425,,1.78966425971016,3.70489117686702,5.09048018632483,,,,,,5.07623671457566,5.89326384099129,,
312.408325,,,,,,,1.18540496568566,,1.89686368054887,3.60670394219361,4.04727632309434,,,,,,5.07952682886948,6.90465584090556,,
313.008325,,,,,,,1.79971279813152,,2.52762393604422,3.68549101774075,5.06087130566182,,,,,,5.24630184527787,6.93002625877273,,
313.60835,,,,,,,0.666406189064599,,1.64034400754245,3.13479457696937,4.36742691265712,,,,,,4.6864237113491,6.94060869029147,,
314.208375,,,,,,,1.49238748501082,,1.66984601106,2.8383051732071,4.49303044406111,,,,,,4.74456203375697,6.52672220535728,,
314.808375,,,,,,,1.58594155344589,,2.10359932807986,3.35605670738649,5.09326642458477,,,,,,5.00761924922901,5.51657170228895,,
315.4084,,,,,,,1.3584500522034,,2.30384664331613,3.35348960214198,5.02935510219815,,,,,,5.2313854351771,6.16391561630072,,
316.0084,,,,,,,0.99728979424264,,1.62809313053419,3.28858499376068,5.09280875695854,,,,,,4.64973306790423,5.92438154068718,,
316.608425,,,,,,,1.38574267770478,,2.13163035428192,3.54363718790919,5.13706494904051,,,,,,5.15049184083397,6.24083839964634,,
317.20845,,,,,,,0.885346526278549,,1.94359433554578,3.23690499289982,4.93804596188289,,,,,,4.81308848379181,6.71525493368096,,
317.80845,,,,,,,0.977412178708692,,1.77573947119973,3.14353271027372,4.71705388135333,,,,,,4.90951598671979,6.53153176174816,,
318.408475,,,,,,,0.485300560222143,,1.61483886002512,2.33999078298516,3.90954625617924,,,,,,4.69516891836566,5.76902776040483,,
319.0085,,,,,,,1.92647304106494,,2.68394156276343,3.70688021993571,4.88455979535864,,,,,,5.35396760303278,6.99273524235524,,
319.6085,,,,,,,1.85313954126703,,2.13962956665331,3.21076559908971,4.34284188044099,,,,,,5.18425394539846,6.47822807014577,,
320.208525,,,,,,,1.18140706391601,,1.75181919263798,3.59553332176948,4.52158560989675,,,,,,4.8146959936973,5.53750872060124,,
320.80855,,,,,,,1.09839119097166,,2.30216067012795,3.19215558182695,4.75342625414208,,,,,,5.40344272356452,6.2938181332838,,
321.40855,,,,,,,1.42755282800272,,2.30213741911908,3.59553425826127,5.03156711227783,,,,,,5.02295359675343,6.44343648771766,,
322.008575,,,,,,,1.32810872906115,,1.97220309031459,3.48062744211379,4.82727578300769,,,,,,5.2143516381309,6.32746506007182,,
322.608575,,,,,,,0.946868420322493,,1.8239786831062,3.17419035279388,5.02012328760097,,,,,,5.10402676466711,6.52090765038683,,
323.2086,,,,,,,2.02523954725597,,2.73497122438172,4.40611248992435,4.90195574532334,,,,,,5.63326496284852,5.86733152946584,,
323.808625,,,,,,,1.99070291297716,,2.3064803767599,3.85978181490982,4.37965634967945,,,,,,5.41283116003941,5.98968503366742,,
324.408625,,,,,,,1.01482539166934,,1.83539439310469,3.11048940164103,4.8327049013979,,,,,,4.989722067596,6.84508765076361,,
325.00865,,,,,,,1.27936151113959,,1.78542883755854,2.84265607512966,4.65291928020429,,,,,,4.96280462570608,6.17019715202908,,
325.608675,,,,,,,1.2764347793577,,2.32747208436763,3.16145399214415,4.24640273625667,,,,,,5.46886427554242,6.443407406895,,
326.208675,,,,,,,1.20944282860387,,2.41317753343801,3.2513862656944,4.63655397473774,,,,,,5.38397053309776,5.6582985301417,,
326.8087,,,,,,,0.539583615594291,,1.71978932711733,2.16318824304245,4.52852468354075,,,,,,5.00292389352671,6.25322949564008,,
327.408725,,,,,,,1.34954062119609,,2.36327594812633,3.18788885070124,4.58995314134508,,,,,,5.65122485485539,6.14433083199214,,
328.008725,,,,,,,0.847459410704787,,2.32799189232384,3.331584157542,4.24233235322504,,,,,,5.34628557784116,6.36640098877306,,
328.60875,,,,,,,1.12755079630114,,1.70196888150923,3.34609629230644,4.34446355301704,,,,,,4.98889888491917,6.57046333785584,,
329.208775,,,,,,,1.25370000289917,,1.73932178259165,3.35085521634009,5.07143544095967,,,,,,4.8805853672267,6.59568235628402,,
329.808775,,,,,,,1.59539778091141,,2.68210295851392,4.20881522970157,5.25761223163367,,,,,,5.50388210251596,5.78276615044185,,
330.4088,,,,,,,1.78734368865359,,2.12919677192719,3.63759471375922,4.92289122486541,,,,,,5.37614779217222,5.61807366534731,,
331.0088,,,,,,,1.18708532331859,,1.8475691873488,2.77878308167785,3.6303893969107,,,,,,5.05107057048366,6.45142459277014,,
331.608825,,,,,,,1.68854488792482,,2.56666385372018,3.14933216262602,5.05645411367294,,,,,,5.7530241331462,6.39013793121421,,
332.20885,,,,,,,1.47508783762543,,2.23319550889125,3.51821671536476,4.82981851666681,,,,,,5.22940354582176,6.2220805914492,,
332.80885,,,,,,,1.26116484780107,,2.07841095930927,3.37038712886774,4.00363709388994,,,,,,5.22871648402681,6.80613756106429,,
333.408875,,,,,,,1.54175210436129,,1.88635322931318,2.99092432020744,5.03763836506837,,,,,,5.13509895698462,6.06906202162854,,
334.0089,,,,,,,1.9211581170388,,2.71912781002915,3.72732952710709,4.74144362462883,,,,,,5.93934786518971,5.50163339303193,,
334.6089,,,,,,,1.13001118591643,,2.40622969120685,3.58444109711574,5.27275354053309,,,,,,5.43132810089026,6.21108785840794,,
335.208925,,,,,,,0.760940175494654,,1.99527675444577,2.84627097802202,4.2045165209689,,,,,,5.13838369698355,6.35681763644758,,
335.80895,,,,,,,0.601942949554939,,1.92740302032987,2.7594776096273,4.91781908851106,,,,,,5.27401180614315,6.66400084891779,,
336.40895,,,,,,,2.19480863641525,,2.94246221196485,3.96236745941686,5.43296078771555,,,,,,5.85079972807179,6.63775143280997,,
337.008975,,,,,,,1.66356075477971,,2.26541778154847,3.16594049139018,5.63487802052892,,,,,,5.43543486250184,6.44842115204709,,
337.608975,,,,,,,0.971667558604661,,1.87410983412678,3.40039942430745,4.18666730142193,,,,,,5.06706618834645,6.29554681668499,,
338.209,,,,,,,0.938396584098608,,2.08976321969571,3.05199201128931,3.85957336892933,,,,,,5.55911278633319,6.52745305666022,,
338.809025,,,,,,,2.44904860558102,,2.93348015573214,4.05335899601226,4.4051716129681,,,,,,6.01626371431265,6.08868631869317,,
339.409025,,,,,,,1.87307370299623,,2.45260875200919,3.66331295993247,4.93727756714902,,,,,,5.63213504260273,7.30763007089538,,
340.00905,,,,,,,1.2134102556211,,1.9075304878316,3.25509345631177,4.66661873360151,,,,,,5.20840241743416,6.5572077409366,,
340.609075,,,,,,,0.899013788069351,,2.19539843383589,2.97942022508766,4.35013825482467,,,,,,5.43026268904444,6.63940077020391,,
341.209075,,,,,,,2.08855087261204,,2.89836215893449,3.89809907167074,5.60666955377498,,,,,,5.87426769341037,7.06759473873007,,
341.8091,,,,,,,1.32470387356014,,2.05214508445097,3.72926076117455,4.61160409070069,,,,,,5.23270320125277,6.36170181417063,,
342.409125,,,,,,,1.03379349842914,,1.9093677160421,3.10364428694706,3.87005283243265,,,,,,4.99668746655193,6.06906100422109,,
343.009125,,,,,,,1.49682623991669,,2.27270930325724,3.27266607938598,4.40857478239527,,,,,,5.26320446207661,5.87947495733871,,
343.60915,,,,,,,1.06621369045501,,2.36137387836112,3.06351366529428,4.15093995876744,,,,,,5.32348742305068,5.8959048370492,,
344.209175,,,,,,,0.788108346591746,,1.71288499611206,3.03193543558861,4.13264969872025,,,,,,4.78018271243312,6.86378926711162,,
344.809175,,,,,,,1.07311852770341,,2.03744984309861,2.92319918522743,4.82298968747706,,,,,,5.11159103094226,5.79028152726598,,
345.4092,,,,,,,2.35581791144769,,2.83568628487687,3.723862203121,4.58397131523982,,,,,,5.56500427767255,5.9395223918871,,
346.0092,,,,,,,1.05977667270325,,2.43056726470384,3.27053068160432,4.12654053407851,,,,,,5.45814888488066,6.59420358118165,,
346.609225,,,,,,,1.21874248480321,,1.99510796338059,3.45216284264671,4.50533327656553,,,,,,5.34373889153537,6.44298879575939,,
347.20925,,,,,,,1.37076945035057,,2.32175949947422,3.45959615425766,4.87044812347644,,,,,,5.51704895793132,6.24864395441272,,
347.80925,,,,,,,1.5978125496653,,2.78047678528511,4.23118788472767,4.69101537479743,,,,,,5.63008874723225,6.61192591346655,,
348.409275,,,,,,,1.35218007197899,,2.16395555613956,3.4861683834045,5.02432486449971,,,,,,5.31820235767014,5.56566055214792,,
349.0093,,,,,,,1.27576879132943,,2.02562591110523,2.76962523743567,4.66116769600341,,,,,,5.33188913348113,6.42296081898823,,
349.6093,,,,,,,1.11651280851892,,2.41010163855858,3.3342585422269,4.11627462236292,,,,,,5.80938922750498,6.86745610700041,,
350.209325,,,,,,,2.142222097083,,2.72043105478679,4.4758854487905,4.44582486412425,,,,,,5.7915267272148,6.5138718234909,,
350.80935,,,,,,,1.09592919657211,,2.00953738683185,3.52642620947413,4.34419633179366,,,,,,5.30314268387447,6.21607537681053,,
351.40935,,,,,,,0.762691171220764,,2.0311352592381,2.93909970505232,3.8760303501601,,,,,,5.26319713677536,6.84797801681616,,
352.009375,,,,,,,2.18185320587072,,2.7582742531081,3.34518205786994,4.52121968700709,,,,,,5.99234810715021,7.16317207555217,,
352.609375,,,,,,,1.25299556604594,,2.45918298075839,3.21137128094167,4.01252003617021,,,,,,5.44610374369376,6.2719731163742,,
353.2094,,,,,,,1.22092573388986,,1.99681813546861,2.95030763763088,4.54402002688414,,,,,,5.28329705712335,5.53013479901401,,
353.809425,,,,,,,1.33718348259421,,2.0782262688134,3.16191745315751,4.49972605091379,,,,,,5.14110180127237,6.14693975359512,,
354.409425,,,,,,,2.16365666264571,,2.87298936718477,4.26661964458037,3.90693517082571,,,,,,6.34335877240152,6.11756691579008,,
355.00945,,,,,,,1.08164412818371,,2.37740835230416,3.35192729693057,4.19657496455834,,,,,,5.40771497214833,6.75699217279371,,
355.609475,,,,,,,1.5280955528707,,1.81579169749735,3.35929544027985,3.64170085484023,,,,,,5.26077639033286,6.37568698664067,,
356.209475,,,,,,,1.63797701971725,,1.97814318969319,3.44574105634031,5.15498948730192,,,,,,5.24169521686047,5.84195054615857,,
356.8095,,,,,,,1.74657347256827,,2.56931028817699,4.07930253807658,5.19897190241966,,,,,,5.71496575706318,7.16297272186817,,
357.409525,,,,,,,0.928668736144148,,1.97861703942466,2.87421091489,4.73700847922303,,,,,,5.05821596385488,6.62244657663433,,
358.009525,,,,,,,1.13097182258441,,1.78227649780209,2.74209153391106,4.55654914207251,,,,,,4.92357153117041,5.88026593844096,,
358.60955,,,,,,,1.16073584170459,,1.98363044711068,2.8117077396985,4.43301984109747,,,,,,5.05418786873618,7.13431078754844,,
359.209575,,,,,,,1.70200129871814,,2.38670839211196,3.71582598395015,4.44927100330323,,,,,,5.31683546474619,6.38025078428251,,
359.809575,,,,,,,0.859250269173391,,1.64356857098852,3.07709365908602,4.40062088813527,,,,,,4.85291773896316,6.4694035153482,,
360.4096,,,,,,,1.16136153125694,,1.55924041659745,2.14781286441246,4.9125335415983,,,,,,4.61381058809595,6.10357308570916,,
361.0096,,,,,,,1.41896060508143,,2.6791491398091,3.1996816024858,4.75300568058095,,,,,,5.5480362453305,6.57354987037239,,
361.609625,,,,,,,1.23643940086147,,2.12845926652446,3.25146051169321,4.19060978527791,,,,,,5.11998809965618,6.40037156270418,,
362.20965,,,,,,,1.08720702225204,,1.63379886826071,2.88887661888515,4.74008659240347,,,,,,4.94280407280409,6.43384975221685,,
362.80965,,,,,,,1.38907004131224,,1.85968572896814,2.97312513800903,3.97762825568898,,,,,,4.93563821612851,6.69420532748498,,
363.409675,,,,,,,1.34366986066452,,2.55523505486042,3.57181385133447,4.9678218207333,,,,,,5.35179577474112,6.85461962065129,,
364.0097,,,,,,,0.925209007508576,,2.10473832673837,3.18476712723908,4.29891404033797,,,,,,5.39429148716013,7.17758175908111,,
364.6097,,,,,,,1.34394432007252,,1.80114525831181,3.61381477098692,3.88761404821315,,,,,,5.21071014124883,5.98665153137474,,
365.209725,,,,,,,1.68579958756046,,2.41987564313019,4.13627395687781,4.24379821852454,,,,,,5.4747912705638,6.1679106411284,,
365.80975,,,,,,,2.09733713646523,,2.64011155948573,3.99244871746496,4.43643397221421,,,,,,5.53431756981242,6.07085571265621,,
366.40975,,,,,,,1.24012897961625,,1.79453721781956,3.09408917176167,3.83166355717736,,,,,,4.74765090878024,6.84203383531563,,
367.009775,,,,,,,0.834486516457228,,1.81394461244541,3.13833856238523,4.88908918110407,,,,,,5.04716630395743,6.03999422096522,,
367.609775,,,,,,,1.78987541070627,,2.00248493295803,3.53290803253016,4.33447446861982,,,,,,5.164547186023,6.63525365791035,,
368.2098,,,,,,,1.71527869358071,,2.15360627278012,3.41914729976905,4.21878910866826,,,,,,5.22150482784033,6.28834583599138,,
368.809825,,,,,,,1.06799508719353,,1.64690018038592,2.87296866611823,4.44379014706515,,,,,,4.86639660047696,6.82146682528156,,
369.409825,,,,,,,0.875413870222314,,1.95277641724408,2.60617614748271,4.72694233584805,,,,,,5.14809125528988,6.42459309179962,,
370.00985,,,,,,,1.44886786349954,,2.12216648607135,3.8803354986128,4.80348946725087,,,,,,5.26099425019409,6.55580917858997,,
370.609875,,,,,,,0.874066381051511,,2.0840678208684,3.47130073621481,3.79068787655232,,,,,,4.99917171920008,6.85736118430396,,
371.209875,,,,,,,1.05375065950605,,1.55050973811274,3.10615824397734,4.39225135089975,,,,,,4.80777970885291,6.62872040996707,,
371.8099,,,,,,,1.73400755618795,,2.60318587231345,3.95171641993933,4.82892595612954,,,,,,5.60674043433635,7.06936897592073,,
372.409925,,,,,,,1.92699124481172,,2.11102647041255,3.77580372228425,4.52599094492305,,,,,,5.28678256226873,6.30247025534296,,
373.009925,,,,,,,1.64446932340378,,1.82458683247838,3.05868139154263,5.53874030373981,,,,,,5.30136587554206,6.5756942240034,,
373.60995,,,,,,,0.566762479618519,,1.77025229554382,3.22727847813068,5.07678745618692,,,,,,5.04078308251149,5.96231602002684,,
374.209975,,,,,,,1.88619098564387,,2.65127001607696,4.38221175108933,4.66917576311379,,,,,,5.55693660007929,7.24038276861116,,
374.809975,,,,,,,1.52361413788523,,2.03500144794873,3.37523107058843,4.82950772898252,,,,,,5.33241661777593,6.44862929414666,,
375.41,,,,,,,1.79884720711895,,1.7387873268329,3.19220870421103,5.04394536512796,,,,,,4.90411695649573,6.02706380451624,,
376.01,,,,,,,1.57918654529109,,2.12609723185681,3.187780350504,4.4432912885517,,,,,,5.07501092061366,7.41372123641491,,
376.610025,,,,,,,1.59965447947546,,2.49717475313433,3.58721306603664,4.75052952726078,,,,,,5.51024635718581,6.37127095935651,,
377.21005,,,,,,,1.10181684053833,,1.78386403350068,3.02983719739718,5.45789486088407,,,,,,5.019409208864,5.6353653494819,,
377.81005,,,,,,,1.45502718340781,,1.89981293761767,2.97477833331222,4.74618592991797,,,,,,4.88488097863448,6.6317556669561,,
378.410075,,,,,,,1.94210449992177,,2.45227753237932,4.15900588206256,4.84234028096266,,,,,,5.485297205318,6.60884024761092,,
379.0101,,,,,,,1.68289125348873,,2.29868511652648,3.2588126004518,4.90670659447755,,,,,,5.45963189517848,5.74741022288427,,
379.6101,,,,,,,1.13606825832683,,1.91730339685676,3.17924708921531,3.72382400701186,,,,,,5.14364588750396,6.22139882387374,,
380.210125,,,,,,,1.64926807498487,,2.44962387145571,3.29362329844063,4.15325737606302,,,,,,5.85076176762736,6.2327016356367,,
380.81015,,,,,,,1.67616518458564,,2.54629560403613,3.36953364807672,4.20480231252706,,,,,,5.63522067601489,6.61724717272003,,
381.41015,,,,,,,1.39825170078437,,2.03020184974939,3.07655585531287,4.57325253558522,,,,,,5.2946170975601,5.48895071499127,,
382.010175,,,,,,,1.09305774546268,,1.98213484598123,3.35133999035085,4.08340327782112,,,,,,5.40417282534836,6.78932264368556,,
382.610175,,,,,,,2.28179467931637,,2.97332394930491,4.32550710860663,5.69672545011369,,,,,,6.5842795465097,6.64607253255682,,
383.2102,,,,,,,1.65012405530072,,2.29613244518165,3.42421376034201,4.93880308914683,,,,,,5.3755179867949,6.51948126071187,,
383.810225,,,,,,,1.3443141677271,,1.93769687892302,3.60930892527005,4.55554639069517,,,,,,5.27316181415564,6.72973382337847,,
384.410225,,,,,,,1.61115087470065,,2.11581506351999,3.76767500886089,5.53580115918258,,,,,,5.29170276116625,6.2437582667764,,
385.01025,,,,,,,1.99017534279003,,2.82146986500606,4.03671953867977,4.45077873798198,,,,,,5.8731501393344,6.24800533422704,,
385.610275,,,,,,,0.871158398128772,,1.77658631321865,2.82343509473769,4.31857871121799,,,,,,4.96899319024487,6.62268042292541,,
386.210275,,,,,,,1.20441641416502,,1.91254715773966,2.72768462103269,4.46127545960595,,,,,,5.2363102517389,6.30668280602772,,
386.8103,,,,,,,1.72051829489044,,2.47776059926582,3.64266298816769,4.76475011526731,,,,,,5.51357092365804,6.52696925369178,,
387.410325,,,,,,,1.45277158075117,,2.54942443238523,3.44729816010222,3.6200434534792,,,,,,5.49620203801011,6.27062337458956,,
388.010325,,,,,,,1.18449696698224,,2.07979724243759,2.85817102069333,4.48363421957722,,,,,,5.44401282716675,6.51490816178283,,
388.61035,,,,,,,1.86747393938404,,2.10416697416578,3.42244431626261,4.82550248890163,,,,,,5.32003895963724,7.22664943397336,,
389.210375,,,,,,,1.72446787387526,,3.07428400971383,4.1759170772492,3.81985151388135,,,,,,6.19838329387432,6.68402445609285,,
389.810375,,,,,,,1.87687285373358,,2.3633291166153,3.74581192077112,4.61502300079901,,,,,,5.68174306596877,5.83782900553124,,
390.4104,,,,,,,1.18100201421669,,2.03331158053102,3.32261399139419,5.61241506098764,,,,,,5.2104375379357,6.41254298649207,,
391.0104,,,,,,,1.81276594203873,,2.17031891109468,3.03045563428521,4.3599004407935,,,,,,5.58415508693759,7.79577021644292,,
391.610425,,,,,,,1.60825441359435,,2.99323651981172,3.76875859468455,3.97792116930064,,,,,,6.21085509103644,6.23879110160364,,
392.21045,,,,,,,1.99679239251512,,2.45470477361789,4.0174806139617,4.82915260602538,,,,,,5.66495280996153,5.93688047095207,,
392.81045,,,,,,,1.47223303057663,,2.05848307944024,3.05922942400991,4.04945687700124,,,,,,5.42280945201932,6.91388548130917,,
393.410475,,,,,,,1.52984037579339,,2.21684696936707,2.78637750886271,4.69289790460943,,,,,,5.3674687407994,5.89089338482001,,
394.0105,,,,,,,1.30597534709339,,2.6482745787863,3.41251788783285,4.80261518652369,,,,,,5.82730398684427,6.36548175260114,,
394.6105,,,,,,,1.75817628349923,,2.31818726100717,3.50915340806936,4.86313457526602,,,,,,5.61099607464307,6.56542386682011,,
395.210525,,,,,,,1.32890827437055,,2.03437325683712,3.45198982460784,4.86813321067883,,,,,,5.21429911010192,6.2648518271732,,
395.81055,,,,,,,1.7747441060498,,2.86775079611185,3.97950843225833,4.69090412954373,,,,,,6.2471268155727,6.75672804732972,,
396.41055,,,,,,,1.20634172295865,,2.58288940562744,3.9630307779168,5.36653526505521,,,,,,5.47756633299657,5.87948800691187,,
397.010575,,,,,,,0.954778105007346,,2.17348189135434,3.331887999353,4.60817102453554,,,,,,5.54408112809466,6.49080086075305,,
397.610575,,,,,,,1.70826378856687,,2.06216392037231,3.26517109673731,4.95719563423569,,,,,,5.31461800223655,5.94683806389537,,
398.2106,,,,,,,1.70898674752374,,2.88180332341036,3.9479884354132,4.21858795259393,,,,,,5.81793966362962,6.15075701629814,,
398.810625,,,,,,,1.61181236309106,,2.75648636542544,4.09340589159481,4.11064912887053,,,,,,6.18147769815226,6.42010649326077,,
399.410625,,,,,,,0.896962855798794,,1.84521645369298,2.74788453472903,4.40459616126185,,,,,,5.15754484991811,5.81182166430351,,
400.01065,,,,,,,1.46660036830372,,1.88955336411661,2.7398463415836,4.38942444567373,,,,,,5.46804710589941,5.76922551035144,,
400.610675,,,,,,,1.19641026934409,,2.34371638241431,3.33039749028733,5.1555328910768,,,,,,5.64196976122052,6.40819446117562,,
401.210675,,,,,,,1.57238429619354,,2.41653913167088,4.32805015117956,3.94775751045656,,,,,,5.46333673147898,5.89812120982169,,
401.8107,,,,,,,0.997794838804933,,1.77911515611689,3.17792196748209,4.13649486603704,,,,,,5.09258569748346,6.34861855300896,,
402.410725,,,,,,,1.46981501254889,,2.40504190846296,3.49438705132167,4.35259405756783,,,,,,5.60894542644687,6.76038714987322,,
403.010725,,,,,,,1.39617780207219,,2.37311928736575,3.79782066779984,4.47949904293835,,,,,,5.48046987025474,6.99024858137364,,
403.61075,,,,,,,1.05636866690083,,2.0727610164844,3.96728189183434,4.6953897808211,,,,,,5.35816257069274,6.44491966239929,,
404.210775,,,,,,,1.32649242293861,,1.97795318943725,3.41174321406806,4.60688676267048,,,,,,5.18162382936761,6.3525666308494,,
404.810775,,,,,,,1.62198437790439,,2.33764332342062,3.40697422800336,3.92646390121569,,,,,,5.41460439673211,6.90025221660922,,
405.4108,,,,,,,1.72973708906626,,2.71988592065169,3.58246101394913,4.86986007585591,,,,,,5.85330045348765,6.04724079433224,,
406.0108,,,,,,,1.04021592055982,,1.99219555207116,3.13717596790467,4.72942755692705,,,,,,5.08366046662167,5.15565214475391,,
406.610825,,,,,,,0.932201993456532,,1.65511477647992,2.79354627082642,4.40509702786393,,,,,,5.15756386416284,6.03557062119258,,
407.21085,,,,,,,1.58908114894272,,2.50207591998963,3.85677763681122,4.60429210473809,,,,,,5.39967146316791,6.72196585249451,,
407.81085,,,,,,,1.4748537585413,,2.44491832697653,3.34238855628603,4.72431948498857,,,,,,5.69204693737951,6.60026142839547,,
408.410875,,,,,,,1.1528647357366,,1.87617425749863,3.58729563222788,4.99716378550768,,,,,,5.24772426661697,6.08389474051974,,
409.0109,,,,,,,0.987298596677916,,1.82811241795682,2.98911919270424,4.05523054793021,,,,,,5.2306804660448,6.69748345533841,,
409.6109,,,,,,,1.81104756553408,,2.42916523597689,3.74834559369432,4.92645287629876,,,,,,5.50111714399568,5.24568322349143,,
410.210925,,,,,,,1.83654476005784,,2.50965612974622,3.64509388374751,4.43337537222781,,,,,,5.72791854805977,6.61969376940796,,
410.81095,,,,,,,1.19439139344588,,1.8972852919946,2.63486942971009,5.31739651144578,,,,,,4.96666501925495,6.33490727530582,,
411.41095,,,,,,,1.16075431556988,,2.06347643564672,3.51215838805293,4.3766224853493,,,,,,5.22195400854428,6.4269201244804,,
412.010975,,,,,,,1.49692144384635,,2.51931348772644,3.78755229574668,4.70464740277537,,,,,,5.40568635124111,6.64464143750312,,
412.610975,,,,,,,1.89366151296425,,2.68307803217941,4.18392956325303,4.96721428800674,,,,,,5.68902749272638,7.18106432162211,,
413.211,,,,,,,1.54068963233338,,2.09712379913783,3.47956990913887,4.73056925479017,,,,,,5.38526635251632,6.00875077451707,,
413.811025,,,,,,,1.43484734646254,,2.21191599009609,3.22206307568366,5.47179130930907,,,,,,5.39745939500192,7.01933657003338,,
414.411025,,,,,,,1.8758470182746,,2.48178843966855,3.84952042106721,4.76648664728665,,,,,,5.40778191292617,7.1525367890972,,
415.01105,,,,,,,2.03852924858754,,2.81353263779005,4.01894495544976,5.20411714168881,,,,,,5.92190623259214,7.43616623720455,,
415.611075,,,,,,,1.07834434089952,,1.93289257761441,3.07632658543996,5.01758230371288,,,,,,5.41191010236937,6.06171891909045,,
416.211075,,,,,,,1.74526377621539,,2.10628396458343,3.4238401505407,5.01220298130512,,,,,,5.21042016443482,6.20970234158255,,
416.8111,,,,,,,1.9197989060297,,2.79241842068535,3.62048506594614,3.78764821089575,,,,,,6.32258024660637,7.02736582525825,,
417.411125,,,,,,,1.43505322096343,,2.88059076469712,3.71268126752422,3.44940602225502,,,,,,5.60447876639686,6.28443072194082,,
418.011125,,,,,,,1.26410486897249,,2.2254325161162,3.0906545789695,4.66322457617193,,,,,,5.60974075105218,7.14990366955529,,
418.61115,,,,,,,1.27068851797553,,2.14751809721116,3.65510949656307,4.69452168920221,,,,,,5.49088764602665,5.99472484507806,,
419.211175,,,,,,,1.06030853841721,,3.03333388868233,4.31035213978221,5.02545817423769,,,,,,6.23540598738558,6.42775689169539,,
419.811175,,,,,,,1.39159504127204,,2.55109314827374,3.8491756251343,4.69375573201393,,,,,,5.81513753608492,6.7558161669652,,
420.4112,,,,,,,1.60697390964283,,2.1478835001998,4.03070084804061,4.4212552421713,,,,,,5.42390842921295,5.05307606769517,,
421.0112,,,,,,,1.40561095680206,,2.11658178334485,3.62373182684519,4.3508676415606,,,,,,5.60630245011381,5.50144170414894,,
421.611225,,,,,,,2.25791352431074,,3.11725143499098,4.12706264886024,5.14644260542235,,,,,,6.39906864764275,6.72296964505865,,
422.21125,,,,,,,1.6807024321033,,2.46428131046138,3.70182436952555,4.42168771917944,,,,,,5.5527071309746,6.0838425523927,,
422.81125,,,,,,,1.45754318273365,,2.02823921217719,3.50797887929475,3.8312843486487,,,,,,5.27849809332598,5.61685130793893,,
423.411275,,,,,,,1.37729411161718,,2.1590958790285,3.06840079870167,5.16811318483098,,,,,,5.50957459023257,5.92776398795629,,
424.0113,,,,,,,1.67302537258122,,2.80744104449961,4.31226897408216,4.37493350551192,,,,,,6.01342995349984,6.32001384564488,,
424.6113,,,,,,,1.65348144011537,,2.32742562575036,3.99133813437471,4.67500270377659,,,,,,5.49766142047358,6.52604156106888,,
425.211325,,,,,,,1.30895120401469,,2.14219827403123,3.58451528342623,4.67455764434426,,,,,,5.35858881306324,6.42011903501639,,
425.81135,,,,,,,1.19833289791729,,1.86568904113238,2.88263172496935,3.78735858121648,,,,,,5.26126572356589,6.48230185411211,,
426.41135,,,,,,,1.73718342811839,,2.62344578224112,3.74550212010957,4.01605539836642,,,,,,5.84728941206319,6.94208528744946,,
427.011375,,,,,,,1.34345989561994,,2.3987158378127,3.09780281283781,3.97394360594434,,,,,,5.77199380292335,6.65154698636619,,
427.611375,,,,,,,1.60730038982112,,1.98519414215344,2.7978461164158,3.78048897825793,,,,,,5.22095555767908,6.61645665440683,,
428.2114,,,,,,,1.27106485645023,,2.05184193272017,3.5279279640439,3.56128236262164,,,,,,5.22887789853724,5.65086652317611,,
428.811425,,,,,,,1.91464679044478,,2.91242569918461,4.0460907018832,4.77844050708211,,,,,,6.13638861214609,6.83774276334568,,
429.411425,,,,,,,1.79968260075552,,2.33436846456335,3.50944838760173,4.52580353064796,,,,,,5.56535917225074,5.58568265835961,,
430.01145,,,,,,,1.21288112836072,,1.87741062294423,3.41252766294821,4.88216735360118,,,,,,5.02852950621635,5.72228968658766,,
430.611475,,,,,,,1.03214865810522,,1.8620714649624,2.76158989760759,4.774661668447,,,,,,4.94761495582297,6.35746221856478,,
431.211475,,,,,,,1.80293769678316,,2.86704001596449,3.89276225780205,4.77247321438272,,,,,,6.06388211447446,7.30486877450987,,
431.8115,,,,,,,1.46095478923252,,2.39553588619515,3.97379039005777,4.91938062813089,,,,,,5.63569716834399,6.76069462126931,,
432.411525,,,,,,,1.05824661817518,,1.83275622704548,2.67665883713663,4.49486307744793,,,,,,5.26160658556823,6.8672258247543,,
433.011525,,,,,,,1.76112546674394,,2.13477014734541,3.40638578262305,4.80523714436424,,,,,,5.46142208458566,5.87589533687703,,
433.61155,,,,,,,1.59533695647803,,2.47207558056469,3.29919859109836,4.30479393701924,,,,,,5.66333587150659,6.46128165221123,,
434.211575,,,,,,,1.4120481171358,,2.57072197221118,3.66158744414805,4.05877900785858,,,,,,5.65351341091066,5.64746744562085,,
434.811575,,,,,,,0.826338233089186,,1.83279580812831,2.30827689560166,3.98116027766362,,,,,,5.11051195665742,6.19735581949568,,
435.4116,,,,,,,1.11777386132786,,2.2332318633203,3.00519028714506,4.17669929604144,,,,,,5.47565019360966,6.51739167840753,,
436.0116,,,,,,,0.959117053917257,,2.34349166776407,3.45118939394075,4.40057308919442,,,,,,5.42217036410052,6.03378020279624,,
436.611625,,,,,,,1.40900595449374,,1.92361269391506,3.06984604259851,4.59414243378414,,,,,,5.07981946330742,6.01891143945723,,
437.21165,,,,,,,1.21943771946148,,1.75781855298974,3.12165174221139,4.38257436494776,,,,,,5.23200092579261,6.34836693840634,,
437.81165,,,,,,,1.80297658733542,,2.22330612845709,3.41457570143116,4.88335924232828,,,,,,5.25265683848699,6.10535543542203,,
438.411675,,,,,,,1.81111001740453,,2.77389126886635,4.11627818788744,4.96007854309516,,,,,,5.67393828450012,6.52224095912464,,
439.0117,,,,,,,1.51381261128905,,1.99894342183349,3.61105347444977,3.8766412853445,,,,,,5.31326615024442,6.60391250951984,,
439.6117,,,,,,,1.98988282813111,,2.26992108317178,3.47235609743756,5.66015272003362,,,,,,5.68323296373321,6.15306603145283,,
440.211725,,,,,,,2.50944316942103,,3.0462814946775,4.31776109216924,5.15790002579933,,,,,,6.46520967401997,5.83279763599136,,
440.81175,,,,,,,1.70068529024296,,2.80783824359495,3.98914510502361,3.87930373725202,,,,,,6.31190243686468,6.3085659771126,,
441.41175,,,,,,,1.27146964468895,,2.16920146330162,3.28784676813155,3.77113793250563,,,,,,5.62766729926987,7.35359233551312,,
442.011775,,,,,,,1.38139203469394,,2.08864619298039,3.39952760834244,4.95488295830924,,,,,,5.4698538256167,7.24642138546942,,
442.611775,,,,,,,1.80602961591624,,2.8934659516405,4.37754651534481,4.9041411186775,,,,,,6.32480426979948,6.97155917291337,,
443.2118,,,,,,,1.75725562723225,,2.6723293182398,3.74389730909182,4.75285483877749,,,,,,5.7064651845828,6.34929844185293,,
443.811825,,,,,,,1.02642817415235,,2.03792949519395,3.88105072743683,3.91171232792251,,,,,,5.34005972701308,6.89373185401255,,
444.411825,,,,,,,1.0752369358471,,2.33144032906155,2.98175103067256,4.3821111691046,,,,,,5.88277334195675,6.65311223090087,,
445.01185,,,,,,,2.05347117975913,,3.0002864635583,4.59927992340849,4.15660780581026,,,,,,6.34117637841774,6.92016866533063,,
445.611875,,,,,,,1.71140087756403,,2.53568043312914,3.64434262976515,4.54676037832207,,,,,,6.08833224458624,5.61796901728215,,
446.211875,,,,,,,1.39993469094438,,2.02211554841465,3.37080746728022,4.34878608279843,,,,,,5.35351910963861,6.48125828180479,,
446.8119,,,,,,,1.89397955298604,,2.26104370151668,3.5666945783881,5.19132809349176,,,,,,5.70577874856749,5.67930517165793,,
447.411925,,,,,,,2.00715155576623,,2.69768449701686,3.62330426781577,5.53062560269284,,,,,,5.99111232684918,5.61215867677092,,
448.011925,,,,,,,1.65825005699361,,2.90625770931631,4.0731009325686,4.40239512284403,,,,,,6.10931694750701,6.29290183541823,,
448.61195,,,,,,,1.46709774217721,,2.22423056934354,3.60501446049468,4.66513789517206,,,,,,5.48522150780913,6.21014205186147,,
449.211975,,,,,,,1.88441279754153,,2.38293974238912,4.01339872148762,4.75386588864719,,,,,,5.75539060104284,6.15273373551226,,
449.811975,,,,,,,2.27480512041505,,3.14294108115361,4.45424337176988,4.68918593487034,,,,,,6.30422226109015,6.63472139602583,,
450.412,,,,,,,1.78956116326403,,2.48567344246549,3.92991178840174,4.78183938416752,,,,,,5.72865240055181,6.36789057239842,,
451.012,,,,,,,1.26919874660336,,2.21797773513104,3.33924194125001,4.26873120048858,,,,,,5.68558205705363,5.46749935484974,,
451.612025,,,,,,,1.09578348669825,,2.23494807223428,2.68080653185843,4.90431129436303,,,,,,5.5857186966523,6.10546777595106,,
452.21205,,,,,,,2.12206228157521,,3.10875945055384,3.54007165993359,4.09187155230729,,,,,,6.09432328222051,6.11286507883484,,
452.81205,,,,,,,1.77988903680831,,2.73448301453136,3.45076486345128,3.96627546528423,,,,,,5.95270148621419,6.39886256915194,,
453.412075,,,,,,,0.987454368838631,,2.04367166695019,3.43649967323033,4.3092450759813,,,,,,5.3147852165916,6.21259982347257,,
454.0121,,,,,,,1.19256124704955,,2.01983891511532,3.07890554952832,4.10008277738171,,,,,,5.52307080662623,6.86148541243544,,
454.6121,,,,,,,1.97072598578661,,2.79600016372686,3.82015811555463,4.82480319592015,,,,,,6.14550761634377,6.22376133201509,,
455.212125,,,,,,,1.80579759669199,,2.43035797639091,3.94571389732471,5.28268496547259,,,,,,5.7172700983199,6.88745951058121,,
455.81215,,,,,,,1.4054109784987,,1.94172661542073,3.21439894435295,5.12939101057422,,,,,,5.03992009960134,6.09101519720982,,
456.41215,,,,,,,2.00302958520649,,2.4470652122505,3.76358118871854,4.70389841750976,,,,,,6.14765094507767,7.11626041602123,,
457.012175,,,,,,,2.44271016575949,,2.78952088390048,3.87900928591124,5.0605624793065,,,,,,6.04282925039347,6.3452430704318,,
457.612175,,,,,,,1.40476722653419,,2.32582793517024,3.46535265993465,5.01201411224421,,,,,,5.50232385433382,5.33723388589533,,
458.2122,,,,,,,1.21728175695261,,1.94061161487193,3.27289096598016,5.16621294902102,,,,,,5.18358337095335,5.77169715155449,,
458.812225,,,,,,,1.60874886450672,,2.34936785678325,3.80416849050999,4.54920935742076,,,,,,5.50146769105774,6.54407541851971,,
459.412225,,,,,,,1.90066647659783,,2.62796518572749,3.86839246038472,4.54449654745478,,,,,,5.81515647058206,7.26264722417241,,
460.01225,,,,,,,1.89546447663215,,1.87724612236569,2.54174252295272,5.06548541165211,,,,,,5.35164212721205,6.17247508894601,,
460.612275,,,,,,,1.39780015616669,,2.04475920557754,3.21839422688884,4.81272122571815,,,,,,5.5210294657202,6.78176603992018,,
461.212275,,,,,,,2.38409550292644,,2.93575237552044,3.32408842976939,5.00713176921042,,,,,,6.16154286063002,7.41444813720615,,
461.8123,,,,,,,1.84440240503161,,2.60487845675048,3.63235029459728,3.73330670043443,,,,,,5.99753653795438,6.15990974660829,,
462.412325,,,,,,,1.77995181478444,,2.23658505237662,3.27478033279526,4.61801800926904,,,,,,5.67036374971691,5.81194208295906,,
463.012325,,,,,,,1.58604195846543,,2.05311637962753,3.06054953543079,4.54881560876478,,,,,,5.53151765888638,6.70864779186893,,
463.61235,,,,,,,2.20935572393589,,2.94081779418558,3.92495862826451,4.29352662811557,,,,,,6.05755869035553,6.84815787154248,,
464.212375,,,,,,,1.94101249746986,,2.7360206956999,3.98604475172814,4.9849660990806,,,,,,5.99921393182521,6.97099241213981,,
464.812375,,,,,,,1.13069715681132,,2.0073181459423,3.76205057690355,4.05420324121521,,,,,,5.380163347033,6.91216579506885,,
465.4124,,,,,,,1.78152857602454,,1.90998858305342,3.35865151277614,4.31837553672538,,,,,,5.16749136415957,6.29581821631155,,
466.0124,,,,,,,1.84135238577517,,2.38969576107287,3.92486479729945,4.20838626777334,,,,,,5.91166837305195,6.61443701468481,,
466.612425,,,,,,,1.85405864650748,,2.47647188371353,3.98168667722053,3.82286726531787,,,,,,5.76748381073553,6.02114690643981,,
467.21245,,,,,,,1.37652599387606,,1.85318573992453,3.16219489612244,4.78873566261177,,,,,,5.1266130345771,6.99767672745408,,
467.81245,,,,,,,1.60212294292995,,2.28854990962841,3.67730856956898,4.51797587451226,,,,,,5.5199515671853,5.27177677848345,,
468.412475,,,,,,,1.75331340739449,,2.77825678153624,3.45451027721061,4.53849509483581,,,,,,6.01109612661596,5.82809492071915,,
469.0125,,,,,,,1.50493678824381,,2.46390427661348,3.5057513468743,4.46114509986648,,,,,,5.82017890582092,5.74695114027695,,
469.6125,,,,,,,1.33598037730672,,2.31029469551892,2.89079353580907,4.75602490130735,,,,,,5.66355895219107,6.03629036356443,,
470.212525,,,,,,,1.26011550972095,,2.40249174419557,3.41597264904526,4.64340762723853,,,,,,5.852787496979,6.70094974757487,,
470.81255,,,,,,,1.31119838235635,,2.47001247769076,3.49816788265714,5.0874775823495,,,,,,5.65376685866812,6.46851803561531,,
471.41255,,,,,,,1.3490402652923,,2.60710214143602,3.30183359728085,5.00219663695338,,,,,,5.73419329831061,6.4866789774549,,
472.012575,,,,,,,0.896812444900066,,1.96720796038127,3.0870655390995,4.06809194190717,,,,,,5.23163730037816,5.57824794130361,,
472.612575,,,,,,,2.01371277723534,,2.74779060665437,3.70381331170087,5.21895706622611,,,,,,6.33094562260781,6.49061584791288,,
473.2126,,,,,,,1.80971152365862,,2.61981953239406,3.58942892189084,4.77223581456867,,,,,,5.81909633436682,6.29845078254438,,
473.812625,,,,,,,1.54972851248412,,2.14460916439816,3.25648427197615,5.07089255081976,,,,,,5.50827514508152,6.61666881740071,,
474.412625,,,,,,,0.732273334306522,,1.94957075579573,2.91245536737927,3.6558770396621,,,,,,5.12209739179658,5.28991612404095,,
475.01265,,,,,,,1.6297782654355,,2.50416010009809,3.29193003917444,4.62243854847953,,,,,,5.83307905086817,7.09412811839124,,
475.612675,,,,,,,2.14958949715048,,2.93852424482009,3.94089958885925,4.48587937935858,,,,,,6.13269084339419,6.23157955515779,,
476.212675,,,,,,,1.74449341951778,,2.41787291220185,3.44300448612309,4.95687812750269,,,,,,5.67820692770513,6.91640284578688,,
476.8127,,,,,,,1.52365948103852,,2.29922799133036,2.86790101311776,4.94598644651847,,,,,,5.72743613925472,6.33585310438203,,
477.412725,,,,,,,1.91131484684051,,3.00330792751345,4.13725225191293,4.95792265380708,,,,,,6.5874249083155,6.3331920981956,,
478.012725,,,,,,,1.92856597736746,,2.59477313691051,3.763438886996,4.37767514631946,,,,,,5.80241307875331,6.49966435471805,,
478.61275,,,,,,,1.36622645573786,,2.15601435846688,3.4913307017796,4.73051586086519,,,,,,5.36313305725408,7.12045444296682,,
479.212775,,,,,,,1.31991864541634,,1.92842889793526,2.97871076889141,5.29694115171315,,,,,,5.37957248406309,6.21066716314874,,
479.812775,,,,,,,1.92921465262204,,2.77817800542033,3.87466828575936,4.89654576816993,,,,,,6.0129332954531,6.96722048835957,,
480.4128,,,,,,,1.6088928566368,,2.5859402131542,3.57022974548018,4.66611701272232,,,,,,5.84426097435213,6.298649153945,,
481.0128,,,,,,,1.28669429634373,,2.18193018873778,3.63290745022952,4.93060041836041,,,,,,5.52319943894415,6.37847385293905,,
481.612825,,,,,,,1.08000287952569,,1.82221882529679,2.81890349203355,4.41957791787199,,,,,,5.3039239439094,6.85753071487747,,
482.21285,,,,,,,1.88927654055899,,2.84476388659246,3.91077145011122,5.02007038439923,,,,,,5.80579121685831,6.60661393595436,,
482.81285,,,,,,,1.78154810465048,,2.40000743247395,3.3918870934171,5.44439564463708,,,,,,5.75949586726992,6.0751894191699,,
483.412875,,,,,,,1.35151587573811,,1.93304510531241,3.02793687757206,4.16865697062631,,,,,,5.26748640321318,5.80779324862023,,
484.0129,,,,,,,1.08963277602283,,1.97294973791366,2.93228730796015,4.09989919713554,,,,,,5.36286456548353,6.79341453818048,,
484.6129,,,,,,,2.40226346272626,,2.84868650711898,3.98109122810093,4.75783704852269,,,,,,6.38352684075526,5.73174392749969,,
485.212925,,,,,,,1.78936676316712,,3.02414137226733,3.44581462840715,4.52732627509294,,,,,,6.31878954676003,6.68390914854169,,
485.81295,,,,,,,1.01198095550728,,2.16817637428515,2.93635404869105,4.11106486488331,,,,,,5.67059110652449,6.94428872862941,,
486.41295,,,,,,,1.89157456145293,,2.04305829023926,2.6421990907201,4.10291267007301,,,,,,5.55108580232394,6.00802192198294,,
487.012975,,,,,,,2.2828786405772,,2.96463603473688,3.83454406069346,4.64563129918869,,,,,,6.32854976501427,5.95887325118711,,
487.612975,,,,,,,1.31364441866066,,2.60157026433138,3.60549057857489,5.14620529886254,,,,,,6.19824029222286,6.5696820518308,,
488.213,,,,,,,1.25007350748104,,1.98803529235538,2.97065792165789,4.30378040204297,,,,,,5.31323819529824,6.14268878421164,,
488.813025,,,,,,,1.0622836673271,,2.00763527298602,3.09483257435248,4.87660341545146,,,,,,5.2907161277686,6.47573900094222,,
489.413025,,,,,,,1.37368496676467,,2.41495584033418,3.36221834401282,4.46266961375756,,,,,,5.76966505825097,6.49534015488432,,
490.01305,,,,,,,1.85419840390385,,2.82501804781504,3.6960341691162,4.35062481650192,,,,,,6.06299145435233,6.92413017703982,,
490.613075,,,,,,,1.49837685746896,,2.08296451061419,3.40402870190392,4.00366385681451,,,,,,5.38339053942585,6.53807953571074,,
491.213075,,,,,,,1.49396845217513,,2.33658673209427,4.08324839105611,3.99621101991205,,,,,,5.82844981525826,6.28368665244719,,
491.8131,,,,,,,1.86725870682985,,2.54257720187216,3.85786279437937,4.41897673441543,,,,,,5.97171920497819,6.51005596081502,,
492.413125,,,,,,,2.02014541372724,,2.84556679504992,4.24441432416593,4.71808416165109,,,,,,6.06447565689686,6.16898242408524,,
493.013125,,,,,,,1.04621828775986,,1.81141405335681,3.20229585273326,4.38779082436555,,,,,,5.04950658140242,5.8019600865901,,
493.61315,,,,,,,0.892553373925201,,2.10967465338473,3.04506440818168,4.35961844597745,,,,,,5.58984345689079,5.98801406289897,,
494.213175,,,,,,,1.42118051204465,,2.68653948545496,3.42520556477238,4.78422448777022,,,,,,5.84115534958636,6.14379676771444,,
494.813175,,,,,,,1.56464577151438,,2.43324256460977,3.4262021472689,4.23540027206197,,,,,,5.70251161810508,6.25022411169758,,
495.4132,,,,,,,1.49352344399564,,2.06455660505546,3.5533870324106,5.45894089299998,,,,,,5.56992776593307,7.09161790415476,,
496.0132,,,,,,,1.53270927078303,,2.22386116231657,3.20225072849053,4.850009181437,,,,,,5.70633447783304,6.02933894544904,,
496.613225,,,,,,,1.72236615697392,,2.74563284598112,3.8302749543675,5.08831272806692,,,,,,5.95554002060535,5.8130748532726,,
497.21325,,,,,,,1.27113593731266,,2.40038994288677,3.73947261634632,4.66378252731158,,,,,,5.70939231574261,6.68101887354453,,
497.81325,,,,,,,0.7355575693495,,1.98840044609338,3.26855684259157,5.03070120661398,,,,,,5.42257749935496,5.99907358967286,,
498.413275,,,,,,,2.39175050120128,,2.67759047117768,3.88844447322483,3.63322068628411,,,,,,5.78328519656659,6.91824573968784,,
499.0133,,,,,,,1.1315050276781,,2.43497366614201,3.72721141347089,4.07483272140508,,,,,,5.776062905704,7.11300080044893,,
499.6133,,,,,,,1.77336682469056,,2.14900842503574,2.95720652279172,4.41793857701373,,,,,,5.58081591813402,6.22563777864918,,
500.213325,,,,,,,1.49836666609618,,2.07866239157936,3.58454744645911,4.67270123968106,,,,,,5.52148068870733,6.19818013168384,,
500.81335,,,,,,,1.84824439563866,,2.58350960774712,3.40618187371341,4.99315861121769,,,,,,6.16988087518684,6.40416802217497,,
501.41335,,,,,,,1.96472525547024,,2.89538719029608,4.30124411520419,4.34973884742028,,,,,,6.31260689693944,6.04590459386638,,
502.013375,,,,,,,1.26890271906706,,2.24059511770766,3.13154896121737,4.39064308082467,,,,,,5.70777912615357,6.26378182421353,,
502.613375,,,,,,,1.21512726475694,,2.05799446864803,3.18116023386262,4.98618111651571,,,,,,5.67412665062292,5.94855429110652,,
503.2134,,,,,,,2.40015655148235,,3.13248099064011,3.99887441297726,4.98246873560437,,,,,,6.36315308059915,5.98731329114159,,
503.813425,,,,,,,1.44981123651717,,2.73229395482132,4.03958466358283,4.83776139164998,,,,,,5.94047665565153,7.56408746157835,,
504.413425,,,,,,,1.325905892181,,2.15894700518911,3.12289935168845,4.66217510906028,,,,,,5.58650190141807,6.32662877851475,,
505.01345,,,,,,,1.5232286619702,,2.16800208640396,3.25452198220351,4.6484305689394,,,,,,5.3920706106015,6.22089256855847,,
505.613475,,,,,,,1.85616915703045,,2.57303327773532,3.31193698496329,4.42982467996275,,,,,,5.79841232274148,6.36197686294948,,
506.213475,,,,,,,1.52316413004106,,2.30036762071483,3.10974360329732,4.45012239283281,,,,,,5.76590610729869,6.08598957109794,,
506.8135,,,,,,,1.06949570692225,,1.85101258725731,2.5657537947348,4.35838009104008,,,,,,4.98151922550047,5.6235591234284,,
507.413525,,,,,,,1.69385130015212,,2.83208168119083,3.58651513954832,4.40893697103525,,,,,,5.8150786786903,5.71305244689837,,
508.013525,,,,,,,1.38703476507239,,2.44861837532232,3.61401000929732,4.67227091080132,,,,,,5.58987770299936,6.08336655441525,,
508.61355,,,,,,,1.09019733953237,,1.86930091190243,3.15979408670729,3.91388769566337,,,,,,5.03617434143882,7.07415921508356,,
509.213575,,,,,,,1.53008507851696,,2.44485373828225,3.25996343474543,4.79591362704332,,,,,,5.44093643463494,5.84073914905306,,
509.813575,,,,,,,2.29879485910024,,2.55580083315089,3.34971667753608,4.34120496135766,,,,,,5.70349084016785,6.30434720276617,,
510.4136,,,,,,,1.20694947659165,,1.99150695176446,2.86097804349034,4.98340151497946,,,,,,5.31695453780209,5.44956184288706,,
511.0136,,,,,,,1.4853056111944,,2.17820380955741,2.79055371825091,4.81209623784785,,,,,,5.49870779072611,6.5099487296055,,
511.613625,,,,,,,2.46328267608768,,3.15220143925187,4.02410172979478,4.54114383210363,,,,,,6.35441943630209,6.24654940316715,,
512.21365,,,,,,,1.82567189667388,,2.7520067213089,3.88298876535986,4.54405716107705,,,,,,6.14529160528043,5.41591977750315,,
512.81365,,,,,,,1.09496833135032,,2.21438396016838,3.58704460401901,3.98666140597549,,,,,,5.76057431431867,6.1120664660883,,
513.413675,,,,,,,1.78014358081098,,2.4790879271402,3.66559867952055,3.90968544598537,,,,,,5.90035936677037,6.4874298810425,,
514.0137,,,,,,,1.59085445141714,,2.37190232360404,3.40938179199849,4.85336111166879,,,,,,5.81180761409222,6.27035128427839,,
514.6137,,,,,,,1.56965186361011,,2.10047530276247,3.43433034474541,4.95082986403231,,,,,,5.41252636811654,5.75643763483352,,
515.213725,,,,,,,1.42739057019796,,1.91546491393185,3.17757884054251,3.69216283232162,,,,,,5.27677945999512,7.3746845300321,,
515.81375,,,,,,,1.56178710734299,,2.40923853454009,3.84078718174615,4.87689027961331,,,,,,5.792833942713,6.99897809272536,,
516.41375,,,,,,,2.41090490988959,,2.72235194380282,4.10372997330867,5.25496391259851,,,,,,5.80175898717421,6.46418982730063,,
517.013775,,,,,,,1.03966446937671,,1.87906359016017,3.52606011583047,3.67521959953181,,,,,,5.2259055023722,6.94211517129373,,
517.613775,,,,,,,1.96113879388268,,2.08179425188554,3.29114909991182,5.05965595482085,,,,,,5.37690694273425,6.61622131565284,,
518.2138,,,,,,,1.56433788180507,,2.74568543227774,3.97112247170295,4.14741352267688,,,,,,6.06966755717079,6.03314332700401,,
518.813825,,,,,,,1.60514914745163,,2.22593402205338,3.63052301291779,4.69680319768468,,,,,,5.68698669668386,5.97307496709668,,
519.413825,,,,,,,1.45624635929433,,2.02105449312269,3.70265966099449,3.98066089476027,,,,,,5.55027696251438,6.36221986678595,,
520.01385,,,,,,,1.99014886862904,,2.3677034622461,3.37995248853822,5.2723926619365,,,,,,5.71298864479631,6.37550308430589,,
520.613875,,,,,,,2.12387747424915,,3.05524185805022,4.32433001518695,5.5610794360232,,,,,,6.05580257283318,6.49478084016932,,
521.213875,,,,,,,1.81889026056495,,2.24471365593172,3.3610209373314,4.87018327679033,,,,,,5.70087916147458,7.23448691137715,,
521.8139,,,,,,,1.36543660753094,,1.89784673082943,3.19602526198585,4.66848900546202,,,,,,5.1847687666001,5.90832984351311,,
522.413925,,,,,,,1.75798966112757,,2.32983173455635,3.79353787640075,4.53426135022258,,,,,,5.62760641022033,6.63145688618103,,
523.013925,,,,,,,1.92356708860869,,2.73831971799219,3.99674977711409,4.20291065372793,,,,,,5.96445704435075,6.22902911596218,,
523.61395,,,,,,,1.43286503952088,,2.09364185233134,3.32939475048917,4.72221313120928,,,,,,5.47666584283548,6.36851001860268,,
524.213975,,,,,,,1.16669794898728,,2.09789543863934,2.98602877507971,4.49915284830691,,,,,,5.48487248532025,6.5714490961998,,
524.813975,,,,,,,2.09856462011116,,2.89329972298652,3.93952844160552,5.20152280736188,,,,,,6.13563866562707,7.02086845438528,,
525.414,,,,,,,2.11037617978094,,2.59404879970604,3.448545635511,4.41469924330223,,,,,,5.77668395952853,5.77598687487881,,
526.014,,,,,,,1.02989974897887,,1.84192497591239,2.52323422554485,4.36308888104728,,,,,,5.22159602916307,5.70073594742617,,
526.614025,,,,,,,1.26494512346043,,1.90692414116927,3.29250704748766,3.66305963397936,,,,,,4.98098893940145,6.19667176600395,,
527.21405,,,,,,,1.14727258701665,,2.59576486859986,3.66581919203115,4.08975982617291,,,,,,5.68317502147586,7.17119211906904,,
527.81405,,,,,,,1.4954687308795,,2.35881135064222,3.43551627380948,3.93133312842898,,,,,,5.67048797527998,6.09743108538832,,
528.414075,,,,,,,1.48834495779411,,1.95873064290009,3.02666417850746,4.85430586035124,,,,,,5.42953995117439,6.74860595341399,,
529.0141,,,,,,,2.06439492299977,,2.56162620543811,3.68359882285121,4.7471406775848,,,,,,5.60801855850003,6.75885092748706,,
529.6141,,,,,,,1.96189617143646,,2.31002541784769,3.74497670857727,4.69734977319827,,,,,,5.52216976447191,6.5508880902924,,
530.214125,,,,,,,1.34035103979487,,1.80638230339912,3.34361097805286,4.60070815527172,,,,,,4.97030845537448,6.03919092349743,,
530.81415,,,,,,,1.35669072987609,,2.17593086472446,2.95136562464527,4.12009873959886,,,,,,5.31497462430637,6.09714429856548,,
531.41415,,,,,,,1.64110663759072,,2.70869979050206,3.58522873563875,3.91489365026784,,,,,,5.73634129297896,6.86860594025298,,
532.014175,,,,,,,1.47769758721109,,1.99364735245962,2.96770794231538,4.49306911594143,,,,,,5.38519133525539,6.27085022788768,,
532.614175,,,,,,,0.903225560874451,,2.20425060653743,3.2124179738128,4.9257137167061,,,,,,5.59491528174411,6.03739094378585,,
533.2142,,,,,,,1.84411373303676,,2.88263851933312,3.78151889809527,4.51025327687641,,,,,,6.24528132128455,7.06837338488888,,
533.814225,,,,,,,1.99713674347126,,2.44692985878934,3.31979294139167,4.57348569524266,,,,,,5.74962880520269,6.48180870302279,,
534.414225,,,,,,,1.28798091770585,,2.12708243178745,3.47238365418535,4.03300958127,,,,,,5.56220290912408,6.45973618171802,,
535.01425,,,,,,,1.61889765834856,,2.46918686911589,3.44768977239078,4.43679595546083,,,,,,5.75229150060979,6.57324805429815,,
535.614275,,,,,,,2.06934558053746,,2.48240688917872,3.51150738331284,4.09484855115046,,,,,,5.77865366981881,6.82046983294622,,
536.214275,,,,,,,1.1930742265778,,1.89191831341266,3.13623202977425,4.7832777157415,,,,,,5.19144205490997,7.14377533506186,,
536.8143,,,,,,,1.38546076936771,,1.78486032899213,2.94280886689181,3.99460766870355,,,,,,5.20905552438669,5.97548766302201,,
537.414325,,,,,,,1.99285114487036,,2.37003709053406,3.99709778984812,4.86259748270965,,,,,,5.7916118135229,7.43358894832385,,
538.014325,,,,,,,1.89566451516762,,2.58774238387254,3.58227422510039,4.50309290076583,,,,,,5.72949638787849,6.60979590519438,,
538.61435,,,,,,,1.80989579821576,,2.07802951029773,3.41410498106463,4.78606573574604,,,,,,5.50803964152094,6.15916413093269,,
539.214375,,,,,,,1.60671664316195,,2.47597155744061,3.48980964765994,4.87202660560089,,,,,,5.86399673511479,6.56724082014699,,
539.814375,,,,,,,2.3179408300834,,2.66619522735242,4.2776452472806,5.0517714895509,,,,,,5.94946580710382,6.76138899030683,,
540.4144,,,,,,,1.15217041888366,,1.79439469066877,3.19393360175148,4.15702159072208,,,,,,5.01770771206609,6.72956624574593,,
541.0144,,,,,,,1.59920144649,,2.06410111471466,3.73178444493291,4.05395741154452,,,,,,5.63341388399567,6.75353553947863,,
541.614425,,,,,,,1.74686663984665,,2.64898240344281,4.10776335253119,5.46124362105892,,,,,,6.1651099006029,6.08842872673509,,
542.21445,,,,,,,1.82167873617665,,2.36347648904604,3.00617813540641,5.29987307855842,,,,,,5.63670626540563,6.67447523584841,,
542.81445,,,,,,,0.74797982234905,,1.91661986355467,2.8419682429865,4.98231143963681,,,,,,5.29670758309577,6.42977837526331,,
543.414475,,,,,,,0.824887933454879,,2.46199940610845,3.1961541668269,4.05234964042645,,,,,,5.85620203508673,5.86029284942672,,
544.0145,,,,,,,1.49033622790965,,2.98708155135992,3.5320835098169,4.96417231988542,,,,,,6.05378171640579,6.47700374011711,,
544.6145,,,,,,,1.35917764761081,,2.06210523092667,3.28299210622967,4.62190879397323,,,,,,5.32436156819201,6.8416085757706,,
545.214525,,,,,,,1.5009772019258,,1.94980747453013,3.79285842751622,3.75678027881836,,,,,,5.3347570432334,6.41426840171297,,
545.81455,,,,,,,2.28115925450187,,2.66382546812193,3.80387296819088,4.24729687736767,,,,,,5.96130410090595,7.09623465842438,,
546.41455,,,,,,,1.53805184602657,,2.27617924284305,3.66659691163467,4.19951329631374,,,,,,5.51827789150206,5.69180408167838,,
547.014575,,,,,,,1.24465392080674,,1.8463158185538,3.38443219350045,3.77250974170727,,,,,,5.13072701465961,6.05618625434774,,
547.614575,,,,,,,1.3101712402156,,2.27964393660137,3.41706565628723,4.30683151776189,,,,,,5.2479649570708,5.92557640062227,,
548.2146,,,,,,,1.53706582343126,,2.75279302174373,3.80584886285715,4.72337990230972,,,,,,5.79090929780569,5.93902936094221,,
548.814625,,,,,,,1.58798349395747,,2.13345356253936,3.19361071958117,4.67947631513083,,,,,,5.26963793407024,5.98158522439465,,
549.414625,,,,,,,1.345160723515,,1.98625045748225,3.82372422404171,4.40453329860868,,,,,,5.49249483327355,6.46632638943588,,
550.01465,,,,,,,1.44973797273618,,2.69341493259584,4.14441249685447,4.2007065305467,,,,,,6.10908034986335,6.31628050804656,,
550.614675,,,,,,,1.94543908130865,,2.40096114348248,4.06886972127998,4.43677025117469,,,,,,5.54753493861224,6.31597569584618,,
551.214675,,,,,,,1.3341234822495,,1.88217926319364,3.18082075044437,4.74428752589527,,,,,,5.20171087793458,6.55165248402302,,
551.8147,,,,,,,1.84815815547313,,2.26720417901446,3.05005587353512,4.52592297820449,,,,,,5.80326916494917,5.88978129579804,,
552.414725,,,,,,,1.14685841267094,,2.05973498871048,3.00532615634896,4.19814047656725,,,,,,5.43420444631241,5.87629618449465,,
553.014725,,,,,,,0.717601512556964,,1.8889234477979,3.35897533254526,4.80838487693687,,,,,,5.03809921470074,5.65165989659321,,
553.61475,,,,,,,1.02906701240935,,1.86599160697635,3.4024317737734,4.65807925165078,,,,,,5.28773735778682,6.55701619254226,,
554.214775,,,,,,,1.95629019719567,,2.81707789352467,3.65824354173793,4.51553528732504,,,,,,5.67221606752301,6.77157860535856,,
554.814775,,,,,,,1.72133042713814,,2.31503122786777,3.61408279628303,3.78888570473087,,,,,,5.55704630837589,7.17060254645311,,
555.4148,,,,,,,1.14404586237274,,1.84997981448997,3.10492542180222,5.41936983093011,,,,,,5.09526922539027,6.54704101910339,,
556.0148,,,,,,,1.33063990364803,,1.83933040460928,3.32452656288315,4.3792292338129,,,,,,5.17618827931083,5.64610104465971,,
556.614825,,,,,,,1.81472276368431,,2.68953581618776,4.2055085640263,4.28179918895269,,,,,,5.90256624774481,6.29851765627938,,
557.21485,,,,,,,1.89741269678022,,2.13280751911072,3.6341757065705,4.95151454656148,,,,,,5.59931738150791,6.67275364573469,,
557.81485,,,,,,,0.868793310473411,,1.90761580791568,3.36055961483107,4.41587569736865,,,,,,5.15110140032603,6.71803253661696,,
558.414875,,,,,,,2.07349851421504,,2.62509951907215,3.62262614077231,4.3278924362329,,,,,,5.70324082471917,6.2206877395409,,
559.0149,,,,,,,2.06805381533578,,2.33202290417397,3.93376606578562,5.34646450510304,,,,,,5.70907065834057,6.60159374885176,,
559.6149,,,,,,,1.33740981260649,,1.87349890807632,3.24146309610116,4.39743125230871,,,,,,5.17885547965153,6.416953472651,,
560.214925,,,,,,,0.688696481890693,,1.93133307246583,2.65422844679812,3.71145755052572,,,,,,5.42738643750743,6.90736107039002,,
560.81495,,,,,,,1.67151326170576,,2.51332424175477,3.54405108102319,3.97366365122863,,,,,,5.51338340921152,5.98807896998008,,
561.41495,,,,,,,1.63813697292125,,1.91866532861255,3.16373697268706,4.29923031588182,,,,,,5.34954350841415,6.12779075819539,,
562.014975,,,,,,,0.85856888095836,,1.96160563095438,2.95474927197156,4.40886213968279,,,,,,5.44599816433039,6.30351949687737,,
562.614975,,,,,,,1.70672959708648,,2.62227597133092,4.44638836488271,4.98343589369661,,,,,,5.70217122102979,5.97377758556909,,
563.215,,,,,,,1.65433113133225,,2.35941092261504,3.55792972705652,4.91904410312534,,,,,,5.70192387920361,6.13155115156,,
563.815025,,,,,,,1.33715168680533,,1.76754906729031,3.12356377490224,4.94889224624282,,,,,,5.12404298010714,5.76299511492379,,
564.415025,,,,,,,1.78546113450954,,2.32184676893481,3.91378013882952,4.79495418238882,,,,,,5.51237701501899,6.78131687318943,,
565.01505,,,,,,,1.97126926413883,,2.62389118099681,3.73060117446075,5.16705649746133,,,,,,5.47622621644634,6.26149266041976,,
565.615075,,,,,,,0.468375617001085,,1.7132759183542,2.70018912031451,3.21491865249332,,,,,,5.02182716396198,6.59402431593289,,
566.215075,,,,,,,0.784131033825345,,1.68527672870037,2.60206250741379,4.54457096902031,,,,,,5.02020047853813,6.14136158522559,,
566.8151,,,,,,,1.68170164980873,,2.32016639911288,3.68993777426408,4.7436906407166,,,,,,5.36614312747107,6.27673576190199,,
567.415125,,,,,,,1.84457464019704,,2.22556233965319,3.74769487932921,4.25886272618172,,,,,,5.13602639262778,6.42234269223841,,
568.015125,,,,,,,1.56448215855069,,1.67251305163783,3.15621212463884,5.19470606745377,,,,,,4.90926262268573,6.62894239738665,,
568.61515,,,,,,,1.80262643583428,,2.48761200275302,3.37872910915356,4.7034521484421,,,,,,5.48992463622202,6.45979182494685,,
569.215175,,,,,,,1.43869481795206,,2.21298119903172,3.17994218429705,4.55947121541894,,,,,,5.34682231857504,6.9742580196211,,
569.815175,,,,,,,1.37335920386871,,1.76371308315251,3.3774899504097,4.34155801675324,,,,,,4.93587603310063,6.20071969360483,,
570.4152,,,,,,,1.50401902681528,,1.67376227792528,3.33932854664316,4.13926276122997,,,,,,5.06740019610261,6.0927748225477,,
571.0152,,,,,,,1.93792603004783,,2.40264313234732,4.17981963303367,4.85953395700504,,,,,,5.43706605316196,6.91003175551021,,
571.615225,,,,,,,1.7904295504416,,2.28305507525119,2.90535318839285,4.55980049914645,,,,,,5.3256356528752,6.90752196053774,,
572.21525,,,,,,,0.852981358271566,,1.68460668429921,2.89330193429501,4.15510417196128,,,,,,4.83891779446141,6.72529253648542,,
572.81525,,,,,,,1.45883604937196,,1.78915531328327,3.40342725789788,4.48501475472935,,,,,,4.96363616700647,5.80630869898854,,
573.415275,,,,,,,1.9587490788716,,2.59890474880845,3.88055252264128,4.56813855335765,,,,,,5.50666108254218,5.34186584440507,,
574.0153,,,,,,,1.61358571429406,,2.13397326012301,2.98248145705407,4.23562089799805,,,,,,5.47236530085429,6.62071079256475,,
574.6153,,,,,,,1.64314573003791,,1.89628319541557,3.1621549829389,4.69725262294495,,,,,,5.14785310474046,6.18178581955521,,
575.215325,,,,,,,1.75424954238158,,2.38028834261301,3.42196119333617,4.37436418752881,,,,,,5.56635555853231,5.84378332647544,,
575.81535,,,,,,,1.48531768622239,,2.22908092533292,3.9210652186519,4.61154033301471,,,,,,5.30539244088221,6.77055577399086,,
576.41535,,,,,,,1.54538679943455,,1.82738743766115,2.99444517008931,4.83205021321139,,,,,,5.22556539463548,6.58790604770294,,
577.015375,,,,,,,1.48141592815821,,1.84949877852799,3.21105043811136,4.46147083102732,,,,,,5.25344217412329,6.38866036331707,,
577.615375,,,,,,,1.93172083599059,,2.63334194885336,3.38745643392848,4.65167625987431,,,,,,5.64298190585873,5.60887638259803,,
578.2154,,,,,,,1.85439814513133,,2.1180389409892,3.02339418954289,4.03709566564331,,,,,,5.42037303276322,5.76165523947183,,
578.815425,,,,,,,1.29517375143469,,1.90223610833132,3.11549718680835,4.15054070439282,,,,,,5.07570839540339,6.59757713685306,,
579.415425,,,,,,,1.41658183759153,,2.32050457280331,3.01601530558695,4.4838413833253,,,,,,5.49567529334303,7.37306105354069,,
580.01545,,,,,,,1.5715714828345,,2.57603159541112,3.57345731993429,4.06941335926389,,,,,,5.54685786593609,6.93943694805367,,
580.615475,,,,,,,1.35552388764807,,1.79985754453037,3.16225756169924,4.58079055116494,,,,,,5.09956486576207,5.77736817889525,,
581.215475,,,,,,,1.19035140112049,,1.94228601224156,3.53436368261326,3.9818257916213,,,,,,5.15484337402289,6.69473124954596,,
581.8155,,,,,,,1.93092553200248,,2.60202459367259,3.87570752655739,3.98623065743956,,,,,,5.7373624986427,6.98294863428058,,
582.415525,,,,,,,1.13446434180906,,1.80417480170998,2.94154318673558,4.99701350932564,,,,,,5.12714701369709,5.69358241424661,,
583.015525,,,,,,,1.07144415161767,,1.70670307035809,3.23678445498469,5.03979513430372,,,,,,4.83949995726516,6.05456169998753,,
583.61555,,,,,,,1.08459920375509,,2.13895830248886,3.707721880925,3.85755104051254,,,,,,5.5364622319674,6.12359773512299,,
584.215575,,,,,,,1.72622063566514,,2.2824114286559,4.04191815666552,4.35708438546609,,,,,,5.28262918528412,5.52920171857503,,
584.815575,,,,,,,1.1693021300322,,1.93912359547156,2.98194495207796,4.58889368901843,,,,,,5.19387166335699,6.32050711699614,,
585.4156,,,,,,,1.02695694887348,,1.96527814874217,2.78921589758444,4.33780179159938,,,,,,5.15802672186478,6.11466235363584,,
586.0156,,,,,,,1.45581338120589,,2.63810293761531,3.67553364050764,4.04630937677432,,,,,,5.64710371569094,6.58659091954678,,
586.615625,,,,,,,1.09121798495087,,1.7617321381036,3.18332220291725,4.83792137617866,,,,,,4.91997242847729,5.99352279232591,,
587.21565,,,,,,,1.04930042728035,,1.4457357344543,2.79854475654524,4.53888955448329,,,,,,4.8538747392764,6.13985003305418,,
587.81565,,,,,,,1.97415502930185,,2.22779635921746,3.72387959630721,4.89154914443647,,,,,,5.26901296645086,6.08123849184647,,
588.415675,,,,,,,1.39446790703095,,2.31359637335001,3.79574295979591,4.84697944918549,,,,,,5.45612789064447,5.98990781512976,,
589.0157,,,,,,,0.786242408876108,,1.6283662860377,3.13289038315607,4.52030225201315,,,,,,4.80691424610689,5.54769688770955,,
589.6157,,,,,,,0.987252131687781,,2.00631758581412,3.74681754504493,4.2731093931137,,,,,,5.33122746871634,6.87790714801768,,
590.215725,,,,,,,1.78129751999542,,2.13973258542888,3.489453008646,4.20357540757018,,,,,,5.14245295598412,5.98680946279723,,
590.81575,,,,,,,0.890492840337105,,1.55482765806583,3.00225713326766,4.35338608113584,,,,,,4.69913766511408,6.83383928159313,,
591.41575,,,,,,,0.707217903142282,,1.47448510521094,3.07350653498359,3.57431733535959,,,,,,4.84983123296587,5.6137291320797,,
592.015775,,,,,,,1.8913457349513,,2.05818234675297,3.82758196419926,4.97175850859961,,,,,,5.21115769588282,6.09624589405201,,
592.615775,,,,,,,1.99122684154243,,2.21159995345231,3.25816646883829,4.42204487151094,,,,,,5.33645764568563,6.12451662588446,,
593.2158,,,,,,,1.15010065674226,,1.52008172395521,2.8807443113887,4.29976154242357,,,,,,4.76434111076667,5.88229985085027,,
593.815825,,,,,,,0.725538834473686,,1.54575639591962,3.10920979583015,4.00920814197857,,,,,,4.95120067871289,5.91579574753643,,
594.415825,,,,,,,1.78486827646697,,2.37407411810336,3.10901427080556,4.82658973749997,,,,,,5.52719530164721,6.14042992652495,,
595.01585,,,,,,,1.78279573359759,,2.05824941365056,3.41055334841884,4.70614293238704,,,,,,5.34216886650296,6.28962918630228,,
595.615875,,,,,,,1.42723058300224,,1.67905286100785,3.30862038359244,4.74587254027665,,,,,,5.00468069019695,6.80421467758577,,
596.215875,,,,,,,1.72270405960186,,2.38888126034456,3.23908379016526,4.11755966985236,,,,,,5.62057345336815,6.95731716911362,,
596.8159,,,,,,,1.50054604351241,,2.12026440318127,3.21103580419467,4.56859857920909,,,,,,5.19141059142734,5.53688775424587,,
597.415925,,,,,,,1.19083046395543,,1.80546223111361,3.10256022442792,4.76476954819198,,,,,,5.09560042968842,6.01211779524536,,
598.015925,,,,,,,0.86171997162081,,1.85716617689614,2.75452984388928,4.01313742667972,,,,,,5.01289874449133,7.11855713341535,,
598.61595,,,,,,,2.77821371413491,,2.40848936404621,4.37682202669433,4.37179460807099,,,,,,5.58554669965492,5.95766656249266,,
599.215975,,,,,,,0.617927926464218,,1.50861192879119,3.16579034925821,3.50470588895758,,,,,,4.80951281088413,5.94547385197008,,
599.815975,,,,,,,1.2389613279556,,1.75250688827174,3.28227925579169,4.55037381376367,,,,,,5.04398562869172,6.40210643975096,,
600.416,,,,,,,1.26020711207843,,1.86255599052939,3.47761036085049,4.85211026074958,,,,,,4.99300895087678,6.81827142257552,,
601.016,,,,,,,1.46990266871866,,1.92166682870617,3.33863301568905,5.15859260958802,,,,,,5.10173851589634,7.02137154920421,,
601.616025,,,,,,,1.51249251251303,,1.65078149410052,2.74102310615659,4.32434608912906,,,,,,4.9204643756082,6.53377233341036,,
602.21605,,,,,,,1.2486738716744,,1.93471971693454,2.70805908699468,4.46479849374783,,,,,,4.99261876871778,5.53810238158995,,
602.81605,,,,,,,1.32002269962445,,2.22842981195476,2.95921191410169,4.62881608799801,,,,,,5.45179095610967,6.38486852658684,,
603.416075,,,,,,,0.336059875853088,,1.56966692857366,2.9089998451182,4.16201799860416,,,,,,4.96384068822594,6.36347612542355,,
604.0161,,,,,,,1.11121356336896,,1.72901780415351,3.24397038397119,4.61706979152246,,,,,,5.03903016151739,5.7044954073009,,
604.6161,,,,,,,1.25898207941175,,1.79980789718355,3.48009940634568,4.45380077598278,,,,,,4.9693077613402,5.84540617987817,,
605.216125,,,,,,,1.48635140478961,,1.89702567154008,3.38773241536027,4.68542172138505,,,,,,4.97778959348359,5.803333358238,,
605.81615,,,,,,,1.10892737173706,,1.58605388547628,2.46713480348346,4.99358547314639,,,,,,4.71522429086879,6.30444829784918,,
606.41615,,,,,,,1.88094062178185,,2.09698372326802,3.31144937503001,4.65254018605843,,,,,,5.45579500349105,6.19038777624889,,
607.016175,,,,,,,1.59913946496419,,2.05399790496363,3.51672234753546,5.52147456525383,,,,,,5.13963121491649,6.34211599236096,,
607.616175,,,,,,,0.854901667207924,,1.71664884075673,2.86723264184431,4.56576264467678,,,,,,5.10751240301615,6.35617017620663,,
608.2162,,,,,,,0.76373410223047,,1.73226791314782,3.30061703713029,3.83811928082002,,,,,,5.04716048898151,6.84113206225795,,
608.816225,,,,,,,1.74537637895126,,2.68468974051422,4.24286093305903,4.02960265188354,,,,,,5.73866853683591,6.6847277510808,,
609.416225,,,,,,,1.23374824433226,,2.04740563625496,3.01512295055553,5.29834849965366,,,,,,5.26660684418925,6.80583113826152,,
610.01625,,,,,,,1.20672769333447,,1.8035692845827,2.54776460962303,4.76558398356554,,,,,,5.10837430437868,5.78395678652899,,
610.616275,,,,,,,1.63750310970242,,2.16316483550406,3.13833871581983,4.92329126250418,,,,,,5.42345235239411,6.55219959597687,,
611.216275,,,,,,,2.03369655553789,,2.54564548538708,3.84430707792548,4.17794802800112,,,,,,5.84528323817305,6.49550465911508,,
611.8163,,,,,,,1.78846513403155,,1.81908680073877,3.21544070763641,4.40772448837411,,,,,,5.22255523856617,6.40370622132172,,
612.416325,,,,,,,1.30688841626091,,1.79014861806805,3.24720517007391,4.25442596178217,,,,,,5.13897787550594,5.56824293857542,,
613.016325,,,,,,,2.59191173199897,,2.78939865057128,4.58951139182211,5.28246852294032,,,,,,6.1097942268136,5.8519438549139,,
613.61635,,,,,,,1.88581066128738,,2.05162198383415,3.33697834958823,4.6631594089392,,,,,,5.35086079872185,6.5470032709817,,
614.216375,,,,,,,1.73538575112508,,1.62162033361797,3.06267374418732,4.52686944001902,,,,,,4.93796540168774,5.67164234987713,,
614.816375,,,,,,,0.884685472713847,,1.84600443752715,2.59023617942339,4.25272713411456,,,,,,5.08664933272233,6.27647503529874,,
615.4164,,,,,,,1.9585109481446,,2.51649641795806,3.92658712234517,5.17076835549823,,,,,,5.52599197712265,6.05778376659713,,
616.0164,,,,,,,0.890776540448999,,1.56078323790792,2.71985997080577,4.47039153212841,,,,,,4.81349718015983,6.48071174298258,,
616.616425,,,,,,,1.27271557143699,,1.56409540254029,3.29176738998757,4.86519077766819,,,,,,4.96831640249354,5.77863184977863,,
617.21645,,,,,,,1.56295354364931,,1.89451882692306,3.5372077209257,4.98791332453652,,,,,,5.28629031160178,6.51477436392808,,
617.81645,,,,,,,1.34578783894115,,2.04622293587032,3.91758600494604,4.53497912172204,,,,,,5.10595726515086,7.11738263941777,,
618.416475,,,,,,,1.00152975259953,,1.55150535766371,2.74540702921267,4.95841453152993,,,,,,4.83511954866054,6.16060390617674,,
619.0165,,,,,,,1.31376203617277,,2.13939149157176,3.44321846643379,4.26032770617332,,,,,,5.11427416429565,6.5340703791926,,
619.6165,,,,,,,1.76189414869391,,2.35211005381394,3.60285156886878,4.23609792846356,,,,,,5.33158128554438,6.00409090441612,,
620.216525,,,,,,,1.5580844886697,,1.6922009611011,2.92754522381818,4.44526095488456,,,,,,4.98486795403962,6.01498956644678,,
620.81655,,,,,,,0.906540806008762,,1.61543827988485,2.74637616506296,5.11899673898004,,,,,,4.74746597351019,5.74936262130487,,
621.41655,,,,,,,1.48651256581575,,1.93121829438359,3.28288630378272,4.48568388387696,,,,,,5.1787492047617,6.70659412120822,,
622.016575,,,,,,,1.64535492355279,,2.17439653387246,4.0075531340889,4.99549921763885,,,,,,5.34658722121133,6.26041082785095,,
622.616575,,,,,,,0.807454920420875,,1.64705003181789,3.20748760434433,4.51511837498569,,,,,,4.88714548163112,6.77551600572033,,
623.2166,,,,,,,1.07381576905833,,1.97760183026436,2.91721542656746,4.23784470099204,,,,,,5.26952503835278,6.85940782247875,,
623.816625,,,,,,,1.74506570712282,,2.24119805042499,3.80313584336955,4.72251415822876,,,,,,5.50609993662766,6.04593069514095,,
624.416625,,,,,,,1.29309424104336,,2.01613876681391,3.16018287336412,4.44961284166605,,,,,,5.17562341779312,5.58882800039145,,
625.01665,,,,,,,0.943107157001184,,1.71685838066771,3.10069702277569,4.94587050865561,,,,,,5.2116336746525,6.46002301162375,,
625.616675,,,,,,,2.23379957323512,,2.66469332547125,3.58080708241046,5.25090778926048,,,,,,5.78957467482356,6.71002202659035,,
626.216675,,,,,,,1.97557594391058,,2.16363071730659,3.41483296877429,5.60648054619056,,,,,,5.66927244114953,5.62185387569635,,
626.8167,,,,,,,0.951854097983465,,1.61348225635365,2.43139509550019,4.52620317293604,,,,,,4.86417805884364,6.31482472065103,,
627.416725,,,,,,,1.29611793016647,,1.8589348525534,2.91625894463422,3.95082522375832,,,,,,5.11893515792116,6.22817549202513,,
628.016725,,,,,,,2.79700662982744,,2.36896838487896,3.88574156497571,4.47433714157139,,,,,,5.9019477546101,6.09836108910899,,
628.61675,,,,,,,1.74637386973623,,1.65694260344249,3.25000329567726,4.59067491589043,,,,,,4.82441010679582,7.0931574606728,,
629.216775,,,,,,,1.00348366133419,,1.60314179745227,2.81927533202434,4.61456663429804,,,,,,4.8755323404173,5.77171493587315,,
629.816775,,,,,,,1.60986910308743,,2.0861558408232,3.50882860230616,4.4520136923913,,,,,,5.30430058683426,6.42204961467903,,
630.4168,,,,,,,2.03088802814806,,2.47885548362285,4.13340891128546,4.81495476121991,,,,,,5.68943248467589,6.12187200090267,,
631.0168,,,,,,,1.82636707572456,,1.70271322722101,2.87937157982836,4.51157900085161,,,,,,5.31141567994934,6.24773103782816,,
631.616825,,,,,,,1.19239408267645,,1.79377400542878,2.79148356659276,4.66582605729381,,,,,,5.04276297843886,5.52756906425001,,
632.21685,,,,,,,1.50700556787102,,1.77705765072064,2.65515026324189,4.41156157157443,,,,,,4.85047730493191,6.23796730847127,,
632.81685,,,,,,,1.26910018306543,,2.15520188468151,3.1379377767908,4.23696006138183,,,,,,5.26257063952692,6.79820184787563,,
633.416875,,,,,,,0.966080084862127,,1.51882190991612,2.72725601841407,4.36102789420359,,,,,,4.76790817230424,6.43687138118028,,
634.0169,,,,,,,1.65944281531947,,1.90726278578526,3.16689194072249,5.25537315066106,,,,,,5.29259166740332,6.77202239683592,,
634.6169,,,,,,,1.28706923233475,,1.94223412114596,2.81242357603894,5.41616281191343,,,,,,5.19937239097498,6.59850951625851,,
635.216925,,,,,,,1.47387151138692,,1.75485120981235,2.81738075218953,4.82471019772205,,,,,,5.04018454085342,5.02006870976276,,
635.81695,,,,,,,0.971559941597026,,1.50855806090029,3.22833761253915,4.18962906747339,,,,,,4.78269683488141,6.08787781976029,,
636.41695,,,,,,,1.65893837047234,,2.27562016423539,3.40511351803412,4.54042550689602,,,,,,5.40878397212935,6.18113249312675,,
637.016975,,,,,,,1.72439667751742,,2.0549533776964,3.97204582606142,4.5300044686115,,,,,,5.30043909552905,6.91253412825793,,
637.616975,,,,,,,0.858873793571428,,1.59493476561107,3.11766068881806,4.18908224570525,,,,,,4.84704802489693,6.57313583795839,,
638.217,,,,,,,1.35075261160834,,1.607138588151,2.99503051380184,3.75674680909503,,,,,,4.79277495862234,6.446086602261,,
638.817025,,,,,,,1.44013362732773,,2.27327618278684,4.03079825808496,5.38995944223117,,,,,,5.25271387418517,6.91333061739306,,
639.417025,,,,,,,1.05529987457255,,1.988570733738,3.46435190222121,4.84212781258992,,,,,,5.25239120104494,6.47117896614199,,
640.01705,,,,,,,1.50088022113716,,1.7604823286,2.53583535445819,3.60817487565233,,,,,,5.14505447476583,6.25481539367403,,
640.617075,,,,,,,1.85045734390089,,1.88013098781176,2.71815362570568,4.81069177594153,,,,,,5.13950129197319,6.23109915953854,,
641.217075,,,,,,,2.16385726896214,,2.59449768186252,4.45488653609132,4.73692886520231,,,,,,5.58913289797697,6.78941583984649,,
641.8171,,,,,,,1.30543174684182,,1.56274567151188,2.7939874683158,3.50416807051551,,,,,,4.77232989207026,6.07606166783513,,
642.417125,,,,,,,1.53553435935896,,1.73825638875383,3.40468346067645,4.99532015220088,,,,,,4.99144052004813,5.90881548510341,,
643.017125,,,,,,,1.51778494838139,,2.03653301930371,3.74397388460842,4.17231888726506,,,,,,5.16446230116589,6.3158829798795,,
643.61715,,,,,,,1.42673222527501,,1.82537316593529,3.00163055382559,4.29463962301116,,,,,,5.04637517871604,5.86026257251754,,
644.217175,,,,,,,1.00063984466118,,1.48309536136126,2.68444299424069,3.93721379414701,,,,,,4.75857925652052,6.88002322201852,,
644.817175,,,,,,,1.77677557196058,,2.24130086400077,3.87509265056927,4.33766059961975,,,,,,5.46522298244877,7.06084564632953,,
645.4172,,,,,,,1.42450301073475,,1.86982095925678,3.55656784271101,4.82906778267529,,,,,,5.10978362846432,6.25225931779592,,
646.0172,,,,,,,1.4815705921855,,1.64809664681771,3.0321244518373,4.5421547702119,,,,,,5.19530270409395,5.83889703169491,,
646.617225,,,,,,,1.10479462340076,,1.72333877333161,3.33739231042114,4.77519595182854,,,,,,4.88793192519227,6.61364774371849,,
647.21725,,,,,,,2.05891632249527,,2.27990986317353,3.48512432258992,4.3046732741973,,,,,,5.51822170627477,6.3705800067004,,
647.81725,,,,,,,1.3611079999992,,1.86193835783102,3.62321196067292,4.4315379650351,,,,,,4.97520338557204,6.38581044793202,,
648.417275,,,,,,,1.03589517432628,,1.57448597311738,3.37256911029249,4.31558901611367,,,,,,4.79507296782176,8.02020762685732,,
649.0173,,,,,,,1.88173966711874,,1.99143231058337,3.5736153171032,4.52061194666094,,,,,,5.46044293836068,6.42565465169679,,
649.6173,,,,,,,2.89004898113682,,2.55561107517348,4.3105452549257,4.61917420340341,,,,,,5.8318306715004,5.73215403769058,,
650.217325,,,,,,,0.899450625685049,,1.52486417636132,2.86218220497249,5.02753443824153,,,,,,4.99710930628068,6.25435370845235,,
650.81735,,,,,,,1.18594818595412,,1.71318926002698,2.65586511079073,4.67569152401905,,,,,,5.01229871496217,6.19580794826188,,
651.41735,,,,,,,1.87660010005489,,2.22186239020073,3.10720933826468,4.43995931646501,,,,,,5.26891572302694,5.83272180981151,,
652.017375,,,,,,,0.874147281296868,,1.92918529722509,2.87541052316535,3.72859486622875,,,,,,5.26861653358563,6.32084546760254,,
652.617375,,,,,,,1.34064448423943,,1.78029589663252,2.97149209873494,4.0637706804251,,,,,,4.97122620101888,6.88460647219902,,
653.2174,,,,,,,1.76404649295852,,2.28213738608134,3.66057078034474,4.05063896375371,,,,,,5.54647586096096,5.5745510546001,,
653.817425,,,,,,,1.84202552922228,,2.24338065811628,3.64909021406935,4.12821185991584,,,,,,5.48347685877675,6.09231442233448,,
654.417425,,,,,,,1.63591188616065,,1.92485170783935,3.49467729262254,5.15781623211504,,,,,,5.44365810675512,6.83514806929193,,
655.01745,,,,,,,1.68984720470891,,1.84632290053636,3.63065426536523,4.70536176873115,,,,,,5.2954262158292,5.55683622463473,,
655.617475,,,,,,,2.51539538308549,,2.62180299615745,3.9465143953475,5.05893048098568,,,,,,5.59463515926203,7.17664383912575,,
656.217475,,,,,,,1.93708447771005,,2.04590740314426,3.355851265921,5.6549679301235,,,,,,5.06357681677604,7.07200056834069,,
656.8175,,,,,,,1.60855545059169,,1.77264588716372,3.38086506013784,4.30323846599872,,,,,,5.01793727974104,5.68010211689682,,
657.417525,,,,,,,1.4095904259491,,1.81279930128139,2.81451862484678,4.83539537459591,,,,,,5.32076440108021,5.66355531839259,,
658.017525,,,,,,,2.21246500425972,,2.37699339205095,3.85465530717351,4.37761111041489,,,,,,5.79863309197032,5.47275263942213,,
658.61755,,,,,,,1.23018736247198,,1.90842013879678,3.12186575162062,5.08044187222809,,,,,,5.04618274711831,6.31219336605684,,
659.217575,,,,,,,1.01965596214408,,1.46758747490966,3.23342819206702,4.85151907935201,,,,,,4.85669342981326,5.98817335629881,,
659.817575,,,,,,,1.17128818720941,,2.28104855669593,3.56244563842795,5.35254184801278,,,,,,5.5023198381668,6.14060094137127,,
660.4176,,,,,,,1.88882068327187,,1.96776087798445,3.21128560861509,4.43240529993842,,,,,,5.18527980755886,7.19114403337897,,
661.0176,,,,,,,0.6550796786797,,1.54313000065416,2.64788289038365,4.45791983990284,,,,,,4.7126611662153,6.71498317745707,,
661.617625,,,,,,,0.700543656975162,,1.58777810160327,2.8817881170805,4.69468727339452,,,,,,4.77269487857262,6.53534103601854,,
662.21765,,,,,,,1.54600976214712,,2.07839242158438,3.75166342080315,4.88873486023433,,,,,,5.37355517830032,6.17089640681201,,
662.81765,,,,,,,1.73098489711818,,2.014268330343,3.50180008050906,4.77937474399677,,,,,,5.12312603172022,5.9044510262805,,
663.417675,,,,,,,1.02494288185548,,1.62835865275924,3.19226897758137,4.58695205004909,,,,,,4.78106033585082,6.79501500075814,,
664.0177,,,,,,,0.924984321708124,,2.03962750929394,3.47305393323062,4.50189194365806,,,,,,5.36149691884368,5.98016937591402,,
664.6177,,,,,,,1.63083321082918,,2.3754310696474,3.80637493040396,5.1461766827757,,,,,,5.40134237188775,5.39932460813071,,
665.217725,,,,,,,1.54283538946036,,1.83221529891913,3.16718181050708,4.67622077790844,,,,,,5.34015583133908,6.33128950905934,,
665.81775,,,,,,,0.831740683423175,,1.68026190837851,3.08071515963319,4.09314980330528,,,,,,4.78629632059382,6.75344252025005,,
666.41775,,,,,,,1.31885961886275,,2.01801438633239,3.78232471466203,4.42989394818574,,,,,,4.98825013668214,6.9201226106751,,
667.017775,,,,,,,1.69596000967386,,2.1900041213613,3.80813493470135,5.00992272157186,,,,,,5.16258380578598,5.67173880944296,,
667.617775,,,,,,,0.849763352728735,,1.55612536688592,3.31177719036333,4.80542542742647,,,,,,4.90012187975823,6.25986597276465,,
668.2178,,,,,,,1.25956661212797,,1.7081043660023,2.51638241180124,3.72150107541417,,,,,,5.00809710014585,6.25386770358754,,
668.817825,,,,,,,0.944421315157971,,1.88330113666172,2.71645090772754,3.93625758059246,,,,,,4.97889497232781,6.75720463194543,,
669.417825,,,,,,,1.12126187528337,,1.85004353027405,3.12040272489414,3.66095745777749,,,,,,5.03417270253692,5.96836828286096,,
670.01785,,,,,,,1.28443030798014,,1.56443485528715,2.72316208681429,4.47495406113336,,,,,,4.9262502823549,5.58031917407218,,
670.617875,,,,,,,1.09363506935168,,1.75268091555217,3.47648410280525,4.40547016455225,,,,,,4.93886773626236,6.30954446737505,,
671.217875,,,,,,,1.44285488613726,,1.96658423984562,3.55992998818005,4.4253632937577,,,,,,5.10586999933429,5.97215985429383,,
671.8179,,,,,,,1.51356942736371,,1.87748390978509,3.4697819102644,4.32871169923518,,,,,,5.16559982768645,5.7936461153717,,
672.417925,,,,,,,0.977850502692395,,1.58228335242735,3.08601696029811,4.28277477384886,,,,,,4.7437273068264,6.10633065200962,,
673.017925,,,,,,,2.47191090159779,,2.55861992426336,3.94780575591405,4.66534252835592,,,,,,5.70279164538505,5.63654707140837,,
673.61795,,,,,,,1.82131765137258,,2.07370914041243,3.57061135819813,4.71943482401787,,,,,,5.10840631217072,7.0498864727619,,
674.217975,,,,,,,0.679384790994767,,1.59336863849855,2.69891586046315,4.33091425907968,,,,,,4.86566879960297,6.44566033972486,,
674.817975,,,,,,,1.87736269946291,,1.6764130391192,2.76537703289146,4.69808906050727,,,,,,5.15832424484673,6.54215789912662,,
675.418,,,,,,,2.58298065678395,,2.5197496043,3.86418213471427,3.66664575757428,,,,,,5.64791802516063,5.4470769584811,,
676.018,,,,,,,1.7378074884428,,2.10400247377648,3.40916323323487,4.17900299692352,,,,,,5.35276410080779,7.10397251666495,,
676.618025,,,,,,,1.40952077413797,,1.63876529142611,2.79484959587755,4.23297536996761,,,,,,4.87604563075893,6.77031911837823,,
677.21805,,,,,,,1.40020845991614,,1.86872428160746,2.82500788310169,4.06819355557792,,,,,,5.33109651591538,6.12500172452788,,
677.81805,,,,,,,2.1765382653367,,2.48482161222783,3.84924689027955,4.57633470339728,,,,,,5.63147019589242,6.53144546965456,,
678.418075,,,,,,,0.971155440807813,,1.49444366041804,3.27994329002017,4.62028361480792,,,,,,4.65895601905868,6.26457429085581,,
679.0181,,,,,,,1.82805525288491,,1.44877937428828,3.24356312817622,4.54599673748845,,,,,,4.63872763217488,6.45157216229761,,
679.6181,,,,,,,1.96900542263179,,2.02384948103632,3.59427260131172,4.62451229849999,,,,,,5.0070949852081,6.34462003579374,,
680.218125,,,,,,,1.65863548720803,,2.02679709965149,3.06420484264342,3.78413307806319,,,,,,5.19949778410187,5.90153292899601,,
680.81815,,,,,,,1.25004394114681,,1.42788481046188,3.16259210085219,4.30103939401431,,,,,,4.60545011748309,6.08938139676449,,
681.41815,,,,,,,0.918115959925559,,1.70466628445507,2.83525207216644,4.69404653297005,,,,,,4.81603841342307,7.55631424060732,,
682.018175,,,,,,,1.567964204112,,2.10746790461256,3.69318665010234,5.30850830323286,,,,,,5.26347260260703,6.02091734778439,,
682.618175,,,,,,,1.17011108072732,,1.9758391017598,3.62809751009462,4.10035941506671,,,,,,5.36278281821217,5.76898517198525,,
683.2182,,,,,,,0.906109910933234,,1.6721986992716,3.66235069373745,3.7539240241012,,,,,,4.96673441446682,6.52095567176594,,
683.818225,,,,,,,1.26589533990182,,1.72743818025479,2.97190855597292,5.03917149329875,,,,,,4.93702178053512,5.85519591200704,,
684.418225,,,,,,,2.65695584635294,,2.28304866910044,4.02888251462154,4.92131997456039,,,,,,5.52582468786593,6.47742688608322,,
685.01825,,,,,,,1.24729446113778,,1.5083121676882,2.77157467082224,3.80792127588744,,,,,,4.6265706531034,6.7433878536388,,
685.618275,,,,,,,0.988805286883539,,1.34103013749038,2.00606517708036,3.85579926536857,,,,,,4.44676176367965,6.19234506685558,,
686.218275,,,,,,,1.31143696243257,,2.14944056623948,3.19771590341334,4.28761352729351,,,,,,5.45512896725959,6.51679580838992,,
686.8183,,,,,,,1.10851474653685,,1.88103384863708,2.88102836631197,4.64437206169472,,,,,,5.09767799834558,6.9238176327487,,
687.418325,,,,,,,0.563678933724526,,1.38998305187785,2.68034130453731,4.40083478270257,,,,,,4.53278845194376,6.91122765762207,,
688.018325,,,,,,,0.598293196113411,,1.65551446691264,2.7054626024682,4.81191553274091,,,,,,4.89157766812137,6.44350196940402,,
688.61835,,,,,,,2.47122604780519,,2.45687450836248,3.80673637794246,4.81081223222886,,,,,,5.51324164119408,6.15013832860367,,
689.218375,,,,,,,1.50876143796967,,1.78645264745131,2.78967140486785,3.99327079143009,,,,,,5.00354172718971,6.8574956487365,,
689.818375,,,,,,,1.09182400634869,,1.52228109482039,2.78193325294708,5.09055890826826,,,,,,4.64246535609755,6.08449365530518,,
690.4184,,,,,,,1.40474011121384,,1.5719103574791,3.51496174644966,5.47431832934321,,,,,,4.75652252455415,6.15773105670123,,
691.0184,,,,,,,2.26662911527061,,2.08301898350546,4.16095340495568,4.94611345932401,,,,,,5.20801755765234,6.23738525310351,,
691.618425,,,,,,,1.31510740364681,,1.47440810647377,2.60028578069727,5.0947427141843,,,,,,4.56584478355149,6.69456506442648,,
692.21845,,,,,,,1.26253100430742,,1.35921410637307,2.91291433093667,3.72687327063272,,,,,,4.59876479857369,6.08818419620947,,
692.81845,,,,,,,2.29053395506746,,2.22331169952093,3.91734458546281,4.73803215158826,,,,,,5.31064387313656,5.92535452377547,,
693.418475,,,,,,,1.93394380739574,,1.81664891898838,3.14180441018787,4.9354679961958,,,,,,5.17468107908835,5.77732606857113,,
694.0185,,,,,,,1.12012519100791,,1.59312871452588,2.71442324544937,4.32519245357372,,,,,,4.84680761271253,5.90084619355391,,
694.6185,,,,,,,1.61127964973494,,1.72841486314593,2.92208555372507,4.12445571563213,,,,,,4.91793553389849,6.03255674418049,,
695.218525,,,,,,,2.32018021415111,,2.24339379739947,3.81879665910354,4.22528879317333,,,,,,5.23205348238922,7.20425761102993,,
695.81855,,,,,,,0.583483986940879,,1.40065553090819,2.8223979990196,4.9984668366405,,,,,,4.74366079243587,6.17969416984898,,
696.41855,,,,,,,1.56829114682548,,1.52524187344937,3.19312181067066,4.64445006874688,,,,,,4.75849447964982,6.66679369063327,,
697.018575,,,,,,,1.44112555565175,,1.77302018885763,3.40955206867347,4.15124680939605,,,,,,4.92837603330467,5.65462752780942,,
697.618575,,,,,,,1.38086456134537,,1.87886243402962,3.24430988585228,4.79149475135179,,,,,,4.9312634273882,6.49286818071075,,
698.2186,,,,,,,1.51017339570157,,1.49191686479105,3.17262414931701,4.25656742914624,,,,,,4.54113091727097,6.18283797732721,,
698.818625,,,,,,,1.07707514639986,,1.70448787458042,2.91757660146124,4.34709545123817,,,,,,4.83014228966941,6.9051654545865,,
699.418625,,,,,,,1.37079750843114,,2.23207053017615,3.68706960246781,4.0386105404301,,,,,,5.3275067723342,6.14569194202671,,
700.01865,,,,,,,0.73006593429253,,1.37221234575627,3.42433114632572,3.74899793893201,,,,,,4.5495495250676,6.073213084647,,
700.618675,,,,,,,1.14739512871434,,1.5182853452608,2.87980567147991,5.01911415445979,,,,,,4.71317925578042,6.0323256465265,,
701.218675,,,,,,,1.48402991207969,,1.76610920766858,3.10924189129802,4.44820189675662,,,,,,4.69288416411517,6.52155701540694,,
701.8187,,,,,,,1.75961380702868,,1.78409880550962,3.09697285509076,4.82229813314974,,,,,,4.95235595654365,6.61403041876189,,
702.418725,,,,,,,1.18125754301915,,1.45108345292338,2.61158903469738,3.98690465740552,,,,,,4.78485332202297,6.67642870748916,,
703.018725,,,,,,,1.83653121403347,,1.95446998196048,2.72654587840396,3.55803031413445,,,,,,5.25401087186942,7.00092904677426,,
703.61875,,,,,,,2.13220881398509,,2.16990894396051,3.99727383468911,4.76609260232551,,,,,,5.20662220175126,6.99339825197111,,
704.218775,,,,,,,0.75849291022057,,1.36087023743153,2.38449895027526,3.56552379954936,,,,,,4.47666089448932,6.06428014590395,,
704.818775,,,,,,,1.06109620846525,,1.45040732994243,2.59494515473326,4.00018884071563,,,,,,4.73702270583772,6.16813956747252,,
705.4188,,,,,,,1.56385934108757,,1.82053079836402,2.72561652387467,5.2200627384581,,,,,,5.000762606052,6.82083804533813,,
706.0188,,,,,,,1.20445706112009,,1.78676816302105,3.03616701625723,4.29236905827993,,,,,,4.78311802954038,6.39903868479889,,
706.618825,,,,,,,0.474505089896732,,1.34655975442096,2.69919884193346,4.46839457980355,,,,,,4.54710997198348,6.29397344647412,,
707.21885,,,,,,,1.41125175138588,,1.59739060897164,3.19965015197613,4.31112531891028,,,,,,4.8304160714747,6.6513863361538,,
707.81885,,,,,,,2.25920535411667,,2.32992686442642,4.18232054040094,5.21179368087136,,,,,,5.32243454210886,7.15941797216249,,
708.418875,,,,,,,1.22386603370296,,1.57029939068043,3.22652870297693,4.19598026278624,,,,,,4.65901409805892,6.19971768659104,,
709.0189,,,,,,,0.858991221685003,,1.34535492656276,2.97144595885695,5.714671659723,,,,,,4.52985847166094,5.76631366928669,,
709.6189,,,,,,,1.74743395041311,,1.72984028192382,3.24576046130939,4.53260444520906,,,,,,4.90611891176896,6.1525108213339,,
710.218925,,,,,,,0.942052276136374,,1.66294502238548,3.00530513833967,4.53027368877223,,,,,,4.83084890687111,6.66239165626907,,
710.81895,,,,,,,0.333121268621868,,1.37354776759404,2.83216660511069,4.72946975122484,,,,,,4.58044313279984,6.16388754895881,,
711.41895,,,,,,,1.35183134027785,,1.4669300843112,2.84556821712984,4.57280663601695,,,,,,4.57015041086181,6.24511851884869,,
712.018975,,,,,,,2.25031230230775,,1.9644682205647,3.60997980955122,4.11759130118386,,,,,,5.07799155797092,6.42312327061066,,
712.618975,,,,,,,1.24995135644246,,1.77990857030808,3.11820146768564,4.58723927927479,,,,,,4.75512012889922,5.98448740375886,,
713.219,,,,,,,0.992650135666399,,1.30706793451846,2.71942225236246,4.22578825836118,,,,,,4.45609789046561,6.17412541429736,,
713.819025,,,,,,,1.20267074963056,,1.96765711360211,3.11955807874068,4.78024130466117,,,,,,5.09960312997534,6.58412835105995,,
714.419025,,,,,,,2.17586326257792,,2.17991338690808,3.46889965345196,4.50857955496046,,,,,,5.34871331969637,6.4868965385217,,
715.01905,,,,,,,0.825151980620862,,1.2332761738757,2.81289855903848,4.43609252569459,,,,,,4.32321834321295,5.68407471163031,,
715.619075,,,,,,,1.31915909431756,,1.27567915890349,2.85969772803672,3.80429079368961,,,,,,4.49082771542559,6.69394702071924,,
716.219075,,,,,,,1.93284940656343,,2.14368662846579,4.09588951621657,4.803157908372,,,,,,5.23530368480474,6.74955624730169,,
716.8191,,,,,,,2.30134860558494,,1.71365059320853,3.23820159814617,4.61215280103845,,,,,,4.68889622854938,5.74514772557095,,
717.419125,,,,,,,0.757345822387813,,1.19848661321737,2.69819209035175,3.62103607852882,,,,,,4.37460889483836,5.50072882992937,,
718.019125,,,,,,,1.01429211218547,,1.54237459196441,3.17052618500477,5.17004767945408,,,,,,4.75549114943263,6.76335054950875,,
718.61915,,,,,,,1.88011537533287,,1.67379715687339,2.54382236314859,3.95695686611184,,,,,,4.77397325774682,6.50181720696214,,
719.219175,,,,,,,0.914294716884024,,1.27261252964399,2.35255622215797,4.65974122548763,,,,,,4.52308233992326,5.92466571669898,,
719.819175,,,,,,,1.03661342976391,,1.26999548459783,2.912916027572,4.82640922308034,,,,,,4.54039718239515,6.11327033336798,,
720.4192,,,,,,,1.93088041207325,,2.19364258766147,4.07254393086388,4.61680127893084,,,,,,5.17894014042788,5.95323683976395,,
721.0192,,,,,,,1.54541631351605,,1.62621656906862,3.63126805492698,4.39043834702591,,,,,,4.83845232939753,6.31589094919109,,
721.619225,,,,,,,0.746359618507394,,1.34028443085759,2.5767839238594,4.43550811707342,,,,,,4.55929643518282,6.85193696226972,,
722.21925,,,,,,,1.14533141425952,,1.52802540178872,2.7751792982834,4.80350386420004,,,,,,4.7051306522264,6.71451070023972,,
722.81925,,,,,,,1.21547844220591,,1.69896930035804,3.11318635658279,3.96590949294168,,,,,,4.74140193983632,5.58718211422822,,
723.419275,,,,,,,0.631194264300846,,1.31228527050112,2.41406039564406,4.25217578597808,,,,,,4.56677456234688,5.69433416281843,,
724.0193,,,,,,,1.26947813508353,,1.44752966146901,2.65827458010129,4.45246061512845,,,,,,4.56495792445247,5.6789300862799,,
724.6193,,,,,,,1.98574409479348,,1.98753679060904,3.48821640748546,4.5725635685969,,,,,,5.41199241138669,5.77290968957915,,
725.219325,,,,,,,0.75876419740326,,1.24157072004205,2.65860916555497,4.72606091182537,,,,,,4.52791880100865,6.49918357713186,,
725.81935,,,,,,,0.790756404412937,,1.23348016866636,2.84572900392806,4.0026279685257,,,,,,4.4378327301354,6.3830898365706,,
726.41935,,,,,,,1.95890755652353,,1.98990081957286,3.51248142500017,4.44218250322914,,,,,,5.4384921319335,6.55575843965084,,
727.019375,,,,,,,1.02667151331156,,1.54918317642753,2.79996655183728,3.78866097809748,,,,,,4.96740260593426,6.12590724467777,,
727.619375,,,,,,,0.872598930507811,,1.3195739877053,2.1084692913828,3.96179665356279,,,,,,4.40591152984718,6.00043466115801,,
728.2194,,,,,,,1.01147413568153,,1.55296995269184,3.25280382992671,4.36447003312098,,,,,,4.50623593617013,6.0093131159547,,
728.819425,,,,,,,1.43953013457046,,1.4449318870295,3.2926593911456,3.95431363695017,,,,,,4.39741645141756,5.97869551193361,,
729.419425,,,,,,,1.26327423263876,,1.3762027892623,2.60198554051879,4.33315769898571,,,,,,4.66275961598797,6.56954650250536,,
730.01945,,,,,,,0.774392956426194,,1.38865386196958,2.97972676774943,4.0662993249783,,,,,,4.57314475130343,6.53450472513481,,
730.619475,,,,,,,1.86461999004004,,1.8085201122021,3.40218802665292,4.7558198355173,,,,,,4.88878122863065,5.86978052099229,,
731.219475,,,,,,,1.0402343413468,,1.48246493861243,2.79729997948208,4.33191268455818,,,,,,4.62268986333682,5.41801258227071,,
731.8195,,,,,,,0.641444936779056,,1.2254926791478,2.74584625285977,3.81173728585022,,,,,,4.44683837881404,6.31027263454558,,
732.419525,,,,,,,1.66014848998528,,2.03963670188756,4.01626063099359,5.21847443693295,,,,,,5.19582835274677,6.5147035790622,,
733.019525,,,,,,,1.32080772774721,,1.81700323933837,3.33539043286643,4.6258400302981,,,,,,4.92869836384306,6.51577610927276,,
733.61955,,,,,,,1.06654700746127,,1.24748928951652,2.45201480219262,4.00928294142016,,,,,,4.45617030147902,6.26302961664182,,
734.219575,,,,,,,1.43311718260585,,1.62934539772985,3.07507171546343,3.93492002414031,,,,,,4.67144432769699,6.56634168958262,,
734.819575,,,,,,,1.03010497839926,,1.49717801711954,3.28105090427562,5.51440795419557,,,,,,4.72375967480496,5.77504572799278,,
735.4196,,,,,,,0.837458432179455,,1.29164527076835,2.38007076482441,3.24215936195211,,,,,,4.52468729070274,6.36437045263947,,
736.0196,,,,,,,0.496054223436194,,1.31482840159535,2.79276291545206,3.81592742860486,,,,,,4.45150254533244,6.31361768649351,,
736.619625,,,,,,,1.29948580841899,,1.60651960642705,3.21222449014839,4.39655250204046,,,,,,4.78915936227894,5.57628060827414,,
737.21965,,,,,,,0.784333161898908,,1.29244918153468,2.79187108136808,4.23287371214917,,,,,,4.48061860102697,5.84540168834255,,
737.81965,,,,,,,0.553986396733596,,1.30226340369708,2.79267926866036,3.88686665465961,,,,,,4.42934061869678,6.43921408001203,,
738.419675,,,,,,,1.13702525739977,,1.36757112121255,3.67573017584996,5.05192217404487,,,,,,4.41538728031403,6.21987876591631,,
739.0197,,,,,,,0.997028453744993,,1.48161625512742,3.09976247336572,4.58970134125793,,,,,,4.69278686746779,6.87074476228366,,
739.6197,,,,,,,1.18243841030119,,1.2355892495059,2.88149412791473,5.02372750509878,,,,,,4.36459763594189,7.25606424066339,,
740.219725,,,,,,,1.17122890833005,,1.61871186141578,2.61678553334643,4.2491408259965,,,,,,4.70643777626735,5.95041938807786,,
740.81975,,,,,,,1.75892329794303,,1.92309671563475,3.12797585316899,4.11835795847665,,,,,,4.83330001130691,6.02219214358487,,
741.41975,,,,,,,1.13782558713161,,1.12470256091752,2.87524297192691,4.48550011428157,,,,,,4.24502885619388,6.28333432911521,,
742.019775,,,,,,,0.568717021941936,,1.2106041681988,2.38237016128065,4.75540012104703,,,,,,4.21263009787111,6.78397691121781,,
742.619775,,,,,,,1.4664979592781,,2.00990380024542,3.30156799834684,4.59215878012697,,,,,,5.11821829453167,6.57974464060012,,
743.2198,,,,,,,1.24649741887493,,1.5700118715046,3.51604907559415,4.38682144346337,,,,,,4.60627462322986,6.4328356762863,,
743.819825,,,,,,,0.485264883735749,,1.19088628716314,2.74307888348798,4.45263826842046,,,,,,4.32859818879886,6.13222205250372,,
744.419825,,,,,,,1.42038420512731,,1.68514042604831,2.91316700232235,4.91462156257812,,,,,,4.74152661966958,6.25509001541002,,
745.01985,,,,,,,1.34922929214467,,1.41221167533133,3.19444267358198,4.1715520571854,,,,,,4.43352216386805,5.81986390801197,,
745.619875,,,,,,,0.775970929633591,,1.34186672154762,3.40251165228316,4.24081608675406,,,,,,4.55510658559737,5.94270371182525,,
746.219875,,,,,,,1.33236760089125,,1.28862912589547,3.13908489170114,4.34991528015733,,,,,,4.4127807807504,6.4220529479434,,
746.8199,,,,,,,1.78907739859158,,1.77347534919753,3.29901866735921,4.26910148168946,,,,,,4.79109397924564,6.73458305439611,,
747.419925,,,,,,,1.54734891408258,,1.33010882261038,3.36482329794431,4.41867039555243,,,,,,4.54910548714831,6.61765197665035,,
748.019925,,,,,,,1.18552106964503,,1.21604282961858,2.81376301124609,3.34845500520294,,,,,,4.22949703616677,6.45137591227481,,
748.61995,,,,,,,1.65802388542966,,2.15699539797242,4.06285760500337,4.09932212005344,,,,,,5.05652887769334,7.24906519729172,,
749.219975,,,,,,,1.80950428520382,,1.54598258112872,3.61974321326632,4.09404385667824,,,,,,4.74666519760116,5.81707000924679,,
749.819975,,,,,,,0.857689614734446,,1.19388307148999,3.076493151959,4.05780574728271,,,,,,4.4038968652922,6.44203808525246,,
750.42,,,,,,,1.10593294359356,,1.69321500197928,3.21717425185704,5.49754848961183,,,,,,4.89072557279204,5.74325499926465,,
751.02,,,,,,,1.28977983925265,,1.54298834838203,3.20708324154061,4.6787033169197,,,,,,4.59549246041341,6.6186342663276,,
751.620025,,,,,,,0.160801833658612,,1.36253424815907,2.86744041927707,4.7053287129213,,,,,,4.34357367130724,6.6822093446963,,
752.22005,,,,,,,0.774931048083385,,1.36602974011073,2,3.84829735874041,,,,,,4.5007085475906,6.76896608853341,,
752.82005,,,,,,,0.642477463328817,,1.32803241249801,2.72198274260784,4.55543108080036,,,,,,4.40395761214607,7.05642848773518,,
753.420075,,,,,,,0.908082913324518,,1.49212890762595,3.06164657232239,4.51061886526401,,,,,,4.58282176019777,6.00324567005203,,
754.0201,,,,,,,0.58354858820641,,1.34787100103336,2.73255242113641,5.30430063652881,,,,,,4.53059718444634,6.0348213966183,,
754.6201,,,,,,,0.798361053918569,,1.37744073887951,3.04905737663716,4.07236054158288,,,,,,4.47091234628385,6.24714704640956,,
755.220125,,,,,,,1.94086143656305,,1.67356985656294,3.18942164236873,4.04148678190438,,,,,,4.68570969674894,6.08845375432865,,
755.82015,,,,,,,0.729770300705931,,1.21132873873744,2.74738860232015,3.97894220331084,,,,,,4.28193286854994,5.69197587643842,,
756.42015,,,,,,,1.24471985496815,,1.46604984356925,2.74644412687674,4.63636531255107,,,,,,4.83915191008979,5.77724670093872,,
757.020175,,,,,,,2.46135762967661,,1.86773646483172,3.58186111094963,3.8776093390237,,,,,,4.9218943408636,6.82351162536006,,
757.620175,,,,,,,0.800255965004892,,1.25297341451057,2.90246223811293,4.31905608445548,,,,,,4.35087167659325,5.24844782944187,,
758.2202,,,,,,,0.671401340124426,,1.24579042862371,2.56855342489826,3.9012871972413,,,,,,4.42181753956125,6.10348605907128,,
758.820225,,,,,,,1.5583579155346,,2.02580303569438,3.01737568133199,5.41236208170202,,,,,,5.10840674170833,5.8701645883697,,
759.420225,,,,,,,1.09677432340198,,1.55527938041446,2.7328410891005,4.15166759767181,,,,,,4.79209431416114,5.45443502584119,,
760.02025,,,,,,,0.60148759920825,,1.20022488760493,2.45760824157207,4.18002656757232,,,,,,4.26196281759841,5.72019053200382,,
760.620275,,,,,,,1.04784848968895,,1.61265940729481,3.1754526139982,4.0888368408437,,,,,,4.63436416322843,6.33887948062927,,
761.220275,,,,,,,1.10074363173392,,1.64234594761667,3.25912527043385,4.45203350534157,,,,,,4.81135295435139,6.45043877130996,,
761.8203,,,,,,,0.964218317251575,,1.39674299868062,3.09586708616027,4.75920459688972,,,,,,4.44231452005037,5.76909750563191,,
762.420325,,,,,,,0.913364236010627,,1.38809165525631,2.72802373201875,5.3749467185655,,,,,,4.54168660092086,6.49134405490841,,
763.020325,,,,,,,1.41252210561627,,1.77741635832705,3.98194848193655,5.05156659004628,,,,,,4.81188914294541,6.40914329111061,,
763.62035,,,,,,,1.27616218017273,,1.57797007465709,3.27304725646871,5.22930937043977,,,,,,4.7377979470153,6.63741270071892,,
764.220375,,,,,,,0.99808991962239,,1.22482023164551,2.83844435990189,4.18559442104651,,,,,,4.21297646803662,6.47688448191378,,
764.820375,,,,,,,0.492752833503587,,1.30399869074533,2.74786390829909,4.67028601743407,,,,,,4.4083138756909,6.00670049135716,,
765.4204,,,,,,,0.863816057576172,,1.5955678836162,2.67716056137251,4.42187449144525,,,,,,4.36370424610767,6.16972631492929,,
766.0204,,,,,,,1.72113705538577,,1.68483937996086,2.69729668898509,4.28492811277257,,,,,,4.78359716055596,6.13486141229609,,
766.620425,,,,,,,1.15106886103879,,1.29826282578017,2.79033900001242,3.6169994770809,,,,,,4.34816117650442,6.69563626966941,,
767.22045,,,,,,,1.48046497196698,,1.98150695164674,3.50044496632615,4.89611211441951,,,,,,5.09681718031137,6.13206301165385,,
767.82045,,,,,,,2.30205201939709,,2.23418416790079,3.66514126861789,5.32329342076716,,,,,,5.11944044123026,6.44574450422893,,
768.420475,,,,,,,0.878172740251196,,1.3110886097236,2.67033816345981,3.55408866314201,,,,,,4.51758493930634,6.34664554053854,,
769.0205,,,,,,,0.738345163638091,,1.37037355328537,3.31284814452903,4.70708116491932,,,,,,4.52529331551358,6.61077535075826,,
769.6205,,,,,,,2.02874808714067,,2.15179988370357,3.7620597460193,4.08910214147708,,,,,,5.0435100018998,6.15175595860545,,
770.220525,,,,,,,1.11516286662612,,1.60794010421195,3.5143718094676,4.77341387539006,,,,,,4.7308743722164,5.57149063742635,,
770.82055,,,,,,,0.935621009169225,,1.18078576309297,2.84529854201254,4.86556680976099,,,,,,4.30317227742471,6.2755817785207,,
771.42055,,,,,,,2.14064709282667,,1.99386226167498,3.46763589897261,4.55983512572829,,,,,,5.08282019215949,6.13896269295546,,
772.020575,,,,,,,1.71750943460071,,1.77005554446009,3.65847176630717,4.57261690239576,,,,,,5.02627106240237,6.43763586750964,,
772.620575,,,,,,,0.899302063051435,,1.22952956865712,2.9356386023027,4.47694405998263,,,,,,4.13206646550609,6.48413119604699,,
773.2206,,,,,,,0.841414383482716,,1.52080093329537,2.63354189830102,3.70467533296128,,,,,,4.58961529939108,6.18011039022091,,
773.820625,,,,,,,1.23171270235817,,1.51626551816063,2.8530070855858,3.74361220828345,,,,,,4.40406154796354,6.74207437097017,,
774.420625,,,,,,,1.33776314449671,,1.49627864585524,2.90672359839638,4.69666165240561,,,,,,4.55718160480915,6.62022464865618,,
775.02065,,,,,,,0.838114527808956,,1.33116526419702,2.67854553148836,4.40519898507291,,,,,,4.38553701055303,6.38021588328019,,
775.620675,,,,,,,1.26233067061912,,1.40043335437903,3.02015112523459,4.82887722182931,,,,,,4.45032105594183,6.1455500887066,,
776.220675,,,,,,,0.949524724186156,,1.67956271353994,3.14552031348127,4.08880071867703,,,,,,4.73921366223932,6.96676957535861,,
776.8207,,,,,,,0.91212181295651,,1.35969102569951,2.54926909951121,4.1199800169977,,,,,,4.61168065908813,5.98960881611187,,
777.420725,,,,,,,1.03176018917015,,1.3687367056365,2.73641131331933,3.97049853073844,,,,,,4.48158552982799,6.69116987652473,,
778.020725,,,,,,,1.44670074756575,,1.80456564267516,2.87752385280566,4.52237314801389,,,,,,4.99197355906415,6.96212132758371,,
778.62075,,,,,,,1.5950563838082,,2.03205467246928,3.24053623705824,4.08412790661344,,,,,,5.11950904933454,6.84079322757099,,
779.220775,,,,,,,1.25389563890236,,1.32407234696958,2.87299382481276,4.31425387187775,,,,,,4.59604684300928,5.47858373667176,,
779.820775,,,,,,,1.34923892693295,,1.38885634586765,3.18089641123809,5.27632282146219,,,,,,4.59722015492933,6.22885280244097,,
780.4208,,,,,,,2.09523130494792,,2.23736371356452,4.37090860442501,4.60399285047329,,,,,,5.30435065969806,5.67008325801798,,
781.0208,,,,,,,1.54788009238772,,1.64537739060499,3.79331379496102,4.60596969910481,,,,,,4.63096465807752,6.23908249261603,,
781.620825,,,,,,,0.459166946353712,,1.2499587878379,2.9176670595211,5.14542170105968,,,,,,4.38912643732981,6.2103909968978,,
782.22085,,,,,,,1.39907367432787,,1.67957939964331,3.28319995839633,4.22137569881194,,,,,,4.81432961855648,6.05580100941179,,
782.82085,,,,,,,1.31469988276172,,1.69616445718867,3.58224535953121,4.48900977408308,,,,,,5.0575183385339,6.0178636638544,,
783.420875,,,,,,,1.53792822708991,,1.78624228655232,3.67378951803961,3.86376133857651,,,,,,4.87373133105462,6.95845046325686,,
784.0209,,,,,,,1.17660105652307,,1.37526321492296,2.90963537428842,4.13223080685481,,,,,,4.7209555030987,6.34335053958971,,
784.6209,,,,,,,1.40346445568969,,1.51950245295468,3.39135440670088,4.11529286219058,,,,,,4.4205528163393,5.79958799722759,,
785.220925,,,,,,,1.52017603948939,,1.67131571147847,3.67935624739272,4.31945755512269,,,,,,4.65660363635092,5.71184593032134,,
785.82095,,,,,,,0.687504882327191,,1.59964386782135,2.82311141506102,4.06884539006649,,,,,,4.62380962857613,5.42669148462907,,
786.42095,,,,,,,0.488413156999294,,1.35330490237032,2.95469920890427,4.43872360617607,,,,,,4.47918194452943,6.70028154963904,,
787.020975,,,,,,,1.60747330322841,,1.56077009137387,3.00499720412939,5.03254535848417,,,,,,4.7559727257688,6.83133960450573,,
787.620975,,,,,,,2.05300745870252,,2.03803081277828,3.85036213163661,4.8267748166106,,,,,,5.45544506320274,5.7440302129782,,
788.221,,,,,,,1.58082812789497,,1.80033438387311,3.25935706778587,4.4248309184788,,,,,,4.86698480890184,6.48752845702756,,
788.821025,,,,,,,0.739886895425525,,1.31814499809244,2.9555737475101,4.30321038484027,,,,,,4.45220204767937,6.02224776231625,,
789.421025,,,,,,,2.08684023489965,,2.04585729676709,3.71230760667568,4.23569630389676,,,,,,5.24549810681351,6.6847163452045,,
790.02105,,,,,,,2.16869005272373,,2.21820363909312,3.86760205317789,5.03748793358087,,,,,,5.36775157563712,6.61141945284152,,
790.621075,,,,,,,1.3661240050045,,1.57098692265639,3.57031370175222,4.63232600458922,,,,,,4.65940431663902,6.23625559461985,,
791.221075,,,,,,,0.770812584200541,,1.36293458882931,3.19077955806828,4.64752258722821,,,,,,4.57828240420571,6.50530482028237,,
791.8211,,,,,,,1.39713194583163,,1.83789984324317,3.46748391905365,4.57001332529091,,,,,,5.05507697808467,5.75341320755501,,
792.421125,,,,,,,2.13391502587814,,2.2717933305377,4.12589223979856,4.61362219184398,,,,,,5.36984708461254,7.15888642967417,,
793.021125,,,,,,,0.643436654218734,,1.41009894686718,2.84956443850682,4.26425639775398,,,,,,4.55801889863275,6.55009192574495,,
793.62115,,,,,,,0.8514923472994,,1.26319564742666,2.64812856793576,4.48190522027595,,,,,,4.41666585569001,6.94974791633675,,
794.221175,,,,,,,1.19413761681963,,2.05848517641075,3.23752343132979,4.0969379743601,,,,,,5.33103359741876,6.77763545268889,,
794.821175,,,,,,,1.7739854344397,,2.06833153736205,3.1964676328687,4.56745155942719,,,,,,5.30821814148307,6.46596415555007,,
795.4212,,,,,,,0.88692562851528,,1.30548480973114,3.01708758732119,4.05265451503203,,,,,,4.42108224123323,7.06425753795322,,
796.0212,,,,,,,1.00473555118594,,1.39751782296605,2.70411069975733,4.41602373403191,,,,,,4.76281064357465,6.2593671653899,,
796.621225,,,,,,,0.743054390319351,,2.0400023942195,3.17764650120493,3.56244044590765,,,,,,5.25273274943622,6.15349549526341,,
797.22125,,,,,,,1.50793983936553,,1.99985224649161,3.74578136678287,4.35252207167676,,,,,,5.17691095494322,6.38542741900932,,
797.82125,,,,,,,1.27313057535846,,1.41492196007321,2.67792932895939,4.48742131436864,,,,,,4.75535884914982,6.59654304729317,,
798.421275,,,,,,,0.972533717489474,,1.34935990160177,3.00605838306892,4.60580144158289,,,,,,4.58152665740694,5.92755580971042,,
799.0213,,,,,,,1.40929831478225,,1.53721022937505,3.30493414428318,4.78510279545088,,,,,,4.89869410077177,6.54008206617198,,
799.6213,,,,,,,2.09683452942754,,1.74969694404452,3.11753848426749,4.83133665733814,,,,,,4.87521700066536,6.60317679813185,,
800.221325,,,,,,,0.876930176290521,,1.37892774552517,2.82026478642906,4.30739283031811,,,,,,4.61036078886865,6.23362671112472,,
800.82135,,,,,,,0.581920553236153,,1.41543901522168,2.90529769170743,4.79387336728092,,,,,,4.70826100318676,5.88713490712363,,
801.42135,,,,,,,1.23652715556781,,1.79213749270327,3.17787148763887,4.31169561242257,,,,,,5.01378211551106,6.13110953034088,,
802.021375,,,,,,,1.21045555427786,,1.71499435720645,3.27353071439012,4.36407741805278,,,,,,4.86121456980705,6.6370611035558,,
802.621375,,,,,,,0.470970350308426,,1.30894857511756,2.11349912023322,4.21840091341609,,,,,,4.55910658985313,5.65584975661138,,
803.2214,,,,,,,0.614323065570651,,1.42983938658035,2.77943095954864,3.67182533179402,,,,,,4.60807868458081,6.29369591864378,,
803.821425,,,,,,,1.94809192914829,,2.06916702322169,4.13772317006461,4.46828252950382,,,,,,5.1453925230554,5.68032471788075,,
804.421425,,,,,,,1.00157920341342,,1.5805761065375,3.74697084203524,4.88299662961126,,,,,,4.87851660777843,7.12084341221156,,
805.02145,,,,,,,0.822835694177791,,1.33860412671502,2.73950360789318,3.21599143403712,,,,,,4.59801140925905,5.9851374515118,,
805.621475,,,,,,,1.43519470219211,,2.02908285148167,3.87222605107906,5.09528216042577,,,,,,5.23196351909891,5.40673544478699,,
806.221475,,,,,,,1.9311459279999,,2.2131214953077,3.73954953826672,3.88646872701589,,,,,,5.58672186669197,6.67034941419658,,
806.8215,,,,,,,0.991679254322213,,1.47376842194245,3.45900172826354,5.10214561788216,,,,,,4.55867838173222,5.71088140242645,,
807.421525,,,,,,,1.34718694276815,,1.37885807377932,2.99986696777894,4.01018154704687,,,,,,4.58684792614255,7.00404305595003,,
808.021525,,,,,,,2.18988756250584,,2.20701646510738,4.07058235749791,4.23424039073908,,,,,,5.30366784437597,6.96130928651951,,
808.62155,,,,,,,2.21602890933458,,2.13323603982062,3.80639482411193,5.22526838479855,,,,,,5.38134415666091,6.33238549455135,,
809.221575,,,,,,,1.08852544558279,,1.38296153010484,3.27164566855966,4.07106674165906,,,,,,4.53097703689714,6.18477374015465,,
809.821575,,,,,,,0.547607486675707,,1.29211393542992,2.87114688096962,4.14288108647896,,,,,,4.62646548924653,5.95679020997043,,
810.4216,,,,,,,1.98933987323794,,1.99556325977193,3.16520701706781,4.48591457875675,,,,,,5.36899353123414,6.48482491857361,,
811.0216,,,,,,,1.80498467205836,,2.21813152569655,3.87621563908298,4.30290233717252,,,,,,5.23783122665284,5.86774805092732,,
811.621625,,,,,,,0.662169520986734,,1.38640360495992,2.4663324015637,4.5594462532197,,,,,,4.56374873238089,5.62379002398594,,
812.22165,,,,,,,0.933051987237818,,1.33809327438296,3.05017487399573,4.60079558987014,,,,,,4.54964580565574,5.55872469599314,,
812.82165,,,,,,,1.77849957733368,,2.31107053044207,3.76471377596013,3.83130782135603,,,,,,5.35259912604394,6.52479397009919,,
813.421675,,,,,,,1.45459826694611,,1.76004162223214,3.12654332524759,4.41369290636482,,,,,,5.00072535874157,6.02590012936309,,
814.0217,,,,,,,1.18523215566749,,1.48774994047173,2.35224381546304,4.65431508200059,,,,,,4.57319203862641,6.19444120674158,,
814.6217,,,,,,,0.512580365643737,,1.43784297729747,2.69117318278125,3.67507319826367,,,,,,4.65997445592734,5.63193312400597,,
815.221725,,,,,,,0.915120074325505,,1.68343050858428,3.22959421202674,4.2791709487154,,,,,,4.66743625278564,6.52788400454187,,
815.82175,,,,,,,1.45235186908,,1.85711741252091,3.47115330279816,4.93224032450043,,,,,,4.92851357700905,6.68098469089302,,
816.42175,,,,,,,1.28897037359203,,1.45490124328543,3.10062389587404,4.42897597718871,,,,,,4.63185125645045,6.18046071488609,,
817.021775,,,,,,,1.04760209609402,,1.53926956647123,3.02464332076547,4.23464807492347,,,,,,4.69272058628884,6.12199003244075,,
817.621775,,,,,,,1.77824739710822,,1.48985623278766,2.92261175291359,4.64115395278888,,,,,,4.57739070655016,5.80823673915444,,
818.2218,,,,,,,1.44178257853791,,1.7225769001087,3.55362497012454,4.34636373086014,,,,,,4.74193494239816,6.21287717616642,,
818.821825,,,,,,,0.671158475212951,,1.34606632187234,2.4105808061127,4.53719043784801,,,,,,4.54611795641166,6.3932222118816,,
819.421825,,,,,,,1.09254266102199,,1.63133568089068,2.75495689847246,3.51112937378176,,,,,,4.71768024134054,5.26407330059839,,
820.02185,,,,,,,1.22770955182489,,1.94414127057775,3.76622457643415,4.20989146105972,,,,,,5.18933474426007,5.87256999203861,,
820.621875,,,,,,,1.91953389546648,,1.56643876133436,3.13110316724401,4.29430106938826,,,,,,4.76060229275888,6.19487019132466,,
821.221875,,,,,,,0.674474163901196,,1.37230669396483,2.85890053434106,3.97877383621187,,,,,,4.68158840812008,6.35661533827468,,
821.8219,,,,,,,1.08277245418685,,1.62310006376065,2.83585518423527,4.20520129443669,,,,,,4.76188849842344,6.03386983530952,,
822.421925,,,,,,,1.59120687104661,,1.74276710752574,3.59815261639435,4.11090130172708,,,,,,4.77608209232943,6.71774124942857,,
823.021925,,,,,,,0.970676494252463,,1.36747070709086,2.80212957528544,3.62356430992826,,,,,,4.64744850891092,6.3032388948416,,
823.62195,,,,,,,0.50517265995438,,1.27827350967328,2.58658319239894,4.83139479328571,,,,,,4.34414681959967,6.2548011137044,,
824.221975,,,,,,,1.09421857652147,,1.46620491707636,3.21733776305939,4.49068867155456,,,,,,4.54625373815219,5.98583254965603,,
824.821975,,,,,,,0.97775336389951,,1.60754138951055,3.47924114753162,4.25920587093873,,,,,,4.79704703459712,5.76537308613171,,
825.422,,,,,,,1.30256592671621,,1.40037524861955,3.03410770859915,3.35213891100708,,,,,,4.60004397551997,5.79975985456316,,
826.022,,,,,,,0.96261934051104,,1.34694793089834,3.00719919361889,4.4806469065557,,,,,,4.5105730662118,7.08569826355738,,
826.622025,,,,,,,1.3184500513484,,1.62939506838639,3.29879339565405,4.7214122208336,,,,,,4.84392536160895,7.16963525195188,,
827.22205,,,,,,,1.74482969950109,,1.5477368288431,2.65106288774223,4.16553222289208,,,,,,4.61282034684346,5.9632682164206,,
827.82205,,,,,,,0.998034815577082,,1.321368308846,2.62910564392841,3.0798124535755,,,,,,4.59381574909956,6.68620573637076,,
828.422075,,,,,,,0.474423037237135,,1.34535122217966,2.11118936774864,3.69530352736591,,,,,,4.59604882383729,5.77870286817733,,
829.0221,,,,,,,1.59311466658021,,1.45477318945107,3.13524146641649,5.42705489804527,,,,,,4.55526198854297,7.49109257329851,,
829.6221,,,,,,,1.84356520671315,,1.79524869263744,3.23967671715454,4.50779818345927,,,,,,4.86588812624603,5.82144224980686,,
830.222125,,,,,,,0.665200308709698,,1.4419561025052,2.65423604907893,5.41845648381919,,,,,,4.69879264656636,5.76877929657927,,
830.82215,,,,,,,0.763588017090758,,1.4131918795144,2.9190951777748,4.24020086317785,,,,,,4.80545675025998,6.26327201821567,,
831.42215,,,,,,,1.22567938336687,,1.53370287829925,2.5207690631806,4.05475603467825,,,,,,4.76306185754741,6.41029608505049,,
832.022175,,,,,,,1.2313738113979,,1.67922447479412,3.4729909204243,4.7749822458613,,,,,,4.76154579006609,6.68410152228214,,
832.622175,,,,,,,1.10407900196281,,1.48088688499992,2.6501167568423,4.44931710703425,,,,,,4.59694279017705,7.01871128732819,,
833.2222,,,,,,,1.49218595815812,,1.27110955431491,3.17701493479114,4.69111692776641,,,,,,4.39622165686429,6.06710300224331,,
833.822225,,,,,,,1.55532753725556,,1.62364546457313,3.31678294158931,4.38636458180858,,,,,,4.67232929324293,6.30617586610095,,
834.422225,,,,,,,0.912345904036266,,1.54177855102982,3.12042778796176,4.39954858777937,,,,,,4.46210728944062,6.45178446930998,,
835.02225,,,,,,,0.654924857379399,,1.32126174083434,2.77070606323176,4.62589272205832,,,,,,4.54686679733428,6.74394872187427,,
835.622275,,,,,,,0.934395898787483,,1.32663470261596,2.83101866340105,4.64259044546232,,,,,,4.67228667350949,6.2477171640787,,
836.222275,,,,,,,0.805726982242324,,1.41749266565788,2.77788696488949,4.27758936883047,,,,,,4.57244065300909,6.50797723626726,,
836.8223,,,,,,,0.932043415616162,,1.53426562516993,2.82575678854279,3.91958655267706,,,,,,4.54964172406966,6.08414505680999,,
837.422325,,,,,,,1.24286013565595,,1.58028888423903,3.27320446455477,4.76865347030935,,,,,,4.69658594769918,6.44201164514826,,
838.022325,,,,,,,0.715384209420388,,1.37674477044856,3.0800022520287,4.38176503429796,,,,,,4.51738863495935,6.06810863026674,,
838.62235,,,,,,,1.74824106448967,,1.74904305966147,3.02042814528602,4.89172700679837,,,,,,4.94687496534107,5.77947795798631,,
839.222375,,,,,,,1.21794888456735,,1.61706076154482,3.04262357113661,4.89067234670567,,,,,,4.78263181713897,6.71054041535781,,
839.822375,,,,,,,1.36359793209631,,1.63809373205674,2.84900627280703,4.45705561713986,,,,,,4.56789945691223,6.39026148211377,,
840.4224,,,,,,,1.28604897045227,,1.27431020348119,2.69811875906614,4.47237052322375,,,,,,4.41590537173513,6.79112151373076,,
841.0224,,,,,,,1.38102225248028,,1.61285756912166,2.87646493723795,4.72473864741426,,,,,,4.90774166753699,5.67897106816185,,
841.622425,,,,,,,1.52798083176371,,2.04916756493328,3.74527354826191,4.88868282047525,,,,,,4.99667235779231,6.16515876864148,,
842.22245,,,,,,,1.38932392955552,,1.61107820373666,3.424625529405,3.70145788085039,,,,,,4.6859618080358,6.16209124349251,,
842.82245,,,,,,,1.12857417989983,,1.27106457229923,2.95275239218802,4.31703148579059,,,,,,4.46352041146964,5.22893348301156,,
843.422475,,,,,,,1.20301924222548,,1.44642175217449,2.80161277304598,4.59978979939218,,,,,,4.44032400578795,6.38908613484601,,
844.0225,,,,,,,1.75046170906181,,1.92063565627813,3.30892884211428,3,,,,,,5.01509063118425,6.77413750219162,,
844.6225,,,,,,,1.48431285714687,,1.5458366155139,2.90707382871773,4.82555329829866,,,,,,4.8200438101541,6.10018149027971,,
845.222525,,,,,,,0.851798558048347,,1.13904755940438,2.7678444435082,4.64448218340519,,,,,,4.26791636166198,6.13410174744489,,
845.82255,,,,,,,0.384452581642079,,1.33060311931929,2.8601317315739,3.82535184467666,,,,,,4.32171947310281,5.59276553064575,,
846.42255,,,,,,,0.890913525874793,,1.30919786200241,3.06302265081876,4.78378151892668,,,,,,4.36573406970946,6.29526517624406,,
847.022575,,,,,,,1.30836896365132,,1.45636297822718,2.92714291822821,3.52535360481434,,,,,,4.5246135857967,6.14849941034292,,
847.622575,,,,,,,0.746091056536965,,1.27983584211565,3.09902823584622,4.20609810632877,,,,,,4.4130574896738,5.88106606242782,,
848.2226,,,,,,,1.22211086689223,,1.43003366485564,2.77718403152996,4.21829860872046,,,,,,4.65419473895211,6.61149368308963,,
848.822625,,,,,,,1.15984321052556,,1.3514931112176,2.56373005007798,3.61247097510109,,,,,,4.43070090660575,5.88528517796542,,
849.422625,,,,,,,0.885160009185062,,1.39051752265661,3.09691651408257,4.48000836158752,,,,,,4.58004180963778,6.17219955808578,,
850.02265,,,,,,,0.626429689191892,,1.17298416913641,2.54001660046305,3.86422780852028,,,,,,4.43570381449716,5.83587436709493,,
850.622675,,,,,,,1.35855542909651,,1.85541386991043,2.92851296172616,4.33746242940595,,,,,,5.04555951835795,5.91094921169237,,
851.222675,,,,,,,2.01663445490798,,1.86552902864625,3.53083270660263,5.10744600683972,,,,,,4.78284239608454,6.63618634435185,,
851.8227,,,,,,,1.0782222714037,,1.18660165583697,2.81685929094805,3.9045297674358,,,,,,4.36443100753984,6.64070817078506,,
852.422725,,,,,,,0.686714134483698,,1.17044833096991,2.50024829677123,4.3709687614368,,,,,,4.50257712153026,6.21597637073352,,
853.022725,,,,,,,1.78654024047536,,1.89165418295446,3.38143330025202,4.25440702080445,,,,,,5.00678239960757,6.5861801754428,,
853.62275,,,,,,,1.66248855907722,,1.81338416240613,3.63211897546965,4.40933107941709,,,,,,4.90158061281108,7.91166642730843,,
854.222775,,,,,,,0.789918863563327,,1.1747151798933,2.81972115263118,4.92711955535622,,,,,,4.22052252797834,6.68581934182069,,
854.822775,,,,,,,1.12668763234166,,1.35898481610071,3.10256340054404,4.53927785525512,,,,,,4.50378500832398,6.30981437219589,,
855.4228,,,,,,,1.96806646707808,,1.96909624727386,3.79692914062185,5.01607394315389,,,,,,4.88534482043785,6.70379385874278,,
856.0228,,,,,,,1.40578914285012,,1.79838229702014,3.35629715420291,4.3336838012233,,,,,,4.93158484046561,6.5103142850461,,
856.622825,,,,,,,0.554925496703474,,1.25813197667517,2.80443124306867,4.40299718760185,,,,,,4.28007653880754,5.88764419595315,,
857.22285,,,,,,,1.31234576843742,,1.35692089447467,2.83011330149051,4.72197152105484,,,,,,4.60924560442026,5.48307319223834,,
857.82285,,,,,,,2.88917502754069,,2.20310532934109,4.31761283942763,4.59183042814595,,,,,,5.3481486829947,5.95697356339454,,
858.422875,,,,,,,1.18716741362884,,1.64709477766931,3.1776354159869,3.85533993814872,,,,,,4.82185663850352,5.50626293560177,,
859.0229,,,,,,,1.16642294316265,,1.1429709104897,2.63311250562834,3.83802492582298,,,,,,4.48396633623296,5.28271277913088,,
859.6229,,,,,,,0.878695610886957,,1.36024053041101,2.85833906804759,4.99125904816508,,,,,,4.39111610874916,6.0854531361415,,
860.222925,,,,,,,0.938063011704164,,1.32920284718084,3.10095535719628,4.36764549772633,,,,,,4.5350598621628,6.06069707783708,,
860.82295,,,,,,,1.49857382317309,,1.49506115985183,2.91339671988656,3.87160265988395,,,,,,4.76340917895001,6.41867622317617,,
861.42295,,,,,,,1.15846884556189,,1.24565079465535,2.50579533703553,4.40265895041576,,,,,,4.41627843301699,5.11714528603159,,
862.022975,,,,,,,0.692435849568958,,1.32112314701019,2.78537527355538,4.46531856940158,,,,,,4.5380076458285,6.02365429238686,,
862.622975,,,,,,,1.51688445828468,,1.42452897607514,2.96561802094374,4.63281610350459,,,,,,4.58294355510131,6.2428492546962,,
863.223,,,,,,,1.81141945117004,,1.58469563774429,3.20456398823487,4.64272962999267,,,,,,4.80384553840051,6.58081893789223,,
863.823025,,,,,,,1.05944290550096,,1.2828409877903,2.79393907215029,4.33044355115114,,,,,,4.40561814510089,5.74632849713167,,
864.423025,,,,,,,0.808543884952434,,1.44909074855268,2.67121748294309,4.05753322290173,,,,,,4.72617049178996,7.07000634821167,,
865.02305,,,,,,,1.15676908865526,,1.88391697958804,3.39177217111895,3.80526119458417,,,,,,4.83242773510617,6.10722081867271,,
865.623075,,,,,,,1.01472444865953,,1.51594185417683,2.69539567693476,4.07820208299787,,,,,,4.74143526773695,6.54880146737339,,
866.223075,,,,,,,0.734262473624463,,1.16511543130059,2.60349980943586,4.78352588859149,,,,,,4.24571098788542,6.10937759508112,,
866.8231,,,,,,,1.60201108831713,,1.71236880196732,2.99001931243381,4.84579408423027,,,,,,4.86546690944598,6.29127240791449,,
867.423125,,,,,,,1.59508382747606,,1.93868301958801,3.27507623794819,3.80116459383531,,,,,,5.31492985854099,5.92434675099828,,
868.023125,,,,,,,1.18182281504026,,1.62140325050257,2.7873600878349,5.34054337291534,,,,,,4.6824036247845,6.58531623757211,,
868.62315,,,,,,,0.649242993880043,,1.20113926934058,2.50852999320606,4.13003492977606,,,,,,4.26410466745085,5.83326993982223,,
869.223175,,,,,,,1.58656328654766,,1.91715484624167,3.42511316678283,3.83263625201018,,,,,,5.0369481070982,5.85371881547169,,
869.823175,,,,,,,1.82982757801828,,2.09901088479253,3.31346754101241,5.21844449826804,,,,,,5.34635812171469,6.51852359866137,,
870.4232,,,,,,,1.2213200926475,,1.59594546535883,3.2804813805242,4.16066107208488,,,,,,4.58104488572522,6.54042737420226,,
871.0232,,,,,,,1.46708581847551,,1.30895162006486,3.59057422052408,4.5491031472962,,,,,,4.43979304815147,5.97573259649917,,
871.623225,,,,,,,1.40949046636311,,1.38170145277732,3.35415084741115,4.60079905860742,,,,,,4.62029693673412,6.64324293266754,,
872.22325,,,,,,,1.94146850815145,,1.74731492925958,3.65574998754425,5.34788985607077,,,,,,4.70482682020174,5.90315285694607,,
872.82325,,,,,,,1.542109634346,,1.39440742593999,2.95537025065248,4.04293810762104,,,,,,4.58067461125163,6.3403116663191,,
873.423275,,,,,,,0.826971982219597,,1.23804761882193,3.06163341223551,4.97885711649412,,,,,,4.39645207076097,5.84300873041522,,
874.0233,,,,,,,0.793507110192768,,1.21892365884782,2.63531468167551,4.45879548211603,,,,,,4.35178802869586,6.58274449276745,,
874.6233,,,,,,,1.1343552997093,,1.6770547648203,3.34275614430874,4.20047325897371,,,,,,4.70315426271168,6.58665088167607,,
875.223325,,,,,,,1.18616499532183,,1.48721155453515,3.34376974622112,4.35114179624066,,,,,,4.60752096222516,6.76389804587738,,
875.82335,,,,,,,0.582896012606565,,1.2318968624985,2.83891423910927,3.72224963311549,,,,,,4.45931309036244,6.16225691091385,,
876.42335,,,,,,,0.5687666188085,,1.54717701301929,2.93838531732562,5.18161440958042,,,,,,4.666584882622,6.21579835486911,,
877.023375,,,,,,,2.08161629508936,,2.0782215546146,3.11715989023371,3.84751403839823,,,,,,5.22879700139613,6.08431399811246,,
877.623375,,,,,,,1.27298444069285,,1.82396127779541,3.09573245630352,4.49658616742444,,,,,,4.77376095760502,6.48321771556873,,
878.2234,,,,,,,0.952728884455509,,1.29862038627501,2.76507460517593,4.91191227834656,,,,,,4.51265741202662,6.13997397062204,,
878.823425,,,,,,,1.55315735524012,,1.24365853080363,2.65634624208861,4.84581581183692,,,,,,4.46268740437509,6.76430778525576,,
879.423425,,,,,,,1.45127941488878,,1.80068597482905,3.06680723977494,4.56564269986421,,,,,,5.12195471330855,5.54897834675191,,
880.02345,,,,,,,1.47291057693098,,1.79488945777622,3.22448261934556,5.31965621030665,,,,,,4.9921226860091,6.02504425524957,,
880.623475,,,,,,,1.43895119306346,,1.56704381146102,3.34562108589595,4.09266606445667,,,,,,4.60416457295453,6.16767087747391,,
881.223475,,,,,,,0.936050414955424,,1.18176219021335,2.49721992187833,4.79342097705405,,,,,,4.3827119614864,7.00737200500017,,
881.8235,,,,,,,0.515150437482009,,1.44885975588162,2.62609926493886,4.71814037480011,,,,,,4.50003308326245,5.91770960221175,,
882.423525,,,,,,,1.30128957240104,,1.51483877691047,3.23436615214669,3.41426316012242,,,,,,4.64656186244683,5.68755457939411,,
883.023525,,,,,,,1.37323929176071,,1.48773327168205,3.03589080620206,4.92532398228817,,,,,,4.75165480635005,6.42590565915252,,
883.62355,,,,,,,0.894004534547646,,1.22941200848657,2.88741060861645,4.1794690425521,,,,,,4.36906622040104,6.81083994678284,,
884.223575,,,,,,,1.28855921387347,,1.71951051602259,3.04033650122518,4.48152887972874,,,,,,5.01484205156127,6.58653653029632,,
884.823575,,,,,,,1.49534789328814,,2.14843312912331,3.58283194254301,4.344867074586,,,,,,5.37850988418959,7.21147483047419,,
885.4236,,,,,,,1.04487068905571,,1.50761444340641,2.34218168686526,4.65842926856703,,,,,,4.36045197047049,5.68700322237695,,
886.0236,,,,,,,1.16100716955436,,1.16154796478077,2.25977758591215,3.82619840527053,,,,,,4.39025758590475,5.66808614889407,,
886.623625,,,,,,,0.79024638525465,,1.47766898721776,2.86836136131684,4.94111431991993,,,,,,4.61957155011581,6.48297225198329,,
887.22365,,,,,,,1.41758971518574,,2.11717359476716,3.89038638034201,4.50310207335157,,,,,,5.45612219199575,6.27243898588596,,
887.82365,,,,,,,1.58176659502408,,1.79517315993175,3.53184482769104,4.70887360999958,,,,,,4.9553485844501,6.45602588979649,,
888.423675,,,,,,,0.948511401256806,,1.30441514572709,3.15298053106359,4.43193372829532,,,,,,4.39760498940907,5.27653043930558,,
889.0237,,,,,,,1.25847122386981,,1.41517652773026,3.54886991322584,4.28574282631221,,,,,,4.76158951864782,6.04424567554125,,
889.6237,,,,,,,2.20255796209401,,1.96249995924519,3.81336392948955,3.75640515700015,,,,,,5.34718246699795,6.22792354501027,,
890.223725,,,,,,,1.86949747337775,,1.6541401853477,3.56949533092344,4.69661333329114,,,,,,4.74490164038485,5.65429501704385,,
890.82375,,,,,,,0.58447188837838,,1.27119173282935,2.9217615882859,4.46926388238569,,,,,,4.48578409446633,6.02751082940563,,
891.42375,,,,,,,0.937989750653753,,1.39759319130783,2.72633980914894,3.86606121308105,,,,,,4.4708471215446,6.45169366817597,,
892.023775,,,,,,,1.03866215848756,,1.47276337770571,3.0424252499152,4.45906198647281,,,,,,4.51443873660485,6.2236544577145,,
892.623775,,,,,,,1.16373459913602,,1.64498542743047,3.39167091247688,4.28549722248042,,,,,,4.85672734869633,6.75531057919727,,
893.2238,,,,,,,1.13641891731857,,1.33012156050371,3.07403316457471,4.37680341085693,,,,,,4.51240213492272,5.94076831932928,,
893.823825,,,,,,,0.666530733089767,,1.26298679943292,2.44578394336314,4.30503372549056,,,,,,4.33399342755661,5.78291717620173,,
894.423825,,,,,,,1.23212201672942,,1.75581553908093,3.04455038353417,4.98040825588878,,,,,,4.86148940697192,6.19699954263365,,
895.02385,,,,,,,1.24433400404469,,1.85423416687689,3.43153477906366,5.28754852960719,,,,,,5.0596647331803,6.43937261931668,,
895.623875,,,,,,,1.07800630228586,,1.52891916639296,3.41688094174152,4.80234892273298,,,,,,4.68151913695117,6.43133593042286,,
896.223875,,,,,,,1.26026950001205,,1.31614419057712,3.20805182708275,4.36741495904983,,,,,,4.46247339073115,5.52211152196411,,
896.8239,,,,,,,1.29967101559292,,1.42631864006643,2.73033326754693,4.63738395217909,,,,,,4.74914300673144,6.00323406770594,,
897.423925,,,,,,,2.62055113258952,,2.00970518290643,3.66130651766045,4.0925709932887,,,,,,5.23605001879173,6.33196018900684,,
898.023925,,,,,,,1.83984516076454,,1.60629880393829,3.33220584668749,3.47931023898425,,,,,,4.70219890029135,7.10540628623882,,
898.62395,,,,,,,0.862500749621086,,1.26223876086402,3.0653581123792,4.70798338079986,,,,,,4.50251223608771,6.56401321286836,,
899.223975,,,,,,,0.811318106579773,,1.33953734501482,2.63801847366878,4.00398097782443,,,,,,4.60699927884033,6.64657690874112,,
899.823975,,,,,,,1.10314861859355,,1.55535385467996,3.53065823636952,4.704081414205,,,,,,4.74281202889036,6.85000576885362,,
900.424,,,,,,,1.02344417718789,,1.45936569221513,3.43363165867737,4.25938088714304,,,,,,4.42799821341699,5.71491476234825,,
901.024,,,,,,,1.22931982948377,,1.27539270441281,2.76030430653522,4.05213672569607,,,,,,4.55515478856445,5.55773585632127,,
901.624025,,,,,,,0.738508690268849,,1.4156467367448,2.92813406328995,4.09243370701034,,,,,,4.45166932185223,5.2881863627905,,
902.22405,,,,,,,1.82882088716332,,1.73124210581084,2.73880493809284,4.65449628193527,,,,,,4.92285153745584,5.79727976236011,,
902.82405,,,,,,,1.6480026938232,,1.66271397240533,2.88738954781351,3.71214705348517,,,,,,4.92961892476058,6.53151809965708,,
903.424075,,,,,,,1.12177197113029,,1.36658028244303,2.68045349646095,4.31894042168156,,,,,,4.47036320199837,5.73696400462243,,
904.0241,,,,,,,0.281760019016247,,1.27044816777106,2.63729587768908,4.54736261757572,,,,,,4.49271590131955,6.21843248329758,,
904.6241,,,,,,,0.810243904409038,,1.29319378142622,2.849673451764,4.62613439687508,,,,,,4.540342019852,6.5114109471192,,
905.224125,,,,,,,1.20183625848446,,1.40906199704525,3.04307169957193,4.35650940942299,,,,,,4.39270526729302,6.37760734672731,,
905.82415,,,,,,,1.28787645870083,,1.5115355975555,3.46914540460771,4.87447128809481,,,,,,4.5679620128022,6.51291409426212,,
906.42415,,,,,,,0.890331822233294,,1.28245930694354,3.45901465672853,4.21800074290243,,,,,,4.43579300656922,7.49380681004683,,
907.024175,,,,,,,1.44353399869201,,1.65342500928375,3.0491599345928,5.00143966701959,,,,,,4.82964681178061,6.4704219104791,,
907.624175,,,,,,,2.16150866916311,,2.00275960247832,3.87871445068704,5.72739529329324,,,,,,5.30868775146676,6.99310186304239,,
908.2242,,,,,,,1.42357047146921,,1.72891916448504,3.32569155379074,4.67573774218127,,,,,,4.96156971872208,6.08940597714351,,
908.824225,,,,,,,0.995308406570079,,1.19092506046871,2.76082165349097,4.61796565198863,,,,,,4.35827238056812,6.45345447061257,,
909.424225,,,,,,,0.629551212290735,,1.3684670629737,2.8742423338568,4.37984291392532,,,,,,4.55836892114802,6.22191615377927,,
910.02425,,,,,,,1.92001834523512,,1.73834740613203,3.65600325583792,4.18739975112842,,,,,,4.81563091571044,5.86954363180653,,
910.624275,,,,,,,0.936281688452161,,1.48418188123709,2.88136095111694,4.13935819263866,,,,,,4.61776787052454,5.4088743383666,,
911.224275,,,,,,,0.927454429434934,,1.24863130339772,2.62124427544944,4.1564035973069,,,,,,4.25028392835113,6.60790266761247,,
911.8243,,,,,,,1.14648097573756,,1.34135311753556,2.59250793907062,3.40554437992941,,,,,,4.4893452266141,5.2752281554124,,
912.424325,,,,,,,1.20341601349897,,1.8722395738682,3.80765997552023,4.40249594949171,,,,,,5.09557645955685,6.15600721345179,,
913.024325,,,,,,,1.5292065481175,,1.42867239322574,3.12056436056268,4.42835063270676,,,,,,4.69938622504685,6.00811273567837,,
913.62435,,,,,,,1.04959340592028,,1.22392767286585,2.81901302335192,4.7011467760607,,,,,,4.36578228749235,6.67131306355597,,
914.224375,,,,,,,1.10330361439501,,1.36213052478038,2.64100039588974,4.31237789073767,,,,,,4.66524278358871,6.31553557073259,,
914.824375,,,,,,,2.48082341003702,,1.96096708099181,3.61298105061035,4.44003271890518,,,,,,5.48322221709074,5.97491309803074,,
915.4244,,,,,,,1.49857240835732,,1.83029860215243,3.61020465117592,4.49615887677713,,,,,,5.06764903716198,6.19012930217107,,
916.0244,,,,,,,1.0341243908959,,1.47629628287058,2.98322297980156,4.33959578509291,,,,,,4.71581363373697,6.05897719951265,,
916.624425,,,,,,,1.15183374909943,,1.27733380245784,2.94858248534278,5.50422295008998,,,,,,4.47416749933938,6.24126929099686,,
917.22445,,,,,,,0.464010722679262,,1.27419067435792,3.44041126982686,3.68944258861847,,,,,,4.33984056650626,7.31437858892295,,
917.82445,,,,,,,1.62008952779746,,1.47934493468284,3.00995859889833,4.02864770262237,,,,,,4.58067219192051,5.68929055738035,,
918.424475,,,,,,,1.23435855153918,,1.49494545588323,3.05331237176424,4.25427300121573,,,,,,4.58513860285278,6.49732623725645,,
919.0245,,,,,,,0.592334254663687,,1.22354295015946,2.13323510817069,3.75447291943093,,,,,,4.38423348480786,6.58641442011322,,
919.6245,,,,,,,0.581913139379586,,1.37613417196047,2.28295693317328,4.59813511320899,,,,,,4.55919342024101,5.99193023944343,,
920.224525,,,,,,,1.32142691853456,,1.55798943129395,2.73156231249068,5.23956027645189,,,,,,4.62850577365662,6.47509829761491,,
920.82455,,,,,,,0.751375209027196,,1.32829636404827,2.98981321457962,4.28915563936287,,,,,,4.55750793143223,6.52377882872757,,
921.42455,,,,,,,0.821060549734607,,1.32928611812481,2.3665235588989,4.69073206533435,,,,,,4.4283724223816,6.29644899434431,,
922.024575,,,,,,,0.281215076121023,,1.15065423875496,2.83096630429315,4.32740925523157,,,,,,4.2749780777075,7.00259490965929,,
922.624575,,,,,,,0.874638098573399,,1.41050244565142,2.42905231001297,4.15721812053842,,,,,,4.72327750752463,6.41707566082922,,
923.2246,,,,,,,2.32917193355092,,1.85339860360393,3.64346842030441,4.8303987171102,,,,,,5.05858923789692,6.38419751208886,,
923.824625,,,,,,,1.38322314532998,,1.70352761884285,3.03388249103467,5.24340414816284,,,,,,4.71296522269178,6.6809015882294,,
924.424625,,,,,,,1.31741084453356,,1.3450561814649,2.72826160034481,4.09407888818066,,,,,,4.54762924431564,5.67859223560851,,
925.02465,,,,,,,1.37035866439947,,1.2205801850518,3.27349590578027,4.02858046838002,,,,,,4.34963726628759,6.01002231540165,,
925.624675,,,,,,,0.778509793515946,,1.325006003415,2.3956371130449,3.57143264609391,,,,,,4.44610860524477,6.89679562057626,,
926.224675,,,,,,,0.942197103280453,,1.55105798420004,3.28918869351394,4.78536748321592,,,,,,4.65685255405089,6.67857500474613,,
926.8247,,,,,,,1.27399111227806,,1.4610263580811,3.18761135025726,4.42744679161203,,,,,,4.5498462396361,6.5471575802684,,
927.424725,,,,,,,0.582498555772566,,1.17611961242339,2.183914052377,4.57581037502864,,,,,,4.24838537480939,6.06761689655477,,
928.024725,,,,,,,1.32666753678668,,1.68699593855543,2.8401854286072,4.10660981891222,,,,,,5.12437819193467,6.39016386843572,,
928.62475,,,,,,,1.58607503165392,,2.05939145474093,3.56950150901029,5.25259653259674,,,,,,5.09457240599347,5.76742470970887,,
929.224775,,,,,,,1.76893902694382,,1.65612852930615,3.37796043006963,5.17469268388479,,,,,,4.76739295102795,6.29248927888794,,
929.824775,,,,,,,0.659505001409752,,1.21612299157087,2.50210769039771,3.7162098110434,,,,,,4.46057740569104,6.45650434413121,,
930.4248,,,,,,,1.09219356289503,,1.26006683805933,2.98632698740801,3.79048824697481,,,,,,4.55776949729492,6.20947682465029,,
931.0248,,,,,,,1.10847675515001,,1.37283708001629,3.01114260877246,4.75601675055394,,,,,,4.47738942482667,6.43341779155299,,
931.624825,,,,,,,1.21261569644376,,1.52702525412146,3.50754724808032,4.85210343897382,,,,,,4.67910927356625,6.70939181433305,,
932.22485,,,,,,,0.831962005983691,,1.22654711631844,3.09926795449717,4.28982725353623,,,,,,4.37349802671573,7.00126207475243,,
932.82485,,,,,,,0.877853403713523,,1.38436182184999,2.89519833223855,4.92047428163536,,,,,,4.63465519689204,5.47777751112915,,
933.424875,,,,,,,1.07756924817045,,1.70410686863061,3.10067366372264,4.30867202145429,,,,,,4.72935080766487,6.08080345509873,,
934.0249,,,,,,,1.57934018430743,,1.79091842486395,3.22489089802869,4.41513203128733,,,,,,4.8305296873349,5.8098973992858,,
934.6249,,,,,,,0.662264080356948,,1.25352412986186,2.63849116676303,5.00415610102715,,,,,,4.38421879235027,6.70301316974339,,
935.224925,,,,,,,1.20227059544671,,1.3583447883518,2.69597762985973,3.24690000862256,,,,,,4.56254910853406,6.21226815995059,,
935.82495,,,,,,,1.62631528644386,,1.966381212369,2.72263910545928,4.18405110700392,,,,,,5.06682549262892,6.60873790937812,,
936.42495,,,,,,,0.989576625250417,,1.95866062381369,3.20324787317423,4.60442571596046,,,,,,5.14979578769315,7.07485112487498,,
937.024975,,,,,,,1.34671854250151,,1.53116578345541,3.09414719108464,4.9314298606907,,,,,,4.89004442312006,5.79876641298723,,
937.624975,,,,,,,1.00145442343973,,1.3901892576595,2.99102388165343,4.43068236774883,,,,,,4.63908833722137,6.09137658730539,,
938.225,,,,,,,1.34376586096299,,1.49385195659619,2.86824791611581,4.29165038133202,,,,,,4.67389489661287,6.14161730415512,,
938.825025,,,,,,,1.16480555402498,,1.47765457940399,2.41929009992839,4.29898083914926,,,,,,4.72028254658647,6.09495515859385,,
939.425025,,,,,,,1.66567852968939,,1.63383231076255,3.21493222776237,3.97132706657507,,,,,,4.81364352967673,6.31049837353271,,
940.02505,,,,,,,0.773332180216335,,1.44729332779807,2.97273675027753,4.69664149831486,,,,,,4.52628810272593,6.28721926653801,,
940.625075,,,,,,,0.918703772395152,,1.35755767259028,2.48972255377615,4.23353718926415,,,,,,4.51302137820744,6.60134796028191,,
941.225075,,,,,,,1.50649644934313,,1.64509259575213,3.30877008033108,5.33969029663321,,,,,,4.92718848204222,5.80068371124862,,
941.8251,,,,,,,1.94885215106068,,1.9809178575621,3.67182603687883,4.21112811563232,,,,,,5.22827455335963,7.35002361268551,,
942.425125,,,,,,,1.48764650823159,,1.70491340098251,3.46476072746122,4.28215005055261,,,,,,4.87102381070595,6.37844249532125,,
943.025125,,,,,,,0.745095821092396,,1.29734260119249,3.10613936415218,3.54927187384026,,,,,,4.54084753230256,6.07222001371645,,
943.62515,,,,,,,1.07770246435383,,1.43399378792223,3.27618097593398,4.50937001236552,,,,,,4.69792344528274,6.35564644372583,,
944.225175,,,,,,,1.22850839997181,,1.53036450922619,2.98439661843508,4.23507911409428,,,,,,4.66642861301241,6.19801038617666,,
944.825175,,,,,,,1.44506468986884,,1.40815344716696,2.76757305409341,4.13579781825821,,,,,,4.56776039016266,6.87936681307588,,
945.4252,,,,,,,1.76394761103777,,1.4836517010842,2.90768317247471,4.84272185120772,,,,,,4.72808231472107,7.11631027314908,,
946.0252,,,,,,,0.695502159780841,,1.29561278990952,2.61327027570345,4.7901340048671,,,,,,4.39618624446599,6.40999225728323,,
946.625225,,,,,,,1.13830224806097,,1.4604693664305,3.42789102164306,4.88101511466532,,,,,,4.78801546976093,6.37493318746198,,
947.22525,,,,,,,1.24912526762311,,1.90620368060544,3.34762022994965,4.70706791103258,,,,,,5.03767829162904,7.26006088725798,,
947.82525,,,,,,,2.05619501589074,,2.03322691935218,3.60382865721568,5.26463102851661,,,,,,5.42331656711617,6.36817012168238,,
948.425275,,,,,,,0.796669104669563,,1.55111045013135,3.22256090606697,4.52656622135576,,,,,,4.76114061065492,6.22107362951402,,
949.0253,,,,,,,1.0255484101176,,1.27097791279832,2.97808790091363,4.41120380351499,,,,,,4.43398745583189,6.06073751043768,,
949.6253,,,,,,,1.23004103914072,,1.50932650659089,3.0599604683384,4.52682298542847,,,,,,4.68778304912671,6.35385179958098,,
950.225325,,,,,,,1.39373475182381,,1.88025655398119,3.26859308015913,4.46330281452862,,,,,,4.90764729179426,6.96162981262459,,
950.82535,,,,,,,0.944054197968265,,1.65896569935911,3.27595334167212,4.78410286621436,,,,,,4.65289693497567,6.25483613980644,,
951.42535,,,,,,,1.10531255967058,,1.2580560351439,2.69017318095746,4.5195537964969,,,,,,4.35963440543057,6.27091091389299,,
952.025375,,,,,,,1.2106188870476,,1.30883007107346,2.51737999009498,4.22716434010442,,,,,,4.55661420915736,5.86641237086863,,
952.625375,,,,,,,1.71396919098776,,2.07315802332176,3.14434382483157,5.16350158466418,,,,,,5.42803330449107,6.41892343554377,,
953.2254,,,,,,,2.024371979547,,2.042942003035,3.73615701407903,4.54515402052768,,,,,,5.33709351707168,6.22833492902316,,
953.825425,,,,,,,0.940958560026866,,1.74118623023988,3.22582263880638,3.99916539154361,,,,,,5.04318285166042,6.63043580161338,,
954.425425,,,,,,,0.692139950040856,,1.234919552083,2.53455704352544,4.26578936167558,,,,,,4.38865052620557,6.1462410771013,,
955.02545,,,,,,,1.57325895117127,,1.36704223731232,2.92101575951892,4.28266127815688,,,,,,4.54998748334321,6.36817419741715,,
955.625475,,,,,,,1.54976013681961,,1.83352751125699,3.12323684519582,5.27068794429228,,,,,,5.18540665658211,5.80987731888513,,
956.225475,,,,,,,2.27570668953013,,1.94712634707992,3.45497258642782,4.6941706815368,,,,,,5.16183296950134,6.43852393936195,,
956.8255,,,,,,,1.09525212030146,,1.47220461183836,2.59878498808816,4.13531144168278,,,,,,4.80010698615559,6.40060817032387,,
957.425525,,,,,,,0.661919050866847,,1.09236112718563,2.3871227358551,3.79542905732979,,,,,,4.23255014889915,6.15290046091225,,
958.025525,,,,,,,1.08539848032512,,1.44401216214102,2.92456051263227,4.67736900537282,,,,,,4.55418079544856,6.31076145919808,,
958.62555,,,,,,,0.495733756687994,,1.47391445182181,2.76838119050317,4.6194598380532,,,,,,4.59776153378809,5.98393125610502,,
959.225575,,,,,,,0.980949108011999,,1.51376289721666,2.83278863734615,4.36348790344632,,,,,,4.67900552996515,6.16844908910031,,
959.825575,,,,,,,0.941319565758599,,1.20733665083491,2.37167565683654,4.33688640470349,,,,,,4.45717038057924,6.07245244972122,,
960.4256,,,,,,,1.04807057660338,,1.46274888873971,3.03646142139186,3.84211895782,,,,,,4.80665384347591,6.30041640913054,,
961.0256,,,,,,,1.84215177198086,,1.80005002374859,3.61514218759049,4.84044238133967,,,,,,5.03839955232806,5.69914210580592,,
961.625625,,,,,,,2.48794414631056,,1.77621815976139,3.49265297769262,5.53751356943042,,,,,,5.28323149036836,5.97545313068004,,
962.22565,,,,,,,1.61804386944495,,1.69149133317707,3.17815943560148,4.7416485215626,,,,,,4.88394182699821,6.55873850378305,,
962.82565,,,,,,,1.35546382187262,,1.57580246585425,3.34002751389307,4.035374859664,,,,,,4.722102960705,6.48066952364508,,
963.425675,,,,,,,0.764568557760538,,1.41734038197051,2.44394081871596,4.63609699431206,,,,,,4.74971723789214,6.19969725408105,,
964.0257,,,,,,,0.947560399300384,,1.47510316829142,3.08756878263206,4.35351735946025,,,,,,4.66718297583481,5.96165905591418,,
964.6257,,,,,,,1.04626520873518,,1.43634860516772,3.30983059439171,4.31866217364177,,,,,,4.5730805547612,6.64508270083727,,
965.225725,,,,,,,1.26282071031116,,1.60761330902496,2.76465777925135,5.12299768933407,,,,,,4.87249509874934,5.78549131525468,,
965.82575,,,,,,,0.902740663063281,,1.50845641980258,2.99397434754744,4.13168847549467,,,,,,4.59973342999444,6.51904994688511,,
966.42575,,,,,,,0.997965432318002,,1.37193288011851,2.89374780632207,4.05375598029852,,,,,,4.44131878018054,5.24367094658984,,
967.025775,,,,,,,1.00617615970244,,1.83849432875146,3.29095774786571,5.32019995109063,,,,,,5.13417684898125,6.25656619719834,,
967.625775,,,,,,,1.82396371501117,,2.04026222076798,3.82022953803745,4.04884195955469,,,,,,5.50277848116134,6.82188706758169,,
968.2258,,,,,,,1.52807295660195,,1.84116009592296,3.82191660533148,4.34989641549413,,,,,,5.16952672750571,5.88996819610311,,
968.825825,,,,,,,0.861661646304952,,1.49319365457772,2.42187422018082,3.79196795986115,,,,,,4.61152096050513,5.33908844029358,,
969.425825,,,,,,,0.530715446251785,,1.27544349859013,2.22058527846773,3.83779304061262,,,,,,4.57483923081065,6.85698502818633,,
970.02585,,,,,,,1.0503789155587,,1.5039757212796,2.89608885862099,3.7060581864868,,,,,,4.66277039743954,7.16852733100463,,
970.625875,,,,,,,1.11488809634445,,1.57491943319254,3.38444110887497,4.58648438680997,,,,,,4.60147202633574,6.71162012596018,,
971.225875,,,,,,,1.23988135415008,,1.59997708304919,2.94104675345147,3.39938831014281,,,,,,4.74739522897673,6.76725267135522,,
971.8259,,,,,,,1.1892814624289,,1.31725719967489,2.74835729868202,4.09450011074141,,,,,,4.58937738437204,6.49999729057604,,
972.425925,,,,,,,1.27895777651612,,1.37453796397069,3.03524570274918,4.16009291779712,,,,,,4.89544372513992,7.11206019877481,,
973.025925,,,,,,,1.88546032161182,,1.60889271749636,3.54520789940867,4.09677606794055,,,,,,4.8312253510641,5.74010421364366,,
973.62595,,,,,,,1.01802267713078,,1.36735579948952,2.93250522794503,4.23427830988209,,,,,,4.32754603747502,6.16947450393671,,
974.225975,,,,,,,1.069857070955,,1.44466701135366,3.29491251346812,4.46961959307942,,,,,,4.51742222333563,5.97865233685218,,
974.825975,,,,,,,0.678486331485323,,1.21678886675961,2.42749379278607,3.67260470354147,,,,,,4.40567246292073,5.6124764928045,,
975.426,,,,,,,0.392584906909621,,1.26016865174134,2.46647889729082,3.84256200298636,,,,,,4.46865781092656,5.41508154197629,,
976.026,,,,,,,1.51388298630827,,1.70132312093261,2.89985177277043,3.80302992062079,,,,,,5.00123595495003,6.49447106697685,,
976.626025,,,,,,,1.0287368294378,,1.55875182362295,2.96583775939006,4.76828511114526,,,,,,4.78040854336849,6.15860335741091,,
977.22605,,,,,,,0.887049032381713,,1.52727347554051,2.77828296622838,4.2018831709994,,,,,,4.7487062925536,6.31622182295382,,
977.82605,,,,,,,0.792160045195863,,1.2373090302152,2.57476823136826,4.51172537234106,,,,,,4.33017124958447,7.04383836843184,,
978.426075,,,,,,,1.16939810175439,,1.24647943369308,2.51639895111294,4.64294835003097,,,,,,4.42834374082319,7.05770255946613,,
979.0261,,,,,,,0.557849991272675,,1.4152842771941,3.23765929895121,4.81177534841814,,,,,,4.75217933199104,6.11879324926321,,
979.6261,,,,,,,1.63879876206725,,1.92663434213986,3.50742058731779,4.5196547191623,,,,,,5.19298231757609,6.02773661520087,,
980.226125,,,,,,,1.739758497253,,2.00952967769697,4.02566967586534,4.8414550636184,,,,,,5.35333197587487,6.48894983016965,,
980.82615,,,,,,,1.57050197785258,,1.59378887667026,3.13568846218897,4.63532158249691,,,,,,5.05284587870741,6.16579911584203,,
981.42615,,,,,,,0.646580810006566,,1.25969079270091,3.14648952723539,4.41685746074215,,,,,,4.33143572959786,5.93135571729915,,
982.026175,,,,,,,0.408474138694866,,1.39079594360278,2.5133838141288,4.82911865645569,,,,,,4.59889011956536,5.73150117408425,,
982.626175,,,,,,,1.36635641290562,,1.82547108085178,3.54340895367449,4.84519359163972,,,,,,5.15350279605003,6.06454292986503,,
983.2262,,,,,,,1.4352421028096,,1.98224871370614,3.59437111700427,3.27482458897768,,,,,,5.10075167034192,7.22438707893591,,
983.826225,,,,,,,0.929951340385618,,1.43277826978054,2.8945683700788,4.16002830684579,,,,,,4.83788742357184,6.46820426254075,,
984.426225,,,,,,,0.458074254445737,,1.25131085357138,2.57377594898547,5.32889369309089,,,,,,4.48699824096634,6.07955517369141,,
985.02625,,,,,,,1.24644704060269,,1.53471838177803,3.41500536973833,5.38917268404184,,,,,,4.71447226224836,6.04662921211338,,
985.626275,,,,,,,1.24109917518782,,1.57419182640544,3.28189477259007,4.05801197384667,,,,,,4.82525907001211,5.69553020780453,,
986.226275,,,,,,,1.46708058831684,,1.59489254350076,3.15938004292611,4.82397706328378,,,,,,4.66064819742389,5.71249069340937,,
986.8263,,,,,,,1.22128263490703,,1.29218124395244,2.83674966834579,4.07218696277032,,,,,,4.6241994737728,6.12379779984435,,
987.426325,,,,,,,1.22492899260192,,1.38150408899102,3.01632404277278,3.76540290399779,,,,,,4.55466594245772,6.15128729200226,,
988.026325,,,,,,,1.61444031129161,,1.76163100788525,2.92925707202774,4.76382302241384,,,,,,4.93913968400827,5.58482054127135,,
988.62635,,,,,,,1.74631953354289,,2.05807157442936,3.63288512303275,4.81087699097153,,,,,,5.50391416619528,5.7206562178728,,
989.226375,,,,,,,1.46309472717639,,1.50487808315725,3.68069366780356,4.09507603405082,,,,,,4.58137477404914,6.07244865036917,,
989.826375,,,,,,,1.1152093672654,,1.30745464548882,2.88083551536595,4.58349230242775,,,,,,4.53715150253218,5.27708546921203,,
990.4264,,,,,,,1.20865922353262,,1.30030444938063,3.05465008901851,4.16529729060085,,,,,,4.53633707066474,5.89773585829847,,
991.0264,,,,,,,1.49082324717322,,1.69476144984852,3.43266432291161,4.77651603050897,,,,,,4.7035594211535,6.67760902994031,,
991.626425,,,,,,,1.1859351409637,,1.96672452131463,3.49795887432468,4.77337050824035,,,,,,4.90283814134547,6.36717716450104,,
992.22645,,,,,,,1.4401436283547,,1.26837081531314,3.01729867120555,4.37759738563979,,,,,,4.49904439239592,6.16058605529871,,
992.82645,,,,,,,0.362033582609475,,1.32960771790715,2.5770805388769,4.07528749432824,,,,,,4.5015975877542,6.9980680592275,,
993.426475,,,,,,,1.03300650346726,,1.51677784273334,2.88648030239918,3.8433010818707,,,,,,4.66199478808869,6.54858202479524,,
994.0265,,,,,,,0.822879591258367,,1.41452693858274,2.1643728192508,5.22667578737154,,,,,,4.44763175596568,6.43227697002535,,
994.6265,,,,,,,0.273216865356693,,1.44169029078634,2.55992505103082,4.6505154705964,,,,,,4.63572822129969,6.19013678122866,,
995.226525,,,,,,,0.619687753034436,,1.28162278017987,3.01042007899977,3.93683431563409,,,,,,4.43010398027053,6.53431237318023,,
995.82655,,,,,,,1.00447259956326,,1.29053319119979,3.02910180946688,3.90788168894112,,,,,,4.53126177853547,6.63844831470975,,
996.42655,,,,,,,1.34197555161301,,1.68760309251967,3.20271552728448,4.28536361693585,,,,,,4.80690107279546,6.24804075831446,,
997.026575,,,,,,,2.2157389465884,,1.689594267275,3.56874837784629,4.00546369717519,,,,,,5.00227317568184,7.30891040087852,,
997.626575,,,,,,,1.36710520552442,,1.52277036189005,3.36286262054707,4.3926055784793,,,,,,4.70362263624233,6.41890746491855,,
998.2266,,,,,,,0.974330401534293,,1.45158288213229,3.09357098447374,4.60436993862253,,,,,,4.4771033001902,6.58012349511262,,
998.826625,,,,,,,0.570882961160774,,1.31970160735679,3.0203136485585,4.0018373517546,,,,,,4.4328015448237,6.27392694742488,,
999.426625,,,,,,,1.29716970488954,,1.37974677023153,3.03219458944972,4.4344838315425,,,,,,4.606102715354,6.7495848157869,,
1000.02665,,,,,,,1.09654320471963,,1.71909160173432,2.98781431595087,3.68502935513647,,,,,,4.80255486012662,5.96628352451986,,
1000.626675,,,,,,,1.56226215254934,,2.05622948980617,3.62582951781719,4.86853903609105,,,,,,5.28831153645033,6.84658876232339,,
1001.226675,,,,,,,1.63921839995511,,1.63247603581863,3.48868506813849,4.51540610756433,,,,,,4.81902496486418,6.74730844451818,,
1001.8267,,,,,,,1.05055604967453,,1.27439802891726,3.09997428671604,4.72142375042082,,,,,,4.60012913928837,6.99031940736366,,
1002.426725,,,,,,,0.41819858830975,,1.31321029658389,2.45101777425104,4.26325863776986,,,,,,4.53190752911244,5.90578299134249,,
1003.026725,,,,,,,1.52514493899934,,1.74946958760867,2.69570508703027,4.47371058108534,,,,,,4.84035646671157,6.15772346021671,,
1003.62675,,,,,,,1.39099668621957,,1.98678877246452,3.34164170035923,4.33456769080241,,,,,,4.99970751398717,5.53181771160701,,
1004.226775,,,,,,,1.18212989670829,,1.64171382624018,3.39189852441533,3.58672079125471,,,,,,4.92783796170344,6.08127670956363,,
1004.826775,,,,,,,0.512042157535225,,1.21158377873808,3.58710252187723,3.93766636286795,,,,,,4.34531292290241,6.35561977729699,,
1005.4268,,,,,,,0.816618831902742,,1.33034742875598,2.39244488389659,4.11504202980244,,,,,,4.49558696195017,6.79128334325333,,
1006.0268,,,,,,,1.04140040729784,,1.48605136505022,3.05773248390968,4.25747417314543,,,,,,4.73036323165113,5.42326810036653,,
1006.626825,,,,,,,1.08930685855352,,1.60584729923953,3.07582023910145,5.21649071191853,,,,,,4.68841590322864,5.82608090229668,,
1007.22685,,,,,,,0.808616140210927,,1.24996667613695,3.3479403137373,4.27762900633601,,,,,,4.44063925031847,5.31049979755731,,
1007.82685,,,,,,,1.57320902284324,,1.3176746932592,2.21577874781543,4.16126941264114,,,,,,4.57176758302064,6.17644852669306,,
1008.426875,,,,,,,1.7171451682304,,1.44890650829324,2.85847600437848,3.69790990644637,,,,,,4.64035766689719,6.17091520378072,,
1009.0269,,,,,,,1.01012528760935,,1.4137513899877,3.48531864828777,4.69905016925567,,,,,,4.49353924629841,5.86017079322473,,
1009.6269,,,,,,,1.07123845763816,,1.5040701906075,2.87646972565782,4.70487487391954,,,,,,4.56223104946961,6.69230400791062,,
1010.226925,,,,,,,1.08334610461081,,1.27705934960783,3.20063602671889,4.10563496484573,,,,,,4.43403231327737,6.39658820143873,,
1010.82695,,,,,,,0.836305392576066,,1.39559081865271,2.22738012168693,4.23041075177473,,,,,,4.53568261140098,5.39416173380058,,
1011.42695,,,,,,,1.66025026578929,,1.84294100356406,2.84407459696573,3.84029743816139,,,,,,5.54817759319588,6.09516730143032,,
1012.026975,,,,,,,2.05406782200805,,1.94259271934506,3.45917600188341,5.05836097635326,,,,,,5.13621809976098,6.21266503249049,,
1012.626975,,,,,,,1.38096607146597,,1.62005143632177,3.03079754010699,4.0141600192896,,,,,,4.70088350550511,6.44264889483609,,
1013.227,,,,,,,1.26062604001455,,1.30748732464692,2.96357419737032,3.77470340026552,,,,,,4.50924599697801,6.2469464623299,,
1013.827025,,,,,,,0.713953645827674,,1.28492950011252,2.59519780548495,4.52922504878676,,,,,,4.51121327637525,5.63198876484769,,
1014.427025,,,,,,,1.23726978652153,,1.56393744941125,3.62916830214356,3.99023645416459,,,,,,4.68273166116498,5.8775321024041,,
1015.02705,,,,,,,1.2880215334885,,1.65456322403418,3.61777403400465,4.18918994809985,,,,,,4.88607007577061,6.63799960769523,,
1015.627075,,,,,,,1.91663547064233,,1.49659140553253,3.53694611861096,4.24071965376056,,,,,,4.78912008947811,6.97560214307681,,
1016.227075,,,,,,,1.00945369292194,,1.33301292291559,2.86213784215391,3.95077567699072,,,,,,4.47920524218112,7.15761111351027,,
1016.8271,,,,,,,0.994749353428768,,1.4109150500301,3.03638758279938,5.24693823067627,,,,,,4.74414205700704,5.79870042245662,,
1017.427125,,,,,,,1.48906336231625,,1.36807648055421,3.1602315079154,4.2379116616365,,,,,,4.67479016443931,5.76607358275909,,
1018.027125,,,,,,,1.0349464814697,,1.41482837838468,3.27437977959144,5.08622693136006,,,,,,4.46477112194976,6.78487219323413,,
1018.62715,,,,,,,1.39239820243615,,1.48829304738824,2.95625007874502,4.65510725584776,,,,,,4.57010222106274,6.76557418463333,,
1019.227175,,,,,,,0.832800025747147,,1.24601318789762,2.74286081168166,4.496588768223,,,,,,4.50841587664555,5.89483151539211,,
1019.827175,,,,,,,0.846569944338307,,1.38636973027175,3.18703518227872,3.96335839821691,,,,,,4.75488454888384,6.40129397268913,,
1020.4272,,,,,,,1.16460561739658,,1.43924976144962,3.09792272764051,4.10244146777876,,,,,,4.61712141952306,6.44102872058047,,
1021.0272,,,,,,,1.09994675127189,,1.35131573820064,3.61354118263705,4.69703706332872,,,,,,4.36214958963453,6.39177615181577,,
1021.627225,,,,,,,1.00289640372473,,1.4908633843666,3.33474210797736,4.22139920171016,,,,,,4.69784857764909,6.76815748237178,,
1022.22725,,,,,,,0.836290445108039,,1.20701568597403,2.79932550818407,4.7969056104207,,,,,,4.34988140645569,6.19383702029852,,
1022.82725,,,,,,,0.720944630058888,,1.31584283211621,2.83996278396134,4.59982692503082,,,,,,4.35030437245951,6.87185692245958,,
1023.427275,,,,,,,1.5463650805099,,1.48096825129278,3.19946077312678,4.26245828959159,,,,,,4.51209582848544,6.12130077474498,,
1024.0273,,,,,,,1.16880982002223,,1.33006622311626,3.3294938935361,4.71900480047468,,,,,,4.52790169839196,6.34927594825085,,
1024.6273,,,,,,,0.964458525351756,,1.2727566094082,2.81301350005173,4.4628710200459,,,,,,4.33889060500332,5.70948845742044,,
1025.227325,,,,,,,1.33063832301085,,1.24042731924941,3.07921355085474,4.20156402840929,,,,,,4.3397390520854,6.60865630611738,,
1025.82735,,,,,,,0,,1.2348324607919,2.40779586548445,4.33286605403084,,,,,,4.39237307740782,6.28836272405407,,
1026.42735,,,,,,,1.60710591569742,,1.90137088685271,3.41687711432255,5.21449096532742,,,,,,5.12496462607615,6.47672111219552,,
1027.027375,,,,,,,1.51880907472884,,1.71463035218002,3.3709739396661,4.40279440558225,,,,,,4.70412638429921,5.83545000758358,,
1027.627375,,,,,,,1.33400194352047,,1.19964502886465,2.51466678289734,3.74852333058455,,,,,,4.1669904228492,6.38901803536872,,
1028.2274,,,,,,,1.27199788418253,,1.13427881546541,2.41280020555837,3.99667280178989,,,,,,4.16894639545762,5.93227959144085,,
1028.827425,,,,,,,0.869725207139528,,1.46249507861623,2.85574252969137,4.27044505556217,,,,,,4.51362524416167,6.33294619788457,,
1029.427425,,,,,,,1.9787345856226,,1.72029901837611,3.24454107293281,4.70209208874921,,,,,,4.8519996612312,5.32591482970675,,
1030.02745,,,,,,,1.36011177102694,,1.69402399097426,2.92782993041325,4.63814209718873,,,,,,4.74899769979414,6.33133805790477,,
1030.627475,,,,,,,0.512348316261468,,1.1806568688349,2.53830488434045,4.37968116051252,,,,,,4.28281369546173,5.96066263933652,,
1031.227475,,,,,,,1.17081933928232,,1.07498623949066,2.43538411589057,4.13620596194045,,,,,,4.24126336149664,6.16879665362984,,
1031.8275,,,,,,,1.84296509449412,,1.57352818623392,3.75102881960215,4.71968313920108,,,,,,5.06967977655186,6.67210109845953,,
1032.427525,,,,,,,1.73393299309589,,1.82041078171514,3.40789116534335,4.22408461146056,,,,,,4.7382878042002,6.40737093039444,,
1033.027525,,,,,,,1.49529749658458,,1.34385059615257,3.13589742151141,4.9640760268874,,,,,,4.3747065355936,6.05123314604453,,
1033.62755,,,,,,,0.510972802019187,,1.09485788183375,2.77861014897463,4.58183504118599,,,,,,4.37225057823266,5.84900059757982,,
1034.227575,,,,,,,1.19129355482558,,1.26346524487821,2.89218288964196,4.14519343928647,,,,,,4.38282852783527,7.18057931775894,,
1034.827575,,,,,,,1.26717088761508,,1.56126957028332,3.06415607871931,4.64485596144619,,,,,,4.66743919570368,6.24827653272297,,
1035.4276,,,,,,,1.30339621745236,,1.54824231859408,3.20502268681988,4.41871000823099,,,,,,4.61422186825883,6.63330924077268,,
1036.0276,,,,,,,0.532548340621414,,1.14059230807723,2.16146885442145,4.21568503632332,,,,,,4.30595293143953,5.93269085188011,,
1036.627625,,,,,,,0.652969537407195,,1.1920965004092,2.73904341693448,3.73080383765668,,,,,,4.33045689577851,5.82057638338169,,
1037.22765,,,,,,,1.32474853229031,,1.60741619891215,3.57291539183347,3.86219298826188,,,,,,4.6919253752355,6.1012096701698,,
1037.82765,,,,,,,1.71899270279278,,1.60949450843793,3.24052717098988,3.43940332881425,,,,,,4.73175887757447,6.20626350937487,,
1038.427675,,,,,,,0.573658768441741,,1.1859983474192,2.84897591991764,3.94413471642893,,,,,,4.35965410514621,6.53819532764712,,
1039.0277,,,,,,,0.270278400766548,,1.0226549159608,2.56294266053876,4.99534851320926,,,,,,4.01912766360475,6.5749743831594,,
1039.6277,,,,,,,1.47429287548053,,1.40229596270437,3.09003241881163,4.07082381092625,,,,,,4.53988799201189,5.85945529456543,,
1040.227725,,,,,,,1.40456715078775,,1.64732471020812,3.41542582983531,4.79552826743693,,,,,,4.7800137265319,6.38058318103815,,
1040.82775,,,,,,,1.09970609053366,,1.25517899490407,2.89510432250708,4.59420124722664,,,,,,4.42369992047572,5.98764395931099,,
1041.42775,,,,,,,0.900183399105388,,1.2265006340646,2.51994600666282,4.41178022469412,,,,,,4.32676521840411,6.442783903223,,
1042.027775,,,,,,,1.83451524651688,,1.40605630757688,2.63532493205344,4.23900233083283,,,,,,4.66637528849856,7.18229910210253,,
1042.627775,,,,,,,1.23269361987347,,1.55487970035608,3.39388122829759,5.08521844295694,,,,,,4.80609584444399,5.97625830948673,,
1043.2278,,,,,,,1.47831765319339,,1.37198010789542,3.09341053312015,4.19280731278304,,,,,,4.69710845108206,7.18233174202861,,
1043.827825,,,,,,,0.89985544209966,,1.06020103963157,2.46202694222516,3.85301188866569,,,,,,4.11848516340905,6.18517149131744,,
1044.427825,,,,,,,0.679537495679806,,1.39062376807204,2.68064428749139,3.81739161681803,,,,,,4.55566371171288,5.81193616824808,,
1045.02785,,,,,,,1.73462226340367,,1.81565675237131,3.20319963608322,4.48579509439566,,,,,,5.0545830631841,6.12746404169696,,
1045.627875,,,,,,,1.70668840945674,,1.81132723195794,3.43733396055826,4.06456374064734,,,,,,5.13116924668415,6.40844985682569,,
1046.227875,,,,,,,0.70430476817551,,1.2951730738658,2.82949394691851,3.88246955673726,,,,,,4.44079944285318,6.32085575003716,,
1046.8279,,,,,,,0.717999371159977,,1.20105618413527,2.38428213179507,3.84173664444538,,,,,,4.42047623549324,6.65567890867598,,
1047.427925,,,,,,,1.24681197596592,,1.63288623748867,2.54089805381177,4.43116381759174,,,,,,4.69734511513761,5.98478629148536,,
1048.027925,,,,,,,1.17170379572076,,1.62537723500809,3.53655027098471,4.54114010999617,,,,,,4.69532952364299,5.34096791303162,,
1048.62795,,,,,,,1.18206449386852,,1.37310613302297,2.80682690318618,4.0799100158925,,,,,,4.68612096260974,5.86677752959979,,
1049.227975,,,,,,,0.724854121981759,,1.19142137737823,2.25889083307317,4.41326324607148,,,,,,4.3464100142405,5.75965448484938,,
1049.827975,,,,,,,1.00251380746646,,1.21283855605827,2.98361182063225,4.77330863035389,,,,,,4.45939010406244,6.32979119104773,,
1050.428,,,,,,,0.917378261353048,,1.57681671704972,3.28108813779924,4.49172880390753,,,,,,4.68757911651372,6.13390976826456,,
1051.028,,,,,,,1.13028955092371,,1.30669170350801,3.26505582521521,5.23734972065552,,,,,,4.4236915059049,7.05422947027942,,
1051.628025,,,,,,,1.37811339688301,,1.42977499806916,2.89567805030976,5.19548918367823,,,,,,4.68009655981608,6.17033567415371,,
1052.22805,,,,,,,1.31259054486104,,1.54721567916534,2.72990134307729,4.52528657253793,,,,,,4.9093147109172,5.83770770994863,,
1052.82805,,,,,,,1.69646522434557,,1.56570571219844,2.86417966931745,4.16350282894533,,,,,,4.68252586853398,6.20703775876552,,
1053.428075,,,,,,,1.06946473745692,,1.42914839671035,2.52134867423836,4.43824091922072,,,,,,4.47991209691764,5.31263340988245,,
1054.0281,,,,,,,0.857274972439293,,1.25043609610481,3.26507036164135,4.86572393405044,,,,,,4.30711744735118,6.93816302667343,,
1054.6281,,,,,,,0.684432083404933,,1.33185350555065,2.93042032337774,4.08947050174648,,,,,,4.43244326584694,5.80850476221486,,
1055.228125,,,,,,,1.68016578444062,,1.4956779183035,3.27582583164076,3.85364865621048,,,,,,4.71303979753064,6.12675295902493,,
1055.82815,,,,,,,1.92692986986444,,1.87989412095967,3.6073476787295,4.51004835948623,,,,,,4.97555217652954,5.19701901070173,,
1056.42815,,,,,,,2.2607509741151,,1.67237041191615,3.37548587339978,4.15465031005159,,,,,,4.84473267517136,5.64162496414351,,
1057.028175,,,,,,,1.31685090973595,,1.35736038758423,2.69191088448785,4.54418096092836,,,,,,4.84062820634667,5.28937910420757,,
1057.628175,,,,,,,0.449175086522638,,1.25327290368583,2.78209997311657,4.83706611710681,,,,,,4.34083375454431,6.89212632591927,,
1058.2282,,,,,,,1.38863087769047,,1.40479344015985,2.78523264241585,4.4330590108078,,,,,,4.59351299054674,6.16187364715715,,
1058.828225,,,,,,,2.34507514153658,,1.84808139475027,3.40189950862336,4.94635713108747,,,,,,5.19839977671358,5.90648836955193,,
1059.428225,,,,,,,1.91160026030839,,1.7828023616179,3.74060590064237,4.42168427819818,,,,,,5.07246426247357,6.09205636485478,,
1060.02825,,,,,,,1.28009350812461,,1.31669085890996,2.91930635193046,4.10204021105054,,,,,,4.52404950189474,6.03726263192762,,
1060.628275,,,,,,,1.00059880042161,,1.27302228871717,2.68279651493078,4.77617846129746,,,,,,4.42275938559942,6.15468837927238,,
1061.228275,,,,,,,0.777249785680296,,1.31057854072631,2.36316171393347,3.86163519646161,,,,,,4.48666292565121,6.62661022139565,,
1061.8283,,,,,,,1.3988459875749,,1.68526118126732,2.81134563187605,5.14394539624897,,,,,,4.83984477765621,5.9706280844324,,
1062.428325,,,,,,,1.15882481417523,,1.64210686429973,3.00021918272801,4.34888404471218,,,,,,4.80388862791048,6.22737296986001,,
1063.028325,,,,,,,1.22826821192163,,1.30215242944467,2.61485593528174,4.55188885088216,,,,,,4.54745825105325,6.36877974577652,,
1063.62835,,,,,,,1.24066346561187,,1.24100587770247,2.71617408387622,3.92008094832651,,,,,,4.25102187727651,6.36142661014465,,
1064.228375,,,,,,,1.26167194237212,,1.61443738616944,3.09004821902868,4.44938903015819,,,,,,5.01009277417767,6.55453004303889,,
1064.828375,,,,,,,0.878520921442024,,1.9100231526568,2.92812430574685,4.30612443248249,,,,,,5.08750845621597,5.92736913222606,,
1065.4284,,,,,,,0.778662099609728,,1.38086051149891,2.48930627226021,4.73865005096187,,,,,,4.53151583489938,7.45496042423363,,
1066.0284,,,,,,,0.493916988770687,,1.24291321476244,2.49098290606579,4.48681303831168,,,,,,4.42417805220794,5.39958027921123,,
1066.628425,,,,,,,0.655769054682793,,1.16642144432384,2.56192822230473,3.85915402142105,,,,,,4.41763134859348,6.10846804445826,,
1067.22845,,,,,,,1.04995611149373,,1.64707997666618,3.01140125493173,4.0576732656668,,,,,,4.87721452833062,6.71004310938105,,
1067.82845,,,,,,,1.64771288203543,,1.70066935614832,3.07253585936656,4.33676981236328,,,,,,4.84970197555199,6.55886649458457,,
1068.428475,,,,,,,1.03410604663023,,1.22622636226475,2.68707323145778,4.51610080145056,,,,,,4.40709262605158,6.48643800572313,,
1069.0285,,,,,,,0.934235071460689,,1.21842957510031,2.46608788600554,4.31070269100525,,,,,,4.41539353798006,6.68305235101434,,
1069.6285,,,,,,,1.11143541131868,,1.36128742180929,3.08073468956253,4.69764667343792,,,,,,4.323679375992,6.24567399174982,,
1070.228525,,,,,,,1.2426832823294,,1.61654812471375,2.71748901695782,4.974759015357,,,,,,4.62040637133695,6.67171667414306,,
1070.82855,,,,,,,1.34226577562217,,1.58912521124111,3.33663406344964,5.02394333406177,,,,,,4.85838859579215,6.22617032189332,,
1071.42855,,,,,,,0.937055275399135,,1.1959323159559,2.48488133017003,4.40022275930165,,,,,,4.39411134009096,5.87664468221946,,
1072.028575,,,,,,,1.03306052326491,,1.29217349034876,2.95009763275685,4.4920455133906,,,,,,4.54874870745281,6.4125047253936,,
1072.628575,,,,,,,0.691865335523582,,1.48489982685918,3.228159748239,3.91241814790459,,,,,,4.59950899070178,6.18072499255387,,
1073.2286,,,,,,,1.46983242394544,,1.50352095610896,3.32935416610866,4.31264563647665,,,,,,4.61565934736403,5.77730299570054,,
1073.828625,,,,,,,1.04821275075085,,1.35978904502811,2.96943027960393,4.2883153045015,,,,,,4.71082815492546,6.49366902748835,,
1074.428625,,,,,,,0.851875701056128,,1.25530591427962,3.06851248197845,3.38781749698774,,,,,,4.48477349760863,6.77690119141432,,
1075.02865,,,,,,,0.917021312863542,,1.24622938511369,2.65748072437788,3.81990460898257,,,,,,4.50923176132112,6.08758533161879,,
1075.628675,,,,,,,1.47309476778235,,1.66078727726314,3.08874686838363,4.419189256766,,,,,,4.69548088950251,7.25565709260032,,
1076.228675,,,,,,,2.00749727265269,,1.84846627575826,3.54787825889116,5.00976000687567,,,,,,4.92269347902401,6.47726819709601,,
1076.8287,,,,,,,1.16974790272987,,1.24675424892064,2.62413766654089,3.1881983355104,,,,,,4.36825913632993,6.50934553588938,,
1077.428725,,,,,,,0.502979868821437,,1.14773901970515,2.55078027182284,4.36691368130986,,,,,,4.24727978625027,6.64861869504875,,
1078.028725,,,,,,,0.910204703374489,,1.57155650972843,3.05975027555288,5.09745058881215,,,,,,4.76274992742854,6.10459704052263,,
1078.62875,,,,,,,1.62697957291128,,1.88824347044727,3.38276317123932,4.74036188578385,,,,,,5.11086959601458,6.87046158537582,,
1079.228775,,,,,,,1.01283415166331,,1.56015883627328,3.24364662600484,5.30842265908062,,,,,,4.6701358954442,6.48426751755163,,
1079.828775,,,,,,,0.426166711692777,,1.11903335993812,2.53061856345401,4.53853638146135,,,,,,4.27610192749028,6.17597267901846,,
1080.4288,,,,,,,1.38392801682863,,1.27222711893384,3.11707144805197,5.24616661919816,,,,,,4.42098445748498,6.3580420582609,,
1081.0288,,,,,,,1.99156158523509,,2.01455494189672,3.71362098676124,4.71004667659786,,,,,,5.05815711335955,6.44570264656007,,
1081.628825,,,,,,,1.49071429156447,,1.64910980022601,3.44857463644816,4.5214805149707,,,,,,4.78083320700849,5.69458632224812,,
1082.22885,,,,,,,0.764728595455478,,1.13377780928901,2.90706188208636,4.21167012260224,,,,,,4.27286653234716,5.5167360955105,,
1082.82885,,,,,,,0.587999336014223,,1.12284988763555,2.65746065232544,4.05558108133819,,,,,,4.16168466202411,6.06414180048586,,
1083.428875,,,,,,,1.70216210666382,,1.62220291198682,3.3071200662715,4.92185467782826,,,,,,4.69660050352948,6.02560029690938,,
1084.0289,,,,,,,1.22016675201208,,1.63970606614231,3.11361977873269,4.16430777722073,,,,,,4.76720655758668,5.75862552487058,,
1084.6289,,,,,,,1.05678208742201,,1.17578094222734,2.4533856157882,4.778854971899,,,,,,4.33629531565478,6.69750976120255,,
1085.228925,,,,,,,0.325270627111346,,1,2.35247258632121,3.31949102091048,,,,,,4,5.10931463147568,,
1085.82895,,,,,,,1.27277693781523,,1.54151221029268,2.76751602044702,4.9828574389784,,,,,,4.58866281322119,6.0007442870227,,
1086.42895,,,,,,,2.26911759391856,,1.81981580838129,2.70477619428773,4.80842254742071,,,,,,5.04232667200456,6.80384909210045,,
1087.028975,,,,,,,1.42224711722616,,1.48219045597934,3.47505764626829,4.40249130482441,,,,,,4.51258556503648,6.13861165475144,,
1087.628975,,,,,,,1.01093601958414,,1.13277269880329,3.23665289003158,3.64380856490477,,,,,,4.25751200618672,6.6236359183743,,
1088.229,,,,,,,0.539554516472418,,1.12578823769578,2.8863453115494,4.42158192101626,,,,,,4.15390276294276,6.03285354544272,,
1088.829025,,,,,,,1.52529600104368,,1.6381627248632,3.40661309858305,4.76364324683991,,,,,,4.81534020095054,6.08003616967631,,
1089.429025,,,,,,,2.07538385353898,,1.68870912681305,3.20981601309047,4.9578291326406,,,,,,4.70967288825684,6.36014688750455,,
1090.02905,,,,,,,1.33896311256463,,1.3010131094789,2.75627542801165,4.54543713633233,,,,,,4.47474331683584,5.76962869613159,,
1090.629075,,,,,,,0.713420820944483,,1.05793789312042,2.5952831604951,4.5428422847173,,,,,,4.32666472104568,5.92739132977287,,
1091.229075,,,,,,,0.905649397305708,,1.48293404418373,3.14023861880971,3.77693418549342,,,,,,4.7270381736787,6.21765149778069,,
1091.8291,,,,,,,1.77703448469311,,1.81292742967547,3.39793728069345,5.04130888853085,,,,,,4.8847159655647,6.84950915189331,,
1092.429125,,,,,,,1.43104028216879,,1.72571116796022,3.23700605077737,4.96602838370342,,,,,,4.77369864381453,7.24366117279062,,
1093.029125,,,,,,,0.902710729235079,,1.00286113369421,2.7720328533864,4.31538178276846,,,,,,4.15222784851782,6.88966707921057,,
1093.62915,,,,,,,1.3114692756837,,1.2761542239814,3.3052847519936,4.25112774395371,,,,,,4.50648587533,6.3784398713102,,
1094.229175,,,,,,,1.78182311587627,,1.74959317318191,2.69728744835559,4.30660057496566,,,,,,5.00202076357182,5.54182194941525,,
1094.829175,,,,,,,1.95088183613976,,1.80629505001981,2.9081078377311,5.01965119779579,,,,,,5.01599185196809,6.19639196680254,,
1095.4292,,,,,,,0.908585501015813,,1.28277562361391,2.31810955318664,4.69003477896963,,,,,,4.57373865722096,6.49061638760761,,
1096.0292,,,,,,,0.860620834573483,,1.07949870706129,2.77207546776689,3.94814610381822,,,,,,4.3011360375163,6.38655770907799,,
1096.629225,,,,,,,1.24914019892962,,1.33660464614929,3.0680634255931,4.51268650447147,,,,,,4.58122188936374,5.96796905857896,,
1097.22925,,,,,,,1.72643642468031,,1.73031806960806,3.5426056271686,4.40960100649809,,,,,,4.74823533293375,5.93228018013047,,
1097.82925,,,,,,,1.65309400206434,,1.69931233025267,3.49482936231618,4.45246287581213,,,,,,4.68308986651925,5.49687742975461,,
1098.429275,,,,,,,1.41480783632094,,1.1704728115781,2.88165515298115,4.45839270014063,,,,,,4.35271649665162,5.99217127925586,,
1099.0293,,,,,,,1.32251728020605,,1.09263131639548,3.07679152213046,4.60816065622456,,,,,,4.297345393659,6.17087061727408,,
1099.6293,,,,,,,1.54924935427333,,1.7392770932426,3.30950604153629,4.31960492493109,,,,,,4.92219821001442,6.40272689218691,,
1100.229325,,,,,,,1.82764917017222,,1.84074260390197,3.45762925323575,4.91789937227885,,,,,,5.07591659724624,6.34156521806482,,
1100.82935,,,,,,,0.830431592312616,,1.23688882142,2.58970154406778,3.78795737383416,,,,,,4.47559568191781,5.80450969862721,,
1101.42935,,,,,,,1.13914963535264,,1.11754994454488,2.49536377343028,4.31727520027206,,,,,,4.13826978908696,6.31441776383517,,
1102.029375,,,,,,,1.15966005541244,,1.6327172775465,3.21061436221624,4.22295873822736,,,,,,4.61252187841075,6.37338905900133,,
1102.629375,,,,,,,1.38506111703602,,1.79052404730807,3.03784562343864,4.83609407945876,,,,,,5.07956465080363,6.15349617664513,,
1103.2294,,,,,,,1.11086761344538,,1.53649933132802,2.74424230384542,4.73206209298374,,,,,,4.62717406645074,5.94056037596853,,
1103.829425,,,,,,,0.725177686927074,,1.1473713062894,2.39855533759175,5.28253969311957,,,,,,4.39895702596007,6.2011089976394,,
1104.429425,,,,,,,1.28233568717694,,1.12078787040228,3.07378004523249,3.92847871748133,,,,,,4.18718023294919,6.16376379636253,,
1105.02945,,,,,,,1.44866883120088,,1.60538914068755,3.09327403816989,3.46670515998056,,,,,,4.81142533556716,6.578717217145,,
1105.629475,,,,,,,2.08800654752233,,1.75591965477088,3.75449922742891,5.15823406068403,,,,,,5.06414481235145,6.26075785200929,,
1106.229475,,,,,,,1.33996696616703,,1.61834569024398,3.57570674921391,4.62565618105771,,,,,,4.55899116083557,6.92886443725056,,
1106.8295,,,,,,,1.19912793310889,,1.20486802056709,2.91282455220191,3.55349774470183,,,,,,4.31873168519435,7.02886856930642,,
1107.429525,,,,,,,1.12632707361096,,1.25576036369971,2.69936299223198,5.56776659158961,,,,,,4.30445525793142,6.04154757223012,,
1108.029525,,,,,,,1.66300940041278,,1.51111181234322,2.71725257488481,5.18377853106009,,,,,,4.71453830473397,6.19209563335274,,
1108.62955,,,,,,,1.99263518059047,,1.8040945309313,3.15667546498285,4.14496381182989,,,,,,5.16037850888592,6.66017868689508,,
1109.229575,,,,,,,1.53483175513219,,1.53427648719529,3.34638693565564,4.21331155674919,,,,,,4.83656753981807,6.02061754226705,,
1109.829575,,,,,,,0.737660938920668,,1.08099250863351,2.51410645909812,4.09498968657083,,,,,,4.1762426211833,5.5367998003425,,
1110.4296,,,,,,,1.08305800139059,,1.39397443039447,3.08294208115028,4.58037284274756,,,,,,4.52038618080529,5.8644852248562,,
1111.0296,,,,,,,1.49109234999923,,1.66048446088361,2.83931657126707,3.40887136448326,,,,,,4.80707497029001,6.28503883416897,,
1111.629625,,,,,,,1.31022903890732,,1.63838464941693,2.84473652419832,4.70116799346549,,,,,,4.93848543238626,6.58566523384308,,
1112.22965,,,,,,,1.42508498219223,,1.39294618112011,3.30230311941294,4.90279921010292,,,,,,4.61187336893791,6.86926169060372,,
1112.82965,,,,,,,1.14025077811257,,1.24740657233579,2.93981860083911,4.70271952143031,,,,,,4.48679335318894,6.46521848042206,,
1113.429675,,,,,,,1.09337297214026,,1.46157147770391,3.03267198127907,5.04842255254789,,,,,,4.72580331051478,6.75094961184056,,
1114.0297,,,,,,,1.11912529195505,,1.35509145127645,2.5929976974539,4.70176026335856,,,,,,4.6947444395068,6.88308174581187,,
1114.6297,,,,,,,1.65293103303917,,1.63028468762906,3.14035922094087,4.78593657482218,,,,,,4.92444814477751,5.81166781997134,,
1115.229725,,,,,,,1.36845821281496,,1.31725467125822,2.71480630803402,4.2389543242657,,,,,,4.47284628112638,6.02873377063728,,
1115.82975,,,,,,,0.839019205897142,,1.26629790717022,2.80726060681114,4.31392118575049,,,,,,4.55424213484025,6.46331133870967,,
1116.42975,,,,,,,0.982031693254546,,1.32952350715246,2.67559524475755,4.36179907697551,,,,,,4.52942620843919,6.26141605027212,,
1117.029775,,,,,,,1.69347144757793,,1.56929196126134,3.20574713450001,4.49578648703155,,,,,,4.79982344632319,6.78014615640134,,
1117.629775,,,,,,,1.93778163043165,,1.96732038065967,3.27718817163586,4.11472983155318,,,,,,5.01226429396824,6.53617264908291,,
1118.2298,,,,,,,0.903638876415599,,1.41041565911242,2.83036940274539,5.23989254415514,,,,,,4.59052826035532,5.93942766547097,,
1118.829825,,,,,,,0.681816124948178,,1.14719880516389,2.37721110541044,4.33325666372315,,,,,,4.16096428376245,6.61186086946411,,
1119.429825,,,,,,,0.5605482398007,,1.52491498429919,2.46889140585815,4.43387107215632,,,,,,4.66602822893519,6.59690956019734,,
1120.02985,,,,,,,1.0754304218393,,1.8593531226632,2.86126474869775,4.62872828313033,,,,,,5.08054708648317,6.57762162422735,,
1120.629875,,,,,,,1.14852106679107,,1.66285976420889,3.70541571391825,4.40070573453175,,,,,,4.70946104497888,5.95826372092755,,
1121.229875,,,,,,,1.30440426996239,,1.22974066966231,2.68175154610963,3.43316468562899,,,,,,4.40403153053102,5.69245564186157,,
1121.8299,,,,,,,0.875950117778395,,1.16290537963596,2.82217694614803,4.29580429819974,,,,,,4.40863647141548,6.12552948670135,,
1122.429925,,,,,,,1.00252888076009,,1.34704582933004,3.09910976334214,4.45284210856628,,,,,,4.49496516162487,6.28195534313394,,
1123.029925,,,,,,,1.32881159464838,,1.98620742210268,3.48191577328285,4.73413163554254,,,,,,5.0253871313531,6.32449617506032,,
1123.62995,,,,,,,1.4641523812685,,1.73282890301906,3.52371679473204,4.75972848307996,,,,,,4.93806409387947,7.07358639979352,,
1124.229975,,,,,,,1.03167441603661,,1.19034745567112,2.65550305710326,4.34634750312594,,,,,,4.37016830933931,6.00150360508008,,
1124.829975,,,,,,,0.308065481062388,,1.21346164632442,3.16031872105424,4.76628340723018,,,,,,4.43960805421865,6.77746268775855,,
1125.43,,,,,,,1.71700958237289,,1.64470567827809,2.91361096117046,4.87863604493276,,,,,,5.18435948817097,6.57493323474858,,
1126.03,,,,,,,2.09820183125901,,1.87721037247073,3.57794696981674,4.63582683600905,,,,,,5.09969233758828,5.95939107895023,,
1126.630025,,,,,,,1.5482157581415,,1.4865841111985,3.5113064218768,5.00312372527974,,,,,,4.67950266382534,6.89172478937107,,
1127.23005,,,,,,,0.892935235543085,,1.25218638015692,2.9152152375151,3.62944414913797,,,,,,4.48808514580784,6.1407644250401,,
1127.83005,,,,,,,0.430230287949715,,1.32248807031905,2.64828053322595,3.99238882698793,,,,,,4.65781938664469,6.04879293422451,,
1128.430075,,,,,,,1.30556000221889,,1.75343331232159,3.42905896977996,4.42880646237458,,,,,,5.03304241487919,6.42488227489623,,
1129.0301,,,,,,,2.24253340333478,,1.95828896032963,3.14694051084242,4.51968591184114,,,,,,5.08195430678117,6.95035124424532,,
1129.6301,,,,,,,1.15527320404196,,1.443329972394,2.97595992206463,4.59398054198149,,,,,,4.70690128353716,6.55615916176516,,
1130.230125,,,,,,,0.856301570044316,,1.27606327820682,2.99823508387346,4.99637684375535,,,,,,4.41287827037071,6.76157732880824,,
1130.83015,,,,,,,0.96032587505488,,1.42478124720209,2.68041436523921,4.57597489823242,,,,,,4.50087344489559,6.62587327561078,,
1131.43015,,,,,,,1.86309313863485,,1.80054892067114,3.70236426249035,4.53970837409807,,,,,,4.97859707401749,6.23187255208782,,
1132.030175,,,,,,,2.21429278561772,,1.90693266004643,3.79759772970419,5.87327034402637,,,,,,5.40944110389126,6.16371402954806,,
1132.630175,,,,,,,1.28493747941807,,1.45107364207671,2.9923329159858,3.85917766407433,,,,,,4.69616202107113,6.32973655182904,,
1133.2302,,,,,,,0.544083972843294,,1.12181310078595,2.79622393192708,3.56584417038476,,,,,,4.41289860655965,5.47297598468157,,
1133.830225,,,,,,,0.865282930967618,,1.42063766180655,3.00009436896726,4.17466024797877,,,,,,4.61979473419953,6.54858648364874,,
1134.430225,,,,,,,2.09079249679353,,1.87926730565341,3.56850672806409,6.05681755159831,,,,,,5.22092925852716,6.68355693487853,,
1135.03025,,,,,,,2.32427651210667,,1.90945249034607,3.56944349374633,3.80719318929775,,,,,,5.36201298097616,6.33798430156013,,
1135.630275,,,,,,,1.64658137727941,,1.45900412621329,3.10375139835271,5.05253672896739,,,,,,4.77663439635542,6.50367899798246,,
1136.230275,,,,,,,0.848306684224543,,1.3645102124193,2.56064267497064,4.52758428047174,,,,,,4.5293231659651,6.44467188526235,,
1136.8303,,,,,,,0.720899159019547,,1.19460891754025,2.39206800164498,3.73561532158489,,,,,,4.36483643295644,5.40133577073214,,
1137.430325,,,,,,,1.08440166470598,,1.64591434194746,3.11039375816318,4.60095531661266,,,,,,4.99620217331696,5.86130044224582,,
1138.030325,,,,,,,2.03667272648641,,1.90204225832186,3.26504203230039,4.94560398632775,,,,,,5.21025160564153,6.51722975994943,,
1138.63035,,,,,,,1.44820489472455,,1.5915230424432,3.50080390647502,5.3991518386317,,,,,,4.94143016329764,5.77061622040747,,
1139.230375,,,,,,,1.05453276696208,,1.18679812588342,2.82541859931236,4.00470949516596,,,,,,4.41630170198258,6.64138673064788,,
1139.830375,,,,,,,0.473184061736566,,1.21707554784629,3.07989137609494,5.23707238277961,,,,,,4.48468702223405,6.07558519686116,,
1140.4304,,,,,,,1.81719147065072,,1.59025682292033,3.36616366703234,4.62362579372065,,,,,,5.01385309442194,5.79343849719716,,
1141.0304,,,,,,,2.06614718588193,,1.83284236324173,4.07058764865262,4.4846944746882,,,,,,5.12664497881731,6.106878285979,,
1141.630425,,,,,,,1.86943332910959,,1.85909678007425,3.75108965606587,4.26346918828384,,,,,,5.39514385078876,6.63605074382894,,
1142.23045,,,,,,,1.01808939157009,,1.59222935761545,2.97241797925229,4.43513000227136,,,,,,5.00532829770309,6.23706292380312,,
1142.83045,,,,,,,1.40322721038538,,1.28408821719963,2.59735429326337,4.29816096017264,,,,,,4.54620953045415,6.14462820408448,,
1143.430475,,,,,,,0.713021097796393,,1.3556538363353,2.73594779915469,5.00477810717805,,,,,,4.60786478402554,6.12520263642662,,
1144.0305,,,,,,,2.02333834594853,,1.81551852269237,2.98212852743381,4.56521641588006,,,,,,4.93276665901434,6.15832885283156,,
1144.6305,,,,,,,1.49778281168055,,1.98566634626843,3.32892427967901,4.55590604057521,,,,,,5.39433937983784,5.85125772571781,,
1145.230525,,,,,,,1.20683216546433,,1.65002368758016,2.96680890279785,5.05971027352405,,,,,,5.04214967905289,6.3335913465082,,
1145.83055,,,,,,,0.551587162644686,,1.34767253284189,2.85050752698183,4.31829008242938,,,,,,4.65141364861615,6.10379318286677,,
1146.43055,,,,,,,1.26084819170389,,1.27910813259586,2.5129708719297,4.23495505641612,,,,,,4.46676823342632,6.92936647118119,,
1147.030575,,,,,,,1.81505571182265,,1.72735113639075,3.21242672412327,4.72184016163776,,,,,,4.98083158958827,7.02408183153754,,
1147.630575,,,,,,,2.2815148310243,,1.98581882356287,3.38627711600426,4.46786521451101,,,,,,5.39504835382061,6.41619833144979,,
1148.2306,,,,,,,1.06979578573947,,1.76892071731776,3.32313533178994,3.78816214823454,,,,,,4.97452180601144,5.96263637599473,,
1148.830625,,,,,,,1.28726097547,,1.42964810821465,3.05873361163844,4.96900790827277,,,,,,4.69996475503366,6.45721761508986,,
1149.430625,,,,,,,1.0673714467633,,1.24533380954581,2.838460541735,4.02851207000034,,,,,,4.40222158245601,6.75521063012579,,
1150.03065,,,,,,,1.35108231097185,,1.47574337142552,2.8556937858635,5.41252894377132,,,,,,4.70090061183796,5.85079295640776,,
1150.630675,,,,,,,1.75165468091324,,1.84735540498164,3.65467668603815,5.26647623198,,,,,,5.08130362004029,5.87031420199075,,
1151.230675,,,,,,,2.42057879969414,,1.93744714548895,3.61547428941921,3.68660502059537,,,,,,5.22653322973292,6.2195125082823,,
1151.8307,,,,,,,1.98905140149463,,1.69618521791136,3.37691205561805,4.97269734205106,,,,,,4.97078544247685,6.53436415255168,,
1152.430725,,,,,,,0.796482421804479,,1.2775925447337,2.62811738890608,3.8103457691117,,,,,,4.61747628891568,6.06065750610842,,
1153.030725,,,,,,,0.763332908461856,,1.26972252195329,2.43754116048403,4.41193628510269,,,,,,4.56070711935364,5.99976050245954,,
1153.63075,,,,,,,1.3218759635488,,1.54205497599203,2.44716403206635,4.17050424187559,,,,,,4.79958248322738,5.98039263905131,,
1154.230775,,,,,,,2.42713004451665,,2.01517781604063,3.3254994715533,5.00352942270976,,,,,,5.38929666450808,5.68017381035815,,
1154.830775,,,,,,,1.23593411358168,,1.78534176137168,3.28921857657575,4.29193638748875,,,,,,5.16886241561166,6.66311615064451,,
1155.4308,,,,,,,0.638280585698266,,1.39223863620306,2.57205638243513,4.44843919555091,,,,,,4.62797070643864,5.94119216193457,,
1156.0308,,,,,,,1.20404178018219,,1.30084785357594,2.89384934102547,4.06062192597821,,,,,,4.57152682291029,6.33356542217911,,
1156.630825,,,,,,,0.832517395692877,,1.50290891306892,2.75951900808903,4.69965794329115,,,,,,4.78413985612647,5.44839129154333,,
1157.23085,,,,,,,1.51326917008361,,1.83871992234834,2.99562206201527,4.21610546945469,,,,,,5.08267120562523,6.80364968153469,,
1157.83085,,,,,,,2.0364688997353,,1.99125955442529,3.90460549022501,4.9198102317718,,,,,,5.38354412042926,6.07475516929082,,
1158.430875,,,,,,,1.80261957941941,,1.66775007855203,3.80164416612727,3.80032342565823,,,,,,4.81812949643176,6.39303979017128,,
1159.0309,,,,,,,1.4381888495141,,1.31952320178423,2.91928793445003,4.38692678618828,,,,,,4.62199482567197,5.88992144763294,,
1159.6309,,,,,,,1.05537296138461,,1.26416427980834,3.39400682602924,4.34534391817821,,,,,,4.63837796247007,6.38651031599515,,
1160.230925,,,,,,,1.68176166398536,,1.77881928996513,3.14747419541772,4.8564650323869,,,,,,4.93755669284462,6.47770197520864,,
1160.83095,,,,,,,2.22500648573496,,1.90630426066364,3.35742003073502,4.99626415980983,,,,,,5.21691787214803,6.53114882023578,,
1161.43095,,,,,,,1.72175831737174,,1.53488125151262,3.14253790526559,3.83156680830713,,,,,,4.78003114684171,5.97490308543955,,
1162.030975,,,,,,,0.860303998242524,,1.16841218115102,2.62385149111575,4.05190102077005,,,,,,4.2707928773609,6.27333216935146,,
1162.630975,,,,,,,1.31454514495404,,1.37113091646138,2.67376537141725,4.50960455157099,,,,,,4.66570598792895,5.97828833783197,,
1163.231,,,,,,,1.33102605510706,,1.64524953665457,3.53111546359579,4.83930546732725,,,,,,4.97909005230919,5.7389263958578,,
1163.831025,,,,,,,2.04903978236643,,2.01569152308952,3.95156168499679,4.35192767647762,,,,,,5.49093501497176,5.87340385909369,,
1164.431025,,,,,,,1.47405373467242,,1.6978653668458,2.78560794728744,4.2316849604783,,,,,,4.93924042883506,6.45798898427802,,
1165.03105,,,,,,,1.02915848664388,,1.45875452160134,2.86893310986137,3.53751733880905,,,,,,4.6918177889267,6.05189267126055,,
1165.631075,,,,,,,0.983591086796595,,1.24916840378237,2.57965896157258,4.50485465588067,,,,,,4.44755319795461,5.94288991666598,,
1166.231075,,,,,,,1.36643338806194,,1.60937960338781,3.59649105622266,4.78256005261674,,,,,,5.11236112140878,6.45198387479882,,
1166.8311,,,,,,,2.02501477620291,,2.00051688171805,3.8954333537584,4.03556495208997,,,,,,5.26253455782647,6.43337740861575,,
1167.431125,,,,,,,1.4465557218142,,1.82702851763608,3.48013427901037,4.30073821047609,,,,,,4.87205588854033,6.38628709101123,,
1168.031125,,,,,,,1.4286627591956,,1.31765175517473,2.97694693085155,4.69733993611347,,,,,,4.64355632836624,6.28877134955857,,
1168.63115,,,,,,,1.06279447500967,,1.25422472667855,2.57455214204386,4.22474813412895,,,,,,4.5123472981165,5.60281726885594,,
1169.231175,,,,,,,1.20849415217645,,1.34077787522718,2.89495258307816,3.94877360663772,,,,,,4.64843613823943,5.6193742769622,,
1169.831175,,,,,,,1.46005014706869,,1.90152113109481,2.86722704571246,3.8520378463399,,,,,,5.02814685486203,5.88832944198027,,
1170.4312,,,,,,,1.6792159497495,,1.75490148189996,2.9512060427072,3.88163271635459,,,,,,5.12411988322033,6.4917583578421,,
1171.0312,,,,,,,1.16685546176745,,1.31640280444025,2.70071905565072,3.95105050996007,,,,,,4.59954690264881,6.39792386768859,,
1171.631225,,,,,,,0.802120681586565,,1.18041213019253,2.77436016052044,4.89368597378241,,,,,,4.55022638233062,6.18991048763691,,
1172.23125,,,,,,,1.12936444445678,,1.45650449092182,3.19923281931673,4.55886807575972,,,,,,4.70517299349272,6.73175642509221,,
1172.83125,,,,,,,1.25784925175358,,1.79347995726985,3.26817591196096,4.42207572177543,,,,,,5.08588853932772,5.73061808438325,,
1173.431275,,,,,,,2.10080349470194,,1.71547393872121,2.74303071777258,4.63858416451092,,,,,,4.84361907176818,6.66849216607541,,
1174.0313,,,,,,,1.76566463685446,,1.46962695115704,2.8908069529586,5.16249006161852,,,,,,4.70937130072509,6.26637499582564,,
1174.6313,,,,,,,0.865682642699448,,1.26557428381929,2.57758169743681,3.96868215318666,,,,,,4.44266561797399,6.11725987513466,,
1175.231325,,,,,,,0.953140170588387,,1.37389317929486,2.26186792293422,3.5991693753086,,,,,,4.56920047066691,5.59794678760281,,
1175.83135,,,,,,,2.06925050631228,,1.87627685830448,3.24271475700473,5.39975199494309,,,,,,5.13523937614491,6.31757971216921,,
1176.43135,,,,,,,2.0817753313072,,1.95633473031687,3.55946299626513,4.62133868569429,,,,,,5.1793998878993,7.15063185668757,,
1177.031375,,,,,,,1.51754999838736,,1.38762423267332,3.2296454718013,4.49691825568258,,,,,,4.70259755864417,5.19840691714965,,
1177.631375,,,,,,,0.308757871147272,,1.20532670782378,2.91943608479243,4.41189343291909,,,,,,4.50258765109817,6.24403719277713,,
1178.2314,,,,,,,1.03507561516265,,1.34886251606395,2.64676679100868,4.18405618251652,,,,,,4.59373164450075,5.49263028500257,,
1178.831425,,,,,,,1.65535717948204,,1.84318096785796,2.80358584312808,4.5196370706806,,,,,,5.17150108817612,6.12958398266385,,
1179.431425,,,,,,,1.87195364370257,,1.73299763410694,3.65553209863278,5.10801540522105,,,,,,4.9679824911853,6.36568701721742,,
1180.03145,,,,,,,1.69401398525596,,1.54395000741166,3.06596321100233,4.01131497344451,,,,,,4.77268580427851,6.82981857019596,,
1180.631475,,,,,,,0.868311558666824,,1.30102985202452,2.86241882389899,4.07170862511126,,,,,,4.53781912754472,6.42950023098323,,
1181.231475,,,,,,,1.00517583928048,,1.35268883301564,3.08199455004535,4.27928516541788,,,,,,4.68234312316192,5.98836703399495,,
1181.8315,,,,,,,1.09836656038657,,1.53323894590742,3.09627608137745,4.7863867225211,,,,,,4.70350851138544,6.6604024041984,,
1182.431525,,,,,,,1.22433034427331,,1.89912519762924,3.06650585397423,4.09521577594968,,,,,,5.11764505016695,6.69310095336381,,
1183.031525,,,,,,,1.77799006936819,,1.71569200235862,3.81824448885704,4.17395701422493,,,,,,5.22795338266625,6.46421676254413,,
1183.63155,,,,,,,0.624941457172495,,1.07485904838737,3.2184760513202,4.0848315445466,,,,,,4.32299684936416,5.90786426206575,,
1184.231575,,,,,,,1.3847272905303,,1.32853485658613,2.81598326502179,4.91691059832679,,,,,,4.60239941019126,6.38783320860662,,
1184.831575,,,,,,,0.941365675247276,,1.6750613859159,3.08921002678451,4.97529292334263,,,,,,5.02351835787284,6.13112990000968,,
1185.4316,,,,,,,2.28515879437915,,1.846039156442,3.46352817633218,5.31152954274686,,,,,,5.27748094762799,6.55179548455062,,
1186.0316,,,,,,,1.64284592225581,,1.67103769828108,2.92131791534392,4.37117015132242,,,,,,4.95651603412009,6.4446868176208,,
1186.631625,,,,,,,0.929683791768607,,1.21892635329218,2.57239955134134,4.73003850521884,,,,,,4.42690361841045,6.68392440201551,,
1187.23165,,,,,,,0.67876119193254,,1.24411359591548,2.85341218621415,4.58021815196648,,,,,,4.59063613445344,5.28611355641116,,
1187.83165,,,,,,,1.64733431108716,,1.56313766842416,3.4102066436144,4.43241950691514,,,,,,4.59601469026465,6.0149037944662,,
1188.431675,,,,,,,2.11892296843773,,1.94321951382512,3.25947101481345,4.13536656452611,,,,,,5.0979081342132,6.40642637942146,,
1189.0317,,,,,,,1.35360334771986,,1.46546461025501,3.29937785955768,4.50273808844443,,,,,,4.70143318653511,6.00487736278409,,
1189.6317,,,,,,,0.458869900415861,,1.0817803702172,2.29091821279375,4.54426617653873,,,,,,4.22425510538609,5.96850545962669,,
1190.231725,,,,,,,0.990504908358625,,1.2847963076592,3.08844484419926,4.8195347368672,,,,,,4.54269934144662,6.26243484802363,,
1190.83175,,,,,,,2.08401099589214,,1.77889525987468,3.16308671875276,4.79977511804345,,,,,,5.04546510631909,6.49267147889688,,
1191.43175,,,,,,,1.48829978763481,,1.94533000513185,3.95327046172547,4.08795248392936,,,,,,5.13781873588553,6.76640374369287,,
1192.031775,,,,,,,1.7551351958323,,1.52810005399154,2.81080753023619,3.81727147715025,,,,,,4.75531290960017,7.04748537171401,,
1192.631775,,,,,,,0.599856741753169,,1.23472569206397,2.84935223891292,3.93965766559918,,,,,,4.42754552889127,5.59449652215888,,
1193.2318,,,,,,,0.903390801128104,,1.18801807096927,2.33126493143305,4.43006712800374,,,,,,4.39411132288232,6.93877633768761,,
1193.831825,,,,,,,1.96885349989116,,1.64121759715962,3.66609966688378,4.35066058027323,,,,,,5.06152997747127,6.29313255585318,,
1194.431825,,,,,,,2.17323135626588,,1.91917976472813,3.55169028053274,4.94272033802346,,,,,,5.20002135506111,6.16818912977131,,
1195.03185,,,,,,,1.45485389473419,,1.70573625697668,3.15818609592092,4.14690626718307,,,,,,4.95396950849318,6.62601777125986,,
1195.631875,,,,,,,0.928459056312416,,1.4273416637813,2.78467463762816,4.39280929570898,,,,,,4.66654490932967,6.20830636304347,,
1196.231875,,,,,,,0.84720681014213,,1.2050999764199,3.17244952288626,4.43112748540465,,,,,,4.3546648130743,6.23050648013218,,
1196.8319,,,,,,,1.36262127207045,,1.43190613947823,3.6010646927828,5.00733210631208,,,,,,4.58495305608639,6.20404056635198,,
1197.431925,,,,,,,2.30275642498732,,1.85998085035415,3.20197956930614,4.77634448769106,,,,,,5.1239298960207,6.24142000542871,,
1198.031925,,,,,,,1.50407915117284,,1.74531036629177,3.4499326892192,4.13656726107514,,,,,,5.16299822924753,6.52554283041225,,
1198.63195,,,,,,,1.5621712736243,,1.51044333113672,3.28793521819811,3.88382987589815,,,,,,4.76589209961755,6.6554456551127,,
1199.231975,,,,,,,0.964879158643218,,1.1284848122962,2.52107116310376,4.05987222924972,,,,,,4.35577667331484,6.98487972695705,,
1199.831975,,,,,,,1.07869693825373,,1.26225559433742,2.60537390798735,4.91216428244907,,,,,,4.45689448012044,6.22678815707559,,
