Time (s),"Primary somatosensory area, barrel field (L)","Primary somatosensory area, barrel field (R)","Primary somatosensory area, lower limb (L)","Primary somatosensory area, lower limb (R)",Supplemental somatosensory area (L),Supplemental somatosensory area (R),Olfactory areas (L),Olfactory areas (R),Hippocampal formation (L),Hippocampal formation (R),Cortical subplate (L),Cortical subplate (R),Striatum (L),Striatum (R),Pallidum (L),Pallidum (R),Thalamus (L),Thalamus (R),Hypothalamus (L),Hypothalamus (R)
0.4,,,,,,,,,3.19573481520188,2.85029394411548,,,,,,,,,,
0.8,,,,,,,,,2.61991841128558,3.42611034803178,,,,,,,,,,
1.2,,,,,,,,,2.84404561425122,3.20198314506614,,,,,,,,,,
1.6,,,,,,,,,3.9899699711365,2.05605878818086,,,,,,,,,,
2,,,,,,,,,3.92052641991305,2.12550233940431,,,,,,,,,,
2.4,,,,,,,,,2.97425934165508,3.07176941766228,,,,,,,,,,
2.8,,,,,,,,,2.26010849789754,3.78592026141982,,,,,,,,,,
3.2,,,,,,,,,3.94793544987984,2.09809330943752,,,,,,,,,,
3.6,,,,,,,,,3.4060216645863,2.64000709473106,,,,,,,,,,
4,,,,,,,,,2.64795267760902,3.39807608170834,,,,,,,,,,
4.4,,,,,,,,,3.01443066056378,3.03159809875359,,,,,,,,,,
4.8,,,,,,,,,3.39755270121826,2.6484760580991,,,,,,,,,,
5.2,,,,,,,,,2.9856179332215,3.06041082609586,,,,,,,,,,
5.6,,,,,,,,,3.13402554223217,2.91200321708519,,,,,,,,,,
6,,,,,,,,,2.78831660664856,3.2577121526688,,,,,,,,,,
6.4,,,,,,,,,2.69157621885796,3.3544525404594,,,,,,,,,,
6.8,,,,,,,,,3.4161408866728,2.62988787264455,,,,,,,,,,
7.2,,,,,,,,,3.20572768251881,2.84030107679855,,,,,,,,,,
7.6,,,,,,,,,3.21189567011854,2.83413308919882,,,,,,,,,,
8,,,,,,,,,3.25916555805922,2.78686320125814,,,,,,,,,,
8.4,,,,,,,,,2.74599145287833,3.30003730643903,,,,,,,,,,
8.8,,,,,,,,,2.9453175285449,3.10071123077246,,,,,,,,,,
9.2,,,,,,,,,2.51505293456191,3.53097582475545,,,,,,,,,,
9.6,,,,,,,,,2.99833321440137,3.04769554491599,,,,,,,,,,
10,,,,,,,,,3.53855470141924,2.50747405789812,,,,,,,,,,
10.4,,,,,,,,,4.18427297320702,1.86175578611034,,,,,,,,,,
10.8,,,,,,,,,2.64131633004981,3.40471242926755,,,,,,,,,,
11.2,,,,,,,,,2.86466733867145,3.18136142064591,,,,,,,,,,
11.6,,,,,,,,,3.0574463369899,2.98858242232746,,,,,,,,,,
12,,,,,,,,,4.19033862215957,1.85569013715779,,,,,,,,,,
12.4,,,,,,,,,2.61083855214753,3.43519020716983,,,,,,,,,,
12.8,,,,,,,,,3.19789923110554,2.84812952821182,,,,,,,,,,
13.2,,,,,,,,,3.04093052086906,3.0050982384483,,,,,,,,,,
13.6,,,,,,,,,4.16954191374706,1.8764868455703,,,,,,,,,,
14,,,,,,,,,3.07163003559707,2.97439872372029,,,,,,,,,,
14.4,,,,,,,,,2.95928911862066,3.0867396406967,,,,,,,,,,
14.8,,,,,,,,,3.30386205609366,2.7421667032237,,,,,,,,,,
15.2,,,,,,,,,3.89827279342334,2.14775596589402,,,,,,,,,,
15.6,,,,,,,,,2.73133438032301,3.31469437899436,,,,,,,,,,
16,,,,,,,,,1.84509938970353,4.20092936961383,,,,,,,,,,
16.4,,,,,,,,,3.96866235847717,2.07736640084019,,,,,,,,,,
16.8,,,,,,,,,1.73315846398129,4.31287029533607,,,,,,,,,,
17.2,,,,,,,,,2.69207628484221,3.35395247447515,,,,,,,,,,
17.6,,,,,,,,,1.64989365071338,4.39613510860398,,,,,,,,,,
18,,,,,,,,,2.96388797583281,3.08214078348455,,,,,,,,,,
18.4,,,,,,,,,3.15551086434456,2.8905178949728,,,,,,,,,,
18.8,,,,,,,,,2.29127450068212,3.75475425863524,,,,,,,,,,
19.2,,,,,,,,,1.80317749843901,4.24285126087835,,,,,,,,,,
19.6,,,,,,,,,3.19285028549781,2.85317847381955,,,,,,,,,,
20,,,,,,,,,2.96966488887759,3.07636387043977,,,,,,,,,,
20.4,,,,,,,,,1.71827528991582,4.32775346940154,,,,,,,,,,
20.8,,,,,,,,,3.41982728473957,2.62620147457779,,,,,,,,,,
21.2,,,,,,,,,2.80853628702036,3.237492472297,,,,,,,,,,
21.6,,,,,,,,,3.18463593300576,2.8613928263116,,,,,,,,,,
22,,,,,,,,,2.95075688968087,3.09527186963649,,,,,,,,,,
22.4,,,,,,,,,2.28188133772718,3.76414742159018,,,,,,,,,,
22.8,,,,,,,,,2.05387298341331,3.99215577590405,,,,,,,,,,
23.2,,,,,,,,,3.52111741468561,2.52491134463175,,,,,,,,,,
23.6,,,,,,,,,3.6576185987635,2.38841016055386,,,,,,,,,,
24,,,,,,,,,3.31898354792805,2.72704521138931,,,,,,,,,,
24.4,,,,,,,,,3.23048181692959,2.81554694238777,,,,,,,,,,
24.8,,,,,,,,,2.51602601135553,3.53000274796183,,,,,,,,,,
25.2,,,,,,,,,2.48306724200718,3.56296151731018,,,,,,,,,,
25.6,,,,,,,,,2.49325679539148,3.55277196392588,,,,,,,,,,
26,,,,,,,,,3.77832955586556,2.2676992034518,,,,,,,,,,
26.4,,,,,,,,,2.76515015488853,3.28087860442883,,,,,,,,,,
26.8,,,,,,,,,1.60803880458263,4.43798995473473,,,,,,,,,,
27.2,,,,,,,,,3.4450525057602,2.60097625355716,,,,,,,,,,
27.6,,,,,,,,,2.86801774633475,3.17801101298261,,,,,,,,,,
28,,,,,,,,,3.51329071925195,2.53273804006541,,,,,,,,,,
28.4,,,,,,,,,2.42497286478932,3.62105589452804,,,,,,,,,,
28.8,,,,,,,,,3.06706707723561,2.97896168208174,,,,,,,,,,
29.2,,,,,,,,,3.34838358796233,2.69764517135503,,,,,,,,,,
29.6,,,,,,,,,3.21659804094262,2.82943071837474,,,,,,,,,,
30,,,,,,,,,2.07993339333594,3.96609536598142,,,,,,,,,,
30.4,,,,,,,,,2.66126064429358,3.38476811502378,,,,,,,,,,
30.8,,,,,,,,,2.5599686146768,3.48606014464056,,,,,,,,,,
31.2,,,,,,,,,3.23377979333213,2.81224896598523,,,,,,,,,,
31.6,,,,,,,,,2.26025825824898,3.78577050106838,,,,,,,,,,
32,,,,,,,,,2.49342384576123,3.55260491355613,,,,,,,,,,
32.4,,,,,,,,,1.8344266317987,4.21160212751866,,,,,,,,,,
32.8,,,,,,,,,2.15803620664105,3.88799255267631,,,,,,,,,,
33.2,,,,,,,,,3.32138347195465,2.72464528736271,,,,,,,,,,
33.6,,,,,,,,,2.9847666986424,3.06126206067496,,,,,,,,,,
34,,,,,,,,,1.88516590742351,4.16086285189385,,,,,,,,,,
34.4,,,,,,,,,3.73811125324493,2.30791750607243,,,,,,,,,,
34.8,,,,,,,,,2.76765897297699,3.27836978634037,,,,,,,,,,
35.2,,,,,,,,,3.31783400528679,2.72819475403057,,,,,,,,,,
35.6,,,,,,,,,3.76096599230929,2.28506276700807,,,,,,,,,,
36,,,,,,,,,2.58479653597357,3.46123222334379,,,,,,,,,,
36.4,,,,,,,,,1.80636043325667,4.23966832606069,,,,,,,,,,
36.8,,,,,,,,,1.41639526712785,4.62963349218951,,,,,,,,,,
37.2,,,,,,,,,2.83177834432154,3.21425041499582,,,,,,,,,,
37.6,,,,,,,,,3.19806709289796,2.8479616664194,,,,,,,,,,
38,,,,,,,,,2.78885069870208,3.25717806061528,,,,,,,,,,
38.4,,,,,,,,,2.53328021501322,3.51274854430414,,,,,,,,,,
38.8,,,,,,,,,2.53994145877368,3.50608730054368,,,,,,,,,,
39.2,,,,,,,,,2.40595874268138,3.64007001663598,,,,,,,,,,
39.6,,,,,,,,,3.07159464924245,2.97443411007491,,,,,,,,,,
40,,,,,,,,,0.881727284899217,5.16430147441815,,,,,,,,,,
40.4,,,,,,,,,1.74142760510962,4.30460115420774,,,,,,,,,,
40.8,,,,,,,,,2.98083039932635,3.06519835999101,,,,,,,,,,
41.2,,,,,,,,,2.45035256031292,3.59567619900444,,,,,,,,,,
41.6,,,,,,,,,3.13268178213257,2.91334697718479,,,,,,,,,,
42,,,,,,,,,2.91015152390056,3.1358772354168,,,,,,,,,,
42.400025,,,,,,,,,2.18295570484262,3.86307305447474,,,,,,,,,,
42.800025,,,,,,,,,3.14024261560218,2.90578614371518,,,,,,,,,,
43.200025,,,,,,,,,2.57847008737672,3.46755867194064,,,,,,,,,,
43.600025,,,,,,,,,1.85229979530965,4.19372896400771,,,,,,,,,,
44.000025,,,,,,,,,1.09203873593609,4.95399002338127,,,,,,,,,,
44.400025,,,,,,,,,2.11910062770986,3.9269281316075,,,,,,,,,,
44.800025,,,,,,,,,3.13519301117908,2.91083574813828,,,,,,,,,,
45.200025,,,,,,,,,2.28983950170086,3.7561892576165,,,,,,,,,,
45.600025,,,,,,,,,1.89558118618995,4.15044757312741,,,,,,,,,,
46.000025,,,,,,,,,3.0222526273623,3.02377613195506,,,,,,,,,,
46.400025,,,,,,,,,2.32367822581062,3.72235053350674,,,,,,,,,,
46.800025,,,,,,,,,1.72229914705156,4.3237296122658,,,,,,,,,,
47.200025,,,,,,,,,2.42242936480597,3.62359939451139,,,,,,,,,,
47.600025,,,,,,,,,2.13063485266049,3.91539390665687,,,,,,,,,,
48.000025,,,,,,,,,2.82731839676134,3.21871036255602,,,,,,,,,,
48.400025,,,,,,,,,2.36321226763013,3.68281649168723,,,,,,,,,,
48.800025,,,,,,,,,2.33588158967922,3.71014716963814,,,,,,,,,,
49.200025,,,,,,,,,2.41078035582442,3.63524840349294,,,,,,,,,,
49.600025,,,,,,,,,2.23140392926457,3.81462483005279,,,,,,,,,,
50.000025,,,,,,,,,2.60340648687439,3.44262227244297,,,,,,,,,,
50.400025,,,,,,,,,1.1528746661834,4.89315409313396,,,,,,,,,,
50.800025,,,,,,,,,2.90727107557164,3.13875768374572,,,,,,,,,,
51.200025,,,,,,,,,3.06519839013233,2.98083036918503,,,,,,,,,,
51.600025,,,,,,,,,2.79118902137368,3.25483973794368,,,,,,,,,,
52.000025,,,,,,,,,3.03881160579423,3.00721715352313,,,,,,,,,,
52.400025,,,,,,,,,2.8858744948456,3.16015426447176,,,,,,,,,,
52.800025,,,,,,,,,1.72602814133799,4.32000061797937,,,,,,,,,,
53.200025,,,,,,,,,2.38813004269217,3.65789871662519,,,,,,,,,,
53.600025,,,,,,,,,2.35376701883468,3.69226174048268,,,,,,,,,,
54.000025,,,,,,,,,2.45794795707768,3.58808080223968,,,,,,,,,,
54.400025,,,,,,,,,1.36037566452235,4.68565309479501,,,,,,,,,,
54.800025,,,,,,,,,2.69697460901842,3.34905415029894,,,,,,,,,,
55.200025,,,,,,,,,1.74034371982053,4.30568503949682,,,,,,,,,,
55.600025,,,,,,,,,3.38351594844555,2.66251281087181,,,,,,,,,,
56.000025,,,,,,,,,2.18869925586016,3.8573295034572,,,,,,,,,,
56.400025,,,,,,,,,1.3740456352627,4.67198312405466,,,,,,,,,,
56.800025,,,,,,,,,3.12364683033397,2.92238192898339,,,,,,,,,,
57.200025,,,,,,,,,3.56215479381178,2.48387396550558,,,,,,,,,,
57.600025,,,,,,,,,3.16525568288568,2.88077307643168,,,,,,,,,,
58.000025,,,,,,,,,2.0021854751931,4.04384328412426,,,,,,,,,,
58.400025,,,,,,,,,3.30762233133593,2.73840642798143,,,,,,,,,,
58.800025,,,,,,,,,2.53170628093896,3.5143224783784,,,,,,,,,,
59.200025,,,,,,,,,3.91203093191941,2.13399782739795,,,,,,,,,,
59.600025,,,,,,,,,2.34157024996935,3.70445850934801,,,,,,,,,,
60.000025,,,,,,,,,2.70736473752607,3.33866402179129,,,,,,,,,,
60.400025,,,,,,,,,3.2174105068315,2.82861825248586,,,,,,,,,,
60.800025,,,,,,,,,3.08413576904843,2.96189299026893,,,,,,,,,,
61.200025,,,,,,,,,2.12151837110872,3.92451038820864,,,,,,,,,,
61.600025,,,,,,,,,3.25788395734291,2.78814480197445,,,,,,,,,,
62.000025,,,,,,,,,3.02547896876538,3.02054979055198,,,,,,,,,,
62.400025,,,,,,,,,3.45601791849849,2.59001084081887,,,,,,,,,,
62.800025,,,,,,,,,2.1700390097482,3.87598974956916,,,,,,,,,,
63.200025,,,,,,,,,1.72155830236903,4.32447045694833,,,,,,,,,,
63.600025,,,,,,,,,3.23317981422679,2.81284894509057,,,,,,,,,,
64.000025,,,,,,,,,2.73081664342418,3.31521211589318,,,,,,,,,,
64.400025,,,,,,,,,1.81454567283288,4.23148308648448,,,,,,,,,,
64.800025,,,,,,,,,2.59277473599386,3.4532540233235,,,,,,,,,,
65.200025,,,,,,,,,2.20519800455127,3.84083075476609,,,,,,,,,,
65.600025,,,,,,,,,2.63611107567256,3.4099176836448,,,,,,,,,,
66.000025,,,,,,,,,2.54998015329031,3.49604860602705,,,,,,,,,,
66.400025,,,,,,,,,2.81488575551606,3.2311430038013,,,,,,,,,,
66.800025,,,,,,,,,2.47875756657676,3.5672711927406,,,,,,,,,,
67.200025,,,,,,,,,1.49324716359308,4.55278159572428,,,,,,,,,,
67.600025,,,,,,,,,1.89884724638471,4.14718151293265,,,,,,,,,,
68.000025,,,,,,,,,2.01653106018557,4.02949769913179,,,,,,,,,,
68.400025,,,,,,,,,1.90668484276552,4.13934391655184,,,,,,,,,,
68.800025,,,,,,,,,2.91978283357957,3.12624592573779,,,,,,,,,,
69.200025,,,,,,,,,2.26005903667786,3.7859697226395,,,,,,,,,,
69.600025,,,,,,,,,3.58600397934681,2.46002477997055,,,,,,,,,,
70.000025,,,,,,,,,3.18369620006525,2.86233255925211,,,,,,,,,,
70.400025,,,,,,,,,2.8409299437723,3.20509881554506,,,,,,,,,,
70.800025,,,,,,,,,2.03185622639624,4.01417253292112,,,,,,,,,,
71.200025,,,,,,,,,2.98768805453607,3.05834070478129,,,,,,,,,,
71.600025,,,,,,,,,3.33739383043022,2.70863492888714,,,,,,,,,,
72.000025,,,,,,,,,3.33799943169678,2.70802932762058,,,,,,,,,,
72.400025,,,,,,,,,3.71725163346917,2.32877712584819,,,,,,,,,,
72.800025,,,,,,,,,3.25078343039701,2.79524532892035,,,,,,,,,,
73.200025,,,,,,,,,2.61497887349631,3.43104988582105,,,,,,,,,,
73.600025,,,,,,,,,2.09935375990107,3.94667499941629,,,,,,,,,,
74.000025,,,,,,,,,2.35299877298052,3.69302998633684,,,,,,,,,,
74.400025,,,,,,,,,2.69342627495126,3.3526024843661,,,,,,,,,,
74.800025,,,,,,,,,1.5519969709854,4.49403178833196,,,,,,,,,,
75.200025,,,,,,,,,2.88652713042022,3.15950162889714,,,,,,,,,,
75.600025,,,,,,,,,3.21966659030567,2.82636216901169,,,,,,,,,,
76.000025,,,,,,,,,1.62712776207179,4.41890099724557,,,,,,,,,,
76.400025,,,,,,,,,2.91179791016696,3.13423084915039,,,,,,,,,,
76.800025,,,,,,,,,2.92000878977834,3.12601996953902,,,,,,,,,,
77.200025,,,,,,,,,3.32093738141213,2.72509137790523,,,,,,,,,,
77.600025,,,,,,,,,3.15076338320785,2.89526537610951,,,,,,,,,,
78.000025,,,,,,,,,3.10008355353814,2.94594520577922,,,,,,,,,,
78.400025,,,,,,,,,2.35915721776715,3.6868715415502,,,,,,,,,,
78.800025,,,,,,,,,3.20328516608027,2.84274359323709,,,,,,,,,,
79.200025,,,,,,,,,2.26970298771301,3.77632577160435,,,,,,,,,,
79.600025,,,,,,,,,2.21017094339059,3.83585781592677,,,,,,,,,,
80.000025,,,,,,,,,2.41868957810699,3.62733918121037,,,,,,,,,,
80.400025,,,,,,,,,2.81380564631092,3.23222311300644,,,,,,,,,,
80.800025,,,,,,,,,2.46026362422704,3.58576513509032,,,,,,,,,,
81.200025,,,,,,,,,2.59889567584424,3.44713308347312,,,,,,,,,,
81.600025,,,,,,,,,2.30801451055405,3.73801424876331,,,,,,,,,,
82.000025,,,,,,,,,2.27384975273711,3.77217900658025,,,,,,,,,,
82.400025,,,,,,,,,3.05667956410747,2.98934919520989,,,,,,,,,,
82.800025,,,,,,,,,2.48059853299422,3.56543022632314,,,,,,,,,,
83.200025,,,,,,,,,2.8370070206603,3.20902173865706,,,,,,,,,,
83.600025,,,,,,,,,3.22295340635591,2.82307535296145,,,,,,,,,,
84.000025,,,,,,,,,3.32709829300977,2.71893046630759,,,,,,,,,,
84.400025,,,,,,,,,1.80952710279175,4.23650165652561,,,,,,,,,,
84.800025,,,,,,,,,2.29432749058701,3.75170126873035,,,,,,,,,,
85.200025,,,,,,,,,2.39277205615871,3.65325670315865,,,,,,,,,,
85.600025,,,,,,,,,2.67213879264157,3.37388996667579,,,,,,,,,,
86.000025,,,,,,,,,3.58817210826602,2.45785665105134,,,,,,,,,,
86.400025,,,,,,,,,1.9354041544602,4.11062460485716,,,,,,,,,,
86.800025,,,,,,,,,3.06665590654884,2.97937285276852,,,,,,,,,,
87.200025,,,,,,,,,2.99382810543643,3.05220065388093,,,,,,,,,,
87.600025,,,,,,,,,2.62599840230137,3.42003035701599,,,,,,,,,,
88.000025,,,,,,,,,2.93456848201137,3.11146027730599,,,,,,,,,,
88.400025,,,,,,,,,3.47605681822892,2.56997194108844,,,,,,,,,,
88.800025,,,,,,,,,3.02755326077712,3.01847549854024,,,,,,,,,,
89.200025,,,,,,,,,2.93413415505617,3.11189460426119,,,,,,,,,,
89.600025,,,,,,,,,2.66593930364235,3.38008945567501,,,,,,,,,,
90.00005,,,,,,,,,2.23206550985017,3.81396324946719,,,,,,,,,,
90.40005,,,,,,,,,2.44920485832926,3.5968239009881,,,,,,,,,,
90.80005,,,,,,,,,2.58390475154994,3.46212400776742,,,,,,,,,,
91.20005,,,,,,,,,2.9057816192677,3.14024714004966,,,,,,,,,,
91.60005,,,,,,,,,3.54292597257994,2.50310278673742,,,,,,,,,,
92.00005,,,,,,,,,1.9862936353016,4.05973512401576,,,,,,,,,,
92.40005,,,,,,,,,2.40728258872927,3.63874617058809,,,,,,,,,,
92.80005,,,,,,,,,2.23511671046938,3.81091204884798,,,,,,,,,,
93.20005,,,,,,,,,1.81736417261529,4.22866458670207,,,,,,,,,,
93.60005,,,,,,,,,2.28045483552049,3.76557392379687,,,,,,,,,,
94.00005,,,,,,,,,4.0807164907881,1.96531226852926,,,,,,,,,,
94.40005,,,,,,,,,2.94323563278176,3.1027931265356,,,,,,,,,,
94.80005,,,,,,,,,2.42885714646125,3.61717161285611,,,,,,,,,,
95.20005,,,,,,,,,2.60369047404524,3.44233828527212,,,,,,,,,,
95.60005,,,,,,,,,2.27360285336412,3.77242590595324,,,,,,,,,,
96.00005,,,,,,,,,3.47341829597335,2.57261046334401,,,,,,,,,,
96.40005,,,,,,,,,3.56501341735445,2.48101534196291,,,,,,,,,,
96.80005,,,,,,,,,3.00821676961946,3.0378119896979,,,,,,,,,,
97.20005,,,,,,,,,3.57508034016724,2.47094841915012,,,,,,,,,,
97.60005,,,,,,,,,1.96842275757769,4.07760600173967,,,,,,,,,,
98.00005,,,,,,,,,3.39470285608832,2.65132590322904,,,,,,,,,,
98.40005,,,,,,,,,2.85165432967492,3.19437442964244,,,,,,,,,,
98.80005,,,,,,,,,3.39325033120828,2.65277842810908,,,,,,,,,,
99.20005,,,,,,,,,2.79134944782335,3.25467931149401,,,,,,,,,,
99.60005,,,,,,,,,3.20109220302915,2.84493655628821,,,,,,,,,,
100.00005,,,,,,,,,2.7685269949682,3.27750176434916,,,,,,,,,,
100.40005,,,,,,,,,3.74166958008775,2.30435917922961,,,,,,,,,,
100.80005,,,,,,,,,2.49535232205815,3.55067643725921,,,,,,,,,,
101.20005,,,,,,,,,2.30752869169668,3.73850006762068,,,,,,,,,,
101.60005,,,,,,,,,2.54002404408908,3.50600471522828,,,,,,,,,,
102.00005,,,,,,,,,3.46819172423859,2.57783703507877,,,,,,,,,,
102.40005,,,,,,,,,3.05929933071901,2.98672942859835,,,,,,,,,,
102.80005,,,,,,,,,2.16341182396248,3.88261693535488,,,,,,,,,,
103.20005,,,,,,,,,2.33720647529731,3.70882228402005,,,,,,,,,,
103.60005,,,,,,,,,2.70455791105905,3.34147084825831,,,,,,,,,,
104.00005,,,,,,,,,1.88709698637857,4.15893177293879,,,,,,,,,,
104.40005,,,,,,,,,2.73989628310791,3.30613247620945,,,,,,,,,,
104.80005,,,,,,,,,1.84054289816156,4.2054858611558,,,,,,,,,,
105.20005,,,,,,,,,1.86587414195762,4.18015461735974,,,,,,,,,,
105.60005,,,,,,,,,3.11898468415934,2.92704407515802,,,,,,,,,,
106.00005,,,,,,,,,2.47212158813232,3.57390717118504,,,,,,,,,,
106.40005,,,,,,,,,2.92654613064466,3.1194826286727,,,,,,,,,,
106.80005,,,,,,,,,3.27468141220089,2.77134734711647,,,,,,,,,,
107.20005,,,,,,,,,1.62175219170243,4.42427656761493,,,,,,,,,,
107.60005,,,,,,,,,3.1654186140168,2.88061014530056,,,,,,,,,,
108.00005,,,,,,,,,2.45389444051475,3.59213431880261,,,,,,,,,,
108.40005,,,,,,,,,2.90182101597291,3.14420774334445,,,,,,,,,,
108.80005,,,,,,,,,3.38973731961189,2.65629143970547,,,,,,,,,,
109.20005,,,,,,,,,4.11206378287854,1.93396497643882,,,,,,,,,,
109.60005,,,,,,,,,2.18837357037731,3.85765518894005,,,,,,,,,,
110.00005,,,,,,,,,2.64790220857287,3.39812655074449,,,,,,,,,,
110.40005,,,,,,,,,3.30868395668979,2.73734480262757,,,,,,,,,,
110.80005,,,,,,,,,2.50404413397767,3.54198462533969,,,,,,,,,,
111.20005,,,,,,,,,2.81186748432032,3.23416127499704,,,,,,,,,,
111.60005,,,,,,,,,2.39009115726983,3.65593760204753,,,,,,,,,,
112.00005,,,,,,,,,3.04365373461235,3.00237502470501,,,,,,,,,,
112.40005,,,,,,,,,1.90602818434513,4.14000057497223,,,,,,,,,,
112.80005,,,,,,,,,2.78969801795531,3.25633074136205,,,,,,,,,,
113.20005,,,,,,,,,2.96317872303685,3.08285003628051,,,,,,,,,,
113.60005,,,,,,,,,2.81553276475364,3.23049599456372,,,,,,,,,,
114.00005,,,,,,,,,3.1968361005625,2.84919265875486,,,,,,,,,,
114.40005,,,,,,,,,3.46887071666927,2.57715804264809,,,,,,,,,,
114.80005,,,,,,,,,2.20515648010363,3.84087227921373,,,,,,,,,,
115.20005,,,,,,,,,3.5105589551991,2.53546980411826,,,,,,,,,,
115.60005,,,,,,,,,2.70728578615109,3.33874297316627,,,,,,,,,,
116.00005,,,,,,,,,3.83017989322462,2.21584886609274,,,,,,,,,,
116.40005,,,,,,,,,2.59523891671894,3.45078984259842,,,,,,,,,,
116.80005,,,,,,,,,1.92360506247104,4.12242369684632,,,,,,,,,,
117.20005,,,,,,,,,2.69565582586739,3.35037293344997,,,,,,,,,,
117.60005,,,,,,,,,2.49616535201553,3.54986340730183,,,,,,,,,,
118.00005,,,,,,,,,3.54785785379346,2.4981709055239,,,,,,,,,,
118.40005,,,,,,,,,2.54441936369539,3.50160939562197,,,,,,,,,,
118.80005,,,,,,,,,2.25795570517567,3.78807305414169,,,,,,,,,,
119.20005,,,,,,,,,2.58663007971574,3.45939867960162,,,,,,,,,,
119.60005,,,,,,,,,3.26551991188207,2.78050884743529,,,,,,,,,,
120.00005,,,,,,,,,2.21208858157448,3.83394017774288,,,,,,,,,,
120.40005,,,,,,,,,3.49628329481507,2.54974546450229,,,,,,,,,,
120.80005,,,,,,,,,2.48253769275713,3.56349106656023,,,,,,,,,,
121.20005,,,,,,,,,3.42190719013086,2.6241215691865,,,,,,,,,,
121.60005,,,,,,,,,3.02787526546946,3.0181534938479,,,,,,,,,,
122.00005,,,,,,,,,2.88690799495489,3.15912076436247,,,,,,,,,,
122.40005,,,,,,,,,2.64609376405152,3.39993499526584,,,,,,,,,,
122.80005,,,,,,,,,3.27936239771889,2.76666636159847,,,,,,,,,,
123.20005,,,,,,,,,2.96796681854423,3.07806194077313,,,,,,,,,,
123.60005,,,,,,,,,3.20603142972206,2.8399973295953,,,,,,,,,,
124.00005,,,,,,,,,1.9559210289545,4.09010773036286,,,,,,,,,,
124.40005,,,,,,,,,2.71843602957313,3.32759272974423,,,,,,,,,,
124.80005,,,,,,,,,3.21931616793434,2.82671259138302,,,,,,,,,,
125.20005,,,,,,,,,2.87459247542531,3.17143628389205,,,,,,,,,,
125.60005,,,,,,,,,4.17512821954085,1.87090053977651,,,,,,,,,,
126.00005,,,,,,,,,3.3674472483935,2.67858151092386,,,,,,,,,,
126.40005,,,,,,,,,2.29150703279712,3.75452172652024,,,,,,,,,,
126.80005,,,,,,,,,2.87992718782669,3.16610157149067,,,,,,,,,,
127.20005,,,,,,,,,4.28104817285789,1.76498058645947,,,,,,,,,,
127.60005,,,,,,,,,3.02077804247753,3.02525071683983,,,,,,,,,,
128.00005,,,,,,,,,3.65748049526387,2.38854826405349,,,,,,,,,,
128.40005,,,,,,,,,2.03333309661639,4.01269566270097,,,,,,,,,,
128.80005,,,,,,,,,2.7294157073962,3.31661305192116,,,,,,,,,,
129.20005,,,,,,,,,2.85326319319087,3.19276556612649,,,,,,,,,,
129.60005,,,,,,,,,3.40423982158946,2.6417889377279,,,,,,,,,,
130.00005,,,,,,,,,3.20887036618308,2.83715839313427,,,,,,,,,,
130.40005,,,,,,,,,2.53294811298647,3.51308064633089,,,,,,,,,,
130.80005,,,,,,,,,2.93606919605839,3.10995956325897,,,,,,,,,,
131.20005,,,,,,,,,3.07009177339547,2.97593698592189,,,,,,,,,,
131.60005,,,,,,,,,3.24318221877854,2.80284654053882,,,,,,,,,,
132.00005,,,,,,,,,3.70016858789225,2.34586017142511,,,,,,,,,,
132.400075,,,,,,,,,2.8902377651998,3.15579099411756,,,,,,,,,,
132.800075,,,,,,,,,3.95840875966426,2.0876199996531,,,,,,,,,,
133.200075,,,,,,,,,2.33187799465587,3.71415076466149,,,,,,,,,,
133.600075,,,,,,,,,3.50411641677224,2.54191234254512,,,,,,,,,,
134.000075,,,,,,,,,3.04021844546567,3.00581031385169,,,,,,,,,,
134.400075,,,,,,,,,4.02462912606335,2.02139963325401,,,,,,,,,,
134.800075,,,,,,,,,3.56641536751324,2.47961339180412,,,,,,,,,,
135.200075,,,,,,,,,4.04435541849988,2.00167334081748,,,,,,,,,,
135.600075,,,,,,,,,3.62271347294619,2.42331528637117,,,,,,,,,,
136.000075,,,,,,,,,3.56760402900063,2.47842473031673,,,,,,,,,,
136.400075,,,,,,,,,3.01870138325732,3.02732737606004,,,,,,,,,,
136.800075,,,,,,,,,3.66605770626317,2.37997105305418,,,,,,,,,,
137.200075,,,,,,,,,3.67097989585111,2.37504886346625,,,,,,,,,,
137.600075,,,,,,,,,3.87841178732916,2.1676169719882,,,,,,,,,,
138.000075,,,,,,,,,3.0045185875426,3.04151017177476,,,,,,,,,,
138.400075,,,,,,,,,3.00166803037211,3.04436072894525,,,,,,,,,,
138.800075,,,,,,,,,3.73933493283241,2.30669382648495,,,,,,,,,,
139.200075,,,,,,,,,4.01643249586724,2.02959626345012,,,,,,,,,,
139.600075,,,,,,,,,4.41031944643923,1.63570931287813,,,,,,,,,,
140.000075,,,,,,,,,2.32831336128268,3.71771539803468,,,,,,,,,,
140.400075,,,,,,,,,3.46363815424784,2.58239060506952,,,,,,,,,,
140.800075,,,,,,,,,3.48141304329027,2.56461571602709,,,,,,,,,,
141.200075,,,,,,,,,3.30084940872645,2.74517935059091,,,,,,,,,,
141.600075,,,,,,,,,3.13447809272302,2.91155066659434,,,,,,,,,,
142.000075,,,,,,,,,2.66064987360955,3.38537888570781,,,,,,,,,,
142.400075,,,,,,,,,3.57870216578209,2.46732659353526,,,,,,,,,,
142.800075,,,,,,,,,3.18281526534836,2.863213493969,,,,,,,,,,
143.200075,,,,,,,,,4.33910945263953,1.70691930667783,,,,,,,,,,
143.600075,,,,,,,,,3.16921939838645,2.87680936093091,,,,,,,,,,
144.000075,,,,,,,,,3.06689337500197,2.97913538431539,,,,,,,,,,
144.400075,,,,,,,,,3.01093596491102,3.03509279440634,,,,,,,,,,
144.800075,,,,,,,,,3.54343831274955,2.50259044656781,,,,,,,,,,
145.200075,,,,,,,,,3.44835129139552,2.59767746792184,,,,,,,,,,
145.600075,,,,,,,,,2.39671199888202,3.64931676043534,,,,,,,,,,
146.000075,,,,,,,,,3.92729414878288,2.11873461053448,,,,,,,,,,
146.400075,,,,,,,,,3.07488868309829,2.97114007621907,,,,,,,,,,
146.800075,,,,,,,,,3.02448824808094,3.02154051123642,,,,,,,,,,
147.200075,,,,,,,,,3.63868614471559,2.40734261460177,,,,,,,,,,
147.600075,,,,,,,,,3.97939305001536,2.066635709302,,,,,,,,,,
148.000075,,,,,,,,,3.00509208654433,3.04093667277303,,,,,,,,,,
148.400075,,,,,,,,,3.28984462379486,2.7561841355225,,,,,,,,,,
148.800075,,,,,,,,,4.02778513466547,2.01824362465188,,,,,,,,,,
149.200075,,,,,,,,,1.65351194681203,4.39251681250532,,,,,,,,,,
149.600075,,,,,,,,,3.3834383891926,2.66259037012476,,,,,,,,,,
150.000075,,,,,,,,,3.37621771349242,2.66981104582494,,,,,,,,,,
150.400075,,,,,,,,,3.58930798460747,2.45672077470988,,,,,,,,,,
150.800075,,,,,,,,,3.07873849259711,2.96729026672025,,,,,,,,,,
151.200075,,,,,,,,,2.99235345895873,3.05367530035863,,,,,,,,,,
151.600075,,,,,,,,,2.76313149730322,3.28289726201414,,,,,,,,,,
152.000075,,,,,,,,,3.22382981244139,2.82219894687597,,,,,,,,,,
152.400075,,,,,,,,,4.2945634826052,1.75146527671216,,,,,,,,,,
152.800075,,,,,,,,,2.61640568254081,3.42962307677655,,,,,,,,,,
153.200075,,,,,,,,,3.40356852844625,2.64246023087111,,,,,,,,,,
153.600075,,,,,,,,,2.38570985023372,3.66031890908364,,,,,,,,,,
154.000075,,,,,,,,,3.95067595662935,2.09535280268801,,,,,,,,,,
154.400075,,,,,,,,,3.09447040392069,2.95155835539667,,,,,,,,,,
154.800075,,,,,,,,,2.82196300125802,3.22406575805934,,,,,,,,,,
155.200075,,,,,,,,,2.22333828914001,3.82269047017734,,,,,,,,,,
155.600075,,,,,,,,,3.2840450959519,2.76198366336546,,,,,,,,,,
156.000075,,,,,,,,,3.17228885016892,2.87373990914844,,,,,,,,,,
156.400075,,,,,,,,,3.59626201095501,2.44976674836235,,,,,,,,,,
156.800075,,,,,,,,,2.26557588356436,3.780452875753,,,,,,,,,,
157.200075,,,,,,,,,3.32417805925385,2.72185070006351,,,,,,,,,,
157.600075,,,,,,,,,2.53216068089044,3.51386807842692,,,,,,,,,,
158.000075,,,,,,,,,2.77534021353547,3.27068854578189,,,,,,,,,,
158.400075,,,,,,,,,3.80798299117662,2.23804576814074,,,,,,,,,,
158.800075,,,,,,,,,2.50144505115354,3.54458370816382,,,,,,,,,,
159.200075,,,,,,,,,2.88880400068734,3.15722475863002,,,,,,,,,,
159.600075,,,,,,,,,1.91829143408429,4.12773732523307,,,,,,,,,,
160.000075,,,,,,,,,2.93624868839954,3.10978007091782,,,,,,,,,,
160.400075,,,,,,,,,2.84424271598177,3.20178604333559,,,,,,,,,,
160.800075,,,,,,,,,2.96999675758008,3.07603200173729,,,,,,,,,,
161.200075,,,,,,,,,4.45935401971221,1.58667473960515,,,,,,,,,,
161.600075,,,,,,,,,3.05387471287307,2.99215404644429,,,,,,,,,,
162.000075,,,,,,,,,3.39784485867013,2.64818390064723,,,,,,,,,,
162.400075,,,,,,,,,2.16857492083826,3.8774538384791,,,,,,,,,,
162.800075,,,,,,,,,3.27069459433427,2.77533416498308,,,,,,,,,,
163.200075,,,,,,,,,3.30998150291805,2.73604725639931,,,,,,,,,,
163.600075,,,,,,,,,3.18714996902078,2.85887879029658,,,,,,,,,,
164.000075,,,,,,,,,3.64156483696666,2.4044639223507,,,,,,,,,,
164.400075,,,,,,,,,2.69020058787218,3.35582817144518,,,,,,,,,,
164.800075,,,,,,,,,3.13871256158061,2.90731619773675,,,,,,,,,,
165.200075,,,,,,,,,3.0617700049547,2.98425875436266,,,,,,,,,,
165.600075,,,,,,,,,3.83835344145078,2.20767531786658,,,,,,,,,,
166.000075,,,,,,,,,3.68226933755378,2.36375942176358,,,,,,,,,,
166.400075,,,,,,,,,2.63242902378728,3.41359973553008,,,,,,,,,,
166.800075,,,,,,,,,2.45850235647308,3.58752640284428,,,,,,,,,,
167.200075,,,,,,,,,2.90703291579821,3.13899584351915,,,,,,,,,,
167.600075,,,,,,,,,3.52009625476187,2.52593250455549,,,,,,,,,,
168.000075,,,,,,,,,4.03199124987628,2.01403750944108,,,,,,,,,,
168.400075,,,,,,,,,3.12809870535262,2.91793005396474,,,,,,,,,,
168.800075,,,,,,,,,3.99643901924602,2.04958974007134,,,,,,,,,,
169.200075,,,,,,,,,2.29941306920031,3.74661569011705,,,,,,,,,,
169.600075,,,,,,,,,3.36411229319328,2.68191646612408,,,,,,,,,,
170.000075,,,,,,,,,3.52193471688377,2.52409404243359,,,,,,,,,,
170.400075,,,,,,,,,3.72767913551076,2.3183496238066,,,,,,,,,,
170.800075,,,,,,,,,3.16191571187905,2.88411304743831,,,,,,,,,,
171.200075,,,,,,,,,2.13561015600115,3.91041860331621,,,,,,,,,,
171.600075,,,,,,,,,3.18862574094666,2.8574030183707,,,,,,,,,,
172.000075,,,,,,,,,3.20248167478575,2.84354708453161,,,,,,,,,,
172.400075,,,,,,,,,3.23811395936315,2.80791479995421,,,,,,,,,,
172.800075,,,,,,,,,3.24130923999791,2.80471951931945,,,,,,,,,,
173.200075,,,,,,,,,3.58310879359263,2.46291996572473,,,,,,,,,,
173.600075,,,,,,,,,4.01867802480899,2.02735073450837,,,,,,,,,,
174.000075,,,,,,,,,3.21018303359262,2.83584572572474,,,,,,,,,,
174.400075,,,,,,,,,3.12420393079387,2.92182482852349,,,,,,,,,,
174.800075,,,,,,,,,3.6241595933376,2.42186916597976,,,,,,,,,,
175.200075,,,,,,,,,2.69643494734927,3.34959381196809,,,,,,,,,,
175.600075,,,,,,,,,2.70486343063665,3.34116532868071,,,,,,,,,,
176.000075,,,,,,,,,3.21523159198489,2.83079716733247,,,,,,,,,,
176.400075,,,,,,,,,3.94597597256259,2.10005278675477,,,,,,,,,,
176.800075,,,,,,,,,3.04425987566858,3.00176888364878,,,,,,,,,,
177.200075,,,,,,,,,2.65241487277689,3.39361388654047,,,,,,,,,,
177.600075,,,,,,,,,3.10930750295003,2.93672125636733,,,,,,,,,,
178.000075,,,,,,,,,3.51936634608831,2.52666241322905,,,,,,,,,,
178.400075,,,,,,,,,2.94729798899729,3.09873077032007,,,,,,,,,,
178.800075,,,,,,,,,3.24567576552807,2.80035299378929,,,,,,,,,,
179.200075,,,,,,,,,2.55542911648773,3.49059964282963,,,,,,,,,,
179.600075,,,,,,,,,2.85343315433864,3.19259560497872,,,,,,,,,,
180.000075,,,,,,,,,3.84953842337171,2.19649033594565,,,,,,,,,,
180.400075,,,,,,,,,3.98002465932523,2.06600409999213,,,,,,,,,,
180.800075,,,,,,,,,3.70724678059556,2.3387819787218,,,,,,,,,,
181.200075,,,,,,,,,3.95007896033713,2.09594979898023,,,,,,,,,,
181.600075,,,,,,,,,4.09900444950572,1.94702430981164,,,,,,,,,,
182.000075,,,,,,,,,2.53021906929133,3.51580969002603,,,,,,,,,,
182.400075,,,,,,,,,3.67416038746968,2.37186837184768,,,,,,,,,,
182.800075,,,,,,,,,3.33127135605243,2.71475740326493,,,,,,,,,,
183.200075,,,,,,,,,2.58937899084938,3.45664976846798,,,,,,,,,,
183.600075,,,,,,,,,2.75979553448822,3.28623322482913,,,,,,,,,,
184.0001,,,,,,,,,2.87184248661014,3.17418627270722,,,,,,,,,,
184.4001,,,,,,,,,3.34804746155009,2.69798129776727,,,,,,,,,,
184.8001,,,,,,,,,2.65300862842241,3.39302013089495,,,,,,,,,,
185.2001,,,,,,,,,3.35534557992903,2.69068317938833,,,,,,,,,,
185.6001,,,,,,,,,3.59081831459943,2.45521044471793,,,,,,,,,,
186.0001,,,,,,,,,2.14966298521326,3.8963657741041,,,,,,,,,,
186.4001,,,,,,,,,3.31203398966947,2.73399476964789,,,,,,,,,,
186.8001,,,,,,,,,3.51592348966889,2.53010526964847,,,,,,,,,,
187.2001,,,,,,,,,3.75429119839466,2.2917375609227,,,,,,,,,,
187.6001,,,,,,,,,2.35725576826818,3.68877299104918,,,,,,,,,,
188.0001,,,,,,,,,4.29445679910928,1.75157196020808,,,,,,,,,,
188.4001,,,,,,,,,3.21334718713441,2.83268157218295,,,,,,,,,,
188.8001,,,,,,,,,3.0112243923189,3.03480436699846,,,,,,,,,,
189.2001,,,,,,,,,3.77177261483091,2.27425614448645,,,,,,,,,,
189.6001,,,,,,,,,2.97532070816134,3.07070805115602,,,,,,,,,,
190.0001,,,,,,,,,4.77362157505369,1.27240718426368,,,,,,,,,,
190.4001,,,,,,,,,3.07654787697456,2.9694808823428,,,,,,,,,,
190.8001,,,,,,,,,3.3112920678479,2.73473669146946,,,,,,,,,,
191.2001,,,,,,,,,3.41800037349359,2.62802838582377,,,,,,,,,,
191.6001,,,,,,,,,3.72731460403435,2.31871415528301,,,,,,,,,,
192.0001,,,,,,,,,2.84885238960781,3.19717636970955,,,,,,,,,,
192.4001,,,,,,,,,2.68111961032692,3.36490914899044,,,,,,,,,,
192.8001,,,,,,,,,2.87106206074313,3.17496669857423,,,,,,,,,,
193.2001,,,,,,,,,3.68837833429744,2.35765042501992,,,,,,,,,,
193.6001,,,,,,,,,2.89872909323491,3.14729966608245,,,,,,,,,,
194.0001,,,,,,,,,2.66139008132736,3.38463867799,,,,,,,,,,
194.4001,,,,,,,,,3.26017193833149,2.78585682098587,,,,,,,,,,
194.8001,,,,,,,,,2.27580272804885,3.77022603126851,,,,,,,,,,
195.2001,,,,,,,,,3.28013208203943,2.76589667727793,,,,,,,,,,
195.6001,,,,,,,,,3.45325486749677,2.59277389182059,,,,,,,,,,
196.0001,,,,,,,,,3.55829249047939,2.48773626883797,,,,,,,,,,
196.4001,,,,,,,,,3.44119404289338,2.60483471642398,,,,,,,,,,
196.8001,,,,,,,,,3.95730682919354,2.08872193012382,,,,,,,,,,
197.2001,,,,,,,,,3.19794711811598,2.84808164120138,,,,,,,,,,
197.6001,,,,,,,,,4.22157078704866,1.8244579722687,,,,,,,,,,
198.0001,,,,,,,,,3.50852585607382,2.53750290324354,,,,,,,,,,
198.4001,,,,,,,,,2.5820114394809,3.46401731983646,,,,,,,,,,
198.8001,,,,,,,,,3.57317505566823,2.47285370364913,,,,,,,,,,
199.2001,,,,,,,,,2.52129980282173,3.52472895649563,,,,,,,,,,
199.6001,,,,,,,,,2.68021892443965,3.36580983487771,,,,,,,,,,
200.0001,,,,,,,,,3.0069696317874,3.03905912752996,,,,,,,,,,
200.4001,,,,,,,,,3.74022662644113,2.30580213287623,,,,,,,,,,
200.8001,,,,,,,,,3.15185049725453,2.89417826206283,,,,,,,,,,
201.2001,,,,,,,,,2.29131769771825,3.75471106159911,,,,,,,,,,
201.6001,,,,,,,,,1.98027810340731,4.06575065591005,,,,,,,,,,
202.0001,,,,,,,,,3.00103528554238,3.04499347377498,,,,,,,,,,
202.4001,,,,,,,,,3.20615398641291,2.83987477290445,,,,,,,,,,
202.8001,,,,,,,,,3.25469264258013,2.79133611673723,,,,,,,,,,
203.2001,,,,,,,,,3.73339705585068,2.31263170346668,,,,,,,,,,
203.6001,,,,,,,,,2.80708536047305,3.23894339884431,,,,,,,,,,
204.0001,,,,,,,,,2.59574401698807,3.45028474232929,,,,,,,,,,
204.4001,,,,,,,,,2.34623985992242,3.69978889939494,,,,,,,,,,
204.8001,,,,,,,,,3.74091827534421,2.30511048397315,,,,,,,,,,
205.2001,,,,,,,,,3.30292449962505,2.74310425969231,,,,,,,,,,
205.6001,,,,,,,,,2.93353482862302,3.11249393069434,,,,,,,,,,
206.0001,,,,,,,,,2.25098051580906,3.7950482435083,,,,,,,,,,
206.4001,,,,,,,,,3.76042510231478,2.28560365700258,,,,,,,,,,
206.8001,,,,,,,,,3.52841450755907,2.51761425175829,,,,,,,,,,
207.2001,,,,,,,,,3.38811049567697,2.65791826364039,,,,,,,,,,
207.6001,,,,,,,,,2.45519705463759,3.59083170467977,,,,,,,,,,
208.0001,,,,,,,,,3.61666021185892,2.42936854745844,,,,,,,,,,
208.4001,,,,,,,,,3.57628913322117,2.46973962609619,,,,,,,,,,
208.8001,,,,,,,,,2.38811122469864,3.65791753461872,,,,,,,,,,
209.2001,,,,,,,,,2.92367109846988,3.12235766084748,,,,,,,,,,
209.6001,,,,,,,,,3.37722227563008,2.66880648368728,,,,,,,,,,
210.0001,,,,,,,,,3.35268935364779,2.69333940566957,,,,,,,,,,
210.4001,,,,,,,,,2.53615099571649,3.50987776360087,,,,,,,,,,
210.8001,,,,,,,,,3.39657816564884,2.64945059366852,,,,,,,,,,
211.2001,,,,,,,,,3.33713444494688,2.70889431437048,,,,,,,,,,
211.6001,,,,,,,,,2.57027034827533,3.47575841104203,,,,,,,,,,
212.0001,,,,,,,,,4.26694159010534,1.77908716921202,,,,,,,,,,
212.4001,,,,,,,,,3.2118315398578,2.83419721945956,,,,,,,,,,
212.8001,,,,,,,,,2.86824841547963,3.17778034383773,,,,,,,,,,
213.2001,,,,,,,,,3.275802089168,2.77022667014936,,,,,,,,,,
213.6001,,,,,,,,,3.5762248808177,2.46980387849966,,,,,,,,,,
214.0001,,,,,,,,,2.90123714027758,3.14479161903978,,,,,,,,,,
214.4001,,,,,,,,,2.68212065965322,3.36390809966414,,,,,,,,,,
214.8001,,,,,,,,,3.03122545070502,3.01480330861234,,,,,,,,,,
215.2001,,,,,,,,,3.89360050032042,2.15242825899694,,,,,,,,,,
215.6001,,,,,,,,,2.94251868821547,3.10351007110189,,,,,,,,,,
216.0001,,,,,,,,,4.24790316091939,1.79812559839797,,,,,,,,,,
216.4001,,,,,,,,,2.12194920395445,3.92407955536291,,,,,,,,,,
216.8001,,,,,,,,,3.48488224237185,2.56114651694551,,,,,,,,,,
217.2001,,,,,,,,,3.2104578111429,2.83557094817446,,,,,,,,,,
217.6001,,,,,,,,,2.50012814701682,3.54590061230054,,,,,,,,,,
218.0001,,,,,,,,,3.01809665379823,3.02793210551913,,,,,,,,,,
218.4001,,,,,,,,,2.45333746585423,3.59269129346313,,,,,,,,,,
218.8001,,,,,,,,,2.58356059361906,3.4624681656983,,,,,,,,,,
219.2001,,,,,,,,,2.65749265297697,3.38853610634039,,,,,,,,,,
219.6001,,,,,,,,,2.68731362022964,3.35871513908772,,,,,,,,,,
220.0001,,,,,,,,,3.06095402697013,2.98507473234723,,,,,,,,,,
220.4001,,,,,,,,,4.07207198900463,1.97395677031273,,,,,,,,,,
220.8001,,,,,,,,,2.93655411730791,3.10947464200945,,,,,,,,,,
221.2001,,,,,,,,,3.01309146987444,3.03293728944292,,,,,,,,,,
221.6001,,,,,,,,,2.98686125737105,3.05916750194631,,,,,,,,,,
222.0001,,,,,,,,,3.3131848092791,2.73284395003826,,,,,,,,,,
222.4001,,,,,,,,,3.96741266351929,2.07861609579807,,,,,,,,,,
222.8001,,,,,,,,,3.6177920857699,2.42823667354746,,,,,,,,,,
223.2001,,,,,,,,,2.53050434795525,3.51552441136211,,,,,,,,,,
223.6001,,,,,,,,,3.3616593988117,2.68436936050566,,,,,,,,,,
224.0001,,,,,,,,,2.55624939704736,3.48977936227,,,,,,,,,,
224.4001,,,,,,,,,2.81611481820904,3.22991394110831,,,,,,,,,,
224.8001,,,,,,,,,3.22549215452413,2.82053660479323,,,,,,,,,,
225.2001,,,,,,,,,2.92386290260301,3.12216585671435,,,,,,,,,,
225.6001,,,,,,,,,3.55785111613987,2.48817764317749,,,,,,,,,,
226.0001,,,,,,,,,2.51177480206253,3.53425395725483,,,,,,,,,,
226.4001,,,,,,,,,3.45427800471761,2.59175075459975,,,,,,,,,,
226.8001,,,,,,,,,3.05481285617371,2.99121590314365,,,,,,,,,,
227.2001,,,,,,,,,3.59147950056656,2.4545492587508,,,,,,,,,,
227.6001,,,,,,,,,3.62018772877962,2.42584103053774,,,,,,,,,,
228.0001,,,,,,,,,3.07925513570169,2.96677362361567,,,,,,,,,,
228.4001,,,,,,,,,2.99340743585847,3.05262132345889,,,,,,,,,,
228.8001,,,,,,,,,4.09085108812421,1.95517767119315,,,,,,,,,,
229.2001,,,,,,,,,3.19351460853987,2.85251415077749,,,,,,,,,,
229.6001,,,,,,,,,2.20130739989878,3.84472135941858,,,,,,,,,,
230.0001,,,,,,,,,2.31238417707525,3.73364458224211,,,,,,,,,,
230.4001,,,,,,,,,2.59127369645345,3.45475506286391,,,,,,,,,,
230.8001,,,,,,,,,3.52234314514977,2.52368561416759,,,,,,,,,,
231.2001,,,,,,,,,3.32149339166612,2.72453536765124,,,,,,,,,,
231.6001,,,,,,,,,3.29017642289999,2.75585233641737,,,,,,,,,,
232.0001,,,,,,,,,4.50172902820633,1.54429973111103,,,,,,,,,,
232.4001,,,,,,,,,2.9474961028916,3.09853265642576,,,,,,,,,,
232.8001,,,,,,,,,2.95544787437592,3.09058088494144,,,,,,,,,,
233.2001,,,,,,,,,3.71412349126626,2.33190526805109,,,,,,,,,,
233.600125,,,,,,,,,3.11431081265369,2.93171794666367,,,,,,,,,,
234.000125,,,,,,,,,2.72622840465862,3.31980035465874,,,,,,,,,,
234.400125,,,,,,,,,1.52062814348676,4.5254006158306,,,,,,,,,,
234.800125,,,,,,,,,2.85780615139834,3.18822260791902,,,,,,,,,,
235.200125,,,,,,,,,3.73502799535803,2.31100076395933,,,,,,,,,,
235.600125,,,,,,,,,3.90484424573455,2.14118451358281,,,,,,,,,,
236.000125,,,,,,,,,3.56188467318341,2.48414408613395,,,,,,,,,,
236.400125,,,,,,,,,3.66071430406059,2.38531445525677,,,,,,,,,,
236.800125,,,,,,,,,2.945676520068,3.10035223924936,,,,,,,,,,
237.200125,,,,,,,,,3.43953622184968,2.60649253746768,,,,,,,,,,
237.600125,,,,,,,,,3.65309588033307,2.39293287898428,,,,,,,,,,
238.000125,,,,,,,,,3.10059571881148,2.94543304050588,,,,,,,,,,
238.400125,,,,,,,,,1.55542170541836,4.490607053899,,,,,,,,,,
238.800125,,,,,,,,,3.61819069564354,2.42783806367382,,,,,,,,,,
239.200125,,,,,,,,,3.55958397532532,2.48644478399204,,,,,,,,,,
239.600125,,,,,,,,,3.41627763576075,2.62975112355661,,,,,,,,,,
240.000125,,,,,,,,,3.83799847424212,2.20803028507524,,,,,,,,,,
240.400125,,,,,,,,,2.69180431414339,3.35422444517397,,,,,,,,,,
240.800125,,,,,,,,,2.97204299507899,3.07398576423837,,,,,,,,,,
241.200125,,,,,,,,,3.27390671429148,2.77212204502588,,,,,,,,,,
241.600125,,,,,,,,,2.72057016854737,3.32545859076999,,,,,,,,,,
242.000125,,,,,,,,,2.94677168164884,3.09925707766852,,,,,,,,,,
242.400125,,,,,,,,,1.90419255302272,4.14183620629464,,,,,,,,,,
242.800125,,,,,,,,,3.32914117068828,2.71688758862908,,,,,,,,,,
243.200125,,,,,,,,,2.59610184666659,3.44992691265077,,,,,,,,,,
243.600125,,,,,,,,,3.67314427838987,2.37288448092749,,,,,,,,,,
244.000125,,,,,,,,,2.91299436613997,3.13303439317739,,,,,,,,,,
244.400125,,,,,,,,,2.21576665457935,3.83026210473801,,,,,,,,,,
244.800125,,,,,,,,,1.89856400869164,4.14746475062571,,,,,,,,,,
245.200125,,,,,,,,,3.00807107295844,3.03795768635892,,,,,,,,,,
245.600125,,,,,,,,,3.57820894972221,2.46781980959515,,,,,,,,,,
246.000125,,,,,,,,,4.20064750021967,1.84538125909769,,,,,,,,,,
246.400125,,,,,,,,,2.13014488693925,3.91588387237811,,,,,,,,,,
246.800125,,,,,,,,,2.91635751293942,3.12967124637794,,,,,,,,,,
247.200125,,,,,,,,,2.00343697554172,4.04259178377564,,,,,,,,,,
247.600125,,,,,,,,,2.63329932946184,3.41272942985552,,,,,,,,,,
248.000125,,,,,,,,,3.13584547308646,2.9101832862309,,,,,,,,,,
248.400125,,,,,,,,,3.34765992177411,2.69836883754324,,,,,,,,,,
248.800125,,,,,,,,,2.4232289578173,3.62279980150006,,,,,,,,,,
249.200125,,,,,,,,,3.09440545436855,2.95162330494881,,,,,,,,,,
249.600125,,,,,,,,,3.92781103394146,2.1182177253759,,,,,,,,,,
250.000125,,,,,,,,,4.15346825238201,1.89256050693535,,,,,,,,,,
250.400125,,,,,,,,,2.21031862701021,3.83571013230715,,,,,,,,,,
250.800125,,,,,,,,,2.62894916690356,3.4170795924138,,,,,,,,,,
251.200125,,,,,,,,,3.10995797662611,2.93607078269125,,,,,,,,,,
251.600125,,,,,,,,,3.2551002053216,2.79092855399576,,,,,,,,,,
252.000125,,,,,,,,,2.90254045105526,3.1434883082621,,,,,,,,,,
252.400125,,,,,,,,,2.84430338248597,3.20172537683139,,,,,,,,,,
252.800125,,,,,,,,,2.61778314984125,3.42824560947611,,,,,,,,,,
253.200125,,,,,,,,,2.02349269366201,4.02253606565535,,,,,,,,,,
253.600125,,,,,,,,,2.40406474914572,3.64196401017164,,,,,,,,,,
254.000125,,,,,,,,,3.67307684768404,2.37295191163332,,,,,,,,,,
254.400125,,,,,,,,,3.08333505480703,2.96269370451033,,,,,,,,,,
254.800125,,,,,,,,,1.59248487499281,4.45354388432455,,,,,,,,,,
255.200125,,,,,,,,,3.05563779652556,2.9903909627918,,,,,,,,,,
255.600125,,,,,,,,,3.93781669820883,2.10821206110853,,,,,,,,,,
256.000125,,,,,,,,,3.49089888789461,2.55512987142275,,,,,,,,,,
256.400125,,,,,,,,,3.15152156000345,2.89450719931391,,,,,,,,,,
256.800125,,,,,,,,,2.40589464872925,3.64013411058811,,,,,,,,,,
257.200125,,,,,,,,,1.93142539196044,4.11460336735692,,,,,,,,,,
257.600125,,,,,,,,,1.27728041817599,4.76874834114137,,,,,,,,,,
258.000125,,,,,,,,,3.28276348910688,2.76326527021048,,,,,,,,,,
258.400125,,,,,,,,,3.01155045308372,3.03447830623364,,,,,,,,,,
258.800125,,,,,,,,,1.53033477765787,4.51569398165949,,,,,,,,,,
259.200125,,,,,,,,,3.10688808236408,2.93914067695328,,,,,,,,,,
259.600125,,,,,,,,,2.64492822161925,3.40110053769811,,,,,,,,,,
260.000125,,,,,,,,,1.33710737251654,4.70892138680082,,,,,,,,,,
260.400125,,,,,,,,,2.2924126483199,3.75361611099746,,,,,,,,,,
260.800125,,,,,,,,,3.56926236507146,2.4767663942459,,,,,,,,,,
261.200125,,,,,,,,,2.95189501545013,3.09413374386723,,,,,,,,,,
261.600125,,,,,,,,,2.51263564539607,3.53339311392129,,,,,,,,,,
262.000125,,,,,,,,,2.877813551521,3.16821520779636,,,,,,,,,,
262.400125,,,,,,,,,2.79204678963637,3.25398196968099,,,,,,,,,,
262.800125,,,,,,,,,1.75328567936258,4.29274307995478,,,,,,,,,,
263.200125,,,,,,,,,3.23994506125027,2.80608369806709,,,,,,,,,,
263.600125,,,,,,,,,3.27474942361914,2.77127933569822,,,,,,,,,,
264.000125,,,,,,,,,2.19025607140954,3.85577268790782,,,,,,,,,,
264.400125,,,,,,,,,2.75904406768116,3.2869846916362,,,,,,,,,,
264.800125,,,,,,,,,3.00906303142953,3.03696572788783,,,,,,,,,,
265.200125,,,,,,,,,3.35614195134305,2.68988680797431,,,,,,,,,,
265.600125,,,,,,,,,2.80616769262328,3.23986106669408,,,,,,,,,,
266.000125,,,,,,,,,3.6128637857454,2.43316497357196,,,,,,,,,,
266.400125,,,,,,,,,3.50970254254704,2.53632621677032,,,,,,,,,,
266.800125,,,,,,,,,2.77875621303804,3.26727254627932,,,,,,,,,,
267.200125,,,,,,,,,3.24743250736527,2.79859625195209,,,,,,,,,,
267.600125,,,,,,,,,2.2752024155346,3.77082634378276,,,,,,,,,,
268.000125,,,,,,,,,2.75527037881555,3.29075838050181,,,,,,,,,,
268.400125,,,,,,,,,3.3867160924877,2.65931266682966,,,,,,,,,,
268.800125,,,,,,,,,3.27781588714784,2.76821287216952,,,,,,,,,,
269.200125,,,,,,,,,3.54278387820994,2.50324488110742,,,,,,,,,,
269.600125,,,,,,,,,2.80731622497591,3.23871253434145,,,,,,,,,,
270.000125,,,,,,,,,2.66536773446299,3.38066102485437,,,,,,,,,,
270.400125,,,,,,,,,3.03827794448828,3.00775081482908,,,,,,,,,,
270.800125,,,,,,,,,3.26861210418757,2.77741665512979,,,,,,,,,,
271.200125,,,,,,,,,3.0691832778744,2.97684548144296,,,,,,,,,,
271.600125,,,,,,,,,2.60638175418508,3.43964700513228,,,,,,,,,,
272.000125,,,,,,,,,2.36522474949931,3.68080400981805,,,,,,,,,,
272.400125,,,,,,,,,2.54560893957287,3.50041981974449,,,,,,,,,,
272.800125,,,,,,,,,2.77127997804217,3.27474878127519,,,,,,,,,,
273.200125,,,,,,,,,3.03867950722236,3.007349252095,,,,,,,,,,
273.600125,,,,,,,,,1.04503882157654,5.00098993774082,,,,,,,,,,
274.000125,,,,,,,,,3.17832460753768,2.86770415177968,,,,,,,,,,
274.400125,,,,,,,,,2.54703366256729,3.49899509675007,,,,,,,,,,
274.800125,,,,,,,,,2.80565449308192,3.24037426623544,,,,,,,,,,
275.200125,,,,,,,,,2.45832844464892,3.58770031466844,,,,,,,,,,
275.600125,,,,,,,,,2.31269475846276,3.7333340008546,,,,,,,,,,
276.000125,,,,,,,,,3.62385245593746,2.4221763033799,,,,,,,,,,
276.400125,,,,,,,,,3.63582367417338,2.41020508514398,,,,,,,,,,
276.800125,,,,,,,,,1.5525599011538,4.49346885816356,,,,,,,,,,
277.20015,,,,,,,,,4.22843436309716,1.8175943962202,,,,,,,,,,
277.60015,,,,,,,,,1.99400827040695,4.05202048891041,,,,,,,,,,
278.00015,,,,,,,,,2.42877491763804,3.61725384167932,,,,,,,,,,
278.40015,,,,,,,,,1.68600816419129,4.36002059512607,,,,,,,,,,
278.80015,,,,,,,,,3.23881016954155,2.80721858977581,,,,,,,,,,
279.20015,,,,,,,,,2.72632417925825,3.31970458005911,,,,,,,,,,
279.60015,,,,,,,,,2.97213707287491,3.07389168644245,,,,,,,,,,
280.00015,,,,,,,,,2.94863356071327,3.09739519860409,,,,,,,,,,
280.40015,,,,,,,,,3.16344487312087,2.88258388619649,,,,,,,,,,
280.80015,,,,,,,,,2.97998684000682,3.06604191931054,,,,,,,,,,
281.20015,,,,,,,,,3.37944476925302,2.66658399006434,,,,,,,,,,
281.60015,,,,,,,,,2.35304306929454,3.69298569002282,,,,,,,,,,
282.00015,,,,,,,,,2.13629848877131,3.90973027054605,,,,,,,,,,
282.40015,,,,,,,,,3.20267247374662,2.84335628557074,,,,,,,,,,
282.80015,,,,,,,,,2.98873514478798,3.05729361452938,,,,,,,,,,
283.20015,,,,,,,,,2.86339167212237,3.18263708719499,,,,,,,,,,
283.60015,,,,,,,,,3.22795538825798,2.81807337105938,,,,,,,,,,
284.00015,,,,,,,,,2.09454389759693,3.95148486172043,,,,,,,,,,
284.40015,,,,,,,,,2.98464586464833,3.06138289466903,,,,,,,,,,
284.80015,,,,,,,,,2.93264219581398,3.11338656350338,,,,,,,,,,
285.20015,,,,,,,,,2.66515445166144,3.38087430765592,,,,,,,,,,
285.60015,,,,,,,,,3.25535092427465,2.79067783504271,,,,,,,,,,
286.00015,,,,,,,,,2.01204821242497,4.03398054689239,,,,,,,,,,
286.40015,,,,,,,,,2.98490685041918,3.06112190889818,,,,,,,,,,
286.80015,,,,,,,,,2.0106703066307,4.03535845268666,,,,,,,,,,
287.20015,,,,,,,,,2.61720178747922,3.42882697183814,,,,,,,,,,
287.60015,,,,,,,,,2.73914210753682,3.30688665178054,,,,,,,,,,
288.00015,,,,,,,,,2.65397899710696,3.3920497622104,,,,,,,,,,
288.40015,,,,,,,,,2.79627984444968,3.24974891486768,,,,,,,,,,
288.80015,,,,,,,,,2.88477792647687,3.16125083284049,,,,,,,,,,
289.20015,,,,,,,,,4.12697193937244,1.91905681994492,,,,,,,,,,
289.60015,,,,,,,,,2.64783512170981,3.39819363760755,,,,,,,,,,
290.00015,,,,,,,,,2.05122948871563,3.99479927060172,,,,,,,,,,
290.40015,,,,,,,,,3.58027374350379,2.46575501581357,,,,,,,,,,
290.80015,,,,,,,,,3.13014723243121,2.91588152688615,,,,,,,,,,
291.20015,,,,,,,,,3.00362330037316,3.0424054589442,,,,,,,,,,
291.60015,,,,,,,,,3.43780426271083,2.60822449660653,,,,,,,,,,
292.00015,,,,,,,,,1.43280477157224,4.61322398774512,,,,,,,,,,
292.40015,,,,,,,,,2.53629035391531,3.50973840540205,,,,,,,,,,
292.80015,,,,,,,,,1.79711548202023,4.24891327729713,,,,,,,,,,
293.20015,,,,,,,,,3.07914984688913,2.96687891242823,,,,,,,,,,
293.60015,,,,,,,,,3.43979575258703,2.60623300673033,,,,,,,,,,
294.00015,,,,,,,,,2.7426814320568,3.30334732726056,,,,,,,,,,
294.40015,,,,,,,,,2.516197238064,3.52983152125335,,,,,,,,,,
294.80015,,,,,,,,,3.79839867413196,2.2476300851854,,,,,,,,,,
295.20015,,,,,,,,,3.36523504268535,2.68079371663201,,,,,,,,,,
295.60015,,,,,,,,,3.24877206559205,2.79725669372531,,,,,,,,,,
296.00015,,,,,,,,,3.60471804096414,2.44131071835322,,,,,,,,,,
296.40015,,,,,,,,,1.79269092113169,4.25333783818567,,,,,,,,,,
296.80015,,,,,,,,,3.38183985958128,2.66418889973608,,,,,,,,,,
297.20015,,,,,,,,,3.7257610090739,2.32026775024346,,,,,,,,,,
297.60015,,,,,,,,,3.69979679616387,2.34623196315349,,,,,,,,,,
298.00015,,,,,,,,,2.32689600734877,3.71913275196859,,,,,,,,,,
298.40015,,,,,,,,,3.73167219354421,2.31435656577315,,,,,,,,,,
298.80015,,,,,,,,,1.91583524619705,4.13019351312031,,,,,,,,,,
299.20015,,,,,,,,,3.33913053115719,2.70689822816017,,,,,,,,,,
299.60015,,,,,,,,,3.77547010168517,2.27055865763219,,,,,,,,,,
300.00015,,,,,,,,,3.15893750612197,2.88709125319539,,,,,,,,,,
300.40015,,,,,,,,,2.41113541802172,3.63489334129564,,,,,,,,,,
300.80015,,,,,,,,,2.36647369017468,3.67955506914268,,,,,,,,,,
301.20015,,,,,,,,,2.43320650122291,3.61282225809444,,,,,,,,,,
301.60015,,,,,,,,,1.74385534957142,4.30217340974594,,,,,,,,,,
302.00015,,,,,,,,,3.45362486455733,2.59240389476003,,,,,,,,,,
302.40015,,,,,,,,,2.82262500370839,3.22340375560897,,,,,,,,,,
302.80015,,,,,,,,,2.47111037986726,3.5749183794501,,,,,,,,,,
303.20015,,,,,,,,,2.60362349124548,3.44240526807188,,,,,,,,,,
303.60015,,,,,,,,,2.79135149506359,3.25467726425377,,,,,,,,,,
304.00015,,,,,,,,,3.623490628164,2.42253813115336,,,,,,,,,,
304.40015,,,,,,,,,3.31873238859972,2.72729637071764,,,,,,,,,,
304.80015,,,,,,,,,2.71745397381602,3.32857478550134,,,,,,,,,,
305.20015,,,,,,,,,3.22215135347628,2.82387740584108,,,,,,,,,,
305.60015,,,,,,,,,2.68254220971351,3.36348654960385,,,,,,,,,,
306.00015,,,,,,,,,1.87776419546968,4.16826456384768,,,,,,,,,,
306.40015,,,,,,,,,3.56097985868695,2.48504890063041,,,,,,,,,,
306.80015,,,,,,,,,1.48534228675387,4.56068647256349,,,,,,,,,,
307.20015,,,,,,,,,2.99546026391652,3.05056849540084,,,,,,,,,,
307.60015,,,,,,,,,2.54496749847154,3.50106126084582,,,,,,,,,,
308.00015,,,,,,,,,3.32909940392606,2.7169293553913,,,,,,,,,,
308.40015,,,,,,,,,2.70325303324092,3.34277572607644,,,,,,,,,,
308.80015,,,,,,,,,2.22520258167722,3.82082617764014,,,,,,,,,,
309.20015,,,,,,,,,2.27567293092477,3.77035582839259,,,,,,,,,,
309.60015,,,,,,,,,2.79816105083546,3.2478677084819,,,,,,,,,,
310.00015,,,,,,,,,3.02706255406814,3.01896620524922,,,,,,,,,,
310.40015,,,,,,,,,3.28291233674408,2.76311642257328,,,,,,,,,,
310.80015,,,,,,,,,2.99257425385504,3.05345450546232,,,,,,,,,,
311.20015,,,,,,,,,2.6547003359154,3.39132842340196,,,,,,,,,,
311.60015,,,,,,,,,3.51802460581282,2.52800415350454,,,,,,,,,,
312.00015,,,,,,,,,1.96778703994653,4.07824171937083,,,,,,,,,,
312.40015,,,,,,,,,2.24410863258397,3.80192012673339,,,,,,,,,,
312.80015,,,,,,,,,1.9364273500421,4.10960140927526,,,,,,,,,,
313.20015,,,,,,,,,2.512215356676,3.53381340264136,,,,,,,,,,
313.60015,,,,,,,,,2.76168597235458,3.28434278696278,,,,,,,,,,
314.00015,,,,,,,,,2.63203967640692,3.41398908291044,,,,,,,,,,
314.40015,,,,,,,,,2.97542082987798,3.07060792943938,,,,,,,,,,
314.80015,,,,,,,,,3.37266995380032,2.67335880551704,,,,,,,,,,
315.20015,,,,,,,,,2.26221222312324,3.78381653619412,,,,,,,,,,
315.60015,,,,,,,,,2.03062126379277,4.01540749552459,,,,,,,,,,
316.00015,,,,,,,,,2.01873761920186,4.0272911401155,,,,,,,,,,
316.40015,,,,,,,,,2.68533873011391,3.36069002920345,,,,,,,,,,
316.80015,,,,,,,,,1.30527433845107,4.74075442086629,,,,,,,,,,
317.20015,,,,,,,,,2.37300163163502,3.67302712768234,,,,,,,,,,
317.60015,,,,,,,,,2.44469117822406,3.6013375810933,,,,,,,,,,
318.00015,,,,,,,,,3.21908069599997,2.82694806331739,,,,,,,,,,
318.40015,,,,,,,,,2.54166064538548,3.50436811393188,,,,,,,,,,
318.80015,,,,,,,,,2.75034802820729,3.29568073111007,,,,,,,,,,
319.20015,,,,,,,,,1.78799418818516,4.2580345711322,,,,,,,,,,
319.60015,,,,,,,,,2.80126490440741,3.24476385490995,,,,,,,,,,
320.00015,,,,,,,,,1.90303561446746,4.1429931448499,,,,,,,,,,
320.40015,,,,,,,,,2.91454615498778,3.13148260432958,,,,,,,,,,
320.80015,,,,,,,,,2.46746757854888,3.57856118076848,,,,,,,,,,
321.20015,,,,,,,,,2.48212110737644,3.56390765194092,,,,,,,,,,
321.60015,,,,,,,,,2.58909487885239,3.45693388046497,,,,,,,,,,
322.00015,,,,,,,,,2.82195826170006,3.2240704976173,,,,,,,,,,
322.40015,,,,,,,,,1.78773574565768,4.25829301365968,,,,,,,,,,
322.80015,,,,,,,,,2.87932392342442,3.16670483589294,,,,,,,,,,
323.20015,,,,,,,,,2.55989121723124,3.48613754208612,,,,,,,,,,
323.60015,,,,,,,,,2.43172312621354,3.61430563310382,,,,,,,,,,
324.00015,,,,,,,,,2.34638616388551,3.69964259543185,,,,,,,,,,
324.40015,,,,,,,,,1.99481107980439,4.05121767951297,,,,,,,,,,
324.80015,,,,,,,,,2.53504507921713,3.51098368010023,,,,,,,,,,
325.20015,,,,,,,,,1.64857884346322,4.39744991585414,,,,,,,,,,
325.60015,,,,,,,,,3.19380377391534,2.85222498540202,,,,,,,,,,
326.000175,,,,,,,,,2.22351566078166,3.8225130985357,,,,,,,,,,
326.400175,,,,,,,,,2.44477786975257,3.60125088956479,,,,,,,,,,
326.800175,,,,,,,,,2.83699900648633,3.20902975283103,,,,,,,,,,
327.200175,,,,,,,,,1.73499535759717,4.3110334017202,,,,,,,,,,
327.600175,,,,,,,,,2.12965042268388,3.91637833663348,,,,,,,,,,
328.000175,,,,,,,,,2.55980670800733,3.48622205131003,,,,,,,,,,
328.400175,,,,,,,,,2.50131243400397,3.54471632531339,,,,,,,,,,
328.800175,,,,,,,,,2.67906505668105,3.36696370263631,,,,,,,,,,
329.200175,,,,,,,,,3.08368504037433,2.96234371894303,,,,,,,,,,
329.600175,,,,,,,,,2.53337040898303,3.51265835033433,,,,,,,,,,
330.000175,,,,,,,,,2.40947289554082,3.63655586377654,,,,,,,,,,
330.400175,,,,,,,,,2.26457246599509,3.78145629332227,,,,,,,,,,
330.800175,,,,,,,,,3.05175060333816,2.9942781559792,,,,,,,,,,
331.200175,,,,,,,,,2.7672458957428,3.27878286357456,,,,,,,,,,
331.600175,,,,,,,,,2.92477190009064,3.12125685922672,,,,,,,,,,
332.000175,,,,,,,,,1.73367316325107,4.31235559606629,,,,,,,,,,
332.400175,,,,,,,,,2.52397559449961,3.52205316481775,,,,,,,,,,
332.800175,,,,,,,,,3.49779549265399,2.54823326666337,,,,,,,,,,
333.200175,,,,,,,,,1.90014767450087,4.14588108481649,,,,,,,,,,
333.600175,,,,,,,,,2.57895571989973,3.46707303941763,,,,,,,,,,
334.000175,,,,,,,,,2.49157139735459,3.55445736196277,,,,,,,,,,
334.400175,,,,,,,,,2.50681016096061,3.53921859835675,,,,,,,,,,
334.800175,,,,,,,,,2.98268616420074,3.06334259511662,,,,,,,,,,
335.200175,,,,,,,,,2.2439263453573,3.80210241396006,,,,,,,,,,
335.600175,,,,,,,,,2.47971137610011,3.56631738321725,,,,,,,,,,
336.000175,,,,,,,,,2.70410612934044,3.34192262997692,,,,,,,,,,
336.400175,,,,,,,,,2.09192591088816,3.9541028484292,,,,,,,,,,
336.800175,,,,,,,,,2.45332319349212,3.59270556582524,,,,,,,,,,
337.200175,,,,,,,,,2.50858349564165,3.53744526367571,,,,,,,,,,
337.600175,,,,,,,,,2.41504856256449,3.63098019675287,,,,,,,,,,
338.000175,,,,,,,,,1.8524321839435,4.19359657537386,,,,,,,,,,
338.400175,,,,,,,,,2.42071801398357,3.62531074533379,,,,,,,,,,
338.800175,,,,,,,,,3.39471578351425,2.65131297580311,,,,,,,,,,
339.200175,,,,,,,,,2.32565864722977,3.72037011208759,,,,,,,,,,
339.600175,,,,,,,,,2.96576610616759,3.08026265314977,,,,,,,,,,
340.000175,,,,,,,,,2.77320276230785,3.27282599700951,,,,,,,,,,
340.400175,,,,,,,,,2.60262658612839,3.44340217318897,,,,,,,,,,
340.800175,,,,,,,,,2.20674608034637,3.83928267897099,,,,,,,,,,
341.200175,,,,,,,,,3.07227239344354,2.97375636587382,,,,,,,,,,
341.600175,,,,,,,,,2.73700184427398,3.30902691504338,,,,,,,,,,
342.000175,,,,,,,,,3.61289637805658,2.43313238126078,,,,,,,,,,
342.400175,,,,,,,,,3.00922584598185,3.03680291333551,,,,,,,,,,
342.800175,,,,,,,,,3.81306068931215,2.23296807000521,,,,,,,,,,
343.200175,,,,,,,,,2.54860521447995,3.49742354483741,,,,,,,,,,
343.600175,,,,,,,,,3.80920211424824,2.23682664506912,,,,,,,,,,
344.000175,,,,,,,,,2.91766082040659,3.12836793891077,,,,,,,,,,
344.400175,,,,,,,,,2.75229512302506,3.2937336362923,,,,,,,,,,
344.800175,,,,,,,,,3.13684104046745,2.90918771884991,,,,,,,,,,
345.200175,,,,,,,,,2.26186701530019,3.78416174401717,,,,,,,,,,
345.600175,,,,,,,,,3.07956097477611,2.96646778454125,,,,,,,,,,
346.000175,,,,,,,,,3.26402300462982,2.78200575468754,,,,,,,,,,
346.400175,,,,,,,,,2.46869500320637,3.57733375611099,,,,,,,,,,
346.800175,,,,,,,,,3.62676326555317,2.41926549376419,,,,,,,,,,
347.200175,,,,,,,,,3.18538690539941,2.86064185391795,,,,,,,,,,
347.600175,,,,,,,,,2.76938691697531,3.27664184234205,,,,,,,,,,
348.000175,,,,,,,,,3.22257364935344,2.82345510996392,,,,,,,,,,
348.400175,,,,,,,,,3.278761303499,2.76726745581836,,,,,,,,,,
348.800175,,,,,,,,,2.84095580927088,3.20507295004648,,,,,,,,,,
349.200175,,,,,,,,,2.87047372409983,3.17555503521753,,,,,,,,,,
349.600175,,,,,,,,,2.85229294837338,3.19373581094398,,,,,,,,,,
350.000175,,,,,,,,,2.69977272480509,3.34625603451227,,,,,,,,,,
350.400175,,,,,,,,,2.63691100804314,3.40911775127422,,,,,,,,,,
350.800175,,,,,,,,,2.44385817974132,3.60217057957604,,,,,,,,,,
351.200175,,,,,,,,,2.24368320228509,3.80234555703227,,,,,,,,,,
351.600175,,,,,,,,,3.02007343507646,3.0259553242409,,,,,,,,,,
352.000175,,,,,,,,,3.5833483708561,2.46268038846126,,,,,,,,,,
352.400175,,,,,,,,,3.66662157876864,2.37940718054872,,,,,,,,,,
352.800175,,,,,,,,,3.26297543177991,2.78305332753745,,,,,,,,,,
353.200175,,,,,,,,,2.91977926715706,3.1262494921603,,,,,,,,,,
353.600175,,,,,,,,,2.35945258360346,3.6865761757139,,,,,,,,,,
354.000175,,,,,,,,,2.25354865878043,3.79248010053693,,,,,,,,,,
354.400175,,,,,,,,,3.45842370566806,2.5876050536493,,,,,,,,,,
354.800175,,,,,,,,,2.21270632084991,3.83332243846745,,,,,,,,,,
355.200175,,,,,,,,,3.13635711152957,2.90967164778779,,,,,,,,,,
355.600175,,,,,,,,,2.34013683699148,3.70589192232588,,,,,,,,,,
356.000175,,,,,,,,,3.12774585647358,2.91828290284378,,,,,,,,,,
356.400175,,,,,,,,,2.45054593678397,3.59548282253339,,,,,,,,,,
356.800175,,,,,,,,,3.79634803710941,2.24968072220795,,,,,,,,,,
357.200175,,,,,,,,,2.99275083899486,3.0532779203225,,,,,,,,,,
357.600175,,,,,,,,,2.30966860462145,3.73636015469591,,,,,,,,,,
358.000175,,,,,,,,,2.76785100013493,3.27817775918243,,,,,,,,,,
358.400175,,,,,,,,,1.86291730239439,4.18311145692297,,,,,,,,,,
358.800175,,,,,,,,,3.17304932243378,2.87297943688358,,,,,,,,,,
359.200175,,,,,,,,,3.20453568844166,2.8414930708757,,,,,,,,,,
359.600175,,,,,,,,,3.02835347016569,3.01767528915167,,,,,,,,,,
360.000175,,,,,,,,,1.61281968520799,4.43320907410937,,,,,,,,,,
360.400175,,,,,,,,,2.13713527719719,3.90889348212017,,,,,,,,,,
360.800175,,,,,,,,,2.61494294988417,3.43108580943319,,,,,,,,,,
361.200175,,,,,,,,,3.09263671379273,2.95339204552463,,,,,,,,,,
361.600175,,,,,,,,,2.62187544631299,3.42415331300437,,,,,,,,,,
362.000175,,,,,,,,,2.5676505582714,3.47837820104596,,,,,,,,,,
362.400175,,,,,,,,,3.24278903135992,2.80323972795744,,,,,,,,,,
362.800175,,,,,,,,,1.79498778644362,4.25104097287374,,,,,,,,,,
363.200175,,,,,,,,,2.03052257465191,4.01550618466545,,,,,,,,,,
363.600175,,,,,,,,,3.26658586770763,2.77944289160973,,,,,,,,,,
364.000175,,,,,,,,,3.21101985233042,2.83500890698694,,,,,,,,,,
364.400175,,,,,,,,,2.35939279918251,3.68663596013485,,,,,,,,,,
364.800175,,,,,,,,,3.66600679325642,2.38002196606094,,,,,,,,,,
365.200175,,,,,,,,,1.96984454592525,4.07618421339211,,,,,,,,,,
365.600175,,,,,,,,,3.25122804340974,2.79480071590762,,,,,,,,,,
366.000175,,,,,,,,,3.04160463821706,3.0044241211003,,,,,,,,,,
366.400175,,,,,,,,,3.58961390110843,2.45641485820893,,,,,,,,,,
366.800175,,,,,,,,,3.2188232768621,2.82720548245526,,,,,,,,,,
367.200175,,,,,,,,,2.08458214371902,3.96144661559834,,,,,,,,,,
367.600175,,,,,,,,,2.7882104009914,3.25781835832596,,,,,,,,,,
368.000175,,,,,,,,,3.57764647679337,2.46838228252399,,,,,,,,,,
368.400175,,,,,,,,,2.13741558381213,3.90861317550523,,,,,,,,,,
368.800175,,,,,,,,,2.79883810241616,3.24719065690119,,,,,,,,,,
369.200175,,,,,,,,,3.99205704736381,2.05397171195355,,,,,,,,,,
369.600175,,,,,,,,,1.87046472094217,4.17556403837519,,,,,,,,,,
370.000175,,,,,,,,,3.6789919403147,2.36703681900266,,,,,,,,,,
370.400175,,,,,,,,,3.75210606016079,2.29392269915657,,,,,,,,,,
370.800175,,,,,,,,,2.93071333499684,3.11531542432052,,,,,,,,,,
371.200175,,,,,,,,,3.13470553770042,2.91132322161694,,,,,,,,,,
371.600175,,,,,,,,,3.14929877531395,2.89672998400341,,,,,,,,,,
372.000175,,,,,,,,,3.36391299115739,2.68211576815997,,,,,,,,,,
372.400175,,,,,,,,,2.46678229481493,3.57924646450243,,,,,,,,,,
372.800175,,,,,,,,,3.08254771519447,2.96348104412289,,,,,,,,,,
373.200175,,,,,,,,,3.75413036354486,2.2918983957725,,,,,,,,,,
373.600175,,,,,,,,,2.38595695882111,3.66007180049625,,,,,,,,,,
374.000175,,,,,,,,,2.87932548139732,3.16670327792004,,,,,,,,,,
374.400175,,,,,,,,,3.29052843840149,2.75550032091587,,,,,,,,,,
374.800175,,,,,,,,,2.33978045076735,3.70624830855001,,,,,,,,,,
375.200175,,,,,,,,,3.61851036719165,2.42751839212571,,,,,,,,,,
375.600175,,,,,,,,,2.29668321967869,3.74934553963867,,,,,,,,,,
376.000175,,,,,,,,,3.017988343665,3.02804041565236,,,,,,,,,,
376.4002,,,,,,,,,3.47714038644452,2.56888837287284,,,,,,,,,,
376.8002,,,,,,,,,3.06101357160227,2.98501518771509,,,,,,,,,,
377.2002,,,,,,,,,3.4432112797054,2.60281747961196,,,,,,,,,,
377.6002,,,,,,,,,2.81439151670337,3.23163724261399,,,,,,,,,,
378.0002,,,,,,,,,2.54364503677561,3.50238372254175,,,,,,,,,,
378.4002,,,,,,,,,3.72460445023644,2.32142430908092,,,,,,,,,,
378.8002,,,,,,,,,2.57420270114145,3.47182605817591,,,,,,,,,,
379.2002,,,,,,,,,2.71334192688291,3.33268683243445,,,,,,,,,,
379.6002,,,,,,,,,3.14018788272269,2.90584087659467,,,,,,,,,,
380.0002,,,,,,,,,3.01908630800126,3.0269424513161,,,,,,,,,,
380.4002,,,,,,,,,3.81708838538664,2.22894037393072,,,,,,,,,,
380.8002,,,,,,,,,2.83826818521015,3.20776057410721,,,,,,,,,,
381.2002,,,,,,,,,2.14383944273972,3.90218931657764,,,,,,,,,,
381.6002,,,,,,,,,2.98395872392697,3.06207003539039,,,,,,,,,,
382.0002,,,,,,,,,2.68166049020186,3.3643682691155,,,,,,,,,,
382.4002,,,,,,,,,2.94275613093072,3.10327262838664,,,,,,,,,,
382.8002,,,,,,,,,3.64982883369028,2.39619992562708,,,,,,,,,,
383.2002,,,,,,,,,3.03185013501432,3.01417862430304,,,,,,,,,,
383.6002,,,,,,,,,3.17315118181017,2.87287757750719,,,,,,,,,,
384.0002,,,,,,,,,3.54490525804869,2.50112350126867,,,,,,,,,,
384.4002,,,,,,,,,2.11307347199449,3.93295528732287,,,,,,,,,,
384.8002,,,,,,,,,2.28997984356588,3.75604891575148,,,,,,,,,,
385.2002,,,,,,,,,3.04001227874112,3.00601648057624,,,,,,,,,,
385.6002,,,,,,,,,1.99882017589609,4.04720858342127,,,,,,,,,,
386.0002,,,,,,,,,3.53875219137544,2.50727656794192,,,,,,,,,,
386.4002,,,,,,,,,3.35072819545625,2.6953005638611,,,,,,,,,,
386.8002,,,,,,,,,3.07202836861419,2.97400039070317,,,,,,,,,,
387.2002,,,,,,,,,2.76368741457381,3.28234134474355,,,,,,,,,,
387.6002,,,,,,,,,3.55589431132844,2.49013444798892,,,,,,,,,,
388.0002,,,,,,,,,3.13540405376266,2.9106247055547,,,,,,,,,,
388.4002,,,,,,,,,3.1893936531598,2.85663510615756,,,,,,,,,,
388.8002,,,,,,,,,3.27819684866955,2.76783191064781,,,,,,,,,,
389.2002,,,,,,,,,3.28707064548681,2.75895811383055,,,,,,,,,,
389.6002,,,,,,,,,3.50237729060973,2.54365146870763,,,,,,,,,,
390.0002,,,,,,,,,2.68751477218299,3.35851398713437,,,,,,,,,,
390.4002,,,,,,,,,2.7757595766688,3.27026918264856,,,,,,,,,,
390.8002,,,,,,,,,3.04995278630417,2.99607597301319,,,,,,,,,,
391.2002,,,,,,,,,4.26028874708889,1.78574001222847,,,,,,,,,,
391.6002,,,,,,,,,3.16882166400448,2.87720709531288,,,,,,,,,,
392.0002,,,,,,,,,2.80899625843561,3.23703250088175,,,,,,,,,,
392.4002,,,,,,,,,3.11153522729774,2.93449353201962,,,,,,,,,,
392.8002,,,,,,,,,3.0796454002909,2.96638335902646,,,,,,,,,,
393.2002,,,,,,,,,1.95296914001382,4.09305961930354,,,,,,,,,,
393.6002,,,,,,,,,2.855447855721,3.19058090359636,,,,,,,,,,
394.0002,,,,,,,,,3.6070386689456,2.43899009037176,,,,,,,,,,
394.4002,,,,,,,,,2.1132389477996,3.93278981151776,,,,,,,,,,
394.8002,,,,,,,,,2.32655265098246,3.7194761083349,,,,,,,,,,
395.2002,,,,,,,,,3.34763899136431,2.69838976795305,,,,,,,,,,
395.6002,,,,,,,,,2.600047486221,3.44598127309636,,,,,,,,,,
396.0002,,,,,,,,,2.27334939489255,3.77267936442481,,,,,,,,,,
396.4002,,,,,,,,,3.01450205255558,3.03152670676178,,,,,,,,,,
396.8002,,,,,,,,,2.42639965707073,3.61962910224663,,,,,,,,,,
397.2002,,,,,,,,,3.46673244983727,2.57929630948009,,,,,,,,,,
397.6002,,,,,,,,,3.91539003380405,2.13063872551331,,,,,,,,,,
398.0002,,,,,,,,,3.96668097307299,2.07934778624437,,,,,,,,,,
398.4002,,,,,,,,,2.2580347890253,3.78799397029207,,,,,,,,,,
398.8002,,,,,,,,,3.11695151800626,2.9290772413111,,,,,,,,,,
399.2002,,,,,,,,,3.11753987030265,2.92848888901471,,,,,,,,,,
399.6002,,,,,,,,,2.44779832696462,3.59823043235274,,,,,,,,,,
400.0002,,,,,,,,,2.86179336876691,3.18423539055045,,,,,,,,,,
400.4002,,,,,,,,,3.36300669893638,2.68302206038098,,,,,,,,,,
400.8002,,,,,,,,,2.73294133229903,3.31308742701833,,,,,,,,,,
401.2002,,,,,,,,,3.2762445672361,2.76978419208126,,,,,,,,,,
401.6002,,,,,,,,,2.55584445866178,3.49018430065558,,,,,,,,,,
402.0002,,,,,,,,,1.52200156230285,4.52402719701451,,,,,,,,,,
402.4002,,,,,,,,,2.16462259115076,3.8814061681666,,,,,,,,,,
402.8002,,,,,,,,,3.20816861542623,2.83786014389113,,,,,,,,,,
403.2002,,,,,,,,,3.1977661562373,2.84826260308006,,,,,,,,,,
403.6002,,,,,,,,,3.26715334198217,2.77887541733519,,,,,,,,,,
404.0002,,,,,,,,,3.13112985970511,2.91489889961225,,,,,,,,,,
404.4002,,,,,,,,,2.21162168200573,3.83440707731163,,,,,,,,,,
404.8002,,,,,,,,,3.42596910448535,2.62005965483201,,,,,,,,,,
405.2002,,,,,,,,,2.22842826028398,3.81760049903338,,,,,,,,,,
405.6002,,,,,,,,,2.00591166587139,4.04011709344597,,,,,,,,,,
406.0002,,,,,,,,,3.46864988006466,2.5773788792527,,,,,,,,,,
406.4002,,,,,,,,,2.93108454110241,3.11494421821495,,,,,,,,,,
406.8002,,,,,,,,,3.03656455031196,3.0094642090054,,,,,,,,,,
407.2002,,,,,,,,,3.19156226986637,2.85446648945099,,,,,,,,,,
407.6002,,,,,,,,,2.10120483554814,3.94482392376922,,,,,,,,,,
408.0002,,,,,,,,,2.83655618170108,3.20947257761628,,,,,,,,,,
408.4002,,,,,,,,,2.5182793440933,3.52774941522406,,,,,,,,,,
408.8002,,,,,,,,,2.92923684411357,3.11679191520379,,,,,,,,,,
409.2002,,,,,,,,,2.8806947712198,3.16533398809756,,,,,,,,,,
409.6002,,,,,,,,,2.31569631501469,3.73033244430267,,,,,,,,,,
410.0002,,,,,,,,,2.30253281274102,3.74349594657634,,,,,,,,,,
410.4002,,,,,,,,,3.73872007464238,2.30730868467498,,,,,,,,,,
410.8002,,,,,,,,,2.62207922072062,3.42394953859674,,,,,,,,,,
411.2002,,,,,,,,,2.61956551377528,3.42646324554208,,,,,,,,,,
411.6002,,,,,,,,,2.88423238015827,3.16179637915909,,,,,,,,,,
412.0002,,,,,,,,,3.56955896285343,2.47646979646393,,,,,,,,,,
412.4002,,,,,,,,,3.84982871856421,2.19620004075315,,,,,,,,,,
412.8002,,,,,,,,,2.2596449936944,3.78638376562296,,,,,,,,,,
413.2002,,,,,,,,,2.81846427655133,3.22756448276603,,,,,,,,,,
413.6002,,,,,,,,,2.27970717856731,3.76632158075005,,,,,,,,,,
414.0002,,,,,,,,,3.47135038115478,2.57467837816258,,,,,,,,,,
414.4002,,,,,,,,,3.50657317704583,2.53945558227153,,,,,,,,,,
414.8002,,,,,,,,,2.81356004662917,3.23246871268819,,,,,,,,,,
415.2002,,,,,,,,,2.33544340589422,3.71058535342314,,,,,,,,,,
415.6002,,,,,,,,,3.15064273833521,2.89538602098215,,,,,,,,,,
416.0002,,,,,,,,,2.73970217115418,3.30632658816318,,,,,,,,,,
416.4002,,,,,,,,,2.85037171775478,3.19565704156258,,,,,,,,,,
416.8002,,,,,,,,,2.59263326592621,3.45339549339115,,,,,,,,,,
417.2002,,,,,,,,,3.10004805250555,2.94598070681181,,,,,,,,,,
417.6002,,,,,,,,,3.53471872962029,2.51131002969707,,,,,,,,,,
418.0002,,,,,,,,,3.47758087705646,2.5684478822609,,,,,,,,,,
418.4002,,,,,,,,,3.29369338343869,2.75233537587867,,,,,,,,,,
418.8002,,,,,,,,,3.02732436579246,3.0187043935249,,,,,,,,,,
419.2002,,,,,,,,,2.78771043634228,3.25831832297508,,,,,,,,,,
419.600225,,,,,,,,,3.05085212776171,2.99517663155565,,,,,,,,,,
420.000225,,,,,,,,,1.89814246020671,4.14788629911065,,,,,,,,,,
420.400225,,,,,,,,,3.71312881099272,2.33289994832464,,,,,,,,,,
420.800225,,,,,,,,,1.72552590530143,4.32050285401593,,,,,,,,,,
421.200225,,,,,,,,,2.70689376078432,3.33913499853304,,,,,,,,,,
421.600225,,,,,,,,,2.94665580647587,3.09937295284149,,,,,,,,,,
422.000225,,,,,,,,,2.84525282725872,3.20077593205864,,,,,,,,,,
422.400225,,,,,,,,,2.92162398066783,3.12440477864953,,,,,,,,,,
422.800225,,,,,,,,,3.26039192027351,2.78563683904385,,,,,,,,,,
423.200225,,,,,,,,,2.9909602746774,3.05506848463996,,,,,,,,,,
423.600225,,,,,,,,,3.19818323466849,2.84784552464887,,,,,,,,,,
424.000225,,,,,,,,,2.00560878557082,4.04041997374654,,,,,,,,,,
424.400225,,,,,,,,,2.10947218120072,3.93655657811664,,,,,,,,,,
424.800225,,,,,,,,,3.34384246728456,2.7021862920328,,,,,,,,,,
425.200225,,,,,,,,,1.91387952233494,4.13214923698242,,,,,,,,,,
425.600225,,,,,,,,,2.53924469252768,3.50678406678968,,,,,,,,,,
426.000225,,,,,,,,,2.54133988391757,3.50468887539979,,,,,,,,,,
426.400225,,,,,,,,,3.22401460558093,2.82201415373643,,,,,,,,,,
426.800225,,,,,,,,,3.49373506758138,2.55229369173598,,,,,,,,,,
427.200225,,,,,,,,,2.58477832086656,3.4612504384508,,,,,,,,,,
427.600225,,,,,,,,,1.49204775936978,4.55398099994758,,,,,,,,,,
428.000225,,,,,,,,,2.89802659894061,3.14800216037675,,,,,,,,,,
428.400225,,,,,,,,,2.20986821923644,3.83616054008092,,,,,,,,,,
428.800225,,,,,,,,,1.74767455441526,4.2983542049021,,,,,,,,,,
429.200225,,,,,,,,,3.91695229274775,2.12907646656961,,,,,,,,,,
429.600225,,,,,,,,,2.49456182802622,3.55146693129114,,,,,,,,,,
430.000225,,,,,,,,,3.22424757637238,2.82178118294498,,,,,,,,,,
430.400225,,,,,,,,,3.36626680620862,2.67976195310874,,,,,,,,,,
430.800225,,,,,,,,,3.33474154176244,2.71128721755492,,,,,,,,,,
431.200225,,,,,,,,,3.28250787190454,2.76352088741282,,,,,,,,,,
431.600225,,,,,,,,,2.86065272251285,3.18537603680451,,,,,,,,,,
432.000225,,,,,,,,,2.84856197733264,3.19746678198472,,,,,,,,,,
432.400225,,,,,,,,,2.30109812707987,3.74493063223749,,,,,,,,,,
432.800225,,,,,,,,,2.44058173975874,3.60544701955862,,,,,,,,,,
433.200225,,,,,,,,,3.25269863942758,2.79333011988978,,,,,,,,,,
433.600225,,,,,,,,,2.07227583716175,3.97375292215561,,,,,,,,,,
434.000225,,,,,,,,,3.33400100827776,2.7120277510396,,,,,,,,,,
434.400225,,,,,,,,,3.33796057847002,2.70806818084734,,,,,,,,,,
434.800225,,,,,,,,,2.09797069020538,3.94805806911197,,,,,,,,,,
435.200225,,,,,,,,,2.36196990861898,3.68405885069838,,,,,,,,,,
435.600225,,,,,,,,,2.38679654824095,3.65923221107641,,,,,,,,,,
436.000225,,,,,,,,,2.37591679021454,3.67011196910282,,,,,,,,,,
436.400225,,,,,,,,,2.28890881128551,3.75711994803185,,,,,,,,,,
436.800225,,,,,,,,,2.28381848798612,3.76221027133124,,,,,,,,,,
437.200225,,,,,,,,,1.83574708336722,4.21028167595014,,,,,,,,,,
437.600225,,,,,,,,,3.09671342995046,2.9493153293669,,,,,,,,,,
438.000225,,,,,,,,,2.77832442388933,3.26770433542803,,,,,,,,,,
438.400225,,,,,,,,,2.48086187991777,3.56516687939959,,,,,,,,,,
438.800225,,,,,,,,,2.17482079554168,3.87120796377568,,,,,,,,,,
439.200225,,,,,,,,,2.63705851399184,3.40897024532552,,,,,,,,,,
439.600225,,,,,,,,,3.26759004105199,2.77843871826537,,,,,,,,,,
440.000225,,,,,,,,,2.26279608580481,3.78323267351255,,,,,,,,,,
440.400225,,,,,,,,,1.59930089788892,4.44672786142844,,,,,,,,,,
440.800225,,,,,,,,,3.04184088017914,3.00418787913822,,,,,,,,,,
441.200225,,,,,,,,,2.45755924468561,3.58846951463175,,,,,,,,,,
441.600225,,,,,,,,,1.9278067402936,4.11822201902376,,,,,,,,,,
442.000225,,,,,,,,,2.74083078673514,3.30519797258222,,,,,,,,,,
442.400225,,,,,,,,,2.97036115700781,3.07566760230955,,,,,,,,,,
442.800225,,,,,,,,,2.05903893643788,3.98698982287948,,,,,,,,,,
443.200225,,,,,,,,,2.8006307070412,3.24539805227616,,,,,,,,,,
443.600225,,,,,,,,,2.92675810002099,3.11927065929637,,,,,,,,,,
444.000225,,,,,,,,,2.89307048341471,3.15295827590265,,,,,,,,,,
444.400225,,,,,,,,,4.24694365548998,1.79908510382738,,,,,,,,,,
444.800225,,,,,,,,,3.5915782050909,2.45445055422646,,,,,,,,,,
445.200225,,,,,,,,,4.09314383660325,1.95288492271411,,,,,,,,,,
445.600225,,,,,,,,,3.19154178137332,2.85448697794404,,,,,,,,,,
446.000225,,,,,,,,,1.6532558598521,4.39277289946526,,,,,,,,,,
446.400225,,,,,,,,,2.95936724696102,3.08666151235634,,,,,,,,,,
446.800225,,,,,,,,,3.03977659897703,3.00625216034033,,,,,,,,,,
447.200225,,,,,,,,,3.73388163421464,2.31214712510272,,,,,,,,,,
447.600225,,,,,,,,,2.74330347736692,3.30272528195044,,,,,,,,,,
448.000225,,,,,,,,,2.46312325060921,3.58290550870815,,,,,,,,,,
448.400225,,,,,,,,,2.67334445514215,3.37268430417521,,,,,,,,,,
448.800225,,,,,,,,,2.14695595375199,3.89907280556537,,,,,,,,,,
449.200225,,,,,,,,,2.96281546956279,3.08321328975457,,,,,,,,,,
449.600225,,,,,,,,,1.90733325712654,4.13869550219082,,,,,,,,,,
450.000225,,,,,,,,,2.66940864994164,3.37662010937572,,,,,,,,,,
450.400225,,,,,,,,,3.48978067016113,2.55624808915623,,,,,,,,,,
450.800225,,,,,,,,,3.51697193250827,2.52905682680909,,,,,,,,,,
451.200225,,,,,,,,,3.77577732530416,2.2702514340132,,,,,,,,,,
451.600225,,,,,,,,,3.6837774301888,2.36225132912856,,,,,,,,,,
452.000225,,,,,,,,,3.50920800319194,2.53682075612542,,,,,,,,,,
452.400225,,,,,,,,,3.36458214523421,2.68144661408316,,,,,,,,,,
452.800225,,,,,,,,,2.56804727598361,3.47798148333375,,,,,,,,,,
453.200225,,,,,,,,,3.00753815848668,3.03849060083068,,,,,,,,,,
453.600225,,,,,,,,,3.11472947697161,2.93129928234575,,,,,,,,,,
454.000225,,,,,,,,,2.42501535892654,3.62101340039082,,,,,,,,,,
454.400225,,,,,,,,,2.33205000068579,3.71397875863157,,,,,,,,,,
454.800225,,,,,,,,,2.58518799210727,3.46084076721009,,,,,,,,,,
455.200225,,,,,,,,,3.23027918265925,2.81574957665811,,,,,,,,,,
455.600225,,,,,,,,,2.30973489270284,3.73629386661452,,,,,,,,,,
456.000225,,,,,,,,,2.1096522924478,3.93637646686956,,,,,,,,,,
456.400225,,,,,,,,,2.75997377093354,3.28605498838382,,,,,,,,,,
456.800225,,,,,,,,,3.09767668011739,2.94835207919997,,,,,,,,,,
457.200225,,,,,,,,,1.69126824562282,4.35476051369454,,,,,,,,,,
457.600225,,,,,,,,,2.73000717662051,3.31602158269685,,,,,,,,,,
458.000225,,,,,,,,,2.90645660712834,3.13957215218902,,,,,,,,,,
458.400225,,,,,,,,,1.98160559956183,4.06442315975553,,,,,,,,,,
458.800225,,,,,,,,,3.22244937580431,2.82357938351305,,,,,,,,,,
459.200225,,,,,,,,,2.38356528984414,3.66246346947322,,,,,,,,,,
459.600225,,,,,,,,,3.01105357128152,3.03497518803584,,,,,,,,,,
460.000225,,,,,,,,,2.07443227063477,3.97159648868259,,,,,,,,,,
460.400225,,,,,,,,,3.25278825044135,2.79324050887601,,,,,,,,,,
460.800225,,,,,,,,,2.04595916156443,4.00006959775293,,,,,,,,,,
461.200225,,,,,,,,,3.43060654355437,2.61542221576299,,,,,,,,,,
461.600225,,,,,,,,,1.44851293763233,4.59751582168504,,,,,,,,,,
462.000225,,,,,,,,,1.84352662208829,4.20250213722907,,,,,,,,,,
462.400225,,,,,,,,,2.80844595827977,3.23758280103759,,,,,,,,,,
462.800225,,,,,,,,,3.23730551300177,2.80872324631559,,,,,,,,,,
463.200225,,,,,,,,,2.04051227402563,4.00551648529173,,,,,,,,,,
463.600225,,,,,,,,,2.60311710212401,3.44291165719335,,,,,,,,,,
464.000225,,,,,,,,,2.71485041851502,3.33117834080234,,,,,,,,,,
464.400225,,,,,,,,,1.21207444695706,4.8339543123603,,,,,,,,,,
464.800225,,,,,,,,,1.77072599772656,4.2753027615908,,,,,,,,,,
465.20025,,,,,,,,,2.26719356684473,3.77883519247263,,,,,,,,,,
465.60025,,,,,,,,,3.14067953937096,2.9053492199464,,,,,,,,,,
466.00025,,,,,,,,,1.97456082623674,4.07146793308062,,,,,,,,,,
466.40025,,,,,,,,,2.4151962411142,3.63083251820316,,,,,,,,,,
466.80025,,,,,,,,,2.78981913525502,3.25620962406234,,,,,,,,,,
467.20025,,,,,,,,,3.06268918012928,2.98333957918808,,,,,,,,,,
467.60025,,,,,,,,,2.55325970885809,3.49276905045927,,,,,,,,,,
468.00025,,,,,,,,,2.54281593791235,3.503212821405,,,,,,,,,,
468.40025,,,,,,,,,1.85154279177917,4.19448596753819,,,,,,,,,,
468.80025,,,,,,,,,2.85445324455967,3.19157551475769,,,,,,,,,,
469.20025,,,,,,,,,2.37548094709679,3.67054781222057,,,,,,,,,,
469.60025,,,,,,,,,1.35469025186334,4.69133850745402,,,,,,,,,,
470.00025,,,,,,,,,2.29942058068766,3.7466081786297,,,,,,,,,,
470.40025,,,,,,,,,3.24383884064744,2.80218991866992,,,,,,,,,,
470.80025,,,,,,,,,2.93356846173128,3.11246029758608,,,,,,,,,,
471.20025,,,,,,,,,3.5110545229681,2.53497423634926,,,,,,,,,,
471.60025,,,,,,,,,2.79886332331119,3.24716543600617,,,,,,,,,,
472.00025,,,,,,,,,2.81066663891353,3.23536212040383,,,,,,,,,,
472.40025,,,,,,,,,2.10570660490055,3.94032215441681,,,,,,,,,,
472.80025,,,,,,,,,1.72037430500996,4.3256544543074,,,,,,,,,,
473.20025,,,,,,,,,3.35769732636414,2.68833143295321,,,,,,,,,,
473.60025,,,,,,,,,3.16706492879283,2.87896383052453,,,,,,,,,,
474.00025,,,,,,,,,1.34026559940711,4.70576315991024,,,,,,,,,,
474.40025,,,,,,,,,1.78983709562473,4.25619166369263,,,,,,,,,,
474.80025,,,,,,,,,2.76303656475726,3.2829921945601,,,,,,,,,,
475.20025,,,,,,,,,3.60095102250304,2.44507773681432,,,,,,,,,,
475.60025,,,,,,,,,2.46516732568643,3.58086143363093,,,,,,,,,,
476.00025,,,,,,,,,1.75799756673657,4.28803119258079,,,,,,,,,,
476.40025,,,,,,,,,2.46908686118667,3.57694189813069,,,,,,,,,,
476.80025,,,,,,,,,2.84419239046743,3.20183636884993,,,,,,,,,,
477.20025,,,,,,,,,2.25207884098772,3.79394991832964,,,,,,,,,,
477.60025,,,,,,,,,3.03721684164919,3.00881191766817,,,,,,,,,,
478.00025,,,,,,,,,2.55754365659687,3.48848510272049,,,,,,,,,,
478.40025,,,,,,,,,1.92709054972562,4.11893820959174,,,,,,,,,,
478.80025,,,,,,,,,2.40440103757225,3.64162772174511,,,,,,,,,,
479.20025,,,,,,,,,1.71753159996163,4.32849715935573,,,,,,,,,,
479.60025,,,,,,,,,1.83071343320453,4.21531532611283,,,,,,,,,,
480.00025,,,,,,,,,2.19285934881661,3.85316941050075,,,,,,,,,,
480.40025,,,,,,,,,2.55120724969259,3.49482150962477,,,,,,,,,,
480.80025,,,,,,,,,1.51152140421562,4.53450735510174,,,,,,,,,,
481.20025,,,,,,,,,0.792004182809244,5.25402457650812,,,,,,,,,,
481.60025,,,,,,,,,2.43880189825266,3.6072268610647,,,,,,,,,,
482.00025,,,,,,,,,1.55022503450751,4.49580372480985,,,,,,,,,,
482.40025,,,,,,,,,3.21457333404149,2.83145542527587,,,,,,,,,,
482.80025,,,,,,,,,1.69731939838908,4.34870936092828,,,,,,,,,,
483.20025,,,,,,,,,2.91909986136904,3.12692889794832,,,,,,,,,,
483.60025,,,,,,,,,2.41426851951252,3.63176023980484,,,,,,,,,,
484.00025,,,,,,,,,3.44531690079123,2.60071185852613,,,,,,,,,,
484.40025,,,,,,,,,2.67442423098253,3.37160452833483,,,,,,,,,,
484.80025,,,,,,,,,3.22041361813273,2.82561514118463,,,,,,,,,,
485.20025,,,,,,,,,3.64930698882138,2.39672177049598,,,,,,,,,,
485.60025,,,,,,,,,2.76589354522005,3.28013521409731,,,,,,,,,,
486.00025,,,,,,,,,2.06920973899583,3.97681902032153,,,,,,,,,,
486.40025,,,,,,,,,2.20775983768312,3.83826892163424,,,,,,,,,,
486.80025,,,,,,,,,3.02510039851682,3.02092836080054,,,,,,,,,,
487.20025,,,,,,,,,2.77796330755338,3.26806545176398,,,,,,,,,,
487.60025,,,,,,,,,2.01006011232372,4.03596864699364,,,,,,,,,,
488.00025,,,,,,,,,2.64422255114913,3.40180620816823,,,,,,,,,,
488.40025,,,,,,,,,3.12370480263696,2.9223239566804,,,,,,,,,,
488.80025,,,,,,,,,3.02281932025225,3.02320943906511,,,,,,,,,,
489.20025,,,,,,,,,3.40699702712993,2.63903173218743,,,,,,,,,,
489.60025,,,,,,,,,2.01038132701465,4.03564743230271,,,,,,,,,,
490.00025,,,,,,,,,3.35411264889948,2.69191611041788,,,,,,,,,,
490.40025,,,,,,,,,2.64881369560108,3.39721506371628,,,,,,,,,,
490.80025,,,,,,,,,1.52729433230806,4.5187344270093,,,,,,,,,,
491.20025,,,,,,,,,3.61726013171688,2.42876862760048,,,,,,,,,,
491.60025,,,,,,,,,2.1123831392222,3.93364562009516,,,,,,,,,,
492.00025,,,,,,,,,1.83603387073472,4.20999488858264,,,,,,,,,,
492.40025,,,,,,,,,2.80107219079455,3.24495656852281,,,,,,,,,,
492.80025,,,,,,,,,3.04126124530398,3.00476751401338,,,,,,,,,,
493.20025,,,,,,,,,3.13496447756157,2.91106428175579,,,,,,,,,,
493.60025,,,,,,,,,3.35367127000872,2.69235748930864,,,,,,,,,,
494.00025,,,,,,,,,2.29463443983335,3.75139431948401,,,,,,,,,,
494.40025,,,,,,,,,2.32605113045483,3.71997762886253,,,,,,,,,,
494.80025,,,,,,,,,4.19097292069349,1.85505583862387,,,,,,,,,,
495.20025,,,,,,,,,2.87864848086628,3.16738027845108,,,,,,,,,,
495.60025,,,,,,,,,2.80356046070074,3.24246829861662,,,,,,,,,,
496.00025,,,,,,,,,3.81829337470546,2.2277353846119,,,,,,,,,,
496.40025,,,,,,,,,2.56661836705966,3.4794103922577,,,,,,,,,,
496.80025,,,,,,,,,2.53386883248331,3.51215992683405,,,,,,,,,,
497.20025,,,,,,,,,2.34141367427034,3.70461508504702,,,,,,,,,,
497.60025,,,,,,,,,2.76901007475212,3.27701868456524,,,,,,,,,,
498.00025,,,,,,,,,3.36057893853965,2.68544982077771,,,,,,,,,,
498.40025,,,,,,,,,3.02969161166823,3.01633714764913,,,,,,,,,,
498.80025,,,,,,,,,3.39183114054728,2.65419761877008,,,,,,,,,,
499.20025,,,,,,,,,2.18782533462974,3.85820342468762,,,,,,,,,,
499.60025,,,,,,,,,3.38219039436275,2.66383836495461,,,,,,,,,,
500.00025,,,,,,,,,2.42528790081586,3.6207408585015,,,,,,,,,,
500.40025,,,,,,,,,2.09091246471299,3.95511629460437,,,,,,,,,,
500.80025,,,,,,,,,1.64674925649734,4.39927950282002,,,,,,,,,,
501.20025,,,,,,,,,2.20344934351504,3.84257941580231,,,,,,,,,,
501.60025,,,,,,,,,3.12927308382167,2.91675567549569,,,,,,,,,,
502.00025,,,,,,,,,2.96474871291651,3.08128004640085,,,,,,,,,,
502.40025,,,,,,,,,2.83976144204449,3.20626731727287,,,,,,,,,,
502.80025,,,,,,,,,3.04264891522776,3.0033798440896,,,,,,,,,,
503.20025,,,,,,,,,1.47889033761371,4.56713842170365,,,,,,,,,,
503.60025,,,,,,,,,2.13013797939093,3.91589077992643,,,,,,,,,,
504.00025,,,,,,,,,2.68453531051996,3.3614934487974,,,,,,,,,,
504.40025,,,,,,,,,3.316559446533,2.72946931278436,,,,,,,,,,
504.80025,,,,,,,,,2.30080374530488,3.74522501401248,,,,,,,,,,
505.20025,,,,,,,,,2.24009711556483,3.80593164375253,,,,,,,,,,
505.60025,,,,,,,,,4.4446555615002,1.60137319781716,,,,,,,,,,
506.00025,,,,,,,,,3.24802850198879,2.79800025732857,,,,,,,,,,
506.40025,,,,,,,,,4.11805107587658,1.92797768344078,,,,,,,,,,
506.80025,,,,,,,,,1.85748702606933,4.18854173324803,,,,,,,,,,
507.20025,,,,,,,,,3.07568329260705,2.97034546671031,,,,,,,,,,
507.60025,,,,,,,,,2.7284384322008,3.31759032711656,,,,,,,,,,
508.00025,,,,,,,,,0.880038533642926,5.16599022567443,,,,,,,,,,
508.40025,,,,,,,,,3.33278842817943,2.71324033113793,,,,,,,,,,
508.80025,,,,,,,,,2.54061999697454,3.50540876234282,,,,,,,,,,
509.20025,,,,,,,,,2.91733093795885,3.12869782135851,,,,,,,,,,
509.60025,,,,,,,,,3.43106760044745,2.61496115886991,,,,,,,,,,
510.00025,,,,,,,,,2.05078342987429,3.99524532944307,,,,,,,,,,
510.40025,,,,,,,,,2.31535255146672,3.73067620785064,,,,,,,,,,
510.800275,,,,,,,,,2.89900502415957,3.14702373515779,,,,,,,,,,
511.200275,,,,,,,,,1.75935707075813,4.28667168855923,,,,,,,,,,
511.600275,,,,,,,,,2.08962011013511,3.95640864918225,,,,,,,,,,
512.000275,,,,,,,,,3.40302800113908,2.64300075817828,,,,,,,,,,
512.400275,,,,,,,,,1.49913177989296,4.5468969794244,,,,,,,,,,
512.800275,,,,,,,,,2.64688481232187,3.39914394699549,,,,,,,,,,
513.200275,,,,,,,,,1.12378852463185,4.92224023468551,,,,,,,,,,
513.600275,,,,,,,,,2.97109590227135,3.07493285704601,,,,,,,,,,
514.000275,,,,,,,,,3.65346134600395,2.39256741331341,,,,,,,,,,
514.400275,,,,,,,,,2.16566289391099,3.88036586540637,,,,,,,,,,
514.800275,,,,,,,,,2.9907231104168,3.05530564890056,,,,,,,,,,
515.200275,,,,,,,,,1.52926866280496,4.5167600965124,,,,,,,,,,
515.600275,,,,,,,,,3.10627163281958,2.93975712649778,,,,,,,,,,
516.000275,,,,,,,,,1.32097356896399,4.72505519035337,,,,,,,,,,
516.400275,,,,,,,,,2.72981295725482,3.31621580206254,,,,,,,,,,
516.800275,,,,,,,,,2.63348675498299,3.41254200433437,,,,,,,,,,
517.200275,,,,,,,,,2.59676959855587,3.44925916076149,,,,,,,,,,
517.600275,,,,,,,,,3.168601007783,2.87742775153436,,,,,,,,,,
518.000275,,,,,,,,,1.30958211137321,4.73644664794415,,,,,,,,,,
518.400275,,,,,,,,,2.30762426138003,3.73840449793733,,,,,,,,,,
518.800275,,,,,,,,,3.69037000556255,2.35565875375481,,,,,,,,,,
519.200275,,,,,,,,,3.03043975800869,3.01558900130867,,,,,,,,,,
519.600275,,,,,,,,,2.66196550635631,3.38406325296105,,,,,,,,,,
520.000275,,,,,,,,,2.11876117031522,3.92726758900214,,,,,,,,,,
520.400275,,,,,,,,,2.77622867070846,3.2698000886089,,,,,,,,,,
520.800275,,,,,,,,,3.36275320525341,2.68327555406395,,,,,,,,,,
521.200275,,,,,,,,,2.89070222493204,3.15532653438532,,,,,,,,,,
521.600275,,,,,,,,,4.32896743328745,1.71706132602991,,,,,,,,,,
522.000275,,,,,,,,,1.50317917782163,4.54284958149573,,,,,,,,,,
522.400275,,,,,,,,,3.12786951710141,2.91815924221595,,,,,,,,,,
522.800275,,,,,,,,,1.58695279038485,4.45907596893251,,,,,,,,,,
523.200275,,,,,,,,,2.40433380420449,3.64169495511287,,,,,,,,,,
523.600275,,,,,,,,,2.74097950456687,3.30504925475049,,,,,,,,,,
524.000275,,,,,,,,,3.48803840167858,2.55799035763878,,,,,,,,,,
524.400275,,,,,,,,,3.00815030496536,3.037878454352,,,,,,,,,,
524.800275,,,,,,,,,3.75391358309476,2.2921151762226,,,,,,,,,,
525.200275,,,,,,,,,3.54372460074402,2.50230415857334,,,,,,,,,,
525.600275,,,,,,,,,2.88422329646983,3.16180546284753,,,,,,,,,,
526.000275,,,,,,,,,1.76634279799985,4.27968596131751,,,,,,,,,,
526.400275,,,,,,,,,3.32676353424089,2.71926522507647,,,,,,,,,,
526.800275,,,,,,,,,2.26793643986103,3.77809231945633,,,,,,,,,,
527.200275,,,,,,,,,2.23441974419217,3.81160901512519,,,,,,,,,,
527.600275,,,,,,,,,2.99980183650954,3.04622692280781,,,,,,,,,,
528.000275,,,,,,,,,0.542118733893072,5.50391002542429,,,,,,,,,,
528.400275,,,,,,,,,1.58479386215985,4.46123489715751,,,,,,,,,,
528.800275,,,,,,,,,4.03239575450804,2.01363300480932,,,,,,,,,,
529.200275,,,,,,,,,2.02906597963546,4.0169627796819,,,,,,,,,,
529.600275,,,,,,,,,3.0649799091282,2.98104885018916,,,,,,,,,,
530.000275,,,,,,,,,3.63730595203049,2.40872280728686,,,,,,,,,,
530.400275,,,,,,,,,2.79830661022905,3.24772214908831,,,,,,,,,,
530.800275,,,,,,,,,2.886935084884,3.15909367443336,,,,,,,,,,
531.200275,,,,,,,,,2.55904878056654,3.48697997875082,,,,,,,,,,
531.600275,,,,,,,,,3.96079547168269,2.08523328763467,,,,,,,,,,
532.000275,,,,,,,,,3.45199762872166,2.5940311305957,,,,,,,,,,
532.400275,,,,,,,,,3.77784802131234,2.26818073800502,,,,,,,,,,
532.800275,,,,,,,,,2.58201947221636,3.464009287101,,,,,,,,,,
533.200275,,,,,,,,,1.80518653194825,4.24084222736911,,,,,,,,,,
533.600275,,,,,,,,,2.71193053452695,3.3340982247904,,,,,,,,,,
534.000275,,,,,,,,,2.63661576097921,3.40941299833815,,,,,,,,,,
534.400275,,,,,,,,,3.09033060453321,2.95569815478415,,,,,,,,,,
534.800275,,,,,,,,,1.67805336420539,4.36797539511196,,,,,,,,,,
535.200275,,,,,,,,,3.24639177630839,2.79963698300897,,,,,,,,,,
535.600275,,,,,,,,,3.37119344834663,2.67483531097073,,,,,,,,,,
536.000275,,,,,,,,,2.30890340250518,3.73712535681218,,,,,,,,,,
536.400275,,,,,,,,,4.14320914445485,1.90281961486251,,,,,,,,,,
536.800275,,,,,,,,,1.70888008522408,4.33714867409328,,,,,,,,,,
537.200275,,,,,,,,,3.78603371434005,2.25999504497731,,,,,,,,,,
537.600275,,,,,,,,,2.69719519672046,3.3488335625969,,,,,,,,,,
538.000275,,,,,,,,,2.83554441973546,3.2104843395819,,,,,,,,,,
538.400275,,,,,,,,,2.17941746055943,3.86661129875793,,,,,,,,,,
538.800275,,,,,,,,,2.90991227384518,3.13611648547218,,,,,,,,,,
539.200275,,,,,,,,,2.40006736127619,3.64596139804117,,,,,,,,,,
539.600275,,,,,,,,,3.39436093798277,2.65166782133459,,,,,,,,,,
540.000275,,,,,,,,,2.61412247171704,3.43190628760032,,,,,,,,,,
540.400275,,,,,,,,,2.64654403826363,3.39948472105373,,,,,,,,,,
540.800275,,,,,,,,,2.90845826731019,3.13757049200716,,,,,,,,,,
541.200275,,,,,,,,,2.17290969900397,3.87311906031339,,,,,,,,,,
541.600275,,,,,,,,,2.32125613883424,3.72477262048312,,,,,,,,,,
542.000275,,,,,,,,,2.53997350074226,3.5060552585751,,,,,,,,,,
542.400275,,,,,,,,,2.40568197440401,3.64034678491335,,,,,,,,,,
542.800275,,,,,,,,,2.89083616943682,3.15519258988054,,,,,,,,,,
543.200275,,,,,,,,,1.90066998279914,4.14535877651822,,,,,,,,,,
543.600275,,,,,,,,,3.28497124691374,2.76105751240362,,,,,,,,,,
544.000275,,,,,,,,,1.68659522528944,4.35943353402792,,,,,,,,,,
544.400275,,,,,,,,,2.75295575239513,3.29307300692223,,,,,,,,,,
544.800275,,,,,,,,,2.32128088743992,3.72474787187744,,,,,,,,,,
545.200275,,,,,,,,,2.33794105143332,3.70808770788404,,,,,,,,,,
545.600275,,,,,,,,,2.78974826710209,3.25628049221528,,,,,,,,,,
546.000275,,,,,,,,,1.71987838411491,4.32615037520245,,,,,,,,,,
546.400275,,,,,,,,,1.7419634939017,4.30406526541566,,,,,,,,,,
546.800275,,,,,,,,,1.6191535550343,4.42687520428306,,,,,,,,,,
547.200275,,,,,,,,,3.46523296843436,2.580795790883,,,,,,,,,,
547.600275,,,,,,,,,3.7458356818555,2.30019307746186,,,,,,,,,,
548.000275,,,,,,,,,3.2080863517448,2.83794240757256,,,,,,,,,,
548.400275,,,,,,,,,1.51214288819064,4.53388587112672,,,,,,,,,,
548.800275,,,,,,,,,3.37000179578953,2.67602696352783,,,,,,,,,,
549.200275,,,,,,,,,3.21819076649515,2.82783799282221,,,,,,,,,,
549.600275,,,,,,,,,3.07066096637343,2.97536779294393,,,,,,,,,,
550.000275,,,,,,,,,3.5518393813518,2.49418937796556,,,,,,,,,,
550.400275,,,,,,,,,2.76913077095118,3.27689798836618,,,,,,,,,,
550.800275,,,,,,,,,2.73043810277378,3.31559065654358,,,,,,,,,,
551.200275,,,,,,,,,3.45033365415748,2.59569510515988,,,,,,,,,,
551.600275,,,,,,,,,2.26792770223547,3.77810105708189,,,,,,,,,,
552.000275,,,,,,,,,3.24892676450326,2.7971019948141,,,,,,,,,,
552.400275,,,,,,,,,2.64791586079775,3.39811289851961,,,,,,,,,,
552.800275,,,,,,,,,3.50205476672636,2.543973992591,,,,,,,,,,
553.200275,,,,,,,,,3.90044232684977,2.14558643246759,,,,,,,,,,
553.600275,,,,,,,,,4.25247524132637,1.79355351799099,,,,,,,,,,
554.000275,,,,,,,,,2.69465289432714,3.35137586499022,,,,,,,,,,
554.400275,,,,,,,,,3.58920734115823,2.45682141815913,,,,,,,,,,
554.800275,,,,,,,,,3.72098060012885,2.32504815918851,,,,,,,,,,
555.200275,,,,,,,,,3.58145602226422,2.46457273705314,,,,,,,,,,
555.600275,,,,,,,,,3.97277668058275,2.07325207873461,,,,,,,,,,
556.000275,,,,,,,,,2.37346810901239,3.67256065030497,,,,,,,,,,
556.400275,,,,,,,,,2.56189573088543,3.48413302843193,,,,,,,,,,
556.800275,,,,,,,,,2.82181228490834,3.22421647440902,,,,,,,,,,
557.2003,,,,,,,,,2.199436553869,3.84659220544836,,,,,,,,,,
557.6003,,,,,,,,,2.63400809585851,3.41202066345885,,,,,,,,,,
558.0003,,,,,,,,,2.92261834818511,3.12341041113225,,,,,,,,,,
558.4003,,,,,,,,,2.73993666170607,3.30609209761129,,,,,,,,,,
558.8003,,,,,,,,,4.25520519699089,1.79082356232647,,,,,,,,,,
559.2003,,,,,,,,,2.74924470170656,3.2967840576108,,,,,,,,,,
559.6003,,,,,,,,,2.92952735173078,3.11650140758658,,,,,,,,,,
560.0003,,,,,,,,,3.7734814870843,2.27254727223306,,,,,,,,,,
560.4003,,,,,,,,,3.18051798803335,2.86551077128401,,,,,,,,,,
560.8003,,,,,,,,,3.79397069343205,2.25205806588531,,,,,,,,,,
561.2003,,,,,,,,,2.85583467155831,3.19019408775905,,,,,,,,,,
561.6003,,,,,,,,,2.88647873400087,3.15955002531649,,,,,,,,,,
562.0003,,,,,,,,,3.05306374446792,2.99296501484944,,,,,,,,,,
562.4003,,,,,,,,,3.05297090134626,2.9930578579711,,,,,,,,,,
562.8003,,,,,,,,,1.9800709821553,4.06595777716206,,,,,,,,,,
563.2003,,,,,,,,,3.47362520616063,2.57240355315673,,,,,,,,,,
563.6003,,,,,,,,,4.09105332372702,1.95497543559034,,,,,,,,,,
564.0003,,,,,,,,,2.06606994691332,3.97995881240404,,,,,,,,,,
564.4003,,,,,,,,,3.00991460986856,3.0361141494488,,,,,,,,,,
564.8003,,,,,,,,,3.17325810863886,2.8727706506785,,,,,,,,,,
565.2003,,,,,,,,,2.89422174909692,3.15180701022044,,,,,,,,,,
565.6003,,,,,,,,,3.45887131198484,2.58715744733252,,,,,,,,,,
566.0003,,,,,,,,,3.2516587579932,2.79437000132416,,,,,,,,,,
566.4003,,,,,,,,,3.50857152545145,2.53745723386591,,,,,,,,,,
566.8003,,,,,,,,,3.3721935685738,2.67383519074356,,,,,,,,,,
567.2003,,,,,,,,,2.72285987860878,3.32316888070858,,,,,,,,,,
567.6003,,,,,,,,,3.74012418580894,2.30590457350842,,,,,,,,,,
568.0003,,,,,,,,,2.85249660613005,3.19353215318731,,,,,,,,,,
568.4003,,,,,,,,,2.76740792680384,3.27862083251352,,,,,,,,,,
568.8003,,,,,,,,,2.15225052252158,3.89377823679578,,,,,,,,,,
569.2003,,,,,,,,,2.82264767852145,3.2233810807959,,,,,,,,,,
569.6003,,,,,,,,,2.77016344384017,3.27586531547719,,,,,,,,,,
570.0003,,,,,,,,,3.8544431629844,2.19158559633296,,,,,,,,,,
570.4003,,,,,,,,,3.31923383523707,2.72679492408029,,,,,,,,,,
570.8003,,,,,,,,,3.43580806238683,2.61022069693053,,,,,,,,,,
571.2003,,,,,,,,,2.46505155590199,3.58097720341537,,,,,,,,,,
571.6003,,,,,,,,,3.0401538474383,3.00587491187906,,,,,,,,,,
572.0003,,,,,,,,,1.98044588045938,4.06558287885798,,,,,,,,,,
572.4003,,,,,,,,,2.80723152184455,3.23879723747281,,,,,,,,,,
572.8003,,,,,,,,,2.06266270665584,3.98336605266152,,,,,,,,,,
573.2003,,,,,,,,,3.12942636686342,2.91660239245394,,,,,,,,,,
573.6003,,,,,,,,,2.90217078989116,3.1438579694262,,,,,,,,,,
574.0003,,,,,,,,,3.15561116189252,2.89041759742484,,,,,,,,,,
574.4003,,,,,,,,,3.16753786793551,2.87849089138185,,,,,,,,,,
574.8003,,,,,,,,,2.60655932728102,3.43946943203634,,,,,,,,,,
575.2003,,,,,,,,,3.34485564825541,2.70117311106195,,,,,,,,,,
575.6003,,,,,,,,,2.69465023114868,3.35137852816868,,,,,,,,,,
576.0003,,,,,,,,,3.27083589284212,2.77519286647524,,,,,,,,,,
576.4003,,,,,,,,,3.00962513420598,3.03640362511137,,,,,,,,,,
576.8003,,,,,,,,,3.53782189382755,2.50820686548981,,,,,,,,,,
577.2003,,,,,,,,,2.13587136736977,3.91015739194759,,,,,,,,,,
577.6003,,,,,,,,,3.76843373970179,2.27759501961557,,,,,,,,,,
578.0003,,,,,,,,,2.64397912188342,3.40204963743394,,,,,,,,,,
578.4003,,,,,,,,,2.08411637854269,3.96191238077467,,,,,,,,,,
578.8003,,,,,,,,,3.40216949983066,2.6438592594867,,,,,,,,,,
579.2003,,,,,,,,,1.88969685116705,4.15633190815031,,,,,,,,,,
579.6003,,,,,,,,,3.30538134877584,2.74064741054152,,,,,,,,,,
580.0003,,,,,,,,,3.95035054395309,2.09567821536427,,,,,,,,,,
580.4003,,,,,,,,,3.45514113460075,2.59088762471661,,,,,,,,,,
580.8003,,,,,,,,,3.59967027890156,2.4463584804158,,,,,,,,,,
581.2003,,,,,,,,,3.04942718959984,2.99660156971752,,,,,,,,,,
581.6003,,,,,,,,,2.52843231276352,3.51759644655384,,,,,,,,,,
582.0003,,,,,,,,,2.88841789158817,3.15761086772919,,,,,,,,,,
582.4003,,,,,,,,,3.17901162590228,2.86701713341508,,,,,,,,,,
582.8003,,,,,,,,,1.81866621399931,4.22736254531805,,,,,,,,,,
583.2003,,,,,,,,,1.66983534795466,4.3761934113627,,,,,,,,,,
583.6003,,,,,,,,,2.82746834761264,3.21856041170472,,,,,,,,,,
584.0003,,,,,,,,,3.92101310656265,2.12501565275471,,,,,,,,,,
584.4003,,,,,,,,,3.98719815707716,2.0588306022402,,,,,,,,,,
584.8003,,,,,,,,,1.89804148662253,4.14798727269483,,,,,,,,,,
585.2003,,,,,,,,,1.43343409134024,4.61259466797712,,,,,,,,,,
585.6003,,,,,,,,,2.91323779052221,3.13279096879515,,,,,,,,,,
586.0003,,,,,,,,,2.63850726338057,3.40752149593679,,,,,,,,,,
586.4003,,,,,,,,,2.2935206476034,3.75250811171396,,,,,,,,,,
586.8003,,,,,,,,,2.72490984081146,3.3211189185059,,,,,,,,,,
587.2003,,,,,,,,,2.75145991934241,3.29456883997495,,,,,,,,,,
587.6003,,,,,,,,,2.90471941372218,3.14130934559518,,,,,,,,,,
588.0003,,,,,,,,,2.12024419690778,3.92578456240958,,,,,,,,,,
588.4003,,,,,,,,,1.79655554274414,4.24947321657322,,,,,,,,,,
588.8003,,,,,,,,,1.82706311262586,4.2189656466915,,,,,,,,,,
589.2003,,,,,,,,,3.80503261192995,2.24099614738741,,,,,,,,,,
589.6003,,,,,,,,,1.41706063888926,4.6289681204281,,,,,,,,,,
590.0003,,,,,,,,,2.71797395952744,3.32805479978992,,,,,,,,,,
590.4003,,,,,,,,,2.58009214241328,3.46593661690408,,,,,,,,,,
590.8003,,,,,,,,,3.16017468253441,2.88585407678295,,,,,,,,,,
591.2003,,,,,,,,,1.87651653309363,4.16951222622373,,,,,,,,,,
591.6003,,,,,,,,,1.11697314166696,4.92905561765039,,,,,,,,,,
592.0003,,,,,,,,,2.72017675520703,3.32585200411033,,,,,,,,,,
592.4003,,,,,,,,,2.50772844658356,3.5383003127338,,,,,,,,,,
592.8003,,,,,,,,,1.97501925901033,4.07100950030703,,,,,,,,,,
593.2003,,,,,,,,,2.05778806297644,3.98824069634092,,,,,,,,,,
593.6003,,,,,,,,,3.40176496702066,2.6442637922967,,,,,,,,,,
594.0003,,,,,,,,,2.8421076922989,3.20392106701846,,,,,,,,,,
594.4003,,,,,,,,,1.71652883445324,4.32949992486412,,,,,,,,,,
594.8003,,,,,,,,,3.02873087547263,3.01729788384473,,,,,,,,,,
595.2003,,,,,,,,,2.14955935116009,3.89646940815727,,,,,,,,,,
595.6003,,,,,,,,,2.5300798528065,3.51594890651086,,,,,,,,,,
596.0003,,,,,,,,,4.1717155826096,1.87431317670776,,,,,,,,,,
596.4003,,,,,,,,,2.40533981334258,3.64068894597478,,,,,,,,,,
596.8003,,,,,,,,,2.99137268996547,3.05465606935189,,,,,,,,,,
597.2003,,,,,,,,,2.71035215684811,3.33567660246925,,,,,,,,,,
597.6003,,,,,,,,,2.7077839190708,3.33824484024656,,,,,,,,,,
598.0003,,,,,,,,,2.80237890771493,3.24364985160243,,,,,,,,,,
598.4003,,,,,,,,,2.06273261183619,3.98329614748117,,,,,,,,,,
598.8003,,,,,,,,,3.92068681357996,2.1253419457374,,,,,,,,,,
599.2003,,,,,,,,,2.37232540692061,3.67370335239675,,,,,,,,,,
599.6003,,,,,,,,,3.17697194529122,2.86905681402614,,,,,,,,,,
600.0003,,,,,,,,,1.88825007508659,4.15777868423077,,,,,,,,,,
600.4003,,,,,,,,,2.50312746157967,3.54290129773769,,,,,,,,,,
600.8003,,,,,,,,,3.04170056778757,3.00432819152979,,,,,,,,,,
601.2003,,,,,,,,,3.23166482739043,2.81436393192693,,,,,,,,,,
601.6003,,,,,,,,,0.849144962651098,5.19688379666626,,,,,,,,,,
602.0003,,,,,,,,,2.79199744955368,3.25403130976368,,,,,,,,,,
602.400325,,,,,,,,,3.20857641673366,2.8374523425837,,,,,,,,,,
602.800325,,,,,,,,,2.37096694066618,3.67506181865118,,,,,,,,,,
603.200325,,,,,,,,,3.29448004106255,2.75154871825481,,,,,,,,,,
603.600325,,,,,,,,,2.342411999046,3.70361676027136,,,,,,,,,,
604.000325,,,,,,,,,2.2363126168758,3.80971614244156,,,,,,,,,,
604.400325,,,,,,,,,2.96585999960571,3.08016875971165,,,,,,,,,,
604.800325,,,,,,,,,2.47394314462713,3.57208561469023,,,,,,,,,,
605.200325,,,,,,,,,2.96127054626731,3.08475821305005,,,,,,,,,,
605.600325,,,,,,,,,3.17133672513618,2.87469203418118,,,,,,,,,,
606.000325,,,,,,,,,3.84468595464748,2.20134280466988,,,,,,,,,,
606.400325,,,,,,,,,3.55109731490827,2.49493144440909,,,,,,,,,,
606.800325,,,,,,,,,2.9978456341406,3.04818312517676,,,,,,,,,,
607.200325,,,,,,,,,2.16438250615415,3.88164625316321,,,,,,,,,,
607.600325,,,,,,,,,2.06124411571554,3.98478464360182,,,,,,,,,,
608.000325,,,,,,,,,2.26222940351274,3.78379935580462,,,,,,,,,,
608.400325,,,,,,,,,2.09216088151402,3.95386787780334,,,,,,,,,,
608.800325,,,,,,,,,2.48998417699006,3.5560445823273,,,,,,,,,,
609.200325,,,,,,,,,2.92044032433381,3.12558843498355,,,,,,,,,,
609.600325,,,,,,,,,2.55937724334664,3.48665151597072,,,,,,,,,,
610.000325,,,,,,,,,2.35867795442672,3.68735080489064,,,,,,,,,,
610.400325,,,,,,,,,1.80405418933419,4.24197456998317,,,,,,,,,,
610.800325,,,,,,,,,2.51385404463305,3.53217471468431,,,,,,,,,,
611.200325,,,,,,,,,2.38278569522033,3.66324306409703,,,,,,,,,,
611.600325,,,,,,,,,2.19299488533321,3.85303387398415,,,,,,,,,,
612.000325,,,,,,,,,3.53751119576693,2.50851756355043,,,,,,,,,,
612.400325,,,,,,,,,3.34308015722852,2.70294860208884,,,,,,,,,,
612.800325,,,,,,,,,2.98164561496251,3.06438314435485,,,,,,,,,,
613.200325,,,,,,,,,2.23286415443923,3.81316460487813,,,,,,,,,,
613.600325,,,,,,,,,2.61400665134576,3.4320221079716,,,,,,,,,,
614.000325,,,,,,,,,1.98403087333584,4.06199788598152,,,,,,,,,,
614.400325,,,,,,,,,3.13653647756682,2.90949228175054,,,,,,,,,,
614.800325,,,,,,,,,2.92606538256658,3.11996337675078,,,,,,,,,,
615.200325,,,,,,,,,2.61367803350763,3.43235072580973,,,,,,,,,,
615.600325,,,,,,,,,2.18454914974373,3.86147960957363,,,,,,,,,,
616.000325,,,,,,,,,3.22385279355517,2.82217596576219,,,,,,,,,,
616.400325,,,,,,,,,2.36185102787829,3.68417773143907,,,,,,,,,,
616.800325,,,,,,,,,2.66794065787949,3.37808810143787,,,,,,,,,,
617.200325,,,,,,,,,2.52115105896206,3.5248777003553,,,,,,,,,,
617.600325,,,,,,,,,0.920416893550862,5.1256118657665,,,,,,,,,,
618.000325,,,,,,,,,2.83686471096577,3.20916404835159,,,,,,,,,,
618.400325,,,,,,,,,3.35028308479605,2.69574567452131,,,,,,,,,,
618.800325,,,,,,,,,1.92565375196826,4.1203750073491,,,,,,,,,,
619.200325,,,,,,,,,3.30483194166847,2.74119681764889,,,,,,,,,,
619.600325,,,,,,,,,2.94007662288641,3.10595213643095,,,,,,,,,,
620.000325,,,,,,,,,2.26961799829599,3.77641076102137,,,,,,,,,,
620.400325,,,,,,,,,2.76703613617956,3.2789926231378,,,,,,,,,,
620.800325,,,,,,,,,3.34579069255681,2.70023806676055,,,,,,,,,,
621.200325,,,,,,,,,2.88656342320976,3.1594653361076,,,,,,,,,,
621.600325,,,,,,,,,3.01372668870174,3.03230207061562,,,,,,,,,,
622.000325,,,,,,,,,3.22886814889747,2.81716061041989,,,,,,,,,,
622.400325,,,,,,,,,2.93468148483417,3.11134727448319,,,,,,,,,,
622.800325,,,,,,,,,3.82558389440898,2.22044486490838,,,,,,,,,,
623.200325,,,,,,,,,1.71028484961278,4.33574390970458,,,,,,,,,,
623.600325,,,,,,,,,2.75449989791653,3.29152886140083,,,,,,,,,,
624.000325,,,,,,,,,3.54585855984846,2.5001701994689,,,,,,,,,,
624.400325,,,,,,,,,2.1179563492081,3.92807241010926,,,,,,,,,,
624.800325,,,,,,,,,2.08153855300722,3.96449020631014,,,,,,,,,,
625.200325,,,,,,,,,3.35305002587683,2.69297873344053,,,,,,,,,,
625.600325,,,,,,,,,2.36493939619862,3.68108936311874,,,,,,,,,,
626.000325,,,,,,,,,3.30463655295037,2.74139220636699,,,,,,,,,,
626.400325,,,,,,,,,2.77508081699543,3.27094794232193,,,,,,,,,,
626.800325,,,,,,,,,3.4622898315872,2.58373892773016,,,,,,,,,,
627.200325,,,,,,,,,2.61056348978431,3.43546526953305,,,,,,,,,,
627.600325,,,,,,,,,1.86178345368544,4.18424530563192,,,,,,,,,,
628.000325,,,,,,,,,2.67823289207873,3.36779586723863,,,,,,,,,,
628.400325,,,,,,,,,1.59028303089304,4.45574572842432,,,,,,,,,,
628.800325,,,,,,,,,2.03246806663604,4.01356069268132,,,,,,,,,,
629.200325,,,,,,,,,3.55461001811054,2.49141874120682,,,,,,,,,,
629.600325,,,,,,,,,3.56280016565933,2.48322859365803,,,,,,,,,,
630.000325,,,,,,,,,3.28709918846511,2.75892957085225,,,,,,,,,,
630.400325,,,,,,,,,1.95031556990624,4.09571318941112,,,,,,,,,,
630.800325,,,,,,,,,2.86317822676792,3.18285053254944,,,,,,,,,,
631.200325,,,,,,,,,4.03194364880471,2.01408511051265,,,,,,,,,,
631.600325,,,,,,,,,2.78823197339285,3.25779678592451,,,,,,,,,,
632.000325,,,,,,,,,2.18954902288502,3.85647973643234,,,,,,,,,,
632.400325,,,,,,,,,4.16721648560398,1.87881227371338,,,,,,,,,,
632.800325,,,,,,,,,0,6.04602875931736,,,,,,,,,,
633.200325,,,,,,,,,1.67276395938349,4.37326479993387,,,,,,,,,,
633.600325,,,,,,,,,2.90626066712755,3.13976809218981,,,,,,,,,,
634.000325,,,,,,,,,2.03263247351494,4.01339628580242,,,,,,,,,,
634.400325,,,,,,,,,3.82892082741553,2.21710793190183,,,,,,,,,,
634.800325,,,,,,,,,2.97080750906128,3.07522125025608,,,,,,,,,,
635.200325,,,,,,,,,2.27594353036213,3.77008522895523,,,,,,,,,,
635.600325,,,,,,,,,2.82438113389134,3.22164762542602,,,,,,,,,,
636.000325,,,,,,,,,2.08697041880988,3.95905834050749,,,,,,,,,,
636.400325,,,,,,,,,2.53842000326174,3.50760875605562,,,,,,,,,,
636.800325,,,,,,,,,3.06246785822794,2.98356090108942,,,,,,,,,,
637.200325,,,,,,,,,1.46594465664271,4.58008410267465,,,,,,,,,,
637.600325,,,,,,,,,2.51734154105577,3.52868721826159,,,,,,,,,,
638.000325,,,,,,,,,2.02789555651765,4.01813320279971,,,,,,,,,,
638.400325,,,,,,,,,2.78082789889761,3.26520086041975,,,,,,,,,,
638.800325,,,,,,,,,2.38425399847755,3.66177476083981,,,,,,,,,,
639.200325,,,,,,,,,2.92493621968884,3.12109253962852,,,,,,,,,,
639.600325,,,,,,,,,2.19481691754459,3.85121184177277,,,,,,,,,,
640.000325,,,,,,,,,3.40678482636774,2.63924393294962,,,,,,,,,,
640.400325,,,,,,,,,2.68450812421636,3.361520635101,,,,,,,,,,
640.800325,,,,,,,,,2.99416868387444,3.05186007544292,,,,,,,,,,
641.200325,,,,,,,,,3.12752810840587,2.91850065091149,,,,,,,,,,
641.600325,,,,,,,,,1.72958239869998,4.31644636061738,,,,,,,,,,
642.000325,,,,,,,,,3.04483773490744,3.00119102440992,,,,,,,,,,
642.400325,,,,,,,,,1.72817406345985,4.31785469585751,,,,,,,,,,
642.800325,,,,,,,,,3.59245520429611,2.45357355502125,,,,,,,,,,
643.200325,,,,,,,,,2.65908212239222,3.38694663692514,,,,,,,,,,
643.600325,,,,,,,,,3.37023741125169,2.67579134806567,,,,,,,,,,
644.000325,,,,,,,,,3.34879022410655,2.69723853521081,,,,,,,,,,
644.400325,,,,,,,,,3.74013642212799,2.30589233718937,,,,,,,,,,
644.800325,,,,,,,,,3.54455268976308,2.50147606955428,,,,,,,,,,
645.200325,,,,,,,,,2.94224992469656,3.1037788346208,,,,,,,,,,
645.600325,,,,,,,,,3.12585237880197,2.92017638051539,,,,,,,,,,
646.000325,,,,,,,,,1.86337835377751,4.18265040553985,,,,,,,,,,
646.400325,,,,,,,,,2.67443605038494,3.37159270893242,,,,,,,,,,
646.800325,,,,,,,,,3.72208931351589,2.32393944580147,,,,,,,,,,
647.200325,,,,,,,,,2.66408242965196,3.3819463296654,,,,,,,,,,
647.600325,,,,,,,,,3.28929645967449,2.75673229964287,,,,,,,,,,
648.000325,,,,,,,,,2.82126201973311,3.22476673958425,,,,,,,,,,
648.400325,,,,,,,,,2.45074960392408,3.59527915539328,,,,,,,,,,
648.800325,,,,,,,,,2.22807342829564,3.81795533102173,,,,,,,,,,
649.200325,,,,,,,,,2.23343083094409,3.81259792837327,,,,,,,,,,
649.600325,,,,,,,,,1.1189226060668,4.92710615325056,,,,,,,,,,
650.000325,,,,,,,,,1.60960024508632,4.43642851423104,,,,,,,,,,
650.400325,,,,,,,,,2.10315050144101,3.94287825787635,,,,,,,,,,
650.800325,,,,,,,,,2.91135162492279,3.13467713439457,,,,,,,,,,
651.200325,,,,,,,,,1.45427062046447,4.59175813885289,,,,,,,,,,
651.600325,,,,,,,,,0.863147409560945,5.18288134975642,,,,,,,,,,
652.000325,,,,,,,,,1.78051663657369,4.26551212274367,,,,,,,,,,
652.400325,,,,,,,,,2.76378896801873,3.28223979129863,,,,,,,,,,
652.800325,,,,,,,,,2.640850600387,3.40517815893036,,,,,,,,,,
653.20035,,,,,,,,,2.62855123981271,3.41747751950465,,,,,,,,,,
653.60035,,,,,,,,,2.77177612581924,3.27425263349812,,,,,,,,,,
654.00035,,,,,,,,,2.93523188253911,3.11079687677825,,,,,,,,,,
654.40035,,,,,,,,,1.5200552537899,4.52597350552746,,,,,,,,,,
654.80035,,,,,,,,,2.40309755495807,3.64293120435929,,,,,,,,,,
655.20035,,,,,,,,,1.73395731423329,4.31207144508407,,,,,,,,,,
655.60035,,,,,,,,,3.27196612716374,2.77406263215362,,,,,,,,,,
656.00035,,,,,,,,,2.65913550507508,3.38689325424228,,,,,,,,,,
656.40035,,,,,,,,,2.88719665680318,3.15883210251418,,,,,,,,,,
656.80035,,,,,,,,,2.56538382056415,3.48064493875321,,,,,,,,,,
657.20035,,,,,,,,,1.42250387152233,4.62352488779503,,,,,,,,,,
657.60035,,,,,,,,,3.08916233645152,2.95686642286584,,,,,,,,,,
658.00035,,,,,,,,,2.41569006939692,3.63033868992044,,,,,,,,,,
658.40035,,,,,,,,,3.58895073761467,2.45707802170269,,,,,,,,,,
658.80035,,,,,,,,,3.26016217297194,2.78586658634542,,,,,,,,,,
659.20035,,,,,,,,,3.47282687450843,2.57320188480893,,,,,,,,,,
659.60035,,,,,,,,,2.9252425227789,3.12078623653846,,,,,,,,,,
660.00035,,,,,,,,,3.22575236861634,2.82027639070102,,,,,,,,,,
660.40035,,,,,,,,,3.58323819692495,2.46279056239241,,,,,,,,,,
660.80035,,,,,,,,,3.0198045662077,3.02622419310966,,,,,,,,,,
661.20035,,,,,,,,,3.43201416525302,2.61401459406434,,,,,,,,,,
661.60035,,,,,,,,,3.77665353899433,2.26937522032303,,,,,,,,,,
662.00035,,,,,,,,,2.79244129022517,3.25358746909219,,,,,,,,,,
662.40035,,,,,,,,,3.5955772643663,2.45045149495106,,,,,,,,,,
662.80035,,,,,,,,,2.68459384433712,3.36143491498024,,,,,,,,,,
663.20035,,,,,,,,,3.46544828208469,2.58058047723267,,,,,,,,,,
663.60035,,,,,,,,,1.29066013651615,4.75536862280121,,,,,,,,,,
664.00035,,,,,,,,,3.06528207569678,2.98074668362058,,,,,,,,,,
664.40035,,,,,,,,,2.37826377785184,3.66776498146552,,,,,,,,,,
664.80035,,,,,,,,,2.93677759300777,3.10925116630959,,,,,,,,,,
665.20035,,,,,,,,,4.09620282422538,1.94982593509198,,,,,,,,,,
665.60035,,,,,,,,,1.32230483200479,4.72372392731257,,,,,,,,,,
666.00035,,,,,,,,,2.82288056286577,3.22314819645159,,,,,,,,,,
666.40035,,,,,,,,,3.28009066065435,2.76593809866301,,,,,,,,,,
666.80035,,,,,,,,,2.94313529206505,3.10289346725231,,,,,,,,,,
667.20035,,,,,,,,,2.48264229566602,3.56338646365134,,,,,,,,,,
667.60035,,,,,,,,,2.71984890045034,3.32617985886702,,,,,,,,,,
668.00035,,,,,,,,,3.72396466450512,2.32206409481224,,,,,,,,,,
668.40035,,,,,,,,,2.52308144897255,3.52294731034481,,,,,,,,,,
668.80035,,,,,,,,,2.18779840469804,3.85823035461932,,,,,,,,,,
669.20035,,,,,,,,,3.15088623303333,2.89514252628403,,,,,,,,,,
669.60035,,,,,,,,,3.62098444165457,2.42504431766279,,,,,,,,,,
670.00035,,,,,,,,,3.22131382011491,2.82471493920245,,,,,,,,,,
670.40035,,,,,,,,,3.8291830812569,2.21684567806046,,,,,,,,,,
670.80035,,,,,,,,,3.22915843493375,2.81687032438361,,,,,,,,,,
671.20035,,,,,,,,,2.27375807327206,3.7722706860453,,,,,,,,,,
671.60035,,,,,,,,,2.20673524962258,3.83929350969478,,,,,,,,,,
672.00035,,,,,,,,,2.05684114739569,3.98918761192167,,,,,,,,,,
672.40035,,,,,,,,,3.04266360350229,3.00336515581507,,,,,,,,,,
672.80035,,,,,,,,,2.3736816057022,3.67234715361516,,,,,,,,,,
673.20035,,,,,,,,,3.6823791119905,2.36364964732686,,,,,,,,,,
673.60035,,,,,,,,,3.32905209275667,2.71697666656069,,,,,,,,,,
674.00035,,,,,,,,,3.40585295921399,2.64017580010337,,,,,,,,,,
674.40035,,,,,,,,,2.48197464895039,3.56405411036697,,,,,,,,,,
674.80035,,,,,,,,,2.79222264494935,3.25380611436801,,,,,,,,,,
675.20035,,,,,,,,,3.78593602604195,2.26009273327541,,,,,,,,,,
675.60035,,,,,,,,,1.9885867318026,4.05744202751476,,,,,,,,,,
676.00035,,,,,,,,,2.76508599283312,3.28094276648424,,,,,,,,,,
676.40035,,,,,,,,,3.10711406741541,2.93891469190195,,,,,,,,,,
676.80035,,,,,,,,,4.23263329619141,1.81339546312595,,,,,,,,,,
677.20035,,,,,,,,,2.78457927789255,3.26144948142481,,,,,,,,,,
677.60035,,,,,,,,,3.02503521918682,3.02099354013054,,,,,,,,,,
678.00035,,,,,,,,,2.85449316577915,3.19153559353821,,,,,,,,,,
678.40035,,,,,,,,,2.95414904557339,3.09187971374397,,,,,,,,,,
678.80035,,,,,,,,,2.65896317953825,3.38706557977911,,,,,,,,,,
679.20035,,,,,,,,,3.44277887145778,2.60324988785958,,,,,,,,,,
679.60035,,,,,,,,,2.42948011013839,3.61654864917897,,,,,,,,,,
680.00035,,,,,,,,,3.64836329372609,2.39766546559127,,,,,,,,,,
680.40035,,,,,,,,,3.51891316401685,2.52711559530051,,,,,,,,,,
680.80035,,,,,,,,,3.76128442151827,2.28474433779909,,,,,,,,,,
681.20035,,,,,,,,,4.03344474170696,2.0125840176104,,,,,,,,,,
681.60035,,,,,,,,,3.61406430615288,2.43196445316448,,,,,,,,,,
682.00035,,,,,,,,,3.4598563820798,2.58617237723756,,,,,,,,,,
682.40035,,,,,,,,,2.77260675470797,3.27342200460939,,,,,,,,,,
682.80035,,,,,,,,,2.50586457655177,3.54016418276559,,,,,,,,,,
683.20035,,,,,,,,,3.24000595682594,2.80602280249142,,,,,,,,,,
683.60035,,,,,,,,,2.83657267634578,3.20945608297158,,,,,,,,,,
684.00035,,,,,,,,,3.31047506122444,2.73555369809292,,,,,,,,,,
684.40035,,,,,,,,,3.72593436925234,2.32009439006502,,,,,,,,,,
684.80035,,,,,,,,,3.79198034692679,2.25404841239057,,,,,,,,,,
685.20035,,,,,,,,,3.61176175933837,2.43426699997899,,,,,,,,,,
685.60035,,,,,,,,,2.18347739690076,3.8625513624166,,,,,,,,,,
686.00035,,,,,,,,,2.69022626578779,3.35580249352957,,,,,,,,,,
686.40035,,,,,,,,,3.82871204144628,2.21731671787107,,,,,,,,,,
686.80035,,,,,,,,,3.78710396136091,2.25892479795645,,,,,,,,,,
687.20035,,,,,,,,,2.23156908636814,3.81445967294922,,,,,,,,,,
687.60035,,,,,,,,,3.87646030669771,2.16956845261965,,,,,,,,,,
688.00035,,,,,,,,,3.20480354275233,2.84122521656503,,,,,,,,,,
688.40035,,,,,,,,,2.01727195974341,4.02875679957395,,,,,,,,,,
688.80035,,,,,,,,,2.15304914678618,3.89297961253118,,,,,,,,,,
689.20035,,,,,,,,,2.88170905809423,3.16431970122313,,,,,,,,,,
689.60035,,,,,,,,,1.58639731705801,4.45963144225935,,,,,,,,,,
690.00035,,,,,,,,,2.16478221183898,3.88124654747838,,,,,,,,,,
690.40035,,,,,,,,,2.54515647440734,3.50087228491002,,,,,,,,,,
690.80035,,,,,,,,,2.26218049413707,3.78384826518029,,,,,,,,,,
691.20035,,,,,,,,,3.69261611936553,2.35341263995183,,,,,,,,,,
691.60035,,,,,,,,,3.28039041685021,2.76563834246715,,,,,,,,,,
692.00035,,,,,,,,,3.80967549549254,2.23635326382482,,,,,,,,,,
692.40035,,,,,,,,,3.74796751643964,2.29806124287772,,,,,,,,,,
692.80035,,,,,,,,,2.9878389874765,3.05818977184086,,,,,,,,,,
693.20035,,,,,,,,,2.40455588440844,3.64147287490892,,,,,,,,,,
693.60035,,,,,,,,,3.47074991374189,2.57527884557547,,,,,,,,,,
694.00035,,,,,,,,,3.63785238416002,2.40817637515734,,,,,,,,,,
694.40035,,,,,,,,,2.82838584108631,3.21764291823105,,,,,,,,,,
694.80035,,,,,,,,,4.21585656269189,1.83017219662547,,,,,,,,,,
695.20035,,,,,,,,,3.40111268021404,2.64491607910332,,,,,,,,,,
695.60035,,,,,,,,,2.26203797845187,3.78399078086549,,,,,,,,,,
696.00035,,,,,,,,,2.91878056612189,3.12724819319547,,,,,,,,,,
696.40035,,,,,,,,,1.7122773100186,4.33375144929876,,,,,,,,,,
696.80035,,,,,,,,,3.47115457552736,2.57487418379,,,,,,,,,,
697.20035,,,,,,,,,3.31372678204671,2.73230197727065,,,,,,,,,,
697.60035,,,,,,,,,2.98411188765462,3.06191687166274,,,,,,,,,,
698.00035,,,,,,,,,1.88907091326814,4.15695784604921,,,,,,,,,,
698.40035,,,,,,,,,2.99357255885026,3.0524562004671,,,,,,,,,,
698.80035,,,,,,,,,2.99772624091288,3.04830251840448,,,,,,,,,,
699.20035,,,,,,,,,4.30673015615806,1.7392986031593,,,,,,,,,,
699.600375,,,,,,,,,3.12059470324296,2.9254340560744,,,,,,,,,,
700.000375,,,,,,,,,2.12239888049037,3.92362987882699,,,,,,,,,,
700.400375,,,,,,,,,3.1176112251436,2.92841753417376,,,,,,,,,,
700.800375,,,,,,,,,3.09034508392269,2.95568367539467,,,,,,,,,,
701.200375,,,,,,,,,2.78660280338156,3.2594259559358,,,,,,,,,,
701.600375,,,,,,,,,3.23622374646468,2.80980501285268,,,,,,,,,,
702.000375,,,,,,,,,3.0290631282025,3.01696563111486,,,,,,,,,,
702.400375,,,,,,,,,3.24547801478555,2.80055074453181,,,,,,,,,,
702.800375,,,,,,,,,3.30306508258889,2.74296367672847,,,,,,,,,,
703.200375,,,,,,,,,3.10654278554908,2.93948597376828,,,,,,,,,,
703.600375,,,,,,,,,2.78665528155458,3.25937347776278,,,,,,,,,,
704.000375,,,,,,,,,1.83065045496657,4.21537830435079,,,,,,,,,,
704.400375,,,,,,,,,2.7389237348335,3.30710502448386,,,,,,,,,,
704.800375,,,,,,,,,3.17004053754222,2.87598822177514,,,,,,,,,,
705.200375,,,,,,,,,3.62493545190393,2.42109330741343,,,,,,,,,,
705.600375,,,,,,,,,3.50985047737521,2.53617828194215,,,,,,,,,,
706.000375,,,,,,,,,2.67426115569783,3.37176760361953,,,,,,,,,,
706.400375,,,,,,,,,3.27090176251001,2.77512699680735,,,,,,,,,,
706.800375,,,,,,,,,4.14496825941983,1.90106049989753,,,,,,,,,,
707.200375,,,,,,,,,2.81367288777832,3.23235587153904,,,,,,,,,,
707.600375,,,,,,,,,3.12837164449102,2.91765711482634,,,,,,,,,,
708.000375,,,,,,,,,2.3655319706798,3.68049678863756,,,,,,,,,,
708.400375,,,,,,,,,2.4966200371086,3.54940872220876,,,,,,,,,,
708.800375,,,,,,,,,2.73698836073769,3.30904039857967,,,,,,,,,,
709.200375,,,,,,,,,3.9000774841878,2.14595127512956,,,,,,,,,,
709.600375,,,,,,,,,2.68380551097588,3.36222324834148,,,,,,,,,,
710.000375,,,,,,,,,1.87836272435893,4.16766603495843,,,,,,,,,,
710.400375,,,,,,,,,3.72072137974154,2.32530737957582,,,,,,,,,,
710.800375,,,,,,,,,3.66480528621946,2.3812234730979,,,,,,,,,,
711.200375,,,,,,,,,2.85117894349777,3.19484981581959,,,,,,,,,,
711.600375,,,,,,,,,3.20748131583844,2.83854744347892,,,,,,,,,,
712.000375,,,,,,,,,2.8250944605417,3.22093429877566,,,,,,,,,,
712.400375,,,,,,,,,2.91898975074305,3.12703900857431,,,,,,,,,,
712.800375,,,,,,,,,3.30695881862049,2.73906994069687,,,,,,,,,,
713.200375,,,,,,,,,3.31673014446834,2.72929861484902,,,,,,,,,,
713.600375,,,,,,,,,3.95993442041601,2.08609433890135,,,,,,,,,,
714.000375,,,,,,,,,2.96407315108643,3.08195560823093,,,,,,,,,,
714.400375,,,,,,,,,3.99628414260965,2.04974461670771,,,,,,,,,,
714.800375,,,,,,,,,3.08994004654191,2.95608871277545,,,,,,,,,,
715.200375,,,,,,,,,3.50345525881834,2.54257350049902,,,,,,,,,,
715.600375,,,,,,,,,2.85858413079862,3.18744462851874,,,,,,,,,,
716.000375,,,,,,,,,1.78364293484198,4.26238582447538,,,,,,,,,,
716.400375,,,,,,,,,3.05857875196393,2.98745000735343,,,,,,,,,,
716.800375,,,,,,,,,3.33410795785939,2.71192080145797,,,,,,,,,,
717.200375,,,,,,,,,2.56174760923815,3.48428115007921,,,,,,,,,,
717.600375,,,,,,,,,4.07870875649359,1.96732000282377,,,,,,,,,,
718.000375,,,,,,,,,3.51083684536608,2.53519191395128,,,,,,,,,,
718.400375,,,,,,,,,3.01244643782218,3.03358232149518,,,,,,,,,,
718.800375,,,,,,,,,2.82725017785463,3.21877858146273,,,,,,,,,,
719.200375,,,,,,,,,4.64204131729565,1.40398744202171,,,,,,,,,,
719.600375,,,,,,,,,3.66813130909894,2.37789745021842,,,,,,,,,,
720.000375,,,,,,,,,3.84596823459256,2.20006052472479,,,,,,,,,,
720.400375,,,,,,,,,3.51055031725242,2.53547844206494,,,,,,,,,,
720.800375,,,,,,,,,3.31125278328989,2.73477597602747,,,,,,,,,,
721.200375,,,,,,,,,3.62423546567666,2.4217932936407,,,,,,,,,,
721.600375,,,,,,,,,4.21765035792032,1.82837840139704,,,,,,,,,,
722.000375,,,,,,,,,2.74415654192523,3.30187221739213,,,,,,,,,,
722.400375,,,,,,,,,4.64960597970112,1.39642277961624,,,,,,,,,,
722.800375,,,,,,,,,4.19443636700423,1.85159239231313,,,,,,,,,,
723.200375,,,,,,,,,4.13643789796216,1.9095908613552,,,,,,,,,,
723.600375,,,,,,,,,3.06406888909388,2.98195987022348,,,,,,,,,,
724.000375,,,,,,,,,0.973357326917103,5.07267143240026,,,,,,,,,,
724.400375,,,,,,,,,2.86140520541588,3.18462355390148,,,,,,,,,,
724.800375,,,,,,,,,3.49671425395496,2.5493145053624,,,,,,,,,,
725.200375,,,,,,,,,2.99323051664566,3.0527982426717,,,,,,,,,,
725.600375,,,,,,,,,3.478549440903,2.56747931841436,,,,,,,,,,
726.000375,,,,,,,,,3.72872924967038,2.31729950964698,,,,,,,,,,
726.400375,,,,,,,,,3.81767664254805,2.22835211676931,,,,,,,,,,
726.800375,,,,,,,,,2.48539232617395,3.56063643314341,,,,,,,,,,
727.200375,,,,,,,,,2.93756037180519,3.10846838751217,,,,,,,,,,
727.600375,,,,,,,,,3.30288665491764,2.74314210439972,,,,,,,,,,
728.000375,,,,,,,,,3.71427780792613,2.33175095139123,,,,,,,,,,
728.400375,,,,,,,,,3.33390541335079,2.71212334596657,,,,,,,,,,
728.800375,,,,,,,,,3.26925146231827,2.77677729699909,,,,,,,,,,
729.200375,,,,,,,,,3.292289237982,2.75373952133536,,,,,,,,,,
729.600375,,,,,,,,,3.35180822399476,2.6942205353226,,,,,,,,,,
730.000375,,,,,,,,,2.18946716097926,3.8565615983381,,,,,,,,,,
730.400375,,,,,,,,,3.38778936074836,2.658239398569,,,,,,,,,,
730.800375,,,,,,,,,2.60001560474921,3.44601315456815,,,,,,,,,,
731.200375,,,,,,,,,3.33724717554483,2.70878158377253,,,,,,,,,,
731.600375,,,,,,,,,2.51651709909958,3.52951166021778,,,,,,,,,,
732.000375,,,,,,,,,3.41991426060143,2.62611449871593,,,,,,,,,,
732.400375,,,,,,,,,3.55243238853314,2.49359637078422,,,,,,,,,,
732.800375,,,,,,,,,3.9026868135181,2.14334194579926,,,,,,,,,,
733.200375,,,,,,,,,3.67155280992031,2.37447594939705,,,,,,,,,,
733.600375,,,,,,,,,2.98763844034108,3.05839031897628,,,,,,,,,,
734.000375,,,,,,,,,3.58873747995865,2.45729127935871,,,,,,,,,,
734.400375,,,,,,,,,2.91589296747149,3.13013579184587,,,,,,,,,,
734.800375,,,,,,,,,2.88809975220115,3.15792900711621,,,,,,,,,,
735.200375,,,,,,,,,3.44978981317657,2.59623894614079,,,,,,,,,,
735.600375,,,,,,,,,1.95850894878146,4.0875198105359,,,,,,,,,,
736.000375,,,,,,,,,3.13414912145279,2.91187963786457,,,,,,,,,,
736.400375,,,,,,,,,3.14902422188605,2.89700453743131,,,,,,,,,,
736.800375,,,,,,,,,2.61271847312613,3.43331028619123,,,,,,,,,,
737.200375,,,,,,,,,4.061913193629,1.98411556568836,,,,,,,,,,
737.600375,,,,,,,,,3.97397956291911,2.07204919639825,,,,,,,,,,
738.000375,,,,,,,,,3.59247954167609,2.45354921764127,,,,,,,,,,
738.400375,,,,,,,,,2.31589385180814,3.73013490750921,,,,,,,,,,
738.800375,,,,,,,,,1.71588204842868,4.33014671088868,,,,,,,,,,
739.200375,,,,,,,,,2.93055085731963,3.11547790199773,,,,,,,,,,
739.600375,,,,,,,,,3.29537456288306,2.7506541964343,,,,,,,,,,
740.000375,,,,,,,,,3.09513856813823,2.95089019117913,,,,,,,,,,
740.400375,,,,,,,,,2.26152037345083,3.78450838586653,,,,,,,,,,
740.800375,,,,,,,,,4.30715119224166,1.7388775670757,,,,,,,,,,
741.200375,,,,,,,,,3.49825105992456,2.5477776993928,,,,,,,,,,
741.600375,,,,,,,,,3.55941365148449,2.48661510783287,,,,,,,,,,
742.000375,,,,,,,,,4.23130596997635,1.81472278934101,,,,,,,,,,
742.400375,,,,,,,,,3.61001274824882,2.43601601106854,,,,,,,,,,
742.800375,,,,,,,,,3.80513586336652,2.24089289595084,,,,,,,,,,
743.200375,,,,,,,,,3.14459801523555,2.90143074408181,,,,,,,,,,
743.600375,,,,,,,,,3.01770872498631,3.02832003433105,,,,,,,,,,
744.000375,,,,,,,,,3.70207266902207,2.34395609029529,,,,,,,,,,
744.400375,,,,,,,,,2.38145219124673,3.66457656807063,,,,,,,,,,
744.800375,,,,,,,,,2.08344182757086,3.9625869317465,,,,,,,,,,
745.200375,,,,,,,,,3.22127767449097,2.82475108482639,,,,,,,,,,
745.600375,,,,,,,,,4.08457865414891,1.96145010516845,,,,,,,,,,
746.000375,,,,,,,,,3.57827405703546,2.4677547022819,,,,,,,,,,
746.400375,,,,,,,,,2.16272769439429,3.88330106492307,,,,,,,,,,
746.800375,,,,,,,,,3.14596564542017,2.90006311389719,,,,,,,,,,
747.200375,,,,,,,,,2.89578877034793,3.15023998896943,,,,,,,,,,
747.600375,,,,,,,,,4.02599139050288,2.02003736881448,,,,,,,,,,
748.000375,,,,,,,,,2.87171554551702,3.17431321380034,,,,,,,,,,
748.4004,,,,,,,,,3.09023930799029,2.95578945132707,,,,,,,,,,
748.8004,,,,,,,,,5.04602875931736,1,,,,,,,,,,
749.2004,,,,,,,,,4.18180599866254,1.86422276065482,,,,,,,,,,
749.6004,,,,,,,,,3.06259359769965,2.98343516161771,,,,,,,,,,
750.0004,,,,,,,,,3.74696484777742,2.29906391153994,,,,,,,,,,
750.4004,,,,,,,,,3.39330244177046,2.6527263175469,,,,,,,,,,
750.8004,,,,,,,,,4.22309336287811,1.82293539643925,,,,,,,,,,
751.2004,,,,,,,,,3.25328031728399,2.79274844203338,,,,,,,,,,
751.6004,,,,,,,,,3.13658126309174,2.90944749622562,,,,,,,,,,
752.0004,,,,,,,,,3.58188739188439,2.46414136743297,,,,,,,,,,
752.4004,,,,,,,,,3.47220644392597,2.57382231539139,,,,,,,,,,
752.8004,,,,,,,,,4.41527294137939,1.63075581793797,,,,,,,,,,
753.2004,,,,,,,,,3.37322320744701,2.67280555187035,,,,,,,,,,
753.6004,,,,,,,,,3.92566636663947,2.12036239267789,,,,,,,,,,
754.0004,,,,,,,,,2.70317413880286,3.3428546205145,,,,,,,,,,
754.4004,,,,,,,,,3.62905376371395,2.41697499560341,,,,,,,,,,
754.8004,,,,,,,,,4.01560041134438,2.03042834797298,,,,,,,,,,
755.2004,,,,,,,,,4.40892712778129,1.63710163153607,,,,,,,,,,
755.6004,,,,,,,,,4.0628877325299,1.98314102678746,,,,,,,,,,
756.0004,,,,,,,,,3.11151133930475,2.93451742001261,,,,,,,,,,
756.4004,,,,,,,,,3.23104679645402,2.81498196286334,,,,,,,,,,
756.8004,,,,,,,,,4.1228388161739,1.92318994314346,,,,,,,,,,
757.2004,,,,,,,,,3.57280988177756,2.4732188775398,,,,,,,,,,
757.6004,,,,,,,,,3.43207735195064,2.61395140736672,,,,,,,,,,
758.0004,,,,,,,,,3.38352766678778,2.66250109252958,,,,,,,,,,
758.4004,,,,,,,,,3.25795962706019,2.78806913225717,,,,,,,,,,
758.8004,,,,,,,,,4.26257524043816,1.7834535188792,,,,,,,,,,
759.2004,,,,,,,,,1.15715998583745,4.88886877347992,,,,,,,,,,
759.6004,,,,,,,,,3.31253594019465,2.73349281912271,,,,,,,,,,
760.0004,,,,,,,,,1.98878144678629,4.05724731253107,,,,,,,,,,
760.4004,,,,,,,,,3.39784445688058,2.64818430243678,,,,,,,,,,
760.8004,,,,,,,,,3.77147857886275,2.27455018045461,,,,,,,,,,
761.2004,,,,,,,,,2.927561693531,3.11846706578636,,,,,,,,,,
761.6004,,,,,,,,,2.70450053229852,3.34152822701884,,,,,,,,,,
762.0004,,,,,,,,,4.14900788861543,1.89702087070193,,,,,,,,,,
762.4004,,,,,,,,,1.43096080690208,4.61506795241528,,,,,,,,,,
762.8004,,,,,,,,,3.1966955432061,2.84933321611126,,,,,,,,,,
763.2004,,,,,,,,,3.91527814716337,2.13075061215399,,,,,,,,,,
763.6004,,,,,,,,,2.68792354719798,3.35810521211938,,,,,,,,,,
764.0004,,,,,,,,,2.58674093743244,3.45928782188492,,,,,,,,,,
764.4004,,,,,,,,,2.08739692982136,3.95863182949599,,,,,,,,,,
764.8004,,,,,,,,,2.18197583733736,3.86405292198,,,,,,,,,,
765.2004,,,,,,,,,3.54272860039424,2.50330015892312,,,,,,,,,,
765.6004,,,,,,,,,3.22449971218435,2.82152904713301,,,,,,,,,,
766.0004,,,,,,,,,2.80718095659144,3.23884780272592,,,,,,,,,,
766.4004,,,,,,,,,3.5924814417,2.45354731761736,,,,,,,,,,
766.8004,,,,,,,,,3.44582483739966,2.6002039219177,,,,,,,,,,
767.2004,,,,,,,,,2.77701199230262,3.26901676701474,,,,,,,,,,
767.6004,,,,,,,,,4.4389096410676,1.60711911824976,,,,,,,,,,
768.0004,,,,,,,,,3.85355237289582,2.19247638642154,,,,,,,,,,
768.4004,,,,,,,,,2.21861331327411,3.82741544604325,,,,,,,,,,
768.8004,,,,,,,,,2.04773487711781,3.99829388219955,,,,,,,,,,
769.2004,,,,,,,,,3.55030313877588,2.49572562054148,,,,,,,,,,
769.6004,,,,,,,,,3.36596774092715,2.68006101839021,,,,,,,,,,
770.0004,,,,,,,,,4.32505815709075,1.72097060222661,,,,,,,,,,
770.4004,,,,,,,,,2.70127742877893,3.34475133053843,,,,,,,,,,
770.8004,,,,,,,,,3.78432277087817,2.26170598843919,,,,,,,,,,
771.2004,,,,,,,,,3.65000493447142,2.39602382484594,,,,,,,,,,
771.6004,,,,,,,,,3.85679250363349,2.18923625568388,,,,,,,,,,
772.0004,,,,,,,,,2.96302117118162,3.08300758813574,,,,,,,,,,
772.4004,,,,,,,,,3.60321622999523,2.44281252932213,,,,,,,,,,
772.8004,,,,,,,,,3.62206332137125,2.42396543794611,,,,,,,,,,
773.2004,,,,,,,,,3.37963995101498,2.66638880830238,,,,,,,,,,
773.6004,,,,,,,,,3.06572983741122,2.98029892190614,,,,,,,,,,
774.0004,,,,,,,,,2.00899732926232,4.03703143005504,,,,,,,,,,
774.4004,,,,,,,,,3.50847545901155,2.53755330030581,,,,,,,,,,
774.8004,,,,,,,,,2.34845689353125,3.69757186578611,,,,,,,,,,
775.2004,,,,,,,,,3.23596809739108,2.81006066192628,,,,,,,,,,
775.6004,,,,,,,,,4.09920014692772,1.94682861238964,,,,,,,,,,
776.0004,,,,,,,,,2.46944271172645,3.57658604759091,,,,,,,,,,
776.4004,,,,,,,,,1.59316232417309,4.45286643514427,,,,,,,,,,
776.8004,,,,,,,,,3.51625686614579,2.52977189317157,,,,,,,,,,
777.2004,,,,,,,,,3.31479826454894,2.73123049476842,,,,,,,,,,
777.6004,,,,,,,,,3.39207629677221,2.65395246254515,,,,,,,,,,
778.0004,,,,,,,,,2.76781169151426,3.2782170678031,,,,,,,,,,
778.4004,,,,,,,,,2.98157154351942,3.06445721579794,,,,,,,,,,
778.8004,,,,,,,,,2.49740190546248,3.54862685385488,,,,,,,,,,
779.2004,,,,,,,,,3.57030576899398,2.47572299032338,,,,,,,,,,
779.6004,,,,,,,,,3.86680828935228,2.17922046996508,,,,,,,,,,
780.0004,,,,,,,,,3.66390207358678,2.38212668573058,,,,,,,,,,
780.4004,,,,,,,,,3.51447609122322,2.53155266809414,,,,,,,,,,
780.8004,,,,,,,,,2.67388278255299,3.37214597676437,,,,,,,,,,
781.2004,,,,,,,,,3.30208264341939,2.74394611589797,,,,,,,,,,
781.6004,,,,,,,,,3.54461480026071,2.50141395905665,,,,,,,,,,
782.0004,,,,,,,,,3.37228108579627,2.67374767352109,,,,,,,,,,
782.4004,,,,,,,,,3.89184600419392,2.15418275512344,,,,,,,,,,
782.8004,,,,,,,,,4.25594732200939,1.79008143730797,,,,,,,,,,
783.2004,,,,,,,,,1.29648548676716,4.7495432725502,,,,,,,,,,
783.6004,,,,,,,,,3.59887214971465,2.44715660960271,,,,,,,,,,
784.0004,,,,,,,,,3.34921834646026,2.6968104128571,,,,,,,,,,
784.4004,,,,,,,,,2.47669666905823,3.56933209025913,,,,,,,,,,
784.8004,,,,,,,,,3.53134745344087,2.51468130587649,,,,,,,,,,
785.2004,,,,,,,,,2.57475621645422,3.47127254286314,,,,,,,,,,
785.6004,,,,,,,,,3.47907588635692,2.56695287296044,,,,,,,,,,
786.0004,,,,,,,,,2.91452512981298,3.13150362950438,,,,,,,,,,
786.4004,,,,,,,,,3.04314519923517,3.00288356008219,,,,,,,,,,
786.8004,,,,,,,,,2.78465189691461,3.26137686240275,,,,,,,,,,
787.2004,,,,,,,,,3.02952460841827,3.01650415089909,,,,,,,,,,
787.6004,,,,,,,,,3.89916714956681,2.14686160975055,,,,,,,,,,
788.0004,,,,,,,,,3.91147501906221,2.13455374025515,,,,,,,,,,
788.4004,,,,,,,,,3.9966667197386,2.04936203957876,,,,,,,,,,
788.8004,,,,,,,,,2.84740067751163,3.19862808180573,,,,,,,,,,
789.200425,,,,,,,,,2.61510315618169,3.43092560313567,,,,,,,,,,
789.600425,,,,,,,,,3.17031279773603,2.87571596158133,,,,,,,,,,
790.000425,,,,,,,,,2.07115462754064,3.97487413177672,,,,,,,,,,
790.400425,,,,,,,,,4.38824444676501,1.65778431255235,,,,,,,,,,
790.800425,,,,,,,,,3.26505623541173,2.78097252390563,,,,,,,,,,
791.200425,,,,,,,,,2.41425052400647,3.63177823531089,,,,,,,,,,
791.600425,,,,,,,,,3.16930019510457,2.87672856421279,,,,,,,,,,
792.000425,,,,,,,,,3.45503105188983,2.59099770742753,,,,,,,,,,
792.400425,,,,,,,,,2.73561421266326,3.3104145466541,,,,,,,,,,
792.800425,,,,,,,,,2.77513710400216,3.2708916553152,,,,,,,,,,
793.200425,,,,,,,,,4.32592588879703,1.72010287052033,,,,,,,,,,
793.600425,,,,,,,,,3.14756704921994,2.89846171009742,,,,,,,,,,
794.000425,,,,,,,,,1.479336646027,4.56669211329036,,,,,,,,,,
794.400425,,,,,,,,,3.03976901856928,3.00625974074808,,,,,,,,,,
794.800425,,,,,,,,,2.1415400421982,3.90448871711916,,,,,,,,,,
795.200425,,,,,,,,,2.41049641928075,3.63553234003661,,,,,,,,,,
795.600425,,,,,,,,,2.25940426433506,3.7866244949823,,,,,,,,,,
796.000425,,,,,,,,,3.35604780189669,2.68998095742067,,,,,,,,,,
796.400425,,,,,,,,,2.6513809978949,3.39464776142246,,,,,,,,,,
796.800425,,,,,,,,,3.29974403210839,2.74628472720897,,,,,,,,,,
797.200425,,,,,,,,,1.97646284635425,4.06956591296311,,,,,,,,,,
797.600425,,,,,,,,,4.1255299487642,1.92049881055316,,,,,,,,,,
798.000425,,,,,,,,,3.40318821133777,2.64284054797959,,,,,,,,,,
798.400425,,,,,,,,,3.30700301863809,2.73902574067927,,,,,,,,,,
798.800425,,,,,,,,,3.0847866866088,2.96124207270856,,,,,,,,,,
799.200425,,,,,,,,,2.80421770575394,3.24181105356342,,,,,,,,,,
799.600425,,,,,,,,,4.52432473776806,1.5217040215493,,,,,,,,,,
800.000425,,,,,,,,,2.78334710157301,3.26268165774435,,,,,,,,,,
800.400425,,,,,,,,,2.00726506547906,4.0387636938383,,,,,,,,,,
800.800425,,,,,,,,,2.94263793656758,3.10339082274978,,,,,,,,,,
801.200425,,,,,,,,,3.18580436169022,2.86022439762714,,,,,,,,,,
801.600425,,,,,,,,,3.28431643651711,2.76171232280025,,,,,,,,,,
802.000425,,,,,,,,,2.52182836125095,3.52420039806641,,,,,,,,,,
802.400425,,,,,,,,,3.30483563391458,2.74119312540278,,,,,,,,,,
802.800425,,,,,,,,,3.42751556230395,2.61851319701341,,,,,,,,,,
803.200425,,,,,,,,,4.44990603665209,1.59612272266527,,,,,,,,,,
803.600425,,,,,,,,,3.56159676866658,2.48443199065078,,,,,,,,,,
804.000425,,,,,,,,,4.0786233280936,1.96740543122375,,,,,,,,,,
804.400425,,,,,,,,,3.55401693753141,2.49201182178595,,,,,,,,,,
804.800425,,,,,,,,,3.53904471863917,2.50698404067819,,,,,,,,,,
805.200425,,,,,,,,,2.3984834273906,3.64754533192676,,,,,,,,,,
805.600425,,,,,,,,,3.56732044791248,2.47870831140488,,,,,,,,,,
806.000425,,,,,,,,,3.22682786572804,2.81920089358932,,,,,,,,,,
806.400425,,,,,,,,,3.54918348235965,2.49684527695771,,,,,,,,,,
806.800425,,,,,,,,,3.64171694616037,2.40431181315699,,,,,,,,,,
807.200425,,,,,,,,,3.39331827267476,2.6527104866426,,,,,,,,,,
807.600425,,,,,,,,,2.48246614211861,3.56356261719875,,,,,,,,,,
808.000425,,,,,,,,,1.85249165564344,4.19353710367392,,,,,,,,,,
808.400425,,,,,,,,,3.13759180393627,2.90843695538109,,,,,,,,,,
808.800425,,,,,,,,,4.0455144245073,2.00051433481006,,,,,,,,,,
809.200425,,,,,,,,,3.35157546261253,2.69445329670483,,,,,,,,,,
809.600425,,,,,,,,,3.58844256665957,2.45758619265779,,,,,,,,,,
810.000425,,,,,,,,,2.87196918113882,3.17405957817854,,,,,,,,,,
810.400425,,,,,,,,,2.75510767138614,3.29092108793122,,,,,,,,,,
810.800425,,,,,,,,,1.97199074780172,4.07403801151564,,,,,,,,,,
811.200425,,,,,,,,,3.29722870270538,2.74880005661198,,,,,,,,,,
811.600425,,,,,,,,,3.25302570498223,2.79300305433513,,,,,,,,,,
812.000425,,,,,,,,,3.37390008814879,2.67212867116857,,,,,,,,,,
812.400425,,,,,,,,,3.66692058775106,2.3791081715663,,,,,,,,,,
812.800425,,,,,,,,,4.37316407825176,1.6728646810656,,,,,,,,,,
813.200425,,,,,,,,,2.79874271868453,3.24728604063283,,,,,,,,,,
813.600425,,,,,,,,,3.41737156943588,2.62865718988148,,,,,,,,,,
814.000425,,,,,,,,,3.66759909280249,2.37842966651487,,,,,,,,,,
814.400425,,,,,,,,,3.42128667977127,2.62474207954609,,,,,,,,,,
814.800425,,,,,,,,,3.14358540890352,2.90244335041384,,,,,,,,,,
815.200425,,,,,,,,,1.84407404314732,4.20195471617004,,,,,,,,,,
815.600425,,,,,,,,,4.51551563440654,1.53051312491082,,,,,,,,,,
816.000425,,,,,,,,,2.87330416331439,3.17272459600297,,,,,,,,,,
816.400425,,,,,,,,,2.75713601933789,3.28889273997947,,,,,,,,,,
816.800425,,,,,,,,,3.2218431053913,2.82418565392606,,,,,,,,,,
817.200425,,,,,,,,,2.58295817741595,3.46307058190141,,,,,,,,,,
817.600425,,,,,,,,,1.81196597517514,4.23406278414222,,,,,,,,,,
818.000425,,,,,,,,,4.22750624783023,1.81852251148713,,,,,,,,,,
818.400425,,,,,,,,,2.69227987246697,3.35374888685039,,,,,,,,,,
818.800425,,,,,,,,,1.96929750897003,4.07673125034733,,,,,,,,,,
819.200425,,,,,,,,,3.20816636749585,2.83786239182151,,,,,,,,,,
819.600425,,,,,,,,,2.50598694515922,3.54004181415814,,,,,,,,,,
820.000425,,,,,,,,,3.3797284999747,2.66630025934266,,,,,,,,,,
820.400425,,,,,,,,,4.13796167284819,1.90806708646917,,,,,,,,,,
820.800425,,,,,,,,,3.35188210433075,2.69414665498661,,,,,,,,,,
821.200425,,,,,,,,,3.11832615047776,2.9277026088396,,,,,,,,,,
821.600425,,,,,,,,,2.51743113790599,3.52859762141137,,,,,,,,,,
822.000425,,,,,,,,,4.94949231750688,1.09653644181048,,,,,,,,,,
822.400425,,,,,,,,,2.24738543998814,3.79864331932922,,,,,,,,,,
822.800425,,,,,,,,,2.73300081539869,3.31302794391867,,,,,,,,,,
823.200425,,,,,,,,,3.35952438527312,2.68650437404424,,,,,,,,,,
823.600425,,,,,,,,,2.52261590269997,3.52341285661739,,,,,,,,,,
824.000425,,,,,,,,,2.22247029581092,3.82355846350644,,,,,,,,,,
824.400425,,,,,,,,,3.45279042756563,2.59323833175173,,,,,,,,,,
824.800425,,,,,,,,,4.22394382763807,1.82208493167929,,,,,,,,,,
825.200425,,,,,,,,,3.78381360296144,2.26221515635592,,,,,,,,,,
825.600425,,,,,,,,,2.42010650589493,3.62592225342243,,,,,,,,,,
826.000425,,,,,,,,,3.23550073901939,2.81052802029797,,,,,,,,,,
826.400425,,,,,,,,,3.73278611209913,2.31324264721823,,,,,,,,,,
826.800425,,,,,,,,,3.66369269009575,2.38233606922161,,,,,,,,,,
827.200425,,,,,,,,,3.65595822323785,2.39007053607951,,,,,,,,,,
827.600425,,,,,,,,,3.18692659928972,2.85910216002764,,,,,,,,,,
828.000425,,,,,,,,,3.21047661395238,2.83555214536498,,,,,,,,,,
828.400425,,,,,,,,,3.92255230194337,2.12347645737399,,,,,,,,,,
828.800425,,,,,,,,,3.19944354560447,2.84658521371289,,,,,,,,,,
829.200425,,,,,,,,,2.87425738913099,3.17177137018637,,,,,,,,,,
829.600425,,,,,,,,,2.76695700170719,3.27907175761017,,,,,,,,,,
830.000425,,,,,,,,,2.83864873152325,3.20738002779411,,,,,,,,,,
830.400425,,,,,,,,,3.22914102221193,2.81688773710543,,,,,,,,,,
830.800425,,,,,,,,,2.17640630806978,3.86962245124758,,,,,,,,,,
831.200425,,,,,,,,,3.74233724978941,2.30369150952795,,,,,,,,,,
831.600425,,,,,,,,,2.80208568847055,3.24394307084681,,,,,,,,,,
832.000425,,,,,,,,,4.14035131481249,1.90567744450487,,,,,,,,,,
832.400425,,,,,,,,,3.34496045515238,2.70106830416498,,,,,,,,,,
832.800425,,,,,,,,,4.22394185614448,1.82208690317288,,,,,,,,,,
833.200425,,,,,,,,,1.62472418338496,4.4213045759324,,,,,,,,,,
833.600425,,,,,,,,,3.38044124302924,2.66558751628812,,,,,,,,,,
834.00045,,,,,,,,,3.83913340204036,2.206895357277,,,,,,,,,,
834.40045,,,,,,,,,3.20315613206973,2.84287262724763,,,,,,,,,,
834.80045,,,,,,,,,3.16939586690724,2.87663289241012,,,,,,,,,,
835.20045,,,,,,,,,3.5425967826233,2.50343197669406,,,,,,,,,,
835.60045,,,,,,,,,3.95855418438845,2.08747457492891,,,,,,,,,,
836.00045,,,,,,,,,3.19125203371805,2.85477672559931,,,,,,,,,,
836.40045,,,,,,,,,1.90071616150626,4.1453125978111,,,,,,,,,,
836.80045,,,,,,,,,2.02149621402388,4.02453254529348,,,,,,,,,,
837.20045,,,,,,,,,3.22774713895148,2.81828162036588,,,,,,,,,,
837.60045,,,,,,,,,2.42986738515788,3.61616137415948,,,,,,,,,,
838.00045,,,,,,,,,3.74197261340407,2.30405614591329,,,,,,,,,,
838.40045,,,,,,,,,1.23530277486209,4.81072598445527,,,,,,,,,,
838.80045,,,,,,,,,3.0266846560578,3.01934410325956,,,,,,,,,,
839.20045,,,,,,,,,3.05978611955799,2.98624263975937,,,,,,,,,,
839.60045,,,,,,,,,2.9928644652948,3.05316429402256,,,,,,,,,,
840.00045,,,,,,,,,2.75818049487313,3.28784826444423,,,,,,,,,,
840.40045,,,,,,,,,3.23066284565688,2.81536591366048,,,,,,,,,,
840.80045,,,,,,,,,3.94632905799647,2.09969970132089,,,,,,,,,,
841.20045,,,,,,,,,3.08082272290448,2.96520603641288,,,,,,,,,,
841.60045,,,,,,,,,2.8318077522973,3.21422100702006,,,,,,,,,,
842.00045,,,,,,,,,3.32807978293137,2.71794897638599,,,,,,,,,,
842.40045,,,,,,,,,3.62537969674478,2.42064906257258,,,,,,,,,,
842.80045,,,,,,,,,3.4935531298745,2.55247562944286,,,,,,,,,,
843.20045,,,,,,,,,3.52460189527126,2.5214268640461,,,,,,,,,,
843.60045,,,,,,,,,3.01452635914081,3.03150240017655,,,,,,,,,,
844.00045,,,,,,,,,2.73036393224862,3.31566482706874,,,,,,,,,,
844.40045,,,,,,,,,3.67390268998444,2.37212606933292,,,,,,,,,,
844.80045,,,,,,,,,4.02637703790742,2.01965172140994,,,,,,,,,,
845.20045,,,,,,,,,2.08144781253214,3.96458094678522,,,,,,,,,,
845.60045,,,,,,,,,2.5037143516939,3.54231440762346,,,,,,,,,,
846.00045,,,,,,,,,3.51762091692083,2.52840784239653,,,,,,,,,,
846.40045,,,,,,,,,1.35765384905559,4.68837491026177,,,,,,,,,,
846.80045,,,,,,,,,3.26353722753414,2.78249153178322,,,,,,,,,,
847.20045,,,,,,,,,3.04522924390389,3.00079951541347,,,,,,,,,,
847.60045,,,,,,,,,2.24310573518644,3.80292302413092,,,,,,,,,,
848.00045,,,,,,,,,2.81061069335429,3.23541806596307,,,,,,,,,,
848.40045,,,,,,,,,2.87200940037461,3.17401935894275,,,,,,,,,,
848.80045,,,,,,,,,3.91550148298883,2.13052727632853,,,,,,,,,,
849.20045,,,,,,,,,2.15470027716248,3.89132848215488,,,,,,,,,,
849.60045,,,,,,,,,2.9768588223356,3.06916993698176,,,,,,,,,,
850.00045,,,,,,,,,2.11515306220506,3.9308756971123,,,,,,,,,,
850.40045,,,,,,,,,2.80864502810526,3.2373837312121,,,,,,,,,,
850.80045,,,,,,,,,2.03894332735364,4.00708543196372,,,,,,,,,,
851.20045,,,,,,,,,1.15668454954378,4.88934420977358,,,,,,,,,,
851.60045,,,,,,,,,3.76123328083471,2.28479547848265,,,,,,,,,,
852.00045,,,,,,,,,2.48426560774523,3.56176315157213,,,,,,,,,,
852.40045,,,,,,,,,2.29450217185498,3.75152658746238,,,,,,,,,,
852.80045,,,,,,,,,3.24934728350937,2.79668147580799,,,,,,,,,,
853.20045,,,,,,,,,3.48585590699787,2.56017285231949,,,,,,,,,,
853.60045,,,,,,,,,3.41913111951257,2.62689763980479,,,,,,,,,,
854.00045,,,,,,,,,3.88098147644914,2.16504728286822,,,,,,,,,,
854.40045,,,,,,,,,2.45572988097663,3.59029887834073,,,,,,,,,,
854.80045,,,,,,,,,1.79353988929169,4.25248887002567,,,,,,,,,,
855.20045,,,,,,,,,3.5605042043098,2.48552455500756,,,,,,,,,,
855.60045,,,,,,,,,3.77620268927625,2.26982607004111,,,,,,,,,,
856.00045,,,,,,,,,3.91908343291404,2.12694532640332,,,,,,,,,,
856.40045,,,,,,,,,2.33060104234736,3.71542771697,,,,,,,,,,
856.80045,,,,,,,,,3.39337402914735,2.65265473017001,,,,,,,,,,
857.20045,,,,,,,,,3.40678007466723,2.63924868465013,,,,,,,,,,
857.60045,,,,,,,,,2.68438202200747,3.36164673730989,,,,,,,,,,
858.00045,,,,,,,,,2.83965389425,3.20637486506735,,,,,,,,,,
858.40045,,,,,,,,,1.11524527592345,4.93078348339391,,,,,,,,,,
858.80045,,,,,,,,,1.32349106914504,4.72253769017232,,,,,,,,,,
859.20045,,,,,,,,,3.62756767144434,2.41846108787302,,,,,,,,,,
859.60045,,,,,,,,,3.254175208313,2.79185355100436,,,,,,,,,,
860.00045,,,,,,,,,2.44949953061092,3.59652922870644,,,,,,,,,,
860.40045,,,,,,,,,2.62780711961792,3.41822163969943,,,,,,,,,,
860.80045,,,,,,,,,2.50247783256636,3.543550926751,,,,,,,,,,
861.20045,,,,,,,,,3.26184924603063,2.78417951328673,,,,,,,,,,
861.60045,,,,,,,,,2.99216460773129,3.05386415158607,,,,,,,,,,
862.00045,,,,,,,,,3.1707437342446,2.87528502507277,,,,,,,,,,
862.40045,,,,,,,,,3.30063278627694,2.74539597304042,,,,,,,,,,
862.80045,,,,,,,,,2.54821218124272,3.49781657807464,,,,,,,,,,
863.20045,,,,,,,,,2.53528706236753,3.51074169694983,,,,,,,,,,
863.60045,,,,,,,,,0.958639046180595,5.08738971313676,,,,,,,,,,
864.00045,,,,,,,,,2.41147674361058,3.63455201570678,,,,,,,,,,
864.40045,,,,,,,,,2.1743907606087,3.87163799870866,,,,,,,,,,
864.80045,,,,,,,,,2.73977467444933,3.30625408486803,,,,,,,,,,
865.20045,,,,,,,,,2.99742028045546,3.0486084788619,,,,,,,,,,
865.60045,,,,,,,,,3.59814772864688,2.44788103067048,,,,,,,,,,
866.00045,,,,,,,,,3.00302203948696,3.0430067198304,,,,,,,,,,
866.40045,,,,,,,,,3.52885927980114,2.51716947951622,,,,,,,,,,
866.80045,,,,,,,,,2.40845450922635,3.63757425009101,,,,,,,,,,
867.20045,,,,,,,,,3.00371866972635,3.04231008959101,,,,,,,,,,
867.60045,,,,,,,,,3.14624691688684,2.89978184243052,,,,,,,,,,
868.00045,,,,,,,,,1.76662434768631,4.27940441163105,,,,,,,,,,
868.40045,,,,,,,,,3.15347940726664,2.89254935205072,,,,,,,,,,
868.80045,,,,,,,,,3.50358069572219,2.54244806359517,,,,,,,,,,
869.20045,,,,,,,,,2.5548922127193,3.49113654659806,,,,,,,,,,
869.60045,,,,,,,,,3.23271545579646,2.8133133035209,,,,,,,,,,
870.00045,,,,,,,,,1.89254384488174,4.15348491443562,,,,,,,,,,
870.40045,,,,,,,,,3.03084440777179,3.01518435154557,,,,,,,,,,
870.80045,,,,,,,,,2.65918822673875,3.38684053257861,,,,,,,,,,
871.20045,,,,,,,,,3.11087695531413,2.93515180400323,,,,,,,,,,
871.60045,,,,,,,,,1.97147915516347,4.07454960415389,,,,,,,,,,
872.00045,,,,,,,,,2.03097381108795,4.01505494822941,,,,,,,,,,
872.40045,,,,,,,,,3.71795548111482,2.32807327820254,,,,,,,,,,
872.80045,,,,,,,,,4.06282176651014,1.98320699280722,,,,,,,,,,
873.20045,,,,,,,,,3.20663541229833,2.83939334701903,,,,,,,,,,
873.60045,,,,,,,,,3.32156855643422,2.72446020288313,,,,,,,,,,
874.00045,,,,,,,,,2.62130872669151,3.42472003262585,,,,,,,,,,
874.40045,,,,,,,,,2.79520706493242,3.25082169438494,,,,,,,,,,
874.80045,,,,,,,,,2.26830299432196,3.7777257649954,,,,,,,,,,
875.20045,,,,,,,,,3.82315704975654,2.22287170956082,,,,,,,,,,
875.60045,,,,,,,,,2.97920114483561,3.06682761448175,,,,,,,,,,
876.00045,,,,,,,,,2.47183514322247,3.57419361609489,,,,,,,,,,
876.40045,,,,,,,,,2.21764046825555,3.82838829106181,,,,,,,,,,
876.80045,,,,,,,,,2.42966367795982,3.61636508135754,,,,,,,,,,
877.20045,,,,,,,,,3.2529127444943,2.79311601482306,,,,,,,,,,
877.60045,,,,,,,,,3.06491267634503,2.98111608297233,,,,,,,,,,
878.00045,,,,,,,,,2.41978113535664,3.62624762396071,,,,,,,,,,
878.40045,,,,,,,,,3.11813948632418,2.92788927299318,,,,,,,,,,
878.80045,,,,,,,,,2.29234701098371,3.75368174833365,,,,,,,,,,
879.20045,,,,,,,,,3.63880935302118,2.40721940629618,,,,,,,,,,
879.60045,,,,,,,,,2.98535825472136,3.060670504596,,,,,,,,,,
880.00045,,,,,,,,,3.1587523959074,2.88727636340996,,,,,,,,,,
880.40045,,,,,,,,,2.95699780546868,3.08903095384868,,,,,,,,,,
880.80045,,,,,,,,,3.12890226391303,2.91712649540433,,,,,,,,,,
881.20045,,,,,,,,,3.14049523755295,2.90553352176441,,,,,,,,,,
881.60045,,,,,,,,,2.14383184072084,3.90219691859652,,,,,,,,,,
882.00045,,,,,,,,,2.66546182999889,3.38056692931847,,,,,,,,,,
882.40045,,,,,,,,,2.90873721672592,3.13729154259144,,,,,,,,,,
882.80045,,,,,,,,,2.82786440952311,3.21816434979425,,,,,,,,,,
883.20045,,,,,,,,,3.56662705423476,2.4794017050826,,,,,,,,,,
883.600475,,,,,,,,,3.0989847653784,2.94704399393896,,,,,,,,,,
884.000475,,,,,,,,,3.18887450239899,2.85715425691837,,,,,,,,,,
884.400475,,,,,,,,,3.31716718414556,2.7288615751718,,,,,,,,,,
884.800475,,,,,,,,,2.94964717294461,3.09638158637275,,,,,,,,,,
885.200475,,,,,,,,,3.52934158191222,2.51668717740514,,,,,,,,,,
885.600475,,,,,,,,,2.75478508564954,3.29124367366782,,,,,,,,,,
886.000475,,,,,,,,,3.1119695968362,2.93405916248116,,,,,,,,,,
886.400475,,,,,,,,,2.51492549453996,3.5311032647774,,,,,,,,,,
886.800475,,,,,,,,,2.75422480190601,3.29180395741135,,,,,,,,,,
887.200475,,,,,,,,,3.69321953955445,2.35280921976291,,,,,,,,,,
887.600475,,,,,,,,,3.0042827491809,3.04174601013646,,,,,,,,,,
888.000475,,,,,,,,,3.70651289855854,2.33951586075882,,,,,,,,,,
888.400475,,,,,,,,,3.02650976599419,3.01951899332317,,,,,,,,,,
888.800475,,,,,,,,,3.12760017027637,2.91842858904099,,,,,,,,,,
889.200475,,,,,,,,,3.58545110194638,2.46057765737098,,,,,,,,,,
889.600475,,,,,,,,,2.25047745079462,3.79555130852274,,,,,,,,,,
890.000475,,,,,,,,,1.95830097695296,4.0877277823644,,,,,,,,,,
890.400475,,,,,,,,,1.28530475316452,4.76072400615284,,,,,,,,,,
890.800475,,,,,,,,,2.5269417427604,3.51908701655696,,,,,,,,,,
891.200475,,,,,,,,,2.15492973188054,3.89109902743682,,,,,,,,,,
891.600475,,,,,,,,,1.86902277721383,4.17700598210353,,,,,,,,,,
892.000475,,,,,,,,,3.90350472207016,2.1425240372472,,,,,,,,,,
892.400475,,,,,,,,,1.92914912352805,4.11687963578931,,,,,,,,,,
892.800475,,,,,,,,,2.85286335754438,3.19316540177298,,,,,,,,,,
893.200475,,,,,,,,,2.56689051246861,3.47913824684875,,,,,,,,,,
893.600475,,,,,,,,,1.98361614558531,4.06241261373205,,,,,,,,,,
894.000475,,,,,,,,,2.95277284569424,3.09325591362312,,,,,,,,,,
894.400475,,,,,,,,,2.77657291559893,3.26945584371843,,,,,,,,,,
894.800475,,,,,,,,,3.07834437451929,2.96768438479807,,,,,,,,,,
895.200475,,,,,,,,,2.45197429701552,3.59405446230184,,,,,,,,,,
895.600475,,,,,,,,,2.94698151175595,3.09904724756141,,,,,,,,,,
896.000475,,,,,,,,,3.13171217464651,2.91431658467085,,,,,,,,,,
896.400475,,,,,,,,,3.14150808383352,2.90452067548384,,,,,,,,,,
896.800475,,,,,,,,,3.31966407450928,2.72636468480808,,,,,,,,,,
897.200475,,,,,,,,,2.95962168035131,3.08640707896605,,,,,,,,,,
897.600475,,,,,,,,,2.11326812004074,3.93276063927662,,,,,,,,,,
898.000475,,,,,,,,,1.37649689559513,4.66953186372223,,,,,,,,,,
898.400475,,,,,,,,,2.99761864178154,3.04841011753582,,,,,,,,,,
898.800475,,,,,,,,,2.81384901334855,3.23217974596881,,,,,,,,,,
899.200475,,,,,,,,,2.6551452931821,3.39088346613526,,,,,,,,,,
899.600475,,,,,,,,,3.13522627907887,2.91080248023849,,,,,,,,,,
900.000475,,,,,,,,,3.50990514125415,2.53612361806321,,,,,,,,,,
900.400475,,,,,,,,,1.83921310031271,4.20681565900465,,,,,,,,,,
900.800475,,,,,,,,,2.69129415717165,3.35473460214571,,,,,,,,,,
901.200475,,,,,,,,,2.77567713662769,3.27035162268967,,,,,,,,,,
901.600475,,,,,,,,,3.85345066727224,2.19257809204512,,,,,,,,,,
902.000475,,,,,,,,,1.63651451612017,4.40951424319719,,,,,,,,,,
902.400475,,,,,,,,,2.5973292076541,3.44869955166326,,,,,,,,,,
902.800475,,,,,,,,,3.20447174146487,2.84155701785249,,,,,,,,,,
903.200475,,,,,,,,,3.55759612860433,2.48843263071303,,,,,,,,,,
903.600475,,,,,,,,,3.22863245007558,2.81739630924178,,,,,,,,,,
904.000475,,,,,,,,,4.22077230005841,1.82525645925895,,,,,,,,,,
904.400475,,,,,,,,,2.980496966508,3.06553179280936,,,,,,,,,,
904.800475,,,,,,,,,3.27053691345779,2.77549184585957,,,,,,,,,,
905.200475,,,,,,,,,3.10202659847014,2.94400216084722,,,,,,,,,,
905.600475,,,,,,,,,3.12054361007566,2.9254851492417,,,,,,,,,,
906.000475,,,,,,,,,1.95933668403869,4.08669207527867,,,,,,,,,,
906.400475,,,,,,,,,1.20794588992363,4.83808286939373,,,,,,,,,,
906.800475,,,,,,,,,3.21940612250659,2.82662263681077,,,,,,,,,,
907.200475,,,,,,,,,2.15935037883343,3.88667838048393,,,,,,,,,,
907.600475,,,,,,,,,2.27150728773554,3.77452147158182,,,,,,,,,,
908.000475,,,,,,,,,2.22343104669192,3.82259771262544,,,,,,,,,,
908.400475,,,,,,,,,2.45318604792187,3.59284271139549,,,,,,,,,,
908.800475,,,,,,,,,3.02300239970315,3.02302635961421,,,,,,,,,,
909.200475,,,,,,,,,3.43296690361653,2.61306185570083,,,,,,,,,,
909.600475,,,,,,,,,2.60642092758655,3.43960783173081,,,,,,,,,,
910.000475,,,,,,,,,2.60838267584364,3.43764608347372,,,,,,,,,,
910.400475,,,,,,,,,3.6817595015507,2.36426925776666,,,,,,,,,,
910.800475,,,,,,,,,3.90060645742569,2.14542230189167,,,,,,,,,,
911.200475,,,,,,,,,4.18468660088359,1.86134215843377,,,,,,,,,,
911.600475,,,,,,,,,3.62788084562774,2.41814791368962,,,,,,,,,,
912.000475,,,,,,,,,3.60548421376926,2.4405445455481,,,,,,,,,,
912.400475,,,,,,,,,1.96562830171348,4.08040045760388,,,,,,,,,,
912.800475,,,,,,,,,3.60712155423203,2.43890720508533,,,,,,,,,,
913.200475,,,,,,,,,2.96398283985092,3.08204591946644,,,,,,,,,,
913.600475,,,,,,,,,3.91406785037462,2.13196090894274,,,,,,,,,,
914.000475,,,,,,,,,3.47706401189734,2.56896474742002,,,,,,,,,,
914.400475,,,,,,,,,3.72439475690805,2.32163400240931,,,,,,,,,,
914.800475,,,,,,,,,2.6204606141613,3.42556814515606,,,,,,,,,,
915.200475,,,,,,,,,2.30194271786771,3.74408604144965,,,,,,,,,,
915.600475,,,,,,,,,3.93574200055604,2.11028675876132,,,,,,,,,,
916.000475,,,,,,,,,2.17988966079936,3.866139098518,,,,,,,,,,
916.400475,,,,,,,,,2.51410721546286,3.5319215438545,,,,,,,,,,
916.800475,,,,,,,,,3.62315421048288,2.42287454883448,,,,,,,,,,
917.200475,,,,,,,,,1.8876829619683,4.15834579734905,,,,,,,,,,
917.600475,,,,,,,,,3.33425174051771,2.71177701879965,,,,,,,,,,
918.000475,,,,,,,,,2.98372833719781,3.06230042211955,,,,,,,,,,
918.400475,,,,,,,,,3.48898477708279,2.55704398223456,,,,,,,,,,
918.800475,,,,,,,,,2.90750280120901,3.13852595810835,,,,,,,,,,
919.200475,,,,,,,,,1.36638471032859,4.67964404898876,,,,,,,,,,
919.600475,,,,,,,,,3.79331113409486,2.2527176252225,,,,,,,,,,
920.000475,,,,,,,,,2.49774781134208,3.54828094797528,,,,,,,,,,
920.400475,,,,,,,,,4.18876471939319,1.85726403992417,,,,,,,,,,
920.800475,,,,,,,,,2.58314733241373,3.46288142690363,,,,,,,,,,
921.200475,,,,,,,,,3.20981916646116,2.8362095928562,,,,,,,,,,
921.600475,,,,,,,,,2.85757221943996,3.1884565398774,,,,,,,,,,
922.000475,,,,,,,,,2.57607323614123,3.46995552317613,,,,,,,,,,
922.400475,,,,,,,,,3.41798459046312,2.62804416885424,,,,,,,,,,
922.800475,,,,,,,,,4.44797069944957,1.59805805986779,,,,,,,,,,
923.200475,,,,,,,,,3.12713919620757,2.91888956310979,,,,,,,,,,
923.600475,,,,,,,,,3.12571285587996,2.9203159034374,,,,,,,,,,
924.000475,,,,,,,,,3.24360186052647,2.80242689879089,,,,,,,,,,
924.400475,,,,,,,,,4.54027668128529,1.50575207803207,,,,,,,,,,
924.800475,,,,,,,,,3.1388961007197,2.90713265859766,,,,,,,,,,
925.200475,,,,,,,,,3.2592244684465,2.78680429087086,,,,,,,,,,
925.600475,,,,,,,,,2.15054598320553,3.89548277611183,,,,,,,,,,
926.000475,,,,,,,,,3.6976514760963,2.34837728322106,,,,,,,,,,
926.400475,,,,,,,,,3.69741262447443,2.34861613484293,,,,,,,,,,
926.8005,,,,,,,,,3.41618975676281,2.62983900255455,,,,,,,,,,
927.2005,,,,,,,,,3.25269900316594,2.79332975615142,,,,,,,,,,
927.6005,,,,,,,,,3.39419553452739,2.65183322478997,,,,,,,,,,
928.0005,,,,,,,,,3.51517849822224,2.53085026109512,,,,,,,,,,
928.4005,,,,,,,,,3.87991004591045,2.16611871340691,,,,,,,,,,
928.8005,,,,,,,,,3.67952332597378,2.36650543334358,,,,,,,,,,
929.2005,,,,,,,,,4.09285113211225,1.95317762720511,,,,,,,,,,
929.6005,,,,,,,,,3.07326901617933,2.97275974313803,,,,,,,,,,
930.0005,,,,,,,,,3.03483827038059,3.01119048893677,,,,,,,,,,
930.4005,,,,,,,,,3.33912277264935,2.70690598666801,,,,,,,,,,
930.8005,,,,,,,,,4.15288328934019,1.89314546997717,,,,,,,,,,
931.2005,,,,,,,,,1.41557575150111,4.63045300781625,,,,,,,,,,
931.6005,,,,,,,,,2.46121657130263,3.58481218801473,,,,,,,,,,
932.0005,,,,,,,,,3.73959612257933,2.30643263673803,,,,,,,,,,
932.4005,,,,,,,,,2.237617509033,3.80841125028436,,,,,,,,,,
932.8005,,,,,,,,,1.83659301526859,4.20943574404877,,,,,,,,,,
933.2005,,,,,,,,,2.36117283906842,3.68485592024894,,,,,,,,,,
933.6005,,,,,,,,,2.95521695222556,3.0908118070918,,,,,,,,,,
934.0005,,,,,,,,,2.77535521047649,3.27067354884087,,,,,,,,,,
934.4005,,,,,,,,,1.20359303690859,4.84243572240877,,,,,,,,,,
934.8005,,,,,,,,,2.17276341668311,3.87326534263425,,,,,,,,,,
935.2005,,,,,,,,,2.82765484948805,3.21837390982931,,,,,,,,,,
935.6005,,,,,,,,,2.39972318569101,3.64630557362635,,,,,,,,,,
936.0005,,,,,,,,,1.77031694282843,4.27571181648893,,,,,,,,,,
936.4005,,,,,,,,,1.87593114509479,4.17009761422257,,,,,,,,,,
936.8005,,,,,,,,,2.57881722902104,3.46721153029632,,,,,,,,,,
937.2005,,,,,,,,,2.53140809925084,3.51462066006652,,,,,,,,,,
937.6005,,,,,,,,,2.5359263666106,3.51010239270676,,,,,,,,,,
938.0005,,,,,,,,,1.468628900351,4.57739985896636,,,,,,,,,,
938.4005,,,,,,,,,2.86187471990712,3.18415403941024,,,,,,,,,,
938.8005,,,,,,,,,2.73337891866999,3.31264984064737,,,,,,,,,,
939.2005,,,,,,,,,0.871627890778868,5.17440086853849,,,,,,,,,,
939.6005,,,,,,,,,2.78711858677712,3.25891017254024,,,,,,,,,,
940.0005,,,,,,,,,2.71176237871456,3.3342663806028,,,,,,,,,,
940.4005,,,,,,,,,2.6929752367579,3.35305352255946,,,,,,,,,,
940.8005,,,,,,,,,1.2024903803089,4.84353837900846,,,,,,,,,,
941.2005,,,,,,,,,2.06224450807331,3.98378425124405,,,,,,,,,,
941.6005,,,,,,,,,1.8261069834445,4.21992177587286,,,,,,,,,,
942.0005,,,,,,,,,2.61736561164664,3.42866314767072,,,,,,,,,,
942.4005,,,,,,,,,2.30159362709752,3.74443513221984,,,,,,,,,,
942.8005,,,,,,,,,1.84466062771303,4.20136813160433,,,,,,,,,,
943.2005,,,,,,,,,1.45600687785834,4.59002188145902,,,,,,,,,,
943.6005,,,,,,,,,1.92193494870188,4.12409381061548,,,,,,,,,,
944.0005,,,,,,,,,2.66440200924409,3.38162675007327,,,,,,,,,,
944.4005,,,,,,,,,1.94994015402902,4.09608860528833,,,,,,,,,,
944.8005,,,,,,,,,3.55431169262261,2.49171706669475,,,,,,,,,,
945.2005,,,,,,,,,2.15948883053653,3.88653992878083,,,,,,,,,,
945.6005,,,,,,,,,2.92064539932938,3.12538335998798,,,,,,,,,,
946.0005,,,,,,,,,2.99108499059761,3.05494376871975,,,,,,,,,,
946.4005,,,,,,,,,2.60547600463207,3.44055275468529,,,,,,,,,,
946.8005,,,,,,,,,1.92821589228184,4.11781286703552,,,,,,,,,,
947.2005,,,,,,,,,1.97822355985429,4.06780519946306,,,,,,,,,,
947.6005,,,,,,,,,3.48490667997853,2.56112207933883,,,,,,,,,,
948.0005,,,,,,,,,3.20018560374254,2.84584315557482,,,,,,,,,,
948.4005,,,,,,,,,0.950752906973308,5.09527585234405,,,,,,,,,,
948.8005,,,,,,,,,3.24318062278998,2.80284813652738,,,,,,,,,,
949.2005,,,,,,,,,0.843216197909189,5.20281256140817,,,,,,,,,,
949.6005,,,,,,,,,4.21904502401509,1.82698373530227,,,,,,,,,,
950.0005,,,,,,,,,3.37690509197947,2.66912366733789,,,,,,,,,,
950.4005,,,,,,,,,2.11945493946201,3.92657381985535,,,,,,,,,,
950.8005,,,,,,,,,3.13197149691058,2.91405726240678,,,,,,,,,,
951.2005,,,,,,,,,1.4058246419789,4.64020411733846,,,,,,,,,,
951.6005,,,,,,,,,1.68591939250077,4.36010936681659,,,,,,,,,,
952.0005,,,,,,,,,1.46475958164614,4.58126917767122,,,,,,,,,,
952.4005,,,,,,,,,1.24953841103149,4.79649034828587,,,,,,,,,,
952.8005,,,,,,,,,2.88608965261033,3.15993910670703,,,,,,,,,,
953.2005,,,,,,,,,2.67942719919524,3.36660156012212,,,,,,,,,,
953.6005,,,,,,,,,2.75460293394561,3.29142582537175,,,,,,,,,,
954.0005,,,,,,,,,3.47591450027077,2.57011425904659,,,,,,,,,,
954.4005,,,,,,,,,3.08084392337424,2.96518483594312,,,,,,,,,,
954.8005,,,,,,,,,3.15142605532334,2.89460270399402,,,,,,,,,,
955.2005,,,,,,,,,1.54240993903638,4.50361882028098,,,,,,,,,,
955.6005,,,,,,,,,2.77186496668295,3.27416379263441,,,,,,,,,,
956.0005,,,,,,,,,2.93293930583473,3.11308945348263,,,,,,,,,,
956.4005,,,,,,,,,2.2503165297181,3.79571222959926,,,,,,,,,,
956.8005,,,,,,,,,1.54882814747461,4.49720061184275,,,,,,,,,,
957.2005,,,,,,,,,1.31294346411837,4.73308529519899,,,,,,,,,,
957.6005,,,,,,,,,2.10858281113955,3.93744594817781,,,,,,,,,,
958.0005,,,,,,,,,2.69046960764766,3.3555591516697,,,,,,,,,,
958.4005,,,,,,,,,3.7460041516878,2.30002460762956,,,,,,,,,,
958.8005,,,,,,,,,3.60098168943969,2.44504706987767,,,,,,,,,,
959.2005,,,,,,,,,3.19438079666143,2.85164796265593,,,,,,,,,,
959.6005,,,,,,,,,3.85515039228352,2.19087836703384,,,,,,,,,,
960.0005,,,,,,,,,2.91653735451816,3.1294914047992,,,,,,,,,,
960.4005,,,,,,,,,3.52040891409794,2.52561984521942,,,,,,,,,,
960.8005,,,,,,,,,2.07031421123307,3.97571454808429,,,,,,,,,,
961.2005,,,,,,,,,2.9454300875782,3.10059867173916,,,,,,,,,,
961.6005,,,,,,,,,2.98953240001242,3.05649635930494,,,,,,,,,,
962.0005,,,,,,,,,1.36560349338862,4.68042526592874,,,,,,,,,,
962.4005,,,,,,,,,2.44429418447904,3.60173457483832,,,,,,,,,,
962.8005,,,,,,,,,1.82437548490387,4.22165327441349,,,,,,,,,,
963.2005,,,,,,,,,2.66662280094552,3.37940595837184,,,,,,,,,,
963.6005,,,,,,,,,3.45999982682662,2.58602893249074,,,,,,,,,,
964.0005,,,,,,,,,3.71402271714056,2.3320060421768,,,,,,,,,,
964.4005,,,,,,,,,2.82014525582164,3.22588350349572,,,,,,,,,,
964.8005,,,,,,,,,1.94997169275313,4.09605706656423,,,,,,,,,,
965.2005,,,,,,,,,2.17591434314708,3.87011441617028,,,,,,,,,,
965.6005,,,,,,,,,3.90525736064021,2.14077139867715,,,,,,,,,,
966.0005,,,,,,,,,3.63568215128481,2.41034660803255,,,,,,,,,,
966.4005,,,,,,,,,3.30157619381666,2.7444525655007,,,,,,,,,,
966.8005,,,,,,,,,3.04412410751653,3.00190465180083,,,,,,,,,,
967.2005,,,,,,,,,3.02276585982008,3.02326289949728,,,,,,,,,,
967.6005,,,,,,,,,3.03138906124178,3.01463969807558,,,,,,,,,,
968.0005,,,,,,,,,3.45922489352697,2.58680386579039,,,,,,,,,,
968.4005,,,,,,,,,3.23407410247995,2.81195465683741,,,,,,,,,,
968.8005,,,,,,,,,3.58810125213957,2.45792750717779,,,,,,,,,,
969.2005,,,,,,,,,2.42932401369153,3.61670474562583,,,,,,,,,,
969.600525,,,,,,,,,3.21049053263087,2.83553822668649,,,,,,,,,,
970.000525,,,,,,,,,3.54670145507104,2.49932730424632,,,,,,,,,,
970.400525,,,,,,,,,3.64461446388723,2.40141429543013,,,,,,,,,,
970.800525,,,,,,,,,1.81996401630095,4.22606474301641,,,,,,,,,,
971.200525,,,,,,,,,3.20465425419597,2.84137450512139,,,,,,,,,,
971.600525,,,,,,,,,2.36109667933782,3.68493207997954,,,,,,,,,,
972.000525,,,,,,,,,2.75277496512832,3.29325379418904,,,,,,,,,,
972.400525,,,,,,,,,2.53763339518454,3.50839536413282,,,,,,,,,,
972.800525,,,,,,,,,1.79631923170317,4.24970952761419,,,,,,,,,,
973.200525,,,,,,,,,1.75275392127043,4.29327483804693,,,,,,,,,,
973.600525,,,,,,,,,2.70589189681946,3.3401368624979,,,,,,,,,,
974.000525,,,,,,,,,1.03818225899429,5.00784650032307,,,,,,,,,,
974.400525,,,,,,,,,0.998498450242484,5.04753030907488,,,,,,,,,,
974.800525,,,,,,,,,1.79488410653755,4.25114465277981,,,,,,,,,,
975.200525,,,,,,,,,1.35322328283775,4.69280547647961,,,,,,,,,,
975.600525,,,,,,,,,2.28519759660064,3.76083116271672,,,,,,,,,,
976.000525,,,,,,,,,1.30720846587902,4.73882029343834,,,,,,,,,,
976.400525,,,,,,,,,1.64900242513499,4.39702633418237,,,,,,,,,,
976.800525,,,,,,,,,2.89051609352377,3.15551266579359,,,,,,,,,,
977.200525,,,,,,,,,2.87061882949415,3.17540992982321,,,,,,,,,,
977.600525,,,,,,,,,2.30839201987047,3.73763673944689,,,,,,,,,,
978.000525,,,,,,,,,2.46415638532836,3.581872373989,,,,,,,,,,
978.400525,,,,,,,,,2.66843550132158,3.37759325799577,,,,,,,,,,
978.800525,,,,,,,,,2.52461104773986,3.5214177115775,,,,,,,,,,
979.200525,,,,,,,,,2.15824125307511,3.88778750624225,,,,,,,,,,
979.600525,,,,,,,,,2.49452345895418,3.55150530036318,,,,,,,,,,
980.000525,,,,,,,,,3.36638407071407,2.67964468860329,,,,,,,,,,
980.400525,,,,,,,,,2.40036268245333,3.64566607686403,,,,,,,,,,
980.800525,,,,,,,,,3.34678460558774,2.69924415372962,,,,,,,,,,
981.200525,,,,,,,,,2.74957869150886,3.2964500678085,,,,,,,,,,
981.600525,,,,,,,,,3.37137606596797,2.67465269334939,,,,,,,,,,
982.000525,,,,,,,,,1.88870313860701,4.15732562071035,,,,,,,,,,
982.400525,,,,,,,,,2.28722588701194,3.75880287230542,,,,,,,,,,
982.800525,,,,,,,,,2.45986266313534,3.58616609618202,,,,,,,,,,
983.200525,,,,,,,,,2.4504878535657,3.59554090575166,,,,,,,,,,
983.600525,,,,,,,,,3.6540247103808,2.39200404893656,,,,,,,,,,
984.000525,,,,,,,,,3.17593311742085,2.87009564189651,,,,,,,,,,
984.400525,,,,,,,,,0.951391216863755,5.0946375424536,,,,,,,,,,
984.800525,,,,,,,,,3.30640687649005,2.73962188282731,,,,,,,,,,
985.200525,,,,,,,,,2.20832420001573,3.83770455930163,,,,,,,,,,
985.600525,,,,,,,,,4.24733112651727,1.79869763280009,,,,,,,,,,
986.000525,,,,,,,,,2.88683128644827,3.15919747286909,,,,,,,,,,
986.400525,,,,,,,,,2.5845564566038,3.46147230271356,,,,,,,,,,
986.800525,,,,,,,,,2.20179805024075,3.84423070907661,,,,,,,,,,
987.200525,,,,,,,,,3.31284418438611,2.73318457493125,,,,,,,,,,
987.600525,,,,,,,,,3.99057049946184,2.05545825985552,,,,,,,,,,
988.000525,,,,,,,,,4.16679019599267,1.87923856332469,,,,,,,,,,
988.400525,,,,,,,,,3.44559406478736,2.60043469453,,,,,,,,,,
988.800525,,,,,,,,,2.60093432163392,3.44509443768344,,,,,,,,,,
989.200525,,,,,,,,,3.813419346527,2.23260941279036,,,,,,,,,,
989.600525,,,,,,,,,3.14450414914908,2.90152461016828,,,,,,,,,,
990.000525,,,,,,,,,2.83782035597131,3.20820840334605,,,,,,,,,,
990.400525,,,,,,,,,3.11952133171784,2.92650742759952,,,,,,,,,,
990.800525,,,,,,,,,3.26872231640399,2.77730644291337,,,,,,,,,,
991.200525,,,,,,,,,2.62837299714414,3.41765576217322,,,,,,,,,,
991.600525,,,,,,,,,3.00876133920884,3.03726742010852,,,,,,,,,,
992.000525,,,,,,,,,3.29921033586225,2.74681842345511,,,,,,,,,,
992.400525,,,,,,,,,3.40521055170196,2.6408182076154,,,,,,,,,,
992.800525,,,,,,,,,2.17693413742615,3.86909462189121,,,,,,,,,,
993.200525,,,,,,,,,3.24308130098881,2.80294745832855,,,,,,,,,,
993.600525,,,,,,,,,3.19311738927799,2.85291137003937,,,,,,,,,,
994.000525,,,,,,,,,1.12207930207093,4.92394945724643,,,,,,,,,,
994.400525,,,,,,,,,3.21456856492411,2.83146019439325,,,,,,,,,,
994.800525,,,,,,,,,2.67315576022667,3.37287299909069,,,,,,,,,,
995.200525,,,,,,,,,3.16461360493523,2.88141515438213,,,,,,,,,,
995.600525,,,,,,,,,2.43614917358429,3.60987958573307,,,,,,,,,,
996.000525,,,,,,,,,2.0546136198996,3.99141513941776,,,,,,,,,,
996.400525,,,,,,,,,2.73421099560461,3.31181776371275,,,,,,,,,,
996.800525,,,,,,,,,3.46858599874233,2.57744276057503,,,,,,,,,,
997.200525,,,,,,,,,4.46010851247585,1.58592024684151,,,,,,,,,,
997.600525,,,,,,,,,4.03163182299601,2.01439693632135,,,,,,,,,,
998.000525,,,,,,,,,3.10581974590434,2.94020901341302,,,,,,,,,,
998.400525,,,,,,,,,2.58031864155872,3.46571011775864,,,,,,,,,,
998.800525,,,,,,,,,2.87405356654231,3.17197519277505,,,,,,,,,,
999.200525,,,,,,,,,3.46685805823137,2.57917070108599,,,,,,,,,,
999.600525,,,,,,,,,3.33733480395957,2.70869395535779,,,,,,,,,,
1000.000525,,,,,,,,,3.91200762220389,2.13402113711347,,,,,,,,,,
1000.400525,,,,,,,,,2.75848089999523,3.28754785932213,,,,,,,,,,
1000.800525,,,,,,,,,2.22943896732263,3.81658979199473,,,,,,,,,,
1001.200525,,,,,,,,,3.05698155174096,2.9890472075764,,,,,,,,,,
1001.600525,,,,,,,,,1.95716672254174,4.08886203677562,,,,,,,,,,
1002.000525,,,,,,,,,2.5270349296561,3.51899382966126,,,,,,,,,,
1002.400525,,,,,,,,,1.72015876557586,4.3258699937415,,,,,,,,,,
1002.800525,,,,,,,,,3.19982936764248,2.84619939167488,,,,,,,,,,
1003.200525,,,,,,,,,2.94835713249765,3.09767162681971,,,,,,,,,,
1003.600525,,,,,,,,,2.82243078460095,3.22359797471641,,,,,,,,,,
1004.000525,,,,,,,,,3.0719086789198,2.97412008039756,,,,,,,,,,
1004.400525,,,,,,,,,3.04182339191196,3.0042053674054,,,,,,,,,,
1004.800525,,,,,,,,,3.41010764797001,2.63592111134735,,,,,,,,,,
1005.200525,,,,,,,,,2.72209292929185,3.32393583002551,,,,,,,,,,
1005.600525,,,,,,,,,2.38515107855142,3.66087768076594,,,,,,,,,,
1006.000525,,,,,,,,,2.84174889959232,3.20427985972504,,,,,,,,,,
1006.400525,,,,,,,,,2.38496258677074,3.66106617254662,,,,,,,,,,
1006.800525,,,,,,,,,2.12422007672178,3.92180868259558,,,,,,,,,,
1007.200525,,,,,,,,,3.26741963347676,2.7786091258406,,,,,,,,,,
1007.600525,,,,,,,,,3.33031779907185,2.71571096024551,,,,,,,,,,
1008.000525,,,,,,,,,1.79552826904539,4.25050049027197,,,,,,,,,,
1008.400525,,,,,,,,,2.31375270371239,3.73227605560497,,,,,,,,,,
1008.800525,,,,,,,,,3.07759644014543,2.96843231917193,,,,,,,,,,
1009.200525,,,,,,,,,2.72163538456007,3.32439337475729,,,,,,,,,,
1009.600525,,,,,,,,,3.35869125861324,2.68733750070412,,,,,,,,,,
1010.000525,,,,,,,,,3.04163239370294,3.00439636561442,,,,,,,,,,
1010.400525,,,,,,,,,2.02412127897192,4.02190748034544,,,,,,,,,,
1010.800525,,,,,,,,,2.60512155256424,3.44090720675312,,,,,,,,,,
1011.200525,,,,,,,,,3.319171257902,2.72685750141536,,,,,,,,,,
1011.600525,,,,,,,,,4.72794322832078,1.31808553099658,,,,,,,,,,
1012.000525,,,,,,,,,3.90861899651181,2.13740976280555,,,,,,,,,,
1012.400525,,,,,,,,,2.67346734486412,3.37256141445324,,,,,,,,,,
1012.80055,,,,,,,,,3.41667773985729,2.62935101946007,,,,,,,,,,
1013.20055,,,,,,,,,3.36995176849934,2.67607699081802,,,,,,,,,,
1013.60055,,,,,,,,,3.02425725319639,3.02177150612097,,,,,,,,,,
1014.00055,,,,,,,,,2.96189597045771,3.08413278885965,,,,,,,,,,
1014.40055,,,,,,,,,3.73053162710618,2.31549713221118,,,,,,,,,,
1014.80055,,,,,,,,,2.92000384554369,3.12602491377367,,,,,,,,,,
1015.20055,,,,,,,,,3.27392262969272,2.77210612962464,,,,,,,,,,
1015.60055,,,,,,,,,3.16825606559685,2.87777269372051,,,,,,,,,,
1016.00055,,,,,,,,,2.88943911186508,3.15658964745228,,,,,,,,,,
1016.40055,,,,,,,,,3.23291574361487,2.81311301570249,,,,,,,,,,
1016.80055,,,,,,,,,2.96660404175305,3.07942471756431,,,,,,,,,,
1017.20055,,,,,,,,,3.5382845906336,2.50774416868376,,,,,,,,,,
1017.60055,,,,,,,,,2.3388114449332,3.70721731438416,,,,,,,,,,
1018.00055,,,,,,,,,2.39534915691271,3.65067960240465,,,,,,,,,,
1018.40055,,,,,,,,,2.23095176251236,3.815076996805,,,,,,,,,,
1018.80055,,,,,,,,,2.46983035124062,3.57619840807674,,,,,,,,,,
1019.20055,,,,,,,,,2.78787841964582,3.25815033967154,,,,,,,,,,
1019.60055,,,,,,,,,3.39736582234617,2.64866293697118,,,,,,,,,,
1020.00055,,,,,,,,,3.08317829310397,2.96285046621339,,,,,,,,,,
1020.40055,,,,,,,,,4.16030577997095,1.88572297934641,,,,,,,,,,
1020.80055,,,,,,,,,2.42182678170933,3.62420197760803,,,,,,,,,,
1021.20055,,,,,,,,,2.93544750981308,3.11058124950428,,,,,,,,,,
1021.60055,,,,,,,,,3.2790840782746,2.76694468104276,,,,,,,,,,
1022.00055,,,,,,,,,2.80901936678138,3.23700939253598,,,,,,,,,,
1022.40055,,,,,,,,,2.17737838120994,3.86865037810742,,,,,,,,,,
1022.80055,,,,,,,,,3.12348157394925,2.92254718536811,,,,,,,,,,
1023.20055,,,,,,,,,2.68273806868189,3.36329069063547,,,,,,,,,,
1023.60055,,,,,,,,,4.08485459551127,1.96117416380609,,,,,,,,,,
1024.00055,,,,,,,,,3.64622126337936,2.399807495938,,,,,,,,,,
1024.40055,,,,,,,,,2.1075947792999,3.93843398001746,,,,,,,,,,
1024.80055,,,,,,,,,3.33756982934912,2.70845892996824,,,,,,,,,,
1025.20055,,,,,,,,,2.86511684655783,3.18091191275953,,,,,,,,,,
1025.60055,,,,,,,,,3.69751899665115,2.34850976266621,,,,,,,,,,
1026.00055,,,,,,,,,2.92596432658103,3.12006443273633,,,,,,,,,,
1026.40055,,,,,,,,,3.26808325301998,2.77794550629738,,,,,,,,,,
1026.80055,,,,,,,,,0.836600914985764,5.2094278443316,,,,,,,,,,
1027.20055,,,,,,,,,3.14223404124317,2.90379471807419,,,,,,,,,,
1027.60055,,,,,,,,,0.956589450516177,5.08943930880118,,,,,,,,,,
1028.00055,,,,,,,,,3.29026285194809,2.75576590736927,,,,,,,,,,
1028.40055,,,,,,,,,2.44013256220807,3.60589619710929,,,,,,,,,,
1028.80055,,,,,,,,,1.64999604224304,4.39603271707432,,,,,,,,,,
1029.20055,,,,,,,,,3.39270260303794,2.65332615627942,,,,,,,,,,
1029.60055,,,,,,,,,2.65962583374447,3.38640292557289,,,,,,,,,,
1030.00055,,,,,,,,,2.68118125807611,3.36484750124125,,,,,,,,,,
1030.40055,,,,,,,,,2.51580765856821,3.53022110074915,,,,,,,,,,
1030.80055,,,,,,,,,2.79728102287473,3.24874773644263,,,,,,,,,,
1031.20055,,,,,,,,,1.89152997219745,4.15449878711991,,,,,,,,,,
1031.60055,,,,,,,,,2.67796551658928,3.36806324272808,,,,,,,,,,
1032.00055,,,,,,,,,2.39587837078172,3.65015038853564,,,,,,,,,,
1032.40055,,,,,,,,,2.87669248802141,3.16933627129595,,,,,,,,,,
1032.80055,,,,,,,,,3.31281334286458,2.73321541645278,,,,,,,,,,
1033.20055,,,,,,,,,2.82685036256857,3.21917839674879,,,,,,,,,,
1033.60055,,,,,,,,,2.77911450044647,3.26691425887089,,,,,,,,,,
1034.00055,,,,,,,,,2.98980157155168,3.05622718776568,,,,,,,,,,
1034.40055,,,,,,,,,4.13366275733754,1.91236600197982,,,,,,,,,,
1034.80055,,,,,,,,,2.50498778287009,3.54104097644727,,,,,,,,,,
1035.20055,,,,,,,,,3.18556087586863,2.86046788344873,,,,,,,,,,
1035.60055,,,,,,,,,1.47559152006335,4.57043723925401,,,,,,,,,,
1036.00055,,,,,,,,,2.1685422027254,3.87748655659196,,,,,,,,,,
1036.40055,,,,,,,,,2.78241552869681,3.26361323062055,,,,,,,,,,
1036.80055,,,,,,,,,2.55308990175212,3.49293885756524,,,,,,,,,,
1037.20055,,,,,,,,,3.61212325756675,2.43390550175061,,,,,,,,,,
1037.60055,,,,,,,,,3.41617590256497,2.62985285675239,,,,,,,,,,
1038.00055,,,,,,,,,2.32675705732766,3.7192717019897,,,,,,,,,,
1038.40055,,,,,,,,,1.79958471019743,4.24644404911993,,,,,,,,,,
1038.80055,,,,,,,,,2.41758198987237,3.62844676944499,,,,,,,,,,
1039.20055,,,,,,,,,3.27761627781968,2.76841248149768,,,,,,,,,,
1039.60055,,,,,,,,,2.35890722379565,3.68712153552171,,,,,,,,,,
1040.00055,,,,,,,,,3.00453554705157,3.04149321226579,,,,,,,,,,
1040.40055,,,,,,,,,3.53929856728965,2.50673019202771,,,,,,,,,,
1040.80055,,,,,,,,,3.41014476357378,2.63588399574358,,,,,,,,,,
1041.20055,,,,,,,,,3.15278898891702,2.89323977040034,,,,,,,,,,
1041.60055,,,,,,,,,2.44744552437334,3.59858323494402,,,,,,,,,,
1042.00055,,,,,,,,,2.81322625601005,3.23280250330731,,,,,,,,,,
1042.40055,,,,,,,,,2.85530840524283,3.19072035407453,,,,,,,,,,
1042.80055,,,,,,,,,3.01703436833942,3.02899439097794,,,,,,,,,,
1043.20055,,,,,,,,,3.1517082291528,2.89432053016456,,,,,,,,,,
1043.60055,,,,,,,,,2.79027318175174,3.25575557756562,,,,,,,,,,
1044.00055,,,,,,,,,2.40521677295328,3.64081198636408,,,,,,,,,,
1044.40055,,,,,,,,,1.52277484525549,4.52325391406187,,,,,,,,,,
1044.80055,,,,,,,,,3.66953840855576,2.3764903507616,,,,,,,,,,
1045.20055,,,,,,,,,1.69241432069971,4.35361443861765,,,,,,,,,,
1045.60055,,,,,,,,,2.48014234662151,3.56588641269585,,,,,,,,,,
1046.00055,,,,,,,,,2.97361311113243,3.07241564818493,,,,,,,,,,
1046.40055,,,,,,,,,2.29730075171592,3.74872800760144,,,,,,,,,,
1046.80055,,,,,,,,,2.7664900861417,3.27953867317566,,,,,,,,,,
1047.20055,,,,,,,,,3.02950242706753,3.01652633224983,,,,,,,,,,
1047.60055,,,,,,,,,2.10810869461572,3.93792006470164,,,,,,,,,,
1048.00055,,,,,,,,,2.57574564894282,3.47028311037454,,,,,,,,,,
1048.40055,,,,,,,,,3.37145945596816,2.6745693033492,,,,,,,,,,
1048.80055,,,,,,,,,2.84443213021236,3.201596629105,,,,,,,,,,
1049.20055,,,,,,,,,3.38087075911466,2.6651580002027,,,,,,,,,,
1049.60055,,,,,,,,,1.89364595132893,4.15238280798843,,,,,,,,,,
1050.00055,,,,,,,,,1.96840801965403,4.07762073966333,,,,,,,,,,
1050.40055,,,,,,,,,3.89770022852037,2.14832853079699,,,,,,,,,,
1050.80055,,,,,,,,,2.19781060532629,3.84821815399107,,,,,,,,,,
1051.20055,,,,,,,,,3.68810728209426,2.3579214772231,,,,,,,,,,
1051.60055,,,,,,,,,2.40825224119325,3.63777651812411,,,,,,,,,,
1052.00055,,,,,,,,,3.47770512772853,2.56832363158883,,,,,,,,,,
1052.40055,,,,,,,,,2.29230146556598,3.75372729375138,,,,,,,,,,
1052.80055,,,,,,,,,2.1686103016532,3.87741845766416,,,,,,,,,,
1053.20055,,,,,,,,,0.525969747848674,5.52005901146869,,,,,,,,,,
1053.60055,,,,,,,,,2.63053137752558,3.41549738179178,,,,,,,,,,
1054.00055,,,,,,,,,2.81594457569423,3.23008418362313,,,,,,,,,,
1054.40055,,,,,,,,,3.40224248590403,2.64378627341333,,,,,,,,,,
1054.80055,,,,,,,,,3.03633379582243,3.00969496349493,,,,,,,,,,
1055.20055,,,,,,,,,3.92070981107332,2.12531894824404,,,,,,,,,,
1055.60055,,,,,,,,,3.03675707008646,3.0092716892309,,,,,,,,,,
1056.00055,,,,,,,,,2.04184784722432,4.00418091209304,,,,,,,,,,
1056.40055,,,,,,,,,3.30843097642802,2.73759778288934,,,,,,,,,,
1056.80055,,,,,,,,,3.15637266735561,2.88965609196175,,,,,,,,,,
1057.20055,,,,,,,,,2.60133272304341,3.44469603627395,,,,,,,,,,
1057.60055,,,,,,,,,2.75593520892939,3.29009355038797,,,,,,,,,,
1058.00055,,,,,,,,,2.27381736187932,3.77221139743804,,,,,,,,,,
1058.40055,,,,,,,,,1.50807864210127,4.53795011721609,,,,,,,,,,
1058.80055,,,,,,,,,3.14975412877701,2.89627463054035,,,,,,,,,,
1059.20055,,,,,,,,,3.53934620091048,2.50668255840688,,,,,,,,,,
1059.60055,,,,,,,,,3.32626408516429,2.71976467415307,,,,,,,,,,
1060.00055,,,,,,,,,2.84345776788846,3.2025709914289,,,,,,,,,,
1060.40055,,,,,,,,,2.02445584687833,4.02157291243903,,,,,,,,,,
1060.80055,,,,,,,,,2.19177487037438,3.85425388894298,,,,,,,,,,
1061.20055,,,,,,,,,2.5227738165961,3.52325494272126,,,,,,,,,,
1061.600575,,,,,,,,,2.34932812829424,3.69670063102312,,,,,,,,,,
1062.000575,,,,,,,,,2.69702563065789,3.34900312865947,,,,,,,,,,
1062.400575,,,,,,,,,2.81685883856023,3.22916992075713,,,,,,,,,,
1062.800575,,,,,,,,,2.67325664256381,3.37277211675355,,,,,,,,,,
1063.200575,,,,,,,,,3.55985974597001,2.48616901334735,,,,,,,,,,
1063.600575,,,,,,,,,3.56463651954637,2.48139223977099,,,,,,,,,,
1064.000575,,,,,,,,,2.19349718897061,3.85253157034675,,,,,,,,,,
1064.400575,,,,,,,,,2.97116801508597,3.07486074423139,,,,,,,,,,
1064.800575,,,,,,,,,1.86348357736244,4.18254518195492,,,,,,,,,,
1065.200575,,,,,,,,,1.99033660234195,4.05569215697541,,,,,,,,,,
1065.600575,,,,,,,,,2.99671506251924,3.04931369679812,,,,,,,,,,
1066.000575,,,,,,,,,2.40057167908014,3.64545708023722,,,,,,,,,,
1066.400575,,,,,,,,,2.47603072477304,3.56999803454432,,,,,,,,,,
1066.800575,,,,,,,,,3.63161744167977,2.41441131763759,,,,,,,,,,
1067.200575,,,,,,,,,2.90526920567996,3.1407595536374,,,,,,,,,,
1067.600575,,,,,,,,,2.52402496453807,3.52200379477929,,,,,,,,,,
1068.000575,,,,,,,,,2.51937283531576,3.5266559240016,,,,,,,,,,
1068.400575,,,,,,,,,3.61241054509343,2.43361821422393,,,,,,,,,,
1068.800575,,,,,,,,,2.73887509727758,3.30715366203978,,,,,,,,,,
1069.200575,,,,,,,,,3.22932821416231,2.81670054515505,,,,,,,,,,
1069.600575,,,,,,,,,2.79782744989341,3.24820130942395,,,,,,,,,,
1070.000575,,,,,,,,,2.74485427460734,3.30117448471001,,,,,,,,,,
1070.400575,,,,,,,,,3.54050752581996,2.5055212334974,,,,,,,,,,
1070.800575,,,,,,,,,3.23034992999715,2.81567882932021,,,,,,,,,,
1071.200575,,,,,,,,,2.64521344316907,3.40081531614829,,,,,,,,,,
1071.600575,,,,,,,,,1.72912561610788,4.31690314320948,,,,,,,,,,
1072.000575,,,,,,,,,1.98090422186255,4.06512453745481,,,,,,,,,,
1072.400575,,,,,,,,,3.31196948713375,2.73405927218361,,,,,,,,,,
1072.800575,,,,,,,,,3.43698021291467,2.60904854640269,,,,,,,,,,
1073.200575,,,,,,,,,3.69564367492624,2.35038508439112,,,,,,,,,,
1073.600575,,,,,,,,,4.01649108550975,2.02953767380761,,,,,,,,,,
1074.000575,,,,,,,,,3.15654264371236,2.889486115605,,,,,,,,,,
1074.400575,,,,,,,,,1.51677138378316,4.5292573755342,,,,,,,,,,
1074.800575,,,,,,,,,2.5516257043197,3.49440305499766,,,,,,,,,,
1075.200575,,,,,,,,,3.28652517912451,2.75950358019285,,,,,,,,,,
1075.600575,,,,,,,,,3.87087335284845,2.17515540646891,,,,,,,,,,
1076.000575,,,,,,,,,3.0256738441942,3.02035491512316,,,,,,,,,,
1076.400575,,,,,,,,,3.31128161810061,2.73474714121675,,,,,,,,,,
1076.800575,,,,,,,,,3.70206543273276,2.3439633265846,,,,,,,,,,
1077.200575,,,,,,,,,4.40720462435133,1.63882413496603,,,,,,,,,,
1077.600575,,,,,,,,,4.19169336755641,1.85433539176095,,,,,,,,,,
1078.000575,,,,,,,,,2.3213502272427,3.72467853207467,,,,,,,,,,
1078.400575,,,,,,,,,3.06161218297128,2.98441657634608,,,,,,,,,,
1078.800575,,,,,,,,,3.27827167470244,2.76775708461492,,,,,,,,,,
1079.200575,,,,,,,,,2.51867053031093,3.52735822900643,,,,,,,,,,
1079.600575,,,,,,,,,2.84967140750935,3.19635735180801,,,,,,,,,,
1080.000575,,,,,,,,,3.54177534323286,2.5042534160845,,,,,,,,,,
1080.400575,,,,,,,,,2.4603144863521,3.58571427296526,,,,,,,,,,
1080.800575,,,,,,,,,2.78126921584333,3.26475954347403,,,,,,,,,,
1081.200575,,,,,,,,,3.53047132388412,2.51555743543324,,,,,,,,,,
1081.600575,,,,,,,,,1.98606378849116,4.0599649708262,,,,,,,,,,
1082.000575,,,,,,,,,2.41184999647811,3.63417876283925,,,,,,,,,,
1082.400575,,,,,,,,,2.28432834172281,3.76170041759455,,,,,,,,,,
1082.800575,,,,,,,,,3.16593002833747,2.88009873097989,,,,,,,,,,
1083.200575,,,,,,,,,3.14354964565977,2.90247911365759,,,,,,,,,,
1083.600575,,,,,,,,,3.39745555903846,2.6485732002789,,,,,,,,,,
1084.000575,,,,,,,,,1.98780622167573,4.05822253764163,,,,,,,,,,
1084.400575,,,,,,,,,2.14542269611219,3.90060606320517,,,,,,,,,,
1084.800575,,,,,,,,,3.38343846890192,2.66259029041544,,,,,,,,,,
1085.200575,,,,,,,,,3.00225567864723,3.04377308067013,,,,,,,,,,
1085.600575,,,,,,,,,3.06567383321979,2.98035492609757,,,,,,,,,,
1086.000575,,,,,,,,,3.26711347207865,2.77891528723871,,,,,,,,,,
1086.400575,,,,,,,,,2.54148798746196,3.5045407718554,,,,,,,,,,
1086.800575,,,,,,,,,2.91322191603109,3.13280684328627,,,,,,,,,,
1087.200575,,,,,,,,,3.65143081341453,2.39459794590283,,,,,,,,,,
1087.600575,,,,,,,,,2.71684656796767,3.32918219134969,,,,,,,,,,
1088.000575,,,,,,,,,2.04375559994006,4.0022731593773,,,,,,,,,,
1088.400575,,,,,,,,,3.16712709378568,2.87890166553168,,,,,,,,,,
1088.800575,,,,,,,,,3.39563033210318,2.65039842721418,,,,,,,,,,
1089.200575,,,,,,,,,3.39858194923823,2.64744681007913,,,,,,,,,,
1089.600575,,,,,,,,,2.61028956141451,3.43573919790285,,,,,,,,,,
1090.000575,,,,,,,,,2.81280759996475,3.23322115935261,,,,,,,,,,
1090.400575,,,,,,,,,2.92517682137571,3.12085193794165,,,,,,,,,,
1090.800575,,,,,,,,,1.95203910623143,4.09398965308593,,,,,,,,,,
1091.200575,,,,,,,,,3.14983652940622,2.89619222991114,,,,,,,,,,
1091.600575,,,,,,,,,2.85209471248222,3.19393404683514,,,,,,,,,,
1092.000575,,,,,,,,,3.15516778179454,2.89086097752282,,,,,,,,,,
1092.400575,,,,,,,,,3.73198275180936,2.314046007508,,,,,,,,,,
1092.800575,,,,,,,,,2.83260486328287,3.21342389603449,,,,,,,,,,
1093.200575,,,,,,,,,3.84733370214311,2.19869505717425,,,,,,,,,,
1093.600575,,,,,,,,,3.43829591005528,2.60773284926208,,,,,,,,,,
1094.000575,,,,,,,,,2.94511324504198,3.10091551427538,,,,,,,,,,
1094.400575,,,,,,,,,3.71404265303575,2.33198610628161,,,,,,,,,,
1094.800575,,,,,,,,,2.28378547685289,3.76224328246447,,,,,,,,,,
1095.200575,,,,,,,,,3.1578597822798,2.88816897703756,,,,,,,,,,
1095.600575,,,,,,,,,2.74768212678719,3.29834663253017,,,,,,,,,,
1096.000575,,,,,,,,,2.18765319157377,3.85837556774359,,,,,,,,,,
1096.400575,,,,,,,,,2.45413029248109,3.59189846683627,,,,,,,,,,
1096.800575,,,,,,,,,2.73024666042302,3.31578209889434,,,,,,,,,,
1097.200575,,,,,,,,,3.55783709696805,2.48819166234931,,,,,,,,,,
1097.600575,,,,,,,,,3.18802554893186,2.8580032103855,,,,,,,,,,
1098.000575,,,,,,,,,4.00969386208797,2.03633489722939,,,,,,,,,,
1098.400575,,,,,,,,,3.02904738486017,3.01698137445719,,,,,,,,,,
1098.800575,,,,,,,,,3.43805987335198,2.60796888596538,,,,,,,,,,
1099.200575,,,,,,,,,1.5296224488013,4.51640631051606,,,,,,,,,,
1099.600575,,,,,,,,,2.75194347389367,3.29408528542369,,,,,,,,,,
1100.000575,,,,,,,,,3.04770093413754,2.99832782517982,,,,,,,,,,
1100.400575,,,,,,,,,3.25538020382528,2.79064855549208,,,,,,,,,,
1100.800575,,,,,,,,,3.37077668184596,2.6752520774714,,,,,,,,,,
1101.200575,,,,,,,,,3.45943278888799,2.58659597042937,,,,,,,,,,
1101.600575,,,,,,,,,2.90535732086627,3.14067143845109,,,,,,,,,,
1102.000575,,,,,,,,,2.85028688971315,3.19574186960421,,,,,,,,,,
1102.400575,,,,,,,,,2.71148760237109,3.33454115694627,,,,,,,,,,
1102.800575,,,,,,,,,3.06087328865222,2.98515547066514,,,,,,,,,,
1103.200575,,,,,,,,,3.15322272679389,2.89280603252347,,,,,,,,,,
1103.600575,,,,,,,,,3.4001357563085,2.64589300300886,,,,,,,,,,
1104.000575,,,,,,,,,3.69904700719872,2.34698175211864,,,,,,,,,,
1104.400575,,,,,,,,,3.59613708655089,2.44989167276647,,,,,,,,,,
1104.800575,,,,,,,,,2.8862165247321,3.15981223458526,,,,,,,,,,
1105.200575,,,,,,,,,2.98324356893926,3.0627851903781,,,,,,,,,,
1105.600575,,,,,,,,,2.37489610533085,3.67113265398651,,,,,,,,,,
1106.000575,,,,,,,,,3.9713112631114,2.07471749620596,,,,,,,,,,
1106.400575,,,,,,,,,2.93508412329268,3.11094463602468,,,,,,,,,,
1106.800575,,,,,,,,,2.45472634084536,3.591302418472,,,,,,,,,,
1107.200575,,,,,,,,,2.83009696175903,3.21593179755833,,,,,,,,,,
1107.600575,,,,,,,,,3.29815916380614,2.74786959551122,,,,,,,,,,
1108.000575,,,,,,,,,2.6523848967536,3.39364386256376,,,,,,,,,,
1108.400575,,,,,,,,,1.72796440608906,4.3180643532283,,,,,,,,,,
1108.800575,,,,,,,,,1.97028937361855,4.07573938569881,,,,,,,,,,
1109.200575,,,,,,,,,2.55798506198854,3.48804369732882,,,,,,,,,,
1109.600575,,,,,,,,,2.79280551052939,3.25322324878797,,,,,,,,,,
1110.000575,,,,,,,,,2.15886552058021,3.88716323873715,,,,,,,,,,
1110.4006,,,,,,,,,2.96023144105556,3.0857973182618,,,,,,,,,,
1110.8006,,,,,,,,,3.57597559371748,2.47005316559988,,,,,,,,,,
1111.2006,,,,,,,,,3.73105229960941,2.31497645970795,,,,,,,,,,
1111.6006,,,,,,,,,4.0007972275221,2.04523153179526,,,,,,,,,,
1112.0006,,,,,,,,,1.94972561841225,4.09630314090511,,,,,,,,,,
1112.4006,,,,,,,,,2.11276691420163,3.93326184511573,,,,,,,,,,
1112.8006,,,,,,,,,2.76032027298849,3.28570848632887,,,,,,,,,,
1113.2006,,,,,,,,,3.42875730619897,2.61727145311839,,,,,,,,,,
1113.6006,,,,,,,,,2.96113138268196,3.0848973766354,,,,,,,,,,
1114.0006,,,,,,,,,2.03376704521098,4.01226171410638,,,,,,,,,,
1114.4006,,,,,,,,,3.57529678463214,2.47073197468522,,,,,,,,,,
1114.8006,,,,,,,,,1.24622398475141,4.79980477456595,,,,,,,,,,
1115.2006,,,,,,,,,3.03558345266321,3.01044530665415,,,,,,,,,,
1115.6006,,,,,,,,,3.81151630005636,2.234512459261,,,,,,,,,,
1116.0006,,,,,,,,,2.78055062580029,3.26547813351707,,,,,,,,,,
1116.4006,,,,,,,,,1.99782578365572,4.04820297566164,,,,,,,,,,
1116.8006,,,,,,,,,2.69834823582855,3.34768052348881,,,,,,,,,,
1117.2006,,,,,,,,,1.79256795645501,4.25346080286235,,,,,,,,,,
1117.6006,,,,,,,,,2.73986325860926,3.3061655007081,,,,,,,,,,
1118.0006,,,,,,,,,3.00366767434077,3.04236108497659,,,,,,,,,,
1118.4006,,,,,,,,,2.81858140408916,3.2274473552282,,,,,,,,,,
1118.8006,,,,,,,,,2.96164218595545,3.08438657336191,,,,,,,,,,
1119.2006,,,,,,,,,4.17318834261025,1.87284041670711,,,,,,,,,,
1119.6006,,,,,,,,,3.22241016407774,2.82361859523962,,,,,,,,,,
1120.0006,,,,,,,,,3.33451356469523,2.71151519462213,,,,,,,,,,
1120.4006,,,,,,,,,1.83800944350882,4.20801931580854,,,,,,,,,,
1120.8006,,,,,,,,,3.20904324801436,2.836985511303,,,,,,,,,,
1121.2006,,,,,,,,,3.43131827465603,2.61471048466133,,,,,,,,,,
1121.6006,,,,,,,,,2.96601152667332,3.08001723264404,,,,,,,,,,
1122.0006,,,,,,,,,4.12900192386999,1.91702683544737,,,,,,,,,,
1122.4006,,,,,,,,,1.41299472546486,4.6330340338525,,,,,,,,,,
1122.8006,,,,,,,,,2.46977960172868,3.57624915758868,,,,,,,,,,
1123.2006,,,,,,,,,3.56817517416466,2.4778535851527,,,,,,,,,,
1123.6006,,,,,,,,,4.14122534394338,1.90480341537398,,,,,,,,,,
1124.0006,,,,,,,,,3.75287597092029,2.29315278839707,,,,,,,,,,
1124.4006,,,,,,,,,3.11218462247039,2.93384413684697,,,,,,,,,,
1124.8006,,,,,,,,,2.33348145747799,3.71254730183937,,,,,,,,,,
1125.2006,,,,,,,,,3.67924955115403,2.36677920816333,,,,,,,,,,
1125.6006,,,,,,,,,3.45741756392759,2.58861119538977,,,,,,,,,,
1126.0006,,,,,,,,,2.5550881677411,3.49094059157626,,,,,,,,,,
1126.4006,,,,,,,,,3.17141441457746,2.8746143447399,,,,,,,,,,
1126.8006,,,,,,,,,3.59422891157772,2.45179984773964,,,,,,,,,,
1127.2006,,,,,,,,,2.69909539659891,3.34693336271845,,,,,,,,,,
1127.6006,,,,,,,,,2.03164331251382,4.01438544680354,,,,,,,,,,
1128.0006,,,,,,,,,3.45128379136297,2.59474496795439,,,,,,,,,,
1128.4006,,,,,,,,,2.60376067751172,3.44226808180564,,,,,,,,,,
1128.8006,,,,,,,,,2.00389007491681,4.04213868440055,,,,,,,,,,
1129.2006,,,,,,,,,3.96128066795616,2.0847480913612,,,,,,,,,,
1129.6006,,,,,,,,,3.58684716574085,2.45918159357651,,,,,,,,,,
1130.0006,,,,,,,,,3.60536755395387,2.44066120536349,,,,,,,,,,
1130.4006,,,,,,,,,4.36521921313784,1.68080954617952,,,,,,,,,,
1130.8006,,,,,,,,,4.08059167425859,1.96543708505877,,,,,,,,,,
1131.2006,,,,,,,,,2.99440892307958,3.05161983623778,,,,,,,,,,
1131.6006,,,,,,,,,2.8118332393243,3.23419551999306,,,,,,,,,,
1132.0006,,,,,,,,,2.75631032377848,3.28971843553888,,,,,,,,,,
1132.4006,,,,,,,,,3.39335144526095,2.65267731405641,,,,,,,,,,
1132.8006,,,,,,,,,3.45631725608895,2.58971150322841,,,,,,,,,,
1133.2006,,,,,,,,,1.62274758047456,4.4232811788428,,,,,,,,,,
1133.6006,,,,,,,,,3.03592732830664,3.01010143101072,,,,,,,,,,
1134.0006,,,,,,,,,4.02776747053954,2.01826128877782,,,,,,,,,,
1134.4006,,,,,,,,,0.715452599672974,5.33057615964439,,,,,,,,,,
1134.8006,,,,,,,,,2.24700194531375,3.79902681400361,,,,,,,,,,
1135.2006,,,,,,,,,3.09245217582585,2.95357658349151,,,,,,,,,,
1135.6006,,,,,,,,,1.55758165774885,4.48844710156851,,,,,,,,,,
1136.0006,,,,,,,,,2.46951047641508,3.57651828290228,,,,,,,,,,
1136.4006,,,,,,,,,2.42793122657245,3.61809753274491,,,,,,,,,,
1136.8006,,,,,,,,,2.66907789239691,3.37695086692045,,,,,,,,,,
1137.2006,,,,,,,,,2.37183145899893,3.67419730031843,,,,,,,,,,
1137.6006,,,,,,,,,2.12140065892188,3.92462810039548,,,,,,,,,,
1138.0006,,,,,,,,,3.37061154574309,2.67541721357427,,,,,,,,,,
1138.4006,,,,,,,,,2.25894331269992,3.78708544661744,,,,,,,,,,
1138.8006,,,,,,,,,3.58930017280555,2.45672858651181,,,,,,,,,,
1139.2006,,,,,,,,,2.68719933541143,3.35882942390593,,,,,,,,,,
1139.6006,,,,,,,,,2.54516566831356,3.5008630910038,,,,,,,,,,
1140.0006,,,,,,,,,1.52889830654371,4.51713045277365,,,,,,,,,,
1140.4006,,,,,,,,,3.25912734551138,2.78690141380598,,,,,,,,,,
1140.8006,,,,,,,,,2.10143131057546,3.9445974487419,,,,,,,,,,
1141.2006,,,,,,,,,2.68587137458945,3.36015738472791,,,,,,,,,,
1141.6006,,,,,,,,,3.51997842428596,2.5260503350314,,,,,,,,,,
1142.0006,,,,,,,,,3.00102429974613,3.04500445957123,,,,,,,,,,
1142.4006,,,,,,,,,2.73549344958433,3.31053530973303,,,,,,,,,,
1142.8006,,,,,,,,,2.97129575268163,3.07473300663573,,,,,,,,,,
1143.2006,,,,,,,,,4.18420986249184,1.86181889682552,,,,,,,,,,
1143.6006,,,,,,,,,1.54068207735048,4.50534668196688,,,,,,,,,,
1144.0006,,,,,,,,,3.36736394807511,2.67866481124225,,,,,,,,,,
1144.4006,,,,,,,,,3.42859538018039,2.61743337913697,,,,,,,,,,
1144.8006,,,,,,,,,3.32067693933519,2.72535181998217,,,,,,,,,,
1145.2006,,,,,,,,,3.02547814198528,3.02055061733207,,,,,,,,,,
1145.6006,,,,,,,,,2.01716031686164,4.02886844245572,,,,,,,,,,
1146.0006,,,,,,,,,3.70052082054113,2.34550793877623,,,,,,,,,,
1146.4006,,,,,,,,,3.12486812798245,2.92116063133491,,,,,,,,,,
1146.8006,,,,,,,,,3.08905343156988,2.95697532774748,,,,,,,,,,
1147.2006,,,,,,,,,3.5341149975043,2.51191376181306,,,,,,,,,,
1147.6006,,,,,,,,,3.03911586616038,3.00691289315698,,,,,,,,,,
1148.0006,,,,,,,,,3.6183431187313,2.42768564058606,,,,,,,,,,
1148.4006,,,,,,,,,3.66751455434513,2.37851420497222,,,,,,,,,,
1148.8006,,,,,,,,,3.49323839166483,2.55279036765253,,,,,,,,,,
1149.2006,,,,,,,,,4.10913959001977,1.93688916929759,,,,,,,,,,
1149.6006,,,,,,,,,1.54535220447044,4.50067655484692,,,,,,,,,,
1150.0006,,,,,,,,,2.62906807501696,3.4169606843004,,,,,,,,,,
1150.4006,,,,,,,,,3.33519937496584,2.71082938435152,,,,,,,,,,
1150.8006,,,,,,,,,3.86388603997032,2.18214271934704,,,,,,,,,,
1151.2006,,,,,,,,,3.27399736037931,2.77203139893805,,,,,,,,,,
1151.6006,,,,,,,,,1.62357509458515,4.42245366473221,,,,,,,,,,
1152.0006,,,,,,,,,3.61414186480115,2.43188689451621,,,,,,,,,,
1152.4006,,,,,,,,,2.55060330887671,3.49542545044065,,,,,,,,,,
1152.8006,,,,,,,,,2.65509728384592,3.39093147547144,,,,,,,,,,
1153.2006,,,,,,,,,2.51778816085216,3.52824059846519,,,,,,,,,,
1153.6006,,,,,,,,,3.08167775793334,2.96435100138402,,,,,,,,,,
1154.0006,,,,,,,,,3.49455835953316,2.5514703997842,,,,,,,,,,
1154.4006,,,,,,,,,3.2762774128064,2.76975134651096,,,,,,,,,,
1154.8006,,,,,,,,,3.83935453676776,2.2066742225496,,,,,,,,,,
1155.2006,,,,,,,,,3.18302040759315,2.86300835172421,,,,,,,,,,
1155.6006,,,,,,,,,2.87204726033113,3.17398149898623,,,,,,,,,,
1156.0006,,,,,,,,,4.19041205878041,1.85561670053695,,,,,,,,,,
1156.4006,,,,,,,,,1.99634883955329,4.04967991976407,,,,,,,,,,
1156.8006,,,,,,,,,1.37518703932579,4.67084171999157,,,,,,,,,,
1157.2006,,,,,,,,,4.10206000020735,1.94396875911,,,,,,,,,,
1157.6006,,,,,,,,,4.80069050444576,1.2453382548716,,,,,,,,,,
1158.000625,,,,,,,,,3.17001278413537,2.87601597518199,,,,,,,,,,
1158.400625,,,,,,,,,3.85341497509237,2.19261378422499,,,,,,,,,,
1158.800625,,,,,,,,,3.56090942083368,2.48511933848367,,,,,,,,,,
1159.200625,,,,,,,,,3.50841603181253,2.53761272750483,,,,,,,,,,
1159.600625,,,,,,,,,2.18025841761947,3.86577034169789,,,,,,,,,,
1160.000625,,,,,,,,,2.90875701139296,3.1372717479244,,,,,,,,,,
1160.400625,,,,,,,,,3.25845170462235,2.78757705469501,,,,,,,,,,
1160.800625,,,,,,,,,3.88336444964363,2.16266430967373,,,,,,,,,,
1161.200625,,,,,,,,,2.23204558818493,3.81398317113243,,,,,,,,,,
1161.600625,,,,,,,,,3.04183830531688,3.00419045400048,,,,,,,,,,
1162.000625,,,,,,,,,2.30585920160203,3.74016955771533,,,,,,,,,,
1162.400625,,,,,,,,,2.95813731023476,3.0878914490826,,,,,,,,,,
1162.800625,,,,,,,,,4.78974201660341,1.25628674271395,,,,,,,,,,
1163.200625,,,,,,,,,2.62373323916166,3.4222955201557,,,,,,,,,,
1163.600625,,,,,,,,,2.78960047341938,3.25642828589798,,,,,,,,,,
1164.000625,,,,,,,,,3.81242348799172,2.23360527132564,,,,,,,,,,
1164.400625,,,,,,,,,3.66246130957122,2.38356744974614,,,,,,,,,,
1164.800625,,,,,,,,,3.84171186823283,2.20431689108453,,,,,,,,,,
1165.200625,,,,,,,,,3.49537705603785,2.55065170327951,,,,,,,,,,
1165.600625,,,,,,,,,2.69935397822854,3.34667478108882,,,,,,,,,,
1166.000625,,,,,,,,,2.46623444673368,3.57979431258368,,,,,,,,,,
1166.400625,,,,,,,,,3.17924604914317,2.86678271017419,,,,,,,,,,
1166.800625,,,,,,,,,2.85276763365511,3.19326112566225,,,,,,,,,,
1167.200625,,,,,,,,,1.60819186236982,4.43783689694754,,,,,,,,,,
1167.600625,,,,,,,,,3.41899770258061,2.62703105673675,,,,,,,,,,
1168.000625,,,,,,,,,3.85819446222436,2.187834297093,,,,,,,,,,
1168.400625,,,,,,,,,3.7289900254452,2.31703873387216,,,,,,,,,,
1168.800625,,,,,,,,,3.14026653763234,2.90576222168502,,,,,,,,,,
1169.200625,,,,,,,,,2.9180265385213,3.12800222079606,,,,,,,,,,
1169.600625,,,,,,,,,3.39479649528857,2.65123226402879,,,,,,,,,,
1170.000625,,,,,,,,,2.53269774842041,3.51333101089695,,,,,,,,,,
1170.400625,,,,,,,,,3.80000329666569,2.24602546265167,,,,,,,,,,
1170.800625,,,,,,,,,2.7509715638153,3.29505719550206,,,,,,,,,,
1171.200625,,,,,,,,,2.71953407417974,3.32649468513762,,,,,,,,,,
1171.600625,,,,,,,,,2.48259825630265,3.56343050301471,,,,,,,,,,
1172.000625,,,,,,,,,2.77416295931122,3.27186580000614,,,,,,,,,,
1172.400625,,,,,,,,,3.00124952342724,3.04477923589012,,,,,,,,,,
1172.800625,,,,,,,,,2.49364541734703,3.55238334197033,,,,,,,,,,
1173.200625,,,,,,,,,1.90100556443138,4.14502319488598,,,,,,,,,,
1173.600625,,,,,,,,,3.25718404788913,2.78884471142823,,,,,,,,,,
1174.000625,,,,,,,,,3.41996192988125,2.62606682943611,,,,,,,,,,
1174.400625,,,,,,,,,2.0674472178454,3.97858154147196,,,,,,,,,,
1174.800625,,,,,,,,,2.98730363188419,3.05872512743317,,,,,,,,,,
1175.200625,,,,,,,,,2.87888945716366,3.1671393021537,,,,,,,,,,
1175.600625,,,,,,,,,2.32794165953865,3.71808709977871,,,,,,,,,,
1176.000625,,,,,,,,,0.596033960523561,5.4499947987938,,,,,,,,,,
1176.400625,,,,,,,,,2.8731077012778,3.17292105803956,,,,,,,,,,
1176.800625,,,,,,,,,3.76723311213162,2.27879564718574,,,,,,,,,,
1177.200625,,,,,,,,,2.40792465758907,3.63810410172829,,,,,,,,,,
1177.600625,,,,,,,,,2.13826547272787,3.90776328658949,,,,,,,,,,
1178.000625,,,,,,,,,2.61428525018468,3.43174350913268,,,,,,,,,,
1178.400625,,,,,,,,,2.41600278688187,3.63002597243549,,,,,,,,,,
1178.800625,,,,,,,,,2.88033224696137,3.16569651235599,,,,,,,,,,
1179.200625,,,,,,,,,3.27833405957872,2.76769469973864,,,,,,,,,,
1179.600625,,,,,,,,,2.555397238096,3.49063152122136,,,,,,,,,,
1180.000625,,,,,,,,,2.51850185015986,3.5275269091575,,,,,,,,,,
1180.400625,,,,,,,,,2.69543494169451,3.35059381762285,,,,,,,,,,
1180.800625,,,,,,,,,3.41304372926976,2.6329850300476,,,,,,,,,,
1181.200625,,,,,,,,,1.2142883673738,4.83174039194356,,,,,,,,,,
1181.600625,,,,,,,,,3.59421353096666,2.4518152283507,,,,,,,,,,
1182.000625,,,,,,,,,2.76769970698005,3.27832905233731,,,,,,,,,,
1182.400625,,,,,,,,,3.27437113218198,2.77165762713538,,,,,,,,,,
1182.800625,,,,,,,,,3.26555916287882,2.78046959643854,,,,,,,,,,
1183.200625,,,,,,,,,3.29812006820659,2.74790869111077,,,,,,,,,,
1183.600625,,,,,,,,,2.57320500227727,3.47282375704009,,,,,,,,,,
1184.000625,,,,,,,,,2.1584173335435,3.88761142577386,,,,,,,,,,
1184.400625,,,,,,,,,2.34574577625393,3.70028298306343,,,,,,,,,,
1184.800625,,,,,,,,,2.79825162418829,3.24777713512907,,,,,,,,,,
1185.200625,,,,,,,,,3.44948294654325,2.59654581277411,,,,,,,,,,
1185.600625,,,,,,,,,2.94859409066559,3.09743466865177,,,,,,,,,,
1186.000625,,,,,,,,,2.37026212726719,3.67576663205017,,,,,,,,,,
1186.400625,,,,,,,,,2.55083745803444,3.49519130128292,,,,,,,,,,
1186.800625,,,,,,,,,2.66762586166277,3.37840289765459,,,,,,,,,,
1187.200625,,,,,,,,,3.39661429265272,2.64941446666464,,,,,,,,,,
1187.600625,,,,,,,,,2.21473087574205,3.83129788357531,,,,,,,,,,
1188.000625,,,,,,,,,3.20514086010591,2.84088789921145,,,,,,,,,,
1188.400625,,,,,,,,,2.56283912455258,3.48318963476478,,,,,,,,,,
1188.800625,,,,,,,,,2.49402700692528,3.55200175239208,,,,,,,,,,
1189.200625,,,,,,,,,2.82788984522135,3.21813891409601,,,,,,,,,,
1189.600625,,,,,,,,,1.45857701083971,4.58745174847765,,,,,,,,,,
1190.000625,,,,,,,,,1.53859226357042,4.50743649574694,,,,,,,,,,
1190.400625,,,,,,,,,2.64989712124229,3.39613163807507,,,,,,,,,,
1190.800625,,,,,,,,,1.42155902407631,4.62446973524105,,,,,,,,,,
1191.200625,,,,,,,,,3.24262204683328,2.80340671248408,,,,,,,,,,
1191.600625,,,,,,,,,0.130815469508001,5.91521328980936,,,,,,,,,,
1192.000625,,,,,,,,,2.06261928726274,3.98340947205462,,,,,,,,,,
1192.400625,,,,,,,,,0.697784608533924,5.34824415078344,,,,,,,,,,
1192.800625,,,,,,,,,2.85331674953753,3.19271200977983,,,,,,,,,,
1193.200625,,,,,,,,,3.51651409276422,2.52951466655314,,,,,,,,,,
1193.600625,,,,,,,,,2.4355372275087,3.61049153180867,,,,,,,,,,
1194.000625,,,,,,,,,2.31779949965076,3.7282292596666,,,,,,,,,,
1194.400625,,,,,,,,,2.77527153637445,3.27075722294291,,,,,,,,,,
1194.800625,,,,,,,,,3.01488813485975,3.03114062445761,,,,,,,,,,
1195.200625,,,,,,,,,2.16717369847263,3.87885506084473,,,,,,,,,,
1195.600625,,,,,,,,,1.95052919085006,4.0954995684673,,,,,,,,,,
1196.000625,,,,,,,,,2.04222075296414,4.00380800635322,,,,,,,,,,
1196.400625,,,,,,,,,1.41899751098678,4.62703124833058,,,,,,,,,,
1196.800625,,,,,,,,,1.84441543592333,4.20161332339403,,,,,,,,,,
1197.200625,,,,,,,,,2.63541239888272,3.41061636043464,,,,,,,,,,
1197.600625,,,,,,,,,2.42934703022778,3.61668172908958,,,,,,,,,,
1198.000625,,,,,,,,,2.9131355344964,3.13289322482096,,,,,,,,,,
1198.400625,,,,,,,,,2.68435080681109,3.36167795250627,,,,,,,,,,
1198.800625,,,,,,,,,2.18991075978742,3.85611799952994,,,,,,,,,,
1199.200625,,,,,,,,,2.97784519124895,3.06818356806841,,,,,,,,,,
1199.600625,,,,,,,,,2.66763847307158,3.37839028624578,,,,,,,,,,
1200.000625,,,,,,,,,2.45475048948389,3.59127826983347,,,,,,,,,,
1200.400625,,,,,,,,,0.979185898841915,5.06684286047544,,,,,,,,,,
1200.800625,,,,,,,,,2.93495599732599,3.11107276199137,,,,,,,,,,
1201.200625,,,,,,,,,2.85133096619898,3.19469779311838,,,,,,,,,,
1201.600625,,,,,,,,,2.39032557295908,3.65570318635828,,,,,,,,,,
1202.000625,,,,,,,,,3.5627507434864,2.48327801583096,,,,,,,,,,
1202.400625,,,,,,,,,2.62909030666931,3.41693845264805,,,,,,,,,,
1202.800625,,,,,,,,,2.22102479953109,3.82500395978627,,,,,,,,,,
1203.200625,,,,,,,,,3.18830686998716,2.8577218893302,,,,,,,,,,
1203.600625,,,,,,,,,2.52485333284677,3.52117542647059,,,,,,,,,,
1204.000625,,,,,,,,,2.78848384028698,3.25754491903038,,,,,,,,,,
1204.400625,,,,,,,,,3.03748673898157,3.00854202033579,,,,,,,,,,
1204.800625,,,,,,,,,3.59274293512166,2.4532858241957,,,,,,,,,,
1205.200625,,,,,,,,,1.59430021729122,4.45172854202614,,,,,,,,,,
1205.600625,,,,,,,,,1.47318753355104,4.57284122576632,,,,,,,,,,
1206.000625,,,,,,,,,1.08571203960779,4.96031671970957,,,,,,,,,,
1206.400625,,,,,,,,,1.52695998363625,4.51906877568111,,,,,,,,,,
1206.800625,,,,,,,,,2.57249191032324,3.47353684899412,,,,,,,,,,
1207.200625,,,,,,,,,3.97913103613523,2.06689772318213,,,,,,,,,,
1207.60065,,,,,,,,,2.40321732952462,3.64281142979274,,,,,,,,,,
1208.00065,,,,,,,,,3.36150018357929,2.68452857573807,,,,,,,,,,
1208.40065,,,,,,,,,2.7507888271109,3.29523993220646,,,,,,,,,,
1208.80065,,,,,,,,,2.7259798281778,3.32004893113956,,,,,,,,,,
1209.20065,,,,,,,,,3.74232932835671,2.30369943096065,,,,,,,,,,
1209.60065,,,,,,,,,1.92365334266485,4.12237541665251,,,,,,,,,,
1210.00065,,,,,,,,,2.37055768624429,3.67547107307307,,,,,,,,,,
1210.40065,,,,,,,,,4.2451646097209,1.80086414959646,,,,,,,,,,
1210.80065,,,,,,,,,2.0433200853903,4.00270867392706,,,,,,,,,,
1211.20065,,,,,,,,,2.6638427662766,3.38218599304076,,,,,,,,,,
1211.60065,,,,,,,,,3.40557147538609,2.64045728393127,,,,,,,,,,
1212.00065,,,,,,,,,2.86063450178134,3.18539425753602,,,,,,,,,,
1212.40065,,,,,,,,,2.77245224771849,3.27357651159887,,,,,,,,,,
1212.80065,,,,,,,,,2.75749264066633,3.28853611865103,,,,,,,,,,
1213.20065,,,,,,,,,3.4162777938428,2.62975096547456,,,,,,,,,,
1213.60065,,,,,,,,,2.59268162591037,3.45334713340699,,,,,,,,,,
1214.00065,,,,,,,,,2.64855666799512,3.39747209132224,,,,,,,,,,
1214.40065,,,,,,,,,3.55843230194186,2.4875964573755,,,,,,,,,,
1214.80065,,,,,,,,,2.88664828938789,3.15938046992947,,,,,,,,,,
1215.20065,,,,,,,,,1.38322538836774,4.66280337094962,,,,,,,,,,
1215.60065,,,,,,,,,2.08494404515341,3.96108471416395,,,,,,,,,,
1216.00065,,,,,,,,,3.06636510099444,2.97966365832292,,,,,,,,,,
1216.40065,,,,,,,,,3.57071181844669,2.47531694087067,,,,,,,,,,
1216.80065,,,,,,,,,2.25584684714142,3.79018191217594,,,,,,,,,,
1217.20065,,,,,,,,,1.14264715713577,4.90338160218159,,,,,,,,,,
1217.60065,,,,,,,,,2.7486253401564,3.29740341916096,,,,,,,,,,
1218.00065,,,,,,,,,3.02156775052832,3.02446100878904,,,,,,,,,,
1218.40065,,,,,,,,,2.01802416109516,4.0280045982222,,,,,,,,,,
1218.80065,,,,,,,,,2.45294039522601,3.59308836409135,,,,,,,,,,
1219.20065,,,,,,,,,2.44128671205047,3.60474204726689,,,,,,,,,,
1219.60065,,,,,,,,,2.88013324678202,3.16589551253534,,,,,,,,,,
1220.00065,,,,,,,,,2.37165333842134,3.67437542089602,,,,,,,,,,
1220.40065,,,,,,,,,1.99877252472022,4.04725623459714,,,,,,,,,,
1220.80065,,,,,,,,,2.95025959679412,3.09576916252324,,,,,,,,,,
1221.20065,,,,,,,,,3.51685119677696,2.5291775625404,,,,,,,,,,
1221.60065,,,,,,,,,2.72197705248347,3.32405170683389,,,,,,,,,,
1222.00065,,,,,,,,,2.15881830678943,3.88721045252793,,,,,,,,,,
1222.40065,,,,,,,,,2.84265453356248,3.20337422575488,,,,,,,,,,
1222.80065,,,,,,,,,3.48809076880766,2.5579379905097,,,,,,,,,,
1223.20065,,,,,,,,,2.72470539640409,3.32132336291327,,,,,,,,,,
1223.60065,,,,,,,,,3.54066882920074,2.50535993011662,,,,,,,,,,
1224.00065,,,,,,,,,2.26789223926893,3.77813652004843,,,,,,,,,,
1224.40065,,,,,,,,,2.89375268881643,3.15227607050093,,,,,,,,,,
1224.80065,,,,,,,,,2.9183318634882,3.12769689582916,,,,,,,,,,
1225.20065,,,,,,,,,2.87230375967311,3.17372499964425,,,,,,,,,,
1225.60065,,,,,,,,,2.72155706748554,3.32447169183182,,,,,,,,,,
1226.00065,,,,,,,,,2.32706704229916,3.7189617170182,,,,,,,,,,
1226.40065,,,,,,,,,2.71706874234676,3.3289600169706,,,,,,,,,,
1226.80065,,,,,,,,,3.2151188164688,2.83090994284856,,,,,,,,,,
1227.20065,,,,,,,,,1.30620923928291,4.73981952003445,,,,,,,,,,
1227.60065,,,,,,,,,2.99776110441816,3.0482676548992,,,,,,,,,,
1228.00065,,,,,,,,,2.84927807643951,3.19675068287785,,,,,,,,,,
1228.40065,,,,,,,,,2.31394481285923,3.73208394645813,,,,,,,,,,
1228.80065,,,,,,,,,1.52112590317697,4.52490285614039,,,,,,,,,,
1229.20065,,,,,,,,,2.07476480873269,3.97126395058467,,,,,,,,,,
1229.60065,,,,,,,,,2.59962501802532,3.44640374129204,,,,,,,,,,
1230.00065,,,,,,,,,3.0156242791335,3.03040448018386,,,,,,,,,,
1230.40065,,,,,,,,,3.52420425891491,2.52182450040245,,,,,,,,,,
1230.80065,,,,,,,,,2.62663514054619,3.41939361877117,,,,,,,,,,
1231.20065,,,,,,,,,2.23399371812438,3.81203504119298,,,,,,,,,,
1231.60065,,,,,,,,,2.33956758620039,3.70646117311697,,,,,,,,,,
1232.00065,,,,,,,,,1.07691349729479,4.96911526202257,,,,,,,,,,
1232.40065,,,,,,,,,2.39574129211436,3.650287467203,,,,,,,,,,
1232.80065,,,,,,,,,2.39448275060361,3.65154600871375,,,,,,,,,,
1233.20065,,,,,,,,,2.43731815297568,3.60871060634168,,,,,,,,,,
1233.60065,,,,,,,,,2.18273882876682,3.86328993055054,,,,,,,,,,
1234.00065,,,,,,,,,3.56362544752633,2.48240331179103,,,,,,,,,,
1234.40065,,,,,,,,,3.22249914878264,2.82352961053472,,,,,,,,,,
1234.80065,,,,,,,,,0.690061859343695,5.35596689997366,,,,,,,,,,
1235.20065,,,,,,,,,2.93190083730885,3.11412792200851,,,,,,,,,,
1235.60065,,,,,,,,,3.80160412046368,2.24442463885368,,,,,,,,,,
1236.00065,,,,,,,,,0.975068806915871,5.07095995240149,,,,,,,,,,
1236.40065,,,,,,,,,1.34281962759231,4.70320913172505,,,,,,,,,,
1236.80065,,,,,,,,,2.41280825529646,3.6332205040209,,,,,,,,,,
1237.20065,,,,,,,,,2.93445135091164,3.11157740840572,,,,,,,,,,
1237.60065,,,,,,,,,2.88526722541572,3.16076153390164,,,,,,,,,,
1238.00065,,,,,,,,,3.16418775732759,2.88184100198977,,,,,,,,,,
1238.40065,,,,,,,,,3.06841424583204,2.97761451348532,,,,,,,,,,
1238.80065,,,,,,,,,1.98398641309953,4.06204234621783,,,,,,,,,,
1239.20065,,,,,,,,,3.29208008549571,2.75394867382165,,,,,,,,,,
1239.60065,,,,,,,,,3.20163377218849,2.84439498712887,,,,,,,,,,
1240.00065,,,,,,,,,3.48186307794951,2.56416568136785,,,,,,,,,,
1240.40065,,,,,,,,,1.31875054614842,4.72727821316894,,,,,,,,,,
1240.80065,,,,,,,,,1.02835797707212,5.01767078224524,,,,,,,,,,
1241.20065,,,,,,,,,2.7652708890144,3.28075787030296,,,,,,,,,,
1241.60065,,,,,,,,,2.25901694361309,3.78701181570427,,,,,,,,,,
1242.00065,,,,,,,,,2.49472773745517,3.55130102186219,,,,,,,,,,
1242.40065,,,,,,,,,3.05947225479132,2.98655650452604,,,,,,,,,,
1242.80065,,,,,,,,,3.83002320834112,2.21600555097624,,,,,,,,,,
1243.20065,,,,,,,,,2.68881657694739,3.35721218236997,,,,,,,,,,
1243.60065,,,,,,,,,1.38921344923373,4.65681531008363,,,,,,,,,,
1244.00065,,,,,,,,,3.59943795258577,2.44659080673159,,,,,,,,,,
1244.40065,,,,,,,,,3.7874808443063,2.25854791501106,,,,,,,,,,
1244.80065,,,,,,,,,2.93522238965798,3.11080636965938,,,,,,,,,,
1245.20065,,,,,,,,,2.52238294507751,3.52364581423985,,,,,,,,,,
1245.60065,,,,,,,,,2.23716056029493,3.80886819902243,,,,,,,,,,
1246.00065,,,,,,,,,3.17495239239816,2.8710763669192,,,,,,,,,,
1246.40065,,,,,,,,,2.63890368442213,3.40712507489523,,,,,,,,,,
1246.80065,,,,,,,,,2.36404389277391,3.68198486654345,,,,,,,,,,
1247.20065,,,,,,,,,3.06787541751974,2.97815334179762,,,,,,,,,,
1247.60065,,,,,,,,,1.6650655980871,4.38096316123026,,,,,,,,,,
1248.00065,,,,,,,,,3.26948506258203,2.77654369673533,,,,,,,,,,
1248.40065,,,,,,,,,3.19571357021478,2.85031518910258,,,,,,,,,,
1248.80065,,,,,,,,,0.995719314693241,5.05030944462412,,,,,,,,,,
1249.20065,,,,,,,,,2.53264781752868,3.51338094178868,,,,,,,,,,
1249.60065,,,,,,,,,1.53375233348821,4.51227642582915,,,,,,,,,,
1250.00065,,,,,,,,,3.29282754054069,2.75320121877667,,,,,,,,,,
1250.40065,,,,,,,,,3.11264537743438,2.93338338188298,,,,,,,,,,
1250.80065,,,,,,,,,3.8148466363409,2.23118212297646,,,,,,,,,,
1251.200675,,,,,,,,,3.13168330375656,2.9143454555608,,,,,,,,,,
1251.600675,,,,,,,,,3.32965758469633,2.71637117462103,,,,,,,,,,
1252.000675,,,,,,,,,3.26990314855948,2.77612561075788,,,,,,,,,,
1252.400675,,,,,,,,,3.12099910612216,2.9250296531952,,,,,,,,,,
1252.800675,,,,,,,,,2.13994927857656,3.9060794807408,,,,,,,,,,
1253.200675,,,,,,,,,2.47652384235218,3.56950491696518,,,,,,,,,,
1253.600675,,,,,,,,,2.95667254003379,3.08935621928357,,,,,,,,,,
1254.000675,,,,,,,,,2.93717289824841,3.10885586106895,,,,,,,,,,
1254.400675,,,,,,,,,3.03258148978673,3.01344726953063,,,,,,,,,,
1254.800675,,,,,,,,,3.94048157478089,2.10554718453647,,,,,,,,,,
1255.200675,,,,,,,,,2.35936787156501,3.68666088775235,,,,,,,,,,
1255.600675,,,,,,,,,2.37106424052104,3.67496451879632,,,,,,,,,,
1256.000675,,,,,,,,,3.56636174949217,2.47966700982519,,,,,,,,,,
1256.400675,,,,,,,,,1.49443630404414,4.55159245527322,,,,,,,,,,
1256.800675,,,,,,,,,3.29056270891196,2.7554660504054,,,,,,,,,,
1257.200675,,,,,,,,,2.85071192447088,3.19531683484648,,,,,,,,,,
1257.600675,,,,,,,,,2.4878912114652,3.55813754785216,,,,,,,,,,
1258.000675,,,,,,,,,3.43538266067889,2.61064609863847,,,,,,,,,,
1258.400675,,,,,,,,,3.29586351578239,2.75016524353497,,,,,,,,,,
1258.800675,,,,,,,,,2.51245953758147,3.53356922173589,,,,,,,,,,
1259.200675,,,,,,,,,1.97031370090525,4.07571505841211,,,,,,,,,,
1259.600675,,,,,,,,,3.44165769047125,2.60437106884611,,,,,,,,,,
1260.000675,,,,,,,,,2.6500227904308,3.39600596888656,,,,,,,,,,
1260.400675,,,,,,,,,3.10779584725383,2.93823291206353,,,,,,,,,,
1260.800675,,,,,,,,,3.37919823371488,2.66683052560248,,,,,,,,,,
1261.200675,,,,,,,,,2.84591974158753,3.20010901772983,,,,,,,,,,
1261.600675,,,,,,,,,2.2364268361393,3.80960192317806,,,,,,,,,,
1262.000675,,,,,,,,,3.06670460012522,2.97932415919214,,,,,,,,,,
1262.400675,,,,,,,,,1.48744256293187,4.55858619638549,,,,,,,,,,
1262.800675,,,,,,,,,2.0850401748396,3.96098858447776,,,,,,,,,,
1263.200675,,,,,,,,,3.5777730040086,2.46825575530876,,,,,,,,,,
1263.600675,,,,,,,,,1.95915412256361,4.08687463675375,,,,,,,,,,
1264.000675,,,,,,,,,2.25086244747405,3.79516631184331,,,,,,,,,,
1264.400675,,,,,,,,,2.93769508999349,3.10833366932387,,,,,,,,,,
1264.800675,,,,,,,,,3.20187862270826,2.8441501366091,,,,,,,,,,
1265.200675,,,,,,,,,2.26309735832548,3.78293140099188,,,,,,,,,,
1265.600675,,,,,,,,,3.46275394399107,2.58327481532629,,,,,,,,,,
1266.000675,,,,,,,,,3.45310653309464,2.59292222622272,,,,,,,,,,
1266.400675,,,,,,,,,3.49099983096153,2.55502892835583,,,,,,,,,,
1266.800675,,,,,,,,,3.41958394412282,2.62644481519454,,,,,,,,,,
1267.200675,,,,,,,,,3.61851030434976,2.4275184549676,,,,,,,,,,
1267.600675,,,,,,,,,2.35128897990851,3.69473977940885,,,,,,,,,,
1268.000675,,,,,,,,,0.170752298966977,5.87527646035038,,,,,,,,,,
1268.400675,,,,,,,,,2.13527066478671,3.91075809453065,,,,,,,,,,
1268.800675,,,,,,,,,2.11717244033477,3.92885631898259,,,,,,,,,,
1269.200675,,,,,,,,,0.944580111236044,5.10144864808132,,,,,,,,,,
1269.600675,,,,,,,,,1.96618979610832,4.07983896320904,,,,,,,,,,
1270.000675,,,,,,,,,3.25156181234949,2.79446694696787,,,,,,,,,,
1270.400675,,,,,,,,,1.88219953237995,4.16382922693741,,,,,,,,,,
1270.800675,,,,,,,,,1.84741386726587,4.19861489205149,,,,,,,,,,
1271.200675,,,,,,,,,2.8826501427275,3.16337861658985,,,,,,,,,,
1271.600675,,,,,,,,,1.58326315278363,4.46276560653373,,,,,,,,,,
1272.000675,,,,,,,,,4.10007876811918,1.94594999119818,,,,,,,,,,
1272.400675,,,,,,,,,2.67800624461351,3.36802251470385,,,,,,,,,,
1272.800675,,,,,,,,,3.06183992967958,2.98418882963778,,,,,,,,,,
1273.200675,,,,,,,,,1.12074954612067,4.92527921319669,,,,,,,,,,
1273.600675,,,,,,,,,2.61528877161434,3.43073998770302,,,,,,,,,,
1274.000675,,,,,,,,,3.61246861331275,2.43356014600461,,,,,,,,,,
1274.400675,,,,,,,,,2.85573095232943,3.19029780698793,,,,,,,,,,
1274.800675,,,,,,,,,3.26916562835838,2.77686313095898,,,,,,,,,,
1275.200675,,,,,,,,,2.94186548840661,3.10416327091075,,,,,,,,,,
1275.600675,,,,,,,,,2.44347090037741,3.60255785893995,,,,,,,,,,
1276.000675,,,,,,,,,1.18691515023349,4.85911360908387,,,,,,,,,,
1276.400675,,,,,,,,,2.90935872186273,3.13667003745463,,,,,,,,,,
1276.800675,,,,,,,,,2.55225972310482,3.49376903621254,,,,,,,,,,
1277.200675,,,,,,,,,3.66921404878631,2.37681471053105,,,,,,,,,,
1277.600675,,,,,,,,,3.43527134375501,2.61075741556235,,,,,,,,,,
1278.000675,,,,,,,,,1.66139550383898,4.38463325547838,,,,,,,,,,
1278.400675,,,,,,,,,1.46992295974848,4.57610579956888,,,,,,,,,,
1278.800675,,,,,,,,,2.52262561989991,3.52340313941745,,,,,,,,,,
1279.200675,,,,,,,,,2.56345083692417,3.48257792239319,,,,,,,,,,
1279.600675,,,,,,,,,2.15928362747581,3.88674513184155,,,,,,,,,,
1280.000675,,,,,,,,,1.20401969790655,4.84200906141081,,,,,,,,,,
1280.400675,,,,,,,,,2.63680887979869,3.40921987951867,,,,,,,,,,
1280.800675,,,,,,,,,2.94945158055536,3.096577178762,,,,,,,,,,
1281.200675,,,,,,,,,2.90047741405126,3.1455513452661,,,,,,,,,,
1281.600675,,,,,,,,,2.6931710428697,3.35285771644766,,,,,,,,,,
1282.000675,,,,,,,,,2.52427241334416,3.5217563459732,,,,,,,,,,
1282.400675,,,,,,,,,2.23585853127641,3.81017022804095,,,,,,,,,,
1282.800675,,,,,,,,,2.76680834424902,3.27922041506834,,,,,,,,,,
1283.200675,,,,,,,,,3.32023931154084,2.72578944777652,,,,,,,,,,
1283.600675,,,,,,,,,2.51844308123951,3.52758567807785,,,,,,,,,,
1284.000675,,,,,,,,,2.597977617965,3.44805114135236,,,,,,,,,,
1284.400675,,,,,,,,,3.17100790777103,2.87502085154633,,,,,,,,,,
1284.800675,,,,,,,,,3.4038551520308,2.64217360728656,,,,,,,,,,
1285.200675,,,,,,,,,2.58182274252402,3.46420601679334,,,,,,,,,,
1285.600675,,,,,,,,,1.59856377232212,4.44746498699524,,,,,,,,,,
1286.000675,,,,,,,,,3.58252528593718,2.46350347338018,,,,,,,,,,
1286.400675,,,,,,,,,2.58271603043373,3.46331272888363,,,,,,,,,,
1286.800675,,,,,,,,,3.15791913629103,2.88810962302633,,,,,,,,,,
1287.200675,,,,,,,,,3.39635019079283,2.64967856852453,,,,,,,,,,
1287.600675,,,,,,,,,3.902740119078,2.14328864023936,,,,,,,,,,
1288.000675,,,,,,,,,3.27748694311949,2.76854181619787,,,,,,,,,,
1288.400675,,,,,,,,,3.24236455544296,2.8036642038744,,,,,,,,,,
1288.800675,,,,,,,,,3.22376451852936,2.822264240788,,,,,,,,,,
1289.200675,,,,,,,,,3.02281782566365,3.02321093365371,,,,,,,,,,
1289.600675,,,,,,,,,2.96776856936257,3.07826018995479,,,,,,,,,,
1290.000675,,,,,,,,,4.16590343059272,1.88012532872464,,,,,,,,,,
1290.400675,,,,,,,,,3.66550886189845,2.38051989741891,,,,,,,,,,
1290.800675,,,,,,,,,3.05877250608465,2.98725625323271,,,,,,,,,,
1291.200675,,,,,,,,,3.44829605783188,2.59773270148548,,,,,,,,,,
1291.600675,,,,,,,,,3.75429332987518,2.29173542944218,,,,,,,,,,
1292.000675,,,,,,,,,3.14604133391444,2.89998742540291,,,,,,,,,,
1292.400675,,,,,,,,,2.98982433083614,3.05620442848122,,,,,,,,,,
1292.800675,,,,,,,,,2.74885283758514,3.29717592173222,,,,,,,,,,
1293.200675,,,,,,,,,3.19656977212694,2.84945898719042,,,,,,,,,,
1293.600675,,,,,,,,,3.51931874805715,2.52671001126021,,,,,,,,,,
1294.000675,,,,,,,,,3.0696806481093,2.97634811120805,,,,,,,,,,
1294.400675,,,,,,,,,3.3720946160008,2.67393414331656,,,,,,,,,,
1294.800675,,,,,,,,,2.77941645642237,3.26661230289499,,,,,,,,,,
1295.200675,,,,,,,,,1.03978857029777,5.00624018901959,,,,,,,,,,
1295.600675,,,,,,,,,2.64803060606355,3.39799815325381,,,,,,,,,,
1296.000675,,,,,,,,,3.27496516122722,2.77106359809014,,,,,,,,,,
1296.400675,,,,,,,,,2.71776287520903,3.32826588410833,,,,,,,,,,
1296.800675,,,,,,,,,2.05778841260332,3.98824034671404,,,,,,,,,,
1297.200675,,,,,,,,,3.95206487150421,2.09396388781315,,,,,,,,,,
1297.600675,,,,,,,,,2.86230379527526,3.1837249640421,,,,,,,,,,
1298.0007,,,,,,,,,3.63947266586916,2.4065560934482,,,,,,,,,,
1298.4007,,,,,,,,,3.17926061754001,2.86676814177735,,,,,,,,,,
1298.8007,,,,,,,,,3.58476569817899,2.46126306113837,,,,,,,,,,
1299.2007,,,,,,,,,1.90202235564981,4.14400640366755,,,,,,,,,,
1299.6007,,,,,,,,,3.34360224748891,2.70242651182845,,,,,,,,,,
1300.0007,,,,,,,,,2.36187876238777,3.68414999692959,,,,,,,,,,
1300.4007,,,,,,,,,3.88198238602085,2.16404637329651,,,,,,,,,,
1300.8007,,,,,,,,,2.80399914615146,3.2420296131659,,,,,,,,,,
1301.2007,,,,,,,,,3.40590505206408,2.64012370725328,,,,,,,,,,
1301.6007,,,,,,,,,4.29255745578226,1.7534713035351,,,,,,,,,,
1302.0007,,,,,,,,,3.24925006469235,2.79677869462501,,,,,,,,,,
1302.4007,,,,,,,,,3.29837403918152,2.74765472013584,,,,,,,,,,
1302.8007,,,,,,,,,3.16092548526389,2.88510327405347,,,,,,,,,,
1303.2007,,,,,,,,,1.66423091893136,4.381797840386,,,,,,,,,,
1303.6007,,,,,,,,,2.50558558636478,3.54044317295258,,,,,,,,,,
1304.0007,,,,,,,,,3.00663400225811,3.03939475705925,,,,,,,,,,
1304.4007,,,,,,,,,2.91878054815762,3.12724821115974,,,,,,,,,,
1304.8007,,,,,,,,,2.8801525154834,3.16587624383396,,,,,,,,,,
1305.2007,,,,,,,,,2.58843930643851,3.45758945287885,,,,,,,,,,
1305.6007,,,,,,,,,1.7125286125227,4.33350014679466,,,,,,,,,,
1306.0007,,,,,,,,,3.57471096825592,2.47131779106144,,,,,,,,,,
1306.4007,,,,,,,,,2.70493141133138,3.34109734798598,,,,,,,,,,
1306.8007,,,,,,,,,1.9870988251205,4.05892993419686,,,,,,,,,,
1307.2007,,,,,,,,,3.12496228208271,2.92106647723465,,,,,,,,,,
1307.6007,,,,,,,,,3.29946068613858,2.74656807317878,,,,,,,,,,
1308.0007,,,,,,,,,3.23552763760542,2.81050112171194,,,,,,,,,,
1308.4007,,,,,,,,,3.31675778003334,2.72927097928402,,,,,,,,,,
1308.8007,,,,,,,,,3.58368228440953,2.46234647490783,,,,,,,,,,
1309.2007,,,,,,,,,3.94411643221343,2.10191232710392,,,,,,,,,,
1309.6007,,,,,,,,,3.32560832397123,2.72042043534613,,,,,,,,,,
1310.0007,,,,,,,,,3.57410074919247,2.47192801012489,,,,,,,,,,
1310.4007,,,,,,,,,1.93140266492771,4.11462609438965,,,,,,,,,,
1310.8007,,,,,,,,,3.10062114017838,2.94540761913898,,,,,,,,,,
1311.2007,,,,,,,,,1.83001500105535,4.21601375826201,,,,,,,,,,
1311.6007,,,,,,,,,2.93861552858335,3.10741323073401,,,,,,,,,,
1312.0007,,,,,,,,,3.8006207204432,2.24540803887416,,,,,,,,,,
1312.4007,,,,,,,,,2.35716759972241,3.68886115959495,,,,,,,,,,
1312.8007,,,,,,,,,3.01163329868274,3.03439546063462,,,,,,,,,,
1313.2007,,,,,,,,,2.94926519766977,3.09676356164759,,,,,,,,,,
1313.6007,,,,,,,,,3.3496265073854,2.69640225193196,,,,,,,,,,
1314.0007,,,,,,,,,2.88898569496651,3.15704306435085,,,,,,,,,,
1314.4007,,,,,,,,,2.83853272794015,3.20749603137721,,,,,,,,,,
1314.8007,,,,,,,,,2.53328341435371,3.51274534496365,,,,,,,,,,
1315.2007,,,,,,,,,2.42256120325172,3.62346755606564,,,,,,,,,,
1315.6007,,,,,,,,,1.60600914882789,4.44001961048947,,,,,,,,,,
1316.0007,,,,,,,,,1.43392730723352,4.61210145208384,,,,,,,,,,
1316.4007,,,,,,,,,3.6876939568427,2.35833480247466,,,,,,,,,,
1316.8007,,,,,,,,,2.22609793006917,3.81993082924819,,,,,,,,,,
1317.2007,,,,,,,,,3.63012338189587,2.41590537742149,,,,,,,,,,
1317.6007,,,,,,,,,2.04235711168881,4.00367164762855,,,,,,,,,,
1318.0007,,,,,,,,,2.73977803993178,3.30625071938558,,,,,,,,,,
1318.4007,,,,,,,,,2.54012671402554,3.50590204529182,,,,,,,,,,
1318.8007,,,,,,,,,2.43126599807136,3.614762761246,,,,,,,,,,
1319.2007,,,,,,,,,2.69400868056791,3.35202007874945,,,,,,,,,,
1319.6007,,,,,,,,,2.175324258221,3.87070450109636,,,,,,,,,,
1320.0007,,,,,,,,,3.19448027429562,2.85154848502174,,,,,,,,,,
1320.4007,,,,,,,,,2.98645424369946,3.0595745156179,,,,,,,,,,
1320.8007,,,,,,,,,2.42625002889313,3.61977873042423,,,,,,,,,,
1321.2007,,,,,,,,,2.16076885195232,3.88525990736504,,,,,,,,,,
1321.6007,,,,,,,,,1.71592557526194,4.33010318405542,,,,,,,,,,
1322.0007,,,,,,,,,2.49101902481069,3.55500973450667,,,,,,,,,,
1322.4007,,,,,,,,,1.88666835329918,4.15936040601818,,,,,,,,,,
1322.8007,,,,,,,,,2.6078512596931,3.43817749962426,,,,,,,,,,
1323.2007,,,,,,,,,2.80057156521038,3.24545719410698,,,,,,,,,,
1323.6007,,,,,,,,,2.59397550421901,3.45205325509835,,,,,,,,,,
1324.0007,,,,,,,,,2.69644740336656,3.3495813559508,,,,,,,,,,
1324.4007,,,,,,,,,2.68285179357941,3.36317696573795,,,,,,,,,,
1324.8007,,,,,,,,,3.26381332028075,2.78221543903661,,,,,,,,,,
1325.2007,,,,,,,,,2.74681030177864,3.29921845753872,,,,,,,,,,
1325.6007,,,,,,,,,3.18325852320944,2.86277023610792,,,,,,,,,,
1326.0007,,,,,,,,,2.79910906264434,3.24691969667302,,,,,,,,,,
1326.4007,,,,,,,,,1.78788082900216,4.2581479303152,,,,,,,,,,
1326.8007,,,,,,,,,2.82093280885633,3.22509595046103,,,,,,,,,,
1327.2007,,,,,,,,,2.73994401087168,3.30608474844568,,,,,,,,,,
1327.6007,,,,,,,,,3.09996208650522,2.94606667281214,,,,,,,,,,
1328.0007,,,,,,,,,3.57402866775079,2.47200009156657,,,,,,,,,,
1328.4007,,,,,,,,,3.44776621795575,2.59826254136161,,,,,,,,,,
1328.8007,,,,,,,,,1.68772775999874,4.35830099931862,,,,,,,,,,
1329.2007,,,,,,,,,1.98544817666282,4.06058058265454,,,,,,,,,,
1329.6007,,,,,,,,,2.99690625138825,3.04912250792911,,,,,,,,,,
1330.0007,,,,,,,,,2.68001530766417,3.36601345165319,,,,,,,,,,
1330.4007,,,,,,,,,3.21254407250487,2.83348468681249,,,,,,,,,,
1330.8007,,,,,,,,,3.34912006553685,2.69690869378051,,,,,,,,,,
1331.2007,,,,,,,,,4.20685622829732,1.83917253102004,,,,,,,,,,
1331.6007,,,,,,,,,2.65771642963917,3.38831232967819,,,,,,,,,,
1332.0007,,,,,,,,,1.88308722724388,4.16294153207348,,,,,,,,,,
1332.4007,,,,,,,,,3.48719438366094,2.55883437565642,,,,,,,,,,
1332.8007,,,,,,,,,2.11707331805626,3.9289554412611,,,,,,,,,,
1333.2007,,,,,,,,,3.47224190594754,2.57378685336982,,,,,,,,,,
1333.6007,,,,,,,,,2.95776086387892,3.08826789543844,,,,,,,,,,
1334.0007,,,,,,,,,2.23430652444545,3.81172223487191,,,,,,,,,,
1334.4007,,,,,,,,,3.23470896271444,2.81131979660292,,,,,,,,,,
1334.8007,,,,,,,,,2.53272511279542,3.51330364652194,,,,,,,,,,
1335.2007,,,,,,,,,3.09695788780626,2.9490708715111,,,,,,,,,,
1335.6007,,,,,,,,,3.78342093820091,2.26260782111645,,,,,,,,,,
1336.0007,,,,,,,,,2.63993283016773,3.40609592914962,,,,,,,,,,
1336.4007,,,,,,,,,3.06698833915057,2.97904042016679,,,,,,,,,,
1336.8007,,,,,,,,,2.96950701608103,3.07652174323633,,,,,,,,,,
1337.2007,,,,,,,,,3.41694445000434,2.62908430931302,,,,,,,,,,
1337.6007,,,,,,,,,3.47665951487646,2.5693692444409,,,,,,,,,,
1338.0007,,,,,,,,,3.50022045549934,2.54580830381802,,,,,,,,,,
1338.4007,,,,,,,,,3.75546143961323,2.29056731970413,,,,,,,,,,
1338.8007,,,,,,,,,2.22167768098184,3.82435107833552,,,,,,,,,,
1339.2007,,,,,,,,,1.55521774283558,4.49081101648178,,,,,,,,,,
1339.6007,,,,,,,,,2.61557551816148,3.43045324115588,,,,,,,,,,
1340.0007,,,,,,,,,3.80888177486234,2.23714698445502,,,,,,,,,,
1340.4007,,,,,,,,,1.79168500009247,4.25434375922489,,,,,,,,,,
1340.8007,,,,,,,,,2.61380063328321,3.43222812603415,,,,,,,,,,
1341.2007,,,,,,,,,3.65126990318108,2.39475885613628,,,,,,,,,,
1341.6007,,,,,,,,,3.0268664422872,3.01916231703016,,,,,,,,,,
1342.0007,,,,,,,,,2.35229871390489,3.69373004541247,,,,,,,,,,
1342.4007,,,,,,,,,2.4916093711216,3.55441938819576,,,,,,,,,,
1342.8007,,,,,,,,,3.52211416578339,2.52391459353397,,,,,,,,,,
1343.2007,,,,,,,,,2.30365702618412,3.74237173313324,,,,,,,,,,
1343.6007,,,,,,,,,3.50016653461608,2.54586222470128,,,,,,,,,,
1344.0007,,,,,,,,,2.99413708396192,3.05189167535544,,,,,,,,,,
1344.4007,,,,,,,,,3.12436024814015,2.92166851117721,,,,,,,,,,
1344.8007,,,,,,,,,2.20147560430741,3.84455315500995,,,,,,,,,,
1345.2007,,,,,,,,,1.88757558467553,4.15845317464183,,,,,,,,,,
1345.6007,,,,,,,,,1.53207538526641,4.51395337405095,,,,,,,,,,
1346.0007,,,,,,,,,2.38791983026769,3.65810892904967,,,,,,,,,,
1346.4007,,,,,,,,,3.08462566473752,2.96140309457984,,,,,,,,,,
1346.8007,,,,,,,,,1.58829399624684,4.45773476307052,,,,,,,,,,
1347.2007,,,,,,,,,2.59723302379801,3.44879573551935,,,,,,,,,,
1347.6007,,,,,,,,,1.99762648772971,4.04840227158765,,,,,,,,,,
1348.0007,,,,,,,,,1.71686994734562,4.32915881197174,,,,,,,,,,
1348.400725,,,,,,,,,3.26723890310113,2.77878985621623,,,,,,,,,,
1348.800725,,,,,,,,,2.87387889018573,3.17214986913163,,,,,,,,,,
1349.200725,,,,,,,,,3.37281649146998,2.67321226784738,,,,,,,,,,
1349.600725,,,,,,,,,3.24947617923262,2.79655258008474,,,,,,,,,,
1350.000725,,,,,,,,,3.75362307087534,2.29240568844202,,,,,,,,,,
1350.400725,,,,,,,,,2.28819327920391,3.75783548011345,,,,,,,,,,
1350.800725,,,,,,,,,3.15218899321606,2.8938397661013,,,,,,,,,,
1351.200725,,,,,,,,,2.9015644278675,3.14446433144986,,,,,,,,,,
1351.600725,,,,,,,,,2.63444802237707,3.41158073694029,,,,,,,,,,
1352.000725,,,,,,,,,2.63557773820637,3.41045102111099,,,,,,,,,,
1352.400725,,,,,,,,,2.93861191831975,3.10741684099761,,,,,,,,,,
1352.800725,,,,,,,,,3.08936200576606,2.9566667535513,,,,,,,,,,
1353.200725,,,,,,,,,4.09897229464102,1.94705646467634,,,,,,,,,,
1353.600725,,,,,,,,,3.52039530277145,2.52563345654591,,,,,,,,,,
1354.000725,,,,,,,,,2.17230251725989,3.87372624205747,,,,,,,,,,
1354.400725,,,,,,,,,2.81864868916156,3.2273800701558,,,,,,,,,,
1354.800725,,,,,,,,,3.97081386347509,2.07521489584227,,,,,,,,,,
1355.200725,,,,,,,,,3.87235356472662,2.17367519459074,,,,,,,,,,
1355.600725,,,,,,,,,3.58954754118491,2.45648121813245,,,,,,,,,,
1356.000725,,,,,,,,,1.17507179167168,4.87095696764568,,,,,,,,,,
1356.400725,,,,,,,,,3.6182102269979,2.42781853231946,,,,,,,,,,
1356.800725,,,,,,,,,2.92854046237029,3.11748829694707,,,,,,,,,,
1357.200725,,,,,,,,,2.16824386356826,3.8777848957491,,,,,,,,,,
1357.600725,,,,,,,,,3.27102037905771,2.77500838025965,,,,,,,,,,
1358.000725,,,,,,,,,3.69153648354924,2.35449227576812,,,,,,,,,,
1358.400725,,,,,,,,,3.59162737347879,2.45440138583856,,,,,,,,,,
1358.800725,,,,,,,,,2.64035785056816,3.4056709087492,,,,,,,,,,
1359.200725,,,,,,,,,3.62725532403198,2.41877343528538,,,,,,,,,,
1359.600725,,,,,,,,,2.36664060440184,3.67938815491552,,,,,,,,,,
1360.000725,,,,,,,,,2.87255122995026,3.1734775293671,,,,,,,,,,
1360.400725,,,,,,,,,3.10316614784089,2.94286261147647,,,,,,,,,,
1360.800725,,,,,,,,,3.6786117570636,2.36741700225376,,,,,,,,,,
1361.200725,,,,,,,,,2.37076835617789,3.67526040313947,,,,,,,,,,
1361.600725,,,,,,,,,2.36594610368883,3.68008265562853,,,,,,,,,,
1362.000725,,,,,,,,,3.40057712524416,2.6454516340732,,,,,,,,,,
1362.400725,,,,,,,,,3.59547613597683,2.45055262334053,,,,,,,,,,
1362.800725,,,,,,,,,3.62160744904096,2.4244213102764,,,,,,,,,,
1363.200725,,,,,,,,,2.30633252230161,3.73969623701575,,,,,,,,,,
1363.600725,,,,,,,,,3.66466664617429,2.38136211314307,,,,,,,,,,
1364.000725,,,,,,,,,3.7361643130557,2.30986444626166,,,,,,,,,,
1364.400725,,,,,,,,,2.54794384557745,3.49808491373991,,,,,,,,,,
1364.800725,,,,,,,,,3.25462564083778,2.79140311847958,,,,,,,,,,
1365.200725,,,,,,,,,3.07341331026217,2.97261544905519,,,,,,,,,,
1365.600725,,,,,,,,,4.88518375184793,1.16084500746943,,,,,,,,,,
1366.000725,,,,,,,,,2.92893257621986,3.1170961830975,,,,,,,,,,
1366.400725,,,,,,,,,3.3570159033374,2.68901285597996,,,,,,,,,,
1366.800725,,,,,,,,,3.16613778017533,2.87989097914203,,,,,,,,,,
1367.200725,,,,,,,,,3.59451286633564,2.45151589298172,,,,,,,,,,
1367.600725,,,,,,,,,4.00004463143368,2.04598412788368,,,,,,,,,,
1368.000725,,,,,,,,,2.5078979349824,3.53813082433496,,,,,,,,,,
1368.400725,,,,,,,,,1.77756975596956,4.2684590033478,,,,,,,,,,
1368.800725,,,,,,,,,2.98766590781375,3.05836285150361,,,,,,,,,,
1369.200725,,,,,,,,,3.40285416135105,2.64317459796631,,,,,,,,,,
1369.600725,,,,,,,,,2.82302491395848,3.22300384535888,,,,,,,,,,
1370.000725,,,,,,,,,3.6640440268632,2.38198473245416,,,,,,,,,,
1370.400725,,,,,,,,,3.08300620208829,2.96302255722907,,,,,,,,,,
1370.800725,,,,,,,,,2.38664491210249,3.65938384721487,,,,,,,,,,
1371.200725,,,,,,,,,2.77439987626557,3.27162888305179,,,,,,,,,,
1371.600725,,,,,,,,,3.08251686141485,2.96351189790251,,,,,,,,,,
1372.000725,,,,,,,,,2.89942537517945,3.14660338413791,,,,,,,,,,
1372.400725,,,,,,,,,0.913326110143063,5.1327026491743,,,,,,,,,,
1372.800725,,,,,,,,,2.80386271827805,3.24216604103931,,,,,,,,,,
1373.200725,,,,,,,,,2.97052037143185,3.07550838788551,,,,,,,,,,
1373.600725,,,,,,,,,2.86263723204529,3.18339152727207,,,,,,,,,,
1374.000725,,,,,,,,,1.62392846871062,4.42210029060674,,,,,,,,,,
1374.400725,,,,,,,,,1.39289033378285,4.65313842553451,,,,,,,,,,
1374.800725,,,,,,,,,2.61031669751569,3.43571206180167,,,,,,,,,,
1375.200725,,,,,,,,,2.37241360671462,3.67361515260274,,,,,,,,,,
1375.600725,,,,,,,,,0.965082065695716,5.08094669362164,,,,,,,,,,
1376.000725,,,,,,,,,3.41161021523193,2.63441854408543,,,,,,,,,,
1376.400725,,,,,,,,,3.25215931491347,2.79386944440389,,,,,,,,,,
1376.800725,,,,,,,,,2.57308444201888,3.47294431729848,,,,,,,,,,
1377.200725,,,,,,,,,3.25106060747647,2.79496815184089,,,,,,,,,,
1377.600725,,,,,,,,,2.5531308688903,3.49289789042706,,,,,,,,,,
1378.000725,,,,,,,,,3.19951008024991,2.84651867906745,,,,,,,,,,
1378.400725,,,,,,,,,2.40124209835245,3.64478666096491,,,,,,,,,,
1378.800725,,,,,,,,,3.97030234751404,2.07572641180332,,,,,,,,,,
1379.200725,,,,,,,,,3.09381082673983,2.95221793257753,,,,,,,,,,
1379.600725,,,,,,,,,3.49157324319868,2.55445551611868,,,,,,,,,,
1380.000725,,,,,,,,,3.0040201129324,3.04200864638496,,,,,,,,,,
1380.400725,,,,,,,,,3.5581134460032,2.48791531331416,,,,,,,,,,
1380.800725,,,,,,,,,3.04972870470091,2.99630005461645,,,,,,,,,,
1381.200725,,,,,,,,,1.37141489076918,4.67461386854818,,,,,,,,,,
1381.600725,,,,,,,,,1.7550436620819,4.29098509723547,,,,,,,,,,
1382.000725,,,,,,,,,4.25128412086854,1.79474463844882,,,,,,,,,,
1382.400725,,,,,,,,,2.80369071084396,3.2423380484734,,,,,,,,,,
1382.800725,,,,,,,,,3.15167843108609,2.89435032823127,,,,,,,,,,
1383.200725,,,,,,,,,3.36349630440331,2.68253245491405,,,,,,,,,,
1383.600725,,,,,,,,,2.26513635439926,3.7808924049181,,,,,,,,,,
1384.000725,,,,,,,,,3.18533204086767,2.86069671844969,,,,,,,,,,
1384.400725,,,,,,,,,1.54045882752089,4.50556993179647,,,,,,,,,,
1384.800725,,,,,,,,,3.67042454948704,2.37560420983032,,,,,,,,,,
1385.200725,,,,,,,,,2.97721835557106,3.0688104037463,,,,,,,,,,
1385.600725,,,,,,,,,3.35786533320663,2.68816342611073,,,,,,,,,,
1386.000725,,,,,,,,,2.20535541149515,3.84067334782221,,,,,,,,,,
1386.400725,,,,,,,,,2.50911666652551,3.53691209279185,,,,,,,,,,
1386.800725,,,,,,,,,3.24901626847807,2.79701249083929,,,,,,,,,,
1387.200725,,,,,,,,,3.11339824872393,2.93263051059343,,,,,,,,,,
1387.600725,,,,,,,,,2.76388661418977,3.28214214512759,,,,,,,,,,
1388.000725,,,,,,,,,2.40517206233975,3.64085669697761,,,,,,,,,,
1388.400725,,,,,,,,,3.71996661899077,2.32606214032659,,,,,,,,,,
1388.800725,,,,,,,,,3.54614048681982,2.49988827249754,,,,,,,,,,
1389.200725,,,,,,,,,1.22139238372414,4.82463637559322,,,,,,,,,,
1389.600725,,,,,,,,,3.85787138889451,2.18815737042285,,,,,,,,,,
1390.000725,,,,,,,,,2.24823912327737,3.79778963603999,,,,,,,,,,
1390.400725,,,,,,,,,2.62075162238712,3.42527713693024,,,,,,,,,,
1390.800725,,,,,,,,,3.82024859107055,2.22578016824681,,,,,,,,,,
1391.200725,,,,,,,,,2.11424257730479,3.93178618201257,,,,,,,,,,
1391.600725,,,,,,,,,3.46516257435245,2.58086618496491,,,,,,,,,,
1392.000725,,,,,,,,,3.74938686289405,2.29664189642331,,,,,,,,,,
1392.400725,,,,,,,,,3.14372301254037,2.90230574677699,,,,,,,,,,
1392.800725,,,,,,,,,3.01418072698466,3.0318480323327,,,,,,,,,,
1393.200725,,,,,,,,,2.73954463439629,3.30648412492107,,,,,,,,,,
1393.600725,,,,,,,,,2.99894098163836,3.047087777679,,,,,,,,,,
1394.000725,,,,,,,,,2.71058821119886,3.3354405481185,,,,,,,,,,
1394.400725,,,,,,,,,3.6749621393887,2.37106661992866,,,,,,,,,,
1394.800725,,,,,,,,,2.34653049779009,3.69949826152727,,,,,,,,,,
1395.200725,,,,,,,,,3.22512134164926,2.8209074176681,,,,,,,,,,
1395.600725,,,,,,,,,2.0111423946417,4.03488636467566,,,,,,,,,,
1396.000725,,,,,,,,,3.28856349058156,2.7574652687358,,,,,,,,,,
1396.40075,,,,,,,,,3.00943656108248,3.03659219823488,,,,,,,,,,
1396.80075,,,,,,,,,3.52892449285562,2.51710426646174,,,,,,,,,,
1397.20075,,,,,,,,,2.8282203933585,3.21780836595886,,,,,,,,,,
1397.60075,,,,,,,,,2.30296803764367,3.74306072167369,,,,,,,,,,
1398.00075,,,,,,,,,3.80556855791762,2.24046020139974,,,,,,,,,,
1398.40075,,,,,,,,,3.65081824281439,2.39521051650297,,,,,,,,,,
1398.80075,,,,,,,,,2.22201198082405,3.82401677849331,,,,,,,,,,
1399.20075,,,,,,,,,2.69064223720848,3.35538652210888,,,,,,,,,,
1399.60075,,,,,,,,,3.83185754125573,2.21417121806163,,,,,,,,,,
1400.00075,,,,,,,,,3.28263472681559,2.76339403250177,,,,,,,,,,
1400.40075,,,,,,,,,3.3577953303203,2.68823342899706,,,,,,,,,,
1400.80075,,,,,,,,,1.01435718861381,5.03167157070355,,,,,,,,,,
1401.20075,,,,,,,,,2.97393753166735,3.07209122765001,,,,,,,,,,
1401.60075,,,,,,,,,2.66015234833415,3.38587641098321,,,,,,,,,,
1402.00075,,,,,,,,,2.71616358790513,3.32986517141223,,,,,,,,,,
1402.40075,,,,,,,,,3.54480112472524,2.50122763459212,,,,,,,,,,
1402.80075,,,,,,,,,3.52314187926014,2.52288688005722,,,,,,,,,,
1403.20075,,,,,,,,,2.84653139391448,3.19949736540288,,,,,,,,,,
1403.60075,,,,,,,,,2.11283033380408,3.93319842551328,,,,,,,,,,
1404.00075,,,,,,,,,3.25077155465582,2.79525720466154,,,,,,,,,,
1404.40075,,,,,,,,,2.40840361212926,3.6376251471881,,,,,,,,,,
1404.80075,,,,,,,,,3.43840153904191,2.60762722027545,,,,,,,,,,
1405.20075,,,,,,,,,3.23915710646194,2.80687165285542,,,,,,,,,,
1405.60075,,,,,,,,,4.14822775019072,1.89780100912664,,,,,,,,,,
1406.00075,,,,,,,,,3.77107834934016,2.2749504099772,,,,,,,,,,
1406.40075,,,,,,,,,2.9318087102426,3.11422004907476,,,,,,,,,,
1406.80075,,,,,,,,,2.9490939721944,3.09693478712296,,,,,,,,,,
1407.20075,,,,,,,,,3.97284573466956,2.0731830246478,,,,,,,,,,
1407.60075,,,,,,,,,3.37926656178446,2.6667621975329,,,,,,,,,,
1408.00075,,,,,,,,,3.29617922353189,2.74984953578547,,,,,,,,,,
1408.40075,,,,,,,,,2.82936801102011,3.21666074829725,,,,,,,,,,
1408.80075,,,,,,,,,4.02977766541941,2.01625109389795,,,,,,,,,,
1409.20075,,,,,,,,,1.96228567144548,4.08374308787188,,,,,,,,,,
1409.60075,,,,,,,,,2.8054948378577,3.24053392145966,,,,,,,,,,
1410.00075,,,,,,,,,3.46824398235192,2.57778477696544,,,,,,,,,,
1410.40075,,,,,,,,,3.30988942566047,2.73613933365689,,,,,,,,,,
1410.80075,,,,,,,,,2.26502744433723,3.78100131498013,,,,,,,,,,
1411.20075,,,,,,,,,3.04173374237334,3.00429501694402,,,,,,,,,,
1411.60075,,,,,,,,,2.30572169574138,3.74030706357598,,,,,,,,,,
1412.00075,,,,,,,,,2.30359345432356,3.7424353049938,,,,,,,,,,
1412.40075,,,,,,,,,2.67741362054148,3.36861513877588,,,,,,,,,,
1412.80075,,,,,,,,,3.46900382321493,2.57702493610243,,,,,,,,,,
1413.20075,,,,,,,,,3.43107758886339,2.61495117045397,,,,,,,,,,
1413.60075,,,,,,,,,3.65393159562568,2.39209716369168,,,,,,,,,,
1414.00075,,,,,,,,,2.30720528471464,3.73882347460272,,,,,,,,,,
1414.40075,,,,,,,,,3.10987731643953,2.93615144287783,,,,,,,,,,
1414.80075,,,,,,,,,3.85197971973526,2.1940490395821,,,,,,,,,,
1415.20075,,,,,,,,,3.63166789380526,2.4143608655121,,,,,,,,,,
1415.60075,,,,,,,,,3.45156656061013,2.59446219870723,,,,,,,,,,
1416.00075,,,,,,,,,2.2164546279101,3.82957413140726,,,,,,,,,,
1416.40075,,,,,,,,,3.23207516342622,2.81395359589114,,,,,,,,,,
1416.80075,,,,,,,,,2.72651470340341,3.31951405591395,,,,,,,,,,
1417.20075,,,,,,,,,3.45221450921832,2.59381425009904,,,,,,,,,,
1417.60075,,,,,,,,,3.77538319184312,2.27064556747424,,,,,,,,,,
1418.00075,,,,,,,,,2.83796411116949,3.20806464814787,,,,,,,,,,
1418.40075,,,,,,,,,3.7292136847726,2.31681507454476,,,,,,,,,,
1418.80075,,,,,,,,,3.56085727900399,2.48517148031337,,,,,,,,,,
1419.20075,,,,,,,,,2.76162488039096,3.2844038789264,,,,,,,,,,
1419.60075,,,,,,,,,3.13036768308941,2.91566107622795,,,,,,,,,,
1420.00075,,,,,,,,,2.46663076337071,3.57939799594665,,,,,,,,,,
1420.40075,,,,,,,,,4.15926386946367,1.88676488985369,,,,,,,,,,
1420.80075,,,,,,,,,3.15349343251866,2.8925353267987,,,,,,,,,,
1421.20075,,,,,,,,,3.66009890158755,2.38592985772981,,,,,,,,,,
1421.60075,,,,,,,,,1.75246151660793,4.29356724270943,,,,,,,,,,
1422.00075,,,,,,,,,2.93565968114102,3.11036907817634,,,,,,,,,,
1422.40075,,,,,,,,,1.73932243166291,4.30670632765445,,,,,,,,,,
1422.80075,,,,,,,,,2.55786594259717,3.48816281672019,,,,,,,,,,
1423.20075,,,,,,,,,2.96307428399559,3.08295447532177,,,,,,,,,,
1423.60075,,,,,,,,,2.34401765666754,3.70201110264982,,,,,,,,,,
1424.00075,,,,,,,,,3.95944972529053,2.08657903402683,,,,,,,,,,
1424.40075,,,,,,,,,1.51574137592485,4.53028738339251,,,,,,,,,,
1424.80075,,,,,,,,,2.35158473883419,3.69444402048317,,,,,,,,,,
1425.20075,,,,,,,,,2.06501182410199,3.98101693521537,,,,,,,,,,
1425.60075,,,,,,,,,2.68346154730972,3.36256721200764,,,,,,,,,,
1426.00075,,,,,,,,,3.41764260136134,2.62838615795602,,,,,,,,,,
1426.40075,,,,,,,,,3.43987340669537,2.60615535262199,,,,,,,,,,
1426.80075,,,,,,,,,2.48395765694841,3.56207110236895,,,,,,,,,,
1427.20075,,,,,,,,,2.03842719367181,4.00760156564555,,,,,,,,,,
1427.60075,,,,,,,,,2.85161717885667,3.19441158046069,,,,,,,,,,
1428.00075,,,,,,,,,2.78199223905154,3.26403652026582,,,,,,,,,,
1428.40075,,,,,,,,,2.9302674038045,3.11576135551286,,,,,,,,,,
1428.80075,,,,,,,,,1.74046615708299,4.30556260223437,,,,,,,,,,
1429.20075,,,,,,,,,2.73742734041072,3.30860141890664,,,,,,,,,,
1429.60075,,,,,,,,,2.56498861908283,3.48104014023453,,,,,,,,,,
1430.00075,,,,,,,,,4.24833834822741,1.79769041108995,,,,,,,,,,
1430.40075,,,,,,,,,2.61442058452227,3.43160817479509,,,,,,,,,,
1430.80075,,,,,,,,,3.32759215605761,2.71843660325975,,,,,,,,,,
1431.20075,,,,,,,,,3.71364470063482,2.33238405868254,,,,,,,,,,
1431.60075,,,,,,,,,2.52890118618571,3.51712757313165,,,,,,,,,,
1432.00075,,,,,,,,,2.55336720935219,3.49266154996517,,,,,,,,,,
1432.40075,,,,,,,,,3.34518315559795,2.70084560371941,,,,,,,,,,
1432.80075,,,,,,,,,3.33663887874817,2.70938988056919,,,,,,,,,,
1433.20075,,,,,,,,,3.18436803104252,2.86166072827484,,,,,,,,,,
1433.60075,,,,,,,,,2.84228392937011,3.20374482994725,,,,,,,,,,
1434.00075,,,,,,,,,3.05968311663368,2.98634564268368,,,,,,,,,,
1434.40075,,,,,,,,,2.46432907678014,3.58169968253722,,,,,,,,,,
1434.80075,,,,,,,,,2.9999378375974,3.04609092171996,,,,,,,,,,
1435.20075,,,,,,,,,3.28638641627606,2.7596423430413,,,,,,,,,,
1435.60075,,,,,,,,,3.3123051632015,2.73372359611586,,,,,,,,,,
1436.00075,,,,,,,,,3.50432148915879,2.54170727015857,,,,,,,,,,
1436.40075,,,,,,,,,3.27493397732663,2.77109478199073,,,,,,,,,,
1436.80075,,,,,,,,,3.63515920553274,2.41086955378462,,,,,,,,,,
1437.20075,,,,,,,,,3.40391588710991,2.64211287220744,,,,,,,,,,
1437.60075,,,,,,,,,3.24683990407245,2.79918885524491,,,,,,,,,,
1438.00075,,,,,,,,,3.84058316877398,2.20544559054338,,,,,,,,,,
1438.40075,,,,,,,,,3.28589348158989,2.76013527772747,,,,,,,,,,
1438.80075,,,,,,,,,2.57530144093894,3.47072731837842,,,,,,,,,,
1439.20075,,,,,,,,,2.52389036252788,3.52213839678948,,,,,,,,,,
1439.60075,,,,,,,,,3.03639798919207,3.00963077012529,,,,,,,,,,
1440.00075,,,,,,,,,2.66961393913455,3.37641482018281,,,,,,,,,,
1440.40075,,,,,,,,,2.53665266259799,3.50937609671937,,,,,,,,,,
1440.80075,,,,,,,,,3.85364357177159,2.19238518754577,,,,,,,,,,
1441.20075,,,,,,,,,2.46591629497411,3.58011246434325,,,,,,,,,,
1441.60075,,,,,,,,,3.13564653881092,2.91038222050644,,,,,,,,,,
1442.00075,,,,,,,,,2.93673835858963,3.10929040072773,,,,,,,,,,
1442.40075,,,,,,,,,3.00663839851698,3.03939036080038,,,,,,,,,,
1442.80075,,,,,,,,,3.93575941094868,2.11026934836868,,,,,,,,,,
1443.20075,,,,,,,,,3.15748885638111,2.88853990293625,,,,,,,,,,
1443.60075,,,,,,,,,3.27031944136491,2.77570931795245,,,,,,,,,,
1444.00075,,,,,,,,,2.89629259133621,3.14973616798115,,,,,,,,,,
1444.40075,,,,,,,,,3.40798488610313,2.63804387321423,,,,,,,,,,
1444.80075,,,,,,,,,3.06838543521963,2.97764332409773,,,,,,,,,,
1445.20075,,,,,,,,,2.48148084639148,3.56454791292588,,,,,,,,,,
1445.60075,,,,,,,,,4.12968010255011,1.91634865676725,,,,,,,,,,
1446.000775,,,,,,,,,3.91490328062462,2.13112547869274,,,,,,,,,,
1446.400775,,,,,,,,,4.17109384434278,1.87493491497458,,,,,,,,,,
1446.800775,,,,,,,,,2.56294306629084,3.48308569302652,,,,,,,,,,
1447.200775,,,,,,,,,3.12017842587269,2.92585033344467,,,,,,,,,,
1447.600775,,,,,,,,,3.385237112655,2.66079164666236,,,,,,,,,,
1448.000775,,,,,,,,,3.32090727223562,2.72512148708173,,,,,,,,,,
1448.400775,,,,,,,,,3.35918329303022,2.68684546628714,,,,,,,,,,
1448.800775,,,,,,,,,3.46756988836366,2.5784588709537,,,,,,,,,,
1449.200775,,,,,,,,,3.07969260250863,2.96633615680873,,,,,,,,,,
1449.600775,,,,,,,,,3.4658626686126,2.58016609070476,,,,,,,,,,
1450.000775,,,,,,,,,2.72523895223476,3.3207898070826,,,,,,,,,,
1450.400775,,,,,,,,,1.32745580060631,4.71857295871105,,,,,,,,,,
1450.800775,,,,,,,,,2.52371820385433,3.52231055546303,,,,,,,,,,
1451.200775,,,,,,,,,1.89099348359529,4.15503527572207,,,,,,,,,,
1451.600775,,,,,,,,,2.35674777322902,3.68928098608834,,,,,,,,,,
1452.000775,,,,,,,,,1.86153133754688,4.18449742177048,,,,,,,,,,
1452.400775,,,,,,,,,2.305890370507,3.74013838881036,,,,,,,,,,
1452.800775,,,,,,,,,3.12248480500111,2.92354395431625,,,,,,,,,,
1453.200775,,,,,,,,,2.29231902397784,3.75370973533953,,,,,,,,,,
1453.600775,,,,,,,,,3.33854886960827,2.70747988970909,,,,,,,,,,
1454.000775,,,,,,,,,2.73512773911086,3.3109010202065,,,,,,,,,,
1454.400775,,,,,,,,,2.01420065165701,4.03182810766035,,,,,,,,,,
1454.800775,,,,,,,,,2.82431249213457,3.22171626718279,,,,,,,,,,
1455.200775,,,,,,,,,2.70118105715844,3.34484770215892,,,,,,,,,,
1455.600775,,,,,,,,,3.55375364284041,2.49227511647695,,,,,,,,,,
1456.000775,,,,,,,,,2.29017208910062,3.75585667021674,,,,,,,,,,
1456.400775,,,,,,,,,3.91568752612645,2.13034123319091,,,,,,,,,,
1456.800775,,,,,,,,,3.81711936922234,2.22890939009502,,,,,,,,,,
1457.200775,,,,,,,,,2.26105879460472,3.78496996471264,,,,,,,,,,
1457.600775,,,,,,,,,3.41625825376225,2.62977050555511,,,,,,,,,,
1458.000775,,,,,,,,,3.03437737963723,3.01165137968013,,,,,,,,,,
1458.400775,,,,,,,,,3.0945785874003,2.95145017191706,,,,,,,,,,
1458.800775,,,,,,,,,2.76368266502102,3.28234609429634,,,,,,,,,,
1459.200775,,,,,,,,,2.96542437125451,3.08060438806285,,,,,,,,,,
1459.600775,,,,,,,,,2.48020681101029,3.56582194830707,,,,,,,,,,
1460.000775,,,,,,,,,3.12554504079403,2.92048371852333,,,,,,,,,,
1460.400775,,,,,,,,,2.29511724293596,3.7509115163814,,,,,,,,,,
1460.800775,,,,,,,,,1.37292457401796,4.6731041852994,,,,,,,,,,
1461.200775,,,,,,,,,2.53361483548053,3.51241392383683,,,,,,,,,,
1461.600775,,,,,,,,,3.33552058250483,2.71050817681254,,,,,,,,,,
1462.000775,,,,,,,,,3.00074652134215,3.04528223797521,,,,,,,,,,
1462.400775,,,,,,,,,1.85524805882108,4.19078070049628,,,,,,,,,,
1462.800775,,,,,,,,,2.66859541770751,3.37743334160985,,,,,,,,,,
1463.200775,,,,,,,,,3.65138256700001,2.39464619231735,,,,,,,,,,
1463.600775,,,,,,,,,2.58751982928082,3.45850893003654,,,,,,,,,,
1464.000775,,,,,,,,,1.58307650958239,4.46295224973497,,,,,,,,,,
1464.400775,,,,,,,,,1.98154608837525,4.06448267094211,,,,,,,,,,
1464.800775,,,,,,,,,3.18472219028118,2.86130656903618,,,,,,,,,,
1465.200775,,,,,,,,,2.76340909119531,3.28261966812205,,,,,,,,,,
1465.600775,,,,,,,,,1.57764755482338,4.46838120449398,,,,,,,,,,
1466.000775,,,,,,,,,3.52010125046237,2.52592750885499,,,,,,,,,,
1466.400775,,,,,,,,,2.38375490667086,3.6622738526465,,,,,,,,,,
1466.800775,,,,,,,,,2.27490417982227,3.77112457949509,,,,,,,,,,
1467.200775,,,,,,,,,2.83145159517404,3.21457716414332,,,,,,,,,,
1467.600775,,,,,,,,,2.54558699272034,3.50044176659702,,,,,,,,,,
1468.000775,,,,,,,,,3.37393120423961,2.67209755507775,,,,,,,,,,
1468.400775,,,,,,,,,3.4247029714769,2.62132578784046,,,,,,,,,,
1468.800775,,,,,,,,,3.68280305868784,2.36322570062952,,,,,,,,,,
1469.200775,,,,,,,,,3.58415905868235,2.46186970063501,,,,,,,,,,
1469.600775,,,,,,,,,4.06303308005544,1.98299567926192,,,,,,,,,,
1470.000775,,,,,,,,,3.60072553754107,2.44530322177628,,,,,,,,,,
1470.400775,,,,,,,,,3.65287970523984,2.39314905407752,,,,,,,,,,
1470.800775,,,,,,,,,3.15895977634135,2.88706898297601,,,,,,,,,,
1471.200775,,,,,,,,,3.44530219859314,2.60072656072422,,,,,,,,,,
1471.600775,,,,,,,,,2.9138213402274,3.13220741908996,,,,,,,,,,
1472.000775,,,,,,,,,3.51138707957464,2.53464167974272,,,,,,,,,,
1472.400775,,,,,,,,,3.13644084282534,2.90958791649202,,,,,,,,,,
1472.800775,,,,,,,,,3.52441677096033,2.52161198835703,,,,,,,,,,
1473.200775,,,,,,,,,3.15301609444446,2.8930126648729,,,,,,,,,,
1473.600775,,,,,,,,,2.20218847509185,3.84384028422551,,,,,,,,,,
1474.000775,,,,,,,,,3.01436812647808,3.03166063283928,,,,,,,,,,
1474.400775,,,,,,,,,3.17682012765839,2.86920863165897,,,,,,,,,,
1474.800775,,,,,,,,,3.01687130654632,3.02915745277104,,,,,,,,,,
1475.200775,,,,,,,,,3.12122276501444,2.92480599430292,,,,,,,,,,
1475.600775,,,,,,,,,3.58545328859388,2.46057547072348,,,,,,,,,,
1476.000775,,,,,,,,,2.68479243536532,3.36123632395203,,,,,,,,,,
1476.400775,,,,,,,,,3.12907344917317,2.91695531014419,,,,,,,,,,
1476.800775,,,,,,,,,2.31865109351404,3.72737766580332,,,,,,,,,,
1477.200775,,,,,,,,,2.95592975812465,3.09009900119271,,,,,,,,,,
1477.600775,,,,,,,,,2.78240320279558,3.26362555652178,,,,,,,,,,
1478.000775,,,,,,,,,3.42143445457883,2.62459430473853,,,,,,,,,,
1478.400775,,,,,,,,,1.92393340062748,4.12209535868988,,,,,,,,,,
1478.800775,,,,,,,,,2.17576769259516,3.8702610667222,,,,,,,,,,
1479.200775,,,,,,,,,2.5156002371118,3.53042852220556,,,,,,,,,,
1479.600775,,,,,,,,,2.06063601988513,3.98539273943223,,,,,,,,,,
1480.000775,,,,,,,,,2.37220800548425,3.67382075383311,,,,,,,,,,
1480.400775,,,,,,,,,3.08411540203659,2.96191335728077,,,,,,,,,,
1480.800775,,,,,,,,,3.19066747413781,2.85536128517955,,,,,,,,,,
1481.200775,,,,,,,,,2.15641041039386,3.8896183489235,,,,,,,,,,
1481.600775,,,,,,,,,2.94784470834746,3.0981840509699,,,,,,,,,,
1482.000775,,,,,,,,,2.88243759831443,3.16359116100293,,,,,,,,,,
1482.400775,,,,,,,,,1.36221591168198,4.68381284763538,,,,,,,,,,
1482.800775,,,,,,,,,3.35384724399662,2.69218151532074,,,,,,,,,,
1483.200775,,,,,,,,,3.21254551179632,2.83348324752104,,,,,,,,,,
1483.600775,,,,,,,,,2.42159011405047,3.62443864526689,,,,,,,,,,
1484.000775,,,,,,,,,3.10173185949137,2.94429689982599,,,,,,,,,,
1484.400775,,,,,,,,,2.76191949202261,3.28410926729475,,,,,,,,,,
1484.800775,,,,,,,,,3.00607938314827,3.03994937616909,,,,,,,,,,
1485.200775,,,,,,,,,3.13572817560515,2.91030058371221,,,,,,,,,,
1485.600775,,,,,,,,,3.29868980819397,2.74733895112339,,,,,,,,,,
1486.000775,,,,,,,,,3.15694846598644,2.88908029333091,,,,,,,,,,
1486.400775,,,,,,,,,2.2405625117233,3.80546624759406,,,,,,,,,,
1486.800775,,,,,,,,,3.15515444485654,2.89087431446082,,,,,,,,,,
1487.200775,,,,,,,,,2.48462064894599,3.56140811037137,,,,,,,,,,
1487.600775,,,,,,,,,2.70095172762384,3.34507703169352,,,,,,,,,,
1488.000775,,,,,,,,,1.455011145071,4.59101761424636,,,,,,,,,,
1488.400775,,,,,,,,,1.8169897988989,4.22903896041846,,,,,,,,,,
1488.800775,,,,,,,,,2.91685640578454,3.12917235353282,,,,,,,,,,
1489.200775,,,,,,,,,3.12952924427003,2.91649951504733,,,,,,,,,,
1489.600775,,,,,,,,,3.25489849248376,2.7911302668336,,,,,,,,,,
1490.000775,,,,,,,,,2.97719552092693,3.06883323839044,,,,,,,,,,
1490.400775,,,,,,,,,3.60934446213252,2.43668429718484,,,,,,,,,,
1490.8008,,,,,,,,,3.02509217496971,3.02093658434765,,,,,,,,,,
1491.2008,,,,,,,,,3.14987320285089,2.89615555646647,,,,,,,,,,
1491.6008,,,,,,,,,3.28281119652413,2.76321756279323,,,,,,,,,,
1492.0008,,,,,,,,,3.73949807900181,2.30653068031555,,,,,,,,,,
1492.4008,,,,,,,,,3.72679182249624,2.31923693682112,,,,,,,,,,
1492.8008,,,,,,,,,2.60949076747298,3.43653799184438,,,,,,,,,,
1493.2008,,,,,,,,,3.25053837338369,2.79549038593367,,,,,,,,,,
1493.6008,,,,,,,,,2.67587293001738,3.37015582929998,,,,,,,,,,
1494.0008,,,,,,,,,3.4889635099951,2.55706524932226,,,,,,,,,,
1494.4008,,,,,,,,,3.2503464081249,2.79568235119246,,,,,,,,,,
1494.8008,,,,,,,,,2.34417404319651,3.70185471612085,,,,,,,,,,
1495.2008,,,,,,,,,3.09228553518168,2.95374322413568,,,,,,,,,,
1495.6008,,,,,,,,,1.24658731715823,4.79944144215913,,,,,,,,,,
1496.0008,,,,,,,,,2.62886314431412,3.41716561500324,,,,,,,,,,
1496.4008,,,,,,,,,1.92967873510438,4.11635002421298,,,,,,,,,,
1496.8008,,,,,,,,,3.54063174738249,2.50539701193487,,,,,,,,,,
1497.2008,,,,,,,,,3.5713335649911,2.47469519432626,,,,,,,,,,
1497.6008,,,,,,,,,3.16483350066335,2.88119525865401,,,,,,,,,,
1498.0008,,,,,,,,,2.40699531924318,3.63903344007418,,,,,,,,,,
1498.4008,,,,,,,,,3.51390450592254,2.53212425339482,,,,,,,,,,
1498.8008,,,,,,,,,3.48785334539953,2.55817541391783,,,,,,,,,,
1499.2008,,,,,,,,,3.39875292562474,2.64727583369262,,,,,,,,,,
1499.6008,,,,,,,,,3.79093545485432,2.25509330446304,,,,,,,,,,
1500.0008,,,,,,,,,3.34137574374296,2.7046530155744,,,,,,,,,,
1500.4008,,,,,,,,,3.68537213585319,2.36065662346417,,,,,,,,,,
1500.8008,,,,,,,,,2.77471275835002,3.27131600096734,,,,,,,,,,
1501.2008,,,,,,,,,3.0163542429467,3.02967451637065,,,,,,,,,,
1501.6008,,,,,,,,,4.21053867596437,1.83549008335299,,,,,,,,,,
1502.0008,,,,,,,,,3.45757367667242,2.58845508264494,,,,,,,,,,
1502.4008,,,,,,,,,3.10263844110374,2.94339031821362,,,,,,,,,,
1502.8008,,,,,,,,,3.87418984605188,2.17183891326548,,,,,,,,,,
1503.2008,,,,,,,,,3.10056752640504,2.94546123291232,,,,,,,,,,
1503.6008,,,,,,,,,1.84477351654501,4.20125524277235,,,,,,,,,,
1504.0008,,,,,,,,,3.46494028779311,2.58108847152425,,,,,,,,,,
1504.4008,,,,,,,,,2.5187966741522,3.52723208516516,,,,,,,,,,
1504.8008,,,,,,,,,3.03120880787629,3.01481995144107,,,,,,,,,,
1505.2008,,,,,,,,,2.69449637568426,3.3515323836331,,,,,,,,,,
1505.6008,,,,,,,,,3.1195236983138,2.92650506100356,,,,,,,,,,
1506.0008,,,,,,,,,3.12912514641911,2.91690361289825,,,,,,,,,,
1506.4008,,,,,,,,,3.23828227931064,2.80774648000672,,,,,,,,,,
1506.8008,,,,,,,,,2.28000556718424,3.76602319213312,,,,,,,,,,
1507.2008,,,,,,,,,3.22936765858559,2.81666110073177,,,,,,,,,,
1507.6008,,,,,,,,,2.98289816345756,3.0631305958598,,,,,,,,,,
1508.0008,,,,,,,,,2.62567888694157,3.42034987237579,,,,,,,,,,
1508.4008,,,,,,,,,3.53880632550319,2.50722243381417,,,,,,,,,,
1508.8008,,,,,,,,,3.19766570484041,2.84836305447695,,,,,,,,,,
1509.2008,,,,,,,,,2.58561329585907,3.46041546345829,,,,,,,,,,
1509.6008,,,,,,,,,3.15133884184683,2.89468991747052,,,,,,,,,,
1510.0008,,,,,,,,,3.30936888422954,2.73665987508782,,,,,,,,,,
1510.4008,,,,,,,,,2.94240712051622,3.10362163880114,,,,,,,,,,
1510.8008,,,,,,,,,3.24691346826619,2.79911529105117,,,,,,,,,,
1511.2008,,,,,,,,,1.87857218494985,4.16745657436751,,,,,,,,,,
1511.6008,,,,,,,,,2.9186464576242,3.12738230169316,,,,,,,,,,
1512.0008,,,,,,,,,2.33779950202649,3.70822925729087,,,,,,,,,,
1512.4008,,,,,,,,,3.00107659999943,3.04495215931793,,,,,,,,,,
1512.8008,,,,,,,,,2.71207858575759,3.33395017355977,,,,,,,,,,
1513.2008,,,,,,,,,2.41523740911065,3.63079135020671,,,,,,,,,,
1513.6008,,,,,,,,,3.52307261284227,2.52295614647509,,,,,,,,,,
1514.0008,,,,,,,,,2.28345692390374,3.76257183541362,,,,,,,,,,
1514.4008,,,,,,,,,4.30211762552933,1.74391113378803,,,,,,,,,,
1514.8008,,,,,,,,,4.14559258300479,1.90043617631257,,,,,,,,,,
1515.2008,,,,,,,,,3.29225424244158,2.75377451687578,,,,,,,,,,
1515.6008,,,,,,,,,3.68822976996608,2.35779898935128,,,,,,,,,,
1516.0008,,,,,,,,,3.74737178409718,2.29865697522018,,,,,,,,,,
1516.4008,,,,,,,,,3.77925195931332,2.26677680000404,,,,,,,,,,
1516.8008,,,,,,,,,3.87143813376065,2.17459062555671,,,,,,,,,,
1517.2008,,,,,,,,,3.29171903402179,2.75430972529557,,,,,,,,,,
1517.6008,,,,,,,,,3.82289358590961,2.22313517340775,,,,,,,,,,
1518.0008,,,,,,,,,3.6972489873025,2.34877977201486,,,,,,,,,,
1518.4008,,,,,,,,,3.45914633460337,2.58688242471399,,,,,,,,,,
1518.8008,,,,,,,,,2.97221278271931,3.07381597659805,,,,,,,,,,
1519.2008,,,,,,,,,3.62699403063931,2.41903472867805,,,,,,,,,,
1519.6008,,,,,,,,,2.84474283885015,3.20128592046721,,,,,,,,,,
1520.0008,,,,,,,,,3.52408006576055,2.52194869355681,,,,,,,,,,
1520.4008,,,,,,,,,4.2282007789718,1.81782798034556,,,,,,,,,,
1520.8008,,,,,,,,,3.59544789295233,2.45058086636503,,,,,,,,,,
1521.2008,,,,,,,,,2.89967097327343,3.14635778604393,,,,,,,,,,
1521.6008,,,,,,,,,3.81571348991654,2.23031526940082,,,,,,,,,,
1522.0008,,,,,,,,,3.42787111532898,2.61815764398838,,,,,,,,,,
1522.4008,,,,,,,,,3.46406993930668,2.58195882001068,,,,,,,,,,
1522.8008,,,,,,,,,3.62579933007603,2.42022942924133,,,,,,,,,,
1523.2008,,,,,,,,,3.09099580193876,2.9550329573786,,,,,,,,,,
1523.6008,,,,,,,,,3.51534436038594,2.53068439893142,,,,,,,,,,
1524.0008,,,,,,,,,3.56127022195038,2.48475853736698,,,,,,,,,,
1524.4008,,,,,,,,,1.93079220234455,4.11523655697281,,,,,,,,,,
1524.8008,,,,,,,,,3.83663096074924,2.20939779856812,,,,,,,,,,
1525.2008,,,,,,,,,3.68572011435501,2.36030864496235,,,,,,,,,,
1525.6008,,,,,,,,,3.38662167003157,2.65940708928579,,,,,,,,,,
1526.0008,,,,,,,,,3.66961305698162,2.37641570233574,,,,,,,,,,
1526.4008,,,,,,,,,2.94801523819161,3.09801352112575,,,,,,,,,,
1526.8008,,,,,,,,,3.4772100624064,2.56881869691096,,,,,,,,,,
1527.2008,,,,,,,,,3.00641377160883,3.03961498770853,,,,,,,,,,
1527.6008,,,,,,,,,1.54891489179384,4.49711386752352,,,,,,,,,,
1528.0008,,,,,,,,,3.40449662980194,2.64153212951542,,,,,,,,,,
1528.4008,,,,,,,,,3.16228624372276,2.8837425155946,,,,,,,,,,
1528.8008,,,,,,,,,3.15735182084568,2.88867693847168,,,,,,,,,,
1529.2008,,,,,,,,,3.10722996060708,2.93879879871028,,,,,,,,,,
1529.6008,,,,,,,,,2.60330032638788,3.44272843292948,,,,,,,,,,
1530.0008,,,,,,,,,3.31149383964879,2.73453491966857,,,,,,,,,,
1530.4008,,,,,,,,,2.51840040841243,3.52762835090493,,,,,,,,,,
1530.8008,,,,,,,,,2.98550630401107,3.0605224553063,,,,,,,,,,
1531.2008,,,,,,,,,1.40182255190253,4.64420620741483,,,,,,,,,,
1531.6008,,,,,,,,,1.81922897742405,4.22679978189331,,,,,,,,,,
1532.0008,,,,,,,,,1.9772484443782,4.06878031493916,,,,,,,,,,
1532.4008,,,,,,,,,2.8176811958892,3.22834756342816,,,,,,,,,,
1532.8008,,,,,,,,,1.63250971796115,4.41351904135621,,,,,,,,,,
1533.2008,,,,,,,,,1.43917139778306,4.6068573615343,,,,,,,,,,
1533.6008,,,,,,,,,2.30954024939334,3.73648850992402,,,,,,,,,,
1534.0008,,,,,,,,,2.78037474063894,3.26565401867842,,,,,,,,,,
1534.4008,,,,,,,,,2.86832502254879,3.17770373676857,,,,,,,,,,
1534.8008,,,,,,,,,2.95811307322778,3.08791568608958,,,,,,,,,,
1535.2008,,,,,,,,,2.96251346284979,3.08351529646757,,,,,,,,,,
1535.6008,,,,,,,,,3.42400502552583,2.62202373379153,,,,,,,,,,
1536.0008,,,,,,,,,2.17455712312085,3.87147163619651,,,,,,,,,,
1536.4008,,,,,,,,,3.22554537759154,2.82048338172582,,,,,,,,,,
1536.8008,,,,,,,,,3.46577970803746,2.5802490512799,,,,,,,,,,
1537.2008,,,,,,,,,3.26672569411306,2.7793030652043,,,,,,,,,,
1537.6008,,,,,,,,,2.82526756226817,3.22076119704919,,,,,,,,,,
1538.0008,,,,,,,,,3.07362895552446,2.9723998037929,,,,,,,,,,
1538.400825,,,,,,,,,2.9281674649058,3.11786129441156,,,,,,,,,,
1538.800825,,,,,,,,,2.24344347752667,3.80258528179069,,,,,,,,,,
1539.200825,,,,,,,,,2.1679597793071,3.87806898001026,,,,,,,,,,
1539.600825,,,,,,,,,3.0393972207865,3.00663153853086,,,,,,,,,,
1540.000825,,,,,,,,,3.56810145596966,2.4779273033477,,,,,,,,,,
1540.400825,,,,,,,,,3.54327470879634,2.50275405052101,,,,,,,,,,
1540.800825,,,,,,,,,1.99835610462702,4.04767265469034,,,,,,,,,,
1541.200825,,,,,,,,,3.67148393444795,2.37454482486941,,,,,,,,,,
1541.600825,,,,,,,,,2.96166094606793,3.08436781324943,,,,,,,,,,
1542.000825,,,,,,,,,3.33401164939527,2.71201710992209,,,,,,,,,,
1542.400825,,,,,,,,,3.57793381897315,2.46809494034421,,,,,,,,,,
1542.800825,,,,,,,,,1.95772922483901,4.08829953447835,,,,,,,,,,
1543.200825,,,,,,,,,2.5893344518645,3.45669430745286,,,,,,,,,,
1543.600825,,,,,,,,,1.94623037324262,4.09979838607474,,,,,,,,,,
1544.000825,,,,,,,,,3.57792648186925,2.46810227744811,,,,,,,,,,
1544.400825,,,,,,,,,1.93383637326707,4.11219238605029,,,,,,,,,,
1544.800825,,,,,,,,,2.65505286220315,3.39097589711421,,,,,,,,,,
1545.200825,,,,,,,,,3.1249847282882,2.92104403102916,,,,,,,,,,
1545.600825,,,,,,,,,3.66640175801742,2.37962700129994,,,,,,,,,,
1546.000825,,,,,,,,,3.31383071967007,2.73219803964729,,,,,,,,,,
1546.400825,,,,,,,,,3.07627227460106,2.9697564847163,,,,,,,,,,
1546.800825,,,,,,,,,2.80147152851096,3.2445572308064,,,,,,,,,,
1547.200825,,,,,,,,,3.27471671632058,2.77131204299678,,,,,,,,,,
1547.600825,,,,,,,,,2.79556989175514,3.25045886756222,,,,,,,,,,
1548.000825,,,,,,,,,3.49188540410389,2.55414335521347,,,,,,,,,,
1548.400825,,,,,,,,,2.94340314913928,3.10262561017808,,,,,,,,,,
1548.800825,,,,,,,,,3.73162057331036,2.314408186007,,,,,,,,,,
1549.200825,,,,,,,,,3.80245686454974,2.24357189476762,,,,,,,,,,
1549.600825,,,,,,,,,3.22819574393369,2.81783301538367,,,,,,,,,,
1550.000825,,,,,,,,,3.84309388644862,2.20293487286874,,,,,,,,,,
1550.400825,,,,,,,,,2.26534356976492,3.78068518955244,,,,,,,,,,
1550.800825,,,,,,,,,3.39105148804121,2.65497727127615,,,,,,,,,,
1551.200825,,,,,,,,,2.46728208187598,3.57874667744138,,,,,,,,,,
1551.600825,,,,,,,,,3.7069426288693,2.33908613044806,,,,,,,,,,
1552.000825,,,,,,,,,2.81822501692555,3.22780374239181,,,,,,,,,,
1552.400825,,,,,,,,,3.34728857779088,2.69874018152648,,,,,,,,,,
1552.800825,,,,,,,,,3.69900004130366,2.3470287180137,,,,,,,,,,
1553.200825,,,,,,,,,2.78258820832294,3.26344055099442,,,,,,,,,,
1553.600825,,,,,,,,,4.13767318923378,1.90835557008358,,,,,,,,,,
1554.000825,,,,,,,,,2.7316063785766,3.31442238074076,,,,,,,,,,
1554.400825,,,,,,,,,3.20268598518485,2.84334277413251,,,,,,,,,,
1554.800825,,,,,,,,,2.02735521190339,4.01867354741396,,,,,,,,,,
1555.200825,,,,,,,,,2.84952052473995,3.19650823457741,,,,,,,,,,
1555.600825,,,,,,,,,4.05964743459047,1.98638132472689,,,,,,,,,,
1556.000825,,,,,,,,,3.47755734718286,2.5684714121345,,,,,,,,,,
1556.400825,,,,,,,,,2.74063050616606,3.3053982531513,,,,,,,,,,
1556.800825,,,,,,,,,2.35465037416435,3.69137838515301,,,,,,,,,,
1557.200825,,,,,,,,,1.58976309441708,4.45626566490028,,,,,,,,,,
1557.600825,,,,,,,,,2.66870560996739,3.37732314934997,,,,,,,,,,
1558.000825,,,,,,,,,1.12450371719033,4.92152504212703,,,,,,,,,,
1558.400825,,,,,,,,,2.15065077293611,3.89537798638125,,,,,,,,,,
1558.800825,,,,,,,,,1.86952077926113,4.17650798005623,,,,,,,,,,
1559.200825,,,,,,,,,2.72191227784044,3.32411648147692,,,,,,,,,,
1559.600825,,,,,,,,,1.73410529843583,4.31192346088153,,,,,,,,,,
1560.000825,,,,,,,,,2.10841888362054,3.93760987569682,,,,,,,,,,
1560.400825,,,,,,,,,3.54113149545797,2.50489726385939,,,,,,,,,,
1560.800825,,,,,,,,,2.78886539305507,3.25716336626229,,,,,,,,,,
1561.200825,,,,,,,,,3.00859884234395,3.03742991697341,,,,,,,,,,
1561.600825,,,,,,,,,2.5616014249419,3.48442733437546,,,,,,,,,,
1562.000825,,,,,,,,,2.35555598595847,3.69047277335889,,,,,,,,,,
1562.400825,,,,,,,,,2.8379931856856,3.20803557363176,,,,,,,,,,
1562.800825,,,,,,,,,3.02051644930564,3.02551231001172,,,,,,,,,,
1563.200825,,,,,,,,,1.57586608702146,4.4701626722959,,,,,,,,,,
1563.600825,,,,,,,,,2.74035666285075,3.30567209646661,,,,,,,,,,
1564.000825,,,,,,,,,3.72046188659379,2.32556687272357,,,,,,,,,,
1564.400825,,,,,,,,,3.09036417220286,2.9556645871145,,,,,,,,,,
1564.800825,,,,,,,,,2.37306824815112,3.67296051116624,,,,,,,,,,
1565.200825,,,,,,,,,2.44471557774299,3.60131318157437,,,,,,,,,,
1565.600825,,,,,,,,,3.30652671258273,2.73950204673463,,,,,,,,,,
1566.000825,,,,,,,,,2.3631953371563,3.68283342216106,,,,,,,,,,
1566.400825,,,,,,,,,2.7410896813055,3.30493907801186,,,,,,,,,,
1566.800825,,,,,,,,,2.9440063874563,3.10202237186106,,,,,,,,,,
1567.200825,,,,,,,,,3.04496703334854,3.00106172596882,,,,,,,,,,
1567.600825,,,,,,,,,3.38844148442181,2.65758727489555,,,,,,,,,,
1568.000825,,,,,,,,,2.22601972223907,3.82000903707829,,,,,,,,,,
1568.400825,,,,,,,,,3.55101273131507,2.49501602800229,,,,,,,,,,
1568.800825,,,,,,,,,2.02043905611716,4.0255897032002,,,,,,,,,,
1569.200825,,,,,,,,,3.3576956458943,2.68833311342306,,,,,,,,,,
1569.600825,,,,,,,,,2.06524493634259,3.98078382297477,,,,,,,,,,
1570.000825,,,,,,,,,3.44716604507121,2.59886271424615,,,,,,,,,,
1570.400825,,,,,,,,,2.20848594557107,3.83754281374629,,,,,,,,,,
1570.800825,,,,,,,,,3.47164441094306,2.5743843483743,,,,,,,,,,
1571.200825,,,,,,,,,2.63022107862081,3.41580768069655,,,,,,,,,,
1571.600825,,,,,,,,,2.66245898167134,3.38356977764602,,,,,,,,,,
1572.000825,,,,,,,,,3.13819134266537,2.90783741665199,,,,,,,,,,
1572.400825,,,,,,,,,2.18181621551755,3.86421254379981,,,,,,,,,,
1572.800825,,,,,,,,,3.39702038600886,2.6490083733085,,,,,,,,,,
1573.200825,,,,,,,,,2.05157844216903,3.99445031714832,,,,,,,,,,
1573.600825,,,,,,,,,2.34201956408127,3.70400919523609,,,,,,,,,,
1574.000825,,,,,,,,,3.09409873948152,2.95193001983584,,,,,,,,,,
1574.400825,,,,,,,,,3.1941270077395,2.85190175157786,,,,,,,,,,
1574.800825,,,,,,,,,3.43205853051905,2.61397022879831,,,,,,,,,,
1575.200825,,,,,,,,,3.14988469681253,2.89614406250483,,,,,,,,,,
1575.600825,,,,,,,,,2.97144590914162,3.07458285017574,,,,,,,,,,
1576.000825,,,,,,,,,3.80037462069346,2.2456541386239,,,,,,,,,,
1576.400825,,,,,,,,,2.11306698143501,3.93296177788235,,,,,,,,,,
1576.800825,,,,,,,,,2.8368239189213,3.20920484039606,,,,,,,,,,
1577.200825,,,,,,,,,2.68779120875386,3.3582375505635,,,,,,,,,,
1577.600825,,,,,,,,,3.16988183069497,2.87614692862239,,,,,,,,,,
1578.000825,,,,,,,,,3.91829420283999,2.12773455647737,,,,,,,,,,
1578.400825,,,,,,,,,3.2920853986043,2.75394336071306,,,,,,,,,,
1578.800825,,,,,,,,,2.7637491506531,3.28227960866426,,,,,,,,,,
1579.200825,,,,,,,,,1.57543377195683,4.47059498736053,,,,,,,,,,
1579.600825,,,,,,,,,2.6093859172037,3.43664284211366,,,,,,,,,,
1580.000825,,,,,,,,,2.57044518702498,3.47558357229238,,,,,,,,,,
1580.400825,,,,,,,,,3.35906827491935,2.68696048439801,,,,,,,,,,
1580.800825,,,,,,,,,3.57528558721876,2.4707431720986,,,,,,,,,,
1581.200825,,,,,,,,,3.76357461358829,2.28245414572907,,,,,,,,,,
1581.600825,,,,,,,,,3.23444116220357,2.81158759711379,,,,,,,,,,
1582.000825,,,,,,,,,3.0108874651867,3.03514129413066,,,,,,,,,,
1582.400825,,,,,,,,,3.66624323219586,2.3797855271215,,,,,,,,,,
1582.800825,,,,,,,,,2.88545489974178,3.16057385957558,,,,,,,,,,
1583.200825,,,,,,,,,2.98406136427289,3.06196739504447,,,,,,,,,,
1583.600825,,,,,,,,,1.71373544700065,4.33229331231671,,,,,,,,,,
1584.000825,,,,,,,,,3.00487610506554,3.04115265425182,,,,,,,,,,
1584.400825,,,,,,,,,3.17076930600267,2.87525945331469,,,,,,,,,,
1584.800825,,,,,,,,,2.4706808685265,3.57534789079086,,,,,,,,,,
1585.200825,,,,,,,,,2.59767479030997,3.44835396900739,,,,,,,,,,
1585.600825,,,,,,,,,2.12578545298646,3.92024330633091,,,,,,,,,,
1586.000825,,,,,,,,,2.33956613657007,3.70646262274729,,,,,,,,,,
1586.400825,,,,,,,,,2.41699016623127,3.62903859308609,,,,,,,,,,
1586.800825,,,,,,,,,1.70139604978387,4.34463270953349,,,,,,,,,,
1587.20085,,,,,,,,,2.07866996609839,3.96735879321897,,,,,,,,,,
1587.60085,,,,,,,,,2.36543800306833,3.68059075624903,,,,,,,,,,
1588.00085,,,,,,,,,3.51635452342593,2.52967423589143,,,,,,,,,,
1588.40085,,,,,,,,,3.10411824911838,2.94191051019898,,,,,,,,,,
1588.80085,,,,,,,,,3.36902282120755,2.67700593810981,,,,,,,,,,
1589.20085,,,,,,,,,2.03909696975303,4.00693178956433,,,,,,,,,,
1589.60085,,,,,,,,,2.53574430109077,3.51028445822659,,,,,,,,,,
1590.00085,,,,,,,,,2.39094864175391,3.65508011756345,,,,,,,,,,
1590.40085,,,,,,,,,3.01034653836853,3.03568222094883,,,,,,,,,,
1590.80085,,,,,,,,,2.67931348722149,3.36671527209587,,,,,,,,,,
1591.20085,,,,,,,,,2.92622584852614,3.11980291079122,,,,,,,,,,
1591.60085,,,,,,,,,3.17932244585672,2.86670631346064,,,,,,,,,,
1592.00085,,,,,,,,,2.95429390774135,3.09173485157601,,,,,,,,,,
1592.40085,,,,,,,,,2.13918414460562,3.90684461471174,,,,,,,,,,
1592.80085,,,,,,,,,3.12920644450407,2.91682231481329,,,,,,,,,,
1593.20085,,,,,,,,,2.94209724246301,3.10393151685435,,,,,,,,,,
1593.60085,,,,,,,,,3.7638449303693,2.28218382894806,,,,,,,,,,
1594.00085,,,,,,,,,2.72255882215594,3.32346993716142,,,,,,,,,,
1594.40085,,,,,,,,,3.29094679895338,2.75508196036398,,,,,,,,,,
1594.80085,,,,,,,,,1.7565912224994,4.28943753681796,,,,,,,,,,
1595.20085,,,,,,,,,3.31147091388605,2.73455784543131,,,,,,,,,,
1595.60085,,,,,,,,,3.58197750991193,2.46405124940543,,,,,,,,,,
1596.00085,,,,,,,,,2.82559780757666,3.2204309517407,,,,,,,,,,
1596.40085,,,,,,,,,2.64269822195883,3.40333053735852,,,,,,,,,,
1596.80085,,,,,,,,,3.53983436888479,2.50619439043257,,,,,,,,,,
1597.20085,,,,,,,,,2.74950292266525,3.29652583665211,,,,,,,,,,
1597.60085,,,,,,,,,3.25480283546566,2.7912259238517,,,,,,,,,,
1598.00085,,,,,,,,,2.72986580470106,3.3161629546163,,,,,,,,,,
1598.40085,,,,,,,,,2.56929906620122,3.47672969311614,,,,,,,,,,
1598.80085,,,,,,,,,1.76098507464626,4.2850436846711,,,,,,,,,,
1599.20085,,,,,,,,,2.91488974854774,3.13113901076962,,,,,,,,,,
1599.60085,,,,,,,,,3.67669869697383,2.36933006234353,,,,,,,,,,
1600.00085,,,,,,,,,3.2110644756352,2.83496428368216,,,,,,,,,,
1600.40085,,,,,,,,,2.90975481020523,3.13627394911213,,,,,,,,,,
1600.80085,,,,,,,,,4.05207273440788,1.99395602490948,,,,,,,,,,
1601.20085,,,,,,,,,3.40412234229139,2.64190641702597,,,,,,,,,,
1601.60085,,,,,,,,,1.86001684704051,4.18601191227685,,,,,,,,,,
1602.00085,,,,,,,,,3.13108414711132,2.91494461220604,,,,,,,,,,
1602.40085,,,,,,,,,2.53968704562351,3.50634171369385,,,,,,,,,,
1602.80085,,,,,,,,,3.52126132938976,2.5247674299276,,,,,,,,,,
1603.20085,,,,,,,,,3.27818277273373,2.76784598658363,,,,,,,,,,
1603.60085,,,,,,,,,3.71321344890048,2.33281531041688,,,,,,,,,,
1604.00085,,,,,,,,,2.69956351323675,3.34646524608061,,,,,,,,,,
1604.40085,,,,,,,,,3.16754217043034,2.87848658888702,,,,,,,,,,
1604.80085,,,,,,,,,3.23475968438082,2.81126907493654,,,,,,,,,,
1605.20085,,,,,,,,,3.72909955889741,2.31692920041995,,,,,,,,,,
1605.60085,,,,,,,,,3.21499766065691,2.83103109866045,,,,,,,,,,
1606.00085,,,,,,,,,3.42881969765295,2.61720906166441,,,,,,,,,,
1606.40085,,,,,,,,,3.13506144717318,2.91096731214418,,,,,,,,,,
1606.80085,,,,,,,,,3.52291031626218,2.52311844305518,,,,,,,,,,
1607.20085,,,,,,,,,2.68243686286398,3.36359189645338,,,,,,,,,,
1607.60085,,,,,,,,,2.54345512675942,3.50257363255794,,,,,,,,,,
1608.00085,,,,,,,,,1.83263942081989,4.21338933849747,,,,,,,,,,
1608.40085,,,,,,,,,3.29723505829431,2.74879370102305,,,,,,,,,,
1608.80085,,,,,,,,,2.91769222160419,3.12833653771317,,,,,,,,,,
1609.20085,,,,,,,,,3.26595664322707,2.78007211609029,,,,,,,,,,
1609.60085,,,,,,,,,0.51892400039271,5.52710475892465,,,,,,,,,,
1610.00085,,,,,,,,,2.17820864308914,3.86782011622822,,,,,,,,,,
1610.40085,,,,,,,,,2.72903091845348,3.31699784086388,,,,,,,,,,
1610.80085,,,,,,,,,1.9894169801935,4.05661177912386,,,,,,,,,,
1611.20085,,,,,,,,,3.26145024916905,2.78457851014831,,,,,,,,,,
1611.60085,,,,,,,,,1.93204991943159,4.11397883988577,,,,,,,,,,
1612.00085,,,,,,,,,3.552614047734,2.49341471158336,,,,,,,,,,
1612.40085,,,,,,,,,2.76659275464967,3.27943600466769,,,,,,,,,,
1612.80085,,,,,,,,,3.78711243594253,2.25891632337483,,,,,,,,,,
1613.20085,,,,,,,,,3.26852186447739,2.77750689483997,,,,,,,,,,
1613.60085,,,,,,,,,2.63301817051484,3.41301058880252,,,,,,,,,,
1614.00085,,,,,,,,,2.98709562556395,3.05893313375341,,,,,,,,,,
1614.40085,,,,,,,,,2.08688344487026,3.9591453144471,,,,,,,,,,
1614.80085,,,,,,,,,3.1754215229677,2.87060723634966,,,,,,,,,,
1615.20085,,,,,,,,,3.45110554801224,2.59492321130512,,,,,,,,,,
1615.60085,,,,,,,,,3.48924450260557,2.55678425671179,,,,,,,,,,
1616.00085,,,,,,,,,3.65956253674532,2.38646622257204,,,,,,,,,,
1616.40085,,,,,,,,,3.54571150500399,2.50031725431337,,,,,,,,,,
1616.80085,,,,,,,,,2.67466261452189,3.37136614479547,,,,,,,,,,
1617.20085,,,,,,,,,3.35220345681806,2.6938253024993,,,,,,,,,,
1617.60085,,,,,,,,,2.95049386452842,3.09553489478894,,,,,,,,,,
1618.00085,,,,,,,,,2.96681460263011,3.07921415668725,,,,,,,,,,
1618.40085,,,,,,,,,2.80676111136569,3.23926764795167,,,,,,,,,,
1618.80085,,,,,,,,,2.30554861695762,3.74048014235974,,,,,,,,,,
1619.20085,,,,,,,,,3.35830270104485,2.68772605827251,,,,,,,,,,
1619.60085,,,,,,,,,2.17339443032702,3.87263432899034,,,,,,,,,,
1620.00085,,,,,,,,,3.16379756372197,2.88223119559539,,,,,,,,,,
1620.40085,,,,,,,,,3.20418841550853,2.84184034380883,,,,,,,,,,
1620.80085,,,,,,,,,3.31396776355777,2.73206099575959,,,,,,,,,,
1621.20085,,,,,,,,,3.95135173965121,2.09467701966615,,,,,,,,,,
1621.60085,,,,,,,,,3.33357877149307,2.71244998782429,,,,,,,,,,
1622.00085,,,,,,,,,2.58793568330885,3.45809307600851,,,,,,,,,,
1622.40085,,,,,,,,,1.72024567324942,4.32578308606794,,,,,,,,,,
1622.80085,,,,,,,,,3.67707179592576,2.3689569633916,,,,,,,,,,
1623.20085,,,,,,,,,3.35165436957611,2.69437438974125,,,,,,,,,,
1623.60085,,,,,,,,,2.96060066729689,3.08542809202047,,,,,,,,,,
1624.00085,,,,,,,,,3.1536961756249,2.89233258369246,,,,,,,,,,
1624.40085,,,,,,,,,4.01652516210828,2.02950359720908,,,,,,,,,,
1624.80085,,,,,,,,,2.20100075745347,3.84502800186389,,,,,,,,,,
1625.20085,,,,,,,,,2.49861565170973,3.54741310760763,,,,,,,,,,
1625.60085,,,,,,,,,1.98967467586983,4.05635408344753,,,,,,,,,,
1626.00085,,,,,,,,,3.24466078130541,2.80136797801195,,,,,,,,,,
1626.40085,,,,,,,,,2.78504345445443,3.26098530486293,,,,,,,,,,
1626.80085,,,,,,,,,3.23905987555704,2.80696888376032,,,,,,,,,,
1627.20085,,,,,,,,,2.88604584837426,3.1599829109431,,,,,,,,,,
1627.60085,,,,,,,,,2.84410286987642,3.20192588944094,,,,,,,,,,
1628.00085,,,,,,,,,2.80738953563948,3.23863922367788,,,,,,,,,,
1628.40085,,,,,,,,,3.75352097566218,2.29250778365518,,,,,,,,,,
1628.80085,,,,,,,,,3.51527773655278,2.53075102276458,,,,,,,,,,
1629.20085,,,,,,,,,2.95097041452053,3.09505834479683,,,,,,,,,,
1629.60085,,,,,,,,,3.26621408155034,2.77981467776702,,,,,,,,,,
1630.00085,,,,,,,,,2.8695542576148,3.17647450170256,,,,,,,,,,
1630.40085,,,,,,,,,3.30210923349979,2.74391952581757,,,,,,,,,,
1630.80085,,,,,,,,,2.79637618152745,3.24965257778991,,,,,,,,,,
1631.20085,,,,,,,,,2.33050497954658,3.71552377977078,,,,,,,,,,
1631.60085,,,,,,,,,3.701479399405,2.34454935991236,,,,,,,,,,
1632.00085,,,,,,,,,3.16995178604335,2.87607697327402,,,,,,,,,,
1632.40085,,,,,,,,,2.80844479726279,3.23758396205457,,,,,,,,,,
1632.80085,,,,,,,,,2.83283980058059,3.21318895873677,,,,,,,,,,
1633.20085,,,,,,,,,2.68514277539154,3.36088598392582,,,,,,,,,,
1633.60085,,,,,,,,,3.71625261553285,2.32977614378451,,,,,,,,,,
1634.00085,,,,,,,,,2.76686674710622,3.27916201221114,,,,,,,,,,
1634.40085,,,,,,,,,3.10153530566412,2.94449345365324,,,,,,,,,,
1634.80085,,,,,,,,,2.34247397112758,3.70355478818978,,,,,,,,,,
1635.20085,,,,,,,,,3.69505218716409,2.35097657215327,,,,,,,,,,
1635.600875,,,,,,,,,2.16596278312916,3.8800659761882,,,,,,,,,,
1636.000875,,,,,,,,,2.26575635160505,3.78027240771231,,,,,,,,,,
1636.400875,,,,,,,,,2.6466462463107,3.39938251300666,,,,,,,,,,
1636.800875,,,,,,,,,3.37919100320145,2.66683775611591,,,,,,,,,,
1637.200875,,,,,,,,,3.20433601833691,2.84169274098045,,,,,,,,,,
1637.600875,,,,,,,,,3.3890820112863,2.65694674803106,,,,,,,,,,
1638.000875,,,,,,,,,2.30117408711789,3.74485467219947,,,,,,,,,,
1638.400875,,,,,,,,,2.23548453923684,3.81054422008052,,,,,,,,,,
1638.800875,,,,,,,,,2.38568445499211,3.66034430432525,,,,,,,,,,
1639.200875,,,,,,,,,2.04529485581787,4.00073390349949,,,,,,,,,,
1639.600875,,,,,,,,,2.98231079724311,3.06371796207425,,,,,,,,,,
1640.000875,,,,,,,,,1.86994971124107,4.17607904807629,,,,,,,,,,
1640.400875,,,,,,,,,2.65410827440556,3.3919204849118,,,,,,,,,,
1640.800875,,,,,,,,,3.27794224920958,2.76808651010778,,,,,,,,,,
1641.200875,,,,,,,,,2.20945221741102,3.83657654190634,,,,,,,,,,
1641.600875,,,,,,,,,1.69940379248377,4.34662496683359,,,,,,,,,,
1642.000875,,,,,,,,,3.38873455186205,2.65729420745531,,,,,,,,,,
1642.400875,,,,,,,,,1.64811895120336,4.397909808114,,,,,,,,,,
1642.800875,,,,,,,,,3.57158090784352,2.47444785147384,,,,,,,,,,
1643.200875,,,,,,,,,3.66201511638925,2.38401364292811,,,,,,,,,,
1643.600875,,,,,,,,,2.65212669092711,3.39390206839025,,,,,,,,,,
1644.000875,,,,,,,,,3.19977567017174,2.84625308914562,,,,,,,,,,
1644.400875,,,,,,,,,3.38208729086596,2.6639414684514,,,,,,,,,,
1644.800875,,,,,,,,,2.96624185909773,3.07978690021963,,,,,,,,,,
1645.200875,,,,,,,,,2.92279661891815,3.12323214039921,,,,,,,,,,
1645.600875,,,,,,,,,3.07728966702697,2.96873909229039,,,,,,,,,,
1646.000875,,,,,,,,,2.59985283770584,3.44617592161152,,,,,,,,,,
1646.400875,,,,,,,,,3.0743305098469,2.97169824947046,,,,,,,,,,
1646.800875,,,,,,,,,3.11052323474456,2.9355055245728,,,,,,,,,,
1647.200875,,,,,,,,,3.19109985957364,2.85492889974372,,,,,,,,,,
1647.600875,,,,,,,,,2.42943732563359,3.61659143368377,,,,,,,,,,
1648.000875,,,,,,,,,3.41851037933533,2.62751837998203,,,,,,,,,,
1648.400875,,,,,,,,,2.77736125552412,3.26866750379324,,,,,,,,,,
1648.800875,,,,,,,,,2.81527901928673,3.23074974003063,,,,,,,,,,
1649.200875,,,,,,,,,3.72461607133419,2.32141268798317,,,,,,,,,,
1649.600875,,,,,,,,,3.63202402822235,2.41400473109501,,,,,,,,,,
1650.000875,,,,,,,,,3.45315691214183,2.59287184717553,,,,,,,,,,
1650.400875,,,,,,,,,3.74125678871431,2.30477197060304,,,,,,,,,,
1650.800875,,,,,,,,,4.0295361035835,2.01649265573386,,,,,,,,,,
1651.200875,,,,,,,,,2.43909549934176,3.6069332599756,,,,,,,,,,
1651.600875,,,,,,,,,2.90787783805581,3.13815092126155,,,,,,,,,,
1652.000875,,,,,,,,,3.27542389737163,2.77060486194573,,,,,,,,,,
1652.400875,,,,,,,,,3.06622697529795,2.97980178401941,,,,,,,,,,
1652.800875,,,,,,,,,3.79289508732133,2.25313367199603,,,,,,,,,,
1653.200875,,,,,,,,,2.9669101812384,3.07911857807896,,,,,,,,,,
1653.600875,,,,,,,,,3.19832071803914,2.84770804127822,,,,,,,,,,
1654.000875,,,,,,,,,3.37635302416016,2.6696757351572,,,,,,,,,,
1654.400875,,,,,,,,,3.3382316410896,2.70779711822776,,,,,,,,,,
1654.800875,,,,,,,,,2.67331344287574,3.37271531644162,,,,,,,,,,
1655.200875,,,,,,,,,2.85647497428409,3.18955378503327,,,,,,,,,,
1655.600875,,,,,,,,,2.91547141966673,3.13055733965063,,,,,,,,,,
1656.000875,,,,,,,,,3.07502406545763,2.97100469385972,,,,,,,,,,
1656.400875,,,,,,,,,2.40208053090553,3.64394822841183,,,,,,,,,,
1656.800875,,,,,,,,,3.56024294396757,2.48578581534979,,,,,,,,,,
1657.200875,,,,,,,,,2.96835028086358,3.07767847845377,,,,,,,,,,
1657.600875,,,,,,,,,3.98134027629103,2.06468848302633,,,,,,,,,,
1658.000875,,,,,,,,,2.27020439492313,3.77582436439423,,,,,,,,,,
1658.400875,,,,,,,,,2.92690736198591,3.11912139733145,,,,,,,,,,
1658.800875,,,,,,,,,3.20514806451626,2.8408806948011,,,,,,,,,,
1659.200875,,,,,,,,,2.48078775478841,3.56524100452895,,,,,,,,,,
1659.600875,,,,,,,,,3.07580602375715,2.97022273556021,,,,,,,,,,
1660.000875,,,,,,,,,2.41491811514517,3.63111064417219,,,,,,,,,,
1660.400875,,,,,,,,,2.58271369930568,3.46331506001168,,,,,,,,,,
1660.800875,,,,,,,,,2.52099511696667,3.52503364235069,,,,,,,,,,
1661.200875,,,,,,,,,2.80560732221857,3.24042143709879,,,,,,,,,,
1661.600875,,,,,,,,,2.84713083226875,3.19889792704861,,,,,,,,,,
1662.000875,,,,,,,,,2.01072366664166,4.0353050926757,,,,,,,,,,
1662.400875,,,,,,,,,1.64661332358699,4.39941543573037,,,,,,,,,,
1662.800875,,,,,,,,,1.95621305916554,4.08981570015182,,,,,,,,,,
1663.200875,,,,,,,,,3.41143922794784,2.63458953136952,,,,,,,,,,
1663.600875,,,,,,,,,2.10255747828192,3.94347128103544,,,,,,,,,,
1664.000875,,,,,,,,,2.54676925316792,3.49925950614944,,,,,,,,,,
1664.400875,,,,,,,,,2.15788289020999,3.88814586910737,,,,,,,,,,
1664.800875,,,,,,,,,2.1503353222888,3.89569343702856,,,,,,,,,,
1665.200875,,,,,,,,,1.95366229772809,4.09236646158927,,,,,,,,,,
1665.600875,,,,,,,,,2.55138827296173,3.49464048635563,,,,,,,,,,
1666.000875,,,,,,,,,2.0929606110814,3.95306814823596,,,,,,,,,,
1666.400875,,,,,,,,,2.24035012049668,3.80567863882068,,,,,,,,,,
1666.800875,,,,,,,,,2.75042909462901,3.29559966468835,,,,,,,,,,
1667.200875,,,,,,,,,1.81833216872595,4.22769659059141,,,,,,,,,,
1667.600875,,,,,,,,,3.54752886455833,2.49849989475903,,,,,,,,,,
1668.000875,,,,,,,,,3.10495120276338,2.94107755655398,,,,,,,,,,
1668.400875,,,,,,,,,2.70723528032892,3.33879347898844,,,,,,,,,,
1668.800875,,,,,,,,,2.66136265968251,3.38466609963485,,,,,,,,,,
1669.200875,,,,,,,,,2.39490208155936,3.651126677758,,,,,,,,,,
1669.600875,,,,,,,,,3.2166882756098,2.82934048370756,,,,,,,,,,
1670.000875,,,,,,,,,3.51119115113251,2.53483760818485,,,,,,,,,,
1670.400875,,,,,,,,,1.94089084404908,4.10513791526828,,,,,,,,,,
1670.800875,,,,,,,,,1.55477443447865,4.49125432483871,,,,,,,,,,
1671.200875,,,,,,,,,2.55820949422748,3.48781926508988,,,,,,,,,,
1671.600875,,,,,,,,,3.00934464919947,3.03668411011789,,,,,,,,,,
1672.000875,,,,,,,,,2.83859299781547,3.20743576150189,,,,,,,,,,
1672.400875,,,,,,,,,1.78852268524289,4.25750607407447,,,,,,,,,,
1672.800875,,,,,,,,,2.62418446412625,3.42184429519111,,,,,,,,,,
1673.200875,,,,,,,,,3.20199660258968,2.84403215672768,,,,,,,,,,
1673.600875,,,,,,,,,3.79645975610611,2.24956900321125,,,,,,,,,,
1674.000875,,,,,,,,,2.87391099699757,3.17211776231979,,,,,,,,,,
1674.400875,,,,,,,,,2.97706385897169,3.06896490034567,,,,,,,,,,
1674.800875,,,,,,,,,3.83803825931025,2.20799050000711,,,,,,,,,,
1675.200875,,,,,,,,,1.01406821564307,5.03196054367429,,,,,,,,,,
1675.600875,,,,,,,,,2.60238118173014,3.44364757758722,,,,,,,,,,
1676.000875,,,,,,,,,3.1306704784872,2.91535828083016,,,,,,,,,,
1676.400875,,,,,,,,,3.19166285237566,2.8543659069417,,,,,,,,,,
1676.800875,,,,,,,,,2.07722473594815,3.96880402336921,,,,,,,,,,
1677.200875,,,,,,,,,3.78224581886822,2.26378294044914,,,,,,,,,,
1677.600875,,,,,,,,,2.79317575655681,3.25285300276055,,,,,,,,,,
1678.000875,,,,,,,,,2.30841594581727,3.73761281350009,,,,,,,,,,
1678.400875,,,,,,,,,3.41756387647831,2.62846488283905,,,,,,,,,,
1678.800875,,,,,,,,,3.84268137793514,2.20334738138222,,,,,,,,,,
1679.200875,,,,,,,,,3.06418124452062,2.98184751479674,,,,,,,,,,
1679.600875,,,,,,,,,3.63877596697492,2.40725279234244,,,,,,,,,,
1680.000875,,,,,,,,,2.17252140857404,3.87350735074331,,,,,,,,,,
1680.400875,,,,,,,,,2.78278399222485,3.26324476709251,,,,,,,,,,
1680.8009,,,,,,,,,2.59370034858925,3.45232841072811,,,,,,,,,,
1681.2009,,,,,,,,,3.49127410176027,2.55475465755709,,,,,,,,,,
1681.6009,,,,,,,,,2.62038288261279,3.42564587670457,,,,,,,,,,
1682.0009,,,,,,,,,3.53268342917649,2.51334533014087,,,,,,,,,,
1682.4009,,,,,,,,,3.12703242855312,2.91899633076424,,,,,,,,,,
1682.8009,,,,,,,,,2.93416678340061,3.11186197591675,,,,,,,,,,
1683.2009,,,,,,,,,2.98003792444384,3.06599083487352,,,,,,,,,,
1683.6009,,,,,,,,,2.97190570600079,3.07412305331657,,,,,,,,,,
1684.0009,,,,,,,,,2.68762882766917,3.35839993164819,,,,,,,,,,
1684.4009,,,,,,,,,3.24104519163595,2.80498356768141,,,,,,,,,,
1684.8009,,,,,,,,,3.21015925522597,2.83586950409139,,,,,,,,,,
1685.2009,,,,,,,,,2.50330808557997,3.54272067373739,,,,,,,,,,
1685.6009,,,,,,,,,2.45720439779924,3.58882436151812,,,,,,,,,,
1686.0009,,,,,,,,,3.14698256428918,2.89904619502818,,,,,,,,,,
1686.4009,,,,,,,,,2.93663549141647,3.10939326790089,,,,,,,,,,
1686.8009,,,,,,,,,2.23229560789426,3.8137331514231,,,,,,,,,,
1687.2009,,,,,,,,,1.81699012000611,4.22903863931125,,,,,,,,,,
1687.6009,,,,,,,,,3.39436228661976,2.6516664726976,,,,,,,,,,
1688.0009,,,,,,,,,1.39527866124859,4.65075009806877,,,,,,,,,,
1688.4009,,,,,,,,,2.12617247071127,3.91985628860609,,,,,,,,,,
1688.8009,,,,,,,,,2.4475334498251,3.59849530949226,,,,,,,,,,
1689.2009,,,,,,,,,1.86995360881369,4.17607515050367,,,,,,,,,,
1689.6009,,,,,,,,,2.70484235817655,3.34118640114081,,,,,,,,,,
1690.0009,,,,,,,,,2.21153873060255,3.83449002871481,,,,,,,,,,
1690.4009,,,,,,,,,3.43058061525425,2.61544814406311,,,,,,,,,,
1690.8009,,,,,,,,,2.86951923326482,3.17650952605254,,,,,,,,,,
1691.2009,,,,,,,,,3.15383041819518,2.89219834112218,,,,,,,,,,
1691.6009,,,,,,,,,2.32444940534811,3.72157935396925,,,,,,,,,,
1692.0009,,,,,,,,,2.81382599884149,3.23220276047587,,,,,,,,,,
1692.4009,,,,,,,,,2.05939301785164,3.98663574146572,,,,,,,,,,
1692.8009,,,,,,,,,3.3487110699955,2.69731768932186,,,,,,,,,,
1693.2009,,,,,,,,,2.62379903802595,3.42222972129141,,,,,,,,,,
1693.6009,,,,,,,,,2.47230787684089,3.57372088247647,,,,,,,,,,
1694.0009,,,,,,,,,2.89805160523427,3.14797715408309,,,,,,,,,,
1694.4009,,,,,,,,,1.45003482971829,4.59599392959907,,,,,,,,,,
1694.8009,,,,,,,,,3.11436498749749,2.93166377181987,,,,,,,,,,
1695.2009,,,,,,,,,2.82355672103626,3.2224720382811,,,,,,,,,,
1695.6009,,,,,,,,,3.30678368263898,2.73924507667838,,,,,,,,,,
1696.0009,,,,,,,,,3.53677189026056,2.5092568690568,,,,,,,,,,
1696.4009,,,,,,,,,2.49021802517669,3.55581073414067,,,,,,,,,,
1696.8009,,,,,,,,,3.59927809690373,2.44675066241363,,,,,,,,,,
1697.2009,,,,,,,,,2.28624826239087,3.75978049692649,,,,,,,,,,
1697.6009,,,,,,,,,2.30788427350349,3.73814448581387,,,,,,,,,,
1698.0009,,,,,,,,,3.03191026486072,3.01411849445664,,,,,,,,,,
1698.4009,,,,,,,,,3.18151214730488,2.86451661201248,,,,,,,,,,
1698.8009,,,,,,,,,3.0685669176367,2.97746184168066,,,,,,,,,,
1699.2009,,,,,,,,,2.20040294208828,3.84562581722908,,,,,,,,,,
1699.6009,,,,,,,,,3.34141096073581,2.70461779858155,,,,,,,,,,
1700.0009,,,,,,,,,1.64665973628347,4.39936902303389,,,,,,,,,,
1700.4009,,,,,,,,,2.46251609354222,3.58351266577514,,,,,,,,,,
1700.8009,,,,,,,,,3.26773097461026,2.7782977847071,,,,,,,,,,
1701.2009,,,,,,,,,2.8941125321002,3.15191622721716,,,,,,,,,,
1701.6009,,,,,,,,,3.14808179723664,2.89794696208072,,,,,,,,,,
1702.0009,,,,,,,,,3.61174258853574,2.43428617078162,,,,,,,,,,
1702.4009,,,,,,,,,2.35899753080231,3.68703122851505,,,,,,,,,,
1702.8009,,,,,,,,,1.83119711056221,4.21483164875515,,,,,,,,,,
1703.2009,,,,,,,,,3.06636417621352,2.97966458310384,,,,,,,,,,
1703.6009,,,,,,,,,2.77189919923271,3.27412956008465,,,,,,,,,,
1704.0009,,,,,,,,,3.08724117957011,2.95878757974725,,,,,,,,,,
1704.4009,,,,,,,,,2.23998696325391,3.80604179606345,,,,,,,,,,
1704.8009,,,,,,,,,3.58825465867528,2.45777410064208,,,,,,,,,,
1705.2009,,,,,,,,,3.85508531573819,2.19094344357917,,,,,,,,,,
1705.6009,,,,,,,,,3.0278210846013,3.01820767471606,,,,,,,,,,
1706.0009,,,,,,,,,3.09319864799099,2.95283011132637,,,,,,,,,,
1706.4009,,,,,,,,,2.06987106830526,3.9761576910121,,,,,,,,,,
1706.8009,,,,,,,,,3.02825864145242,3.01777011786494,,,,,,,,,,
1707.2009,,,,,,,,,3.20991760151349,2.83611115780387,,,,,,,,,,
1707.6009,,,,,,,,,3.40679453780937,2.63923422150799,,,,,,,,,,
1708.0009,,,,,,,,,3.75413324905706,2.2918955102603,,,,,,,,,,
1708.4009,,,,,,,,,2.54000484848558,3.50602391083178,,,,,,,,,,
1708.8009,,,,,,,,,3.31529504916511,2.73073371015225,,,,,,,,,,
1709.2009,,,,,,,,,2.45998704160364,3.58604171771372,,,,,,,,,,
1709.6009,,,,,,,,,2.87754231186404,3.16848644745332,,,,,,,,,,
1710.0009,,,,,,,,,2.66898333078928,3.37704542852807,,,,,,,,,,
1710.4009,,,,,,,,,2.73685710911781,3.30917165019955,,,,,,,,,,
1710.8009,,,,,,,,,2.88384574891414,3.16218301040321,,,,,,,,,,
1711.2009,,,,,,,,,2.3223861579961,3.72364260132126,,,,,,,,,,
1711.6009,,,,,,,,,1.76526582481917,4.28076293449819,,,,,,,,,,
1712.0009,,,,,,,,,1.7765998598841,4.26942889943326,,,,,,,,,,
1712.4009,,,,,,,,,2.51331484325907,3.53271391605829,,,,,,,,,,
1712.8009,,,,,,,,,1.55506674363724,4.49096201568011,,,,,,,,,,
1713.2009,,,,,,,,,2.75703495653883,3.28899380277853,,,,,,,,,,
1713.6009,,,,,,,,,1.99683185166727,4.04919690765009,,,,,,,,,,
1714.0009,,,,,,,,,2.45469594385525,3.59133281546211,,,,,,,,,,
1714.4009,,,,,,,,,2.6476907977467,3.39833796157066,,,,,,,,,,
1714.8009,,,,,,,,,2.56532264044741,3.48070611886995,,,,,,,,,,
1715.2009,,,,,,,,,2.00766988154203,4.03835887777533,,,,,,,,,,
1715.6009,,,,,,,,,2.36286913080958,3.68315962850778,,,,,,,,,,
1716.0009,,,,,,,,,2.48764417913713,3.55838458018023,,,,,,,,,,
1716.4009,,,,,,,,,2.84852711100255,3.19750164831481,,,,,,,,,,
1716.8009,,,,,,,,,2.52932051749624,3.51670824182112,,,,,,,,,,
1717.2009,,,,,,,,,1.44662283616356,4.5994059231538,,,,,,,,,,
1717.6009,,,,,,,,,3.45331277958464,2.59271597973272,,,,,,,,,,
1718.0009,,,,,,,,,2.49483955004666,3.5511892092707,,,,,,,,,,
1718.4009,,,,,,,,,2.90348188493215,3.14254687438521,,,,,,,,,,
1718.8009,,,,,,,,,3.96599703704342,2.08003172227394,,,,,,,,,,
1719.2009,,,,,,,,,2.63724933353428,3.40877942578308,,,,,,,,,,
1719.6009,,,,,,,,,2.95979718999061,3.08623156932675,,,,,,,,,,
1720.0009,,,,,,,,,2.71018173197981,3.33584702733755,,,,,,,,,,
1720.4009,,,,,,,,,3.29471194679862,2.75131681251874,,,,,,,,,,
1720.8009,,,,,,,,,2.19774914775678,3.84827961156058,,,,,,,,,,
1721.2009,,,,,,,,,2.98087371754024,3.06515504177712,,,,,,,,,,
1721.6009,,,,,,,,,3.17676158352602,2.86926717579134,,,,,,,,,,
1722.0009,,,,,,,,,3.03422815470627,3.01180060461109,,,,,,,,,,
1722.4009,,,,,,,,,2.77716673075557,3.26886202856179,,,,,,,,,,
1722.8009,,,,,,,,,2.73629561299887,3.30973314631849,,,,,,,,,,
1723.2009,,,,,,,,,3.51914359073195,2.52688516858541,,,,,,,,,,
1723.6009,,,,,,,,,3.07127268762987,2.97475607168749,,,,,,,,,,
1724.0009,,,,,,,,,2.91993335700983,3.12609540230753,,,,,,,,,,
1724.4009,,,,,,,,,3.31087660502965,2.73515215428771,,,,,,,,,,
1724.8009,,,,,,,,,2.64628800755405,3.39974075176331,,,,,,,,,,
1725.2009,,,,,,,,,1.96801222851734,4.07801653080002,,,,,,,,,,
1725.6009,,,,,,,,,3.7216641547769,2.32436460454046,,,,,,,,,,
1726.0009,,,,,,,,,3.12357792131433,2.92245083800303,,,,,,,,,,
1726.400925,,,,,,,,,3.39061502635473,2.65541373296263,,,,,,,,,,
1726.800925,,,,,,,,,3.21071274064128,2.83531601867608,,,,,,,,,,
1727.200925,,,,,,,,,3.78417498938061,2.26185376993675,,,,,,,,,,
1727.600925,,,,,,,,,4.04210562182672,2.00392313749064,,,,,,,,,,
1728.000925,,,,,,,,,2.57892312767756,3.4671056316398,,,,,,,,,,
1728.400925,,,,,,,,,2.94908782249276,3.0969409368246,,,,,,,,,,
1728.800925,,,,,,,,,3.72098633090506,2.3250424284123,,,,,,,,,,
1729.200925,,,,,,,,,3.37226780291187,2.67376095640549,,,,,,,,,,
1729.600925,,,,,,,,,2.67243349627793,3.37359526303943,,,,,,,,,,
1730.000925,,,,,,,,,3.95445046536522,2.09157829395214,,,,,,,,,,
1730.400925,,,,,,,,,2.93839954974109,3.10762920957626,,,,,,,,,,
1730.800925,,,,,,,,,3.01280430764507,3.03322445167229,,,,,,,,,,
1731.200925,,,,,,,,,3.69084261438297,2.35518614493439,,,,,,,,,,
1731.600925,,,,,,,,,3.07531933836057,2.97070942095679,,,,,,,,,,
1732.000925,,,,,,,,,3.16968572599693,2.87634303332043,,,,,,,,,,
1732.400925,,,,,,,,,3.5376362726674,2.50839248664996,,,,,,,,,,
1732.800925,,,,,,,,,2.80148114157305,3.24454761774431,,,,,,,,,,
1733.200925,,,,,,,,,2.35449187951878,3.69153687979858,,,,,,,,,,
1733.600925,,,,,,,,,2.97790559984936,3.068123159468,,,,,,,,,,
1734.000925,,,,,,,,,2.13582155604694,3.91020720327042,,,,,,,,,,
1734.400925,,,,,,,,,3.69663503968613,2.34939371963123,,,,,,,,,,
1734.800925,,,,,,,,,3.28629546012297,2.75973329919439,,,,,,,,,,
1735.200925,,,,,,,,,3.25045023757709,2.79557852174027,,,,,,,,,,
1735.600925,,,,,,,,,3.25985084234915,2.78617791696821,,,,,,,,,,
1736.000925,,,,,,,,,2.46951640672537,3.57651235259199,,,,,,,,,,
1736.400925,,,,,,,,,2.60941216670998,3.43661659260738,,,,,,,,,,
1736.800925,,,,,,,,,2.5895495949274,3.45647916438996,,,,,,,,,,
1737.200925,,,,,,,,,3.19665575367649,2.84937300564087,,,,,,,,,,
1737.600925,,,,,,,,,2.96580798161104,3.08022077770632,,,,,,,,,,
1738.000925,,,,,,,,,2.64605908741574,3.39996967190162,,,,,,,,,,
1738.400925,,,,,,,,,2.17867648400316,3.8673522753142,,,,,,,,,,
1738.800925,,,,,,,,,1.70203217600817,4.34399658330919,,,,,,,,,,
1739.200925,,,,,,,,,2.4765202300345,3.56950852928286,,,,,,,,,,
1739.600925,,,,,,,,,2.54933724860657,3.49669151071079,,,,,,,,,,
1740.000925,,,,,,,,,1.7001637292972,4.34586503002016,,,,,,,,,,
1740.400925,,,,,,,,,2.51833384845721,3.52769491086015,,,,,,,,,,
1740.800925,,,,,,,,,1.54294226047493,4.50308649884243,,,,,,,,,,
1741.200925,,,,,,,,,1.18353959904186,4.8624891602755,,,,,,,,,,
1741.600925,,,,,,,,,3.15027312287623,2.89575563644112,,,,,,,,,,
1742.000925,,,,,,,,,3.45194460149588,2.59408415782148,,,,,,,,,,
1742.400925,,,,,,,,,2.80310681339861,3.24292194591875,,,,,,,,,,
1742.800925,,,,,,,,,3.65890605077753,2.38712270853983,,,,,,,,,,
1743.200925,,,,,,,,,2.63172476703834,3.41430399227902,,,,,,,,,,
1743.600925,,,,,,,,,2.64724154078986,3.3987872185275,,,,,,,,,,
1744.000925,,,,,,,,,2.88512469668521,3.16090406263215,,,,,,,,,,
1744.400925,,,,,,,,,2.6182546882154,3.42777407110196,,,,,,,,,,
1744.800925,,,,,,,,,3.17676430539992,2.86926445391744,,,,,,,,,,
1745.200925,,,,,,,,,3.08497090168556,2.9610578576318,,,,,,,,,,
1745.600925,,,,,,,,,2.8796480573409,3.16638070197646,,,,,,,,,,
1746.000925,,,,,,,,,1.63412038090578,4.41190837841158,,,,,,,,,,
1746.400925,,,,,,,,,2.68288429197524,3.36314446734212,,,,,,,,,,
1746.800925,,,,,,,,,2.82899905377418,3.21702970554318,,,,,,,,,,
1747.200925,,,,,,,,,2.55267119346659,3.49335756585077,,,,,,,,,,
1747.600925,,,,,,,,,3.65684752219842,2.38918123711894,,,,,,,,,,
1748.000925,,,,,,,,,3.6943147995368,2.35171395978056,,,,,,,,,,
1748.400925,,,,,,,,,2.78379471749785,3.26223404181951,,,,,,,,,,
1748.800925,,,,,,,,,3.34889089147544,2.69713786784192,,,,,,,,,,
1749.200925,,,,,,,,,3.36131169801189,2.68471706130547,,,,,,,,,,
1749.600925,,,,,,,,,3.5420640258528,2.50396473346456,,,,,,,,,,
1750.000925,,,,,,,,,3.40076807605592,2.64526068326144,,,,,,,,,,
1750.400925,,,,,,,,,2.6221061133258,3.42392264599156,,,,,,,,,,
1750.800925,,,,,,,,,1.52032298637714,4.52570577294022,,,,,,,,,,
1751.200925,,,,,,,,,3.29442752201395,2.75160123730341,,,,,,,,,,
1751.600925,,,,,,,,,3.33531962822249,2.71070913109487,,,,,,,,,,
1752.000925,,,,,,,,,3.40907973439163,2.63694902492573,,,,,,,,,,
1752.400925,,,,,,,,,1.91781393174333,4.12821482757403,,,,,,,,,,
1752.800925,,,,,,,,,3.13241351667539,2.91361524264197,,,,,,,,,,
1753.200925,,,,,,,,,3.0016802944619,3.04434846485546,,,,,,,,,,
1753.600925,,,,,,,,,3.25298942958979,2.79303932972757,,,,,,,,,,
1754.000925,,,,,,,,,2.50320609459189,3.54282266472547,,,,,,,,,,
1754.400925,,,,,,,,,2.86839534810139,3.17763341121597,,,,,,,,,,
1754.800925,,,,,,,,,3.49328997473563,2.55273878458173,,,,,,,,,,
1755.200925,,,,,,,,,3.33595789640285,2.71007086291451,,,,,,,,,,
1755.600925,,,,,,,,,3.07455143044743,2.97147732886993,,,,,,,,,,
1756.000925,,,,,,,,,2.88687062306094,3.15915813625642,,,,,,,,,,
1756.400925,,,,,,,,,2.87848421655637,3.16754454276099,,,,,,,,,,
1756.800925,,,,,,,,,2.5020498688967,3.54397889042066,,,,,,,,,,
1757.200925,,,,,,,,,3.45295384428928,2.59307491502808,,,,,,,,,,
1757.600925,,,,,,,,,3.23518413444438,2.81084462487298,,,,,,,,,,
1758.000925,,,,,,,,,3.35045141130737,2.69557734800999,,,,,,,,,,
1758.400925,,,,,,,,,2.51185203177623,3.53417672754113,,,,,,,,,,
1758.800925,,,,,,,,,2.8627900788334,3.18323868048396,,,,,,,,,,
1759.200925,,,,,,,,,3.28956932225868,2.75645943705868,,,,,,,,,,
1759.600925,,,,,,,,,2.25285410691687,3.79317465240049,,,,,,,,,,
1760.000925,,,,,,,,,3.07192180471705,2.97410695460031,,,,,,,,,,
1760.400925,,,,,,,,,2.12357027593612,3.92245848338124,,,,,,,,,,
1760.800925,,,,,,,,,3.39383304144001,2.65219571787735,,,,,,,,,,
1761.200925,,,,,,,,,2.31844999704887,3.72757876226849,,,,,,,,,,
1761.600925,,,,,,,,,2.32332724220831,3.72270151710904,,,,,,,,,,
1762.000925,,,,,,,,,1.79698703218819,4.24904172712917,,,,,,,,,,
1762.400925,,,,,,,,,2.37959274496543,3.66643601435193,,,,,,,,,,
1762.800925,,,,,,,,,2.98459357728257,3.06143518203479,,,,,,,,,,
1763.200925,,,,,,,,,1.29950006243041,4.74652869688695,,,,,,,,,,
1763.600925,,,,,,,,,2.23352241705488,3.81250634226248,,,,,,,,,,
1764.000925,,,,,,,,,2.49505611557231,3.55097264374505,,,,,,,,,,
1764.400925,,,,,,,,,2.67677364260311,3.36925511671425,,,,,,,,,,
1764.800925,,,,,,,,,2.5118999097168,3.53412884960056,,,,,,,,,,
1765.200925,,,,,,,,,2.91799692899401,3.12803183032335,,,,,,,,,,
1765.600925,,,,,,,,,1.93812344097714,4.10790531834022,,,,,,,,,,
1766.000925,,,,,,,,,1.92834814089954,4.11768061841781,,,,,,,,,,
1766.400925,,,,,,,,,2.05780272943949,3.98822602987787,,,,,,,,,,
1766.800925,,,,,,,,,2.84084920502535,3.20517955429201,,,,,,,,,,
1767.200925,,,,,,,,,3.47438088859029,2.57164787072707,,,,,,,,,,
1767.600925,,,,,,,,,3.00226907571165,3.04375968360571,,,,,,,,,,
1768.000925,,,,,,,,,2.68484425459781,3.36118450471955,,,,,,,,,,
1768.400925,,,,,,,,,3.52451821212048,2.52151054719688,,,,,,,,,,
1768.800925,,,,,,,,,3.21382648000967,2.83220227930769,,,,,,,,,,
1769.200925,,,,,,,,,2.90241330998464,3.14361544933272,,,,,,,,,,
1769.600925,,,,,,,,,2.96728066547622,3.07874809384114,,,,,,,,,,
1770.000925,,,,,,,,,3.74056953650889,2.30545922280847,,,,,,,,,,
1770.400925,,,,,,,,,2.97563841456895,3.07039034474841,,,,,,,,,,
1770.800925,,,,,,,,,3.32410514978803,2.72192360952933,,,,,,,,,,
1771.200925,,,,,,,,,3.41201026079481,2.63401849852255,,,,,,,,,,
1771.600925,,,,,,,,,1.35443794428663,4.69159081503073,,,,,,,,,,
1772.000925,,,,,,,,,2.34063764547452,3.70539111384284,,,,,,,,,,
1772.400925,,,,,,,,,2.20674446061353,3.83928429870383,,,,,,,,,,
1772.80095,,,,,,,,,3.73626446000957,2.30976429930779,,,,,,,,,,
1773.20095,,,,,,,,,2.87450747561254,3.17152128370482,,,,,,,,,,
1773.60095,,,,,,,,,3.26382162608774,2.78220713322962,,,,,,,,,,
1774.00095,,,,,,,,,3.1644981942758,2.88153056504156,,,,,,,,,,
1774.40095,,,,,,,,,3.21409291363981,2.83193584567754,,,,,,,,,,
1774.80095,,,,,,,,,3.48176148993909,2.56426726937827,,,,,,,,,,
1775.20095,,,,,,,,,3.14628383885647,2.89974492046089,,,,,,,,,,
1775.60095,,,,,,,,,2.41861496590341,3.62741379341395,,,,,,,,,,
1776.00095,,,,,,,,,3.80460097291088,2.24142778640648,,,,,,,,,,
1776.40095,,,,,,,,,3.15009836390084,2.89593039541652,,,,,,,,,,
1776.80095,,,,,,,,,2.50013381382772,3.54589494548964,,,,,,,,,,
1777.20095,,,,,,,,,2.87793204294986,3.1680967163675,,,,,,,,,,
1777.60095,,,,,,,,,2.93376716475036,3.11226159456699,,,,,,,,,,
1778.00095,,,,,,,,,2.65569210563693,3.39033665368043,,,,,,,,,,
1778.40095,,,,,,,,,2.83100948422463,3.21501927509273,,,,,,,,,,
1778.80095,,,,,,,,,3.18221960384795,2.86380915546941,,,,,,,,,,
1779.20095,,,,,,,,,3.15728190527841,2.88874685403895,,,,,,,,,,
1779.60095,,,,,,,,,2.92005562147057,3.12597313784679,,,,,,,,,,
1780.00095,,,,,,,,,3.19999219127601,2.84603656804135,,,,,,,,,,
1780.40095,,,,,,,,,2.93823456346326,3.1077941958541,,,,,,,,,,
1780.80095,,,,,,,,,2.34518207625342,3.70084668306394,,,,,,,,,,
1781.20095,,,,,,,,,2.95004887443124,3.09597988488612,,,,,,,,,,
1781.60095,,,,,,,,,2.96340185598861,3.08262690332875,,,,,,,,,,
1782.00095,,,,,,,,,3.48563115680819,2.56039760250917,,,,,,,,,,
1782.40095,,,,,,,,,3.30985383622072,2.73617492309664,,,,,,,,,,
1782.80095,,,,,,,,,3.17961286756337,2.86641589175399,,,,,,,,,,
1783.20095,,,,,,,,,2.6750133276574,3.37101543165996,,,,,,,,,,
1783.60095,,,,,,,,,3.14867967708078,2.89734908223658,,,,,,,,,,
1784.00095,,,,,,,,,2.75845706808725,3.28757169123011,,,,,,,,,,
1784.40095,,,,,,,,,3.28306026113874,2.76296849817862,,,,,,,,,,
1784.80095,,,,,,,,,3.56326058115849,2.48276817815887,,,,,,,,,,
1785.20095,,,,,,,,,3.67934407244628,2.36668468687108,,,,,,,,,,
1785.60095,,,,,,,,,1.76463799046365,4.28139076885371,,,,,,,,,,
1786.00095,,,,,,,,,3.37068642236694,2.67534233695042,,,,,,,,,,
1786.40095,,,,,,,,,2.69891330047406,3.3471154588433,,,,,,,,,,
1786.80095,,,,,,,,,2.79006350592964,3.25596525338772,,,,,,,,,,
1787.20095,,,,,,,,,2.81074913765716,3.2352796216602,,,,,,,,,,
1787.60095,,,,,,,,,3.05098285958738,2.99504589972998,,,,,,,,,,
1788.00095,,,,,,,,,2.66522912230658,3.38079963701077,,,,,,,,,,
1788.40095,,,,,,,,,2.80664576496149,3.23938299435587,,,,,,,,,,
1788.80095,,,,,,,,,3.66168632547025,2.38434243384711,,,,,,,,,,
1789.20095,,,,,,,,,2.73852567331664,3.30750308600072,,,,,,,,,,
1789.60095,,,,,,,,,2.83887021891399,3.20715854040337,,,,,,,,,,
1790.00095,,,,,,,,,2.58742170437518,3.45860705494218,,,,,,,,,,
1790.40095,,,,,,,,,3.0086052498527,3.03742350946466,,,,,,,,,,
1790.80095,,,,,,,,,1.9748451567539,4.07118360256346,,,,,,,,,,
1791.20095,,,,,,,,,2.18075927752037,3.86526948179699,,,,,,,,,,
1791.60095,,,,,,,,,2.67883818035136,3.367190578966,,,,,,,,,,
1792.00095,,,,,,,,,2.57751327694698,3.46851548237038,,,,,,,,,,
1792.40095,,,,,,,,,1.78394491357664,4.26208384574072,,,,,,,,,,
1792.80095,,,,,,,,,2.12534457566913,3.92068418364823,,,,,,,,,,
1793.20095,,,,,,,,,2.04965709609039,3.99637166322697,,,,,,,,,,
1793.60095,,,,,,,,,3.0431231327787,3.00290562653866,,,,,,,,,,
1794.00095,,,,,,,,,3.00422274271764,3.04180601659972,,,,,,,,,,
1794.40095,,,,,,,,,3.88982997083376,2.1561987884836,,,,,,,,,,
1794.80095,,,,,,,,,2.92851456012707,3.11751419919029,,,,,,,,,,
1795.20095,,,,,,,,,3.51234525901661,2.53368350030075,,,,,,,,,,
1795.60095,,,,,,,,,2.75927309764162,3.28675566167574,,,,,,,,,,
1796.00095,,,,,,,,,2.35465415841214,3.69137460090522,,,,,,,,,,
1796.40095,,,,,,,,,2.87555668667426,3.1704720726431,,,,,,,,,,
1796.80095,,,,,,,,,3.78669074795408,2.25933801136328,,,,,,,,,,
1797.20095,,,,,,,,,2.90707675120363,3.13895200811373,,,,,,,,,,
1797.60095,,,,,,,,,3.51155780336158,2.53447095595578,,,,,,,,,,
1798.00095,,,,,,,,,3.31391155294793,2.73211720636943,,,,,,,,,,
1798.40095,,,,,,,,,2.52871103240186,3.5173177269155,,,,,,,,,,
1798.80095,,,,,,,,,3.37939078957523,2.66663796974213,,,,,,,,,,
1799.20095,,,,,,,,,2.81360263953529,3.23242611978207,,,,,,,,,,
1799.60095,,,,,,,,,3.03597575208397,3.01005300723339,,,,,,,,,,
1800.00095,,,,,,,,,3.65060061650099,2.39542814281637,,,,,,,,,,
