Time (s),"Primary somatosensory area, barrel field (L)","Primary somatosensory area, barrel field (R)","Primary somatosensory area, lower limb (L)","Primary somatosensory area, lower limb (R)",Supplemental somatosensory area (L),Supplemental somatosensory area (R),Olfactory areas (L),Olfactory areas (R),Hippocampal formation (L),Hippocampal formation (R),Cortical subplate (L),Cortical subplate (R),Striatum (L),Striatum (R),Pallidum (L),Pallidum (R),Thalamus (L),Thalamus (R),Hypothalamus (L),Hypothalamus (R)
6.4,0.561803987746974,1.85253214810032,,,4.40196101842675,4.27173904044422,4.72282146818551,5.77231120638414,7.29372624897333,8.33867751924913,8.97451200331308,10.4149977625902,,,,,11.2575710495388,12.3499193910023,13.5072723734534,14.0151961087808
6.99999999999991,0.54796424306136,1.87095525703937,,,4.34143025139674,4.30135017918278,4.68855902480138,5.80394006354546,7.31929340363369,8.33949254841137,9.00798636420192,10.4669119350742,,,,,11.3062816277627,12.3790255631657,13.4810025997692,13.9343232681614
7.59999999999982,0.534124498375747,1.88937836597843,,,4.28089948436672,4.33096131792134,4.65429658141726,5.83556892070678,7.34492610065136,8.34022296469365,9.04146072509076,10.5188261075582,,,,,11.3549922059867,12.4081317353291,13.454732826085,13.8534504275421
8.19999999999973,0.520284753690134,1.90780147491749,,,4.22036871733671,4.3605724566599,4.62003413803313,5.86719777786811,7.37101041098472,8.34336449210988,9.0749350859796,10.5707402800422,,,,,11.4037027842106,12.4372379074925,13.4284630524008,13.7725775869227
8.79999999999964,0.506445009004519,1.92622458385655,,,4.1598379503067,4.39018359539846,4.58577169464899,5.89882663502943,7.39520032582064,8.34465203539179,9.10840944686845,10.6226544525261,,,,,11.4528518645301,12.4663440796559,13.4021932787167,13.6917047463033
9.39999999999955,0.492605264318904,1.9446476927956,,,4.09930718327668,4.41979473413702,4.55216503848308,5.93045549219076,7.40833224772337,8.36205641836039,9.15069714202107,10.6745686250101,,,,,11.5036379533143,12.4799325156847,13.3759235050325,13.610831905684
9.99999999999946,0.482912510400873,1.96307080173466,,,4.08227492761513,4.44940587287557,4.57816899051577,5.91666615512879,7.41922950592091,8.37426914128425,9.14452720894558,10.589567710893,,,,,11.5643579565386,12.4804511408412,13.3496537313483,13.5299590650646
10.5999999999994,0.482148790579305,1.88653834437054,,,4.06020015091868,4.37610801445489,4.59784344053196,5.93518740292048,7.41930470823399,8.38747652355636,9.07287217589029,10.4876754728732,,,,,11.6115068486237,12.4788751491547,13.354295895755,13.5790925033553
11.1999999999993,0.475940038566367,1.81000588700634,,,4.07058428552401,4.30281015603411,4.60404663237286,5.94012669526443,7.42790057593169,8.37027854022393,9.00988926578657,10.4464535487517,,,,,11.6500071194763,12.4805337794736,13.3285253082787,13.6904546674769
11.7999999999992,0.469731286553423,1.73347342964213,,,4.08096842012937,4.22951229761333,4.64905678264113,5.94506598760836,7.42555172987776,8.34668957564659,8.95778427293238,10.4052316246303,,,,,11.6873712579614,12.4563714480972,13.3027547208024,13.8018168315985
12.3999999999991,0.463522534540481,1.65694097227793,,,4.09135255473475,4.15621443919255,4.69406693290942,5.9500052799523,7.42210578101909,8.32985485927253,8.90567928007819,10.3640097005089,,,,,11.7250930322026,12.4322091167209,13.276984133326,13.9131789957202
12.999999999999,0.457313782527539,1.58040851491372,,,4.10173668934011,4.08291658077177,4.73907708317772,5.95494457229622,7.42029137442643,8.31645196946749,8.85357428722401,10.3227877763875,,,,,11.7628148064438,12.4080467853445,13.2512135458497,14.0245411598418
13.5999999999989,0.451105030514596,1.50387605754952,,,4.11212082394548,4.00961872235099,4.78408723344603,5.95988386464016,7.41830031536228,8.30244718660401,8.80146929436984,10.2815658522661,,,,,11.8005365806849,12.3838844539682,13.2254429583734,14.1359033239634
14.1999999999988,0.444896278501653,1.42734360018531,,,4.12250495855085,3.93632086393021,4.82909738371433,5.96482315698409,7.41633373439054,8.28716114120239,8.74936430151566,10.2403439281447,,,,,11.8382583549261,12.3597221225918,13.1996723708971,14.2472654880851
14.7999999999987,0.43868752648871,1.3508111428211,,,4.13288909315622,3.86302300550943,4.87410753398263,5.96976244932802,7.41321740901538,8.27214819026454,8.69725930866148,10.1991220040233,,,,,11.8759801291673,12.3355597912155,13.1739017834208,14.3586276522067
15.3999999999986,0.432478774475767,1.2742786854569,,,4.14327322776159,3.78972514708866,4.91911768425093,5.97470174167196,7.40968926676828,8.26054947216363,8.6451543158073,10.1579000799019,,,,,11.9131502787599,12.3113974598391,13.1481311959445,14.4699898163283
15.9999999999985,0.426270022462825,1.19774622809269,,,4.15365736236696,3.71642728866788,4.92149036167883,5.97964103401589,7.41172437480472,8.23487094550184,8.58691368616991,10.1166781557805,,,,,11.9428306614966,12.284581010516,13.1223606084682,14.58135198045
16.5999999999985,0.417559571732985,1.12121377072849,,,4.12521907403457,3.6431294302471,4.92448243020255,6.02836561549413,7.41702705840697,8.20469559206334,8.53088629323762,10.1511122707245,,,,,11.9488573295246,12.2795855406137,13.0965900209918,14.6927141445716
17.1999999999984,0.441894440451934,1.20733703246623,,,4.12312622263313,3.66823768950289,4.93761611550619,6.07129350673977,7.42776123341851,8.18332489211696,8.56074093468693,10.174299566357,,,,,11.9281700890834,12.2777120094823,13.0933497204525,14.7395391327444
17.7999999999983,0.474278837803843,1.2934602942044,,,4.10031451166954,3.69334594875894,4.97239818652428,6.15342959753221,7.42897484021569,8.20149041818471,8.60244260636502,10.2151009974355,,,,,11.8842997262068,12.2926407487644,13.1431656812602,14.7397503548302
18.3999999999982,0.506663235155774,1.37958355594256,,,4.0775028007059,3.71845420801499,4.98905633314997,6.23556568832476,7.43267567416578,8.2356667024036,8.63942956939237,10.2559024285142,,,,,11.833638288159,12.2993236577663,13.192981642068,14.739961576916
18.9999999999981,0.539047632507705,1.46570681768073,,,4.05469108974224,3.74356246727104,5.00571447977561,6.31770177911731,7.43807724351501,8.27075703136859,8.67641653241973,10.2967038595928,,,,,11.7814138317907,12.3060065667682,13.2427976028757,14.7401727990017
19.599999999998,0.571432029859635,1.55183007941889,,,4.03187937877859,3.76867072652709,5.02237262640124,6.39983786990987,7.44205311472408,8.30506006580909,8.71340349544709,10.3375052906714,,,,,11.7291893754225,12.3126894757701,13.2926135636835,14.7403840210874
20.1999999999979,0.603816427211566,1.63795334115706,,,4.00906766781494,3.79377898578314,5.03903077302686,6.48197396070242,7.44661856020288,8.33957450152481,8.75039045847444,10.37830672175,,,,,11.6769649190543,12.319372384772,13.3424295244913,14.7405952431731
20.7999999999978,0.636200824563496,1.72407660289522,,,3.98625595685129,3.81888724503919,5.05568891965248,6.56411005149497,7.45079883017066,8.37416737179642,8.7873774215018,10.4191081528286,,,,,11.624740462686,12.3260552937739,13.3922454852991,14.7408064652588
21.3999999999977,0.668585221915427,1.81019986463339,,,3.96344424588764,3.84399550429524,5.07234706627812,6.64624614228752,7.45618321081669,8.4060103045197,8.82436438452915,10.4599095839072,,,,,11.5725160063178,12.3327382027758,13.4420614461069,14.7410176873445
21.9999999999976,0.700969619267357,1.89632312637155,,,3.94063253492399,3.86910376355129,5.08900521290374,6.72838223308007,7.46238790342895,8.43869711516124,8.8613513475565,10.5007110149858,,,,,11.5210394474479,12.3394211117777,13.4918774069147,14.7412289094303
22.5999999999975,0.733354016619288,1.98244638810971,,,3.91782082396034,3.89421202280734,5.15285182682378,6.81051832387262,7.46247355553128,8.4715474138452,8.91669085247788,10.5415124460644,,,,,11.4748056986745,12.3451021358913,13.5416933677225,14.741440131516
23.1999999999975,0.758787351450151,2.06856964984788,,,3.91170227253866,3.91932028206339,5.18579512351234,6.84761357843705,7.450166849079,8.49523916347683,9.02053585277435,10.5251517973134,,,,,11.4292085394694,12.3116384250946,13.5915093285303,14.7416513536017
23.7999999999974,0.718027248267575,1.97716113624017,,,3.86222698593867,3.87848597776843,5.18332191103267,6.79986170560184,7.43039237528247,8.51366383684747,9.01788431339644,10.4280825359926,,,,,11.4230848325831,12.2709511330419,13.6050825975743,14.6844652903387
24.3999999999973,0.660035292305141,1.88575262263171,,,3.80130835129234,3.83765167347318,5.14629279291995,6.64741050544288,7.4239961828421,8.50379505993959,9.00372682349078,10.3069535012676,,,,,11.4185237570588,12.2163112896326,13.604347973854,14.6676940586744
24.9999999999972,0.602043336342632,1.79434410902325,,,3.74038971664596,3.79681736917794,5.09809801457524,6.49495930528345,7.40927132387082,8.47707538977818,8.99201644322701,10.1858244665424,,,,,11.4187750017709,12.1869810693474,13.6036133501336,14.6509228270102
25.5999999999971,0.544051380380123,1.70293559541479,,,3.67947108199958,3.7559830648827,5.04990323623049,6.34250810512402,7.38994944241382,8.44564269683029,8.98030606296325,10.0646954318172,,,,,11.4191680575557,12.1576508490623,13.6028787264132,14.634151595346
26.199999999997,0.486059424417615,1.61152708180633,,,3.6185524473532,3.71514876058745,5.00170845788573,6.19005690496461,7.37102518697508,8.4143351501112,8.96859568269949,9.94356639709201,,,,,11.4195611133404,12.1283206287772,13.6021441026928,14.6173803636818
26.7999999999969,0.428067468455106,1.52011856819787,,,3.55763381270682,3.67431445629221,4.95351367954097,6.03760570480518,7.35135472449922,8.3852447386476,8.95688530243573,9.82243736236682,,,,,11.4199541691251,12.0989904084921,13.6014094789724,14.6006091320176
27.3999999999968,0.370075512492598,1.42871005458941,,,3.49671517806044,3.63348015199696,4.90531890119622,5.88515450464575,7.3315559016759,8.35686096762789,8.94517492217197,9.70130832764163,,,,,11.4203472249098,12.069660188207,13.600674855252,14.5838379003534
27.9999999999967,0.312083556530089,1.33730154098095,,,3.43579654341407,3.59264584770172,4.85712412285146,5.73270330448633,7.31070335550701,8.33131153769597,8.93346454190822,9.58017929291645,,,,,11.4207402806946,12.040329967922,13.5999402315317,14.5670666686892
28.5999999999966,0.254091600567578,1.24589302737249,,,3.37487790876768,3.55181154340647,4.8089293445067,5.5802521043269,7.29334503072368,8.30774278349903,8.92175416164446,9.45905025819127,,,,,11.4208996117042,12.0109997476369,13.5992056078113,14.550295437025
29.1999999999965,0.19609964460507,1.15448451376402,,,3.3139592741213,3.51097723911123,4.74258755859329,5.42780090416748,7.28029020056655,8.29478647625627,8.87268423435642,9.33792122346608,,,,,11.4198414946239,11.9850004435894,13.5984709840909,14.5335242053608
29.7999999999965,0.151135295600047,1.06307600015557,,,3.25476612951803,3.47014293481598,4.65862825272945,5.31452393944593,7.26315599593616,8.28685613499754,8.77366891008042,9.31192897766771,,,,,11.4242886758948,11.9783058264081,13.5977363603705,14.5167529736966
30.3999999999964,0.189569089948679,1.16006841251603,,,3.23808917769187,3.61433593231671,4.56308829307453,5.32966994610722,7.25987462576019,8.27138244300371,8.77248450399163,9.36923628580824,,,,,11.3984149204862,11.9798998265326,13.5960944926054,14.5732093407143
30.9999999999963,0.259432453200394,1.25706082487761,,,3.28362060438727,3.75852892981852,4.48252105854516,5.4424057573952,7.25696943148754,8.27746479727836,8.8059504920268,9.39976607210607,,,,,11.4203526389252,11.9935756954946,13.6199444221868,14.5701246687673
31.5999999999962,0.329295816452299,1.35405323723919,,,3.32915203108306,3.90272192732034,4.43546125741471,5.55514156868376,7.26188505792757,8.29664767034261,8.81348810329899,9.43029585840374,,,,,11.4470181420073,12.0031123794226,13.6437943517684,14.5670399968199
32.1999999999961,0.399159179704206,1.45104564960077,,,3.37468345777885,4.04691492482216,4.38840145628448,5.66787737997233,7.27201588913737,8.31717345934266,8.82102571457102,9.46082564470141,,,,,11.4742978016304,12.0126490633506,13.6676442813499,14.5639553248725
32.799999999996,0.469022542956111,1.54803806196235,,,3.42021488447463,4.19110792232398,4.34134165515424,5.78061319126089,7.28382458198704,8.33823744282311,8.82856332584305,9.49135543099908,,,,,11.5015774612534,12.0221857472786,13.6914942109315,14.5608706529251
33.3999999999959,0.538885906208016,1.64503047432392,,,3.46574631117041,4.33530091982579,4.29428185402401,5.89334900254946,7.29561266581818,8.35647326745137,8.83610093711508,9.52188521729675,,,,,11.5288571208765,12.0317224312066,13.715344140513,14.5577859809777
33.9999999999958,0.608749269459922,1.7420228866855,,,3.5112777378662,4.47949391732761,4.24722205289378,6.00608481383803,7.30838743622854,8.37483022476015,8.84363854838711,9.55241500359443,,,,,11.5561367804995,12.0412591151346,13.7391940700946,14.5547013090303
34.5999999999957,0.678612632711827,1.83901529904708,,,3.55680916456199,4.62368691482943,4.20016225176353,6.11882062512659,7.32157511452222,8.39026945216145,8.85117615965914,9.5829447898921,,,,,11.5834164401226,12.0507957990626,13.7630439996761,14.5516166370829
35.1999999999956,0.748475995963734,1.93600771140866,,,3.60234059125777,4.76787991233125,4.1531024506333,6.23155643641516,7.32997862951488,8.40020933679359,8.85871377093117,9.61347457618977,,,,,11.6108833920346,12.0603324829906,13.7868939292577,14.5485319651355
35.7999999999955,0.818339359215638,2.03300012377024,,,3.64787201795356,4.91207290983306,4.11217769340834,6.34429224770373,7.33965995416018,8.40246390842953,8.88809808140181,9.64400436248744,,,,,11.6420863717349,12.0813254714904,13.8107438588393,14.5454472931882
36.3999999999955,0.875280853356145,2.12999253613182,,,3.67328867577616,5.05626590733488,4.14760385253681,6.44161096303682,7.35748205690913,8.40112173090006,8.93432235856343,9.59973842299948,,,,,11.6814332836602,12.0998411462354,13.8345937884208,14.5423626212408
36.9999999999954,0.88008852906799,2.08330886585609,,,3.70981588951767,4.97919588936204,4.22171788065278,6.46136396601725,7.36317581740423,8.40353618388346,8.92318038934852,9.6228482337926,,,,,11.7128785569783,12.1188928706747,13.8253851190428,14.5039523688285
37.5999999999953,0.849505585576132,2.03662519557927,,,3.67296421603611,4.90212587138752,4.31632370456083,6.48770501412487,7.35412898750039,8.38889789379217,8.90713880895671,9.67380924582071,,,,,11.7073915607766,12.1298632370847,13.7501913357932,14.5291067406687
38.1999999999952,0.818922642084,1.98994152530246,,,3.63611254255398,4.82505585341299,4.40115389295946,6.51404606223254,7.35447902086543,8.37225124282499,8.93688786717706,9.72477025784904,,,,,11.7059793200094,12.1522409553739,13.6749975525431,14.5542611125094
38.7999999999951,0.788339698591868,1.94325785502564,,,3.59926086907186,4.74798583543847,4.48598408135803,6.54038711034022,7.35267058739501,8.35297030484085,8.96663692539777,9.77573126987737,,,,,11.7050038138489,12.1746186736631,13.5998037692931,14.5794154843501
39.399999999995,0.757756755099736,1.89657418474882,,,3.56240919558974,4.67091581746395,4.57081426975657,6.56672815844789,7.3480493466719,8.33184451621575,8.99638598361848,9.8266922819057,,,,,11.7040283076883,12.1969963919524,13.524609986043,14.6045698561908
39.9999999999949,0.727173811607604,1.84989051447201,,,3.52555752210762,4.59384579948943,4.65564445815514,6.59306920655557,7.34402119413438,8.31194337812692,9.02613504183918,9.87765329393403,,,,,11.7030528015278,12.2193741102416,13.4494162027929,14.6297242280315
40.5999999999948,0.696590868115471,1.80320684419519,,,3.48870584862549,4.5167757815149,4.7404746465537,6.61941025466323,7.33892299789058,8.29106366832458,9.05588410005989,9.92861430596235,,,,,11.7020772953673,12.2417518285309,13.3742224195428,14.6548785998722
41.1999999999947,0.666007924623339,1.75652317391837,,,3.45185417514337,4.43970576354038,4.82530483495226,6.64575130277091,7.33277167485616,8.27154646603781,9.08563315828059,9.97957531799069,,,,,11.7011017892068,12.2641295468202,13.2990286362928,14.6800329717128
41.7999999999946,0.635424981131207,1.70983950364155,,,3.41500250166125,4.36263574556586,4.91013502335081,6.67209235087858,7.32848473325771,8.25160299305281,9.1153822165013,10.030536330019,,,,,11.6994698726174,12.2865072651094,13.2238348530427,14.7051873435535
42.3999999999945,0.604842037639075,1.66315583336474,,,3.37815082817912,4.28556572759133,5.00410592373328,6.69843339898626,7.32556250955557,8.24617636840939,9.15531915908413,10.0814973420473,,,,,11.6949727348018,12.2925873090645,13.1486410697926,14.7303417153942
42.9999999999945,0.586655049002228,1.61647216308792,,,3.39458761731522,4.20849570961681,5.05293701241199,6.73856334235667,7.33409040711473,8.26110422369649,9.18853279319946,10.1806822430383,,,,,11.6826201516568,12.3113461201947,13.0734472865425,14.7554960872349
43.5999999999944,0.558333420285798,1.62520633259746,,,3.33646666928244,4.19387293314317,5.06701896234763,6.80799585932061,7.33478910938279,8.25733222998173,9.21336838732321,10.1952010995942,,,,,11.6718672396035,12.3116112117904,13.0092138832779,14.761123125204
44.1999999999943,0.552743588014538,1.63394050210752,,,3.33298769749112,4.1792501566701,5.06140009433128,6.81747131251487,7.34493650752652,8.26337907846241,9.19688495396293,10.2610026695633,,,,,11.6564256767053,12.3169283148732,12.9999471898695,14.7591526332827
44.7999999999942,0.547153755743493,1.64267467161758,,,3.32950872570031,4.16462738019704,5.0412901276826,6.82694676570856,7.35053249639862,8.27022841153887,9.16513946288303,10.3268042395329,,,,,11.6316581399283,12.3073311891471,12.9906804964616,14.7571821413612
45.3999999999941,0.541563923472448,1.65140884112764,,,3.3260297539095,4.15000460372397,5.02118016103377,6.83642221890226,7.35356484037419,8.28140960589377,9.133393971803,10.3926058095025,,,,,11.6059999055106,12.2977340634208,12.9814138030537,14.7552116494398
45.999999999994,0.535974091201402,1.6601430106377,,,3.32255078211869,4.1353818272509,5.00107019438495,6.84589767209596,7.35703906202788,8.29304287282275,9.10164848072296,10.458407379472,,,,,11.5803416710928,12.2881369376945,12.9721471096458,14.7532411575183
46.5999999999939,0.530384258930356,1.66887718014775,,,3.31907181032789,4.12075905077784,4.98096022773614,6.85537312528965,7.36033269807959,8.30452895216294,9.06990298964292,10.5242089494416,,,,,11.554683436675,12.2785398119682,12.9628804162379,14.7512706655969
47.1999999999938,0.524794426659311,1.67761134965781,,,3.31559283853708,4.10613627430477,4.96085026108732,6.86484857848334,7.36450244019611,8.31778216188257,9.03815749856288,10.5900105194112,,,,,11.5290252022573,12.268942686242,12.95361372283,14.7493001736754
47.7999999999937,0.519204594388265,1.68634551916787,,,3.31211386674627,4.09151349783171,4.9407402944385,6.87432403167704,7.37039120415699,8.3318507647075,9.00641200748285,10.6558120893808,,,,,11.5033669678395,12.2593455605157,12.944347029422,14.747329681754
48.3999999999936,0.513614762117219,1.69507968867793,,,3.30863489495547,4.07689072135864,4.92063032778968,6.88379948487073,7.37285461756769,8.34542676194033,8.9746665164028,10.7216136593503,,,,,11.4781063825062,12.2497484347894,12.9350803360141,14.7453591898325
48.9999999999935,0.508024929846174,1.70381385818799,,,3.30515592316466,4.06226794488558,4.87853917799689,6.89327493806443,7.36872417675142,8.34226806528618,8.92304516453721,10.7874152293199,,,,,11.451126955501,12.2471222550293,12.9258136426062,14.7433886979111
49.5999999999935,0.497392470474518,1.71254802769804,,,3.24715026428217,4.04764516841251,4.85880202890616,6.88907886760538,7.36355937357559,8.3325567667987,8.86392749509609,10.82727138836,,,,,11.4310379624964,12.2365768324112,12.9165469491983,14.7414182059896
50.1999999999934,0.489134154662231,1.68014844003792,,,3.20048682366472,4.02559621371598,4.84738920310828,6.80186694994532,7.37436603439702,8.33952065840896,8.83551563205367,10.8704584263177,,,,,11.447104502327,12.246350942145,12.9567356345682,14.7238629192837
50.7999999999933,0.471754547663521,1.64774885237736,,,3.1244428709716,4.00354725901937,4.83352807294022,6.72328386966058,7.37651534121599,8.33556646475398,8.86432778322957,10.7791676420691,,,,,11.4632662228588,12.2444670779335,12.9652968027219,14.6597139118661
51.3999999999932,0.454374940664709,1.61534926471679,,,3.04839891827816,3.98149830432275,4.82514316212426,6.64470078937594,7.36807560796383,8.32359913771087,8.88413545164417,10.6878768578189,,,,,11.4757550203557,12.2320296571591,12.9738579708752,14.595564904448
51.9999999999931,0.436995333665899,1.58294967705622,,,2.97235496558471,3.95944934962614,4.81675825130837,6.56611770909129,7.36861209708687,8.30700322207666,8.90394312005868,10.5965860735688,,,,,11.4882284964596,12.2195922363846,12.9824191390286,14.5314158970298
52.599999999993,0.419615726667088,1.55055008939565,,,2.89631101289126,3.93740039492953,4.80837334049248,6.48753462880665,7.3708404040171,8.29037287525907,8.92375078847318,10.5052952893187,,,,,11.5007019725634,12.2071548156102,12.9909803071819,14.4672668896117
53.1999999999929,0.402236119668275,1.51815050173508,,,2.82026706019782,3.91535144023292,4.79998842967658,6.408951548522,7.37311919000963,8.27294377703971,8.94355845688768,10.4140045050686,,,,,11.5131754486673,12.1947173948357,12.9995414753353,14.4031178821936
53.7999999999928,0.384856512669464,1.48575091407451,,,2.74422310750437,3.8933024855363,4.79160351886069,6.33036846823736,7.37465553931753,8.2544297045292,8.96336612530217,10.3227137208185,,,,,11.5256489247711,12.1822799740612,13.0081026434886,14.3389688747755
54.3999999999927,0.367476905670652,1.45335132641394,,,2.66817915481093,3.87125353083969,4.78321860804479,6.25178538795272,7.37553863572393,8.23432973034816,8.98317379371668,10.2314229365683,,,,,11.538122400875,12.1698425532867,13.016663811642,14.2748198673574
54.9999999999926,0.350097298671841,1.42095173875337,,,2.59213520211748,3.84920457614308,4.77483369722889,6.17320230766807,7.38002624190125,8.21947624671946,9.00298146213117,10.1401321523182,,,,,11.5506952061904,12.1574051325122,13.0252249797953,14.2106708599392
55.5999999999925,0.332717691673031,1.3885521510928,,,2.51609124942403,3.82715562144647,4.76952515258031,6.09461922738343,7.38602029756438,8.21116334718399,9.03733700368949,10.0488413680681,,,,,11.5663309213852,12.1349833189524,13.0337861479487,14.1465218525211
56.1999999999924,0.313204405514608,1.35615256343223,,,2.4770580555996,3.80510666674986,4.72385444500001,6.0098803126417,7.37726766334418,8.18801965618239,9.0848584246672,9.9737383909145,,,,,11.5761225485585,12.099220986401,13.042347316102,14.082372845103
56.7999999999924,0.34383566964271,1.43256422808515,,,2.52166888468163,3.88993748873474,4.70271761083464,6.05403633161739,7.37177749350735,8.18928689500052,9.12136315438644,9.82015922751588,,,,,11.5481754830957,12.0644197187173,13.077622290866,14.0938954433716
57.3999999999923,0.383062152849843,1.50897589273945,,,2.64365330033299,3.97476831072097,4.73178500486493,6.10420262438089,7.38146562415043,8.21186303651484,9.11149461723488,9.77687830085433,,,,,11.5497806523789,12.0414165598365,13.1528515727572,14.1048798412028
57.9999999999922,0.422288636057084,1.58538755739374,,,2.76563771598533,4.05959913270719,4.75399807760403,6.15436891714447,7.38960882179007,8.24330588781194,9.09532904678511,9.73359737419419,,,,,11.5540950385106,12.0311848486793,13.228080854649,14.115864239034
58.5999999999921,0.461515119264326,1.66179922204804,,,2.88762213163767,4.14442995469342,4.77621115034302,6.20453520990804,7.38868071417666,8.28040491054865,9.07916347633524,9.69031644753405,,,,,11.5579482934712,12.0209531375222,13.3033101365407,14.1268486368653
59.199999999992,0.500741602471567,1.73821088670233,,,3.00960654729001,4.22926077667965,4.79842422308203,6.25470150267162,7.3862718158712,8.32080170468624,9.06299790588539,9.64703552087391,,,,,11.5618015484317,12.0107214263652,13.3785394184324,14.1378330346965
59.7999999999919,0.53996808567881,1.81462255135663,,,3.13159096294235,4.31409159866588,4.82063729582103,6.3048677954352,7.38334885091658,8.36147109529565,9.04683233543552,9.60375459421377,,,,,11.5656548033923,12.0004897152081,13.4537687003241,14.1488174325277
60.3999999999918,0.57919456888605,1.89103421601092,,,3.25357537859469,4.39892242065211,4.84285036856004,6.35503408819878,7.38129864965531,8.40161736729973,9.03066676498566,9.56047366755364,,,,,11.5695080583528,11.9902580040511,13.5289979822158,14.159801830359
60.9999999999917,0.618421052093293,1.96744588066522,,,3.37555979424703,4.48375324263834,4.86506344129903,6.40520038096236,7.37865941268421,8.44129324253391,9.01450119453581,9.5171927408935,,,,,11.5733613133134,11.9800262928941,13.6042272641075,14.1707862281902
61.5999999999916,0.657647535300536,2.04385754531951,,,3.49754420989937,4.56858406462457,4.88727651403803,6.45536667372593,7.37643017770801,8.47620957789054,8.99833562408595,9.47391181423335,,,,,11.5772407629427,11.969794581737,13.6794565459993,14.1817706260214
62.1999999999915,0.696874018507778,2.12026920997381,,,3.61952862555172,4.6534148866108,4.92361870690287,6.50553296648951,7.37778005785044,8.50334844341234,8.98015893775239,9.43063088757322,,,,,11.5808947092187,11.9649577953903,13.754685827891,14.1927550238526
62.7999999999914,0.730798561883996,2.1966808746281,,,3.70170164524978,4.73824570859702,4.994227438256,6.54587853194629,7.37507596428663,8.52908443513217,8.97132574828871,9.35898544332912,,,,,11.5725845823695,11.9623610156978,13.8299151097827,14.2037394216839
63.3999999999914,0.70140318638847,2.1460013573851,,,3.70997761450693,4.62261966480327,5.03265546329503,6.47373692088722,7.35032353385011,8.50850143362221,8.94231925053936,9.39299290965668,,,,,11.5710466608986,11.9364736146612,13.8184310691825,14.1705307590186
63.9999999999913,0.658942150483149,2.09532184014029,,,3.63256867683185,4.50699362100666,4.96547239366031,6.42262707008367,7.31160160958421,8.46322466207821,8.91008458926619,9.39942579315948,,,,,11.5387814016508,11.9097853830389,13.7677914821665,14.1695860029747
64.5999999999912,0.616481114577641,2.04464232289548,,,3.55515973915553,4.39136757721004,4.91447589278242,6.37151721928041,7.29072589485927,8.40894031756345,8.8945063195627,9.40585867666188,,,,,11.5143799017981,11.9038285475758,13.71715189515,14.1686412469312
65.1999999999911,0.574020078672131,1.99396280565067,,,3.47775080147921,4.27574153341343,4.86347939190479,6.32040736847715,7.26600908720963,8.34331889435934,8.87892804985946,9.41229156016429,,,,,11.4913629930387,11.8978717121131,13.6665123081335,14.1676964908878
65.799999999991,0.53155904276662,1.94328328840585,,,3.40034186380289,4.16011548961681,4.81248289102714,6.26929751767391,7.24032758786997,8.27087186595617,8.86334978015621,9.4187244436667,,,,,11.4683460842794,11.8919148766503,13.6158727211169,14.1667517348443
66.3999999999909,0.489098006861111,1.89260377116104,,,3.32293292612657,4.0444894458202,4.76148639014949,6.21818766687065,7.21514278107002,8.19950635497585,8.84777151045297,9.4251573271691,,,,,11.4453291755201,11.8859580411875,13.5652331341004,14.1658069788009
66.9999999999908,0.4466369709556,1.84192425391623,,,3.24552398845025,3.92886340202359,4.71048988927186,6.1670778160674,7.18900318026707,8.12865503281089,8.83219324074972,9.4315902106715,,,,,11.4223122667608,11.8800012057247,13.5145935470839,14.1648622227575
67.5999999999907,0.404175935050091,1.79124473667142,,,3.16811505077393,3.81323735822697,4.65949338839422,6.11596796526414,7.16346835032475,8.06059179899578,8.81661497104648,9.4380230941739,,,,,11.3992953580015,11.874044370262,13.4639539600673,14.163917466714
68.1999999999906,0.361714899144581,1.74056521942661,,,3.09070611309762,3.69761131443036,4.60849688751656,6.0648581144609,7.1345413726892,7.99402142633281,8.80103670134323,9.44445597767631,,,,,11.3760585331395,11.8680875347992,13.4133143730508,14.1629727106706
68.7999999999905,0.319253863239073,1.68988570218179,,,3.01329717542129,3.58198527063375,4.55615338054618,6.01374826365764,7.10062769734364,7.93293905724357,8.77218195741001,9.45088886117871,,,,,11.3495929971193,11.8822607905597,13.3626747860343,14.1620279546271
69.3999999999905,0.292106637403908,1.63920618493698,,,2.96177834833685,3.46635922683713,4.49041560474362,5.99766402904912,7.08761025489971,7.89792752273192,8.72886005274765,9.44252560667771,,,,,11.3432749409522,11.9184647114687,13.3120351990177,14.1610831985837
69.9999999999904,0.295077342410553,1.6845773212633,,,2.9306781306311,3.4971135498165,4.48582686126273,5.99823155096582,7.09387145721291,7.89359256810417,8.68189095650087,9.427934851053,,,,,11.3238448216341,11.97761869425,13.3200895100188,14.1864750270527
70.5999999999903,0.311884001015594,1.72994845759115,,,2.92160111768986,3.52786787279819,4.55221968173193,5.96223936179799,7.10770793155722,7.90193627583823,8.63273824923947,9.45042563096081,,,,,11.304442052101,12.0273050338133,13.3538998650389,14.2034797776208
71.1999999999902,0.328690659620859,1.775319593919,,,2.91252410474898,3.55862219577989,4.5936318810086,5.92624717262958,7.10937846157293,7.92465511623684,8.57551732016206,9.47291641086921,,,,,11.2819360481388,12.0472729131828,13.3877102200595,14.2204845281888
71.7999999999901,0.345497318226123,1.82069073024684,,,2.9034470918081,3.58937651876158,4.63504408028485,5.89025498346115,7.12377568353147,7.95958141004789,8.51829639108452,9.49540719077763,,,,,11.2583890189497,12.0672407925519,13.4215205750801,14.2374892787567
72.39999999999,0.362303976831388,1.8660618665747,,,2.89437007886723,3.62013084174328,4.67645627956111,5.85426279429274,7.14120336503994,7.99777450171815,8.46107546200698,9.51789797068604,,,,,11.2348419897607,12.0872086719209,13.4553309301006,14.2544940293247
72.9999999999899,0.379110635436651,1.91143300290254,,,2.88529306592634,3.65088516472497,4.71786847883737,5.81827060512432,7.15878106260908,8.03413820600192,8.40385453292944,9.54038875059445,,,,,11.2112949605717,12.10717655129,13.4891412851212,14.2714987798926
73.5999999999898,0.395917294041915,1.95680413923039,,,2.87621605298546,3.68163948770667,4.75928067811362,5.78227841595589,7.17640320320287,8.07005244808153,8.3466336038519,9.56287953050285,,,,,11.1877479313826,12.127144430659,13.5229516401418,14.2885035304605
74.1999999999897,0.41272395264718,2.00217527555824,,,2.86713904004459,3.71239381068836,4.80069287738988,5.74628622678748,7.19364643909664,8.10404153483588,8.28941267477436,9.58537031041125,,,,,11.1642009021936,12.1471123100281,13.5567619951624,14.3055082810285
74.7999999999896,0.429530611252444,2.04754641188609,,,2.85806202710371,3.74314813367006,4.84210507666612,5.71029403761906,7.21698353732558,8.14346903325699,8.23219174569682,9.60786109031967,,,,,11.1404664613298,12.1670801893971,13.5905723501829,14.3225130315964
75.3999999999895,0.446337269857709,2.09291754821394,,,2.84898501416283,3.77390245665176,4.87109147435901,5.67430184845064,7.25038886050156,8.1872965631794,8.19368509848942,9.63035187022808,,,,,11.1211321585456,12.1618013011906,13.6243827052035,14.3395177821644
75.9999999999895,0.451913203907235,2.13828868454179,,,2.82354809366246,3.80465677963345,4.90857562081301,5.61449440071456,7.26520136512809,8.21691746412989,8.17255563248042,9.68897165948121,,,,,11.0925962726046,12.1362677677372,13.6581930602241,14.3565225327323
76.5999999999894,0.474765470638828,2.11932624995758,,,2.80035939353719,3.8200546309676,4.87085156402259,5.69851262594016,7.2942211415266,8.24619543146407,8.21342086949083,9.7278710787235,,,,,11.1234390540405,12.1063612569325,13.6737025999721,14.3630543272516
77.1999999999893,0.491261064540851,2.10036381537225,,,2.7630724630351,3.83545248230148,4.86143945846145,5.82992104031529,7.33150253257124,8.27929020153324,8.2878292018021,9.71770270882782,,,,,11.1809000208658,12.0940800111444,13.6887100893891,14.3878014973189
77.7999999999892,0.50775665844276,2.08140138078692,,,2.72578553253275,3.85085033363536,4.87264874922009,5.96132945469126,7.36914783236699,8.29481257429215,8.35100839246785,9.70753433893127,,,,,11.2255270605316,12.1087275394317,13.703717578806,14.4125486673866
78.3999999999891,0.524252252344669,2.06243894620158,,,2.68849860203041,3.86624818496924,4.88385803997909,6.09273786906723,7.39945333305995,8.31088083387529,8.4141875831334,9.69736596903472,,,,,11.2721034107112,12.1233750677195,13.718725068223,14.4372958374542
78.999999999989,0.540747846246578,2.04347651161625,,,2.65121167152806,3.88164603630312,4.89506733073811,6.2241462834432,7.42862288518086,8.32890997769854,8.47736677379895,9.68719759913817,,,,,11.318679760891,12.1380225960072,13.7337325576399,14.4620430075218
79.5999999999889,0.557243440148487,2.02451407703092,,,2.61392474102571,3.897043887637,4.90627662149711,6.35555469781917,7.45732138022105,8.34930560430554,8.5405459644645,9.67702922924161,,,,,11.3652561110707,12.152670124295,13.7487400470568,14.4867901775895
80.1999999999888,0.573739034050397,2.00555164244558,,,2.57663781052336,3.91244173897087,4.91748591225612,6.48696311219514,7.48658995506986,8.37059682745955,8.60372515513005,9.66686085934506,,,,,11.4118324612504,12.1673176525827,13.7637475364738,14.5115373476571
80.7999999999887,0.590234627952306,1.98658920786025,,,2.53935088002102,3.92783959030475,4.92869520301512,6.61837152657111,7.51654442246482,8.39337828163392,8.6669043457956,9.6566924894485,,,,,11.4584088114301,12.1819651808705,13.7787550258907,14.5362845177247
81.3999999999886,0.606730221854216,1.96762677327492,,,2.50206394951867,3.94323744163863,4.93990449377412,6.74977994094708,7.5435397938618,8.40911528526033,8.73008353646115,9.64652411955195,,,,,11.5053419863926,12.1966127091582,13.7937625153077,14.5610316877924
81.9999999999885,0.623225815756125,1.94866433868958,,,2.46477701901632,3.95863529297251,4.94934482461413,6.88118835532305,7.56434311797073,8.42160381255819,8.7760096199663,9.6363557496554,,,,,11.5512327042301,12.2227632423705,13.8087700047246,14.58577885786
82.5999999999885,0.643696913385855,1.92970190410425,,,2.44820586151279,3.97403314430639,4.93783335878433,7.01626049711886,7.58818453912437,8.41813321854011,8.78791567460623,9.62055585526379,,,,,11.601050040816,12.2530988616403,13.8237774941416,14.6105260279277
83.1999999999884,0.611227779646352,1.90179799417623,,,2.42461720243582,3.96181941573029,4.93510553108559,6.97080853320003,7.56548725638756,8.39107407138399,8.7514603496097,9.58555995127278,,,,,11.5760040212996,12.2700926593371,13.781599156788,14.5699508123124
83.7999999999883,0.587910224839901,1.87389408424803,,,2.4537252124194,3.94960568715366,4.91257875012413,6.92766274796573,7.53431639434561,8.35595221368426,8.73677180730584,9.52477191249103,,,,,11.5265659860164,12.2702064359735,13.7179133861728,14.5070941411349
84.3999999999882,0.564592670033626,1.84599017431983,,,2.48283322240401,3.93739195857702,4.87809055996421,6.88451696273148,7.51096078944402,8.3431658701779,8.73970844364688,9.46398387370877,,,,,11.50215894655,12.2542316408689,13.6542276155572,14.4442374699569
84.9999999999881,0.541275115227352,1.81808626439163,,,2.51194123238861,3.92517823000039,4.84360236980406,6.84137117749724,7.48555780638207,8.32327957564394,8.74264507998827,9.40319583492652,,,,,11.4748840519957,12.238256845764,13.5905418449415,14.3813807987789
85.599999999988,0.51795756042108,1.79018235446343,,,2.54104924237321,3.91296450142376,4.8091141796439,6.79822539226298,7.45854197660668,8.3018383156822,8.74558171632966,9.34240779614427,,,,,11.4476091574414,12.222282050659,13.5268560743259,14.318524127601
86.1999999999879,0.494640005614805,1.76227844453524,,,2.57015725235782,3.90075077284713,4.77462598948376,6.75507960702873,7.43219532880391,8.27875003170212,8.74851835267104,9.28161975736201,,,,,11.4203342628871,12.2063072555541,13.4631703037102,14.255667456423
86.7999999999878,0.471322450808532,1.73437453460704,,,2.59926526234242,3.8885370442705,4.74013779932361,6.71193382179448,7.40582203781274,8.25543850696236,8.75145498901244,9.22083171857975,,,,,11.3930593683328,12.1903324604492,13.3994845330946,14.192810785245
87.3999999999877,0.448004896002257,1.70647062467884,,,2.62837327232703,3.87632331569386,4.70564960916345,6.66878803656023,7.37894356780819,8.23004340243589,8.75439162535382,9.1600436797975,,,,,11.3657844737785,12.1743576653442,13.335798762479,14.1299541140671
87.9999999999876,0.424687341195982,1.67856671475064,,,2.65748128231163,3.86410958711723,4.67116141900331,6.62564225132599,7.35092699255929,8.20587927946983,8.75732826169522,9.09925564101524,,,,,11.3386031494943,12.1583828702393,13.2721129918633,14.0670974428891
88.5999999999875,0.401369786389709,1.65066280482244,,,2.68658929229624,3.8518958585406,4.65186705687315,6.58249646609173,7.32211124041091,8.17949112552389,8.77370152795118,9.03846760223298,,,,,11.3037657337069,12.1482222343946,13.2084272212477,14.0042407717111
89.1999999999875,0.378011284585991,1.62275889489425,,,2.71054490520021,3.83968212996397,4.62193978322868,6.51816883700088,7.29908325063622,8.17298907793995,8.82350978050018,9,,,,,11.2755061872484,12.147116443394,13.144741450632,13.9413841005332
89.7999999999874,0.394812016410006,1.65357830567277,,,2.74947777277011,3.81874552440606,4.63665012054734,6.49548412481519,7.31356273525499,8.18361318402111,8.84995408738555,9.00339727576043,,,,,11.2835735677486,12.1626569536375,13.1799954032079,13.9810930126393
90.3999999999873,0.409818607029398,1.68439771645252,,,2.76446181118421,3.79780891884797,4.6125642170776,6.43630795861745,7.3193509471187,8.19736859761704,8.82028343115047,9.09384312467888,,,,,11.286185826077,12.1850177326294,13.2246652970659,13.9786545222631
90.9999999999872,0.424825197648754,1.71521712723227,,,2.7794458495978,3.77687231328988,4.62692395444758,6.37713179241893,7.30989814713367,8.18105431497215,8.78223832223953,9.18428897359918,,,,,11.2670475252339,12.1863673723945,13.2693351909242,13.976216031886
91.5999999999871,0.43983178826811,1.74603653801202,,,2.79442988801139,3.75593570773179,4.64128369181839,6.31795562622041,7.30373419201664,8.168481476539,8.74419321332839,9.27473482251946,,,,,11.248786225521,12.1877170121593,13.3140050847824,13.9737775415089
92.199999999987,0.454838378887466,1.77685594879177,,,2.80941392642498,3.7349991021737,4.65564342918919,6.25877946002189,7.30016629326891,8.15654866674433,8.70614810441726,9.36518067143976,,,,,11.2305249258082,12.189066651924,13.3586749786407,13.9713390511318
92.7999999999869,0.469844969506821,1.80767535957152,,,2.82439796483858,3.71406249661561,4.67000316656001,6.19960329382338,7.29593694525966,8.14650514058647,8.66810299550612,9.45562652036005,,,,,11.2122636260953,12.1904162916887,13.4033448724989,13.9689005607547
93.3999999999868,0.484851560126178,1.83849477035127,,,2.83938200325217,3.69312589105752,4.68436290393082,6.14042712762486,7.29175670623068,8.13626330436066,8.63005788659499,9.54607236928034,,,,,11.1940023263825,12.1917659314534,13.4480147663572,13.9664620703775
93.9999999999867,0.499858150745534,1.86931418113102,,,2.85436604166576,3.67218928549943,4.69872264130162,6.08125096142634,7.28841771233213,8.12778689965687,8.59201277768386,9.63651821820063,,,,,11.1757410266696,12.1931155712181,13.4926846602154,13.9640235800004
94.5999999999866,0.51486474136489,1.90013359191077,,,2.86935008007936,3.65125267994134,4.71308237867244,6.02207479522782,7.28732025174705,8.12043089933702,8.55396766877273,9.72696406712093,,,,,11.1571534894665,12.1944652109828,13.5373545540737,13.9615850896233
95.1999999999865,0.529871331984245,1.93095300269052,,,2.88433411849295,3.63031607438325,4.71888508425968,5.9628986290293,7.28565668526883,8.1103117231494,8.50101924069852,9.81740991604122,,,,,11.1517676623568,12.1744847082832,13.5820244479319,13.9591465992462
95.7999999999865,0.545999940115498,1.96177241347027,,,2.89820986438943,3.60937946882516,4.75868782406997,5.90726802477247,7.27491836199779,8.07750757101158,8.41245756345098,9.8713624397587,,,,,11.1267311913145,12.1448443842845,13.6266943417902,13.9567081088691
96.3999999999864,0.53229510161083,1.92681794620963,,,2.87677441571994,3.59169810601128,4.75642553801321,5.8747370293172,7.24685883421926,8.0520171644935,8.38849536278063,9.94103678679542,,,,,11.0834601214424,12.1035928078295,13.6009266667509,13.8507057475561
96.9999999999863,0.491959487009461,1.89186347894749,,,2.78735664603779,3.57401674319746,4.72700064830261,5.82450560730167,7.22631487638868,8.02355508340848,8.37106563393947,9.91031606621538,,,,,11.0811148260118,12.0675586043797,13.5890492864716,13.8383850654186
97.5999999999862,0.451623872407488,1.85690901168536,,,2.6979388763541,3.55633538038365,4.64915502672908,5.77427418528572,7.22286138982068,8.0203850512965,8.36640305756432,9.87959534563306,,,,,11.0860038333711,12.0681362289408,13.5771719061926,13.8260643832832
98.1999999999861,0.411288257805512,1.82195454442323,,,2.6085211066704,3.53865401756984,4.57130940515443,5.72404276326979,7.21777328890093,8.01455618705863,8.36174048118945,9.84887462505075,,,,,11.0911027992925,12.0687138535028,13.5652945259136,13.8137437011478
98.799999999986,0.370952643203537,1.7870000771611,,,2.51910333698671,3.52097265475602,4.49346378357979,5.67381134125384,7.21024122315746,8.00668921392996,8.35707790481457,9.81815390446842,,,,,11.096201765214,12.0692914780648,13.5534171456346,13.8014230190124
99.3999999999859,0.330617028601563,1.75204560989897,,,2.42968556730301,3.50329129194221,4.41561816200515,5.6235799192379,7.20289748984643,7.99747581677095,8.35241532843972,9.7874331838861,,,,,11.1013007311354,12.0698691026268,13.5415397653556,13.7891023368771
99.9999999999858,0.290281413999589,1.71709114263684,,,2.34026779761932,3.4856099291284,4.33777254043052,5.57334849722196,7.195562203494,7.98809735753761,8.34775275206485,9.75671246330377,,,,,11.1063996970569,12.0704467271888,13.5296623850766,13.7767816547417
100.599999999986,0.249945799397614,1.6821366753747,,,2.25085002793562,3.46792856631458,4.25992691885588,5.52311707520602,7.186844967569,7.97684483908162,8.34309017568998,9.72599174272145,,,,,11.1114986629783,12.0710243517508,13.5177850047976,13.7644609726063
101.199999999986,0.209610184795639,1.64718220811257,,,2.16143225825193,3.45024720350077,4.18208129728124,5.47288565319008,7.17443963586997,7.96357197284482,8.33842759931511,9.69527102213913,,,,,11.1167078703062,12.0716019763128,13.5059076245187,13.7521402904709
101.799999999986,0.169274570193665,1.61222774085044,,,2.07201448856823,3.43256584068696,4.1053606102463,5.42265423117415,7.16073234028492,7.95906145787507,8.35496962054366,9.6645503015568,,,,,11.1132438267067,12.0912281828573,13.4940302442397,13.7398196083355
102.399999999985,0.127231429594922,1.57727327358831,,,2,3.41488447787314,4.02263027195967,5.43676646776018,7.16546501602695,7.98785978537152,8.4165642349383,9.64904994765072,,,,,11.1295161359829,12.1199521583274,13.4821528639607,13.7274989262001
102.999999999985,0.138942704084139,1.60801201708267,,,2.00541110684949,3.47536171142262,4,5.4748696993466,7.17987687067057,8.00722833509786,8.46253920396454,9.59606655312795,,,,,11.1737601517436,12.1560680067763,13.4850646631284,13.8343575054835
103.599999999985,0.169773688929281,1.63875076057863,,,2.07018530994799,3.53583894497399,4.07508353249341,5.56356155417036,7.19166970762128,8.03092074205782,8.51162794350075,9.62467257914527,,,,,11.1742822902183,12.1798557122067,13.4651367678948,13.8663450671818
104.199999999985,0.200604673774888,1.66948950407458,,,2.13495951304794,3.59631617852536,4.18000787672609,5.65225340899535,7.1951504349482,8.04539992756813,8.54938308315779,9.65327860516461,,,,,11.1730345558584,12.1675965156391,13.4452088726605,13.8983326288783
104.799999999985,0.231435658620496,1.70022824757054,,,2.19973371614789,3.65679341207673,4.28493222095953,5.74094526382034,7.20155497566292,8.06229147237836,8.58713822281458,9.68188463118394,,,,,11.172527015397,12.1553373190707,13.4252809774263,13.9303201905748
105.399999999985,0.262266643466104,1.7309669910665,,,2.26450791924784,3.71727064562811,4.38985656519297,5.82963711864534,7.20849468648073,8.08330619260873,8.62489336247135,9.71049065720327,,,,,11.1720194749356,12.1430781225022,13.405353082192,13.9623077522712
105.999999999985,0.293097628311713,1.76170573456245,,,2.32928212234779,3.77774787917948,4.49478090942639,5.91832897347033,7.21507136219161,8.10377357539501,8.66264850212813,9.73909668322259,,,,,11.1715119344742,12.1308189259338,13.3854251869578,13.9942953139677
106.599999999985,0.32392861315732,1.79244447805841,,,2.39405632544774,3.83822511273085,4.59970525365982,6.00702082829532,7.22056345217992,8.12398086326109,8.70040364178491,9.76770270924193,,,,,11.1710043940129,12.1185597293654,13.3654972917236,14.0262828756642
107.199999999985,0.354759598002926,1.82318322155437,,,2.45883052854769,3.89870234628222,4.70462959789326,6.09571268312031,7.22615784310921,8.14756983636073,8.73815878144169,9.79630873526125,,,,,11.1704968535515,12.1063005327969,13.3455693964893,14.0582704373607
107.799999999985,0.385590582848534,1.85392196505033,,,2.52360473164764,3.9591795798336,4.80955394212668,6.18440453794531,7.23421699617953,8.17457514070838,8.77591392109846,9.82491476128058,,,,,11.1700700792862,12.0940413362285,13.3256415012551,14.0902579990572
108.399999999985,0.416421567694142,1.88466070854628,,,2.58837893474759,4.01965681338497,4.91073973654141,6.2730963927703,7.25185469920981,8.19969191745582,8.79909723956626,9.85352078729992,,,,,11.1740614163518,12.0725766994901,13.3057136060208,14.1222455607536
108.999999999984,0.441657897126439,1.91539945204224,,,2.62490045694842,4.08013404693634,4.99722874842083,6.27709763783186,7.25429163012553,8.20596065371456,8.82453448478237,9.86159948643523,,,,,11.1676168842201,12.0295127507807,13.2857857107866,14.1542331224501
109.599999999984,0.421166220937868,1.88229807245914,,,2.61080367990148,4.03558859889244,5.01805710004504,6.20513484239456,7.24010868376295,8.20443811566183,8.80676709547587,9.87986466341276,,,,,11.1145275513145,11.9881584665693,13.2363480920476,14.1036879574756
110.199999999984,0.408058661520501,1.84919669287439,,,2.6332321492284,3.99104315084581,4.96704607735819,6.09807955552796,7.22537719101676,8.18777026704386,8.81442713561785,9.8815330802406,,,,,11.0915453346453,11.9426069817684,13.1832475026851,14.0971174489753
110.799999999984,0.394951102103324,1.81609531328964,,,2.65566061855628,3.94649770279919,4.88511045917472,5.99102426866044,7.21016759437568,8.16272849789714,8.81530633105145,9.883201497068,,,,,11.0746307518483,11.9351895581098,13.1301469133225,14.0905469404761
111.399999999984,0.381843542686148,1.78299393370489,,,2.67808908788416,3.90195225475256,4.80317484099042,5.88396898179292,7.19302900773219,8.1333081983324,8.81618552648489,9.88486991389541,,,,,11.0578722215874,11.9277721344521,13.0770463239599,14.0839764319769
111.999999999984,0.368735983268972,1.74989255412014,,,2.70051755721204,3.85740680670594,4.72123922280613,5.77691369492541,7.1756308401638,8.09847504430794,8.81706472191833,9.88653833072281,,,,,11.0411136913265,11.9203547107945,13.0239457345973,14.0774059234778
112.599999999984,0.355628423851796,1.71679117453539,,,2.72294602653991,3.81286135865931,4.63930360462184,5.66985840805789,7.15910808400548,8.06413532901294,8.81794391735175,9.88820674755021,,,,,11.0243551610656,11.9129372871369,12.9708451452347,14.0708354149786
113.199999999984,0.342520864434621,1.68368979495064,,,2.7453744958678,3.76831591061268,4.55736798643755,5.56280312119038,7.14358816680219,8.03034912643711,8.81882311278519,9.88987516437762,,,,,11.0075966308047,11.9055198634793,12.9177445558722,14.0642649064795
113.799999999984,0.329413305017444,1.65058841536589,,,2.76780296519567,3.72377046256606,4.47543236825326,5.45574783432286,7.12953256542772,7.9936347816017,8.81970230821862,9.89154358120502,,,,,10.9908381005438,11.8981024398217,12.8646439665096,14.0576943979803
114.399999999984,0.316305745600268,1.61748703578114,,,2.79023143452355,3.67922501451943,4.39349675006896,5.34869254745534,7.11371029097024,7.95539960678623,8.82058150365205,9.89321199803242,,,,,10.9737360128367,11.8906850161641,12.811543377147,14.0511238894811
114.999999999984,0.303198186183092,1.58438565619639,,,2.81265990385143,3.63467956647281,4.3233152828345,5.24163726058782,7.08788580469567,7.90932252710977,8.83183585209378,9.89488041485982,,,,,10.9548387202291,11.8773491904016,12.7584427877844,14.044553380982
115.599999999983,0.297396903160888,1.55128427661164,,,2.8557080668912,3.59013411842618,4.30167149761485,5.19690843388033,7.0786521315738,7.8769467652281,8.8109107439252,9.89894278479667,,,,,10.9417584985077,11.8972024377148,12.7053421984218,14.0379828724828
116.199999999983,0.338606653247693,1.62544208552769,,,2.88599535219246,3.69063564244032,4.32136501353771,5.29314253197792,7.09941286543776,7.8855983161771,8.80085997471784,9.90839110976505,,,,,11.0182363528315,11.9199431353599,12.7516611306541,14.0804842928978
116.799999999983,0.368993561528817,1.69959989444672,,,2.85445422469379,3.79113716645847,4.38229447974666,5.42018181035656,7.12845095176623,7.91940563635395,8.76497419420873,9.89178392546087,,,,,11.0746003280213,11.9624657909476,12.8369368127964,14.1328139413708
117.399999999983,0.39938046980964,1.77375770336573,,,2.82291309719341,3.89163869047662,4.48057162970788,5.54722108873605,7.16452916095744,7.97489243046669,8.74679655273126,9.87517674115596,,,,,11.1230143655415,11.9922700046217,12.9222124949397,14.1851435898441
117.999999999983,0.429767378090461,1.84791551228475,,,2.79137196969303,3.99214021449477,4.57884877967015,5.67426036711554,7.20345552628491,8.04378661759889,8.72861891125428,9.85856955685105,,,,,11.171037798248,12.0220742182954,13.0074881770831,14.2374732383173
118.599999999983,0.460154286371284,1.92207332120377,,,2.75983084219265,4.09264173851292,4.67712592963242,5.80129964549503,7.24509056845752,8.11565210597719,8.7104412697773,9.84196237254614,,,,,11.2190612309544,12.0518784319692,13.0927638592264,14.2898028867906
119.199999999983,0.490541194652107,1.9962311301228,,,2.72828971469227,4.19314326253106,4.77540307959468,5.92833892387451,7.28639037330969,8.18768947738477,8.69226362830031,9.82535518824123,,,,,11.2670846636608,12.0816826456429,13.1780395413698,14.3421325352638
119.799999999983,0.52092810293293,2.07038893904181,,,2.69674858719188,4.29364478654921,4.87368022955695,6.05537820225401,7.32778432955589,8.25973287201285,8.67408598682333,9.80874800393632,,,,,11.3151080963672,12.1114868593167,13.2633152235131,14.3944621837371
120.399999999983,0.551315011213752,2.14454674796084,,,2.6652074596915,4.39414631056736,4.97195737951921,6.18241748063349,7.36813994488536,8.33371933508755,8.65590834534634,9.79214081963141,,,,,11.3631315290737,12.1412910729904,13.3485909056565,14.4467918322103
120.999999999983,0.581701919494575,2.21870455687986,,,2.63366633219112,4.49464783458551,5.07023452948148,6.30945675901298,7.411350906288,8.41169854583096,8.63773070386936,9.7755336353265,,,,,11.4117598180667,12.1710952866642,13.4338665877998,14.4991214806835
121.599999999983,0.612088827775397,2.29286236579888,,,2.60212520469074,4.59514935860366,5.15490159526948,6.43649603739247,7.45984976779357,8.49863058607993,8.59511063925983,9.7589264510216,,,,,11.4594045196824,12.2187144992564,13.5191422699432,14.5514511291568
122.199999999982,0.641705554327435,2.3670201747179,,,2.56436720260139,4.69565088262181,5.17852239701984,6.54752664394397,7.48484258157587,8.55229328244465,8.56024368046267,9.78757983875152,,,,,11.4936854346224,12.2419783574531,13.6044179520865,14.60378077763
122.799999999982,0.620777997323338,2.35226859261375,,,2.57952502312939,4.59138941168762,5.17643933354244,6.57602104294826,7.49489704371103,8.57158193718592,8.56255358243579,9.79344347313329,,,,,11.451065433081,12.2633607880572,13.6174225476328,14.6055261784307
123.399999999982,0.61879957250458,2.33751701050699,,,2.62504094817872,4.48712794074744,5.16477695505123,6.59434541882896,7.50877544308387,8.60258344876614,8.54794556507956,9.86151953009498,,,,,11.4255365432801,12.2771816443298,13.6053861860552,14.5834378181577
123.999999999982,0.616821147686383,2.32276542840024,,,2.67055687322895,4.38286646980725,5.15211000203329,6.61266979470936,7.50993366642638,8.62429378511737,8.51907326073285,9.92959558705849,,,,,11.4081419121714,12.2757328024014,13.5933498244767,14.5613494578839
124.599999999982,0.614842722868184,2.30801384629349,,,2.71607279827917,4.27860499886707,5.13944304901532,6.63099417058977,7.50540596994744,8.62299500420984,8.49020095638571,9.99767164402201,,,,,11.3899490914843,12.2742839604725,13.5813134628983,14.5392610976102
125.199999999982,0.612864298049985,2.29326226418673,,,2.76158872332939,4.17434352792689,5.12677609599737,6.64931854647017,7.49769539553952,8.62177710732416,8.46132865203858,10.0657477009855,,,,,11.3717562707972,12.2728351185436,13.5692771013199,14.5171727373365
125.799999999982,0.610885873231786,2.27851068207998,,,2.80710464837962,4.0700820569867,5.1141091429794,6.66764292235058,7.489338430076,8.62130994947698,8.43245634769144,10.133823757949,,,,,11.35356345011,12.2713862766147,13.5572407397414,14.4950843770627
126.399999999982,0.608907448413589,2.26375909997323,,,2.85262057342984,3.96582058604652,5.10144218996143,6.68596729823098,7.48074995457977,8.61997581388228,8.40358404334431,10.2018998149125,,,,,11.3353706294229,12.2699374346858,13.545204378163,14.472996016789
126.999999999982,0.60692902359539,2.24900751786647,,,2.89813649848007,3.86155911510634,5.08877523694346,6.70429167411139,7.47125480941079,8.6156926567027,8.37471173899718,10.2699758718761,,,,,11.3171778087358,12.268488592757,13.5331680165846,14.4509076565152
127.599999999982,0.604950598777192,2.23425593575972,,,2.9436524235303,3.75729764416615,5.07610828392548,6.72261604999179,7.45957894818679,8.60298047617406,8.34583943465003,10.3380519288396,,,,,11.2984986595355,12.2670397508281,13.5211316550062,14.4288192962415
128.199999999982,0.602972173958994,2.21950435365297,,,2.98916834858052,3.65303617322597,5.07965505299537,6.74094042587219,7.44223628689575,8.5761993040947,8.34153085590131,10.4061279858031,,,,,11.2784212921588,12.2510550320842,13.5090952934277,14.4067309359678
128.799999999981,0.597158933248555,2.20475277154622,,,3.03538383983167,3.54877470228579,5.09308558511716,6.73843247421219,7.44122337591957,8.58088591668604,8.32934720200296,10.4124348507459,,,,,11.2682947880947,12.24777881688,13.4970589318493,14.384642575694
129.399999999981,0.605623244294329,2.1502375252124,,,3.01721594676175,3.55753343896974,5.09582513007323,6.72504092107636,7.4244281462591,8.56270773209991,8.30578036745982,10.3994424577766,,,,,11.279435136153,12.2311746247026,13.4564202299145,14.4266214280393
129.999999999981,0.592931029220474,2.09572227887736,,,2.96763532766546,3.56629217565719,5.05733859033296,6.6860703394816,7.38556015275089,8.50688675517248,8.32359672490016,10.3163758862587,,,,,11.2705690566645,12.2115907953969,13.4067741622115,14.4368150160072
130.599999999981,0.580238814145964,2.04120703254231,,,2.91805470856819,3.57505091234463,4.98533935413554,6.64709975788606,7.3531471062993,8.43584887823,8.35116582696199,10.2333093147387,,,,,11.2545082899165,12.2038909962258,13.3571280945082,14.447008603974
131.199999999981,0.567546599071453,1.98669178620727,,,2.86847408947092,3.58380964903208,4.91334011793709,6.60812917629051,7.32642350166624,8.38660781103854,8.37873492902413,10.1502427432186,,,,,11.2393181600798,12.1961911970552,13.307482026805,14.4572021919409
131.799999999981,0.55485438399694,1.93217653987222,,,2.81889347037365,3.59256838571953,4.84134088173862,6.56915859469497,7.30095843482329,8.33552160743139,8.40630403108624,10.0671761716986,,,,,11.2241280302431,12.1884913978845,13.2578359591017,14.4673957799077
132.399999999981,0.542162168922427,1.87766129353718,,,2.76931285127639,3.60132712240697,4.76934164554016,6.53018801309942,7.27606320491197,8.28200647638911,8.43387313314838,9.98410960017853,,,,,11.2089379004065,12.1807915987138,13.2081898913984,14.4775893678746
132.999999999981,0.529469953847917,1.82314604720213,,,2.71973223217912,3.61008585909442,4.6973424093417,6.49121743150387,7.25135896654418,8.22983422644664,8.4614422352105,9.90104302865849,,,,,11.1937477705698,12.1730917995431,13.1585438236951,14.4877829558414
133.599999999981,0.516777738773404,1.76863080086709,,,2.67015161308185,3.61884459578186,4.62534317314323,6.45224684990832,7.22804535756009,8.1792677568347,8.48901133727263,9.81797645713845,,,,,11.1785576407332,12.1653920003725,13.1088977559919,14.4979765438083
134.199999999981,0.504085523698892,1.71411555453205,,,2.62057099398458,3.62760333246931,4.55334393694478,6.41327626831277,7.2057357456875,8.13790971380501,8.51658043933476,9.7349098856184,,,,,11.1637624725563,12.1576922012018,13.0592516882886,14.5081701317751
134.799999999981,0.49139330862438,1.659600308197,,,2.57099037488732,3.63636206915676,4.46398440856688,6.37430568671723,7.18420693991465,8.11970444818647,8.53940787796846,9.65184331409835,,,,,11.1516878674049,12.1594173082826,13.0096056205853,14.518363719742
135.39999999998,0.478491171146359,1.60508506186196,,,2.51381230953878,3.6451208058442,4.39479390088265,6.35745839989375,7.14579083157723,8.09048091024375,8.56701067909921,9.62962557688587,,,,,11.1370900110427,12.1395413433208,12.9599595528821,14.5285573077088
135.99999999998,0.466201934982897,1.61603411762141,,,2.47081988529896,3.66765993601115,4.35037089011477,6.31712343378891,7.12728958126704,8.09025653221169,8.58044449218805,9.69754286141378,,,,,11.1023371151817,12.1224916726488,12.9659251806383,14.4534226319439
136.59999999998,0.480566927383855,1.626983173383,,,2.4938886390828,3.69019906617854,4.39853133052166,6.31286439491053,7.12829526812985,8.11530973993748,8.5842305508735,9.78137539100777,,,,,11.093426022341,12.1092622968051,12.987471411486,14.4517093986378
137.19999999998,0.494931919785686,1.63793222914459,,,2.51695739286881,3.71273819634593,4.44903225861762,6.30860535603334,7.12951966423041,8.15142671408575,8.58345250724281,9.86520792060226,,,,,11.0954561891189,12.092615718562,13.0090176423342,14.4499961653342
137.79999999998,0.509296912187521,1.64888128490618,,,2.54002614665482,3.73527732651333,4.49953318671366,6.30434631715615,7.1244491404922,8.17092865205706,8.58267446361195,9.94904045019677,,,,,11.0960534646671,12.0759691403189,13.0305638731824,14.4482829320306
138.39999999998,0.523661904589353,1.65983034066777,,,2.56309490044082,3.75781645668072,4.5500341148097,6.30008727827895,7.11918234682337,8.19294112179266,8.58189641998111,10.0328729797913,,,,,11.0966507402151,12.0593225620757,13.0521101040306,14.446569698727
138.99999999998,0.538026896991185,1.67077939642937,,,2.58616365422683,3.78035558684812,4.60053504290575,6.29582823940176,7.11395695420006,8.21687505148937,8.58111837635026,10.1167055093858,,,,,11.0972480157632,12.0426759838326,13.0736563348788,14.4448564654233
139.59999999998,0.552391889393018,1.68172845219096,,,2.60923240801284,3.80289471701551,4.65103597100178,6.29156920052457,7.10809289506012,8.24084431195017,8.58034033271942,10.2005380389803,,,,,11.0978452913113,12.0260294055894,13.095202565727,14.4431432321197
140.19999999998,0.566756881794849,1.69267750795255,,,2.63230116179884,3.8254338471829,4.70153689909782,6.28731016164737,7.10184907096395,8.26553263742212,8.57956228908857,10.2843705685748,,,,,11.0984425668594,12.0093828273463,13.1167487965751,14.4414299988161
140.79999999998,0.581121874196682,1.70362656371414,,,2.65536991558484,3.8479729773503,4.75203782719387,6.28305112277018,7.09304576706988,8.27980056843739,8.57878424545772,10.3682030981693,,,,,11.0986605374138,11.9927362491031,13.1382950274233,14.4397167655125
141.39999999998,0.595486866598514,1.71457561947573,,,2.67843866937084,3.87051210751769,4.8127291992708,6.27879208389299,7.08612006614257,8.27723278058657,8.57211828786735,10.4520356277638,,,,,11.0958627767919,11.9850161718576,13.1598412582715,14.4380035322089
141.999999999979,0.61338083768129,1.72552467523732,,,2.71015580977922,3.89305123768508,4.86710911845891,6.24528554805802,7.10439012287467,8.27612315091094,8.57193667544844,10.5255959346697,,,,,11.0915025657803,12.0009868923056,13.1813874891197,14.4362902989052
142.599999999979,0.641320820132027,1.68863853968216,,,2.76056129258216,3.87457999925377,4.90369425408182,6.21593069461516,7.1175224413222,8.2786882679955,8.57156527742677,10.5258595707348,,,,,11.163838752116,12.0351817363944,13.2117312247192,14.4632282494386
143.199999999979,0.636796508836002,1.65175240412536,,,2.74668223531843,3.85610876082104,4.83057407324819,6.1772920202056,7.11701412261622,8.26174290844486,8.55008329598822,10.5379867575748,,,,,11.2159753215752,12.0713425710252,13.2301091072533,14.390874212096
143.799999999979,0.632272197538858,1.61486626856855,,,2.73280317805248,3.83763752238832,4.76852833321699,6.13865334579571,7.11702083233146,8.248097472889,8.52114271444069,10.5501139444153,,,,,11.2554468330514,12.0925718114368,13.248486989787,14.31852017475
144.399999999979,0.627747886241714,1.57798013301175,,,2.71892412078654,3.81916628395559,4.70648259318622,6.10001467138583,7.12131789822824,8.24994025034712,8.49220213289291,10.5622411312558,,,,,11.2959948389595,12.1138010518478,13.2668648723208,14.246166137404
144.999999999979,0.62322357494457,1.54109399745495,,,2.70504506352059,3.80069504552287,4.64443685315543,6.06137599697594,7.12730189589354,8.2559325001645,8.46326155134513,10.5743683180962,,,,,11.3365428448676,12.1350302922588,13.2852427548545,14.173812100058
145.599999999979,0.618699263647423,1.50420786189814,,,2.69116600625464,3.78222380709015,4.58239111312463,6.02273732256605,7.13340294477733,8.26342854530157,8.43432096979734,10.5864955049367,,,,,11.3770908507757,12.1562595326698,13.3036206373882,14.101458062712
146.199999999979,0.614174952350281,1.46732172634134,,,2.67728694898869,3.76375256865742,4.52034537309383,5.98409864815617,7.14008801281301,8.26907770542197,8.40538038824956,10.5986226917771,,,,,11.4176388566839,12.1774887730808,13.3219985199219,14.029104025366
146.799999999979,0.609650641053136,1.43043559078454,,,2.66340789172274,3.7452813302247,4.45829963306305,5.94545997374628,7.1468208024178,8.27454990965405,8.37643980670177,10.6107498786176,,,,,11.458186862592,12.1987180134918,13.3403764024557,13.95674998802
147.399999999979,0.605126329755993,1.39354945522774,,,2.6495288344568,3.72681009179197,4.39625389303225,5.90682129933639,7.15756960170067,8.28858455735399,8.34749922515398,10.622877065458,,,,,11.4990074396645,12.2199472539028,13.3587542849894,13.884395950674
147.999999999979,0.600602018458848,1.35666331967093,,,2.63564977719085,3.70833885335925,4.31434752152159,5.86818262492651,7.17856496055674,8.3089755501487,8.31396931884657,10.6350042522985,,,,,11.5445673592596,12.212650461171,13.3771321675231,13.812041913328
148.599999999978,0.593446370868977,1.31977718411413,,,2.61394872647509,3.68986761492653,4.24684064167161,5.8816215708079,7.18356767465837,8.33059085613948,8.27521303349852,10.5910505761883,,,,,11.6022369739308,12.2002310756904,13.3955100500569,13.739687875982
149.199999999978,0.568413454732574,1.34891553840888,,,2.58674786487738,3.66318536923732,4.18704391098757,5.95620054625811,7.17672606633034,8.336666455595,8.21600796278788,10.539464066047,,,,,11.5090084896067,12.1630772037164,13.3768040344761,13.6825283962715
149.799999999978,0.548219998691452,1.378053892706,,,2.57680764633941,3.63650312354783,4.17586480101659,6.07094264221051,7.17155302160956,8.33228394463002,8.18973128679458,10.4402094225078,,,,,11.3973527262814,12.1016897459908,13.3385074744222,13.7045235522819
150.399999999978,0.528026542650504,1.40719224700311,,,2.56686742780206,3.60982087785833,4.1818377892333,6.18568473816435,7.16746454019757,8.32501701730304,8.16580857793143,10.3409547789668,,,,,11.2990455446816,12.0645708546579,13.3002109143676,13.726518708295
150.999999999978,0.507833086609558,1.43633060130023,,,2.55692720926472,3.58313863216884,4.18781077745062,6.3004268341182,7.16268256696318,8.30509580916962,8.14188586906837,10.2417001354259,,,,,11.2031152528482,12.0274519633259,13.261914354313,13.7485138643082
151.599999999978,0.487639630568611,1.46546895559735,,,2.54698699072737,3.55645638647934,4.19378376566795,6.41516893007205,7.15516254589947,8.27686880919051,8.11796316020531,10.142445491885,,,,,11.1071849610149,11.9903330719939,13.2236177942584,13.7705090203214
152.199999999978,0.467446174527662,1.49460730989447,,,2.53704677219002,3.52977414078984,4.19975675388526,6.5299110260259,7.14716306570877,8.24522876723865,8.09404045134225,10.043190848344,,,,,11.0112546691816,11.9532141806618,13.1853212342038,13.7925041763346
152.799999999978,0.447252718486717,1.52374566419159,,,2.52710655365268,3.50309189510034,4.20572974210257,6.64465312197975,7.13899242863266,8.21632179736452,8.07011774247919,9.94393620480308,,,,,10.9153243773482,11.9160952893298,13.1470246741491,13.8144993323478
153.399999999978,0.427059262445768,1.5528840184887,,,2.51716633511533,3.47640964941085,4.2117027303199,6.7593952179336,7.13145051352005,8.18677677051623,8.04619503361612,9.84468156126215,,,,,10.8193940855149,11.8789763979978,13.1087281140945,13.8364944883609
153.999999999978,0.406865806404822,1.58202237278582,,,2.50722611657798,3.44972740372135,4.21767571853723,6.87413731388745,7.12088752476261,8.15439672922539,8.02227232475306,9.74542691772121,,,,,10.7232341728178,11.8418575066658,13.0704315540399,13.8584896443741
154.599999999978,0.386672350363874,1.61116072708294,,,2.49728589804064,3.42304515803185,4.25398202525808,6.9888794098413,7.09815941510529,8.11986812568906,8.01013227377389,9.64617227418028,,,,,10.625068425671,11.813284820539,13.0321349939853,13.8804848003873
155.199999999977,0.369028490745863,1.64029908138006,,,2.47577111920457,3.39636291234236,4.24900617048807,7.0471164647984,7.07433607266657,8.0731832368776,8,9.61418228757751,,,,,10.5104966897764,11.7690605006757,12.9938384339307,13.9024799564005
155.799999999977,0.391827116149205,1.66364094473807,,,2.44903432048891,3.55405071509669,4.28435936112611,7.06912771367251,7.07971351823645,8.04376552261668,8.01794606806363,9.61173324858948,,,,,10.5202514249313,11.7499467036178,12.9580620751767,13.9915643999071
156.399999999977,0.435853763347731,1.68698280809587,,,2.47266724331227,3.71173851785795,4.3605300233065,7.01670164622777,7.10533563930115,8.06005757964157,8.01958090205449,9.67053107781078,,,,,10.5695654724025,11.7583890036567,12.9790975465505,14.0773153154369
156.999999999977,0.47988041054706,1.71032467145367,,,2.49630016613752,3.86942632061922,4.42045790632167,6.96427557878022,7.13124606612582,8.07937613040028,8.01843168398404,9.72932890703439,,,,,10.6101315866126,11.7767558776878,13.0001330179266,14.1630662309666
157.599999999977,0.52390705774639,1.73366653481146,,,2.51993308896278,4.02711412338048,4.48038578933624,6.91184951133267,7.15929044668048,8.1061827394128,8.01728246591347,9.78812673625802,,,,,10.6462079387899,11.7951227517193,13.0211684893026,14.2488171464962
158.199999999977,0.567933704945719,1.75700839816926,,,2.54356601178804,4.18480192614175,4.54031367235081,6.85942344388512,7.18901795448703,8.1364452022988,8.0161332478429,9.84692456548164,,,,,10.682284290967,11.8134896257508,13.0422039606786,14.3345680620259
158.799999999977,0.611960352145047,1.78035026152705,,,2.5671989346133,4.34248972890301,4.60024155536537,6.80699737643757,7.21883925779606,8.16837685018927,8.01498402977233,9.90572239470526,,,,,10.718360643144,11.8318564997823,13.0632394320546,14.4203189775556
159.399999999977,0.655986999344376,1.80369212488485,,,2.59083185743855,4.50017753166428,4.66016943837994,6.75457130899002,7.24865864752513,8.19818485769613,8.01383481170177,9.96452022392887,,,,,10.7544369953211,11.8502233738138,13.0842749034306,14.5060698930852
159.999999999977,0.700013646543706,1.82703398824264,,,2.61446478026381,4.65786533442554,4.7200973213945,6.70214524154247,7.27701808088441,8.22750870958607,8.0126855936312,10.0233180531525,,,,,10.7905133474982,11.8685902478452,13.1053103748066,14.5918208086149
160.599999999977,0.744040293743034,1.85037585160044,,,2.63809770308907,4.81555313718681,4.78002520440907,6.64971917409492,7.30675720628463,8.25760635195877,8.01153637556063,10.0821158823761,,,,,10.8268192718611,11.8869571218767,13.1263458461827,14.6775717241446
161.199999999977,0.788066940942364,1.87371771495823,,,2.66173062591433,4.97324093994807,4.8238836256908,6.59729310664737,7.33948173215329,8.29146914156416,8.01559900865012,10.1409137115997,,,,,10.8635970804429,11.9335586079131,13.1473813175587,14.7633226396742
161.799999999976,0.829714649749428,1.89705957831603,,,2.71562679012669,5.13092874270934,4.89006435449396,6.57239439635141,7.37793028380574,8.33682963964392,8.05167006120495,10.179333876728,,,,,10.8975971734584,11.9971312513783,13.1684167889347,14.8490735552039
162.399999999976,0.829925964072186,1.88048326449051,,,2.78549249065373,5.00060589158727,4.92933317063399,6.48275256384181,7.37661647135027,8.36493625798714,8.12734925793865,10.204318027489,,,,,10.9084899910534,12.0360948132636,13.1868520008837,14.8063807798181
162.999999999976,0.79998572159297,1.86390695066342,,,2.76707066754314,4.87028304045388,4.9030707152823,6.36000490430282,7.35473837812726,8.35675783790885,8.20524408752225,10.2176826949439,,,,,10.8954362082446,12.0771649297989,13.1653073598107,14.7376582592546
163.599999999976,0.770045479112565,1.84733063683633,,,2.74864884442906,4.7399601893205,4.87317204798309,6.23725724476251,7.33097891543067,8.34865711851045,8.29675014064462,10.2310473623983,,,,,10.8759489683979,12.1050211913892,13.1437627187361,14.66893573869
164.199999999976,0.740105236632157,1.83075432300923,,,2.73022702131499,4.60963733818711,4.84327338068374,6.11450958522221,7.30288276310794,8.34125051224493,8.38825619376754,10.2444120298526,,,,,10.8590092195586,12.1328774529789,13.1222180776615,14.6002132181254
164.799999999976,0.710164994151754,1.81417800918215,,,2.71180519820091,4.47931448705372,4.81337471338437,5.9917619256819,7.27281548113045,8.33171728573723,8.47976224689045,10.257776697307,,,,,10.8420694707193,12.1607337145686,13.1006734365868,14.5314906975609
165.399999999976,0.680224751671348,1.79760169535505,,,2.69338337508683,4.34899163592033,4.78347604608501,5.8690142661416,7.24269558087552,8.32171307746076,8.57126830001336,10.2711413647614,,,,,10.8251297218801,12.1885899761583,13.0791287955122,14.4627681769963
165.999999999976,0.65028450919094,1.78102538152796,,,2.67496155197276,4.21866878478695,4.75357737878567,5.74626660660129,7.21288358735255,8.3125082825523,8.66277435313627,10.2845060322158,,,,,10.8081899730408,12.216446237748,13.0575841544376,14.3940456564317
166.599999999976,0.620344266710535,1.76444906770087,,,2.65653972885868,4.08834593365356,4.7236787114863,5.62351894706098,7.18423479426382,8.30659159056276,8.75428040625919,10.2978706996702,,,,,10.7912502242016,12.2443024993377,13.036039513363,14.3253231358671
167.199999999976,0.590404024230128,1.74787275387378,,,2.6381179057446,3.95802308252017,4.69378004418695,5.50077128752068,7.15616413220169,8.29710868042104,8.84578645938209,10.3112353671246,,,,,10.7737300344674,12.2721587609274,13.0144948722884,14.2566006153026
167.799999999976,0.560463781749723,1.73129644004669,,,2.61969608263053,3.82770023138678,4.66009700166967,5.37802362798038,7.11706458613353,8.26855148833113,8.92715561886881,10.324600034579,,,,,10.7529006813657,12.2637982718569,12.9929502312138,14.187878094738
168.399999999975,0.534696074901357,1.7147201262196,,,2.58004425075159,3.6973773802534,4.66820371201847,5.28525060970399,7.07518499334443,8.25096428325092,8.96314640878272,10.2976136070753,,,,,10.762214982491,12.2612616632313,12.9714055901391,14.1191555741734
168.999999999975,0.51722246031814,1.76241543083666,,,2.55212903756243,3.75878781229474,4.6459317669643,5.31942895105021,7.06873959345338,8.25438566977591,8.95803765597507,10.2093883110671,,,,,10.7736572451968,12.2799157118414,13.0105364789991,14.1280735292526
169.599999999975,0.538941656307385,1.81011073545636,,,2.63846144083743,3.82019824434394,4.67665473792022,5.43266940989579,7.07504503300085,8.26743730993514,8.94769425468761,10.1669933056408,,,,,10.7947058783158,12.2801777933391,13.0553013874743,14.1330087570581
170.199999999975,0.560660852298242,1.85780604007607,,,2.72479384411714,3.88160867639315,4.71525838756312,5.54590986874462,7.07629676443713,8.28052932176664,8.93957072621038,10.1245983002163,,,,,10.8204695032686,12.2725889007712,13.1000662959498,14.1379439848633
170.799999999975,0.582380048289097,1.90550134469577,,,2.81112624739684,3.94301910844235,4.75386203720635,5.65915032759345,7.08099105675231,8.28518196922517,8.93144719773324,10.0822032947919,,,,,10.8462663461859,12.2650000082029,13.1448312044253,14.1428792126686
171.399999999975,0.604099244279954,1.95319664931547,,,2.89745865067654,4.00442954049155,4.79246568684957,5.77239078644229,7.08846257176456,8.29525951014481,8.92332366925611,10.0398082893675,,,,,10.8720631891032,12.2574111156347,13.1895961129007,14.1478144404739
171.999999999975,0.625818440270811,2.00089195393517,,,2.98379105395625,4.06583997254075,4.8310693364928,5.88563124529112,7.09675328110924,8.30620959312654,8.91520014077897,9.99741328394308,,,,,10.8978600320205,12.2498222230664,13.2343610213762,14.1527496682792
172.599999999975,0.647537636261667,2.04858725855487,,,3.07012345723595,4.12725040458996,4.86967298613604,5.99887170413996,7.10440686523525,8.31623810596047,8.90707661230184,9.95501827851866,,,,,10.9236568749379,12.2422333304981,13.2791259298517,14.1576848960845
173.199999999975,0.669256832252524,2.09628256317457,,,3.15645586051565,4.18866083663916,4.90827663577925,6.11211216298879,7.11107034205189,8.32152892558416,8.8989530838247,9.91262327309424,,,,,10.9494537178552,12.2346444379299,13.3238908383271,14.1626201238897
173.799999999975,0.690976028243381,2.14397786779427,,,3.24278826379536,4.25007126868836,4.94688028542248,6.22535262183762,7.11574141880433,8.32946316234658,8.89082955534756,9.87022826766983,,,,,10.9760010781459,12.2270555453616,13.3686557468026,14.167555351695
174.399999999975,0.712695224234238,2.19167317241398,,,3.32912066707506,4.31148170073756,4.99449150591151,6.33859308068646,7.13518540431638,8.3569643610312,8.88660605642241,9.82783326224541,,,,,11.0080321885251,12.2433201009529,13.4134206552781,14.1724905795003
174.999999999974,0.73039863709164,2.23936847703368,,,3.42462331866976,4.37289213278676,4.97647223219957,6.39660733415079,7.16054244703649,8.35914968170641,8.87549693352634,9.8352167492474,,,,,11.0213779686375,12.2512868647129,13.4581855637536,14.1774258073056
175.599999999974,0.738667699320362,2.17803266423003,,,3.48709685597006,4.35079221521067,4.97363565266258,6.31710573085442,7.16729747866089,8.3302772306815,8.85172203807481,9.93503176210643,,,,,11.009024539399,12.2443182978215,13.4134293102348,14.1746558101133
176.199999999974,0.708243354622382,2.11669685142173,,,3.45201556916539,4.32869229763101,4.92073130635961,6.23406917322893,7.15313423562311,8.29536390346877,8.80829518519192,9.89939665410158,,,,,10.9962648481241,12.2445740587152,13.3679709286562,14.1980920328991
176.799999999974,0.677819009922746,2.05536103861344,,,3.41693428235655,4.30659238005135,4.87121913285959,6.15103261560328,7.15469247085889,8.25548394451737,8.74987385892737,9.86376154609094,,,,,11.0013660366651,12.2381021351517,13.3225125470777,14.2215282556859
177.399999999974,0.647394665223109,1.99402522580514,,,3.3818529955477,4.28449246247169,4.82170695935969,6.06799605797763,7.15752957389096,8.22325290277843,8.69145253266219,9.8281264380803,,,,,11.0060081613386,12.231630211588,13.2770541654991,14.2449644784728
177.999999999974,0.616970320523474,1.93268941299685,,,3.34677170873886,4.26239254489204,4.77219478585981,5.98495950035198,7.15868274093683,8.18431513957215,8.633031206397,9.79249133006965,,,,,11.010650286012,12.2251582880243,13.2315957839206,14.2684007012597
178.599999999974,0.586545975823838,1.87135360018855,,,3.31169042193002,4.24029262731238,4.72268261235993,5.90192294272634,7.15855666943844,8.14390425129746,8.57460988013182,9.75685622205902,,,,,11.0152924106855,12.2186863644606,13.186137402342,14.2918369240465
179.199999999974,0.556121631124202,1.81001778738026,,,3.27660913512117,4.21819270973272,4.67317043886005,5.81888638510069,7.15887430275395,8.10463424067853,8.51618855386664,9.72122111404837,,,,,11.0199345353589,12.2122144408969,13.1406790207634,14.3152731468334
179.799999999974,0.525697286424567,1.74868197457196,,,3.24152784831233,4.19609279215307,4.62365826536016,5.73584982747505,7.16054084899234,8.06814734779125,8.45776722760145,9.68558600603772,,,,,11.0245766600324,12.2057425173332,13.0952206391849,14.3387093696203
180.399999999974,0.495272941724931,1.68734616176367,,,3.20644656150349,4.17399287457341,4.57414609186027,5.6528132698494,7.16359854698778,8.03290611488685,8.39934590133626,9.64995089802708,,,,,11.0287579067466,12.1992705937694,13.0497622576063,14.3621455924071
180.999999999974,0.464848597025294,1.62601034895537,,,3.17136527469465,4.15189295699375,4.51691126797266,5.56977671222376,7.15752869097479,7.99857738917921,8.33025304919013,9.61431579001644,,,,,11.0278204037149,12.1710856584733,13.0043038760277,14.385581815194
181.599999999973,0.434719034499572,1.56467453614707,,,3.13681080338245,4.12979303941409,4.47090751008793,5.50881288401065,7.14300883578482,7.98874370447305,8.30168470836679,9.54786189795789,,,,,11.0197587372801,12.1256749982332,12.9588454944492,14.4090180379809
182.199999999973,0.439277589900421,1.64113491807897,,,3.09377475292969,4.17112595067425,4.40009689202134,5.56215318976854,7.13909451761449,8.01201417920857,8.250524484784,9.49882882045844,,,,,11.0777090703537,12.0766848956633,12.9559447193306,14.4111215534598
182.799999999973,0.465762502159819,1.71759530001697,,,3.10409427621441,4.21245886193721,4.38607225221134,5.63983100050816,7.16594499859648,8.05861334498785,8.22534985403522,9.52020831828534,,,,,11.146536002588,12.0389326330371,12.9563738885453,14.3908377931388
183.399999999973,0.492247414420193,1.79405568195498,,,3.11441379950152,4.25379177320018,4.38335730262406,5.71750881124887,7.16813430477869,8.10155592223656,8.20868486842458,9.54158781611539,,,,,11.1905503784442,12.0115297981339,12.9568030577602,14.3705540328168
183.999999999973,0.518732326680567,1.87051606389298,,,3.12473332278862,4.29512468446315,4.38064235303728,5.79518662198957,7.16288270892103,8.13905096800915,8.19201988281431,9.56296731394544,,,,,11.2344637771809,11.9841269632312,12.9572322269751,14.3502702724948
184.599999999973,0.545217238940941,1.94697644583098,,,3.13505284607572,4.33645759572611,4.3779274034505,5.87286443273028,7.1585832055652,8.18137169576812,8.17535489720404,9.58434681177547,,,,,11.2783771759175,11.9567241283284,12.9576613961899,14.3299865121728
185.199999999973,0.571702151201315,2.02343682776898,,,3.14537236936282,4.37779050698908,4.37521245386373,5.95054224347099,7.15531019857386,8.22430555161957,8.15868991159378,9.60572630960552,,,,,11.3222905746542,11.9293212934257,12.9580905654048,14.3097027518508
185.799999999973,0.598187063461688,2.09989720970698,,,3.15569189264992,4.41912341825205,4.37249750427694,6.02822005421169,7.1518927936675,8.26711705929162,8.1420249259835,9.62710580743556,,,,,11.3662039733908,11.901918458523,12.9585197346197,14.2894189915288
186.399999999973,0.624671975722062,2.17635759164498,,,3.16601141593702,4.46045632951501,4.36978255469017,6.10589786495239,7.14713493495803,8.30994042280508,8.12535994037323,9.64848530526561,,,,,11.4101173721275,11.8745156236203,12.9589489038346,14.2691352312069
186.999999999973,0.651156887982436,2.25281797358299,,,3.17633093922411,4.50178924077798,4.36706760510339,6.1835756756931,7.13990026906885,8.34855064218586,8.10869495476297,9.66986480309565,,,,,11.4543457081397,11.8471127887175,12.9593780730494,14.2488514708849
187.599999999973,0.67764180024281,2.32927835552099,,,3.18665046251122,4.54312215204095,4.36131112444142,6.26125348643381,7.13745666474076,8.37755849733426,8.10206401892662,9.69124430092569,,,,,11.5013876700935,11.8342136486468,12.9598072422643,14.2285677105629
188.199999999972,0.701498402214179,2.40573873745899,,,3.18218449378528,4.58445506330391,4.39196728275457,6.34393874001929,7.14304207523905,8.39276666104259,8.07629582225887,9.72159394246177,,,,,11.5597644764436,11.8363993500439,12.9602364114792,14.2082839502409
188.799999999972,0.692141425992484,2.36352426000389,,,3.16743561975065,4.48507523355719,4.49304771459079,6.39184195835195,7.13620794206707,8.39043652769109,8.13497959770889,9.75260869373138,,,,,11.5709310810266,11.868976394762,12.9667484923421,14.1490217241453
189.399999999972,0.677055496256548,2.32130978254334,,,3.06413582809165,4.385695403804,4.54606240866817,6.40619640013867,7.09741236323822,8.36781920969558,8.17489885319594,9.82572151327931,,,,,11.5707224938468,11.8802940419418,12.9863192054366,14.0808839889424
189.999999999972,0.661969566520348,2.27909530508279,,,2.96083603642856,4.2863155740508,4.56804157977446,6.42055084192385,7.08330485256278,8.35546444239463,8.21359242240528,9.89883433282919,,,,,11.5792663022568,11.8777828898968,13.0058899185318,14.012746253739
190.599999999972,0.646883636784147,2.23688082762224,,,2.85753624476547,4.18693574429761,4.59002075087929,6.43490528370903,7.08298187225409,8.35331611417223,8.25228599161457,9.97194715237907,,,,,11.5892106304395,11.8752717378513,13.025460631627,13.9446085185357
191.199999999972,0.631797707047945,2.19466635016168,,,2.75423645310239,4.08755591454442,4.61199992198413,6.44925972549421,7.08200246281362,8.34997565658714,8.29097956082385,10.0450599719289,,,,,11.5991549586223,11.8727605858057,13.0450313447221,13.8764707833323
191.799999999972,0.616711777311745,2.15245187270113,,,2.6509366614393,3.98817608479123,4.63397909308897,6.46361416727938,7.0804475407512,8.34769467949331,8.32967313003313,10.1181727914788,,,,,11.6090992868051,11.8702494337601,13.0646020578173,13.8083330481289
192.399999999972,0.601625847575544,2.11023739524058,,,2.54763686977621,3.88879625503803,4.6559582641938,6.47796860906456,7.07911087547952,8.34535073126182,8.36836669924241,10.1912856110287,,,,,11.6190436149879,11.8677382817145,13.0841727709125,13.7401953129256
192.999999999972,0.586539917839345,2.06802291778003,,,2.44433707811312,3.78941642528484,4.67793743529865,6.49232305084973,7.07938918364287,8.34410963812784,8.4070602684517,10.2643984305786,,,,,11.6289879431707,11.8652271296689,13.1037434840076,13.6720575777222
193.599999999972,0.571453988103143,2.02580844031947,,,2.34103728645004,3.69003659553165,4.69991660640349,6.50667749263491,7.08339033287738,8.34853831009053,8.44575383766099,10.3375112501284,,,,,11.6391043225547,11.8627159776234,13.1233141971028,13.6039198425189
194.199999999972,0.556368058366943,1.98359396285892,,,2.23773749478695,3.59065676577845,4.75105727652958,6.52103193442009,7.0925376060985,8.35913826916523,8.48447901236972,10.4106240696783,,,,,11.6499752982194,11.8572290652353,13.1428849101979,13.5357821073155
194.799999999971,0.549659869948997,1.94137948539837,,,2.14862332812941,3.49127693602526,4.76911051453524,6.53431309040291,7.08967176473364,8.36025189172269,8.50939670784334,10.5230390474718,,,,,11.6455296791028,11.847135952275,13.1624556232931,13.4676443721122
195.399999999971,0.547423725652767,1.97788495092472,,,2.10750462971503,3.52913679895404,4.78048294721661,6.54235344006388,7.09792150911045,8.36043391171808,8.48739621638787,10.5487530467862,,,,,11.6026799141786,11.8111812597943,13.1993673988587,13.5290508187955
195.999999999971,0.560416130999073,2.01439041645481,,,2.18963076543535,3.56699666188936,4.83464281150323,6.4586113554055,7.13296238204849,8.36170025923048,8.516697236947,10.5233779958632,,,,,11.5414718985461,11.7873253597002,13.2168191350652,13.6233261565772
196.599999999971,0.573408536346109,2.05089588198491,,,2.27175690116156,3.60485652482467,4.91651451078746,6.37486927074274,7.15250572519244,8.3518058947043,8.53819099976945,10.4980029449379,,,,,11.480633164715,11.7689523453375,13.2342708712707,13.7176014943603
197.199999999971,0.586400941693145,2.08740134751501,,,2.35388303688777,3.64271638775999,4.99838621007301,6.29112718607998,7.15261108789071,8.32673190476043,8.55968476259152,10.4726278940125,,,,,11.4166644500014,11.750579330975,13.2517226074763,13.8118768321435
197.799999999971,0.599393347040181,2.12390681304511,,,2.43600917261398,3.68057625069531,5.08025790935856,6.20738510141722,7.15289382784723,8.30310565744146,8.58117852541361,10.4472528430872,,,,,11.3526957352877,11.7322063166125,13.2691743436818,13.9061521699267
198.399999999971,0.612385752387215,2.16041227857521,,,2.51813530834019,3.71843611363063,5.16212960864411,6.12364301675445,7.15338078442691,8.27882928941914,8.60267228823567,10.4218777921618,,,,,11.2887270205739,11.71383330225,13.2866260798873,14.0004275077099
198.999999999971,0.625378157734252,2.19691774410531,,,2.60026144406639,3.75629597656595,5.24400130792966,6.0399009320917,7.15374953719928,8.25442527834581,8.62416605105776,10.3965027412364,,,,,11.2247583058602,11.6954602878875,13.3040778160929,14.0947028454931
199.599999999971,0.638370563081286,2.23342320963541,,,2.6823875797926,3.79415583950126,5.32587300721521,5.95615884742893,7.15196791431967,8.22591677107969,8.64565981387983,10.3711276903111,,,,,11.1607895911464,11.677087273525,13.3215295522984,14.1889781832763
200.199999999971,0.651362968428321,2.2699286751655,,,2.76451371551881,3.83201570243658,5.40774470650077,5.87241676276617,7.14896465716235,8.19201580980622,8.66715357670192,10.3457526393857,,,,,11.0962966564443,11.6587142591625,13.338981288504,14.2832535210595
200.799999999971,0.664355373775355,2.3064341406956,,,2.84663985124502,3.8698755653719,5.45936921418172,5.78867467810341,7.14350938450393,8.1555470862412,8.67936010662553,10.3203775884604,,,,,11.030773641769,11.6660649644466,13.3564330247095,14.3775288588427
201.39999999997,0.672878660716928,2.3429396062257,,,2.94414152552965,3.90773542830722,5.54359447162339,5.68080751610978,7.15306610759775,8.14912792376747,8.70120586510901,10.2340749155185,,,,,10.9876719492036,11.6891268582937,13.373884760915,14.4718041966259
201.99999999997,0.681621693373529,2.27944395248113,,,3.00780876599756,3.83269475236687,5.56439033877793,5.56633066093552,7.15648949190891,8.1489371069765,8.70885800365387,10.1739181892678,,,,,10.9520260940578,11.7130230193725,13.3337863829271,14.4770544526643
202.59999999997,0.653007010225035,2.21594829873163,,,2.97409765340018,3.75765407642095,5.51449298582078,5.56550531332783,7.13747665636604,8.14575530714491,8.69892761933205,10.1733288801067,,,,,10.9099532912485,11.7414160351098,13.2988524504096,14.4710479191527
203.19999999997,0.624392327074694,2.15245264498214,,,2.94038654079798,3.68261340047503,5.42837349459361,5.56467996572576,7.12241382703763,8.14237901398812,8.69298200282375,10.1727395709486,,,,,10.8656422298822,11.7823564448403,13.2639185178923,14.4650413856405
203.79999999997,0.595777643924353,2.08895699123264,,,2.90667542819577,3.60757272452911,5.34225400336467,5.56385461812368,7.12340916141759,8.14567217728847,8.68703638631565,10.1721502617904,,,,,10.8226509986852,11.8232968545715,13.2289845853751,14.4590348521283
204.39999999997,0.567162960774013,2.02546133748314,,,2.87296431559357,3.5325320485832,5.25613451213571,5.5630292705216,7.12489269846924,8.14628470375381,8.68109076980755,10.1715609526323,,,,,10.7796597674883,11.8642372643026,13.1940506528578,14.4530283186161
204.99999999997,0.538548277623671,1.96196568373364,,,2.83925320299137,3.45749137263728,5.17001502090675,5.56220392291953,7.12630526790615,8.14614101104432,8.67514515329945,10.1709716434741,,,,,10.7366685362914,11.9051776740338,13.1591167203405,14.4470217851039
205.59999999997,0.509933594473329,1.89847002998415,,,2.80554209038917,3.38245069669136,5.0838955296778,5.56137857531746,7.12768243554902,8.14451508999885,8.66919953679135,10.170382334316,,,,,10.6936773050945,11.946118083765,13.1241827878232,14.4410152515917
206.19999999997,0.481318911322988,1.83497437623465,,,2.77183097778698,3.30741002074544,4.99777603844884,5.56055322771538,7.13104592146979,8.14592216334497,8.66325392028325,10.1697930251579,,,,,10.6506860738975,11.9870584934961,13.089248855306,14.4350087180795
206.79999999997,0.452704228172648,1.77147872248515,,,2.73811986518477,3.23236934479952,4.91165654721987,5.55972788011331,7.13523383453652,8.15391200067126,8.65730830377515,10.1692037159997,,,,,10.6077515835386,12.0279989032273,13.0543149227887,14.4290021845673
207.39999999997,0.424089545022305,1.70798306873565,,,2.70440875258257,3.1573286688536,4.84057732134062,5.55890253251124,7.13916471921231,8.16534027362299,8.66207491886053,10.1686144068416,,,,,10.5652567171914,12.0329447311212,13.0193809902715,14.4229956510551
207.999999999969,0.398086477432883,1.64448741498615,,,2.6617792009924,3.08228799290768,4.76232269910619,5.59604819561543,7.13221655489153,8.15624655157343,8.69361003018918,10.1780112632222,,,,,10.5095356183808,12.0248593851518,12.9844470577542,14.4169891175429
208.599999999969,0.38994590389052,1.62532838200807,,,2.63867106852417,3.09487372221429,4.73633038874322,5.62711266064303,7.11858742440567,8.13645487222574,8.69616781701758,10.2188477862523,,,,,10.5126508749995,12.0053851917653,12.9674381319449,14.3986547452349
209.199999999969,0.424462944686933,1.60616934903225,,,2.7085534197516,3.10745945152537,4.76424388890588,5.6151415608422,7.12041508282839,8.12410564368799,8.64594857756861,10.186326217647,,,,,10.5739887785967,11.9782713755456,12.9483130165075,14.3855819803432
209.799999999969,0.458979985485527,1.58701031605643,,,2.77843577098379,3.12004518083645,4.83920567469336,5.60317046103917,7.13134817712174,8.13789627716272,8.60845226422221,10.1538046490379,,,,,10.6421835386595,11.9705191361869,12.9291879010699,14.3725092154518
210.399999999969,0.49349702628412,1.56785128308061,,,2.84831812221597,3.13263091014753,4.91416746048326,5.59119936123613,7.13568338473442,8.15996903006856,8.57095595087648,10.1212830804289,,,,,10.7118402456417,11.9627668968292,12.9100627856323,14.3594364505604
210.999999999969,0.528014067082715,1.54869225010478,,,2.91820047344815,3.14521663945861,4.98912924627316,5.5792282614331,7.13787374206411,8.18047742406354,8.53345963753074,10.0887615118198,,,,,10.7814969526241,11.9550146574716,12.8909376701948,14.346363685669
211.599999999969,0.562531107881308,1.52953321712896,,,2.98808282468034,3.15780236876969,5.06409103206306,5.56725716163006,7.13986436479822,8.20214706888041,8.49596332418501,10.0562399432108,,,,,10.8511536596064,11.9472624181139,12.8718125547572,14.3332909207776
212.199999999969,0.597048148679901,1.51037418415314,,,3.05796517591253,3.17038809808077,5.13905281785296,5.55528606182703,7.14169459207664,8.22569440334111,8.45846701083927,10.0237183746017,,,,,10.9208103665887,11.9395101787562,12.8526874393196,14.3202181558861
212.799999999969,0.631565189478495,1.49121515117732,,,3.12784752714472,3.18297382739185,5.21401460364286,5.54331496202399,7.14233269630952,8.2474041563639,8.42097069749352,9.99119680599268,,,,,10.990467073571,11.9317579393985,12.8335623238821,14.3071453909947
213.399999999969,0.666082230277091,1.4720561182015,,,3.1977298783769,3.19555955670293,5.28897638943276,5.53134386222095,7.14069281705236,8.26082466077717,8.3834743841478,9.95867523738362,,,,,11.0602920414553,11.9240057000409,12.8144372084445,14.2940726261033
213.999999999969,0.700599271075684,1.45289708522568,,,3.26761222960908,3.20814528601401,5.36390994284924,5.51937276241792,7.12622358161449,8.26571761050386,8.34499484757766,9.92615366877458,,,,,11.1288256657571,11.941734433867,12.7953120930069,14.2809998612119
214.599999999968,0.728374775335818,1.43373805224986,,,3.30793640583935,3.22073101532509,5.39489677024433,5.47516444742437,7.10726103943969,8.26476191905071,8.26362304389926,9.90390999808494,,,,,11.1874711864835,11.9530252540297,12.7761869775694,14.2679270963205
215.199999999968,0.739106142131093,1.46755546289221,,,3.36614422443106,3.24952533200746,5.39935148274312,5.42360722142001,7.10132202183643,8.2721819764307,8.24891516168413,9.86579618117117,,,,,11.2323489934906,11.9837747256534,12.8016889771074,14.2687880332847
215.799999999968,0.722655425632931,1.50137287353736,,,3.31940636236698,3.27831964869068,5.40967629968442,5.39359447157001,7.09634338926745,8.28072402798758,8.2898210518587,9.91317986019376,,,,,11.2496631565515,12.0154483119571,12.8651171445612,14.2469384882956
216.399999999968,0.706204709133333,1.53519028418251,,,3.27266850029736,3.30711396537391,5.38055798841224,5.36358172172115,7.07830286972709,8.26303238051205,8.31898671624694,9.96056353922087,,,,,11.261069243036,12.0195622778282,12.928545312017,14.2250889433053
216.999999999968,0.689753992633736,1.56900769482766,,,3.22593063822773,3.33590828205713,5.35143967713796,5.33356897187227,7.06017037109399,8.23286280829687,8.34815238063455,10.007947218248,,,,,11.2701537924946,12.0236762436977,12.9919734794729,14.203239398315
217.599999999968,0.67330327613414,1.6028251054728,,,3.17919277615812,3.36470259874035,5.32232136586369,5.30355622202341,7.04475448525063,8.20629248154668,8.37731804502216,10.0553308972751,,,,,11.279238341953,12.0277902095673,13.0554016469287,14.1813898533247
218.199999999968,0.656852559634541,1.63664251611795,,,3.13245491408849,3.39349691542358,5.29320305458941,5.27354347217454,7.03001058219915,8.1793736331184,8.40648370940977,10.1027145763022,,,,,11.2883228914114,12.0319041754369,13.1188298143846,14.1595403083345
218.799999999968,0.640401843134944,1.6704599267631,,,3.08571705201887,3.4222912321068,5.26408474331514,5.24353072232568,7.01514194364181,8.15086747614594,8.43564937379739,10.1500982553293,,,,,11.2974074408698,12.0360181413065,13.1822579818404,14.1376907633442
219.399999999968,0.623951126635345,1.70427733740825,,,3.03897918994925,3.45108554879003,5.23496643204086,5.21351797247681,7.00062491074541,8.12214163108217,8.46481503818501,10.1974819343564,,,,,11.3064919903282,12.0401321071761,13.2456861492963,14.1158412183539
219.999999999968,0.607500410135747,1.73809474805339,,,2.99224132787963,3.47987986547325,5.20584812076659,5.18350522262794,6.98654615387761,8.10090676691858,8.49398070257262,10.2448656133835,,,,,11.3156539804452,12.0442460730457,13.3091143167521,14.0939916733636
220.599999999968,0.59104969363615,1.77191215869854,,,2.94550346581001,3.50867418215647,5.15824537897535,5.15349247277908,6.98762764752675,8.09240821341264,8.51812314037721,10.2922492924106,,,,,11.3270648984017,12.0152460246821,13.372542484208,14.0721421283733
221.199999999967,0.576624685904464,1.80572956934369,,,2.91481963378241,3.5374684988397,5.1725226485543,5.15961036087466,7.01091450676269,8.09637009657454,8.55630357300632,10.3384547966338,,,,,11.3616321275315,12.0171288385076,13.4359706516638,14.050292583383
221.799999999967,0.56384650587116,1.81044949141426,,,2.88104016898117,3.5352213176668,5.17497702261855,5.23228609903758,7.04133096516244,8.11009891778808,8.58021273399191,10.3902311948597,,,,,11.3816637889623,12.0189236480075,13.454002764402,14.0351741272635
222.399999999967,0.556416350468746,1.81516941348326,,,2.89357501626652,3.53297413649222,5.12545621517782,5.28818186639961,7.05340305902091,8.10977702514651,8.55366958786604,10.3760429030675,,,,,11.3846764106766,12.0173468848921,13.4057402875248,13.9990877381214
222.999999999967,0.54898619506662,1.81988933555226,,,2.90610986355439,3.53072695531763,5.08623806757693,5.34407763376074,7.06989023435037,8.11005813096325,8.53311329257817,10.3618546112716,,,,,11.3889704133606,12.0014965090642,13.357477810644,13.9630013489782
223.599999999967,0.541556039664495,1.82460925762125,,,2.91864471084226,3.52847977414305,5.04701991997661,5.39997340112185,7.09140597123373,8.12291258978272,8.51255699729063,10.3476663194758,,,,,11.3956321277823,11.9856461332355,13.3092153337633,13.926914959835
224.199999999967,0.53412588426237,1.82932917969025,,,2.93117955813013,3.52623259296846,5.00780177237628,5.45586916848297,7.11185544753027,8.13439256955152,8.49200070200309,10.3334780276799,,,,,11.402293842204,11.9697957574068,13.2609528568825,13.8908285706917
224.799999999967,0.526695728860244,1.83404910175925,,,2.943714405418,3.52398541179388,4.96858362477595,5.51176493584409,7.13200365465458,8.14601264080039,8.47144440671556,10.319289735884,,,,,11.4089555566258,11.9539453815781,13.2126903800017,13.8547421815485
225.399999999967,0.519265573458118,1.83876902382824,,,2.95624925270587,3.52173823061929,4.92936547717562,5.56766070320521,7.15273314969162,8.159323606573,8.45088811142802,10.3051014440882,,,,,11.4156172710476,11.9380950057494,13.1644279031209,13.8186557924053
225.999999999967,0.511835418055994,1.84348894589724,,,2.96878409999374,3.51949104944471,4.89014732957529,5.62355647056633,7.17263593498862,8.17539437009202,8.43033181614049,10.2909131522923,,,,,11.4222789854693,11.9222446299207,13.1161654262402,13.782569403262
226.599999999967,0.504405262653868,1.84820886796623,,,2.98131894728161,3.51724386827012,4.85092918197497,5.67945223792745,7.19677802953071,8.18975966098476,8.40977552085296,10.2767248604965,,,,,11.428483946775,11.906394254092,13.0679029493594,13.7464830141188
227.199999999967,0.496975107251743,1.85292879003523,,,2.99385379456948,3.51499668709554,4.82443552571168,5.73534800528857,7.21858979144323,8.19548646763411,8.38467877558079,10.2625365687006,,,,,11.4325144355787,11.9146018399194,13.0196404724786,13.7103966249756
227.799999999966,0.493968930170593,1.85764871210423,,,2.99875145581995,3.51274950592096,4.75449229822279,5.74650921944347,7.21420077623977,8.19186001921292,8.38445010002687,10.2807830280588,,,,,11.4205011309306,11.8951951630128,12.9713779955978,13.6743102358324
228.399999999966,0.477064951060497,1.82803217709434,,,2.94045739227566,3.55433450548325,4.71363460404913,5.6719930164839,7.1806183944273,8.17031044609679,8.33402721288078,10.2506165370918,,,,,11.3563290435236,11.8733344285245,12.9186740535567,13.666308999114
228.999999999966,0.469398012115073,1.79841564208253,,,2.93060326535081,3.595919505048,4.72613429552813,5.6763968351902,7.17457382096923,8.17524071724169,8.32177645684813,10.227929222782,,,,,11.3073112836265,11.8668594645184,12.89603626525,13.723803673772
229.599999999966,0.461731073170165,1.76879910707073,,,2.92074913842869,3.63750450461275,4.76668923424662,5.68080065390094,7.1839918057482,8.20042561351017,8.30111214675924,10.2052419084726,,,,,11.2610509790265,11.9009881681385,12.8733984769449,13.7812983484336
230.199999999966,0.45406413422526,1.73918257205891,,,2.91089501150657,3.6790895041775,4.80724417296669,5.68520447261167,7.18729544133297,8.2108302343997,8.28044783666989,10.1825545941633,,,,,11.2136229789346,11.9351168717609,12.8507606886399,13.8387930230952
230.799999999966,0.446397195280352,1.70956603704711,,,2.90104088458444,3.72067450374225,4.84779911168676,5.6896082913224,7.18982009960367,8.22044417380763,8.25978352658052,10.1598672798539,,,,,11.1661949788428,11.9692455753833,12.8281229003348,13.8962876977568
231.399999999966,0.438730256335446,1.6799495020353,,,2.89118675766231,3.762259503307,4.88835405040683,5.69401211003313,7.19248876378937,8.22903755036729,8.23911921649116,10.1371799655445,,,,,11.1187669787509,12.0033742790057,12.8054851120298,13.9537823724184
231.999999999966,0.431063317390541,1.65033296702349,,,2.88133263074018,3.80384450287175,4.9289089891269,5.69841592874386,7.19438343270947,8.23683860760498,8.2184549064018,10.1144926512352,,,,,11.071338978659,12.0375029826281,12.7828473237248,14.01127704708
232.599999999966,0.423396378445633,1.62071643201168,,,2.87147850381806,3.8454295024365,4.96946392784698,5.70281974745459,7.19770745805595,8.24484287708509,8.19779059631244,10.0918053369258,,,,,11.0239109785671,12.0716316862505,12.7602095354197,14.0687717217416
233.199999999966,0.415729439500728,1.59109989699988,,,2.86162437689594,3.88701450200125,5.01001886656704,5.70722356616532,7.19565372723162,8.25068167402612,8.17712628622308,10.0691180226164,,,,,10.9772656813209,12.1057603898729,12.7375717471147,14.1262663964032
233.799999999966,0.408062500555822,1.56148336198807,,,2.85177024997381,3.928599501566,5.04799603930541,5.71162738487605,7.18949471184791,8.25755582480923,8.16466533896622,10.0464307083071,,,,,10.9284921516952,12.1305529799564,12.7149339588096,14.1837610710648
234.399999999965,0.397662127645965,1.53186682697626,,,2.88024952093206,3.97018450113075,5.09471704173974,5.76796328960934,7.19898230260432,8.2856567641173,8.10050358669803,10.0010201784005,,,,,10.8824256193486,12.1556224309361,12.6922961705046,14.2412557457264
234.999999999965,0.426341984126506,1.55157513973962,,,2.99620943857977,3.93736837444496,5.11811294154804,5.89230444203761,7.23872198225132,8.34676711435309,8.10507431884136,10.0709721243999,,,,,10.9381652417388,12.183327829679,12.7382348474221,14.3196825715549
235.599999999965,0.444038673477274,1.57128345250583,,,3.07461891282912,3.90455224775489,5.13895914639848,5.94086349921476,7.26426782794056,8.40009435136607,8.11615984186046,10.1134013532025,,,,,10.9921333502814,12.2009784656467,12.8125760905449,14.3846945901247
236.199999999965,0.461735362827407,1.59099176527204,,,3.1530283870763,3.87173612106482,5.13014586231157,5.98942255638753,7.25786865283297,8.42651155864356,8.1413905573252,10.1558305820036,,,,,11.0383678999349,12.1819457028327,12.8869173336694,14.4497066086937
236.799999999965,0.479432052177541,1.61070007803825,,,3.23143786132348,3.83891999437474,5.12133257822292,6.0379816135603,7.25052222704314,8.46399686580967,8.16662127279075,10.1982598108046,,,,,11.0868540254858,12.1629129400166,12.9612585767938,14.5147186272628
237.399999999965,0.497128741527673,1.63040839080446,,,3.30984733557066,3.80610386768467,5.11251929413428,6.08654067073308,7.24558539830486,8.50332606032728,8.19185198825632,10.2406890396057,,,,,11.1353401510368,12.1438801772005,13.0355998199183,14.5797306458318
237.999999999965,0.514825430877807,1.65011670357067,,,3.38825680981783,3.7732877409946,5.10370601004564,6.13509972790585,7.24065601158779,8.54520722976201,8.21708270372187,10.2831182684067,,,,,11.1838262765879,12.1248474143844,13.1099410630428,14.6447426644008
238.599999999965,0.532522120227941,1.66982501633687,,,3.46666628406501,3.74047161430452,5.09489272595699,6.18365878507862,7.23663396948489,8.5875095906797,8.24231341918743,10.3255474972078,,,,,11.2323124021389,12.1058146515683,13.1842823061672,14.7097546829698
239.199999999965,0.550218809578075,1.68953332910308,,,3.54507575831219,3.70765548761445,5.08607944186835,6.23221784225139,7.2318566552215,8.62728561396688,8.26754413465299,10.3679767260089,,,,,11.2807985276899,12.0867818887521,13.2586235492917,14.7747667015388
239.799999999965,0.567915498928207,1.70924164186929,,,3.62348523255936,3.67483936092438,5.07726615777971,6.28077689942417,7.22826695251687,8.66465732547883,8.29277485011854,10.4104059548099,,,,,11.3289983116786,12.067749125936,13.3329647924162,14.8397787201079
240.399999999965,0.585612188278341,1.7289499546355,,,3.70189470680654,3.6420232342343,5.07431901665005,6.32933595659695,7.23134963997471,8.69645310902447,8.32194486252718,10.452835183611,,,,,11.3814524888664,12.0589208670348,13.4073060355406,14.9047907386769
240.999999999964,0.600868586649641,1.74865826740171,,,3.72727826211981,3.60920710754423,5.05900304605924,6.34628548640449,7.23014271887965,8.68851802648001,8.39815587820479,10.4691324692863,,,,,11.4362661824864,12.0578423481411,13.4816472786651,14.9698027572459
241.599999999964,0.576885352469918,1.77604546450133,,,3.68162072047704,3.637624478778,5.07201851562061,6.27164100611427,7.20293946315109,8.63712882412808,8.45396781901207,10.3847834601658,,,,,11.4309313963235,12.0520984327098,13.4711257423006,14.9486850399548
242.199999999964,0.54036867206009,1.8034326616014,,,3.55075072812877,3.6660418500154,5.07020526520249,6.15666713139497,7.16473982178835,8.55620436819794,8.43413141130215,10.3515968616566,,,,,11.4063318041463,12.0315567268288,13.3768229869441,14.8606837370893
242.799999999964,0.503851991649517,1.83081985870147,,,3.41988073577543,3.6944592212528,5.06895807575628,6.04169325667329,7.13581912054848,8.48333017046634,8.39714186178441,10.3184102631504,,,,,11.3791386924018,12.0122591596728,13.2825202315826,14.7726824342199
243.399999999964,0.467335311238947,1.85820705580154,,,3.28901074342209,3.7228765924902,5.06771088631009,5.9267193819516,7.11304389817181,8.40424143230415,8.36015231226566,10.2852236646442,,,,,11.3476007139113,11.992961592517,13.1882174762211,14.6846811313504
243.999999999964,0.430818630828374,1.88559425290161,,,3.15814075106874,3.7512939637276,5.06646369686392,5.81174550722992,7.08827942401754,8.32416483456854,8.32316276274691,10.252037066138,,,,,11.3160627354205,11.9736640253611,13.0939147208596,14.596679828481
244.599999999964,0.394301950417801,1.91298145000169,,,3.0272707587154,3.779711334965,5.06521650741774,5.69677163250823,7.06313608540026,8.24050164483243,8.28617321322816,10.2188504676318,,,,,11.2845247569297,11.9543664582053,12.9996119654981,14.5086785256116
245.199999999964,0.35778527000723,1.94036864710176,,,2.89640076636206,3.8081287062024,5.06396931797155,5.58179775778654,7.03739110613903,8.15611458172482,8.24918366370941,10.1856638691256,,,,,11.2529867784389,11.9350688910494,12.9053092101366,14.4206772227421
245.799999999964,0.321268589596657,1.96775584420183,,,2.76553077400872,3.8365460774398,5.06272212852538,5.46682388306486,7.01188240170752,8.07249853586766,8.21219411419067,10.1524772706194,,,,,11.2214487999482,11.9157713238935,12.8110064547751,14.3326759198727
246.399999999964,0.284751909186084,1.99514304130191,,,2.63466078165538,3.8649634486772,5.0614749390792,5.35185000834317,6.98802919454758,7.99557680575396,8.17520456467191,10.1192906721132,,,,,11.189642364967,11.8964737567376,12.7167036994136,14.2446746170033
246.999999999964,0.248235228775511,2.02253023840198,,,2.50379078930204,3.8933808199146,5.05589841329612,5.23687613362149,6.95925888056016,7.93966541743346,8.13392220834847,10.0861040736071,,,,,11.1543278383511,11.8790332393652,12.6224009440521,14.1566733141338
247.599999999963,0.214478140663397,2.04991743550205,,,2.40861014951715,3.921798191152,5.0743984798287,5.10254023819457,6.92625366370386,7.91789163796362,8.09883433061367,10.0936730506054,,,,,11.1143584764824,11.848891187451,12.5280981886906,14.0686720112644
248.199999999963,0.249290450143248,2.04649858727523,,,2.39785810868873,3.9052552768894,5.05485994426417,5.08344100910757,6.90936612064518,7.90992555668868,8.07570313447501,10.1434122878982,,,,,11.0388999638168,11.8129081830975,12.4819686295652,13.974385535706
248.799999999963,0.329353537897266,2.04307973904653,,,2.52932408767485,3.88871236262405,5.03684727440827,5.1081481886526,6.91608003664336,7.93804773895609,8.14843204341003,10.165566517758,,,,,10.9938836315785,11.8031426354318,12.5390400215964,13.9482290170879
249.399999999963,0.40941662565405,2.03966089081783,,,2.66079006666966,3.8721694483587,5.02583229929762,5.13285536820032,6.95389979185763,7.98961074395619,8.23637543418657,10.187720747616,,,,,10.9714880665341,11.8317799594203,12.5961114136339,13.922072498474
249.999999999963,0.489479713410835,2.03624204258913,,,2.79225604566447,3.85562653409336,5.01481732418738,5.15756254774803,6.99098173418768,8.0438460188543,8.32431882496404,10.2098749774741,,,,,10.9534511126435,11.8604172834112,12.6531828056713,13.89591597986
250.599999999963,0.56954280116762,2.03282319436043,,,2.92372202465928,3.83908361982801,5.00380234907715,5.18226972729574,7.0270930944518,8.09681173459551,8.4122622157415,10.2320292073321,,,,,10.9354141587532,11.889054607402,12.7102541977088,13.8697594612461
251.199999999963,0.649605888924407,2.02940434613173,,,3.05518800365409,3.82254070556267,4.99278737396693,5.20697690684346,7.06304202687784,8.1512280558665,8.50020560651898,10.2541834371902,,,,,10.9173772048628,11.9176919313929,12.7673255897463,13.8436029426321
251.799999999963,0.729668976681191,2.02598549790303,,,3.18665398264891,3.80599779129732,4.9817723988567,5.23168408639118,7.09912456409048,8.20718908238954,8.58814899729645,10.2763376670482,,,,,10.8993402509725,11.9463292553837,12.8243969817837,13.8174464240182
252.399999999963,0.809732064437976,2.02256664967433,,,3.31811996164372,3.78945487703198,4.97075742374646,5.2563912659389,7.13546727360651,8.26596873478725,8.67609238807392,10.2984918969063,,,,,10.8813032970822,11.9749665793745,12.8814683738212,13.7912899054042
252.999999999963,0.889795152194762,2.01914780144563,,,3.44958594063853,3.77291196276663,4.95974244863625,5.28109844548661,7.17203564096666,8.32794304233001,8.76403577885139,10.3206461267643,,,,,10.8633299996282,12.0036039033654,12.9385397658587,13.7651333867903
253.599999999963,0.969858239951548,2.01572895321693,,,3.58105191963334,3.75636904850129,4.94929421459569,5.30580562503433,7.20453126795794,8.36500913860032,8.85463859198118,10.3428003566224,,,,,10.8460805040434,12.0129620129245,12.9956111578961,13.7389768681763
254.199999999962,1.04998834409634,2.01231010498823,,,3.70903631877107,3.73982613423594,4.94172165433566,5.36540832707492,7.24686220806417,8.38121192119926,8.92350081852875,10.3410614462355,,,,,10.8364983084795,12.0377256058394,13.0526825499336,13.7128203495624
254.799999999962,1.03534244154356,1.95534653327926,,,3.67693011187574,3.69308150346055,4.94948501487613,5.39216323304747,7.28381817385841,8.40308476393303,8.96328540149277,10.3143185671491,,,,,10.9025669895565,12.0706072737628,13.0880337680962,13.7372130457241
255.399999999962,0.964851303731854,1.89838296156692,,,3.54295518350832,3.64633687268327,4.94009423229654,5.42239442677852,7.29851570638558,8.39633017174523,9.00224764924732,10.2694730110854,,,,,10.9497423509221,12.0930255453354,13.0771750219652,13.7161596668115
255.999999999962,0.894360165916641,1.84141938985459,,,3.4089802551345,3.59959224190599,4.9208275172965,5.4526256205098,7.2761003588461,8.35666670712509,9.01600826905523,10.2246274550206,,,,,10.9826683575231,12.0873685459358,13.0663162758314,13.695106287896
256.599999999962,0.823869028101431,1.78445581814226,,,3.27500532676069,3.55284761112871,4.90156080229584,5.48285681424106,7.24968762111758,8.31904064243664,9.02976888886155,10.1797818989558,,,,,11.01097596541,12.0817115465343,13.0554575296976,13.6740529089806
257.199999999962,0.753377890286217,1.72749224642993,,,3.14103039838688,3.50610298035143,4.88229408729518,5.51308800797234,7.22443456535019,8.282644267235,9.04352950866788,10.134936342891,,,,,11.0392835732965,12.0760545471329,13.0445987835638,13.6529995300652
257.799999999962,0.682886752471003,1.67052867471759,,,3.00705547001306,3.45935834957415,4.86302737229452,5.54331920170361,7.19975931656718,8.2470379969214,9.05729012847421,10.0900907868262,,,,,11.0675911811831,12.0703975477315,13.03374003743,13.6319461511497
258.399999999962,0.612395614655792,1.61356510300526,,,2.87308054163924,3.41261371879687,4.84376065729386,5.57355039543488,7.17512033667406,8.20967957700082,9.07105074828053,10.0452452307614,,,,,11.0958987890696,12.0647405483301,13.0228812912962,13.6108927722343
258.999999999962,0.541904476840577,1.55660153129293,,,2.73910561326543,3.36586908801959,4.82449394229319,5.60378158916615,7.14911772791502,8.16834473209882,9.08481136808687,10.0003996746966,,,,,11.1242063969561,12.0590835489287,13.0120225451624,13.5898393933188
259.599999999962,0.471413339025364,1.49963795958059,,,2.60513068489161,3.31912445724231,4.80522722729254,5.63401278289741,7.11834052770997,8.10979598005096,9.0985719878932,9.95555411863175,,,,,11.1525788620364,12.0534265495272,13.0011637990286,13.5687860144034
260.199999999962,0.400922201210151,1.44267438786826,,,2.47115575651779,3.27237982646502,4.78845787232421,5.66424397662868,7.09076717883388,8.05786887877908,9.10361863207125,9.91070856256694,,,,,11.1827750994739,12.064618417004,12.9903050528948,13.547732635488
260.799999999961,0.331252399536635,1.38571081615593,,,2.33078985086601,3.22563519568774,4.75338549310095,5.69749464269117,7.06168248857299,8.02988854685133,9.10264456751998,9.86420901059989,,,,,11.2238981355704,12.0751101924718,12.979446306761,13.5266792565725
261.399999999961,0.339264877053588,1.44009904644732,,,2.35366266471492,3.34098765247927,4.75707198997316,5.70272353602589,7.04017796576778,8.00152315576661,9.1237053885186,9.84914399246432,,,,,11.2335568365158,12.0889904505618,13.0042566299747,13.5529671297907
261.999999999961,0.377135830891758,1.49448727674587,,,2.42413445457293,3.45634010928122,4.77017012013051,5.72614714149407,7.03201950016706,8.00032552898257,9.09999848244822,9.9284339166347,,,,,11.2373705097156,12.097967532225,13.0159493695706,13.6443244022767
262.599999999961,0.415006784731854,1.54887550704443,,,2.494606244434,3.57169256608317,4.80545725003268,5.74957074696342,7.03288853663117,8.01555957415188,9.09336877999697,10.0077238408112,,,,,11.2347576511212,12.0822415171198,13.0276421091656,13.7356816747669
263.199999999961,0.45287773857195,1.60326373734298,,,2.56507803429508,3.68704502288512,4.84074437993626,5.77299435243277,7.03410612534713,8.03154566590229,9.08673907754683,10.0870137649876,,,,,11.2369713132199,12.066515502013,13.0393348487606,13.8270389472571
263.799999999961,0.490748692412045,1.65765196764154,,,2.63554982415615,3.80239747968707,4.87603150983987,5.79641795790211,7.03647182088067,8.04990428196726,9.08010937509668,10.1663036891641,,,,,11.2391849753189,12.0507894869062,13.0510275883557,13.9183962197473
264.399999999961,0.528619646252141,1.71204019794009,,,2.70602161401723,3.91774993648902,4.91131863974347,5.81984156337146,7.03828665662038,8.06749660022672,9.07347967264653,10.2455936133405,,,,,11.2413986374179,12.0350634717994,13.0627203279507,14.0097534922375
264.999999999961,0.566490600092237,1.76642842823865,,,2.77649340387831,4.03310239329097,4.94660576964707,5.8432651688408,7.04013328053924,8.08572067339533,9.06684997019639,10.324883537517,,,,,11.2436122995169,12.0193374566926,13.0744130675457,14.1011107647276
265.599999999961,0.604361553932333,1.8208166585372,,,2.84696519373939,4.14845485009292,4.98189289955067,5.86668877431015,7.0434887867273,8.10479583921504,9.06022026774624,10.4041734616935,,,,,11.2458259616159,12.0036114415857,13.0861058071408,14.1924680372178
266.199999999961,0.642232507772429,1.87520488883576,,,2.91743698360046,4.26380730689486,5.01718002945427,5.89011237977951,7.05381433016935,8.13975524047719,9.0535905652961,10.4834633858699,,,,,11.2479554560636,11.9878854264789,13.0977985467358,14.283825309708
266.799999999961,0.680103461612525,1.92959311913431,,,2.98790877346154,4.37915976369682,5.08719060169056,5.91353598524885,7.07101493366759,8.18619360913884,9.05156112239809,10.5627533100464,,,,,11.2509171124543,11.9775073980199,13.1094912863308,14.3751825821982
267.39999999996,0.720224805305603,1.98398134943287,,,3.08592169769241,4.49451222049877,5.15820572155244,5.93277752720384,7.08199353672467,8.22509110475099,9.0537727522143,10.6580176909326,,,,,11.2197191977233,11.9518462791345,13.1211840259259,14.4665398546884
267.99999999996,0.715855670827397,1.97638867724199,,,3.1218381075908,4.43179911175593,5.21853651967877,5.9760733790076,7.08128214372825,8.26540452856508,9.02542520929722,10.6944210133574,,,,,11.1838486214787,11.9174380384026,13.1071334468403,14.4846784569116
268.59999999996,0.723330872750945,1.96879600504702,,,3.19530508725616,4.36908600300133,5.26557654172327,5.98171714249955,7.07617629887873,8.29046665074346,9.01525277815362,10.6284497157488,,,,,11.1591052937537,11.8841319937975,13.1103610513857,14.4733927997343
269.19999999996,0.730806074675275,1.96120333285205,,,3.26877206692401,4.30637289424674,5.28026516579413,5.987360905989,7.08617430635632,8.32423832336473,9.01578769034433,10.5624784181334,,,,,11.1487212301231,11.9088350927486,13.1135886559323,14.4621071425552
269.79999999996,0.738281276599608,1.95361066065708,,,3.34223904659185,4.24365978549214,5.29495378986282,5.99300466947845,7.09854367232676,8.35294260506852,9.01632260253574,10.4965071205181,,,,,11.1358663577562,11.9335381917036,13.116816260479,14.450821485376
270.39999999996,0.745756478523938,1.94601798846211,,,3.41570602625969,4.18094667673755,5.30964241393153,5.9986484329679,7.10928952246758,8.37785828532812,9.01685751472717,10.4305358229027,,,,,11.1230114853892,11.9582412906585,13.1200438650256,14.4395358281968
270.99999999996,0.753231680448271,1.93842531626714,,,3.48917300592753,4.11823356798295,5.32433103800024,6.00429219645735,7.12025652517769,8.40232750039572,9.01739242691858,10.3645645252873,,,,,11.1101566130221,11.9829443896134,13.1232714695722,14.4282501710177
271.59999999996,0.760706882372602,1.93083264407217,,,3.56263998559538,4.05552045922836,5.33901966206894,6.00993595994681,7.13147274652841,8.42649828207355,9.01792733911,10.298593227672,,,,,11.0973017406551,12.0076474885684,13.1264990741188,14.4169645138385
272.19999999996,0.768182084296934,1.9232399718772,,,3.63610696526322,3.99280735047376,5.35370828613765,6.01557972343626,7.1426511842386,8.45272594215961,9.01846225130142,10.2326219300566,,,,,11.084446868288,12.0323505875233,13.1297266786654,14.4056788566593
272.79999999996,0.775657286221265,1.91564729968223,,,3.70957394493107,3.93009424171917,5.36839691020635,6.02122348692571,7.15018279082291,8.47041167113066,9.01899716349284,10.1666506324413,,,,,11.0720792596545,12.0570536864783,13.132954283212,14.3943931994802
273.39999999996,0.783132488145598,1.90805462748727,,,3.78304092459891,3.86738113296457,5.31414879983288,6.02686725041516,7.14131335601,8.47311783980588,9.02459722523786,10.1006793348259,,,,,11.05348170341,12.0547146600178,13.1361818877586,14.383107542301
273.999999999959,0.780413836962734,1.9004619552923,,,3.78336439223593,3.80466802420998,5.2493236753433,5.9998243713437,7.12472769308661,8.45498227012703,9.03104686323952,10.0444585161791,,,,,11.0476311358178,12.0608142682913,13.1394094923052,14.3718218851218
274.599999999959,0.762313485805431,1.87894664070237,,,3.77417057008004,3.78560019701755,5.15284691107982,5.9072174667015,7.12099887264718,8.43511708607333,9.05058572908245,10.0507121493971,,,,,11.0508379392142,12.0708870309684,13.1366094426937,14.3800247508114
275.199999999959,0.717528944783505,1.8574313261115,,,3.67722099751825,3.76653236982807,5.10591715899008,5.83873432869144,7.11896333313056,8.40930148657767,9.03019193746511,10.0986686287351,,,,,11.0552209410342,12.0819491638407,13.1268225274124,14.3670008640503
275.799999999959,0.672744403759771,1.83591601152064,,,3.5802714249505,3.74746454263859,5.08548348334797,5.77025119068302,7.09968349990905,8.35728061283519,9.00269483520682,10.1466251080759,,,,,11.043137696395,12.0509086671149,13.1170356121307,14.3539769772877
276.399999999959,0.627959862736037,1.81440069692977,,,3.48332185238275,3.72839671544911,5.06504980770768,5.70176805267459,7.0799376190961,8.30293325321344,8.97519773294804,10.1945815874167,,,,,11.0292743139364,12.0198681703861,13.1072486968489,14.3409530905252
276.999999999959,0.583175321712303,1.7928853823389,,,3.386372279815,3.70932888825964,5.04461613206737,5.63328491466617,7.06036422233514,8.25099133122436,8.94770063068927,10.2425380667575,,,,,11.0154109314776,11.9888276736574,13.0974617815672,14.3279292037626
277.599999999959,0.538390780688568,1.77137006774803,,,3.28942270724726,3.69026106107016,5.02418245642707,5.56480177665775,7.04102630067236,8.20216891165082,8.9202035284305,10.2904945460983,,,,,11.0015475490189,11.9577871769286,13.0876748662854,14.3149053170001
278.199999999959,0.493606239664836,1.74985475315716,,,3.1924731346795,3.67119323388068,5.00374878078679,5.49631863864933,7.02138377759971,8.15456529197216,8.89270642617171,10.3384510254391,,,,,10.9876841665601,11.9267466801999,13.0778879510037,14.3018814302375
278.799999999959,0.4488216986411,1.7283394385663,,,3.09552356211176,3.6521254066912,4.98331510514648,5.42783550064091,7.00072836270105,8.10391958702853,8.86520932391294,10.3864075047799,,,,,10.9738207841014,11.8957061834712,13.0681010357219,14.288857543475
279.399999999959,0.404037157617366,1.70682412397543,,,2.99857398954401,3.63305757950173,4.96288142950618,5.35935236263248,6.97966840617755,8.05596736765578,8.83771222165416,10.4343639841207,,,,,10.9592939890365,11.8646656867424,13.0583141204402,14.2758336567124
279.999999999959,0.359252616593631,1.68530880938456,,,2.90162441697626,3.61398975231225,4.97705407621057,5.29086922462406,6.97475113731009,8.01542715328328,8.79512547766578,10.4823204634615,,,,,10.953887937732,11.8516926260682,13.0485272051584,14.2628097699499
280.599999999958,0.321934491164068,1.66379349479369,,,2.86980236673484,3.59492192512277,5.05112311801586,5.26347949517093,6.99120321282079,7.99824820426127,8.757814851521,10.4680926009689,,,,,10.9635016655122,11.8426831999497,13.0387402898767,14.2497858831874
281.199999999958,0.348831538827529,1.73063279753752,,,2.84543266723612,3.65140643835428,5.14254230214019,5.32389864585944,7.00828172824966,7.98052004710269,8.67623669846222,10.4350391375798,,,,,10.9692480656531,11.8331885714236,13.047223909945,14.250372047118
281.799999999958,0.381901746685124,1.79747210028748,,,2.8651709363087,3.70789095159102,5.20524022364517,5.41056266322484,7.01818309232798,7.97500737331273,8.64639641405024,10.3989953126707,,,,,10.9377791103527,11.8232195331075,13.0652956175172,14.2361496123422
282.399999999958,0.414971954543148,1.86431140303744,,,2.88490920538434,3.76437546482777,5.26326061894667,5.49722668059206,7.03541945987737,7.98196607134342,8.60504778550591,10.3629514877614,,,,,10.9124330030446,11.8016095846991,13.0833673250901,14.2219271775653
282.999999999958,0.448042162401171,1.9311507057874,,,2.90464747445999,3.82085997806451,5.32128101424784,5.58389069795929,7.0490576570801,7.99531612343403,8.56369915696078,10.3269076628521,,,,,10.8903338780143,11.7799996362899,13.1014390326629,14.2077047427885
283.599999999958,0.481112370259197,1.99799000853735,,,2.92438574353563,3.87734449130126,5.37930140954902,5.67055471532651,7.06376428579887,8.00626469129455,8.52235052841566,10.2908638379428,,,,,10.8682347529843,11.7583896878807,13.1195107402358,14.1934823080116
284.199999999958,0.51418257811722,2.06482931128731,,,2.94412401261127,3.93382900453801,5.4373218048502,5.75721873269373,7.07821071724381,8.01339173091823,8.48100189987052,10.2548200130335,,,,,10.8461356279543,11.7367797394716,13.1375824478087,14.1792598732347
284.799999999958,0.547252785975245,2.13166861403727,,,2.96386228168692,3.99031351777475,5.49534220015137,5.84388275006095,7.09269576561243,8.01949661669492,8.4396532713254,10.2187761881242,,,,,10.8240365029243,11.7151697910624,13.1556541553815,14.1650374384579
285.399999999958,0.580322993833269,2.19850791678723,,,2.98360055076256,4.0467980310115,5.55336259545255,5.93054676742818,7.10819395049629,8.02554447286718,8.39830464278027,10.1827323632149,,,,,10.8019373778943,11.6935598426532,13.1737258629544,14.150815003681
285.999999999958,0.613393201691293,2.26534721953718,,,3.0033388198382,4.10328254424824,5.61138299075373,6.0172107847954,7.12350639953847,8.03092964627345,8.35695601423514,10.1466885383056,,,,,10.7801006527901,11.671949894244,13.1917975705273,14.1365925689042
286.599999999958,0.646463409549316,2.33218652228714,,,3.02307708891384,4.15976705748499,5.67075285895129,6.10387480216263,7.12947890769757,8.03598856071946,8.33624677515837,10.1106447133963,,,,,10.7573423547527,11.6361701022604,13.2098692781001,14.1223701341273
287.199999999957,0.682007263146778,2.3990258250371,,,3.02346751563219,4.21625157072174,5.67711568816481,6.18010227705461,7.12350437084908,8.0333668360459,8.33142806607965,10.1621583511608,,,,,10.7225885342489,11.6077789071776,13.227940985673,14.1081476993504
287.799999999957,0.670988647411391,2.39896743165775,,,3.01840147670992,4.18129733647559,5.65566759420809,6.2483502305634,7.10160709052599,8.03803710555272,8.37841347566509,10.2007952345115,,,,,10.6861294226384,11.5795002276702,13.2200225306329,14.06040168929
288.399999999957,0.687349843323224,2.39890903827365,,,3.05933624942853,4.14634310222295,5.60952073899359,6.26211497336695,7.08546652045176,8.04220971726762,8.38490297731585,10.2427608106162,,,,,10.7466710671872,11.5490529852695,13.1975019023865,14.0428898064664
288.999999999957,0.703711039237004,2.39885064488956,,,3.10027102215041,4.1113888679703,5.54958293245678,6.27587971616663,7.06634536750047,8.05789799618087,8.39518022263106,10.2847263867211,,,,,10.8041503750617,11.546645607473,13.174981274139,14.025377923645
289.599999999957,0.720072235150785,2.39879225150545,,,3.1412057948723,4.07643463371766,5.48964512591895,6.28964445896631,7.05288893870317,8.07577270685069,8.40545746794653,10.3266919628259,,,,,10.8611533603727,11.5442382296785,13.1524606458915,14.0078660408236
290.199999999957,0.736433431064566,2.39873385812135,,,3.18214056759418,4.04148039946502,5.42970731938115,6.30340920176598,7.03796308028136,8.09806456890251,8.41573471326201,10.3686575389308,,,,,10.9181563456836,11.541830851884,13.1299400176439,13.9903541580022
290.799999999957,0.752794626978346,2.39867546473725,,,3.22307534031607,4.00652616521237,5.36976951284333,6.31717394456566,7.02296227017693,8.12225264733169,8.42601195857748,10.4106231150357,,,,,10.9751593309946,11.5394234740895,13.1074193893964,13.9728422751808
291.399999999957,0.769155822892126,2.39861707135315,,,3.26401011303795,3.97157193095973,5.30983170630553,6.33093868736533,7.0076917055187,8.14535049394175,8.43628920389296,10.4525886911406,,,,,11.0321623163055,11.537016096295,13.0848987611489,13.9553303923594
291.999999999957,0.785517018805907,2.39855867796905,,,3.30494488575983,3.93661769670709,5.24989389976772,6.34470343016502,6.99179136997283,8.17089593010434,8.44656644920843,10.4945542672454,,,,,11.0891653016165,11.5346087185005,13.0623781329014,13.937818509538
292.599999999957,0.801878214719687,2.39850028458496,,,3.34587965848172,3.90166346245445,5.18995609322992,6.35846817296469,6.97975851816896,8.20344739580175,8.45684369452391,10.5365198433503,,,,,11.1461374134345,11.532201340706,13.0398575046539,13.9203066267166
293.199999999957,0.818239410633468,2.39844189120086,,,3.3868144312036,3.8667092282018,5.11857861564675,6.37223291576437,6.97501789653359,8.23928951959605,8.45210829579121,10.5784854194552,,,,,11.1964872428253,11.5619577367344,13.0173368764064,13.9027947438952
293.799999999956,0.832344593826966,2.39838349781676,,,3.42661588260848,3.83175499394916,5.04261400643297,6.34082704386075,6.96456364485025,8.2631121966711,8.41114230777959,10.5264228742724,,,,,11.2484988249356,11.5868534939909,12.9948162481589,13.8852828610738
294.399999999956,0.848613270936592,2.3262611234402,,,3.46883515888072,3.78449991959946,4.90373657686454,6.20908005207026,6.95570985150259,8.26261468299369,8.38428636840002,10.4816607969329,,,,,11.279596699161,11.6044971949268,12.9690920374145,13.8390833766159
294.999999999956,0.81818174367432,2.2541387490584,,,3.39145773419173,3.73724484524886,4.81567021566295,6.11353526778789,6.94217983574535,8.24792826175566,8.37147744927711,10.4257845382041,,,,,11.2172757949095,11.6284092762321,12.949082754274,13.7950626988614
295.599999999956,0.787750216408644,2.18201637467661,,,3.31408030949403,3.68998977089826,4.75309341150538,6.01799048350816,6.93621024577897,8.22283940820549,8.37208953984713,10.3699082794745,,,,,11.1609903866964,11.68293535564,12.9290734711338,13.7510420211072
296.199999999956,0.757318689142968,2.10989400029481,,,3.23670288479632,3.64273469654767,4.69051660734969,5.92244569922843,6.92741154904544,8.19251655243426,8.37270163041813,10.3140320207449,,,,,11.1042923279463,11.7374614350502,12.9090641879937,13.7070213433529
296.799999999956,0.726887161877293,2.03777162591301,,,3.15932546009862,3.59547962219707,4.62793980319399,5.8269009149487,6.92100067801035,8.15611166761946,8.37331372098912,10.2581557620153,,,,,11.0475942691962,11.7919875144604,12.8890549048536,13.6630006655986
297.399999999956,0.696455634611617,1.96564925153122,,,3.08194803540092,3.54822454784647,4.56536299903829,5.73135613066897,6.91505026415258,8.11768826299905,8.37392581156012,10.2022795032856,,,,,10.9908962104462,11.8465135938705,12.8690456217134,13.6189799878444
297.999999999956,0.66602410734594,1.89352687714942,,,3.00457061070322,3.50096947349588,4.50278619488259,5.63581134638924,6.9094495872673,8.08130878564301,8.37453790213111,10.146403244556,,,,,10.9341981516961,11.9010396732807,12.8490363385733,13.5749593100901
298.599999999956,0.635592580080264,1.82140450276763,,,2.92719318600551,3.45371439914528,4.44020939072689,5.54026656210951,6.90414686280026,8.04450015620408,8.37514999270211,10.0905269858264,,,,,10.877500092946,11.9555657526909,12.8290270554331,13.5309386323358
299.199999999956,0.605161052814589,1.74928212838583,,,2.84981576130781,3.40645932479469,4.37763258657119,5.44472177782977,6.89488030500101,8.0000329001202,8.37576208327311,10.0346507270968,,,,,10.820617252802,12.010091832101,12.809017772293,13.4869179545816
299.799999999956,0.574729525548916,1.67715975400404,,,2.77243833661011,3.35920425044409,4.33269297507178,5.34917699355005,6.87964128771209,7.94845359490624,8.38064348657361,9.97877446836715,,,,,10.7626187234828,12.0227663381171,12.7890084891529,13.4428972768273
300.399999999955,0.544132778894966,1.60503737962224,,,2.6927644527864,3.31194917609349,4.29792741634383,5.32150574703925,6.86879341829601,7.91614030443458,8.41466078967487,10.0201440857585,,,,,10.7021353644493,12.0134750387217,12.7689992060127,13.3988765990731
300.999999999955,0.49600171697461,1.63395638019661,,,2.64387655008559,3.39253369335924,4.41138167255169,5.40257695643415,6.87672524339434,7.89081427272253,8.43605474947161,10.0811218187945,,,,,10.6569546998305,12.0106599108191,12.782014169359,13.4771358415083
301.599999999955,0.484109304102933,1.66287538077848,,,2.67479277358906,3.4731182106345,4.45752566324674,5.48337877347011,6.90775443208787,7.88778886200288,8.4697866957367,10.1463735504027,,,,,10.657239989275,12.0111306260361,12.8099445075692,13.5640997575999
302.199999999955,0.472216891233952,1.69179438136036,,,2.70570899709848,3.55370272790976,4.46622953554507,5.56418059050605,6.93354842408639,7.89235470703096,8.48128935976002,10.2116252820113,,,,,10.6654112065184,11.9498494820032,12.8378748457805,13.651063673692
302.799999999955,0.460324478364973,1.72071338194224,,,2.7366252206079,3.63428724518502,4.47493340784061,5.64498240754199,6.96315963912157,7.90264646885475,8.49279202378171,10.2768770136199,,,,,10.6718074003879,11.8885683379658,12.8658051839918,13.7380275897842
303.399999999955,0.448432065495994,1.74963238252412,,,2.76754144411732,3.71487176246027,4.48363728013613,5.72578422457793,6.98993191859296,7.91884733657987,8.50429468780338,10.3421287452285,,,,,10.6782035942573,11.8272871939283,12.8937355222031,13.8249915058763
303.999999999955,0.436539652627016,1.778551383106,,,2.79845766762673,3.79545627973553,4.49234115243166,5.80658604161387,7.01612539314868,7.93765295497323,8.51579735182506,10.4073804768371,,,,,10.6845997881267,11.7660060498908,12.9216658604143,13.9119554219685
304.599999999955,0.424647239758037,1.80747038368788,,,2.82937389113615,3.87604079701079,4.5010450247272,5.8873878586498,7.04229038437231,7.9554549077289,8.52730001584673,10.4726322084457,,,,,10.6909959819961,11.7047249058534,12.9495961986256,13.9989193380607
305.199999999955,0.412754826889056,1.83638938426976,,,2.86029011464557,3.95662531428604,4.50974889702273,5.96818967568574,7.0689629300728,7.9718109025246,8.53880267986841,10.5378839400542,,,,,10.6973921758654,11.6434437618159,12.9775265368369,14.0858832541528
305.799999999955,0.400862414020077,1.86530838485164,,,2.89120633815499,4.0372098315613,4.51845276931826,6.04899149272168,7.09527054381659,7.9913237343022,8.55030534389009,10.6031356716628,,,,,10.7043585058585,11.5821626177784,13.0054568750482,14.172847170245
306.399999999955,0.388970001151098,1.89422738543352,,,2.9221225616644,4.11779434883656,4.49990760479361,6.12979330975761,7.12524562632426,8.01239819198295,8.55800514724418,10.6683874032714,,,,,10.7140710045602,11.5542422007971,13.0333872132595,14.2598110863372
306.999999999954,0.377533975887121,1.92314638601539,,,2.94249190856852,4.19837886611182,4.506795439072,6.16456969859025,7.16323432399958,8.02584414179689,8.54613353353795,10.7167930841764,,,,,10.7332518661064,11.549019088577,13.0613175514708,14.3467750024293
307.599999999954,0.44236085086148,1.97996717779078,,,2.96127109207465,4.2383749160354,4.46376371886745,6.20039066857269,7.18765766523193,8.08452375550396,8.53015810371563,10.7392858668409,,,,,10.801508537205,11.5543556210656,13.0555424949257,14.440634146869
308.199999999954,0.495308196913482,2.03678796956829,,,2.98705836446943,4.2783709659559,4.49891092299616,6.21660808276431,7.18599671284404,8.13428133706633,8.50271617757069,10.7448935579433,,,,,10.8444930808582,11.5497317268036,13.0407173387727,14.5164768335545
308.799999999954,0.548255542964577,2.0936087613458,,,3.01284563686475,4.3183670158764,4.56982627939707,6.23282549695444,7.18693120071491,8.17570719335326,8.49181637368035,10.7505012490445,,,,,10.8806637151778,11.5753692310914,13.025892182619,14.5923195202385
309.399999999954,0.601202889015674,2.15042955312331,,,3.03863290926007,4.3583630657969,4.64074163580071,6.24904291114457,7.1811564791048,8.21208624659262,8.48091656979127,10.7561089401456,,,,,10.9182789037555,11.6010067353816,13.0110670264653,14.6681622069226
309.999999999954,0.654150235066771,2.20725034490082,,,3.06442018165539,4.3983591157174,4.71165699220436,6.2652603253347,7.17759337145984,8.24462928205254,8.47001676590219,10.7617166312468,,,,,10.9558940923334,11.6266442396717,12.9962418703116,14.7440048936066
310.599999999954,0.707097581117869,2.26407113667833,,,3.09020745405071,4.4383551656379,4.78257234860801,6.28147773952483,7.17434919580423,8.27594093805509,8.45911696201311,10.767324322348,,,,,10.9935092809113,11.6522817439618,12.9814167141579,14.8198475802907
311.199999999954,0.760044927168966,2.32089192845583,,,3.11599472644603,4.4783512155584,4.85348770501165,6.29769515371495,7.17081356589301,8.30760179978135,8.44821715812403,10.7729320134491,,,,,11.0311244694892,11.6779192482519,12.9665915580041,14.8956902669747
311.799999999954,0.812992273220062,2.37771272023334,,,3.14178199884135,4.5183472654789,4.92440306141532,6.31391256790508,7.1655102707422,8.33845511784493,8.43731735423495,10.7785397045503,,,,,11.068739658067,11.703556752542,12.9517664018504,14.9715329536588
312.399999999954,0.865939619271158,2.43453351201085,,,3.16756927123666,4.55834331539941,4.99531841781895,6.33012998209521,7.16166024627988,8.36555502098656,8.42641755034587,10.7841473956514,,,,,11.1059891616393,11.7291942568322,12.9369412456967,15.0473756403429
312.999999999954,0.918886965322255,2.49135430378836,,,3.19335654363198,4.59833936531991,5.10533271210218,6.34634739628534,7.15729279020504,8.40918378060459,8.42465911696126,10.7897550867526,,,,,11.147062653944,11.7480368104094,12.922116089543,15.1232183270269
313.599999999953,0.969474794317407,2.54817509556587,,,3.25539629774535,4.63833541524041,5.1860351072906,6.37455958448472,7.16075741222631,8.47452675132995,8.41659194619151,10.7282189728676,,,,,11.1960110262906,11.7705445339916,12.9072909333893,15.199061013711
314.199999999953,0.96473501768112,2.46131742280273,,,3.31244570758675,4.5402270357329,5.23332166550609,6.37269073276403,7.16901871709223,8.49239071625499,8.37134288200006,10.6834188394116,,,,,11.1763764556598,11.7843831958217,12.9249605129565,15.1087264563267
314.799999999953,0.969326628531087,2.37445975002844,,,3.32621889733923,4.44211865621467,5.20108178835436,6.3839477851538,7.17513477707912,8.50317203793311,8.35416716536329,10.7009696726653,,,,,11.1508250570628,11.8017986293635,12.918584455,15.0021288557153
315.399999999953,0.973918239381781,2.28760207725415,,,3.33999208708836,4.34401027669644,5.15709269045282,6.39520483754458,7.16956326402748,8.51191426460921,8.34685862793502,10.7185205059238,,,,,11.1094958833192,11.8115370736008,12.9122083970417,14.8955312551027
315.999999999953,0.978509850232474,2.20074440447985,,,3.35376527683747,4.24590189717821,5.11310359255035,6.40646188993536,7.17208451553518,8.5240734966821,8.33955009050753,10.7360713391824,,,,,11.0689643098652,11.8212755178375,12.9058323390834,14.78893365449
316.599999999953,0.983101461083169,2.11388673170556,,,3.36753846658658,4.14779351765998,5.06911449464789,6.41771894232615,7.17404502772357,8.53868382942586,8.33224155308002,10.753622172441,,,,,11.0284327364113,11.8310139620743,12.8994562811251,14.6823360538773
317.199999999953,0.987693071933863,2.02702905893126,,,3.3813116563357,4.04968513814174,5.02512539674542,6.42897599471693,7.17612335205894,8.55287584995357,8.32493301565252,10.7711730056995,,,,,10.9879011629573,11.840752406311,12.8930802231668,14.5757384532646
317.799999999953,0.992284682784557,1.94017138615697,,,3.39508484608482,3.95157675862351,4.98113629884296,6.44023304710772,7.17793569819996,8.56716622960605,8.31762447822502,10.7887238389581,,,,,10.9473695895034,11.8504908505477,12.8867041652085,14.469140852652
318.399999999953,0.99687629363525,1.85331371338268,,,3.40885803583393,3.85346837910528,4.93714720094049,6.4514900994985,7.18091788223255,8.5850207616651,8.31031594079752,10.8062746722166,,,,,10.9068380160494,11.8602292947844,12.8803281072501,14.3625432520393
318.999999999953,1.00146790448594,1.76645604060838,,,3.42263122558305,3.75535999958705,4.89315810303803,6.46274715188929,7.1858667531041,8.60444558751075,8.30300740337002,10.8238255054752,,,,,10.8661837024445,11.8699677390211,12.8739520492918,14.2559456514266
319.599999999953,1.00605951533664,1.67959836783409,,,3.43640441533217,3.65725162006881,4.81355114429922,6.47400420428007,7.1935651648385,8.59847649298805,8.29487233102174,10.8413763387338,,,,,10.8254613028647,11.8770855600381,12.8675759913335,14.1493480508139
320.199999999952,1.00858180758403,1.59274069505979,,,3.40268246378468,3.55914324055058,4.76109131956068,6.48893498167949,7.17603678548745,8.54229394947277,8.31418988733389,10.876125259251,,,,,10.7539307439206,11.8696511176035,12.8611999333752,14.0427504502013
320.799999999952,0.954013037392204,1.53885517732471,,,3.24963590650928,3.54429564729082,4.69059523909414,6.45019521859593,7.14553909897927,8.47739741035349,8.42466762046626,10.8317244862674,,,,,10.7117591487961,11.8474804110976,12.8004109131375,13.9774854307845
321.399999999952,0.890260661093654,1.48496965959223,,,3.13485089516299,3.52944805403768,4.64981794331477,6.39651044739275,7.12281796769421,8.40887595368339,8.50310206815012,10.70500215738,,,,,10.6948615233024,11.8258088325287,12.7731209122225,13.9408678662568
321.999999999952,0.826508284794373,1.43108414185977,,,3.02006588381973,3.51460046078453,4.61046977600059,6.34282567618836,7.11661236128997,8.35123390740954,8.56246618038609,10.578279828486,,,,,10.6964769443371,11.8056023329274,12.7458309113101,13.9042503017314
322.599999999952,0.762755908495094,1.3771986241273,,,2.90528087247648,3.49975286753138,4.57112160868654,6.28914090498397,7.1036669466314,8.28884213406025,8.62183029262053,10.4515574995921,,,,,10.6966464093548,11.7853958333263,12.7185409103977,13.867632737206
323.199999999952,0.699003532195815,1.32331310639482,,,2.79049586113323,3.48490527427823,4.53177344137247,6.23545613377959,7.0899477074612,8.22451354159639,8.68119440485498,10.3248351706981,,,,,10.6968158743724,11.7651893337251,12.6912509094853,13.8310151726806
323.799999999952,0.635251155896533,1.26942758866235,,,2.67571084978998,3.47005768102509,4.49242527405841,6.18177136257521,7.07592812994578,8.16169841434208,8.74055851708944,10.1981128418041,,,,,10.69698533939,11.744982834124,12.6639609085729,13.7943976081552
324.399999999952,0.571498779597254,1.21554207092988,,,2.56092583844673,3.45521008777194,4.45307710674434,6.12808659137083,7.0632036430214,8.09821592090921,8.79992262932388,10.0713905129102,,,,,10.6971548044075,11.7247763345228,12.6366709076605,13.7577800436298
324.999999999952,0.507746403297976,1.16165655319741,,,2.44614082710347,3.44036249451879,4.41372893943028,6.07440182016644,7.05123377762142,8.03347568464799,8.85928674155833,9.94466818401619,,,,,10.6973242694251,11.7045698349217,12.6093809067481,13.7211624791044
325.599999999952,0.443994026998696,1.10777103546494,,,2.33135581576022,3.42551490126565,4.37438077211623,6.02071704896206,7.03702467600581,7.96861428911109,8.91865085379278,9.81794585512222,,,,,10.6975177160737,11.6843633353205,12.5820909058357,13.6845449145791
326.199999999952,0.380241650699417,1.05388551773247,,,2.21657080441697,3.4106673080125,4.34445636604432,5.96703227775767,7.0193192291646,7.92281050144481,8.97666493061916,9.69122352622825,,,,,10.6909957398151,11.6491823953477,12.5548009049233,13.6479273500537
326.799999999951,0.322323637923583,1,,,2.14759702168834,3.39581971475935,4.28487091223708,5.90854893297437,7.00763289789832,7.90456232600701,9.01307364164911,9.55849920257152,,,,,10.7059377536148,11.6114369703074,12.5275109040109,13.6113097855283
327.399999999951,0.348215610931736,1.02241807960023,,,2.22378720270173,3.40343573210203,4.33607168785219,5.91235041544408,7.00141422688861,7.91455785549848,8.99781349437991,9.55618765423593,,,,,10.7365191985472,11.5905112941827,12.5995899324634,13.690862955623
327.999999999951,0.360300536869519,1.04483615920665,,,2.29361771830273,3.41105174944653,4.43292280452944,5.90592383874913,7.00311218141049,7.92380704807345,8.9869432335398,9.56328442555827,,,,,10.7621456794338,11.5698854161956,12.6555969597591,13.7647309558708
328.599999999951,0.372385462806178,1.06725423881306,,,2.36344823390321,3.41866776679103,4.53646446699682,5.89949726205335,7.00134178741358,7.92829317787371,8.98267729996099,9.57038119688137,,,,,10.7859726773532,11.5655191864374,12.7116039870535,13.8385989561181
329.199999999951,0.384470388742838,1.08967231841948,,,2.43327874950369,3.42628378413553,4.64000612946477,5.89307068535757,7.00220636004067,7.93741155677955,8.9784113663827,9.57747796820447,,,,,10.8110055983219,11.5611529566805,12.7676110143479,13.9124669563655
329.799999999951,0.396555314679499,1.11209039802589,,,2.50310926510417,3.43389980148004,4.7435477919327,5.88664410866178,7.00234549098244,7.94462231118559,8.97414543280442,9.58457473952757,,,,,10.8360385192908,11.5567867269236,12.8236180416424,13.9863349566128
330.399999999951,0.408640240616159,1.13450847763231,,,2.57293978070465,3.44151581882454,4.84708945440064,5.880217531966,7.00235602096572,7.95098491732877,8.96987949922615,9.59167151085067,,,,,10.8610714402596,11.5524204971666,12.8796250689368,14.0602029568602
330.999999999951,0.42072516655282,1.15692655723872,,,2.64277029630513,3.44913183616904,4.95063111686858,5.87379095527022,7.00123768916959,7.95666656525783,8.96561356564786,9.59876828217377,,,,,10.8861043612284,11.5480542674097,12.9356320962312,14.1340709571075
331.599999999951,0.432810092489481,1.17934463684514,,,2.71260081190562,3.45674785351354,5.05417277933653,5.86736437857444,6.99936078717048,7.96235888269513,8.96134763206957,9.60586505349687,,,,,10.9111372821973,11.5436880376528,12.9916391235256,14.2079389573549
332.199999999951,0.444895018426141,1.20176271645155,,,2.7824313275061,3.46436387085804,5.15771444180446,5.86093780187866,6.99696389152188,7.97178212465761,8.9570816984913,9.61296182481997,,,,,10.9364173472653,11.5393218078959,13.04764615082,14.2818069576022
332.799999999951,0.456979944362802,1.22418079605797,,,2.85226184310658,3.47197988820254,5.27062897570736,5.85451122518288,6.98732260160661,7.97199404116232,8.94653738719975,9.62005859614307,,,,,10.9670255663616,11.5641442688854,13.1036531781145,14.3556749578495
333.39999999995,0.469425707336546,1.24659887566438,,,2.93413075631043,3.47959590554704,5.38121294586241,5.86872992207527,6.98551001187241,7.98588585636411,8.92930582179442,9.67436313870316,,,,,10.9996557470481,11.5913694596808,13.1596602054089,14.4295429580969
333.99999999995,0.506264542844794,1.36622741867502,,,3.00337465005481,3.53880547355284,5.41778027182356,5.85866181783421,7.00845480755641,8.02329385136964,8.91151478188248,9.64719885322044,,,,,11.0084218948581,11.6276341906434,13.1569309213651,14.4421488150994
334.59999999995,0.572273023399351,1.48585596169369,,,3.05298331237896,3.59801504156291,5.40320959100854,5.89994986660729,7.0315460745698,8.09465116089136,8.91359222388894,9.68588239852756,,,,,11.0383739501885,11.6646018082924,13.1796241831764,14.4675370003717
335.19999999995,0.638281503956323,1.60548450471237,,,3.10259197470148,3.65722460957298,5.37285606250829,5.94123791538463,7.04979715176349,8.16855762952987,8.9108791794225,9.72456594384013,,,,,11.0681673423807,11.7091082574822,13.2023174449898,14.4929251856451
335.79999999995,0.704289984513294,1.72511304773104,,,3.152200637024,3.71643417758305,5.3425025340067,5.98252596416196,7.06759241572643,8.23651797000437,8.90816613495567,9.7632494891527,,,,,11.0955964115101,11.7536147066727,13.2250107068032,14.5183133709185
336.39999999995,0.770298465070265,1.84474159074971,,,3.20180929934652,3.77564374559312,5.31214900550512,6.0238140129393,7.08787951039473,8.30820127084494,8.90545309048883,9.80193303446528,,,,,11.1230254806393,11.7981211558632,13.2477039686165,14.5437015561918
336.99999999995,0.836306945627236,1.96437013376839,,,3.25141796166904,3.83485331360319,5.28179547700354,6.06510206171664,7.10865093951308,8.38045696818775,8.902740046022,9.84061657977785,,,,,11.1504545497684,11.8426276050536,13.2703972304299,14.5690897414652
337.59999999995,0.902315426184209,2.08399867678706,,,3.30102662399156,3.89406288161326,5.25144194850196,6.10639011049397,7.1295211311821,8.45524150086306,8.90002700155516,9.87930012509042,,,,,11.1778836188976,11.8871340542441,13.2930904922433,14.5944779267386
338.19999999995,0.96832390674118,2.20362721980574,,,3.35063528631408,3.95327244962333,5.22108842000038,6.14767815927131,7.15007582823718,8.52810815387891,8.89731395708832,9.91798367040299,,,,,11.2053126880268,11.9316405034345,13.3157837540567,14.6198661120119
338.79999999995,1.03433238729815,2.32325576282441,,,3.4002439486366,4.0124820176334,5.1907348914988,6.18896620804865,7.17024455707865,8.5980041888876,8.89460091262149,9.95666721571556,,,,,11.2322847213768,11.976146952625,13.3384770158701,14.6452542972853
339.39999999995,1.10034086785512,2.44288430584309,,,3.44985261095911,4.07169158564347,5.14866124474979,6.23025425682598,7.20519844640737,8.67665126509072,8.89543980971743,9.99535076102813,,,,,11.262129372639,11.9985931376021,13.3611702776834,14.6706424825587
339.999999999949,1.15978158159346,2.56251284886176,,,3.418126404884,4.13090115365354,5.13559451419615,6.28198959987737,7.24692186715656,8.74889246939929,8.93508391593097,10.0257515494649,,,,,11.2845139917167,12.0553086885556,13.3838635394968,14.696030667832
340.599999999949,1.1403021212346,2.51714512978953,,,3.36547005418184,4.14945219738622,5.0967737884359,6.3631199941127,7.25452850655548,8.77692150715133,8.98790941741897,10.1026413409208,,,,,11.3096181576675,12.0842562663097,13.3621583624745,14.7101844208142
341.199999999949,1.10923167938988,2.47177741070339,,,3.36077728901659,4.16800324111547,5.07981761086285,6.38977764960962,7.25338547533832,8.76857802931239,8.98778721217706,10.1433099213755,,,,,11.2675012333856,12.1161976324111,13.3034049085939,14.6855707245857
341.799999999949,1.07816123754419,2.42640969161725,,,3.35608452385538,4.18655428484473,5.09335578148831,6.41643530510194,7.25148616136645,8.75526856583586,8.99732652555377,10.1839785018272,,,,,11.2203346053341,12.1116243802,13.2446514547102,14.6609570283539
342.399999999949,1.04709079569849,2.38104197253111,,,3.35139175869417,4.20510532857398,5.10689395211634,6.44309296059425,7.2485308287252,8.74452129144239,9.00686583893131,10.2246470822788,,,,,11.1776388667593,12.1070511279858,13.1858980008265,14.6363433321221
342.999999999949,1.01602035385279,2.33567425344496,,,3.34669899353297,4.22365637230324,5.12043212274436,6.46975061608657,7.24341733454754,8.73249478958045,9.01640515230884,10.2653156627305,,,,,11.1349431281849,12.1024778757715,13.1271445469427,14.6117296358904
343.599999999949,0.984949912007097,2.29030653435882,,,3.34200622837177,4.24220741603249,5.13397029337239,6.49640827157888,7.23847016598861,8.71947864119262,9.02594446568638,10.3059842431821,,,,,11.0922473896105,12.0979046235573,13.068391093059,14.5871159396586
344.199999999949,0.953879470161402,2.24493881527268,,,3.33731346321056,4.26075845976174,5.14750846400043,6.5230659270712,7.23422555711994,8.70455512157569,9.03548377906391,10.3466528236338,,,,,11.049551651036,12.0933313713431,13.0096376391753,14.5625022434268
344.799999999949,0.922809028315705,2.19957109618654,,,3.33262069804935,4.279309503491,5.16104663462846,6.54972358256352,7.22960330389686,8.69188266740099,9.04502309244144,10.3873214040854,,,,,11.0068559124616,12.0887581191288,12.9508841852916,14.5378885471951
345.399999999949,0.891738586470008,2.1542033771004,,,3.32792793288815,4.29786054722025,5.17458480525649,6.57638123805583,7.22845313909218,8.67748231069975,9.05456240581898,10.427989984537,,,,,10.9647566936137,12.0841848669146,12.8921307314078,14.5132748509633
345.999999999948,0.860668144624312,2.10883565801425,,,3.32323516772694,4.31641159094951,5.19756295775356,6.60303889354815,7.21671680839669,8.63809284489378,9.05386858097698,10.4686585649887,,,,,10.9150746681481,12.0830188303138,12.8333772775241,14.4886611547315
346.599999999948,0.830585035193293,2.06346793892811,,,3.36255355716283,4.33496263467876,5.1757991594303,6.55611620918674,7.18214659210139,8.56541601000704,9.02967963286346,10.4879351298354,,,,,10.8545677548635,12.036310931866,12.7746238236404,14.4640474584998
347.199999999948,0.797036995211639,2.01742444200564,,,3.35653796064521,4.26181000363262,5.11518800798236,6.47421741888651,7.15842502231467,8.4915094474224,8.94533905461483,10.4200299881763,,,,,10.7738679131301,12.0082812813607,12.7503950095656,14.4210052104189
347.799999999948,0.761742562545622,1.97138094508311,,,3.31397769161632,4.18865737257859,5.05542870957241,6.4114034517655,7.14071884694757,8.42954539961302,8.90589348780503,10.3463721674908,,,,,10.7632777556902,11.9739020330963,12.7567911190048,14.4106870183993
348.399999999948,0.726448129879453,1.92533744816058,,,3.27141742258428,4.11550474152457,4.95676700430244,6.34858948464614,7.12787653402601,8.36948415414994,8.85569829893277,10.2727143468048,,,,,10.7546108342032,11.9425378490277,12.7631872284466,14.4003688263825
348.999999999948,0.691153697213285,1.87929395123805,,,3.22885715355223,4.04235211047054,4.85810529902912,6.28577551752677,7.11561838647268,8.31233419949571,8.80550311005958,10.1990565261189,,,,,10.7417949053644,11.9111736649593,12.7695833378884,14.3900506343657
349.599999999948,0.655859264547115,1.83325045431551,,,3.18629688452019,3.96919947941651,4.75944359375579,6.2229615504074,7.10257084805604,8.25538748798272,8.75530792118639,10.1253987054329,,,,,10.7289789765252,11.8798094808909,12.7759794473302,14.3797324423489
350.199999999948,0.620564831880947,1.78720695739298,,,3.14373661548815,3.89604684836249,4.66078188848246,6.16014758328804,7.08927979687519,8.19683829263606,8.7051127323132,10.0517408847469,,,,,10.7161630476861,11.8484452968225,12.782375556772,14.3694142503321
350.799999999948,0.585270399214778,1.74116346047045,,,3.10117634645611,3.82289421730846,4.56212018320914,6.09733361616867,7.07573584946952,8.1386244411383,8.65491754344001,9.97808306406098,,,,,10.7033471188469,11.8170811127541,12.7887716662137,14.3590960583153
351.399999999948,0.54997596654861,1.69511996354792,,,3.05861607742406,3.74974158625443,4.46345847793581,6.03451964904931,7.06363897194494,8.08175376224503,8.60472235456683,9.90442524337501,,,,,10.6905311900077,11.7857169286857,12.7951677756555,14.3487778662985
351.999999999948,0.51468153388244,1.64907646662539,,,3.01605580839202,3.67658895520041,4.36479677266249,5.97170568192994,7.04637943892274,8.0302360046237,8.55452716569363,9.83076742268904,,,,,10.6773722216796,11.7543527446173,12.8015638850973,14.3384596742817
352.599999999947,0.479387101216272,1.60303296970286,,,2.97349553935998,3.60343632414638,4.26629678870068,5.90889171481058,7.02830897564384,8.00121526953654,8.519646203265,9.75710960200308,,,,,10.6675592170089,11.729679141356,12.8079599945391,14.3281414822649
353.199999999947,0.451760303916116,1.55698947278033,,,2.94340901464962,3.53028369309236,4.23866449041821,5.90282710408017,7.03184930362877,8.02202580464982,8.475752828606,9.67997748589826,,,,,10.6691058778563,11.7257395734731,12.8143561039809,14.3178232902481
353.799999999947,0.481077058794154,1.63713474925355,,,2.9426100085512,3.5955658546132,4.32647647190821,5.90795942964552,7.04497502530296,8.06803569110657,8.4783316481159,9.70066363219015,,,,,10.7398900340478,11.7174501783556,12.872301670298,14.3531061706574
354.399999999947,0.503115850856197,1.71728002573785,,,2.94820230856694,3.66084801614619,4.42482490166637,5.96263921771831,7.04384228791421,8.11404998116055,8.49450887155888,9.71773012469179,,,,,10.7946210923628,11.7069253445331,12.9030359450038,14.3654019773713
354.999999999947,0.525154642917599,1.79742530222214,,,2.95379460858325,3.72613017767918,4.52124112110771,6.01731900579544,7.03731748328488,8.1553530653081,8.51383904865532,9.7347966171931,,,,,10.8462694449152,11.70256088711,12.9337702197071,14.3776977840832
355.599999999947,0.547193434979002,1.87757057870643,,,2.95938690859956,3.79141233921218,4.6176573405489,6.07199879387258,7.02955994035979,8.18898803785752,8.53316922575202,9.75186310969443,,,,,10.8991425356288,11.6981964296874,12.9645044944105,14.3899935907951
356.199999999947,0.569232227040404,1.95771585519072,,,2.96497920861587,3.85669450074517,4.71407355999007,6.12667858194972,7.02556569813799,8.22472238365034,8.55249940284873,9.76892960219576,,,,,10.9520156263426,11.6938319722649,12.9952387691139,14.402289397507
356.799999999947,0.591271019101807,2.03786113167501,,,2.97057150863218,3.92197666227816,4.81048977943124,6.18135837002685,7.0212706781021,8.2642922678426,8.57182957994544,9.78599609469708,,,,,11.0048887170563,11.6894675148423,13.0259730438173,14.4145852042189
357.399999999947,0.61330981116321,2.11800640815931,,,2.97616380864848,3.98725882381115,4.90690599887241,6.23603815810399,7.01665332960787,8.30349728900591,8.59115975704215,9.8030625871984,,,,,11.05776180777,11.6851030574197,13.0567073185207,14.4268810109308
357.999999999947,0.635348603224613,2.1981516846436,,,2.98175610866479,4.05254098534414,5.00332221831359,6.29071794618113,7.01119623776333,8.33909192471113,8.61048993413886,9.82012907969971,,,,,11.1106348984838,11.6807385999972,13.0874415932241,14.4391768176427
358.599999999947,0.657387395286015,2.27829696112789,,,2.9873484086811,4.11782314687714,5.09973843775476,6.34539773425827,7.00911809336147,8.36850909005881,8.62982011123556,9.83719557220104,,,,,11.1637192561502,11.6763741425746,13.1181758679274,14.4514726243546
359.199999999946,0.679426187347419,2.35844223761218,,,2.99294070869741,4.18310530841013,5.20199921500287,6.4000775223354,7.0200367431055,8.39442117890878,8.65077207368454,9.85426206470237,,,,,11.2225151697032,11.6633027193241,13.1489101426308,14.4637684310665
359.799999999946,0.695844430637022,2.43858751409648,,,3.01226302646135,4.24838746994312,5.24693661530678,6.42857438414841,7.02280903520961,8.38265282807398,8.66137976442524,9.91579736656323,,,,,11.287334375122,11.6549964926108,13.1796444173342,14.4760642377784
360.399999999946,0.685411172357246,2.46126890167649,,,3.05511982685283,4.24817873780978,5.27748201551555,6.47315398393738,7.00665416807765,8.35073575214464,8.67349873648385,9.87021112881644,,,,,11.2692582869163,11.6456654958069,13.1618134784594,14.4072951963901
360.999999999946,0.672283606974435,2.48395028925137,,,3.07757866517673,4.24797000567059,5.27322149236667,6.44605581861015,7.00985551529433,8.31472351494247,8.64194195780124,9.82675081627019,,,,,11.2353733309258,11.6528841897482,13.1582654121501,14.3486260829851
361.599999999946,0.659156041591383,2.50663167682625,,,3.10003750349881,4.2477612735314,5.29953801459619,6.41895765327651,7.01825433288444,8.27705876578278,8.62452787914391,9.78329050372413,,,,,11.2065267824137,11.663949125258,13.1547173458421,14.289956969581
362.199999999946,0.646028476208332,2.52931306440114,,,3.12249634182088,4.24755254139222,5.32585453682844,6.39185948794286,7.03133252954594,8.24233386499901,8.60711380048784,9.73983019117806,,,,,11.1774157641786,11.6750140607681,13.1511692795341,14.231287856177
362.799999999946,0.632900910825279,2.55199445197602,,,3.14495518014295,4.24734380925303,5.35217105906068,6.36476132260922,7.04166745769592,8.20193794669305,8.58969972183178,9.696369878632,,,,,11.1483047459436,11.6860789962782,13.1476212132261,14.1726187427729
363.399999999946,0.619773345442228,2.5746758395509,,,3.16741401846503,4.24713507711384,5.37848758129294,6.33766315727557,7.05174447154319,8.1587870624287,8.57228564317572,9.65290956608594,,,,,11.1191937277086,11.6971439317884,13.1440731469181,14.1139496293688
363.999999999946,0.606645780059176,2.59735722712578,,,3.18987285678711,4.24692634497465,5.40480410352518,6.31056499194192,7.06113955158008,8.11643608004384,8.55487156451965,9.60944925353988,,,,,11.0900827094735,11.7082088672985,13.1405250806101,14.0552805159647
364.599999999946,0.593518214676123,2.62003861470067,,,3.21233169510918,4.24671761283546,5.43112062575742,6.28346682660827,7.07059473322417,8.07661868974965,8.53745748586359,9.56598894099382,,,,,11.0609716912385,11.7192738028086,13.136977014302,13.9966114025607
365.199999999946,0.580390649293072,2.64272000227555,,,3.23479053343126,4.24650888069627,5.45743714798967,6.25636866127463,7.07868455575314,8.03914143706331,8.52004340720752,9.52252862844776,,,,,11.031618565518,11.7303387383188,13.133428947994,13.9379422891566
365.799999999945,0.567263083910019,2.66540138985043,,,3.25724937175333,4.24630014855708,5.47047319173765,6.22927049594098,7.07073739319336,7.99265410268474,8.49415411553139,9.47906831590169,,,,,10.9944088606848,11.74345607131,13.129880881686,13.8792731757525
366.399999999945,0.551425693104847,2.68808277742531,,,3.25856150066585,4.24609141641789,5.49074656468003,6.21116600310351,7.05474237868983,7.95822458280334,8.50430861642722,9.39018176517169,,,,,10.954553651722,11.7293327292489,13.126332815378,13.8206040623485
366.999999999945,0.537939901385612,2.68204458482908,,,3.212447878761,4.23712694695322,5.37226005468534,6.12334723850575,7.06151504889724,7.9390563917673,8.50417572301922,9.39651399707611,,,,,10.9675342010586,11.7216024468505,13.1364654048836,13.8208431693652
367.599999999945,0.53483013332568,2.67600639223023,,,3.18445351274662,4.22816247748775,5.27369479041322,6.08418801931901,7.0580649371463,7.93078312283528,8.57484414439028,9.40104564114231,,,,,10.9786143186162,11.6924059950066,13.1560088430801,13.8234648338197
368.199999999945,0.531720365266693,2.66996819963138,,,3.15645914673389,4.21919800802227,5.17046520242491,6.04502880013671,7.05042298042031,7.93402509877665,8.6283614495245,9.40557728520835,,,,,10.9890413699428,11.6905009308569,13.1755522812774,13.8260864982746
368.799999999945,0.528610597207706,2.66393000703253,,,3.12846478072115,4.2102335385568,5.06723561443617,6.00586958095441,7.03296573485062,7.94500310890549,8.68187875465714,9.41010892927437,,,,,10.9996048602457,11.6885958667096,13.1950957194748,13.8287081627294
369.399999999945,0.52550082914872,2.65789181443369,,,3.10047041470843,4.20126906909133,4.96400602644744,5.9667103617721,7.01571213798773,7.96112556895829,8.73539605978979,9.41464057334041,,,,,11.0101683505487,11.6866908025624,13.2146391576722,13.8313298271842
369.999999999945,0.522391061089734,2.65185362183484,,,3.07247604869569,4.19230459962585,4.86077643845871,5.92755114258979,6.99899320430013,7.97818849407227,8.78891336492243,9.41917221740644,,,,,11.0207318408517,11.6847857384151,13.2341825958695,13.833951491639
370.599999999945,0.519281293030747,2.64581542923599,,,3.04448168268296,4.18334013016038,4.75754685046998,5.88839192340749,6.98364060912722,7.99467866909582,8.84243067005508,9.42370386147247,,,,,11.0312953311546,11.6828806742679,13.2537260340669,13.8365731560938
371.199999999945,0.516171524971761,2.63977723663714,,,3.01648731667023,4.17437566069491,4.65431726248124,5.84923270422518,6.96808231039971,8.00808947618814,8.89594797518773,9.4282355055385,,,,,11.0418588214576,11.6809756101206,13.2732694722642,13.8391948205486
371.799999999945,0.513061756912776,2.63373904403829,,,2.9884929506575,4.16541119122944,4.5510876744925,5.81007348504288,6.95307727621032,8.02091982535508,8.94946528032037,9.43276714960454,,,,,11.0526668005911,11.6790705459734,13.2928129104616,13.8418164850034
372.399999999944,0.509951988853788,2.62770085143944,,,2.96049858464477,4.15644672176396,4.43521010153289,5.77091426586057,6.94601095150094,8.0435927344876,9.0036356128691,9.43729879367057,,,,,11.0632607120807,11.6936042133525,13.3123563486589,13.8444381494582
372.999999999944,0.514299990167222,2.6216626588406,,,2.90411679707279,4.14748225229849,4.33283812898603,5.76600705156532,6.95522861915228,8.076504286499,9.06281111666216,9.40785465732754,,,,,11.0701787948812,11.7430735787109,13.3318997868563,13.847059813913
373.599999999944,0.522293536132149,2.59213359150439,,,2.90688385701945,4.14240829049719,4.43242354636229,5.85402674365592,6.96164404668113,8.11186403225741,9.11933442477356,9.40457057629907,,,,,11.0760041676377,11.7923788961155,13.3534595179257,13.8718933547468
374.199999999944,0.529043772552986,2.56260452416601,,,2.9043280111079,4.13733432869626,4.52698725261786,5.88160842646475,6.96741459882939,8.14249292484294,9.09874352365806,9.46518139050635,,,,,11.0857025506558,11.8533047368222,13.3577433271647,13.8923851776218
374.799999999944,0.535794008973707,2.53307545682763,,,2.90177216519585,4.13226036689532,4.59149449774923,5.90919010926796,6.96448491664172,8.16721645273399,9.08416629989428,9.52579220471957,,,,,11.0904039383665,11.8490021688202,13.3620271364021,13.9128770004964
375.399999999944,0.542544245394428,2.50354638948925,,,2.89921631928381,4.12718640509439,4.65600174287783,5.93677179207118,6.9725397925948,8.18662734160987,9.06958907613107,9.5864030189328,,,,,11.0961971670444,11.8446996008122,13.3663109456395,13.933368823371
375.999999999944,0.549294481815148,2.47401732215087,,,2.89666047337176,4.12211244329345,4.72050898800641,5.9643534748744,6.98156572300206,8.20540384366472,9.05501185236785,9.647013833146,,,,,11.1019903957225,11.8403970328041,13.3705947548769,13.9538606462455
376.599999999944,0.55604471823587,2.44448825481249,,,2.89410462745972,4.11703848149251,4.78501623313498,5.99193515767761,6.99092225014876,8.22453177124574,9.04043462860464,9.70762464735923,,,,,11.1077836244005,11.836094464796,13.3748785641143,13.9743524691201
377.199999999944,0.562794954656591,2.41495918747411,,,2.89154878154767,4.11196451969158,4.84952347826357,6.01951684048082,6.99941865628416,8.24403875906492,9.02585740484143,9.76823546157244,,,,,11.1135768530786,11.831791896788,13.3791623733517,13.9948442919947
377.799999999944,0.569545191077311,2.38543012013572,,,2.88899293563562,4.10689055789064,4.91403072339215,6.04709852328404,7.00820045737886,8.26554365401016,9.01128018107821,9.82884627578566,,,,,11.1193700817566,11.8274893287799,13.3834461825891,14.0153361148693
378.399999999944,0.576295427498031,2.35590105279734,,,2.88643708972358,4.10181659608971,4.97853796852073,6.07468020608726,7.01792835434993,8.29257739489995,8.99670295731499,9.88945708999889,,,,,11.1250942410857,11.8231867607718,13.3877299918265,14.0358279377439
378.999999999943,0.583045663918754,2.32637198545896,,,2.88388124381153,4.09674263428877,5.07623384533392,6.10226188889047,7.03082328401191,8.32630583559973,8.97571932872422,9.9500679042121,,,,,11.1369828072623,11.805918043079,13.3920138010639,14.0563197606184
379.599999999943,0.584080687491855,2.29684291812058,,,2.92755869440899,4.09166867248783,5.15359134430157,6.11933983872585,7.03565272704003,8.35608018374831,8.90585233780489,10.076710568776,,,,,11.1478671932888,11.7715815379593,13.3962976103013,14.076811583493
380.199999999943,0.606748696165035,2.26897598159093,,,2.93226514086462,4.03353857959499,5.10740380939489,6.06392495121086,7.02873981784934,8.36932602214867,8.83949243846039,10.1142030461862,,,,,11.1004649771902,11.7307635106164,13.328162446121,13.9921965455093
380.799999999943,0.625500860324221,2.24110904506142,,,2.93968482833046,3.97540848669713,5.11669887760197,6.03811720721417,7.01492701874614,8.36420790244139,8.80889395244813,10.0411641089179,,,,,11.0491398850933,11.6856273805172,13.2517005077087,13.9204804472153
381.399999999943,0.64425302448304,2.21324210853192,,,2.94710451579657,3.91727839379928,5.14863752224847,6.01230946322026,7.01224293378837,8.35324722802486,8.76904381113512,9.96812517163915,,,,,10.9984856927163,11.6922676122966,13.1752385692956,13.8487643489225
381.999999999943,0.663005188641858,2.18537517200242,,,2.95452420326268,3.85914830090143,5.18057616689713,5.98650171922635,7.00662943985434,8.34680424257608,8.72919366982122,9.8950862343604,,,,,10.9480150085139,11.6989078440809,13.0987766308826,13.7770482506298
382.599999999943,0.681757352800675,2.15750823547292,,,2.96194389072879,3.80101820800358,5.21251481154578,5.96069397523245,6.9993812378811,8.33852239088443,8.68934352850733,9.82204729708166,,,,,10.8975443243114,11.7055480758651,13.0223146924695,13.705332152337
383.199999999943,0.700509516959492,2.12964129894342,,,2.9693635781949,3.74288811510573,5.24445345619445,5.93488623123854,6.99079602480174,8.32829892776098,8.64949338719344,9.74900835980292,,,,,10.847073640109,11.7121883076494,12.9458527540565,13.6336160540442
383.799999999943,0.719261681118311,2.10177436241392,,,2.97678326566101,3.68475802220788,5.27639210084311,5.90907848724464,6.98264907715786,8.31970892436266,8.60964324587955,9.67596942252417,,,,,10.7966029559066,11.7188285394337,12.8693908156434,13.5618999557515
384.399999999943,0.738013845277128,2.07390742588442,,,2.98420295312712,3.62662792931002,5.30833074549175,5.88327074325073,6.97384694966802,8.31124056874018,8.56979310456565,9.60293048524542,,,,,10.7461322717042,11.7254687712179,12.7929288772304,13.4901838574587
384.999999999943,0.756766009435945,2.04604048935492,,,2.99162264059323,3.56849783641217,5.3402693901404,5.85746299925683,6.96478156532144,8.29479968292484,8.52994296325177,9.52989154796668,,,,,10.6953634479654,11.7321090030022,12.7164669388173,13.418467759166
385.599999999942,0.775518173594764,2.01817355282541,,,2.99904232805934,3.51036774351432,5.34462209957794,5.83165525526293,6.94291579791714,8.26847234526689,8.50942219658659,9.45685261068793,,,,,10.6422873804793,11.7297707963668,12.6400050004043,13.3467516608732
386.199999999942,0.794302223233318,1.99030661629591,,,2.9689879203947,3.45223765061647,5.37167390510339,5.74897886978748,6.9129384521685,8.22544255602188,8.52240040495028,9.40046171088739,,,,,10.5981525866091,11.7275592401205,12.5635430619912,13.2750355625804
386.799999999942,0.790372653327118,2.02247444122476,,,2.9580933452587,3.49778667682435,5.38195556568959,5.73148885599002,6.88677166765939,8.19376777076052,8.57246372984035,9.40476795484726,,,,,10.6011265018817,11.7212697047916,12.5751409052457,13.4036605538629
387.399999999942,0.792459783470892,2.05464226615938,,,2.96627245089116,3.5433357030422,5.31877553805147,5.71704171970036,6.87857632557743,8.18719277619864,8.60967911860673,9.47183662206226,,,,,10.6228441348541,11.7228105589472,12.5776367681914,13.5055544420221
387.999999999942,0.794546913615246,2.08681009109399,,,2.97445155652547,3.58888472926004,5.25174019357102,5.70259458341098,6.87899679711991,8.18172750215212,8.65277655547833,9.5389052892833,,,,,10.6518307786775,11.7046809347743,12.5801326311364,13.6074483301788
388.599999999942,0.7966340437596,2.11897791602861,,,2.98263066215977,3.63443375547788,5.18470484909022,5.68814744712161,6.87409781180051,8.16658798602251,8.69587399235049,9.60597395650433,,,,,10.6788632400213,11.6865513105995,12.5826284940813,13.7093422183355
389.199999999942,0.798721173903953,2.15114574096323,,,2.99080976779407,3.67998278169573,5.1176695046094,5.67370031083224,6.87031974886387,8.15352261374597,8.73897142922266,9.67304262372536,,,,,10.7058957013649,11.6684216864247,12.5851243570262,13.8112361064922
389.799999999942,0.800808304048305,2.18331356589784,,,2.99898887342837,3.72553180791357,5.05063416012859,5.65925317454286,6.86762823012082,8.14408212346363,8.78206886609482,9.7401112909464,,,,,10.7329281627085,11.6502920622499,12.5876202199711,13.9131299946489
390.399999999942,0.802895434192658,2.21548139083246,,,3.00716797906267,3.77108083413142,4.98359881564777,5.64480603825349,6.86474110236512,8.13264870560477,8.82516630296698,9.80717995816744,,,,,10.7599606240521,11.6321624380751,12.590116082916,14.0150238828055
390.999999999942,0.804982564337011,2.24764921576707,,,3.01534708469697,3.81662986034926,4.91656347116695,5.63035890196413,6.86289465377649,8.1206030792498,8.86826373983915,9.87424862538847,,,,,10.7869930853957,11.6140328139002,12.592611945861,14.1169177709622
391.599999999942,0.807069694481366,2.27981704070169,,,3.02352619033127,3.86217888656711,4.84952812668614,5.61591176567475,6.85788655739789,8.11211350210538,8.9113611767113,9.9413172926095,,,,,10.8139564633949,11.5959031897254,12.5951078088059,14.2188116591189
392.199999999941,0.809156824625718,2.31198486563631,,,3.03170529596557,3.90772791278495,4.80628144143138,5.60146462938537,6.85779440452501,8.09610294871337,8.9426799568099,10.0083859598305,,,,,10.8371188220428,11.572880872269,12.5976036717508,14.3207055472756
392.799999999941,0.809763000896676,2.34415269057092,,,3.08724948680848,3.9532769390028,4.75318747331284,5.64042171680569,6.8760080958463,8.08958253436652,8.97472519467739,10.0029806621843,,,,,10.8592729291871,11.5535552362529,12.6000995346957,14.4225994354323
393.399999999941,0.768599835383235,2.28472866759598,,,3.11102749182009,3.93950998126955,4.76486673017683,5.62989731229484,6.89366452366047,8.07428911628297,8.98773945333422,10.0491861978382,,,,,10.8900251145334,11.5436086738956,12.5871349641491,14.3743684827487
393.999999999941,0.714424233161693,2.22530464461209,,,3.08735795925507,3.92574302353052,4.75297255639318,5.63987758600709,6.90571813605766,8.04496969231667,8.99650769448872,10.1278113585406,,,,,10.9160510048517,11.528160169084,12.6122754561897,14.3576333801623
394.599999999941,0.660248630938877,2.16588062162821,,,3.0636884266854,3.91197606579149,4.75056889202594,5.64985785972136,6.89987307525412,8.02030747587547,9.01077568510183,10.2064365192463,,,,,10.9306137833589,11.5439864841916,12.637415948234,14.3408982775789
395.199999999941,0.606073028716059,2.10645659864432,,,3.04001889411573,3.89820910805245,4.74816522765964,5.65983813343563,6.90246937923859,8.00142433789152,9.02504367571549,10.2850616799519,,,,,10.9447744894058,11.5598127993022,12.6625564402784,14.3241631749954
395.799999999941,0.551897426493242,2.04703257566044,,,3.01634936154606,3.88444215031342,4.74576156329332,5.66981840714989,6.90635785690326,7.98144831852294,9.03931166632914,10.3636868406575,,,,,10.9589351954526,11.5756391144128,12.6876969323227,14.307428072412
396.399999999941,0.497721824270425,1.98760855267655,,,2.99267982897639,3.87067519257438,4.74335789892701,5.67979868086416,6.91015543963366,7.96068055313634,9.05357965694279,10.4423120013632,,,,,10.9730959014995,11.5914654295235,12.712837424367,14.2906929698286
396.999999999941,0.443546222047607,1.92818452969266,,,2.96901029640672,3.85690823483535,4.7409542345607,5.68977895457843,6.91382284608965,7.93956782293892,9.06784764755644,10.5209371620688,,,,,10.9872566075463,11.6072917446341,12.7379779164114,14.2739578672452
397.599999999941,0.38937061982479,1.86876050670878,,,2.94534076383706,3.84314127709632,4.73855057019439,5.6997592282927,6.91708180106027,7.91891287119213,9.0821156381701,10.5995623227744,,,,,11.0014173135931,11.6231180597447,12.7631184084557,14.2572227646618
398.199999999941,0.335195017601974,1.80933648372489,,,2.92167123126739,3.82937431935728,4.73614690582808,5.70973950200697,6.92560087568479,7.90127798044617,9.09638362878375,10.67818748348,,,,,11.0161361004703,11.6389443748554,12.7882589005001,14.2404876620784
398.79999999994,0.281019415379157,1.749912460741,,,2.89800169869772,3.81560736161825,4.72162107803544,5.71971977572123,6.9549424268348,7.90695166588997,9.1144226701289,10.7568126441857,,,,,11.0331538174387,11.6833763957189,12.8133993925444,14.223752559495
399.39999999994,0.235480321054132,1.69048843775712,,,2.83746455632033,3.80184040387922,4.73270115630234,5.72770026108645,6.97362403602067,7.94889388258693,9.14507889477574,10.9104793176815,,,,,11.0508121466073,11.7268853212587,12.8385398845888,14.2070174569116
399.99999999994,0.264626924165386,1.73390246919432,,,2.84827549231783,3.92352675427384,4.68871238682787,5.77903548816644,6.98942784269985,8.0034228578899,9.15096564475665,10.9157857460054,,,,,11.0614105524189,11.7704830109448,12.8719017796304,14.184198306646
400.59999999994,0.30822808575101,1.77731650064174,,,2.87027461100078,4.04521310468193,4.69701395211844,5.80670888686511,6.99267610944668,8.05856731193332,9.19660894833568,10.820594166723,,,,,11.0373261923521,11.8111281997296,12.8840168630521,14.1458026737981
401.19999999994,0.351829247338073,1.82073053208916,,,2.89227372968484,4.16689945509003,4.69123505726066,5.83438228556142,7.00631597945742,8.12228143992121,9.24631579167006,10.7254025874305,,,,,11.0296134052103,11.8067137180575,12.8961319464717,14.1074070409487
401.79999999994,0.395430408925137,1.86414456353657,,,2.9142728483689,4.28858580549812,4.68545616240148,5.86205568425774,7.01430201486046,8.1950509423801,9.29602263500483,10.630211008138,,,,,11.0240179707933,11.8022992363809,12.9082470298913,14.0690114080993
402.39999999994,0.439031570512201,1.90755859498399,,,2.93627196705296,4.41027215590621,4.67967726754231,5.88972908295406,7.02022044168949,8.27023590902284,9.3457294783396,10.5350194288455,,,,,11.0184225363764,11.7978847547044,12.9203621133109,14.0306157752499
402.99999999994,0.482632732099264,1.95097262643141,,,2.95827108573701,4.5319585063143,4.67389837268313,5.91740248165037,7.02587728676705,8.34199893865095,9.39543632167438,10.439827849553,,,,,11.0128271019596,11.7934702730278,12.9324771967305,13.9922201424005
403.59999999994,0.526233893686327,1.99438665787883,,,2.98027020442107,4.65364485672239,4.66811947782395,5.94507588034668,7.03199562866395,8.4141077943968,9.44514316500916,10.3446362702605,,,,,11.0072316675428,11.7890557913512,12.9445922801502,13.9538245095511
404.19999999994,0.569835055273391,2.03780068932625,,,3.00226932310513,4.77533120713048,4.66234058296479,5.972749279043,7.03816599991735,8.48698006825117,9.49485000834392,10.249444690968,,,,,11.001636233126,11.7846413096747,12.9567073635698,13.9154288767016
404.79999999994,0.613436216860453,2.08121472077367,,,3.02426844178919,4.89701755753857,4.6565616881056,6.00042267773931,7.04218884985872,8.55837542461303,9.5445568516787,10.1542531116755,,,,,10.9958336358563,11.7802268279981,12.9688224469894,13.8770332438522
405.399999999939,0.657037378447516,2.12462875222108,,,3.04626756047325,5.01870390794666,4.6367271873664,6.02809607643563,7.02352796609273,8.61116499276124,9.58683494896371,10.0590615323831,,,,,10.9921280086722,11.7589751283082,12.980937530409,13.8386376110028
405.999999999939,0.691910503649406,2.1680427836685,,,3.06982370512654,5.14039025835475,4.59343999793103,6.02837550010003,6.99720412726397,8.60988763939987,9.58406116016927,9.8621947917986,,,,,10.9632656110848,11.7281719676828,12.9930526138286,13.8002419781534
406.599999999939,0.696710114347931,2.14668027886658,,,3.03218816621903,5.04433729239348,4.6427085058386,6.0080209278263,6.96347022963106,8.57732310376616,9.56777767110119,9.72924252381197,,,,,10.867028821433,11.6907118608326,12.9425101864127,13.8222454754644
407.199999999939,0.710463806272045,2.12531777405812,,,3.05179743948613,4.9482843264102,4.66249900949127,5.97825050327099,6.94307709059476,8.54713339600642,9.52122464793383,9.68312818161138,,,,,10.7935317117522,11.6592377861702,12.9022365636129,13.8348937215423
407.799999999939,0.724217498197065,2.10395526924965,,,3.07140671275902,4.85223136042693,4.71113733467563,5.94848007871472,6.92083946152989,8.51227968953506,9.46331502650538,9.63701383941957,,,,,10.7110055433673,11.7066376136445,12.8619629408141,13.8475419676192
408.399999999939,0.737971190122086,2.08259276444118,,,3.09101598603191,4.75617839444365,4.7597756598629,5.91870965415846,6.89824437977818,8.46317107648454,9.4054054050758,9.59089949722776,,,,,10.6278408724221,11.7540374411268,12.8216893180153,13.8601902136962
408.999999999939,0.751724882047105,2.06123025963271,,,3.1106252593048,4.66012542846037,4.80841398505017,5.8889392296022,6.87648648285641,8.40420025476161,9.3474957836462,9.54478515503594,,,,,10.5446762014769,11.801437268609,12.7814156952166,13.8728384597731
409.599999999939,0.765478573972124,2.03986775482424,,,3.1302345325777,4.56407246247709,4.85705231023744,5.85916880504593,6.85454713326278,8.3465993100402,9.28958616221661,9.49867081284414,,,,,10.4615115305317,11.8488370960913,12.7411420724178,13.8854867058501
410.199999999939,0.779232265897145,2.01850525001578,,,3.14984380585059,4.46801949649381,4.9056906354247,5.82939838048967,6.83232820942588,8.28892536288911,9.23167654078702,9.45255647065232,,,,,10.3783468595864,11.8962369235736,12.700868449619,13.898134951927
410.799999999939,0.792985957822164,1.99714274520731,,,3.16945307912348,4.37196653051053,4.95432896061197,5.7996279559334,6.80995109179647,8.23087310576808,9.17376691935743,9.40644212846052,,,,,10.2951821886412,11.9436367510558,12.6605948268203,13.910783198004
411.399999999939,0.806739649747184,1.97578024039884,,,3.18906235239638,4.27591356452725,5.00296728579924,5.76985753137714,6.78678655347849,8.1692020812864,9.11585729792784,9.3603277862687,,,,,10.2117537371784,11.9910365785381,12.6203212040215,13.9234314440809
411.999999999938,0.820493341672204,1.95441773559037,,,3.20867162566926,4.17986059854397,5.06691248548898,5.74008710682087,6.76371428320259,8.10121412655219,9.05325223110292,9.31421344407689,,,,,10.1254258075555,12.037397527743,12.5800475812227,13.9360796901579
412.599999999938,0.837305794110637,1.93305523078191,,,3.23705546877368,4.08380763256069,5.10218806909106,5.73106449562043,6.74757199443717,8.04544581968972,9.00858336375704,9.35969930306055,,,,,10.0592824182129,12.0774000553972,12.539773958424,13.9487279362348
413.199999999938,0.824195484661548,1.89240810087533,,,3.23050032051213,4.06474495020371,5.01437649518344,5.70962645484412,6.74631687600882,8.02829411552494,8.99638181546172,9.40857179147701,,,,,10.1063388391132,12.1200930924556,12.6101297289537,13.9129968514377
413.799999999938,0.778787310483003,1.85176097096678,,,3.13795181551089,4.04568226785463,4.95233597339181,5.72610494670942,6.74598205841878,8.01957732370145,8.97433035151939,9.44144972549894,,,,,10.1860055878499,12.154172269774,12.6878947266056,13.8997277613284
414.399999999938,0.733379136301134,1.81111384105823,,,3.0454033105008,4.02661958550556,4.86602388557119,5.74258343857863,6.74548590754411,8.0005068247661,8.96022819540974,9.47432765951922,,,,,10.2613990682902,12.0936799612526,12.7656597242582,13.8864586712215
414.999999999938,0.687970962119264,1.77046671114968,,,2.95285480549071,4.00755690315648,4.77971179774806,5.75906193044783,6.74872871314675,7.98193543815184,8.9461260393009,9.50720559353949,,,,,10.3372242102799,12.0331876527215,12.8434247219109,13.8731895811145
415.599999999938,0.642562787937396,1.72981958124113,,,2.86030630048063,3.98849422080741,4.69339970992494,5.77554042231704,6.75089405044033,7.97275498335203,8.93202388319206,9.54008352755978,,,,,10.4130493522697,11.9726953441904,12.9211897195636,13.8599204910075
416.199999999938,0.597154613755527,1.68917245133258,,,2.76775779547054,3.96943153845833,4.60708762210181,5.79201891418624,6.75370817159407,7.9658574146935,8.91792172708322,9.57296146158006,,,,,10.4888744942594,11.9122030356592,12.9989547172162,13.8466514009006
416.799999999938,0.551746439573657,1.64852532142403,,,2.67520929046045,3.95036885610926,4.52077553427869,5.80849740605545,6.75609330574531,7.95956332637141,8.90381957097439,9.60583939560033,,,,,10.5646996362492,11.8517107271281,13.0767197148689,13.8333823107936
417.399999999938,0.506338265391787,1.60787819151547,,,2.58266078545036,3.93130617376018,4.43446344645557,5.82497589792464,6.75883402948444,7.95310048224147,8.88971741486553,9.63871732962062,,,,,10.6405247782389,11.791218418597,13.1544847125215,13.8201132206867
417.999999999938,0.460930091209919,1.56723106160692,,,2.49011228044028,3.91224349141111,4.34815135863244,5.84145438979385,6.76256709931116,7.94776163939931,8.8756152587567,9.6715952636409,,,,,10.7167243671638,11.7307261100658,13.2322497101742,13.8068441305797
418.599999999937,0.415521917028049,1.52658393169837,,,2.39756377543019,3.89318080906203,4.25595527979613,5.85793288166305,6.76852263950733,7.95045345387565,8.87594763178807,9.70447319766117,,,,,10.7945489670114,11.6714316324497,13.3100147078268,13.7935750404728
419.199999999937,0.367925128400949,1.48593680178982,,,2.28176557110486,3.87411812671296,4.19890024796337,5.86314414547431,6.78037829981575,7.96638503143047,8.88374084836758,9.72470141588016,,,,,10.8643372784516,11.6319056578917,13.3877797054795,13.7803059503658
419.799999999937,0.396644740357867,1.53109883081901,,,2.27115108701043,3.91259447322121,4.24123701711041,5.86608057295713,6.79885558162201,7.98064838639023,8.84906893277122,9.782271986065,,,,,10.8692911940882,11.5919904170896,13.3308840438595,13.8582547635425
420.399999999937,0.45725735645052,1.57626085985717,,,2.35206273647386,3.95107081973546,4.32088771992971,5.86380769661565,6.81440969732052,8.00178601858354,8.83260820202543,9.8113134808255,,,,,10.8492250589274,11.5600694959185,13.2553544589365,13.9326863024276
420.999999999937,0.517869972546507,1.62142288889532,,,2.43297438594684,3.98954716624971,4.37116470840694,5.86153482027362,6.83019788078954,8.0298518642311,8.80880434787345,9.84035497558304,,,,,10.8382974855285,11.5521408559933,13.1798248740115,14.0071178413123
421.599999999937,0.578482588642494,1.66658491793347,,,2.51388603541983,4.02802351276397,4.42144169688111,5.85926194393159,6.84152635748889,8.06229248083445,8.7850004937207,9.86939647034057,,,,,10.8269936339251,11.5442122160706,13.1042952890866,14.0815493801971
422.199999999937,0.639095204738479,1.71174694697162,,,2.59479768489282,4.06649985927822,4.47171868535529,5.85698906758956,6.85398074266488,8.0935280764269,8.76119663956795,9.8984379650981,,,,,10.8156897823216,11.5362835761479,13.0287657041616,14.1559809190818
422.799999999937,0.699707820834465,1.75690897600978,,,2.6757093343658,4.10497620579247,4.52199567382945,5.85471619124753,6.86630108276935,8.12147005014063,8.7373927854152,9.92747945985563,,,,,10.804385930718,11.5283549362252,12.9532361192367,14.2304124579665
423.399999999937,0.760320436930453,1.80207100504793,,,2.75662098383879,4.14345255230673,4.57227266230361,5.85244331490551,6.87957825122097,8.14968349655387,8.71358893126245,9.95652095461316,,,,,10.7930820791145,11.5204262963025,12.8777065343118,14.3048439968513
423.999999999937,0.820933053026438,1.84723303408608,,,2.83753263331177,4.18192889882098,4.62254965077777,5.85017043856349,6.89235792845647,8.17793130808245,8.6897850771097,9.9855624493707,,,,,10.781778227511,11.5124976563798,12.8021769493868,14.379275535736
424.599999999937,0.881545669122424,1.89239506312423,,,2.91844428278476,4.22040524533523,4.67282663925194,5.84789756222145,6.90421181775581,8.20619771944136,8.66598122295694,10.0146039441282,,,,,10.7701859678008,11.5045690164571,12.7266473644619,14.4537070746207
425.199999999936,0.942158285218411,1.93755709216238,,,2.99935593225774,4.25888159184949,4.75108103910436,5.84562468587943,6.9232447319813,8.24014525782428,8.63971988788243,10.0436454388858,,,,,10.7570125255144,11.4906797750161,12.6511177795369,14.5281386135055
425.799999999936,1.00825724445151,1.98271912120054,,,3.11992333806373,4.29735793836374,4.83229587388325,5.86467445283278,6.9357363538525,8.27574242213491,8.60629975090281,10.0543974098103,,,,,10.7596622244467,11.4723748328638,12.575588194612,14.6025701523902
426.399999999936,1.00972623395668,1.98282363047719,,,3.16658688257764,4.32205209438978,4.92857318890402,5.92800487016042,6.93396873150522,8.29168654421734,8.66389362096228,10.0501705414112,,,,,10.8016616994632,11.456164563377,12.6082838293255,14.5909597300726
426.999999999936,0.991372580831825,1.98292813974906,,,3.1527082793773,4.34674625041437,4.97621538082547,5.98093110120983,6.92361102810989,8.27930364496509,8.69088435606319,10.0920482112745,,,,,10.832368406523,11.4362083788855,12.6398775310251,14.5739624749669
427.599999999936,0.973018927704871,1.98303264902093,,,3.13882967617052,4.37144040643894,5.06417395999338,6.03385733225813,6.91645810790394,8.2719183908547,8.71624792761534,10.1339258811428,,,,,10.8577786891791,11.4238475345272,12.6714712327245,14.5569652198606
428.199999999936,0.954665274577916,1.9831371582928,,,3.12495107296374,4.39613456246353,5.15213253916558,6.08678356330644,6.90869101282934,8.26859266501754,8.74161149916731,10.175803551011,,,,,10.8818797125745,11.4114866901698,12.703064934424,14.5399679647543
428.799999999936,0.93631162145096,1.98324166756466,,,3.11107246975697,4.4208287184881,5.24009111833778,6.13970979435474,6.90034152486571,8.26467006323676,8.76697507071929,10.2176812208793,,,,,10.9059807359697,11.3991258458123,12.7346586361235,14.522970709648
429.399999999936,0.917957968324005,1.98334617683653,,,3.09719386655019,4.44552287451268,5.32804969750998,6.19263602540304,6.89179842947278,8.26240272275146,8.79233864227126,10.2595588907475,,,,,10.9300817593649,11.3867650014548,12.766252337823,14.5059734545417
429.999999999936,0.89960431519705,1.98345068610841,,,3.08331526334342,4.47021703053727,5.41600827668218,6.24556225645135,6.88236749592304,8.25930631955439,8.81770221382323,10.3014365606157,,,,,10.9541827827601,11.3744041570973,12.7978460395224,14.4889761994354
430.599999999936,0.881250662070095,1.98355519538027,,,3.06943666013664,4.49491118656184,5.50396685585438,6.29848848749965,6.87321802132323,8.25521451824661,8.8430657853752,10.343314230484,,,,,10.9782838061553,11.3620433127398,12.8294397412219,14.4719789443291
431.199999999936,0.862897008943139,1.98365970465214,,,3.05555805692986,4.51960534258642,5.59192543502659,6.35141471854795,6.86326179606009,8.2497217303319,8.86842935692718,10.3851919003522,,,,,11.0025908951285,11.3496824683823,12.8610334429214,14.4549816892228
431.799999999935,0.844543355816186,1.98376421392401,,,3.04167945372309,4.544299498611,5.6416743940616,6.40434094959626,6.84673485581115,8.23953991567626,8.88212697806741,10.4270695702205,,,,,11.0266263448974,11.3500540036188,12.8926271446209,14.4379844341165
432.399999999935,0.81927973419992,1.98386872319588,,,3.03953663091456,4.56899365463558,5.65466281795779,6.43707738115351,6.83177746788787,8.22070840998625,8.90200218971034,10.4737810980921,,,,,11.0486362042105,11.3539152926971,12.9242208463203,14.4209871790102
432.999999999935,0.778846323672978,1.91656658576594,,,3.02715204773186,4.51574446571062,5.58517836831887,6.42934481219132,6.82245514945154,8.21682416799165,8.83995086694597,10.4432902453226,,,,,11.0458826466753,11.357622889547,12.9061828420181,14.4325840727812
433.599999999935,0.749550395661143,1.84926444832874,,,3.01048401647148,4.46249527677726,5.52402737014527,6.3819442201859,6.81999202386315,8.22938493765945,8.83203180783202,10.3774665927688,,,,,11.0629570778853,11.3583730919474,12.9045759591639,14.414567024882
434.199999999935,0.72025446765051,1.78196231089154,,,2.99381598521063,4.4092460878439,5.47713213421558,6.33454362817621,6.81053339913094,8.22411878091109,8.83758438848182,10.3116429402111,,,,,11.0730844721451,11.3569258013675,12.9029690763116,14.3965499769797
434.799999999935,0.690958539639877,1.71466017345434,,,2.97714795394979,4.35599689891053,5.43023689828743,6.28714303616651,6.80280895144319,8.21169353756474,8.84313696913308,10.2458192876535,,,,,11.0847173806645,11.3554785107873,12.9013621934592,14.3785329290774
435.399999999935,0.661662611629245,1.64735803601714,,,2.96047992268895,4.30274770997717,5.3833416623593,6.23974244415683,6.79653084197623,8.19905115091974,8.84868954978434,10.1799956350959,,,,,11.096350289184,11.3540312202071,12.8997553106069,14.3605158811751
435.999999999935,0.632366683618613,1.58005589857994,,,2.9438118914281,4.24949852104381,5.33644642643117,6.19234185214713,6.79041122347952,8.18754135351058,8.8542421304356,10.1141719825382,,,,,11.1079831977035,11.3525839296269,12.8981484277545,14.3424988332728
436.599999999935,0.603070755607982,1.51275376114274,,,2.92714386016726,4.19624933211045,5.28955119050302,6.14494126013744,6.7846580566134,8.17583704056028,8.85979471108686,10.0483483299806,,,,,11.119616106223,11.3511366390468,12.8965415449022,14.3244817853705
437.199999999935,0.57377482759735,1.44545162370553,,,2.91047582890641,4.14300014317709,5.24265595457487,6.09754066812774,6.77839638109834,8.16341481656873,8.86534729173812,9.98252467742296,,,,,11.1312490147425,11.3496893484666,12.8949346620498,14.3064647374682
437.799999999935,0.544478899586717,1.37814948626833,,,2.89380779764557,4.08975095424373,5.19576071864673,6.05014007611805,6.77338246935903,8.15393122962551,8.87089987238937,9.91670102486533,,,,,11.1429824598953,11.3482420578864,12.8933277791974,14.2884476895658
438.399999999934,0.515182971576085,1.31084734883113,,,2.87713976638472,4.03650176531036,5.16703817911537,6.00273948410836,6.77057316892154,8.14331842375763,8.88827704665443,9.85087737230769,,,,,11.1576316412597,11.3433403510126,12.8917208963451,14.2704306416635
438.999999999934,0.491937251415819,1.24354521139393,,,2.80671804857377,3.983252576377,5.18074513582915,5.96202812823456,6.77330452177181,8.13353885198421,8.91112992921702,9.76131493359643,,,,,11.1641916397361,11.3322434947762,12.8901140134927,14.2524135937612
439.599999999934,0.507345657568547,1.26479494951786,,,2.76181568863723,3.99326917582529,5.16923958295228,5.90276403761648,6.77651918671593,8.11709995069075,8.95251445474721,9.7867879431208,,,,,11.1588092334109,11.3205260648481,12.8798307379027,14.1760561055858
440.199999999934,0.51147181057915,1.28604468765149,,,2.74873072786341,4.0032857752805,5.19973376147344,5.87586920292468,6.77474104929915,8.10243024456336,8.94204053579699,9.83412478306762,,,,,11.1011365869,11.3095427326852,12.8583685919222,14.1222861446849
440.799999999934,0.515597963588516,1.30729442578511,,,2.73564576709307,4.01330237473571,5.2032257758317,5.84897436823643,6.77285324410445,8.1055101336543,8.91488517465824,9.88146162301681,,,,,11.045107209238,11.3183474123037,12.8369064459406,14.0685161837866
441.399999999934,0.519724116597882,1.32854416391874,,,2.72256080632272,4.02331897419092,5.206717790187,5.82207953354818,6.77848688458488,8.11375213428612,8.88772981351767,9.92879846296601,,,,,10.9894599171015,11.3271520919243,12.815444299959,14.0147462228882
441.999999999934,0.523850269607249,1.34979390205236,,,2.70947584555238,4.03333557364612,5.2102098045423,5.79518469885992,6.78303900784517,8.12371288766376,8.86057445237708,9.97613530291521,,,,,10.9338126249651,11.335956771545,12.7939821539773,13.9609762619899
442.599999999934,0.527976422616614,1.37104364018599,,,2.69639088478205,4.04335217310133,5.21370181889761,5.76828986417167,6.78726590686147,8.13234295534013,8.83341909123651,10.0234721428644,,,,,10.8781653328287,11.3447614511657,12.7725200079957,13.9072063010915
443.199999999934,0.53210257562598,1.39229337831961,,,2.68330592401171,4.05336877255654,5.21719383325292,5.74139502948342,6.79104890797299,8.14145755987483,8.80626373009593,10.0708089828136,,,,,10.8225180406922,11.3535661307864,12.751057862014,13.8534363401932
443.799999999934,0.536228728635348,1.41354311645324,,,2.67022096324136,4.06338537201175,5.22068584760822,5.71450019479517,6.79538619746904,8.15475429084914,8.77910836895535,10.1181458227628,,,,,10.7668707485558,11.362370810407,12.7295957160324,13.7996663792948
444.399999999934,0.540354881644715,1.43479285458686,,,2.65713600247103,4.07340197146696,5.22417786196353,5.68760536010692,6.80357293323856,8.17256732494095,8.75195300781477,10.165482662712,,,,,10.7105780603304,11.3711754900277,12.7081335700507,13.7458964183965
444.999999999933,0.544481034654083,1.45604259272049,,,2.64405104170069,4.08341857092217,5.22133616017095,5.66071052541866,6.81532930509716,8.20010621722313,8.72150651949774,10.2128195026612,,,,,10.6546260994626,11.3970890258502,12.6866714240691,13.6921264574981
445.599999999933,0.546788145141631,1.47729233085411,,,2.67126497454825,4.09343517037738,5.21479870682564,5.63386714148896,6.8214021273471,8.23706715764959,8.70037377820404,10.2936901218595,,,,,10.5917661157889,11.4308208464393,12.6652092780874,13.6383564965998
446.199999999933,0.553508659083383,1.50105753615317,,,2.71419504844712,4.06693878242641,5.28020558982108,5.62626903608776,6.82503462728605,8.26105088664451,8.72777638063896,10.3071759312283,,,,,10.506346175591,11.4586726370315,12.6561098235245,13.62750237363
446.799999999933,0.590744148255037,1.52482274145251,,,2.78090459108648,4.04044239447139,5.23475304293523,5.66731377657765,6.84340753246182,8.27939217750201,8.76997243384555,10.274117229575,,,,,10.4789155192766,11.5009190226219,12.6604673243349,13.6513492976466
447.399999999933,0.627979637430087,1.54858794675186,,,2.84761413372847,4.01394600651637,5.19470003622021,5.70835851707295,6.88277413380086,8.30139791767933,8.82466029785309,10.2410585279164,,,,,10.4705939399503,11.5505740304144,12.6648248251469,13.6751962216672
447.999999999933,0.665215126605134,1.5723531520512,,,2.91432367637047,3.98744961856135,5.1546470295058,5.74940325756825,6.91257827803706,8.31711801280376,8.87934816186203,10.2079998262579,,,,,10.4618157778063,11.6002290382078,12.6691823259588,13.6990431456877
448.599999999933,0.702450615780183,1.59611835735054,,,2.98103321901247,3.96095323060633,5.11459402279138,5.79044799806355,6.94186052819169,8.32856390418063,8.93403602587096,10.1749411245994,,,,,10.4530376156623,11.6498840460011,12.6735398267708,13.7228900697082
449.199999999933,0.739686104955233,1.61988356264988,,,3.04774276165447,3.93445684265131,5.07454101607698,5.83149273855885,6.97173439660434,8.34225897552115,8.9887238898799,10.1418824229408,,,,,10.4442594535182,11.6995390537945,12.6778973275828,13.7467369937287
449.799999999933,0.776921594130281,1.64364876794923,,,3.11445230429647,3.90796045469629,5.03448800936256,5.87253747905414,7.00268250376167,8.35626983832812,9.04341175388884,10.1088237212823,,,,,10.4354812913742,11.7491940615878,12.6822548283947,13.7705839177493
450.399999999933,0.814157083305329,1.66741397324857,,,3.18116184693846,3.88146406674127,4.99443500264814,5.91358221954944,7.03333195373484,8.36848829789035,9.09809961789777,10.0757650196238,,,,,10.4267031292302,11.7988490693811,12.6866123292067,13.7944308417698
450.999999999933,0.851392572480378,1.69117917854791,,,3.24787138958046,3.85496767878625,4.95438199593372,5.95462696004475,7.05506414787991,8.37743709519855,9.15278748190671,10.0427063179652,,,,,10.4186081911079,11.8485040771745,12.6909698300187,13.8182777657903
451.599999999932,0.888628061655427,1.71494438384725,,,3.31458093222245,3.82847129083124,4.9327414343517,5.99567170054004,7.06726927209313,8.37474251065993,9.20509889118794,10.0096476163067,,,,,10.4048758299822,11.8485240692875,12.6953273308306,13.8421246898109
452.199999999932,0.92693821436821,1.73870958914659,,,3.34449769728232,3.80197490287622,4.88818329258555,6.02893853184865,7.07951947643701,8.36144215375518,9.22961222893936,9.9398307826748,,,,,10.3986893725309,11.8322312304449,12.6996848316426,13.8659716138314
452.799999999932,0.972392306628285,1.80316895068921,,,3.38564711417252,3.84588055269288,4.87919210006141,6.12593754900405,7.09571680741196,8.37005861526313,9.20749900058403,9.92212566808129,,,,,10.4770806989482,11.8232835054679,12.7546036435534,13.9109408040941
453.399999999932,0.985207836169359,1.86762831223641,,,3.39375064010696,3.88978620251748,4.95611371691664,6.13901404617944,7.10079495940301,8.38205090340444,9.21414859201763,9.94576386885478,,,,,10.5572601499515,11.7929910236352,12.7919742204104,13.8996875855008
453.999999999932,0.998023365706745,1.93208767378362,,,3.40185416603767,3.93369185234208,5.02124027706216,6.15209054334536,7.07435122641454,8.37500651503332,9.22324029863031,9.96940206963292,,,,,10.6193181212827,11.7314849794272,12.8293447972654,13.8884343669011
454.599999999932,1.01083889524413,1.99654703533082,,,3.40995769196837,3.97759750216668,5.08636683720633,6.16516704051128,7.04884026912488,8.37282920143924,9.23233200524327,9.99304027041107,,,,,10.681616347528,11.6699789352157,12.8667153741204,13.8771811483014
455.199999999932,1.02365442478152,2.06100639687802,,,3.41806121789908,4.02150315199128,5.15149339735051,6.17824353767719,7.02370342420094,8.37309776805354,9.24142371185623,10.0166784711892,,,,,10.7439145737733,11.6084728910042,12.9040859509754,13.8659279297018
455.799999999932,1.03646995431891,2.12546575842522,,,3.42616474382979,4.06540880181588,5.21661995749468,6.19132003484311,6.99794949239727,8.36950303340809,9.25051541846918,10.0403166719674,,,,,10.8062128000186,11.5469668467927,12.9414565278304,13.8546747111021
456.399999999932,1.0492854838563,2.18992511997242,,,3.4342682697605,4.10931445164048,5.28174651763885,6.20439653200903,6.97132097010541,8.36535040748899,9.25960712508214,10.0639548727455,,,,,10.868511026264,11.4854608025812,12.9788271046853,13.8434214925024
456.999999999932,1.06210101339369,2.25438448151963,,,3.4423717956912,4.15322010146508,5.34687307778304,6.21747302917494,6.94418759280836,8.35774614685433,9.2686988316951,10.0875930735237,,,,,10.9308092525093,11.4239547583697,13.0161976815403,13.8321682739027
457.599999999932,1.07491654293107,2.31884384306683,,,3.45047532162191,4.19712575128968,5.4119996379272,6.23054952634086,6.92064047341219,8.34274785400434,9.27779053830807,10.1112312743018,,,,,10.9928207275055,11.3624487141582,13.0535682583953,13.8209150553031
458.199999999931,1.08773207246846,2.38330320461403,,,3.45857884755262,4.24103140111428,5.45914934610791,6.24362602350678,6.90703081515442,8.32796748226595,9.2887634132497,10.13486947508,,,,,11.0591410387396,11.3488288395748,13.0909388352503,13.8096618367034
458.799999999931,1.0964425199339,2.44776256616124,,,3.50434546847215,4.28493705093888,5.51545423228375,6.24945947919635,6.89024275440174,8.31169747959719,9.33420800569791,10.207617977594,,,,,11.1373803213411,11.3573019285225,13.1283094121053,13.7984086181037
459.399999999931,1.05157688845791,2.36351145717325,,,3.50721014718423,4.25160255716001,5.45403080331009,6.18451480144594,6.87016048055289,8.2835831005498,9.38319807125234,10.2175062881017,,,,,11.1493063172147,11.3688716826092,13.103711050002,13.7723194151932
459.999999999931,0.999436316550045,2.27926034816824,,,3.47197608598635,4.2182680633723,5.37406921123407,6.12861876580121,6.85122484730311,8.2470587460486,9.3827900932805,10.2152276435236,,,,,11.1256259475046,11.3963290887153,13.0994682901177,13.7873873873967
460.599999999931,0.947295744641349,2.19500923916323,,,3.43674202478411,4.18493356958459,5.30447801693217,6.0727227301575,6.83959578131446,8.2162385038458,9.36614970448986,10.2129489989441,,,,,11.100089428171,11.4243909812936,13.0952255302357,13.8024553596049
461.199999999931,0.895155172732653,2.11075813015822,,,3.40150796358186,4.15159907579688,5.23488682263147,6.0168266945138,6.83636904779825,8.18539418374398,9.34950931569737,10.2106703543646,,,,,11.0737556325203,11.452452873872,13.0909827703538,13.8175233318131
461.799999999931,0.843014600823959,2.02650702115321,,,3.36627390237961,4.11826458200917,5.16529562833076,5.96093065887009,6.83328332725144,8.15728263617877,9.33286892690488,10.2083917097852,,,,,11.0474218368696,11.4805147664504,13.0867400104718,13.8325913040212
462.399999999931,0.790874028915264,1.94225591214821,,,3.33103984117736,4.08493008822146,5.09570443403005,5.90503462322639,6.83005913937391,8.13323406544255,9.31622853811239,10.2061130652057,,,,,11.0210880412188,11.5085766590288,13.0824972505898,13.8476592762294
462.999999999931,0.738733457006568,1.8580048031432,,,3.29580577997512,4.05159559443375,5.02611323972934,5.84913858758269,6.82663243834345,8.10969097445515,9.2995881493199,10.2038344206262,,,,,10.9947542455681,11.5366385516073,13.0782544907079,13.8627272484376
463.599999999931,0.686592885097872,1.77375369413819,,,3.26057171877287,4.01826110064605,4.95652204542864,5.79324255193898,6.82439178210246,8.0891979074836,9.28294776052739,10.2015557760467,,,,,10.9684204499173,11.5647004441857,13.0740117308259,13.8777952206457
464.199999999931,0.634452313189176,1.68950258513318,,,3.22533765757062,3.98492660685834,4.88693085112793,5.73734651629528,6.82769436017873,8.07241816927187,9.26630737173491,10.1992771314673,,,,,10.9422986980931,11.5927623367641,13.069768970944,13.8928631928539
464.79999999993,0.582311741280481,1.60525147612817,,,3.19010359636837,3.95159211307063,4.80242490407231,5.68145048065158,6.82851580979289,8.06225738020057,9.26133720273132,10.1969984868878,,,,,10.9129493083286,11.5956060738944,13.065526211062,13.9079311650621
465.39999999993,0.535321781588165,1.52100036712317,,,3.15810991459613,3.91825761928292,4.7427622755101,5.65939514843336,6.83440040336721,8.06515355908412,9.19364927161262,10.1689103127349,,,,,10.8645971064944,11.5741601374101,13.06128345118,13.9229991372702
465.99999999993,0.542805210186855,1.58734702789633,,,3.15969575644772,3.99323907896822,4.75228779232713,5.64798869905502,6.83485362448868,8.07463065330128,9.10541936511446,10.1513114738276,,,,,10.8114741145736,11.5414259766821,13.064199824826,13.933681316738
466.59999999993,0.570970872488443,1.65369368868698,,,3.24845864695991,4.06822053866609,4.75301912360085,5.67597951625023,6.82635227018101,8.08915911739568,9.0564548833284,10.1528641234408,,,,,10.7673819486601,11.4992798963165,13.033350350196,13.9154695358625
467.19999999993,0.599136534792434,1.72004034947763,,,3.33722153748223,4.14320199836396,4.73953333812882,5.70397033345002,6.82437199085657,8.10701102604505,9.01768658792921,10.1544167730561,,,,,10.7341415853135,11.4560574139272,13.002500875562,13.8972577549837
467.79999999993,0.627302197096424,1.78638701026827,,,3.42598442800456,4.21818345806183,4.72604755265515,5.73196115064981,6.81229851372131,8.12120121309308,8.97891829253119,10.1559694226715,,,,,10.7010775706723,11.4128349315379,12.971651400928,13.8790459741049
468.39999999993,0.655467859400415,1.85273367105892,,,3.51474731852689,4.2931649177597,4.71256176718146,5.75995196784961,6.80050205342316,8.1338473345706,8.94014999713318,10.1575220722868,,,,,10.6680135560311,11.3696124491485,12.940801926294,13.860834193226
468.99999999993,0.683633521704406,1.91908033184956,,,3.60351020904921,4.36814637745757,4.69907598170779,5.7879427850494,6.78897653797483,8.14385468008347,8.90138170173517,10.1590747219022,,,,,10.6349495413898,11.3263899667591,12.9099524516601,13.8426224123472
469.59999999993,0.711799184008396,1.98542699264021,,,3.69227309957154,4.44312783715545,4.6855901962341,5.81593360224919,6.7782993523364,8.15330917675331,8.86261340633716,10.1606273715175,,,,,10.6018855267486,11.2831674843698,12.8791029770261,13.8244106314684
470.19999999993,0.739964846312388,2.05177365343086,,,3.78103599009386,4.51810929685332,4.67210441076043,5.84392441944898,6.7669934373273,8.16040010796872,8.82384511093915,10.1621800211329,,,,,10.5688215121074,11.2399450019804,12.8482535023921,13.8061988505896
470.79999999993,0.768130508616378,2.11812031422151,,,3.86979888061619,4.59309075655119,4.65861862528675,5.87191523664878,6.74779225591845,8.16871576001782,8.78507681554113,10.1637326707482,,,,,10.5356613796253,11.1967225195911,12.8174040277581,13.7879870697107
471.399999999929,0.796296170920368,2.18446697501215,,,3.95856177113852,4.66807221624906,4.67719815409685,5.89990605384857,6.72854494275822,8.18461375428022,8.72176457692301,10.1652853203636,,,,,10.5117861078248,11.1634568389454,12.7865545531242,13.7697752888319
471.999999999929,0.823291205801543,2.2508136358028,,,3.98894731072961,4.74305367594693,4.69875383697606,5.90684847916412,6.71446604098707,8.19680261748058,8.70705562231564,10.1645822795562,,,,,10.4973480694433,11.1622170800692,12.7557050784902,13.7515635079531
472.599999999929,0.808671678890741,2.23498689766609,,,3.95563151841449,4.71463025823194,4.72104629402855,5.95023092638788,6.70742155400551,8.19993431527586,8.69609794245481,10.1598851207458,,,,,10.5129718302135,11.1696093585261,12.7106801539415,13.7625772486779
473.199999999929,0.797523288749066,2.2191601595197,,,3.83646073343853,4.68620684050478,4.76750437373603,6.0192456882723,6.71108383768362,8.20150348317686,8.67820182450408,10.1182743151712,,,,,10.5232641333818,11.1816968313204,12.6691134927542,13.7725941144765
473.799999999929,0.786374898607802,2.20333342137332,,,3.71728994845244,4.65778342277762,4.83749454375611,6.08826045015974,6.72124162937069,8.20756166426536,8.66622398017228,10.0766635095923,,,,,10.5265965892984,11.2187199706952,12.6275468315673,13.7826109802749
474.399999999929,0.775226508466537,2.18750668322694,,,3.59811916346636,4.62936000505046,4.90748471377897,6.15727521204718,6.73716320256981,8.21895006180291,8.65424613584118,10.0350527040134,,,,,10.5305270916493,11.255743110073,12.5859801703805,13.7926278460734
474.999999999929,0.764078118325271,2.17167994508055,,,3.47894837848027,4.6009365873233,4.97747488380183,6.22628997393462,6.75166958606338,8.22598692086082,8.64226829151006,9.9934418984345,,,,,10.5344575940002,11.2927662494507,12.5444135091936,13.8026447118718
475.599999999929,0.752929728184006,2.15585320693417,,,3.35977759349419,4.57251316959614,5.04746505382469,6.29530473582206,6.76713182049366,8.23271618394975,8.63029044717895,9.95183109285559,,,,,10.5383880963511,11.3297893888284,12.5028468480067,13.8126615776703
476.199999999929,0.741781338042742,2.14002646878778,,,3.24060680850811,4.54408975186898,5.11745522384754,6.3643194977095,6.78175854955086,8.23986242952699,8.61831260284785,9.91022028727669,,,,,10.542318598702,11.3668125282062,12.4612801868198,13.8226784434688
476.799999999929,0.730632947901477,2.1241997306414,,,3.12143602352202,4.51566633414182,5.18744539387039,6.43333425959694,6.79650153202161,8.25140926797551,8.60633475851674,9.86860948169779,,,,,10.5462491010529,11.4038356675839,12.4197135256329,13.8326953092672
477.399999999929,0.719484557760212,2.10837299249501,,,3.00226523853593,4.48724291641466,5.25743556389326,6.50234902148437,6.81844500634291,8.26754365452222,8.59435691418563,9.82699867611888,,,,,10.5500999724684,11.4408588069616,12.3781468644461,13.8427121750657
477.999999999928,0.708336167618946,2.09254625434863,,,2.88309445354985,4.4588194986875,5.2994261549336,6.57136378337181,6.84159661577891,8.27482399040054,8.59994738554111,9.78538787053998,,,,,10.5476949718493,11.4798499202111,12.3365802032592,13.8527290408642
478.599999999928,0.691627103214118,2.07671951620225,,,2.82311045508159,4.43039608096034,5.27093819113876,6.64453731325912,6.85502966227012,8.2713033389163,8.61851772347112,9.77875159125507,,,,,10.5374323590477,11.4816073517564,12.2950135420723,13.8627459066626
479.199999999928,0.715375665160812,2.08695785342964,,,2.82745632656147,4.40743200694319,5.23668750173497,6.63515997383683,6.85996385428989,8.26170244773004,8.66148937354003,9.7804035031039,,,,,10.4784454510977,11.4887532640636,12.2831512963713,13.7969284545591
479.799999999928,0.732446248528017,2.09719619066014,,,2.84680087030547,4.3844679329267,5.15850710357618,6.59624462033893,6.86945701323449,8.26066629198534,8.69825800757465,9.84278980070787,,,,,10.4584611340159,11.4996944980847,12.3087286503217,13.7762116418055
480.399999999928,0.749516831894422,2.10743452789064,,,2.86614541405126,4.3615038589102,5.08608984732424,6.55732926683751,6.87839433733324,8.26478272126492,8.72694001901848,9.90517609831909,,,,,10.4449792455559,11.5067060713917,12.3343060042765,13.7554948290572
480.999999999928,0.766587415260829,2.11767286512115,,,2.88548995779706,4.33853978489371,5.01367259107299,6.51841391333608,6.884523772331,8.26984556184886,8.75562203046134,9.96756239593032,,,,,10.4311403344884,11.5137176446982,12.3598833582314,13.734778016309
481.599999999928,0.783657998627236,2.12791120235165,,,2.90483450154285,4.31557571087721,4.94125533482175,6.47949855983467,6.89266250147748,8.2792708616281,8.78430404190419,10.0299486935415,,,,,10.417301423421,11.5207292180048,12.3854607121862,13.7140612035608
482.199999999928,0.800728581993642,2.13814953958215,,,2.92417904528864,4.29261163686072,4.86883807857051,6.44058320633324,6.89934032150743,8.28848167145046,8.81298605334704,10.0923349911528,,,,,10.4034625123535,11.5277407913113,12.411038066141,13.6933443908125
482.799999999928,0.817799165360048,2.14838787681265,,,2.94352358903444,4.26964756284423,4.79642082231927,6.40166785283181,6.90678056158381,8.29751838793986,8.84166806478991,10.154721288764,,,,,10.389623601286,11.5347523646178,12.4366154200959,13.6726275780643
483.399999999928,0.834869748726454,2.15862621404316,,,2.96286813278023,4.24668348882773,4.72400356606804,6.36275249933039,6.91422668744303,8.30362919539875,8.87035007623275,10.2171075863752,,,,,10.3757846902185,11.5417639379243,12.4621927740507,13.6519107653161
483.999999999928,0.851940332092861,2.16886455127366,,,2.98221267652603,4.22371941481124,4.6515863098168,6.32383714582897,6.91662074837893,8.30375481947524,8.89903208767561,10.2794938839864,,,,,10.3620821024712,11.5487755112308,12.4877701280055,13.6311939525678
484.599999999927,0.869010915459268,2.17910288850416,,,3.00155722027181,4.20075534079474,4.59581286164332,6.28492179232754,6.9149243003272,8.29448858822531,8.92053086710898,10.3418801815977,,,,,10.3473784428023,11.5436868947907,12.5133474819604,13.6104771398196
485.199999999927,0.889734532866446,2.18934122573467,,,2.97690705470562,4.17779126677825,4.5924335415486,6.23900834523732,6.90786903695136,8.27431416821447,8.91336544960555,10.3504957841632,,,,,10.342139422972,11.5471225194862,12.5389248359152,13.5897603270714
485.799999999927,0.84718519325448,2.22586455334303,,,2.92543210774359,4.16959710922609,4.5943618775172,6.22881858101346,6.91090263414422,8.26210142509017,8.9176458134976,10.3813448935373,,,,,10.3841962279313,11.5414981083749,12.5473890103746,13.6472287824684
486.399999999927,0.78716480657198,2.26238788095457,,,2.89166309406556,4.16140295167573,4.65240991893709,6.15115391778743,6.90450802103454,8.23176841929126,8.9118849188736,10.331563471306,,,,,10.3956346381687,11.5317931549877,12.5199535132789,13.6795440494063
486.999999999927,0.727144419887358,2.29891120856611,,,2.85789408038968,4.15320879412536,4.68520253999845,6.07348925455321,6.89034504936491,8.18993608052891,8.91750924408151,10.2817820490649,,,,,10.41105679784,11.5201793022788,12.4925180161789,13.7118593163411
487.599999999927,0.667124033202738,2.33543453617766,,,2.82412506671379,4.14501463657499,4.71799516105672,5.99582459131899,6.87790477806318,8.14456294476055,8.92313356929081,10.2320006268238,,,,,10.4262846696483,11.5085654495697,12.4650825190789,13.7441745832759
488.199999999927,0.607103646518119,2.3719578637892,,,2.79035605303792,4.13682047902462,4.75078778211502,5.91815992808478,6.86505189207165,8.09683416924221,8.92875789450012,10.1822192045827,,,,,10.4415125414566,11.4969515968606,12.4376470219789,13.7764898502107
488.799999999927,0.5470832598335,2.40848119140074,,,2.75658703936204,4.12862632147425,4.78358040317329,5.84049526485056,6.85287878837552,8.05137189933209,8.93438221970941,10.1324377823416,,,,,10.4567404132649,11.4853377441515,12.4102115248788,13.8088051171455
489.399999999927,0.48706287314888,2.44500451901228,,,2.72281802568616,4.12043216392389,4.81637302423157,5.76283060161634,6.84023550099336,8.00660103838983,8.94000654491871,10.0826563601005,,,,,10.4719682850732,11.4737238914424,12.3827760277788,13.8411203840804
489.999999999927,0.42704248646426,2.48152784662383,,,2.68904901201027,4.11223800637352,4.84916564528986,5.68516593838212,6.82765229323361,7.96390800457267,8.94563087012802,10.0328749378594,,,,,10.4871961568815,11.4621100387333,12.3553405306788,13.8734356510152
490.599999999927,0.36702209977964,2.51805117423537,,,2.6552799983344,4.10404384882315,4.88195826634815,5.60750127514791,6.81714921724524,7.92662443506472,8.95125519533731,9.98309351561831,,,,,10.5021657964688,11.4504961860242,12.3279050335788,13.90575091795
491.199999999926,0.307001713095021,2.55457450184691,,,2.62151098465851,4.09584969127279,4.9208692027386,5.52983661191369,6.8002733418752,7.88786948323778,8.96043612656134,9.93331209337722,,,,,10.5153366328482,11.4422133012376,12.3004695364788,13.9380661848848
491.799999999926,0.245687936663879,2.59109782945846,,,2.61136842243265,4.08765553372242,4.91861317365005,5.459566057037,6.79327033682019,7.86377840973876,8.97301317569044,9.87336718284996,,,,,10.5187088888191,11.4478614845688,12.2730340393788,13.9703814518196
492.399999999926,0.271856502566261,2.57637891848983,,,2.61279996380014,4.08633856099598,4.96009868117596,5.41616170391127,6.78060937491843,7.84215979013737,9.01886705583142,9.80202294535873,,,,,10.5103603524163,11.4480316708922,12.2889898497826,13.9578778950491
492.999999999926,0.334122035519373,2.56166000751491,,,2.61669665400027,4.08502158827038,4.98693454518184,5.51483818969553,6.77506832586596,7.85002213918351,9.0956968809975,9.76164768733037,,,,,10.5071088790277,11.4531117546102,12.3360125030848,13.9336205809476
493.599999999926,0.39638756847692,2.54694109653999,,,2.6205933442007,4.08370461554479,5.02842269191096,5.61351467549725,6.76974043746965,7.8564110879557,9.15531992328813,9.72127242930582,,,,,10.4977000045206,11.4402080943363,12.3830351563908,13.9093632668447
494.199999999926,0.458653101434468,2.53222218556508,,,2.62449003440114,4.08238764281919,5.06991083864188,5.71219116129896,6.76008532459456,7.86147952481762,9.21494296557665,9.68089717128126,,,,,10.487386445965,11.4273044340603,12.4300578096969,13.8851059527418
494.799999999926,0.520918634392015,2.51750327459016,,,2.62838672460157,4.0810706700936,5.11139898537282,5.81086764710068,6.74942991459511,7.86985124116467,9.27456600786517,9.64052191325671,,,,,10.4770728874092,11.4144007737842,12.4770804630029,13.8608486386389
495.399999999926,0.583184167349562,2.50278436361524,,,2.632283414802,4.079753697368,5.15288713210376,5.9095441329024,6.73801355055418,7.87665312899665,9.33418905015368,9.60014665523216,,,,,10.4667593288535,11.4014971135081,12.5241031163089,13.836591324536
495.999999999926,0.64544970030711,2.48806545264033,,,2.63618010500243,4.07843672464241,5.19437527883468,6.00822061870412,6.72707612172138,7.88220077212099,9.39381209244219,9.5597713972076,,,,,10.4564457702978,11.3885934532321,12.571125769615,13.8123340104331
496.599999999926,0.707715233264659,2.47334654166541,,,2.64007679520287,4.07711975191681,5.23586342556561,6.10689710450584,6.71653700304404,7.88490118093192,9.45343513473072,9.51939613918305,,,,,10.446132211742,11.375689792956,12.618148422921,13.7880766963302
497.199999999926,0.769980766222206,2.45862763069049,,,2.6439734854033,4.07580277919121,5.27735157229652,6.20557359030756,6.70454227382047,7.88312946562093,9.51305817701923,9.47902088115849,,,,,10.435962815053,11.36278613268,12.665171076227,13.7638193822273
497.799999999925,0.832246299179753,2.44390871971557,,,2.64787017560374,4.07448580646562,5.31346282502604,6.30425007610928,6.70433392166994,7.89732483661013,9.56942447652549,9.43864562313395,,,,,10.4259259299647,11.3691417068689,12.7121937295331,13.7395620681244
498.399999999925,0.900548875108258,2.42918980874065,,,2.63580225942059,4.07316883374002,5.41540492729701,6.3921820420032,6.70372734507724,7.9238240562429,9.63832449646516,9.46083027402531,,,,,10.4297679098955,11.3801410082762,12.7592163828391,13.7153047540215
498.999999999925,0.90755244826754,2.52938099849586,,,2.63737074993974,4.07412285876835,5.45501362830446,6.46012369628791,6.71427034481852,7.95801380445339,9.55946400852213,9.51751425057697,,,,,10.4573204894819,11.4028705606993,12.7704379109508,13.7221587635299
499.599999999925,0.900633170661995,2.62957218826535,,,2.67227815976345,4.07507688379696,5.46332912048513,6.38338924153682,6.72176066649465,7.97682146907963,9.44580538691251,9.57556237090919,,,,,10.4647085422504,11.420388294143,12.7654781440982,13.7365499764414
500.199999999925,0.893713893054715,2.72976337803485,,,2.70718556959132,4.07603090882558,5.46510539145319,6.30665478676772,6.72964923301494,8.00563843117865,9.32046067436531,9.63361049124159,,,,,10.4649333934185,11.4533147966047,12.7605183772436,13.7509411893538
500.799999999925,0.88679461544744,2.82995456780434,,,2.74209297941918,4.07698493385419,5.46688166242044,6.22992033199862,6.73857464043633,8.0320752108767,9.19511596181666,9.69165861157399,,,,,10.4663685357541,11.4862412990683,12.755558610389,13.7653324022663
501.399999999925,0.87987533784016,2.93014575757384,,,2.77700038924705,4.0779389588828,5.46865793338769,6.15318587722951,6.74833930616773,8.05521714626286,9.06977124926801,9.74970673190639,,,,,10.4678036780899,11.519167801532,12.7505988435344,13.7797236151787
501.999999999925,0.872956060232882,3.03033694734333,,,2.81190779907492,4.07889298391141,5.47043420435493,6.0764514224604,6.75935476461171,8.0778459709518,8.94442653671936,9.80775485223879,,,,,10.4692388204256,11.5520943039956,12.7456390766798,13.7941148280912
502.599999999925,0.866036782625603,3.13052813711283,,,2.84681520890279,4.07984700894002,5.47221047532218,5.9997169676913,6.76976926489895,8.10143387022541,8.81908182417071,9.8658029725712,,,,,10.4706739627614,11.5850208064593,12.7406793098252,13.8085060410036
503.199999999925,0.859117505018325,3.23071932688232,,,2.88172261873065,4.08080103396863,5.47398674628943,5.92298251292219,6.77930330882045,8.1256173728687,8.69373711162205,9.92385109290359,,,,,10.4721091050971,11.6179473089229,12.7357195429706,13.8228972539161
503.799999999925,0.852198227411046,3.33091051665182,,,2.91663002855852,4.08175505899724,5.47576301725668,5.84624805815309,6.78812736502348,8.14813245830458,8.5683923990734,9.98189921323599,,,,,10.4735094041244,11.6508738113866,12.730759776116,13.8372884668285
504.399999999924,0.845278949803768,3.43110170642131,,,2.95153743838639,4.08270908402585,5.45174468696897,5.76951360338399,6.79661120655225,8.15999897160547,8.44816643944227,10.0399473335684,,,,,10.4793628070744,11.6679149485551,12.7258000092615,13.851679679741
504.999999999924,0.829190221041706,3.53129289619081,,,3.01690631223969,4.08366310905446,5.38985542972874,5.71200121878472,6.80532590020945,8.1638665819631,8.32005889389772,10.030238207952,,,,,10.4791661900937,11.6766721480454,12.7208402424069,13.8660708926534
505.599999999924,0.863060679006086,3.44576140938942,,,3.06575694634843,4.13362809398711,5.29965354606582,5.68844763414528,6.79892923851279,8.15976565978837,8.33885730646897,9.9522555589915,,,,,10.4791703775872,11.6848881729829,12.7546345051735,13.8576354298524
506.199999999924,0.886595119085346,3.36022992256461,,,3.07507390245574,4.18359307892594,5.26613297016136,5.75523372588494,6.7857267743418,8.15656030059024,8.39046618056722,9.940979650392,,,,,10.505785976472,11.6932289680005,12.7809472338825,13.8520065017968
506.799999999924,0.910129559163301,3.27469843573979,,,3.08439085855807,4.23355806386476,5.22079568431339,5.82201981763601,6.77268363380121,8.14242290268818,8.48127153185961,9.92970374180092,,,,,10.5349730937624,11.6883850115144,12.8072599625906,13.8463775737415
507.399999999924,0.933663999241253,3.18916694891499,,,3.09370781466039,4.28352304880359,5.17545839846391,5.88880590938709,6.76452967679859,8.13531454053851,8.57207688315697,9.91842783320984,,,,,10.5628412278034,11.6835410550266,12.8335726912988,13.8407486456862
507.999999999924,0.957198439319207,3.10363546209017,,,3.10302477076272,4.33348803374242,5.13012111261444,5.95559200113816,6.75563400770753,8.12997821661396,8.66288223445432,9.90715192461876,,,,,10.5907093618443,11.6786970985389,12.8598854200069,13.8351197176309
508.599999999924,0.980732879397161,3.01810397526536,,,3.11234172686504,4.38345301868125,5.08478382676497,6.02237809288922,6.74595186393183,8.12670671376267,8.75368758575168,9.89587601602768,,,,,10.6185774958852,11.6738531420511,12.886198148715,13.8294907895757
509.199999999924,1.00426731947512,2.93257248844055,,,3.12165868296737,4.43341800362007,5.03944654091549,6.0891641846403,6.73680667203526,8.1233478974626,8.84449293704903,9.8846001074366,,,,,10.6464456299261,11.6690091855634,12.9125108774231,13.8238618615204
509.799999999924,1.02780175955307,2.84704100161574,,,3.13097563906969,4.4833829885589,4.99410925506603,6.15595027639137,6.72751414755978,8.12068899404382,8.93529828834638,9.87332419884551,,,,,10.6743137639669,11.6641652290756,12.9388236061312,13.8182329334651
510.399999999924,1.05133619963102,2.76150951479093,,,3.14029259517202,4.53334797349773,4.94877196921655,6.22273636814244,6.72094009466542,8.12045749423478,9.02610363964373,9.86204829025443,,,,,10.7022225937925,11.6593212725879,12.9651363348393,13.8126040054098
510.999999999923,1.07487063970898,2.67597802796612,,,3.14960955127435,4.58331295843655,4.93415767146674,6.28952245989351,6.7092759116378,8.12065539034142,9.11028425107942,9.85077238166335,,,,,10.7281948915803,11.6568951012802,12.9914490635474,13.8069750773546
511.599999999923,1.10596726539139,2.59044654114131,,,3.14817745069867,4.63327794337538,4.90243193889985,6.33468805941453,6.69469274981925,8.11636524526311,9.19325232568671,9.92307476501757,,,,,10.7429525307997,11.6383839052766,13.0177617922555,13.8013461492993
512.199999999923,1.04106734437814,2.56035939814119,,,3.14343731750698,4.58646177637955,4.9110518334974,6.33392188058569,6.68325116124001,8.10897119870533,9.23861068267498,10.0964894669064,,,,,10.7298037631265,11.6189245871344,13.0008821525588,13.8363491628009
512.799999999923,0.957369087721171,2.53027225514815,,,3.09972084946541,4.53964560937135,4.81786847556683,6.3017347027683,6.67218088791425,8.07704386567586,9.25546583527829,10.169806299867,,,,,10.7172108672443,11.5929072421005,12.9829445866514,13.8666989741161
513.399999999923,0.873670831061802,2.50018511215511,,,3.05600438141887,4.49282944236315,4.737371691137,6.2695475249469,6.66436096061555,8.04674134120963,9.24735674469389,10.2431231328147,,,,,10.7041122223989,11.5660029641533,12.9650070207439,13.8970487854307
513.999999999923,0.789972574402433,2.47009796916207,,,3.01228791337232,4.44601327535495,4.65687490670879,6.23736034712549,6.65674700962334,8.01116049535476,9.23924765410629,10.3164399657624,,,,,10.6944390479553,11.5390986862059,12.9470694548364,13.9273985967454
514.599999999923,0.706274317743064,2.44001082616903,,,2.96857144532577,4.39919710834675,4.5763781222806,6.20517316930409,6.65024989868331,7.97414457306104,9.2311385635187,10.3897567987102,,,,,10.6847658735123,11.5121944082585,12.9291318889288,13.95774840806
515.199999999923,0.622576061083694,2.40992368317599,,,2.92485497727923,4.35238094133855,4.49588133785238,6.17298599148268,6.64423178625148,7.93540636377576,9.2230294729311,10.4630736316579,,,,,10.6750926990692,11.4852901303112,12.9111943230213,13.9880982193746
515.799999999923,0.538877804424323,2.37983654018295,,,2.88113850923268,4.30556477433035,4.41538455342417,6.14079881366127,6.63787867116793,7.895112791685,9.2149203823435,10.5363904646057,,,,,10.6654195246261,11.4583858523638,12.8932567571138,14.0184480306892
516.399999999923,0.455179547764954,2.34974939718992,,,2.83742204118613,4.25874860732215,4.33488776899597,6.10861163583987,6.63252115754942,7.85528530986428,9.2068112917559,10.6097072975534,,,,,10.655746350183,11.4314815744165,12.8753191912062,14.0487978420039
516.999999999923,0.371481291105584,2.31966225419688,,,2.79370557313958,4.21193244031395,4.25439098456776,6.07642445801847,6.62820129906722,7.81348244317156,9.1987022011683,10.6830241305012,,,,,10.6461280108978,11.4045772964691,12.8573816252987,14.0791476533185
517.599999999922,0.287783034446215,2.28957511120384,,,2.74998910509304,4.16511627330575,4.16446170788586,6.04423728019706,6.62655031958451,7.78076100252197,9.19402681565122,10.7563409634489,,,,,10.6377698119578,11.3727871939444,12.8394440593912,14.1094974646331
518.199999999922,0.203594843774555,2.2594879682108,,,2.71289951032143,4.11830010629755,4.13103709789029,6.03136355896131,6.626620933474,7.75772109761916,9.19991692719788,10.7603324047415,,,,,10.6475354417776,11.3680233021616,12.8215064934836,14.1398472759477
518.799999999922,0.21935840452152,2.29562040091514,,,2.68551451813613,4.08784759677875,4.10952326676876,6.02726361212342,6.62970554990711,7.73721950931332,9.19894322092029,10.6528190801433,,,,,10.6495244406902,11.3489409627323,12.774439204181,14.1088611797688
519.399999999922,0.271265298729874,2.33175283362806,,,2.75649162276809,4.05739508726207,4.17069859844435,6.01787695402746,6.64035896936999,7.7515070694659,9.15986934533997,10.5901391379355,,,,,10.6323293445445,11.3346323896965,12.7314739805201,14.0692487604632
519.999999999922,0.32317219294291,2.36788526634098,,,2.8274687274128,4.02694257774539,4.24035844442797,6.0084902959308,6.64671013559217,7.77487688703634,9.12597067670683,10.5274591957334,,,,,10.6298653912045,11.3558329249321,12.6885087568597,14.0296363411565
520.599999999922,0.375079087155949,2.40401769905389,,,2.89844583205751,3.9964900682287,4.31001829041269,5.99910363783415,6.65302250162558,7.80778651722046,9.09207200807437,10.4647792535314,,,,,10.6241575575078,11.3770334601722,12.6455435331993,13.9900239218497
521.199999999922,0.426985981368988,2.44015013176681,,,2.96942293670222,3.96603755871202,4.3796781363974,5.9897169797375,6.65832088041784,7.84259396064142,9.0581733394419,10.4020993113293,,,,,10.6184497238106,11.3982339954124,12.6025783095389,13.950411502543
521.799999999922,0.478892875582026,2.47628256447973,,,3.04040004134693,3.93558504919533,4.44933798238213,5.98033032164085,6.66319590635852,7.87696834911685,9.02427467080943,10.3394193691273,,,,,10.6127418901134,11.4194345306526,12.5596130858785,13.9107990832362
522.399999999922,0.530799769795063,2.51241499719264,,,3.11137714599164,3.90513253967865,4.51899782836685,5.97094366354419,6.66764858369221,7.91289698414395,8.99037600217697,10.2767394269252,,,,,10.6070340564163,11.4406350658927,12.5166478622181,13.8711866639295
522.999999999922,0.582706664008103,2.54854742990556,,,3.18235425063635,3.87468003016197,4.58865767435155,5.96155700544754,6.67151328645703,7.9496688622147,8.95647733354449,10.2140594847232,,,,,10.6013262227191,11.4618356011329,12.4736826385577,13.8315742446227
523.599999999922,0.634613558221142,2.58467986261847,,,3.25333135528105,3.84422752064528,4.65831752033628,5.95217034735088,6.67165742838281,7.99363507643632,8.92257866491203,10.1513795425211,,,,,10.595423574739,11.483036136373,12.4307174148973,13.791961825316
524.199999999921,0.686520452434179,2.62081229533139,,,3.32430845992577,3.8137750111286,4.72754924797826,5.94278368925424,6.67119720296103,8.03131545564501,8.89456870906398,10.0886996003191,,,,,10.590115459198,11.5104135383415,12.3877521912369,13.7523494060092
524.799999999921,0.73509280753803,2.65694472804431,,,3.37231709794895,3.78332250161191,4.77491798231912,5.91604474114669,6.67355394876416,8.06086249377278,8.86843278963595,10.0798621743877,,,,,10.5788491214775,11.5192530217119,12.3447869675764,13.7127369867025
525.399999999921,0.741265343494975,2.62843951249073,,,3.42190645875091,3.76623981588781,4.81654683648647,5.91695540598423,6.67562372731906,8.10092502172573,8.82078708719735,10.051955227103,,,,,10.5829863639606,11.5453642164329,12.3490592785599,13.6872617629036
525.999999999921,0.733022656469295,2.59993429692868,,,3.38765643695756,3.74915713016546,4.86641606971261,5.94075454519589,6.6742239199862,8.13699086245505,8.88283488087649,10.0137511791092,,,,,10.599080793943,11.5792253876855,12.3654301052656,13.6758727876464
526.599999999921,0.724779969441723,2.57142908136663,,,3.3534064151532,3.7320744444431,4.90124405610424,5.96455368441056,6.67633197828305,8.17444401955644,8.94294491505761,9.97554713111411,,,,,10.5900415210571,11.5688149753915,12.3818009319728,13.664483812391
527.199999999921,0.716537282414148,2.54292386580458,,,3.31915639334885,3.71499175872075,4.93607204249389,5.98835282362523,6.67354816490913,8.20508672586661,9.00305494923848,9.93734308311899,,,,,10.5834713852823,11.5584045630918,12.39817175868,13.6530948371357
527.799999999921,0.708294595386576,2.51441865024253,,,3.28490637154449,3.69790907299839,4.97090002888353,6.0121519628399,6.67039651482013,8.23208770759257,9.06316498341936,9.89913903512388,,,,,10.5769012495078,11.5479941507921,12.4145425853872,13.6417058618803
528.399999999921,0.700051908359003,2.48591343468048,,,3.25065634974013,3.68082638727604,5.00572801527317,6.03595110205456,6.66729370398895,8.25994296604105,9.12327501760024,9.86093498712876,,,,,10.5703311137333,11.5375837384923,12.4309134120945,13.630316886625
528.999999999921,0.691809221331429,2.45740821911843,,,3.21640632793577,3.66374370155369,5.04055600166281,6.05975024126923,6.66493632599481,8.28738933854274,9.18338505178111,9.82273093913365,,,,,10.5637609779588,11.5271733261926,12.4472842388017,13.6189279113696
529.599999999921,0.683566534303858,2.42890300355638,,,3.18215630613141,3.64666101583133,5.07538398805246,6.0835493804839,6.66231105385565,8.30984802167841,9.24349508596199,9.78452689113853,,,,,10.5571908421843,11.5167629138929,12.4636550655089,13.6075389361142
530.199999999921,0.675323847276285,2.40039778799433,,,3.14790628432706,3.62957833010898,5.1102119744421,6.10734851969856,6.66225627944927,8.32475680938753,9.30360512014286,9.74632284314341,,,,,10.5507578706498,11.5063525015931,12.4800258922161,13.5961499608589
530.79999999992,0.667081160248711,2.37189257243228,,,3.1136562625227,3.61249564438662,5.14716492315214,6.13114765891323,6.66351548973426,8.3390754963359,9.35190845979956,9.7081187951483,,,,,10.5380290789298,11.483054585951,12.4963967189234,13.5847609856035
531.39999999992,0.657680424941259,2.34338735687023,,,3.07592302552726,3.59541295866427,5.14809443203419,6.16079281655409,6.65417894240202,8.34652132255168,9.36829773727659,9.64694267299021,,,,,10.5050858667191,11.4521361460667,12.5127675456306,13.5733720103481
531.99999999992,0.629307249978001,2.37831721190815,,,2.9583538815836,3.64104614990832,5.15968755604688,6.12512055922362,6.63490397254499,8.32675308589609,9.37396278508197,9.6504123054656,,,,,10.4595420584326,11.4082612241054,12.4945234452537,13.5717261250738
532.59999999992,0.61182270905376,2.4132470669545,,,2.8888305094429,3.68667934116069,5.0957441497421,6.02299176161062,6.61695603841008,8.26923261929022,9.28856661004859,9.68100467057907,,,,,10.4160722211076,11.3566731834636,12.4716671542268,13.558380352344
533.19999999992,0.594338168130965,2.44817692200084,,,2.81930713730858,3.73231253241307,5.04177607012854,5.9208629639888,6.59646780314108,8.19533593311838,9.18304296479188,9.71159703569615,,,,,10.3951220502588,11.3271846624228,12.4488108631992,13.5450345796128
533.79999999992,0.57685362720817,2.48310677704719,,,2.74978376517427,3.77794572366544,4.98780799051632,5.81873416636698,6.5774681577415,8.11442197310115,9.07751931953249,9.74218940081322,,,,,10.3706888019704,11.2976961413851,12.4259545721716,13.5316888068815
534.39999999992,0.559369086285376,2.51803663209354,,,2.68026039303995,3.82357891491782,4.93383991090409,5.71660536874515,6.55954514215873,8.0366102064434,8.97199567427309,9.7727817659303,,,,,10.3462555536815,11.2682076203473,12.4030982811439,13.5183430341502
534.99999999992,0.54188454536258,2.55296648713989,,,2.61073702090565,3.86921210617019,4.87987183129186,5.61447657112333,6.54151945451959,7.95877292980885,8.8664720290137,9.80337413104737,,,,,10.3218223053926,11.2387190993095,12.3802419901163,13.5049972614189
535.59999999992,0.524400004439786,2.58789634218624,,,2.54121364877133,3.91484529742257,4.82590375167964,5.5123477735015,6.52321595767952,7.88214711529782,8.76094838375431,9.83396649616445,,,,,10.2973890571038,11.2092305782718,12.3573856990887,13.4916514886877
536.19999999992,0.50691546351699,2.62282619723259,,,2.47169027663702,3.96047848867494,4.77193567206741,5.41021897587968,6.50559276265915,7.81157276564395,8.65542473849491,9.86455886128153,,,,,10.2729558088149,11.179742057234,12.3345294080611,13.4783057159564
536.79999999992,0.489430922594197,2.65775605227893,,,2.4021669045027,4.00611167992732,4.71796759245518,5.30809017825786,6.48612153487187,7.74530459242194,8.54990109323552,9.8951512263986,,,,,10.2488134254286,11.1502535361962,12.3116731170335,13.4649599432251
537.399999999919,0.471946381671401,2.69268590732528,,,2.33264353236839,4.05174487117969,4.65103565524075,5.20596138063603,6.4620478510166,7.67262458196198,8.44566466546016,9.92574359151568,,,,,10.2317525812657,11.1282101119085,12.2888168260059,13.4516141704939
537.999999999919,0.455599679233006,2.72761576237163,,,2.2766854657195,4.09737806243207,4.61780589740971,5.08410013244892,6.44647894625408,7.60367800453243,8.37826484814424,9.89306740153467,,,,,10.2491217942826,11.1318443543453,12.2659605349783,13.4382683977626
538.599999999919,0.472762036162466,2.70499582293219,,,2.34664332247291,4.00865808501717,4.51511939888022,5.06379454612821,6.44386183239276,7.55412828645225,8.32077290910675,9.88586963989161,,,,,10.2505724539603,11.1437282210453,12.2807021253999,13.4702691191488
539.199999999919,0.46665901939768,2.68237588348502,,,2.33921711579788,3.91993810758418,4.4623978408036,5.06651576290617,6.44829126168398,7.54869732314882,8.30169373115568,9.84936998706953,,,,,10.2651648788278,11.1539746002516,12.2760175179515,13.5123933042007
539.799999999919,0.460556002629761,2.65975594403784,,,2.33179090911244,3.8312181301512,4.41529395856812,5.06923697968723,6.45340355922541,7.54708198715782,8.33144736556556,9.81287033424352,,,,,10.2693080969056,11.1537697389235,12.2713329105004,13.554517489254
540.399999999919,0.454452985861846,2.63713600459066,,,2.32436470242699,3.74249815271822,4.36819007633339,5.07195819646829,6.45815425503317,7.55116711956523,8.36120099998201,9.7763706814175,,,,,10.2753312944087,11.153564877594,12.2666483030494,13.5966416743073
540.999999999919,0.448349969093927,2.61451606514348,,,2.31693849574155,3.65377817528524,4.32108619409867,5.07467941324935,6.46333276848145,7.55431638073391,8.39095463439847,9.73987102859149,,,,,10.281354491912,11.1533600162645,12.2619636955984,13.6387658593606
541.599999999919,0.442246952326009,2.5918961256963,,,2.3095122890561,3.56505819785226,4.27398231186394,5.07740063003041,6.46853739840079,7.5567042525976,8.42070826881493,9.70337137576547,,,,,10.2873776894153,11.1531551549349,12.2572790881473,13.6808900444139
542.199999999919,0.436143935558093,2.56927618624912,,,2.30208608237066,3.47633822041928,4.22687842962922,5.08012184681148,6.47383140095567,7.55715353493237,8.45046190323139,9.66687172293946,,,,,10.2934008869186,11.1529502936054,12.2525944806963,13.7230142294672
542.799999999919,0.430040918790176,2.54665624680195,,,2.29465987568522,3.3876182429863,4.17977454739449,5.08284306359254,6.47939149404693,7.55572980022098,8.48021553764785,9.63037207011344,,,,,10.2994240844219,11.1527454322759,12.2479098732453,13.7651384145205
543.399999999919,0.423937902022258,2.52403630735477,,,2.28723366899977,3.29889826555332,4.13267066515977,5.0855642803736,6.48710325530211,7.5505793903713,8.50996917206431,9.59387241728742,,,,,10.3050476103175,11.1525405709464,12.2432252657942,13.8072625995739
543.999999999918,0.417834885254341,2.50141636790759,,,2.27980746231433,3.21017828812034,4.10953748361511,5.08828549715466,6.49925385588071,7.56648411958485,8.54792531907842,9.55737276446141,,,,,10.3062381491103,11.1665625092047,12.2385406583432,13.8493867846272
544.599999999918,0.416072843378793,2.47879642846041,,,2.27936826371001,3.12145831068736,4.07429008038426,5.13302044310771,6.50763983384924,7.59686927976596,8.55558196262214,9.62816023340445,,,,,10.2783834107141,11.17550976166,12.2338560508922,13.8915109696805
545.199999999918,0.411827862680257,2.49308939454308,,,2.23922913511188,3.23364136544297,4.1535107638702,5.12229645429468,6.52454850929371,7.63392176545283,8.61932687774246,9.67870657649933,,,,,10.2760540731786,11.1833515545855,12.2293395032426,13.9310824638114
545.799999999918,0.428974506298112,2.50738236063077,,,2.33905967796279,3.34582442022591,4.27555359101356,5.22756197205626,6.533241523893,7.68366275990507,8.66010228255828,9.77869019043244,,,,,10.2428731624099,11.1935122175541,12.2932645129304,13.9672422180449
546.399999999918,0.446121149918882,2.52167532671846,,,2.43889022083277,3.45800747500886,4.40738467398142,5.33282748983363,6.5541854726799,7.75054845337237,8.67461933004868,9.87867380437227,,,,,10.2131805876241,11.2333915120313,12.3571895226274,14.0034019722778
546.999999999918,0.46326779353965,2.53596829280615,,,2.53872076370275,3.5701905297918,4.53921575695061,5.438093007611,6.57844822726662,7.82454848766486,8.68913637753549,9.97865741831211,,,,,10.1839236703293,11.2732708065125,12.4211145323245,14.0395617265108
547.599999999918,0.480414437160418,2.55026125889384,,,2.63855130657272,3.68237358457475,4.6710468399198,5.54335852538837,6.60057791585283,7.89861877244731,8.70365342502229,10.0786410322519,,,,,10.1546667530346,11.3131501009937,12.4850395420216,14.0757214807438
548.199999999918,0.497561080781185,2.56455422498153,,,2.7383818494427,3.79455663935769,4.80287792288899,5.64862404316575,6.62340609673936,7.973969066429,8.7181704725091,10.1786246461918,,,,,10.1254098357399,11.3530293954749,12.5489645517186,14.1118812349767
548.799999999918,0.514707724401955,2.57884719106922,,,2.83821239231268,3.90673969414064,4.93470900585817,5.75388956094312,6.64582017829251,8.05059588027688,8.73268751999591,10.2786082601316,,,,,10.0961529184452,11.3929086899562,12.6128895614157,14.1480409892097
549.399999999918,0.531854368022723,2.59314015715691,,,2.93804293518265,4.01892274892359,5.06654008882737,5.8591550787205,6.66775315506844,8.12571801754633,8.74720456748272,10.3785918740715,,,,,10.0668960011505,11.4327879844374,12.6768145711128,14.1842007434427
549.999999999918,0.549001011643493,2.6074331232446,,,3.03787347805263,4.13110580370653,5.19837117179656,5.96442059649787,6.68710503442655,8.20240968513179,8.76172161496953,10.4785754880113,,,,,10.0377542712666,11.4726672789186,12.7407395808098,14.2203604976756
550.599999999917,0.566147655264261,2.62172608933229,,,3.13770402092261,4.24328885848947,5.32131088716738,6.06968611427524,6.70348354201843,8.26181497609438,8.78233912625946,10.5785591019511,,,,,10.0113415980407,11.5013050215036,12.8046645905069,14.2565202519086
551.199999999917,0.579450451905817,2.63601905541998,,,3.24320318298743,4.35547191327242,5.46898817277258,6.15184865095629,6.72866451168544,8.31534251366637,8.84119917985815,10.6196261182112,,,,,10,11.5248851621226,12.8685896002039,14.2926800061416
551.799999999917,0.587997885611154,2.62352568594817,,,3.30902627711677,4.27975417958684,5.55148728342352,6.22577442405857,6.73878971738714,8.37433186666525,8.87652537076438,10.6343275642145,,,,,10.0196082396498,11.550819038026,12.9123669557331,14.2270372270604
552.399999999917,0.585553733880939,2.61103231647267,,,3.28085682686038,4.20403644587538,5.57621640680174,6.20845410424151,6.75389417305079,8.39439930433048,8.952450306374,10.5664277871762,,,,,10.0638972549261,11.586746821264,12.8820869886336,14.1758407894478
552.999999999917,0.583109582149205,2.59853894699717,,,3.25268737659104,4.12831871216392,5.57642983744247,6.19113378441186,6.7492109024649,8.39819070626298,9.01957497604589,10.4985280101266,,,,,10.1029001164014,11.594259960107,12.8518070215239,14.1246443518372
553.599999999917,0.580665430417471,2.58604557752166,,,3.22451792632169,4.05260097845246,5.57664326807981,6.17381346458222,6.7399598658784,8.39311776453123,9.08669964571657,10.4306282330769,,,,,10.1417902838182,11.6017730989461,12.8215270544141,14.0734479142266
554.199999999917,0.578221278685738,2.57355220804617,,,3.19634847605234,3.976883244741,5.57685669871715,6.15649314475258,6.73150132103365,8.39021034301394,9.15382431538723,10.3627284560273,,,,,10.1806804512351,11.6092862377851,12.7912470873044,14.022251476616
554.799999999917,0.575777126954005,2.56105883857067,,,3.168179025783,3.90116551102954,5.57707012935448,6.13917282492293,6.72232990138685,8.3879551202464,9.22094898505791,10.2948286789777,,,,,10.2195706186519,11.6167993766242,12.7609671201946,13.9710550390053
555.399999999917,0.573332975222272,2.54856546909517,,,3.14000957551365,3.82544777731808,5.57728355999181,6.12185250509329,6.71360984943209,8.38488433813816,9.28807365472857,10.226928901928,,,,,10.2584607860688,11.6243125154633,12.7306871530849,13.9198586013947
555.999999999917,0.570888823490538,2.53607209961966,,,3.1118401252443,3.74973004360662,5.57749699062917,6.10453218526364,6.70503837966103,8.3811159499389,9.35519832439925,10.1590291248784,,,,,10.2973509534856,11.6318256543023,12.7004071859751,13.8686621637841
556.599999999917,0.568444671758804,2.52357873014417,,,3.08367067497495,3.67401230989516,5.5777104212665,6.087211865434,6.69842984649801,8.37626439152195,9.42232299406991,10.0911293478287,,,,,10.336144487791,11.6393387931414,12.6701272188654,13.8174657261735
557.199999999916,0.56600052002707,2.51108536066867,,,3.0555012247056,3.5982945761837,5.57431598168343,6.06989154560435,6.69090181290413,8.37282009615875,9.4701360622081,10.0232295707791,,,,,10.3710320713304,11.6325332273079,12.6398472517556,13.7662692885629
557.799999999916,0.561906697717386,2.49859199119316,,,3.01360284300938,3.52257684247224,5.51687850932907,6.04891282793535,6.67542589312236,8.35801565539417,9.47182672518394,9.91571184045384,,,,,10.402461898921,11.6218710946611,12.6095672846459,13.7150728509522
558.399999999916,0.570211232875155,2.50973990050012,,,3.04269655156989,3.63316628706781,5.48042272352982,6.06907795123454,6.66761073846694,8.31172898719631,9.44800708653582,9.85294897525479,,,,,10.4463888937195,11.6104155220259,12.6028534277268,13.7652081176321
558.999999999916,0.5775822233355,2.52088780981038,,,3.04306584200681,3.74375573168938,5.49713189844889,6.09551664019625,6.6521516480237,8.26412494677914,9.39337033163878,9.83687311452921,,,,,10.4824258563955,11.5857319942384,12.6191417660337,13.7997931381295
559.599999999916,0.584953213795714,2.53203571912063,,,3.04343513243972,3.85434517631094,5.51978433122603,6.12195532915883,6.64101648104224,8.21506456535059,9.33089927991755,9.82079725381015,,,,,10.5217169865908,11.5614342369656,12.6354301043438,13.8343781586248
560.199999999916,0.592324204255929,2.54318362843088,,,3.04380442287263,3.9649346209325,5.54243676400402,6.14839401812142,6.63074676332186,8.16382559456128,9.26842822819522,9.80472139309108,,,,,10.560894590323,11.5371364796928,12.6517184426539,13.86896317912
560.799999999916,0.599695194716145,2.55433153774113,,,3.04417371330554,4.07552406555406,5.56508919678199,6.174832707084,6.62217757011335,8.10974320941874,9.20595717647289,9.78864553237201,,,,,10.6000721940552,11.5128387224201,12.668006780964,13.9035481996153
561.399999999916,0.607066185176359,2.56547944705139,,,3.04454300373845,4.18611351017562,5.58774162955995,6.20127139604658,6.61377351097711,8.05353930534632,9.14348612475056,9.77256967165295,,,,,10.6392497977874,11.4885409651474,12.684295119274,13.9381332201105
561.999999999916,0.614437175636574,2.57662735636164,,,3.04491229417137,4.29670295479718,5.61039406233793,6.22771008500916,6.60580033685614,7.99772745190207,9.08101507302823,9.75649381093389,,,,,10.6784274015196,11.4642432078747,12.7005834575841,13.9727182406058
562.599999999916,0.621808166096788,2.58777526567189,,,3.04528158460428,4.40729239941874,5.6330464951159,6.25414877397175,6.59703590148752,7.94379216178579,9.01854402130589,9.74041795021482,,,,,10.7176050052518,11.4399454506019,12.7168717958942,14.007303261101
563.199999999916,0.629179156557004,2.59892317498215,,,3.04565087503719,4.5178818440403,5.65569892789388,6.28058746293433,6.58548744254429,7.8934612940934,8.95607296958357,9.72434208949576,,,,,10.7570669436474,11.4156476933292,12.7331601342043,14.0418882815963
563.799999999915,0.636550147017217,2.6100710842924,,,3.0460201654701,4.62847128866187,5.66327720087284,6.30702615189691,6.57300332779066,7.84264213578047,8.90396392266985,9.70826622877669,,,,,10.7992034188479,11.409937980235,12.7494484725144,14.0764733020915
564.399999999915,0.642681810324271,2.62121899360265,,,3.03011120133014,4.73906073328343,5.70664718050738,6.3315845428504,6.55916766904929,7.79686750261785,8.88021832629866,9.75149342472667,,,,,10.8436304202491,11.393442312427,12.7657368108245,14.1110583225868
564.999999999915,0.614393200511109,2.64163893456176,,,2.93051510007477,4.59941758884031,5.67538034555359,6.28746998753505,6.53623284473305,7.76793182027731,8.84351738852992,9.78054137006581,,,,,10.7934839752225,11.3708041354792,12.7338342547461,14.0477655989435
565.599999999915,0.584234554676129,2.66205887552217,,,2.87429945091978,4.45977444436187,5.55301185452395,6.25950356075269,6.51830533444814,7.74897277780214,8.83876615602238,9.81297344612052,,,,,10.7349396168121,11.3479528735268,12.7224144025471,13.9618112229986
566.199999999915,0.554075908840886,2.68247881648258,,,2.81808380177092,4.32013129988343,5.43713522168002,6.23153713397261,6.50422062372649,7.73959246238141,8.85122661008053,9.84540552217572,,,,,10.6776699160888,11.3405074198381,12.7109945503509,13.8758568470504
566.799999999915,0.523917263005643,2.70289875744299,,,2.76186815262206,4.18048815540499,5.32125858883701,6.20357070719253,6.49404847161985,7.73582907816655,8.86368706414111,9.8778375982309,,,,,10.6189660437015,11.3330619661517,12.6995746981548,13.7899024711024
567.399999999915,0.493758617170402,2.72331869840341,,,2.7056525034732,4.04084501092655,5.205381955994,6.17560428041245,6.48230483408439,7.73222929103841,8.87614751820169,9.91026967428611,,,,,10.5602621713141,11.3256165124652,12.6881548459586,13.7039480951543
567.999999999915,0.463599971335158,2.74373863936382,,,2.64943685432434,3.90120186644811,5.08950532315097,6.14763785363237,6.47076066213727,7.73173006630377,8.88860797226227,9.94270175034131,,,,,10.5015582989267,11.3181710587787,12.6767349937625,13.6179937192062
568.599999999915,0.433441325499916,2.76415858032424,,,2.59322120517548,3.76155872196967,4.97362869030796,6.11967142685229,6.4579728205769,7.731736880805,8.90106842632285,9.97513382639649,,,,,10.4428544265392,11.3107256050923,12.6653151415663,13.5320393432581
569.199999999915,0.403282679664672,2.78457852128465,,,2.53700555602662,3.62191557749123,4.85775205746494,6.09170500007221,6.44618745668607,7.73051131599515,8.91352888038343,10.0075659024517,,,,,10.3841505541518,11.3032801514058,12.6538952893702,13.44608496731
569.799999999915,0.373124033829429,2.80499846224506,,,2.48078990687776,3.48227243301279,4.74187542462193,6.06373857329214,6.43711677200331,7.72594683484705,8.92598933444402,10.0399979785069,,,,,10.3249194222052,11.2958346977194,12.642475437174,13.3601305913619
570.399999999914,0.342965387994186,2.82541840320547,,,2.42457425772891,3.34262928853435,4.64928815893601,6.03577214651205,6.43357057039482,7.73811761662047,8.94323248693968,10.0724300545621,,,,,10.2651498056461,11.2826486186645,12.6310555849779,13.2741762154138
570.999999999914,0.323666860838161,2.84583834416589,,,2.40929404190543,3.20298614405591,4.58346592759075,6.03393178441125,6.44311199372829,7.76221841479856,8.95869208984596,10.1196834838404,,,,,10.2070673106809,11.2925364544488,12.6196357327817,13.1882218394657
571.599999999914,0.338356665171277,2.78996970088167,,,2.46790877364515,3.37600582090284,4.62494100275368,6.10747486572069,6.45686855351191,7.79383223894345,9.04118284520908,10.1921807116773,,,,,10.2011192435237,11.3060114734379,12.679034931974,13.2822493410897
572.199999999914,0.371707287716773,2.73410105758655,,,2.5614275975806,3.54902549779445,4.76116240720241,6.15450581670008,6.47793349189035,7.84468713338973,9.04881580232476,10.2101969413639,,,,,10.2148288038341,11.3284749073784,12.6908408086344,13.4372755493607
572.799999999914,0.405057910264934,2.67823241429144,,,2.65494642152105,3.72204517468605,4.87079131265078,6.20153676767569,6.49776175853965,7.89621779951715,9.07025387278281,10.2282131710428,,,,,10.2292245970567,11.3213056081151,12.7026466852881,13.5923017576404
573.399999999914,0.438408532813096,2.62236377099632,,,2.74846524546148,3.89506485157766,4.98042021809533,6.24856771865129,6.51316335071372,7.9501092758237,9.09169194324285,10.2462294007217,,,,,10.245763097651,11.3141363088476,12.7144525619418,13.7473279659201
573.999999999914,0.471759155361257,2.56649512770121,,,2.84198406940192,4.06808452846926,5.09004912353989,6.2955986696269,6.52977125651945,8.00530164964769,9.11313001370288,10.2642456304006,,,,,10.2623015982456,11.3069670095801,12.7262584385955,13.9023541741998
574.599999999914,0.505109777909419,2.5106264844061,,,2.93550289334236,4.24110420536087,5.19967802898444,6.3426296206025,6.5462017299443,8.05795481869722,9.13456808416293,10.2822618600795,,,,,10.2788400988402,11.2997977103126,12.7380643152492,14.0573803824796
575.199999999914,0.538460400457579,2.45475784111098,,,3.0290217172828,4.41412388225247,5.30930693442899,6.3896605715781,6.56350079842325,8.10948019209615,9.15600615462296,10.3002780897584,,,,,10.2953785994349,11.292628411045,12.7498701919029,14.2124065907593
575.799999999914,0.57181102300574,2.39888919781586,,,3.12254054122324,4.58714355914408,5.41893583987355,6.4366915225537,6.57963530662819,8.16116435214065,9.17744422508299,10.3182943194373,,,,,10.3119171000295,11.2854591117775,12.7616760685566,14.367432799039
576.399999999914,0.605161645553903,2.34302055452075,,,3.21605936516369,4.76016323603568,5.5285647453181,6.4837224735293,6.59801474064908,8.21206330863153,9.19888229554302,10.3363105491162,,,,,10.3286289638672,11.27828981251,12.7734819452103,14.5224590073187
576.999999999913,0.638512268102064,2.28715191122563,,,3.30957818910413,4.93318291292729,5.62450812698788,6.53075342450491,6.61529421037577,8.23692730214419,9.21736777021226,10.3543267787951,,,,,10.3475852821094,11.2821151639599,12.785287821864,14.6774852155985
577.599999999913,0.66673936957125,2.23128326793052,,,3.3973778008616,5.10620258981889,5.69183691244829,6.57661274928409,6.62667247374078,8.24290197780604,9.21285519349768,10.3051742290572,,,,,10.3660898843763,11.2866263409859,12.7970936985177,14.8325114238782
578.199999999913,0.685288677067394,2.26951086987193,,,3.42283449608585,5.08688663068348,5.68120403251176,6.56920510370673,6.64270402814337,8.24289504639206,9.1250469707847,10.1766644288155,,,,,10.4088158489769,11.2935161447586,12.7780413498161,14.8277515478614
578.799999999913,0.695076318392096,2.30773847182692,,,3.3991630973715,5.06757067152029,5.6220479518067,6.57062058783709,6.64720360852466,8.22427708273533,9.10079248789583,10.1540718733653,,,,,10.4258525394766,11.2949822552526,12.7831994060087,14.7648552316328
579.399999999913,0.704863959715534,2.34596607378192,,,3.37549169865004,5.04825471235711,5.6034394002258,6.57203607196872,6.65671259377547,8.20840693500781,9.05798983614995,10.1314793179303,,,,,10.4400369878834,11.313689707152,12.7883574622048,14.7019589153958
579.999999999913,0.714651601038968,2.38419367573692,,,3.35182029992858,5.02893875319392,5.58483084865077,6.57345155610035,6.67274153659399,8.1861759133812,9.01518718440138,10.1088867624953,,,,,10.453656620091,11.3323971590538,12.7935155184009,14.6390625991588
580.599999999913,0.724439242362405,2.42242127769191,,,3.32814890120712,5.00962279403073,5.56622229707573,6.57486704023198,6.68892567771443,8.1639331733787,8.97238453265283,10.0862942070604,,,,,10.4672762522985,11.3511046109556,12.798673574597,14.5761662829219
581.199999999913,0.734226883685843,2.46064887964691,,,3.30447750248567,4.99030683486755,5.54761374550071,6.57628252436361,6.70500708669551,8.14163261302172,8.92958188090426,10.0637016516254,,,,,10.480895884506,11.3698120628574,12.8038316307931,14.5132699666849
581.799999999913,0.74401452500928,2.49887648160191,,,3.2808061037642,4.97099087570436,5.52900519392568,6.57769800849524,6.72065829200924,8.11987928481268,8.88677922915569,10.0411090961905,,,,,10.4945155167135,11.3885195147592,12.8089896869892,14.4503736504479
582.399999999913,0.753802166332718,2.5371040835569,,,3.25713470504275,4.95167491654118,5.51039664235065,6.57911349262687,6.73741168566062,8.0995049563736,8.84397657740713,10.0185165407555,,,,,10.508135148921,11.407226966661,12.8141477431853,14.3874773342109
582.999999999913,0.763589807656153,2.5753316855119,,,3.23346330632129,4.93235895737799,5.49178809077561,6.5805289767585,6.7514541375202,8.08527837901083,8.80117392565856,9.99592398532054,,,,,10.5223658546451,11.4259344185628,12.8193057993814,14.3245810179739
583.599999999912,0.773377448979591,2.61355928746689,,,3.20979190759983,4.9130429982148,5.49459744870691,6.58194446089013,6.77665224376103,8.08423270157721,8.75314502327406,9.97333142988558,,,,,10.5356535828724,11.4316278916412,12.8244638555775,14.2616847017369
584.199999999912,0.776667681770747,2.65178688942189,,,3.15351305148655,4.89372703905162,5.46810712131034,6.5195384681197,6.7978895876758,8.09139108831666,8.73490401185643,10.0155559282079,,,,,10.5496664628899,11.4182305332349,12.8296219117736,14.1987883854999
584.799999999912,0.763218885629618,2.57702562312654,,,3.15532625841404,4.79156846709311,5.48116697698031,6.47376060437252,6.80162997908461,8.0816260555029,8.7206881668351,10.0870746657681,,,,,10.5044317194473,11.4076102354195,12.7920293893976,14.1065115701498
585.399999999912,0.73701697493817,2.50226435681467,,,3.16981272220111,4.68940989512251,5.43625750583141,6.40561846283151,6.80536427853568,8.06049524931719,8.69127065002932,10.0863084689257,,,,,10.4670136602397,11.3907440905458,12.7409980736264,14.054545143104
585.999999999912,0.710815064244857,2.42750309050281,,,3.18429918599003,4.58725132315191,5.36100122124977,6.33747632128723,6.80645041303892,8.0219076949005,8.67849452711145,10.0855422720726,,,,,10.4308866660782,11.3758819258081,12.6899667578532,14.0025787160641
586.599999999912,0.684613153551542,2.35274182419095,,,3.19878564977896,4.4850927511813,5.28574493666368,6.26933417974295,6.80634536700042,7.98510514278651,8.66571840419602,10.0847760752196,,,,,10.3948712241298,11.3610197610708,12.63893544208,13.9506122890243
587.199999999912,0.658411242858227,2.27798055787909,,,3.21327211356788,4.3829341792107,5.21048865207759,6.20119203819867,6.80351507154978,7.94728218968268,8.65294228128059,10.0840098783665,,,,,10.3588557821815,11.3461575963334,12.5879041263068,13.8986458619844
587.799999999912,0.632209332164913,2.20321929156722,,,3.22775857735681,4.28077560724009,5.13523236749151,6.13304989665438,6.80086930661048,7.90894254941838,8.64016615836516,10.0832436815135,,,,,10.3228403402331,11.3312954315961,12.5368728105336,13.8466794349446
588.399999999912,0.606007421471598,2.12845802525537,,,3.24224504114572,4.17861703526949,5.05997608290542,6.0649077551101,6.79902817926101,7.87072863909567,8.62739003544973,10.0824774846605,,,,,10.2868248982848,11.3164332668588,12.4858414947604,13.7947130079047
588.999999999912,0.579805510778283,2.0536967589435,,,3.25673150493465,4.07645846329889,4.98471979831932,5.99676561356583,6.7967633100557,7.8321563952308,8.6146139125343,10.0817112878074,,,,,10.2508094563364,11.3015711021214,12.4348101789872,13.7427465808649
589.599999999912,0.553603600084969,1.97893549263164,,,3.27121796872357,3.97429989132828,4.90946351373324,5.92862347202154,6.79530950928659,7.78768146767374,8.60183778961887,10.0809450909544,,,,,10.2142289428631,11.2867089373841,12.383778863214,13.690780153825
590.199999999911,0.527401689391654,1.90417422631978,,,3.2857044325125,3.87214131935768,4.81766601217056,5.86048133047726,6.77214856259225,7.73933368721895,8.59880443690297,10.0801788941013,,,,,10.1757998525172,11.2848235667088,12.3327475474408,13.6388137267852
590.799999999911,0.508113080758639,1.82941296000792,,,3.30713244850377,3.76998274738707,4.73744255355128,5.86149442416311,6.74718197253691,7.68664466316716,8.58366464249801,10.0780221286481,,,,,10.1302120520216,11.2947580847013,12.2817162316676,13.5868472997453
591.399999999911,0.520731726193352,1.8361373611879,,,3.22989101524472,3.76619622751238,4.5901237201564,5.77416152654135,6.74526493976208,7.64193510072225,8.69317337275409,10.0451558806895,,,,,10.1323581716246,11.292943213041,12.2657346899832,13.650478346412
591.999999999911,0.547131871540661,1.84286176237992,,,3.10932598395013,3.76240970765223,4.54457060841279,5.6986063634236,6.74956292849166,7.60529368555458,8.83055414199011,9.99357510823409,,,,,10.1432972463182,11.3021661932429,12.262514247582,13.6613560403522
592.599999999911,0.573532016890011,1.84958616357194,,,2.98876095264913,3.75862318779208,4.52662219430028,5.62305120030758,6.75775140361029,7.57366676647141,8.94454947828994,9.94199433577596,,,,,10.156088804112,11.3195136674511,12.2592938051826,13.6722337342845
593.199999999911,0.599932162239361,1.85631056476396,,,2.86819592134814,3.75483666793193,4.50867378019184,5.54749603719157,6.75930917015957,7.54156853621957,9.0585448145863,9.89041356331782,,,,,10.1683481693213,11.3368611416606,12.2560733627833,13.6831114282169
593.799999999911,0.62633230758871,1.86303496595599,,,2.74763089004714,3.75105014807179,4.49072536608341,5.47194087407556,6.76340333770263,7.5092898726276,9.17254015088266,9.8388327908597,,,,,10.1806075345306,11.3542086158701,12.252852920384,13.6939891221493
594.399999999911,0.65273245293806,1.86975936714801,,,2.62706585874615,3.74726362821164,4.47277695197498,5.39638571095954,6.7673224845861,7.47830177344362,9.28653548717902,9.78725201840157,,,,,10.1928668997399,11.3715560900796,12.2496324779846,13.7048668160817
594.999999999911,0.679132598287409,1.87648376834003,,,2.50650082744515,3.74347710835149,4.45482853786655,5.32083054784353,6.77012909090672,7.44777391011858,9.40053082347537,9.73567124594343,,,,,10.2051262649492,11.3889035642891,12.2464120355853,13.7157445100141
595.599999999911,0.705532743636759,1.88320816953205,,,2.38593579614415,3.73969058849134,4.43688012375813,5.24527538472752,6.77307771701426,7.41635301882886,9.51452615977174,9.6840904734853,,,,,10.2173856301585,11.4062510384986,12.2431915931859,13.7266222039465
596.199999999911,0.731932888986109,1.88993257072407,,,2.26537076484316,3.73590406863119,4.4189317096497,5.16972022161151,6.77295045593617,7.38378412304265,9.6285214960681,9.63250970102717,,,,,10.2296409578872,11.423598512708,12.2399711507866,13.7374998978789
596.79999999991,0.758333034335458,1.8966569719161,,,2.14480573354216,3.73211754877104,4.39373925856994,5.09416505849549,6.78659899266202,7.35452199161735,9.73483065148659,9.58092892856905,,,,,10.2475872088179,11.4109563420284,12.2367507083873,13.7483775918113
597.39999999991,0.780988771367057,1.90338137310811,,,2.04614338819453,3.72833102891089,4.41379853114138,5,6.8015749492501,7.32450671413483,9.84901659085372,9.5278555968043,,,,,10.2555569928042,11.3849488119432,12.2335302659879,13.7592552857437
597.99999999991,0.805348733575268,1.96301806778101,,,2.03697716957342,3.71582856623192,4.50568381053516,5.07388635078897,6.81346340788436,7.32567539275616,9.8487676515665,9.59025881735766,,,,,10.2865299031208,11.3717438380029,12.2803285218915,13.728457286362
598.59999999991,0.823655092977287,2.02265476246182,,,2.11157073303976,3.70332610355164,4.56655928492533,5.19988214305452,6.83452118310675,7.34740770908832,9.78720461872998,9.72686688383068,,,,,10.3265400246018,11.3544553387088,12.3711615171767,13.7454219475712
599.19999999991,0.841961452378398,2.08229145714262,,,2.18616429651863,3.69082364087136,4.59775270665975,5.32587793532788,6.84980071035647,7.37937550301343,9.73576558230914,9.86347495031479,,,,,10.3583515229699,11.3375563017744,12.4619945124685,13.7623866087875
599.79999999991,0.86026781177951,2.14192815182343,,,2.26075785999751,3.67832117819109,4.62894612838974,5.45187372760125,6.86881486532164,7.40901016374804,9.68432654588982,10.0000830167989,,,,,10.3887669896915,11.3206572648401,12.5528275077604,13.7793512700039
600.39999999991,0.878574171180621,2.20156484650424,,,2.33535142347639,3.66581871551082,4.66013955011973,5.57786951987461,6.88612602497007,7.4392807230299,9.6328875094705,10.136691083283,,,,,10.4191824564128,11.3037582279057,12.6436605030522,13.7963159312202
600.99999999991,0.896880530581732,2.26120154118504,,,2.40994498695526,3.65331625283054,4.69133297184971,5.70386531214796,6.90341755290987,7.47019988782045,9.58144847305117,10.2732991497671,,,,,10.4495979231342,11.2868591909714,12.734493498344,13.8132805924366
601.59999999991,0.915186889982845,2.32083823586585,,,2.48453855043414,3.64081379015026,4.72252639357971,5.82986110442132,6.92166840798351,7.50041207491699,9.53000943663185,10.4099072162513,,,,,10.4800133898556,11.269960154037,12.8253264936358,13.8302452536529
602.19999999991,0.933493249383956,2.38047493054665,,,2.55913211391301,3.62831132746999,4.75371981530969,5.95585689669468,6.9401550110357,7.53098907228152,9.47857040021252,10.5465152827354,,,,,10.510428856577,11.2530611171027,12.9161594889276,13.8472099148693
602.79999999991,0.951799608785068,2.44011162522746,,,2.63372567739188,3.61580886478971,4.78491323703968,6.08185268896804,6.96385259396819,7.5629796377967,9.4271313637932,10.6831233492195,,,,,10.5407821042512,11.2361620801684,13.0069924842195,13.8641745760856
603.399999999909,0.970105968186181,2.49974831990827,,,2.70831924087076,3.60330640210944,4.8330124551185,6.2078484812414,6.98247088583397,7.59341673319298,9.37260811841751,10.8197314157036,,,,,10.5612582918009,11.2438030996991,13.0978254795113,13.881139237302
603.999999999909,0.986032566737057,2.55938501458907,,,2.74636974639886,3.59080393942916,4.83257920888961,6.3310744392387,7.00518236300122,7.64143755278596,9.3218468152055,10.9157232829628,,,,,10.6055521422382,11.2658026388027,13.1886584748031,13.8981038985184
604.599999999909,1.01825224850229,2.53187189031524,,,2.75826655798567,3.59767432503806,4.83424801051046,6.32932800033935,7.0347852202834,7.66917208551866,9.24995992006283,10.9690323841728,,,,,10.6240601937088,11.2865470242401,13.2208688787252,13.9101067372332
605.199999999909,1.0525308350895,2.50435876602823,,,2.73086701867757,3.60454471064988,4.79480133592642,6.2609692917897,7.03817755074685,7.67996950910071,9.23891057734613,10.964116058941,,,,,10.6309631982513,11.3123665714848,13.1971726039929,13.9096567956333
605.799999999909,1.08680942167702,2.47684564174122,,,2.70346747936351,3.6114150962617,4.76900895702458,6.19261058322999,7.04360879846744,7.6830636436347,9.22164346277595,10.9591997337003,,,,,10.6431901230618,11.3198433570418,13.1734763292521,13.9092068540316
606.399999999909,1.12108800826454,2.44933251745421,,,2.67606794004947,3.61828548187352,4.7432165781248,6.12425187467028,7.0475413159305,7.69186245621027,9.20437634820481,10.9542834084597,,,,,10.6581931317912,11.3273201425961,13.1497800545113,13.9087569124298
606.999999999909,1.15536659485206,2.4218193931672,,,2.64866840073542,3.62515586748534,4.71742419922503,6.05589316611056,7.05342333984489,7.70307133914456,9.18710923363367,10.9493670832191,,,,,10.673196140521,11.3347969281504,13.1260837797705,13.908306970828
607.599999999909,1.18964518143958,2.39430626888019,,,2.62126886142137,3.63202625309717,4.69163182032525,5.98753445755084,7.05948656182414,7.71335571597723,9.16984211906252,10.9444507579785,,,,,10.6881991492508,11.3422737137046,13.1023875050297,13.9078570292262
608.199999999909,1.2239237680271,2.36679314459318,,,2.59386932210732,3.63889663870899,4.66583944142549,5.91917574899112,7.06517693624882,7.72314623679506,9.15257500449139,10.9395344327379,,,,,10.7032021579806,11.3497504992589,13.0786912302889,13.9074070876244
608.799999999909,1.25820235461462,2.33928002030617,,,2.56646978279328,3.64576702432081,4.64004706252571,5.8508170404314,7.07015166171116,7.73239372585308,9.13530788992026,10.9346181074972,,,,,10.7182051667104,11.3572272848132,13.0549949555482,13.9069571460227
609.399999999909,1.29248094120214,2.31176689601915,,,2.53907024347923,3.65263740993263,4.61425468362594,5.78245833187169,7.07005351535697,7.7455509585751,9.11804077534912,10.9297017822566,,,,,10.7337409932095,11.3647040703674,13.0312986808074,13.9065072044209
609.999999999908,1.32675952778966,2.28425377173214,,,2.51167070416518,3.65950779554445,4.56121470194752,5.71409962331197,7.0702340304478,7.76141605993051,9.09926104300949,10.924785457016,,,,,10.7559452172922,11.3698952108583,13.0076024060666,13.9060572628191
610.599999999908,1.36564056126953,2.25674064744513,,,2.53264376837575,3.66637818115627,4.54656352997724,5.66487565342114,7.07611367222833,7.76498178441691,9.07253421693422,10.9130996562675,,,,,10.7694308121686,11.3759840850748,12.9839061313258,13.9056073212173
611.199999999908,1.42884330998561,2.28849405445251,,,2.57834283110002,3.67071873555569,4.54787540519959,5.70149224184567,7.05965974336101,7.76217220203825,9.14695573104059,10.8491242019425,,,,,10.7546280317287,11.3781148594657,12.9270237586583,13.9088635805026
611.799999999908,1.49760475866113,2.32024746146894,,,2.63088695805482,3.67505928995472,4.62820880248437,5.76870354026492,7.0550782294918,7.75138151921451,9.13764840655823,10.8164988256614,,,,,10.7166294315654,11.3649342763593,12.8626418963092,13.9018600979922
612.399999999908,1.56636620733751,2.35200086848536,,,2.68343108501067,3.67939984435375,4.70109335295854,5.83591483868885,7.04357956247556,7.7379501599028,9.1406348005728,10.7838734493851,,,,,10.6837678022654,11.3599485748968,12.7982600339589,13.8948566154801
612.999999999908,1.63512765601388,2.38375427550179,,,2.73597521196652,3.68374039875278,4.77397790343158,5.90312613711278,7.03609171156652,7.72472887023752,9.14362119458924,10.7512480731088,,,,,10.6492988839096,11.3549628734356,12.7338781716087,13.8878531329681
613.599999999908,1.70388910469025,2.41550768251822,,,2.78851933892236,3.68808095315181,4.8468624539046,5.97033743553671,7.02830912732572,7.70815550363133,9.14660758860568,10.7186226968325,,,,,10.6148299655536,11.3499771719744,12.6694963092584,13.8808496504561
614.199999999908,1.77265055336663,2.44726108953464,,,2.84106346587821,3.69242150755084,4.91974700437765,6.03754873396065,7.02038157272383,7.69155325459734,9.14959398262213,10.6859973205562,,,,,10.5803610471975,11.3449914705132,12.6051144469082,13.8738461679441
614.799999999908,1.841412002043,2.47901449655107,,,2.89360759283406,3.69676206194987,4.99263155485069,6.10476003238458,7.01198057342672,7.67512862182205,9.15258037663857,10.6533719442799,,,,,10.5458921288415,11.340005769052,12.5407325845579,13.8668426854321
615.399999999908,1.91017345071937,2.5107679035675,,,2.94615171978991,3.7011026163489,5.06551610532372,6.17197133080851,7.00436696860816,7.65887114861058,9.15556677065501,10.6207465680036,,,,,10.5114232104855,11.3350200675907,12.4763507222077,13.8598392029201
615.999999999908,1.97893489939574,2.54252131058392,,,2.99869584674575,3.70544317074793,5.13840065579675,6.23918262923243,7.00089439368444,7.64511126366242,9.15855316467145,10.5881211917273,,,,,10.4764667227127,11.3300343661295,12.4119688598574,13.852835720408
616.599999999907,2.04769634807212,2.57427471760035,,,3.0512399737016,3.70978372514696,5.22921480125234,6.30639392765636,6.99959533543681,7.63786814512678,9.15838109810988,10.555495815451,,,,,10.4418940040352,11.3334770870527,12.3475869975072,13.845832237896
617.199999999907,2.11742828621593,2.60602812461678,,,3.1214685983677,3.71412427954599,5.28895433096028,6.34224121517578,6.97523051116264,7.63163680081227,9.15577741010014,10.5303728146086,,,,,10.4027611055657,11.3252050010236,12.2832051351569,13.838828755384
617.799999999907,2.12234400569059,2.56738401148479,,,3.20986348245865,3.75012581550309,5.28533192512964,6.33250813743482,6.95275974042523,7.62046265557508,9.03686792765687,10.5305519827201,,,,,10.389926208467,11.3118810431804,12.2689672130661,13.7818468303734
618.399999999907,2.13604459144634,2.52873989834192,,,3.28421503529062,3.78612735146508,5.21883001065782,6.30557395298213,6.92823765641958,7.62421932774829,9.01335360391328,10.4905236957239,,,,,10.3993902735726,11.3092109705016,12.2987354976513,13.7400073572444
618.999999999907,2.14974517720344,2.49009578519906,,,3.35856658812041,3.82212888742707,5.15917892282699,6.27863976852679,6.92018587944194,7.64621915689374,8.98540580243001,10.4504954087214,,,,,10.4078116509033,11.3021582310641,12.3285037822433,13.6981678841177
619.599999999907,2.16344576296055,2.4514516720562,,,3.43291814095021,3.85813042338906,5.09952783499723,6.25170558407144,6.91141528293647,7.67142526308127,8.95745800094606,10.4104671217189,,,,,10.4176422254963,11.295105491626,12.3582720668353,13.6563284109911
620.199999999907,2.17714634871766,2.41280755891334,,,3.50726969378001,3.89413195935105,5.03987674716747,6.2247713996161,6.90178290658428,7.69649092854568,8.92951019946211,10.3704388347164,,,,,10.4274728000896,11.2880527521878,12.3880403514273,13.6144889378644
620.799999999907,2.19084693447476,2.37416344577047,,,3.58162124660981,3.93013349531304,4.98022565933771,6.19783721516075,6.89256927440636,7.7208038044743,8.90156239797815,10.330410547714,,,,,10.4373033746828,11.2810000127497,12.4178086360193,13.5726494647378
621.399999999907,2.20454752023187,2.33551933262761,,,3.65597279943961,3.96613503127503,4.92057457150794,6.17090303070541,6.88400847808902,7.74682519212939,8.87361459649421,10.2903822607115,,,,,10.4471339492761,11.2739472733116,12.4475769206112,13.5308099916111
621.999999999907,2.21824810598898,2.29687521948475,,,3.73032435226941,4.00213656723702,4.86092348367819,6.14396884625006,6.87474523236167,7.77458342613832,8.84566679501025,10.250353973709,,,,,10.4569645238693,11.2668945338734,12.4773452052032,13.4889705184845
622.599999999907,2.23194869174608,2.25823110634189,,,3.8046759050992,4.03813810319901,4.80127239584843,6.11703466179472,6.86472824079292,7.79504716151717,8.8177189935263,10.2103256867065,,,,,10.466994587533,11.2598417944353,12.5071134897952,13.4471310453578
623.199999999906,2.24564927750319,2.21958699319903,,,3.879027457929,4.07413963916101,4.74230235097035,6.09010047733937,6.85204548027412,7.80688416683844,8.80838469680557,10.1702973997041,,,,,10.4765907668681,11.2400514081279,12.5368817743872,13.4052915722312
623.799999999906,2.2571276476374,2.18094288005616,,,3.87394644354147,4.110141175123,4.69650525278258,6.05494941669798,6.85549939981981,7.81271572220156,8.78143393355477,10.1845019541714,,,,,10.4944914508571,11.2094244406077,12.5666500589792,13.3634520991046
624.399999999906,2.29295164251321,2.19959516817602,,,3.78755592326813,4.13234521421684,4.71977049508275,6.00796386643895,6.87437283618202,7.84109202967496,8.84912440646843,10.1641667089359,,,,,10.490517373993,11.1816681773174,12.5961132203507,13.4018406638048
624.999999999906,2.31197463775542,2.21824745630483,,,3.72770376691329,4.15454925330854,4.76859165735915,5.96211752391148,6.90901759345182,7.87750595560953,8.8622906121488,10.1516127189053,,,,,10.5089444562727,11.1622167199699,12.6168365640898,13.4438966470558
625.599999999906,2.330997632995,2.23689974443363,,,3.66785161056259,4.17675329240024,4.83068178710033,5.91627118138419,6.93091219706164,7.8999472537572,8.86297399195081,10.139058728876,,,,,10.5202471228879,11.1594917185948,12.6375599078275,13.4859526303073
626.199999999906,2.35002062823457,2.25555203256243,,,3.6079994542119,4.19895733149193,4.89277191684359,5.87042483885689,6.94717030570926,7.91787164186239,8.86365737175085,10.1265047388466,,,,,10.5290844049619,11.1567667172224,12.6582832515652,13.5280086135589
626.799999999906,2.36904362347415,2.27420432069124,,,3.5481472978612,4.22116137058362,4.95486204658684,5.8245784963296,6.96276291850396,7.93595933244355,8.86434075155091,10.1139507488172,,,,,10.5379216870356,11.1540417158499,12.6790065953028,13.5700645968104
627.399999999906,2.38806661871373,2.29285660882004,,,3.48829514151051,4.24336540967532,5.01695217633011,5.77873215380231,6.97771454457874,7.95588173728941,8.86502413135097,10.1013967587879,,,,,10.5467589691093,11.1513167144775,12.6997299390405,13.612120580062
627.999999999906,2.4070896139533,2.31150889694884,,,3.4284429851598,4.26556944876701,5.07904230607336,5.73288581127502,6.99234093425012,7.97516252672061,8.86570751115101,10.0888427687585,,,,,10.555596251183,11.1485917131051,12.7204532827782,13.6541765633135
628.599999999906,2.42611260919288,2.33016118507765,,,3.36859082880911,4.2877734878587,5.14113243581661,5.68703946874773,7.00794078923786,7.99303541282388,8.86639089095107,10.0762887787292,,,,,10.5644335332567,11.1458667117326,12.7411766265159,13.696232546565
629.199999999906,2.44513560443246,2.34881347320645,,,3.30873867245841,4.3099775269504,5.20322256555986,5.64119312622043,7.0188437033338,8.00849631309393,8.86707427075113,10.0637347886998,,,,,10.5732488589329,11.1431417103602,12.7618999702536,13.7382885298166
629.799999999905,2.46415859967203,2.36746576133525,,,3.24888651610772,4.3321815660421,5.27069834468228,5.59534678369314,7.02740790679729,8.01884132694566,8.85941224624711,10.0511807986705,,,,,10.5774118502174,11.1390002273089,12.7826233139913,13.7803445130681
630.399999999905,2.4826338522047,2.38611804946405,,,3.21469102736355,4.35438560513379,5.3498486837878,5.56267216788163,7.0317494553408,8.02270081061399,8.88547499411072,9.98467593320939,,,,,10.5707511991819,11.1604498587455,12.803346657729,13.8224004963197
630.999999999905,2.5027871235214,2.38872068850553,,,3.2485423831589,4.31899454199804,5.40594363598251,5.56340686854078,7.0239919579138,8.00316329925209,8.91089304857462,9.98167694396174,,,,,10.5650247876781,11.1864575813143,12.828424536135,13.7788777037316
631.599999999905,2.53129984588971,2.39132332754447,,,3.22459103226718,4.28360347885319,5.42990760799371,5.60502069916473,6.9960711575714,7.95737296998039,8.98302609099151,10.0251543748202,,,,,10.541546439035,11.1907322503812,12.8148531255812,13.7009899333633
632.199999999905,2.55981256825934,2.39392596658342,,,3.20063968136633,4.24821241570835,5.41849134639082,5.64663452979514,6.96414734914504,7.90353368754965,9.07291353184801,10.0686318056861,,,,,10.5234326159129,11.1750344237757,12.8012817150213,13.6231021629896
632.799999999905,2.58832529062898,2.39652860562236,,,3.17668833046548,4.21282135256351,5.4070750847823,5.68824836042553,6.9329231598183,7.84568337595479,9.1628009727073,10.1121092365519,,,,,10.5069867773102,11.1593365971671,12.7877103044614,13.5452143926159
633.399999999905,2.61683801299861,2.3991312446613,,,3.15273697956462,4.17743028941867,5.39565882317381,5.72986219105595,6.90214035298161,7.79219318157867,9.2526884135666,10.1555866674178,,,,,10.4905409387078,11.1436387705584,12.7741388939014,13.4673266222422
633.999999999905,2.64535073536824,2.40173388370024,,,3.12878562866377,4.14203922627382,5.38424256156532,5.77147602168635,6.8719422961273,7.73724941612528,9.3425758544259,10.1990640982836,,,,,10.4740951001053,11.1279409439497,12.7605674833415,13.3894388518685
634.599999999905,2.67386345773787,2.40433652273918,,,3.10483427776292,4.10664816312898,5.37282629995681,5.81308985231675,6.84142618672467,7.680654961837,9.4324632952852,10.2425415291495,,,,,10.4576492615029,11.1122431173411,12.7469960727816,13.3115510814948
635.199999999905,2.7023761801075,2.40693916177813,,,3.08088292686207,4.07125709998414,5.36141003834832,5.85470368294716,6.80975705936673,7.62503973555442,9.5223507361445,10.2860189600153,,,,,10.4412034229005,11.0965452907324,12.7334246622217,13.2336633111211
635.799999999905,2.73088890247714,2.40954180081707,,,3.05693157596122,4.0358660368393,5.34999377673982,5.89631751357757,6.78190628672127,7.57346418725678,9.61223817700379,10.3294963908812,,,,,10.4249165317494,11.0808474641238,12.7198532516618,13.1557755407474
636.399999999904,2.75940162484677,2.41214443985601,,,3.03298022506037,4.00047497369446,5.32723853605866,5.93793134420797,6.75760163861353,7.52260705109052,9.70048527444042,10.372973821747,,,,,10.4126313193633,11.0716482598387,12.7062818411018,13.0778877703737
636.999999999904,2.79194339354314,2.41474707889495,,,3.02351492528572,3.96508391054961,5.25871221612972,5.98482900249683,6.73382662383196,7.48845026782281,9.76459259619032,10.4229115290767,,,,,10.4177510529261,11.0558390151541,12.6927104305419,13
637.599999999904,2.75919405980787,2.36266927122242,,,2.93414458290578,3.92858775102672,5.14358985197921,6.04694782498009,6.71442957883884,7.45377337684585,9.78819960332734,10.4357462331953,,,,,10.4422289871816,11.0445085920434,12.6950621374919,13.0317236415274
638.199999999904,2.69525840383008,2.31059146354116,,,2.86400867511795,3.89209159150364,5.07001772402383,6.08282699666926,6.69331608140673,7.42777499769703,9.75438902699527,10.3656316343998,,,,,10.4360022676616,11.0525635353351,12.7182526504777,13.1202863292741
638.799999999904,2.63132274784731,2.25851365585991,,,2.79387276733319,3.85559543198056,5.04732932966456,6.11870616835424,6.67475637146127,7.40850771846599,9.71141790319662,10.2955170355911,,,,,10.4256327249268,11.059193286584,12.7414431634668,13.2088490170298
639.399999999904,2.56738709186455,2.20643584817865,,,2.72373685954844,3.81909927245749,5.02464093531341,6.15458534003923,6.66122591725718,7.39462374634121,9.66844677939653,10.2254024367824,,,,,10.4151861678161,11.0658230378327,12.7646336764559,13.2974117047856
639.999999999904,2.50345143588179,2.15435804049739,,,2.65360095176368,3.78260311293442,5.00195254096228,6.19046451172422,6.64938319538608,7.37493553429798,9.62547565559644,10.1552878379737,,,,,10.4047396107054,11.0724527890813,12.787824189445,13.3859743925413
640.599999999904,2.43951577989902,2.10228023281614,,,2.58346504397892,3.74610695341134,4.97926414661113,6.2263436834092,6.63671849944746,7.35457052761222,9.58250453179634,10.0851732391649,,,,,10.3942930535947,11.07908254033,12.8110147024341,13.474537080297
641.199999999904,2.37558012391626,2.05020242513488,,,2.51332913619416,3.70961079388827,4.95657575225999,6.26222285509419,6.62477267389855,7.33544116763729,9.53953340799625,10.0150586403562,,,,,10.383846496484,11.0857122915786,12.8342052154231,13.5630997680527
641.799999999904,2.3116444679335,1.99812461745362,,,2.4431932284094,3.67311463436519,4.93388735790884,6.29810202677917,6.61322887677158,7.31602629054824,9.49656228419614,9.94494404154752,,,,,10.3733999393733,11.0923420428273,12.8573957284122,13.6516624558085
642.399999999904,2.24770881195073,1.94604680977236,,,2.37305732062465,3.63661847484212,4.9111989635577,6.33398119846416,6.60202068139106,7.30295892951174,9.45359116039605,9.8748294427388,,,,,10.3622936468668,11.0989717940759,12.8805862414013,13.7402251435642
642.999999999903,2.18377315596797,1.89396900209111,,,2.30292141283989,3.60012231531904,4.90737813893234,6.36986037014914,6.59274130594138,7.30330404567792,9.4124187704276,9.80471484393009,,,,,10.3552272506797,11.1083630310062,12.9037767543904,13.8287878313199
643.599999999903,2.11321869844124,1.84189119440985,,,2.23427919729475,3.56362615579597,4.98274140792141,6.41495244051144,6.58485845842418,7.29805230940084,9.38511008267833,9.76040805668676,,,,,10.3186186941235,11.11123344091,12.9269672673795,13.9173505190757
644.199999999903,1.98145530015612,1.84824798919784,,,2.22335229088144,3.51238741436213,5.08898612884908,6.3593433651292,6.56597304893024,7.31383598698189,9.34782328990062,9.72168741166895,,,,,10.2896838249132,11.0982512200607,12.8632892975212,13.9453753567571
644.799999999903,1.87155971391693,1.85460478399523,,,2.22729709296651,3.46114867292592,5.16047832839586,6.29144641367954,6.56744124889996,7.34104913584369,9.32223147650982,9.7847534824292,,,,,10.289704206438,11.0819922069186,12.8155395212738,13.9250875434751
645.399999999903,1.76166412768127,1.86096157879263,,,2.23124189505398,3.4099099314897,5.18516103639403,6.22354946222791,6.58374972483558,7.38120528842362,9.29866294921032,9.84781955320588,,,,,10.3007107841616,11.1039224737138,12.7677897450289,13.9047997301854
645.999999999903,1.65176854144561,1.86731837359003,,,2.23518669714145,3.35867119005349,5.20984374438464,6.15565251077627,6.59757523146567,7.42214707725097,9.27509442191115,9.91088562398254,,,,,10.3129011168883,11.1258527405151,12.7200399687839,13.8845119168956
646.599999999903,1.54187295520995,1.87367516838742,,,2.23913149922891,3.30743244861728,5.23452645237526,6.08775555932463,6.60840152478819,7.46619370417942,9.25152589461197,9.97395169475921,,,,,10.3250914496151,11.1477830073165,12.672290192539,13.8642241036058
647.199999999903,1.43197736897429,1.88003196318482,,,2.24307630131638,3.25619370718106,5.25920916036587,6.01985860787299,6.62018637888052,7.51220749741255,9.2279573673128,10.0370177655359,,,,,10.337281782342,11.1697132741178,12.6245404162941,13.8439362903161
647.799999999903,1.32208178273863,1.88638875798222,,,2.24702110340385,3.20495496574485,5.28389186835649,5.95196165642135,6.63159697868865,7.55811612125604,9.20438884001364,10.1000838363125,,,,,10.3494721150689,11.1916435409192,12.5767906400492,13.8236484770263
648.399999999903,1.21218619650297,1.89274555277962,,,2.25096590549132,3.15371622430864,5.3085745763471,5.88406470496971,6.64300020352879,7.602896009055,9.18082031271445,10.1631499070892,,,,,10.3616624477957,11.2135738077205,12.5290408638043,13.8033606637365
648.999999999903,1.10229061026731,1.89910234757701,,,2.25491070757879,3.10247748287243,5.33325728433772,5.81616775351807,6.65312277705421,7.64276144606236,9.15725178541528,10.2262159778659,,,,,10.374388415335,11.2355040745219,12.4812910875594,13.7830728504468
649.599999999902,0.992395024031646,1.90545914237441,,,2.25885550966626,3.05123874143621,5.33560693594647,5.74827080206644,6.65884225754034,7.67635712335615,9.12842286574035,10.2892820486425,,,,,10.3784627205917,11.2566125151114,12.4335413113145,13.762785037157
650.199999999902,0.884896932181645,1.91181593717181,,,2.26105293092248,3,5.27721164333708,5.68733767739009,6.6664869188525,7.72203015783632,9.09658948225317,10.3074735754498,,,,,10.4135549788626,11.294858631919,12.3857915350696,13.7424972238673
650.799999999902,0.855427534854165,1.92858470832467,,,2.28250853197236,3.09126245782738,5.17436647798303,5.73685890454708,6.69395377608491,7.76765944279038,9.06242987851739,10.327117512058,,,,,10.4080505119781,11.3403288237999,12.3816214251187,13.6853942298517
651.399999999902,0.832521459386801,1.94535347947923,,,2.3033850860957,3.18252491567795,5.08328909174,5.77548708554451,6.72033867497585,7.81170677359125,9.06791791690486,10.3189921121749,,,,,10.410847219157,11.3833097884148,12.3750215368463,13.6218202911402
651.999999999902,0.809615383920506,1.96212225063379,,,2.32426164021895,3.27378737352853,5.00553768672847,5.81411526654017,6.72265475380534,7.84682449595607,9.06950994547247,10.3108667122872,,,,,10.4007999421377,11.3866663754768,12.3684216485735,13.5582463524277
652.599999999902,0.786709308454212,1.97889102178835,,,2.34513819434219,3.3650498313791,4.92778628171909,5.85274344753583,6.72310224242429,7.87840445466359,9.07110197403945,10.3027413123995,,,,,10.3895576301761,11.3900229625323,12.3618217603006,13.4946724137152
653.199999999902,0.763803232987918,1.9956597929429,,,2.36601474846544,3.45631228922967,4.85003487670972,5.8913716285315,6.72633276678356,7.90844298792397,9.07269400260643,10.2946159125119,,,,,10.3783153182143,11.3933795495878,12.3552218720278,13.4310984750027
653.799999999902,0.740897157521623,2.01242856409746,,,2.38689130258869,3.54757474708025,4.77228347170036,5.92999980952716,6.72910493091536,7.9371559422528,9.0742860311734,10.2864905126242,,,,,10.3670730062525,11.3967361366433,12.348621983755,13.3675245362901
654.399999999902,0.717991082055329,2.02919733525202,,,2.40776785671193,3.63883720493082,4.69453206669099,5.96862799052282,6.73220672557503,7.96622388475164,9.07587805974038,10.2783651127365,,,,,10.3558306942908,11.4000927236988,12.3420220954822,13.3039505975776
654.999999999902,0.695085006589034,2.04596610640658,,,2.42864441083518,3.73009966278139,4.61678066168162,6.00725617151848,6.7355345039984,7.99580230671884,9.07747008830736,10.2702397128488,,,,,10.344588382329,11.4034493107543,12.3354222072094,13.2403766588651
655.599999999902,0.672178931122739,2.06273487756114,,,2.44952096495842,3.82136212063197,4.53902925667225,6.04588435251415,6.73642273329373,8.02088379100352,9.07906211687433,10.2621143129612,,,,,10.3334736357801,11.4068058978098,12.3288223189366,13.1768027201526
656.199999999901,0.649272855656446,2.0795036487157,,,2.47039751908167,3.91262457848254,4.47880117811134,6.08451253350981,6.73671271741636,8.03384625733048,9.0855421457545,10.2539889130735,,,,,10.3261685768307,11.3890333146454,12.3222224306638,13.1132287814401
656.799999999901,0.628586400440247,2.09627241987026,,,2.47718645011279,4.00388703633311,4.43590621426958,6.0794352139428,6.73244396264404,8.02075599197127,9.0911250739621,10.2750060498122,,,,,10.308023118604,11.3521963556306,12.3156225423909,13.0496548427276
657.399999999901,0.631150538753924,2.0465032830927,,,2.46911144654933,3.92116047710105,4.46638524927241,6.00249129046845,6.71466253561944,7.97612967672529,9.13414144699238,10.2605140411685,,,,,10.3603936307217,11.3146985864159,12.3453820908242,13.0392618539257
657.999999999901,0.623266387745264,1.99673414630419,,,2.51097583629175,3.83843391784036,4.50968557729832,5.95499092234113,6.6714529355441,7.91118126051262,9.09857380943343,10.1746085576442,,,,,10.3916472676143,11.2785835498113,12.3666918966985,13.0811538643222
658.599999999901,0.615382236734885,1.94696500951568,,,2.55284022604239,3.75570735857968,4.55484847238477,5.90749055421867,6.63785633182609,7.83282128415955,9.09096142889143,10.0887030741082,,,,,10.4232205652901,11.2524664274502,12.3880017025714,13.1230458747273
659.199999999901,0.607498085724505,1.89719587272717,,,2.59470461579303,3.672980799319,4.60001136747152,5.8599901860962,6.6018345778822,7.74683093200661,9.08334904835403,10.0027975905722,,,,,10.4522601524566,11.2263493050908,12.4093115084444,13.1649378851324
659.799999999901,0.599613934714125,1.84742673593866,,,2.63656900554367,3.59025424005832,4.64517426255827,5.81248981797373,6.56527743839604,7.66098528582654,9.07573666781663,9.91689210703617,,,,,10.4812997396226,11.2002321827314,12.4306213143173,13.2068298955375
660.399999999901,0.591729783703745,1.79765759915016,,,2.67843339529431,3.50752768079763,4.69033715764503,5.76498944985127,6.52887246321213,7.57696373405649,9.06812428727922,9.83098662350014,,,,,10.5103393267887,11.174115060372,12.4519311201902,13.2487219059426
660.999999999901,0.583845632693364,1.74788846236165,,,2.72029778504495,3.42480112153696,4.73550005273178,5.7174890817288,6.49196442412909,7.49157481666213,9.06051190674182,9.74508113996412,,,,,10.5393789139548,11.1479979380126,12.4732409260632,13.2906139163478
661.599999999901,0.575961481682985,1.69811932557314,,,2.76216217479558,3.34207456227627,4.78066294781853,5.66998871360633,6.45520965295024,7.4063246021176,9.05289952620442,9.6591756564281,,,,,10.5684185011208,11.1218808156532,12.4945507319361,13.3325059267529
662.199999999901,0.568077330672604,1.64835018878463,,,2.80402656454622,3.25934800301559,4.82582584290529,5.62248834548386,6.42174937277438,7.32713353185364,9.04528714566702,9.57327017289208,,,,,10.597386138461,11.0957636932937,12.515860537809,13.374397937158
662.7999999999,0.560193179662224,1.59858105199613,,,2.84589095429686,3.17662144375491,4.86344430648371,5.5749879773614,6.39532396244706,7.26100950404689,9.03955635433835,9.48736468935606,,,,,10.6288535598736,11.0994910641708,12.537170343682,13.4162899475631
663.3999999999,0.546393115307364,1.54881191520762,,,2.91753172326977,3.09389488449423,4.88757266737087,5.5659391167123,6.3819330874294,7.21984701966573,9.01632505273212,9.39806484469008,,,,,10.6515634305426,11.118245457532,12.5584801495549,13.4581819579682
663.9999999999,0.524373413050209,1.54807136166111,,,2.95812548646924,3.12940167710321,4.86573344670454,5.58347226984144,6.36931630203261,7.21282531083212,8.96812085707176,9.37493143870136,,,,,10.6591505689496,11.1443012499063,12.5588541378959,13.54173153663
664.5999999999,0.51910504517226,1.54733080812274,,,2.93446539243393,3.16490846973185,4.82992229531716,5.58818868759356,6.37708131610485,7.23139129294191,9.03085109919497,9.4349940780784,,,,,10.6966290421578,11.1637642447266,12.5456837155226,13.5646071484839
665.1999999999,0.513836677297096,1.54659025458438,,,2.91080529838794,3.20041526236048,4.80929709513082,5.59290510534355,6.39428369649443,7.26399918783842,9.0483006761928,9.49505671746928,,,,,10.7349925797668,11.1719543891524,12.5325132931471,13.5874827603276
665.7999999999,0.508568309421935,1.54584970104601,,,2.88714520434194,3.23592205498911,4.78867189494701,5.59762152309354,6.42054596511966,7.30574565039477,9.0657502531831,9.55511935686017,,,,,10.7779307238253,11.1801445335763,12.5193428707715,13.6103583721714
666.3999999999,0.503299941546771,1.54510914750765,,,2.86348511029595,3.27142884761775,4.76804669476321,5.60233794084354,6.44619078114269,7.35174930232571,9.08319983017339,9.61518199625105,,,,,10.8208688678845,11.1883346780002,12.506172448396,13.6332339840152
666.9999999999,0.498031573671608,1.54436859396928,,,2.83982501624996,3.30693564024638,4.74742149457942,5.60705435859353,6.47107851741449,7.39559853397505,9.10064940716368,9.67524463564193,,,,,10.8638070119438,11.1965248224241,12.4930020260204,13.6561095958589
667.5999999999,0.492763205796444,1.54362804043092,,,2.81616492220397,3.34244243287501,4.72679629439561,5.61177077634352,6.49595701940979,7.44055430674729,9.11809898415398,9.73530727503282,,,,,10.9067451560031,11.204714966848,12.4798316036448,13.6789852077027
668.1999999999,0.487494837921281,1.54288748689255,,,2.79250482815798,3.37794922550364,4.70617109421179,5.61648719409352,6.52006717768766,7.48599725462107,9.13554856114428,9.79536991442371,,,,,10.9496833000623,11.2129051112719,12.4666611812693,13.7018608195464
668.7999999999,0.482226470046117,1.54214693335419,,,2.76884473411198,3.41345601813228,4.685545894028,5.62120361184351,6.5456350578047,7.52780640270337,9.15299813813457,9.85543255381458,,,,,10.9921437541215,11.2210952556959,12.4534907588937,13.7247364313902
669.399999999899,0.476958102170955,1.54140637981582,,,2.74518464006599,3.44896281076091,4.65362188179481,5.6259200295935,6.56920235968051,7.57253884248676,9.16119512346885,9.91549519320547,,,,,11.0300132310779,11.2110417380023,12.4403203365182,13.747612043234
669.999999999899,0.480158344462186,1.54066582627746,,,2.6929938009993,3.48446960338954,4.64157292905166,5.64852121761356,6.56990664613122,7.61118229515986,9.20406441720014,9.95848417079838,,,,,11.0861086866827,11.1858149035904,12.4271499141426,13.7704876550777
670.599999999899,0.503710322299095,1.62712177389811,,,2.67509979612602,3.59025341261016,4.67433821042018,5.71490594520604,6.57179939236586,7.62941121162528,9.24835149267987,9.97204780975156,,,,,11.0557630432758,11.1534157198344,12.3971171131921,13.7048377153752
671.199999999899,0.508857865326705,1.71357772153341,,,2.71029835085876,3.69603722184257,4.74059654575357,5.79977045636958,6.56533860249898,7.63651879490796,9.18166015981505,9.92109727378085,,,,,10.9574606605005,11.132612390951,12.3731800300357,13.6959374211031
671.799999999899,0.514005408351222,1.8000336691687,,,2.74549690560042,3.80182103107499,4.79468915225701,5.88463496753622,6.558680030312,7.65625126411744,9.13932742657796,9.87014673779932,,,,,10.8786593557743,11.1513432399566,12.3492429468803,13.6870371268405
672.399999999899,0.519152951375742,1.88648961680399,,,2.78069546034207,3.90760484030741,4.84878175875839,5.96949947870286,6.54800709256946,7.68126658602667,9.09699469334495,9.81919620181779,,,,,10.796188944317,11.1700740889688,12.3253058637249,13.6781368325778
672.999999999899,0.524300494400261,1.97294556443929,,,2.81589401508373,4.01338864953982,4.90287436525976,6.05436398986951,6.53640678547622,7.70078250512632,9.05466196011194,9.76824566583625,,,,,10.7137185328591,11.1888049379811,12.3013687805694,13.6692365383152
673.599999999899,0.529448037424781,2.05940151207458,,,2.85109256982539,4.11917245877223,4.95696697176116,6.13922850103615,6.52537322667763,7.72031517214784,9.01232922687895,9.71729512985472,,,,,10.6312481214011,11.2075357869933,12.277431697414,13.6603362440526
674.199999999899,0.5345955804493,2.14585745970987,,,2.88629112456705,4.22495626800465,5.01105957826253,6.22409301220279,6.51499147625314,7.74098552964991,8.96999649364594,9.66634459387319,,,,,10.5487777099432,11.2262666360056,12.2534946142586,13.6514359497899
674.799999999899,0.539743123473819,2.23231340734516,,,2.9214896793087,4.33074007723707,5.06515218476391,6.30895752336944,6.50552189244203,7.76334061041015,8.92766376041293,9.61539405789164,,,,,10.4663072984853,11.2449974850178,12.2295575311032,13.6425356555273
675.399999999899,0.544890666498339,2.31876935498046,,,2.95668823405036,4.43652388646948,5.11924479126528,6.39382203453608,6.49154286504965,7.78315162156401,8.88533102717992,9.56444352191011,,,,,10.384285435983,11.26372833403,12.2056204479478,13.6336353612647
675.999999999898,0.550038209522858,2.40522530261575,,,2.99188678879202,4.5423076957019,5.19522018140361,6.47868654570272,6.47036360131143,7.78941824629352,8.84958270832946,9.51349298592858,,,,,10.3071840832714,11.2956857235891,12.1816833647923,13.624735067002
676.599999999898,0.548744280665357,2.49168125025104,,,3.04253350195078,4.64809150493431,5.25836183146711,6.52461525890465,6.4646772103749,7.78815442510976,8.77817918054079,9.52495811512556,,,,,10.2028204109935,11.3335858142076,12.1577462816369,13.6158347727394
677.199999999898,0.567751197640873,2.49995358284518,,,3.11110519178887,4.54935782040249,5.33291134722627,6.53262314755817,6.4808360666853,7.80167358082901,8.74585474157744,9.52266340872961,,,,,10.2066845043539,11.3745002427907,12.1988645716054,13.6914301333867
677.799999999898,0.604327182797015,2.50822591542608,,,3.16915967992403,4.45062413583602,5.41072209971513,6.51704711757044,6.50902180122894,7.8200683821048,8.82354247768016,9.57945172718178,,,,,10.2854514197935,11.4055516306505,12.257550518661,13.7103711211897
678.399999999898,0.64090316795614,2.51649824800698,,,3.22721416805739,4.35189045126956,5.48278812764289,6.50147108757871,6.51981476741238,7.80505329404423,8.90173862082328,9.63624004564398,,,,,10.3386002556484,11.4080236666711,12.3162364657195,13.7293121089832
678.999999999898,0.677479153115262,2.52477058058787,,,3.28526865619076,4.25315676670309,5.55485415556966,6.48589505758698,6.52836688905949,7.78317345112695,8.97993476396649,9.69302836410617,,,,,10.3938386920113,11.4104957026868,12.3749224127781,13.7482530967767
679.599999999898,0.714055138274385,2.53304291316877,,,3.34332314432413,4.15442308213662,5.62692018349645,6.47031902759526,6.53805407812205,7.76486501191003,9.05813090710969,9.74981668256836,,,,,10.4490771283746,11.4129677387026,12.4336083598366,13.7671940845701
680.199999999898,0.750631123433507,2.54131524574966,,,3.4013776324575,4.05568939757016,5.69898621142323,6.45474299760352,6.54816639033934,7.74901347297546,9.13632705025289,9.80660500103055,,,,,10.504315564738,11.4154397747183,12.4922943068952,13.7861350723636
680.799999999898,0.78720710859263,2.54958757833056,,,3.45943212059087,3.95695571300369,5.77105223935001,6.43916696761179,6.55784634091,7.73095827036592,9.21452319339611,9.86339331949275,,,,,10.5595540011013,11.417911810734,12.5509802539537,13.8050760601571
681.399999999898,0.823783093751753,2.55785991091145,,,3.51748660872424,3.85822202843723,5.8431182672768,6.42359093762006,6.56692283348174,7.70723151609625,9.29271933653932,9.92018163795493,,,,,10.6147924374646,11.4203838467498,12.6096662010123,13.8240170479505
681.999999999898,0.860359078910875,2.56613224349235,,,3.57554109685761,3.75948834387076,5.91518429520358,6.40801490762833,6.57899412255432,7.68905063440031,9.37091547968252,9.97696995641713,,,,,10.6699388541878,11.4228558827655,12.6683521480708,13.842958035744
682.599999999897,0.896935064069999,2.57440457607325,,,3.63359558499097,3.66075465930429,5.95407559236661,6.3924388776366,6.59703639355596,7.68345133343207,9.44924931427192,10.0337582748793,,,,,10.7224260855483,11.4026799594577,12.7270380951294,13.8618990235375
683.199999999897,0.934979854336854,2.58267690865414,,,3.67022784703008,3.56202097473783,6.00875357729678,6.38410373248597,6.61186585581394,7.67436612267622,9.54440607810086,10.0820115695681,,,,,10.7967845657976,11.3888488181234,12.7857240421879,13.8808400113309
683.799999999897,0.891058259277108,2.49076537255609,,,3.64980783760141,3.55125509825084,5.98359215719629,6.35804010014401,6.58778729885336,7.64701050394464,9.58530794317014,10.0869763049854,,,,,10.7771806668892,11.3750521480873,12.7532761324077,13.7748067006592
684.399999999897,0.824321642536157,2.39885383644091,,,3.54220101431493,3.54048922177891,5.88184817657665,6.30699346836895,6.54564413452018,7.59421582813201,9.55240506671133,10.0384152581551,,,,,10.7243495982877,11.3604101327967,12.6994822881922,13.7175437647869
684.999999999897,0.757585025791298,2.30694230032572,,,3.43459419101353,3.52972334530698,5.80690997924876,6.2559468365896,6.51489718097823,7.5611702497979,9.50457635834647,9.9898542113155,,,,,10.6756793223133,11.3571731020006,12.645688443973,13.660280828923
685.599999999897,0.690848409046439,2.21503076421053,,,3.32698736771212,3.51895746883504,5.73197178192549,6.20490020481025,6.48658713298926,7.53113593255356,9.45674764997905,9.94129316447596,,,,,10.6253786886379,11.3539360712065,12.5918945997538,13.6030178930591
686.199999999897,0.624111792301582,2.12311922809534,,,3.21938054441071,3.50819159236311,5.65703358460221,6.15385357303091,6.45776444920317,7.49780197878494,9.40891894161162,9.89273211763642,,,,,10.5750780549623,11.3506990404124,12.5381007555346,13.5457549571952
686.799999999897,0.557375175556723,2.03120769198015,,,3.1117737211093,3.49742571589117,5.58209538727892,6.10280694125156,6.42833533444908,7.46180866323159,9.36109023324421,9.84417107079687,,,,,10.5247774212867,11.3474620096182,12.4843069113154,13.4884920213313
687.399999999897,0.490638558811863,1.93929615586496,,,3.00416689780789,3.48665983941924,5.50715718995564,6.05176030947222,6.39916877135423,7.42667796473319,9.31326152487677,9.79561002395733,,,,,10.4744767876111,11.3442249788241,12.4305130670962,13.4312290854674
687.999999999897,0.423901942067004,1.84738461974978,,,2.89656007450648,3.47589396294731,5.43221899263236,6.00071367769287,6.37051367236136,7.39769202416013,9.26543281650935,9.74704897711778,,,,,10.4241761539354,11.3409879480299,12.376719222877,13.3739661496034
688.599999999897,0.357165325322147,1.75547308363459,,,2.78895325120508,3.46512808647537,5.35728079530907,5.94966704591353,6.34014738416543,7.36919110885305,9.21760410814193,9.69848793027823,,,,,10.3742259613722,11.3377509172358,12.3229253786578,13.3167032137395
689.199999999896,0.290428708577287,1.6635615475194,,,2.68134642790367,3.45436221000344,5.31366816144068,5.89862041413418,6.31007124672094,7.33610564410535,9.16980833056055,9.64992688343869,,,,,10.3227179408501,11.3544100008633,12.2691315344386,13.2594402778756
689.799999999896,0.224650153896421,1.57165001140421,,,2.594487599937,3.44359633353151,5.24281254471415,5.83675165155779,6.27804492616354,7.31184902200715,9.11382789757407,9.51424165542906,,,,,10.2677369613521,11.3644071004379,12.2153376902194,13.2021773420117
690.399999999896,0.21478914823335,1.57739781770424,,,2.53283800099872,3.53826945969928,5.20149937119725,5.75010603981273,6.26395285241367,7.29748527883476,9.07258182860576,9.48642630753971,,,,,10.2837626732915,11.3705574491309,12.2291127673244,13.2352919048436
690.999999999896,0.219932650301735,1.58314562402115,,,2.50225582268284,3.63294258588527,5.24988592534544,5.74184374352893,6.27069210355431,7.32316596518116,9.04261147392312,9.494831850996,,,,,10.3276517949417,11.3765500073573,12.2593011138518,13.2341105513049
691.599999999896,0.225076152372716,1.58889343033806,,,2.47167364437233,3.72761571207126,5.27752738125875,5.7335814472587,6.28687948858505,7.36181202127554,9.04094659003427,9.50323739445855,,,,,10.3853116995565,11.371481316366,12.2894894603821,13.2329291977603
692.199999999896,0.230219654443696,1.59464123665497,,,2.44109146606183,3.82228883825725,5.30516883716846,5.72531915098847,6.30217995440648,7.40011966915681,9.03928170615033,9.5116429379211,,,,,10.4440490460023,11.3664126253729,12.3196778069124,13.2317478442157
692.799999999896,0.235363156514676,1.60038904297188,,,2.41050928775132,3.91696196444324,5.33281029307818,5.71705685471824,6.3178898912981,7.44227833948177,9.03761682226638,9.52004848138366,,,,,10.5027863924484,11.3613439343797,12.3498661534426,13.230566490671
693.399999999896,0.240506658585658,1.60613684928879,,,2.37992710944081,4.01163509062923,5.3604517489879,5.708794558448,6.33409446225907,7.4857253963721,9.03595193838244,9.52845402484621,,,,,10.5615237388944,11.3562752433866,12.3800544999729,13.2293851371264
693.999999999896,0.245650160656638,1.6118846556057,,,2.3493449311303,4.10630821681522,5.38809320489761,5.70053226217777,6.35015002218522,7.53016222618889,9.03428705449849,9.53685956830877,,,,,10.6202610853404,11.3512065523934,12.4102428465032,13.2282037835817
694.599999999896,0.250793662727619,1.61763246192261,,,2.31876275281979,4.20098134300122,5.41573466080733,5.69226996590754,6.36622971237331,7.57102232144286,9.03262217061456,9.54526511177133,,,,,10.6789984317865,11.3461378614003,12.4404311930335,13.2270224300371
695.199999999896,0.255937164798599,1.62338026823952,,,2.28818057450928,4.29565446918721,5.44337611671704,5.6840076696373,6.38675906274665,7.60855946603476,9.03095728673061,9.55367065523388,,,,,10.7369284855455,11.3410691704071,12.4706195395638,13.2258410764925
695.799999999895,0.26108066686958,1.62912807455642,,,2.25759839619877,4.3903275953732,5.47550626362872,5.67574537336707,6.39739159289147,7.6425381172312,9.030956735792,9.56207619869643,,,,,10.7954740891173,11.3291364085698,12.500807886094,13.2246597229479
696.399999999895,0.267847397853691,1.63487588087333,,,2.25927868379019,4.48500072155919,5.54095342127153,5.69541181270451,6.4118440129743,7.68159470017918,9.07173712497544,9.65898296141084,,,,,10.8376046973443,11.316283293527,12.5309962326243,13.2234783694032
696.999999999895,0.306715239275895,1.6837631735577,,,2.28209919993058,4.45934635096326,5.64840762697452,5.79284926027176,6.44073487970269,7.7304973868293,9.15001788229772,9.73422781498245,,,,,10.8460231354926,11.3065519351356,12.5520533523257,13.2666881497363
697.599999999895,0.353011030374222,1.73265046624959,,,2.39806525542783,4.43369198034632,5.70386968280238,5.86333497975277,6.45269285218142,7.7505087924285,9.22718478539567,9.76990373974167,,,,,10.8377985509941,11.3052140473655,12.5700870795967,13.3645687148372
698.199999999895,0.399306821473846,1.78153775894149,,,2.51403131094136,4.40803760972939,5.7368552803198,5.93382069922908,6.44407435000759,7.75686616092354,9.27311626703259,9.80557966449396,,,,,10.8179622562587,11.2818465444696,12.5881208068673,13.4624492799476
698.799999999895,0.44560261257347,1.83042505163338,,,2.62999736645489,4.38238323911246,5.76984087783329,6.00430641870539,6.43396563353587,7.75690793734189,9.31904774866404,9.84125558924627,,,,,10.7990639603642,11.2584790415699,12.6061545341378,13.560329845058
699.399999999895,0.491898403673094,1.87931234432527,,,2.74596342196842,4.35672886849552,5.80282647534679,6.0747921381817,6.42367118712178,7.75447545941326,9.3649792302955,9.87693151399857,,,,,10.7801656644698,11.2351115386703,12.6241882614083,13.6582104101685
699.999999999895,0.53819419477272,1.92819963701717,,,2.86192947748194,4.33107449787859,5.83581207286028,6.145277857658,6.41340506202843,7.75380561832512,9.41091071192696,9.91260743875088,,,,,10.7612673685755,11.2117440357706,12.6422219886789,13.7560909752789
700.599999999895,0.584489985872344,1.97708692970906,,,2.97789553299547,4.30542012726166,5.86879767037378,6.2157635771343,6.40263574009541,7.75197499265571,9.45684219355841,9.94828336350318,,,,,10.7423690726811,11.1883765328709,12.6602557159494,13.8539715403893
701.199999999895,0.630785776971968,2.02597422240095,,,3.093861588509,4.27976575664473,5.90178326788726,6.28624929661062,6.3911744292296,7.74983823915519,9.50277367518987,9.98395928825548,,,,,10.7234707767868,11.1650090299712,12.67828944322,13.9518521054998
701.799999999895,0.677081568071593,2.07486151509285,,,3.20982764402252,4.2541113860278,5.93476886540077,6.35673501608692,6.37265813476765,7.74813165560664,9.54870515682133,10.0196352130078,,,,,10.704947395936,11.1416415270715,12.6963231704905,14.0497326706102
702.399999999894,0.723377359171218,2.12374880778474,,,3.32579369953605,4.22845701541086,5.94887758019904,6.42722073556323,6.37156471374767,7.75014954038271,9.59278385837722,10.0553111377601,,,,,10.6934109424348,11.1280443451882,12.714356897761,14.1476132357206
702.999999999894,0.770402151996056,2.17263610047663,,,3.3863638017634,4.20280264479393,5.91403585151701,6.49146561847554,6.37014955057757,7.73491332831518,9.59363921989946,10.0478789353575,,,,,10.7076308683838,11.1170791710826,12.7323906250316,14.2454938008311
703.599999999894,0.748536930039222,2.16708042825619,,,3.38688130634063,4.13390962833661,5.80274051702759,6.51804170694447,6.34639722795059,7.69614492043651,9.55990059723772,9.95862275836298,,,,,10.7096189254955,11.100663035843,12.7333746728411,14.2837941963601
704.199999999894,0.715708694874515,2.16152475602616,,,3.3173892699143,4.06501661187166,5.68067086093996,6.50861252881327,6.32224126212946,7.66534205175291,9.49915129097245,9.87788574895005,,,,,10.6795612808077,11.0813185486669,12.7144545150386,14.240066340981
704.799999999894,0.682880459707873,2.15596908379612,,,3.24789723347562,3.99612359540672,5.58722972898601,6.49918335067571,6.31366330104377,7.62433936511053,9.45169416384674,9.79714873953862,,,,,10.6456615830219,11.0927727392807,12.6955343572326,14.1963384855875
705.399999999894,0.65005222454123,2.15041341156609,,,3.17840519703694,3.92723057894177,5.49378859703709,6.48975417253815,6.31228845207585,7.58756502444568,9.40423703672339,9.7164117301272,,,,,10.6102305016777,11.1042269298999,12.6766141994267,14.1526106301939
705.999999999894,0.617223989374589,2.14485773933605,,,3.10891316059826,3.85833756247682,5.40034746508818,6.4803249944006,6.31135216594451,7.55036355378824,9.35677990960003,9.63567472071576,,,,,10.5747994203332,11.1156811205191,12.6576940416207,14.1088827748003
706.599999999894,0.584395754207946,2.13930206710602,,,3.03942112415958,3.78944454601188,5.30690633313928,6.47089581626305,6.30977043070421,7.50766247178842,9.30932278247668,9.55493771130434,,,,,10.5393683389887,11.1271353111383,12.6387738838147,14.0651549194068
707.199999999894,0.551567519041304,2.13374639487598,,,2.96992908772089,3.72055152954694,5.21346520119036,6.46146663812548,6.30875533177287,7.46480307616374,9.26186565535333,9.47420070189291,,,,,10.5039372576442,11.1385895017576,12.6198537260088,14.0214270640132
707.799999999894,0.518739283874662,2.12819072264594,,,2.90043705128221,3.65165851308199,5.12002406924146,6.45203745998793,6.30737376664401,7.42298455074056,9.21440852822996,9.39346369248148,,,,,10.4685061762997,11.1500436923768,12.6009335682028,13.9776992086196
708.399999999894,0.48591104870802,2.12263505041591,,,2.83094501484354,3.58276549661704,5.02658293729255,6.44260828185037,6.31242463896734,7.38353355712158,9.16695140110661,9.31272668307004,,,,,10.4331805322245,11.161497882996,12.5820134103968,13.9339713532261
708.999999999893,0.453082813541377,2.11707937818587,,,2.76145297840486,3.5138724801521,4.92353329324944,6.43317910371282,6.30847287029136,7.34830148720324,9.11547330257961,9.23198967365862,,,,,10.3900726961921,11.1625381172409,12.5630932525908,13.8902434978325
709.599999999893,0.416537819900204,2.11152370595584,,,2.69630196176887,3.44497946368715,4.85424535816778,6.41764557736936,6.30738580439358,7.32404828869692,9.06541028633873,9.17173540493381,,,,,10.3282998607644,11.1626707845016,12.5441730947849,13.8465156424389
710.199999999893,0.39424843352122,2.06579701563409,,,2.72672130459094,3.4560050344527,4.8241464881279,6.33160766764787,6.31569710734165,7.32027431655805,8.96747119447148,9.1659977298041,,,,,10.2687681553577,11.1660049716909,12.4846499901703,13.7675405092742
710.799999999893,0.354658996562704,2.0200703253052,,,2.7457323173011,3.46703060523246,4.78068116263665,6.23430275063983,6.33582325355478,7.3230949652207,8.9244606552583,9.22136485917787,,,,,10.2515032896465,11.1687789972353,12.4650234543082,13.7516683734686
711.399999999893,0.315069559601111,1.97434363497631,,,2.76474333000923,3.47805617601223,4.72154838583407,6.13699783362978,6.35706080026373,7.34042543826219,8.88956736956051,9.27673198856251,,,,,10.2527127297171,11.1655235713874,12.4453969184531,13.7357962376743
711.999999999893,0.275480122639519,1.92861694464741,,,2.78375434271735,3.48908174679199,4.6624156090287,6.03969291661974,6.36984087715651,7.35763069911505,8.85467408386416,9.33209911794716,,,,,10.2536459991818,11.1622681455384,12.425770382598,13.7199241018799
712.599999999893,0.235890685677924,1.88289025431852,,,2.80276535542548,3.50010731757176,4.60328283222333,5.94238799960969,6.38156102456104,7.37343883857325,8.81978079816781,9.3874662473318,,,,,10.2545792686465,11.1590127196893,12.406143846743,13.7040519660855
713.199999999893,0.19630124871633,1.83716356398963,,,2.82177636813361,3.51113288835152,4.54415005541795,5.84508308259965,6.39366049084934,7.39292242926791,8.78488751247146,9.44283337671644,,,,,10.2555125381112,11.1557572938403,12.3865173108879,13.6881798302911
713.799999999893,0.156711811754737,1.79143687366073,,,2.84078738084174,3.52215845913129,4.48501727861259,5.7477781655896,6.40551340505498,7.41296040096349,8.74999422677511,9.49820050610108,,,,,10.2564458075759,11.1525018679913,12.3668907750329,13.6723076944967
714.399999999893,0.117122374793143,1.74571018333184,,,2.85979839354987,3.53318402991105,4.42588450180722,5.65047324857956,6.41858135754984,7.43507738111851,8.71510094107876,9.55356763548572,,,,,10.2573790770406,11.1492464421423,12.3472642391778,13.6564355587024
714.999999999893,0.0775329378315496,1.69998349300295,,,2.878809406258,3.54420960069081,4.36675172500185,5.55316833156951,6.42787177707443,7.45422779244485,8.68020765538241,9.60893476487036,,,,,10.2583658089909,11.1459910162933,12.3276377033228,13.640563422908
715.599999999892,0.0379435008699559,1.65425680267405,,,2.89782041896612,3.55523517147058,4.33144084105779,5.45586341455947,6.43468184657719,7.46054076427356,8.65488642577023,9.66430189425501,,,,,10.2595419686426,11.1387121778847,12.3080111674677,13.6246912871136
716.199999999892,0.000982063118730503,1.60853011234516,,,2.92560012880451,3.56626074225034,4.28972862242265,5.32444223352299,6.43280962894979,7.46345642053459,8.62565203996624,9.68946320444651,,,,,10.2699588676837,11.1321845128345,12.2883846316126,13.6088191513192
716.799999999892,0,1.62503666169588,,,2.88423813842565,3.59203672666477,4.29366476146473,5.33889104829561,6.44313761398223,7.4746506096541,8.70193749174503,9.72130624395887,,,,,10.3522549126412,11.136065200192,12.3338763799486,13.6329336645576
717.399999999892,0.0328201762646724,1.64154321105777,,,2.82654530353769,3.61781271108185,4.39575261909681,5.36445007213059,6.45730904219269,7.48433954172569,8.75547544566779,9.70774322621472,,,,,10.4432466214902,11.1370146301088,12.3313634288618,13.6497104283339
717.999999999892,0.0656403525354177,1.65804976041965,,,2.7688524686468,3.64358869549892,4.50618599046897,5.39000909596756,6.4532868695909,7.48999685812899,8.79153678665848,9.69418020846242,,,,,10.5194199510772,11.1249969070236,12.3288504777664,13.666487192109
718.599999999892,0.0984605288061642,1.67455630978154,,,2.71115963375591,3.669364679916,4.61661936184265,5.41556811980453,6.45073970990134,7.4971443051095,8.82759812764602,9.68061719071011,,,,,10.5975942667028,11.1129791839361,12.326337526671,13.683263955884
719.199999999892,0.131280705076908,1.69106285914343,,,2.65346679886501,3.69514066433308,4.72705273321633,5.4411271436415,6.4507944439471,7.50837603244099,8.86365946863356,9.66705417295782,,,,,10.6757685823288,11.1009614608486,12.3238245755756,13.7000407196591
719.799999999892,0.164100881347656,1.70756940850531,,,2.59577396397411,3.72091664875016,4.83748610459001,5.46668616747848,6.45113294847746,7.51953417470332,8.89972080962111,9.65349115520552,,,,,10.7539428979548,11.0889437377611,12.3213116244801,13.7168174834341
720.399999999892,0.1969210576184,1.7240759578672,,,2.53808112908322,3.74669263316723,4.94791947596369,5.49224519131545,6.45124806268381,7.53052408386622,8.93578215060865,9.63992813745321,,,,,10.8321172135808,11.0769260146736,12.3187986733847,13.7335942472091
720.999999999892,0.229741233889145,1.74058250722908,,,2.48038829419233,3.77246861758431,5.05835284733735,5.51780421515242,6.4509347875562,7.53967825486039,8.9718434915962,9.62636511970091,,,,,10.9102915292068,11.0649082915862,12.3162857222893,13.7503710109842
721.599999999892,0.262561410159889,1.75708905659097,,,2.42269545930143,3.79824460200139,5.16878621871103,5.54336323898939,6.45295002306205,7.55275958848298,9.00790483258374,9.61280210194861,,,,,10.9886367739475,11.0528905684987,12.3137727711939,13.7671477747592
722.199999999891,0.295381586430636,1.77359560595286,,,2.36500262441054,3.82402058641846,5.28038253117685,5.56892226282637,6.46557586687526,7.5856230431779,9.03013002786313,9.59923908419631,,,,,11.0741402953902,11.0606043647807,12.3112598200984,13.7839245385343
722.799999999891,0.328802613021576,1.79010215531474,,,2.33156479324813,3.84979657083554,5.39428301442141,5.66883971803111,6.48540135317116,7.62913793752856,9.0975477131197,9.62323502495458,,,,,11.1522758898336,11.060464536438,12.308746869003,13.8007013023093
723.399999999891,0.38532788766514,1.81183912460555,,,2.32668474827951,3.90583879644068,5.47209058233838,5.72096540517175,6.48307315741848,7.64400150326025,9.07904929783679,9.68208024060357,,,,,11.1339102462852,11.0431551823927,12.2754587765262,13.7834168406761
723.999999999891,0.439204447080865,1.8335760938973,,,2.43763167216998,3.9618810220513,5.47085351254762,5.83107748497598,6.47010818481227,7.66673782479589,9.06142037634565,9.81571005147496,,,,,11.056873846312,11.0269484728056,12.2649137479987,13.7361616158804
724.599999999891,0.493081006496111,1.85531306318904,,,2.54857859608145,4.01792324766192,5.48049636062113,5.94118956479072,6.48122470917982,7.69489443530117,9.06351032492942,9.94933986235992,,,,,10.9966842108594,11.0398417621664,12.2543687194753,13.6889063910793
725.199999999891,0.546957565911356,1.87705003248079,,,2.65952551999292,4.07396547327254,5.49013920869663,6.05130164460546,6.49816866554383,7.72293791650829,9.06560027351676,10.0829696732449,,,,,10.9342825488202,11.0527350515325,12.243823690952,13.6416511662782
725.799999999891,0.600834125326601,1.89878700177254,,,2.77047244390439,4.13000769888316,5.49978205677213,6.16141372442021,6.51287086582924,7.74651979386879,9.06769022210409,10.2165994841298,,,,,10.8718808867807,11.0656283408986,12.2332786624287,13.5943959414771
726.399999999891,0.654710684741847,1.92052397106429,,,2.88141936781586,4.18604992449378,5.50942490484763,6.27152580423495,6.52657688840855,7.77045898729601,9.06978017069144,10.3502292950148,,,,,10.8094792247411,11.0785216302648,12.2227336339053,13.5471407166759
726.999999999891,0.708587244157093,1.94226094035604,,,2.99236629172733,4.2420921501044,5.51906775292313,6.3816378840497,6.54124036247978,7.79402617891272,9.07187011927878,10.4838591058997,,,,,10.7470775627016,11.0914149196309,12.212188605382,13.4998854918748
727.599999999891,0.762463803572339,1.96399790964779,,,3.1033132156388,4.29813437571503,5.52871060099862,6.49174996386444,6.55604957183624,7.81903801159583,9.07396006786612,10.6174889167847,,,,,10.684675900662,11.104308208997,12.2016435768586,13.4526302670737
728.199999999891,0.816340362987582,1.98573487893954,,,3.21426013955027,4.35417660132565,5.53835344907411,6.60186204367918,6.57167925057304,7.84152894253638,9.07605001645346,10.7511187276696,,,,,10.6220372695664,11.1172014983631,12.1910985483353,13.4053750422726
728.79999999989,0.870216922402828,2.00747184823129,,,3.32520706346174,4.41021882693627,5.5366704667073,6.71197412349393,6.57430844203982,7.84565551055003,9.08822081331667,10.8847485385546,,,,,10.5517516771799,11.110697135135,12.1805535198119,13.3581198174714
729.39999999989,0.919820557253275,2.02920881752304,,,3.40045296982391,4.46626105254689,5.5458002247487,6.76949747490123,6.56710140978223,7.83790452399442,9.06483003331906,11.0059343448952,,,,,10.4885278685113,11.1007390839094,12.1700084912886,13.3108645926703
729.99999999989,0.932298495343054,2.08391090633362,,,3.44802411525254,4.44811137012428,5.54420277013932,6.73390644155814,6.57904888110889,7.86229046407934,9.11209860605894,11.0400557148955,,,,,10.5019181563223,11.1065744970424,12.2009674242206,13.3205416419054
730.59999999989,0.941326627784037,2.13861299515023,,,3.41002924616707,4.42996168768811,5.54549658884314,6.70284891493617,6.59575086132693,7.8768117937554,9.18629480406379,10.9591049700396,,,,,10.5558361122202,11.1199632116247,12.2512499318899,13.3431792352799
731.19999999989,0.950354760224389,2.19331508396684,,,3.37203437706594,4.41181200525193,5.54116686420296,6.67179138831502,6.59446238141168,7.8829152819116,9.25279210377671,10.8781542251627,,,,,10.5893185676891,11.1170203900291,12.3015324395628,13.3658168286568
731.79999999989,0.959382892664739,2.24801717278344,,,3.3340395079648,4.39366232281575,5.53683713956176,6.64073386169388,6.58524715882914,7.88099201546581,9.31928940348821,10.7972034802857,,,,,10.6253712230972,11.1140775684305,12.3518149472356,13.3884544220336
732.39999999989,0.96841102510509,2.30271926160005,,,3.29604463886367,4.37551264037958,5.53250741492055,6.60967633507273,6.57585499141642,7.88215062163694,9.38578670319971,10.7162527354088,,,,,10.6614238785057,11.1111347468319,12.4020974549085,13.4110920154104
732.99999999989,0.97743915754544,2.35742135041666,,,3.25804976976254,4.35736295794341,5.52817769027935,6.57861880845159,6.5676061474363,7.88348256827415,9.45228400291121,10.6353019905318,,,,,10.6974765339143,11.1081919252334,12.4523799625814,13.4337296087873
733.59999999989,0.986467289985792,2.41212343923326,,,3.22005490066141,4.33921327550723,5.52384796563813,6.54756128183044,6.55840800540318,7.88598710350413,9.51878130262272,10.5543512456549,,,,,10.7335291893228,11.1052491036348,12.5026624702542,13.4563672021642
734.19999999989,0.995495422426143,2.46682552804987,,,3.18206003156028,4.32106359307105,5.51951824099692,6.5165037552093,6.54870075778466,7.88463391188352,9.58527860233422,10.473400500778,,,,,10.7695818447314,11.1023062820362,12.5529449779271,13.479004795541
734.79999999989,1.00452355486649,2.52152761686648,,,3.14406516245915,4.30291391063488,5.51518851635572,6.48544622858816,6.5346853335612,7.88018911150947,9.65177590204573,10.392449755901,,,,,10.8050231898268,11.0993634604376,12.6032274855999,13.5016423889178
735.399999999889,1.01355168730684,2.57622970568309,,,3.10607029335802,4.2847642281987,5.50463167349739,6.454388701967,6.52362999968395,7.87704586518404,9.71994308294058,10.3114990110241,,,,,10.8392352889803,11.1026705460091,12.6535099932728,13.5242799822947
735.999999999889,1.02578939645014,2.63093179449969,,,3.10092366772704,4.26661454576253,5.48928674424469,6.42233129762683,6.52232586601736,7.87481891207492,9.75435268793799,10.2104971011937,,,,,10.8764862509689,11.1354126695536,12.7037925009456,13.5469175756715
736.599999999889,0.984561500448314,2.5284573384642,,,3.09078025469946,4.24326149354641,5.47095295185165,6.48792625997387,6.51050570636025,7.84130758858038,9.71996513600264,10.2389828116983,,,,,10.8756071573603,11.1629645690218,12.6947736441327,13.5217836586546
737.199999999889,0.914300832453855,2.4259828823997,,,3.03574088717359,4.21990844132932,5.44619350011985,6.46628255197204,6.49188313136502,7.79663088551511,9.64699538970034,10.3476249045367,,,,,10.8565783963454,11.1772279209042,12.6845054918006,13.5128797066779
737.799999999889,0.844040164454033,2.3235084263352,,,2.98070151963942,4.19655538911224,5.39911893335003,6.4446388439541,6.47693731558089,7.74190249979287,9.58134415580544,10.4562669973899,,,,,10.8300176029499,11.1777128207374,12.6742373394682,13.5039757547041
738.399999999889,0.773779496454212,2.22103397027069,,,2.92566215210525,4.17320233689515,5.35204436657611,6.42299513593616,6.46458224740657,7.70074429878868,9.5156929219119,10.5649090902431,,,,,10.8016766751429,11.1781977205681,12.6639691871359,13.4950718027303
738.999999999889,0.703518828454389,2.11855951420619,,,2.87062278457108,4.14984928467807,5.30496979980219,6.40135142791821,6.45235541678337,7.66077815956085,9.45004168801836,10.6735511830963,,,,,10.7733357473356,11.1786826203987,12.6537010348035,13.4861678507565
739.599999999889,0.633258160454568,2.01608505814169,,,2.81558341703691,4.12649623246099,5.25789523302826,6.37970771990028,6.43982603198111,7.62006040259462,9.38439045412483,10.7821932759495,,,,,10.7449948195284,11.1791675202294,12.6434328824712,13.4772638987827
740.199999999889,0.562997492454746,1.91361060207719,,,2.76054404950274,4.1031431802439,5.21082066625435,6.35806401188234,6.42791003937483,7.57787671675713,9.31873922023128,10.8908353688027,,,,,10.7166538917211,11.1796524200601,12.6331647301388,13.468359946809
740.799999999889,0.492736824454923,1.81113614601269,,,2.70550468196857,4.07979012802681,5.16374609948042,6.33642030386439,6.41588028039456,7.5376910038201,9.25308798633774,10.9994774616559,,,,,10.6883129639138,11.1801373198907,12.6228965778065,13.4594559948352
741.399999999889,0.422476156455101,1.70866168994818,,,2.6504653144344,4.05643707580973,5.11667153270649,6.31477659584645,6.40766819531555,7.50217978319078,9.1874367524442,11.1081195545091,,,,,10.6609018826828,11.1806222197214,12.6126284254741,13.4505520428614
741.999999999888,0.35221548845528,1.60618723388368,,,2.59542594690023,4.03308402359265,5.08775709317991,6.2931328878285,6.40959136232143,7.47191570921966,9.10942992649037,11.2167616473623,,,,,10.6400238537907,11.1862168591568,12.6023602731418,13.4416480908876
742.599999999888,0.277583493231772,1.50371277781918,,,2.5425483501811,4.00973097137556,5.05348139308506,6.27651234553092,6.40692379204048,7.44280738688633,9.09848326138148,11.3337618049566,,,,,10.608074335269,11.1835332993022,12.5920921208094,13.4327441389138
743.199999999888,0.272954620708763,1.53226191166217,,,2.56414814104879,3.97447157544103,5.00136421326412,6.19545568770603,6.39688440827747,7.42477810239461,9.13521703383509,11.2744548709896,,,,,10.5526840800127,11.1762224678965,12.6208644729906,13.4317858404023
743.799999999888,0.292990770914879,1.56081104552957,,,2.65677973644749,3.93921217950428,4.96545065914613,6.11501747249621,6.40654515552247,7.42355754850356,9.17834212784198,11.1034331792073,,,,,10.5384611852779,11.1888383303628,12.6565708834793,13.4338998600917
744.399999999888,0.31302692112559,1.58936017939697,,,2.74941133185942,3.90395278356753,4.94959674577783,6.03457925728651,6.42816143633798,7.44950478439492,9.20264529959613,10.9324114874043,,,,,10.5525824463086,11.2315054829662,12.6922772939693,13.4360138797817
744.999999999888,0.333063071336302,1.61790931326436,,,2.84204292727136,3.86869338763077,4.93374283241325,5.95414104207681,6.45278769870497,7.4689334839715,9.22694847134679,10.7613897956012,,,,,10.5654337857504,11.2741726355752,12.7279837044592,13.4381278994717
745.599999999888,0.353099221547015,1.64645844713176,,,2.93467452268329,3.83343399169402,4.91788891904869,5.87370282686711,6.47832150620707,7.48634525066519,9.25125164309744,10.5903681037981,,,,,10.578285125192,11.3168397881842,12.7636901149492,13.4402419191616
746.199999999888,0.373135371757726,1.67500758099916,,,3.02730611809523,3.79817459575727,4.90203500568412,5.7932646116574,6.50378039029524,7.50433935086071,9.27555481484809,10.419346411995,,,,,10.5911364646335,11.3595069407932,12.7993965254392,13.4423559388516
746.799999999888,0.393171521968438,1.70355671486656,,,3.11993771350716,3.76291519982052,4.88618109231956,5.71282639644769,6.52904143116472,7.52321360320236,9.29985798659874,10.248324720192,,,,,10.603987804075,11.4021740934022,12.8351029359292,13.4444699585416
747.399999999888,0.413207672179149,1.73210584873395,,,3.21256930891909,3.72765580388377,4.87032717895498,5.632388181238,6.55468811432123,7.54391200624858,9.32416115834939,10.0773030283889,,,,,10.6168391435166,11.4448412460112,12.8708093464192,13.4465839782316
747.999999999888,0.433243822389862,1.76065498260135,,,3.30520090433103,3.69239640794702,4.85447326559042,5.55194996602829,6.57626154298241,7.56337808846129,9.34846433010005,9.90628133658583,,,,,10.6293458014738,11.4875083986202,12.9065157569091,13.4486979979216
748.599999999887,0.453279972600573,1.78920411646875,,,3.39783249974296,3.65713701201027,4.8020291775971,5.47151175081859,6.58419696088272,7.58051147268254,9.39878351389743,9.73525964478277,,,,,10.6347170304866,11.5248448811203,12.9422221673991,13.4508120176115
749.199999999887,0.483634331843361,1.81775325033614,,,3.46809485998731,3.62187761607351,4.75074043849098,5.42653932443977,6.60765824446716,7.61540575090752,9.42300963207033,9.57250435640673,,,,,10.64776388903,11.5557874333273,12.9779285778891,13.4529260373015
749.799999999887,0.520251494526196,1.87562863033436,,,3.4357392687371,3.69809484960621,4.75863804720846,5.45785988792655,6.64349515028629,7.65765761956655,9.41405482103099,9.52722432944891,,,,,10.6895949178443,11.5918553309493,12.9830643027496,13.5220152838969
750.399999999887,0.554895616248546,1.93350401033808,,,3.39943541108021,3.77431208315984,4.76865722591538,5.53773995441591,6.64558402375385,7.68413390114767,9.39582628460196,9.59469846665299,,,,,10.6886882442877,11.5969879326668,12.928669519246,13.5551326708699
750.999999999887,0.589539737970522,1.9913793903418,,,3.36313155342257,3.85052931671347,4.78419803852978,5.61762002091438,6.63564297415063,7.68836025278278,9.39462735004228,9.66217260387827,,,,,10.6724605756409,11.5874799828588,12.8742747357313,13.5882500578361
751.599999999887,0.624183859692501,2.04925477034552,,,3.32682769576493,3.9267465502671,4.79973885114521,5.69750008741286,6.62337896721806,7.70234299163805,9.39342841548578,9.72964674110354,,,,,10.6580554488988,11.5779720330481,12.8198799522165,13.6213674448022
752.199999999887,0.658827981414479,2.10713015034924,,,3.2905238381073,4.00296378382073,4.81527966376065,5.77738015391135,6.6109479869918,7.7174945396286,9.39222948092928,9.79712087832882,,,,,10.6436503221571,11.5684640832374,12.7654851687018,13.6544848317684
752.799999999887,0.693472103136455,2.16500553035296,,,3.25421998044966,4.07918101737436,4.83082047637609,5.85726022040983,6.59853021577353,7.73157032994123,9.39103054637281,9.86459501555409,,,,,10.6292451954153,11.5589561334267,12.711090385187,13.6876022187346
753.399999999887,0.728116224858434,2.22288091035668,,,3.21791612279202,4.15539825092799,4.84636128899151,5.9371402869083,6.58558513136416,7.74624207179356,9.38983161181631,9.93206915277936,,,,,10.6148400686736,11.549448183616,12.6566956016722,13.7207196057007
753.999999999887,0.762760346580412,2.2807562903604,,,3.18161226513439,4.23161548448163,4.86190210160695,6.01702035340679,6.57340005222682,7.76060914015945,9.38863267725982,9.99954329000464,,,,,10.6004349419319,11.5399402338053,12.6023008181575,13.7538369926669
754.599999999887,0.797404468302388,2.33863167036412,,,3.14530840747675,4.30783271803525,4.87744291422239,6.09690041990527,6.56611759232307,7.77614524089168,9.38743374270333,10.0670174272299,,,,,10.5859154533853,11.5304322839946,12.5479060346427,13.7869543796331
755.199999999886,0.832048590024367,2.39650705036784,,,3.10900454981911,4.38404995158888,4.94392686268457,6.17678048640375,6.56252347741371,7.79570761500411,9.35028442990818,10.1344915644552,,,,,10.5747648325264,11.5181714604212,12.493511251128,13.8200717665992
755.799999999886,0.857656414997714,2.45438243037156,,,3.07794109844444,4.46026718514251,5.00187922271459,6.21833205262023,6.53428000675174,7.79572778772698,9.29223089577475,10.204756828689,,,,,10.5581217239504,11.4840602563856,12.4391164676132,13.8531891535654
756.399999999886,0.846681639036717,2.44294336158092,,,3.07367049267846,4.35910326325695,5.00882541125627,6.17146235255406,6.50349810119533,7.78068937237634,9.26749361633867,10.2202773111155,,,,,10.5075431895722,11.4484076173595,12.383148080245,13.810171628288
756.999999999886,0.839719243775649,2.43150429277714,,,3.07427386908737,4.25793934133778,5.04337455590459,6.1526980448429,6.50224436016668,7.78702736427937,9.26550267643077,10.2299409567179,,,,,10.4774806487451,11.4360570888501,12.3880166862403,13.8092017609386
757.599999999886,0.832756848515342,2.42006522397337,,,3.07487724549721,4.15677541941861,5.09426670373668,6.13393373713707,6.50170209196108,7.80327648175622,9.2534729952712,10.2396046023192,,,,,10.4485267198963,11.4161591594239,12.3928852922471,13.8082318935972
758.199999999886,0.825794453255036,2.4086261551696,,,3.07548062190705,4.05561149749944,5.14515885157187,6.11516942943124,6.49860643340506,7.79490347906227,9.24144331410973,10.2492682479204,,,,,10.419554262809,11.3962612299963,12.3977538982539,13.8072620262558
758.799999999886,0.818832057994731,2.39718708636582,,,3.07608399831688,3.95444757558026,5.19605099940707,6.09640512172541,6.49426584410514,7.7847189215242,9.22941363294825,10.2589318935217,,,,,10.3905818057217,11.3763633005687,12.4026225042607,13.8062921589144
759.399999999886,0.811869662734425,2.38574801756205,,,3.07668737472673,3.85328365366109,5.24694314724226,6.07764081401959,6.48949683749833,7.77427496897813,9.21738395178678,10.268595539123,,,,,10.3616093486344,11.3564653711411,12.4074911102675,13.805322291573
759.999999999886,0.804907267474117,2.37430894875827,,,3.07729075113656,3.75211973174192,5.29783529507746,6.05887650631376,6.48542818150329,7.76180911510082,9.20535427062531,10.2782591847243,,,,,10.3326368915471,11.3365674417135,12.4123597162743,13.8043524242316
760.599999999886,0.797944872213811,2.3628698799545,,,3.0778941275464,3.65095580982275,5.34872744291265,6.04011219860793,6.47966019499825,7.74702732956344,9.19332458946382,10.2879228303256,,,,,10.3036644344597,11.3166695122859,12.4172283222811,13.8033825568902
761.199999999886,0.790982476953506,2.35143081115072,,,3.07849750395624,3.54979188790358,5.39961959074786,6.0213478909021,6.46789542437081,7.72350257077723,9.18129490830235,10.2975864759269,,,,,10.2747902538981,11.2967715828583,12.4220969282878,13.8024126895488
761.799999999885,0.784020081693198,2.33999174234695,,,3.07910088036608,3.4486279659844,5.41281869921544,6.00258358319628,6.45518946788576,7.69275233284704,9.19611861828149,10.3072501215281,,,,,10.2466822276161,11.2632534266161,12.4269655342946,13.8014428222074
762.399999999885,0.775087320354825,2.32855267354317,,,3.04277598821165,3.34746404406523,5.44502002615857,5.97023330837577,6.45126489530184,7.64801710688582,9.24350245016715,10.2942852615452,,,,,10.2158107733209,11.2337289057426,12.4318341403014,13.8004729548661
762.999999999885,0.766291254684857,2.25179484252746,,,3.07803874650951,3.39661627253655,5.50914547295888,5.95580755880856,6.44382283743861,7.61915181574102,9.27439203646875,10.2870488373695,,,,,10.2599557848717,11.205711502369,12.5158301533302,13.800265110266
763.599999999885,0.736786611094477,2.17503701149925,,,3.07140076856666,3.44576850103661,5.52323887657377,5.89666740962492,6.41518260875804,7.55825014820709,9.30644807392424,10.2157688809362,,,,,10.2740192789334,11.1734998873807,12.5608775416374,13.7674166706143
764.199999999885,0.707281967500137,2.09827918047104,,,3.06476279061578,3.49492072953667,5.48121276554002,5.83752726043273,6.37664582378062,7.48769099696436,9.33662607679613,10.1444889244906,,,,,10.2808371078735,11.1500409275376,12.6059249299371,13.7345682309564
764.799999999885,0.677777323905795,2.02152134944284,,,3.05812481266491,3.54407295803673,5.43918665449551,5.77838711124054,6.34053151346254,7.42886659962032,9.36680407966766,10.073208968045,,,,,10.2885105594551,11.1265819676961,12.6509723182367,13.7017197912985
765.399999999885,0.648272680311453,1.94476351841463,,,3.05148683471404,3.59322518653679,5.397160543451,5.71924696204834,6.30526623206955,7.37044816186364,9.3969820825392,10.0019290115995,,,,,10.2961840110369,11.1031230078547,12.6960197065364,13.6688713516405
765.999999999885,0.618768036717112,1.86800568738642,,,3.04484885676317,3.64237741503685,5.35513443240649,5.66010681285615,6.27048213689932,7.31392595719244,9.42716008541074,9.93064905515389,,,,,10.3038574626186,11.0796640480132,12.7410670948361,13.6360229119826
766.599999999885,0.589263393122771,1.79124785635822,,,3.0382108788123,3.69152964353691,5.31310832136196,5.60096666366395,6.23500833288428,7.25840721218302,9.45733808828226,9.85936909870832,,,,,10.3115309142004,11.0562050881718,12.7861144831358,13.6031744723247
767.199999999885,0.559758749528429,1.71449002533001,,,3.03157290086142,3.74068187203696,5.27108221031746,5.54182651447177,6.20100764251508,7.20436280051119,9.48751609115379,9.78808914226276,,,,,10.3192043657821,11.0327461283304,12.8311618714355,13.5703260326668
767.799999999885,0.530254105934087,1.63773219430181,,,3.02493492291055,3.78983410053702,5.22905609927294,5.48268636527957,6.17177088478697,7.16050380058168,9.51769409402533,9.71680918581719,,,,,10.3271920796726,11.0092871684889,12.8762092597352,13.5374775930088
768.399999999884,0.500749462339745,1.5609743632736,,,3.01829694495968,3.83898632903708,5.20231514339747,5.42354621608738,6.14649149598943,7.1321705868464,9.53897756673214,9.64552922937163,,,,,10.3381794629506,11.0149947567364,12.9212566480349,13.5046291533509
768.999999999884,0.476849046556008,1.4842165322454,,,3.06216586152939,3.88813855753714,5.15151181746088,5.4045498061939,6.12742518875936,7.13143869801604,9.53910173565562,9.62487573520425,,,,,10.3666038432634,11.0537555573218,12.9663040363346,13.471780713693
769.599999999884,0.458642616568419,1.5428292704675,,,3.05854119632407,3.86862570874058,5.10245944477434,5.42784756808428,6.10857458178702,7.120764324446,9.55515814736668,9.58044788608807,,,,,10.3594162613657,11.087003409562,12.9192176584723,13.4466385003648
770.199999999884,0.454667782864057,1.60144200871572,,,3.05505673797667,3.84911285993077,5.06463262993534,5.45134579883088,6.09183833318931,7.13402733411986,9.55590586828116,9.58569887538962,,,,,10.3868562457473,11.1151326963163,12.8630828280011,13.4163415018397
770.799999999884,0.450692949162442,1.66005474696394,,,3.05157227962929,3.82960001112096,5.08148604820324,5.47484402957751,6.08933720602758,7.15846234229169,9.56960329944,9.59094986470075,,,,,10.4298314086521,11.1451478059672,12.806947997528,13.3860445033137
771.399999999884,0.446718115460827,1.71866748521216,,,3.04808782128191,3.81008716231115,5.09833946648173,5.49834226032414,6.09236760191888,7.20018194000603,9.58330073060134,9.59620085401188,,,,,10.4717387883401,11.1751629156184,12.750813167055,13.3557475047876
771.999999999884,0.442743281759212,1.77728022346038,,,3.04460336293453,3.79057431350134,5.11519288476021,5.52184049107078,6.09583384795642,7.24268363872655,9.59699816176268,9.60145184332302,,,,,10.5136461680278,11.2051780252696,12.694678336582,13.3254505062615
772.599999999884,0.438768448057597,1.8358929617086,,,3.04111890458715,3.77106146469153,5.13204630303869,5.54533872181741,6.09950056447147,7.28317459383304,9.61069559292402,9.60670283263415,,,,,10.5555535477155,11.2351931349208,12.638543506109,13.2951535077354
773.199999999884,0.43479361435598,1.89450569995681,,,3.03763444623977,3.75154861588172,5.14889972131717,5.56883695256406,6.10343286042453,7.32402759170831,9.62439302408537,9.61195382194528,,,,,10.5974609274033,11.265208244572,12.582408675636,13.2648565092093
773.799999999884,0.430818780654366,1.95311843820503,,,3.03414998789239,3.73203576707191,5.16575313959565,5.59233518331069,6.10693752462045,7.3645637596002,9.6380904552467,9.61720481125642,,,,,10.639368307091,11.2952233542232,12.526273845163,13.2345595106833
774.399999999884,0.426843946952751,2.01173117645325,,,3.03066552954501,3.71252291826211,5.18260655787413,5.61583341405732,6.11083565503607,7.40372183405252,9.65178788640805,9.62245580056755,,,,,10.6807611797419,11.3252384638744,12.47013901469,13.2042625121572
774.999999999883,0.422869113251136,2.07034391470147,,,3.02718107119764,3.6930100694523,5.1800338889651,5.63933164480395,6.11566813438982,7.42929729407728,9.65845706792166,9.62770678987869,,,,,10.7147723368278,11.3394374409147,12.414004184217,13.1739655136311
775.599999999883,0.419439736431714,2.12895665294969,,,2.99301806047499,3.67349722064249,5.20428006164735,5.65507657587354,6.11487227900041,7.43904548466374,9.66896861858774,9.59158696475725,,,,,10.7293267193643,11.3174385090124,12.3578693537439,13.143668515105
776.199999999883,0.42957866467032,2.12470972830675,,,2.94810994496223,3.71684239462072,5.24958470556657,5.63996182068091,6.12492646606841,7.45295034997967,9.64776031195789,9.69466258390307,,,,,10.700838485366,11.3006663031552,12.3414320910148,13.2112381252937
776.799999999883,0.445765694446728,2.12046280365158,,,2.95834073305521,3.76018756861118,5.3134537241296,5.63870386038432,6.15200551615838,7.46924460164175,9.65273416723984,9.78572006692797,,,,,10.6865180936919,11.2918625469374,12.3747297157065,13.337085643042
777.399999999883,0.461952724224312,2.1162158789964,,,2.96857152115892,3.80353274260164,5.34051122085331,5.63744590009043,6.18646291310336,7.48423438839192,9.64360272148154,9.87677754995052,,,,,10.6684781988956,11.2755756289268,12.4080273404079,13.4629331608016
777.999999999883,0.478139754001897,2.11196895434123,,,2.97880230926264,3.8468779165921,5.36756871756984,5.63618793979654,6.20769110640377,7.47362813322364,9.63447127572049,9.96783503297307,,,,,10.6482676449347,11.2592887109147,12.4413249651093,13.5887806785612
778.599999999883,0.494326783779481,2.10772202968606,,,2.98903309736635,3.89022309058256,5.39462621428638,5.63492997950266,6.228308916827,7.46200313437185,9.62533982995944,10.0588925159956,,,,,10.6280570909734,11.2430017929027,12.4746225898106,13.7146281963208
779.199999999883,0.510513813557065,2.10347510503088,,,2.99926388547007,3.93356826457302,5.42168371100292,5.63367201920877,6.24809769694242,7.45174087473803,9.6162083841984,10.1499499990182,,,,,10.6078465370121,11.2267148748906,12.507920214512,13.8404757140804
779.799999999883,0.526700843334651,2.09922818037571,,,3.00949467357378,3.97691343856348,5.44874120771945,5.63241405891488,6.26882576350564,7.44229160744235,9.60707693843734,10.2410074820407,,,,,10.5876359830508,11.2104279568785,12.5412178392134,13.9663232318401
780.399999999883,0.542887873112235,2.09498125572053,,,3.01972546167749,4.02025861255393,5.47579870443598,5.63115609862099,6.28948232291869,7.43200541824386,9.59794549267629,10.3320649650633,,,,,10.5674254290895,11.1941410388665,12.5745154639148,14.0921707495997
780.999999999883,0.559074902889819,2.09073433106536,,,3.02995624978121,4.06360378654439,5.50285620115252,5.6298981383271,6.30638971738464,7.41834242994792,9.58881404691524,10.4231224480858,,,,,10.5472678471338,11.1778541208544,12.6078130886161,14.2180182673593
781.599999999882,0.575261932667405,2.08648740641019,,,3.04018703788493,4.10694896053485,5.55360964275924,5.62864017803321,6.31746467955782,7.40626026095135,9.60636759233744,10.5141799311084,,,,,10.5305961963486,11.1694820222649,12.6411107133175,14.3438657851189
782.199999999882,0.589741801870866,2.08224048175502,,,3.10577240098784,4.15029413452531,5.56231793603204,5.60219120307679,6.33487752157465,7.40943692341258,9.62213861659633,10.5837651735519,,,,,10.5266671130831,11.1940737842164,12.6744083380189,14.4697133028785
782.799999999882,0.568731004214174,2.01685166263611,,,3.15116874971143,4.10232992307976,5.49884553195687,5.57339034796218,6.33815927107762,7.42596934553232,9.65553039379911,10.5109977205519,,,,,10.5968547261973,11.2165048151279,12.6687686667713,14.4765658790815
783.399999999882,0.532819727873712,1.95146284350522,,,3.1055224364565,4.0543657116163,5.4479370072204,5.5473118500152,6.32982989908619,7.43698427412141,9.65008780469121,10.4152414713425,,,,,10.6142393766539,11.2364016171527,12.6358888439109,14.4159779775143
783.999999999882,0.496908451530323,1.88607402437433,,,3.0598761231837,4.00640150015284,5.41573360865096,5.52123335206876,6.29897987389145,7.42791943820687,9.65687744775837,10.3194852221286,,,,,10.614988587811,11.2613373146824,12.6030090210453,14.3553900759338
784.599999999882,0.460997175186938,1.82068520524344,,,3.01422980991089,3.95843728868937,5.38353021008519,5.49515485412231,6.28275997298133,7.4319706937489,9.66366709082793,10.2237289729147,,,,,10.6209805622495,11.2862730122131,12.5701291981796,14.2948021743534
785.199999999882,0.425085898843552,1.75529638611255,,,2.96858349663809,3.91047307722591,5.35132681151944,5.46907635617587,6.26841819791046,7.44060779770947,9.6704567338975,10.1279727237008,,,,,10.626972536689,11.3112087097438,12.5372493753139,14.234214272773
785.799999999882,0.389174622500164,1.68990756698166,,,2.92293718336529,3.86250886576245,5.31912341295368,5.44299785822943,6.25489102949075,7.44953978838694,9.67724637696706,10.0322164744869,,,,,10.6329645111285,11.3361444072745,12.5043695524482,14.1736263711926
786.399999999882,0.353263346156777,1.62451874785076,,,2.87729087009248,3.81454465429899,5.28692001438791,5.41691936028298,6.2404515420225,7.45670669604648,9.68403602003662,9.93646022527304,,,,,10.638956485568,11.3610801048052,12.4714897295826,14.1130384696121
786.999999999882,0.317352069813392,1.55912992871987,,,2.83164455681968,3.76658044283553,5.25471661582216,5.39084086233654,6.22548237481108,7.46528859496189,9.69082566310619,9.84070397605914,,,,,10.6449484600074,11.3860158023359,12.4386099067169,14.0524505680317
787.599999999882,0.281440793470004,1.49374110958898,,,2.78599824354688,3.71861623137207,5.22251321725639,5.36476236439009,6.21561873829364,7.47921196347083,9.69761530617576,9.74494772684525,,,,,10.6513434059225,11.4109514998666,12.4057300838512,13.9918626664513
788.199999999881,0.245529517126618,1.42835229045809,,,2.74035193027407,3.6706520199086,5.19010444966824,5.33868386644365,6.21845454932991,7.5025084530322,9.6747888546845,9.64919147763135,,,,,10.6631201361833,11.4266017055649,12.3728502609856,13.9312747648709
788.799999999881,0.20985398178584,1.3629634713272,,,2.63576637502838,3.62268780844514,5.20465931081374,5.34195185694562,6.21629652400379,7.5146626288984,9.67016213494299,9.59800115899436,,,,,10.6706594121098,11.423418720189,12.3399704381199,13.8706868632904
789.399999999881,0.206183073400322,1.45380454199892,,,2.56253644001493,3.69616437081413,5.26339422781923,5.41222797840371,6.21031119470953,7.49772104254444,9.63272891976531,9.59924557039137,,,,,10.6409776249689,11.4130229477171,12.349134102601,13.782183616724
789.999999999881,0.228301345321023,1.54464561270155,,,2.60718022244663,3.76964093320715,5.27958944991422,5.49830297509014,6.21006722963897,7.4893452520127,9.58420320174531,9.63913996726784,,,,,10.6255774682774,11.3994495468511,12.3502765605471,13.7128861689982
790.599999999881,0.250419617246828,1.63548668340419,,,2.65182400490168,3.84311749560016,5.3002467983305,5.5843779717797,6.23266805837565,7.52020885205073,9.51944765517483,9.67903436415198,,,,,10.6334181068432,11.3969331023367,12.3514190184916,13.6435887212762
791.199999999881,0.272537889172635,1.72632775410682,,,2.69646778735672,3.91659405799317,5.32090414674767,5.67045296846925,6.24791714511419,7.55614610369978,9.45469210860112,9.71892876103611,,,,,10.6359613002207,11.3944166578245,12.3525614764361,13.5742912735542
791.799999999881,0.294656161098442,1.81716882480945,,,2.74111156981177,3.99007062038619,5.34156149516483,5.75652796515882,6.26089996494266,7.58678330071447,9.38993656202743,9.75882315792024,,,,,10.6385044935972,11.3919002133122,12.3537039343806,13.5049938258322
792.399999999881,0.316774433024249,1.90800989551208,,,2.78575535226682,4.0635471827792,5.36221884358198,5.84260296184837,6.27344397118006,7.6156806275256,9.32518101545373,9.79871755480436,,,,,10.6410476869737,11.3893837688,12.3548463923251,13.4356963781102
792.999999999881,0.338892704950055,1.99885096621471,,,2.83039913472187,4.13702374517222,5.38287619199915,5.92867795853793,6.28570813460769,7.64550591644339,9.26042546888003,9.8386119516885,,,,,10.6435908803502,11.3868673242878,12.3559888502696,13.3663989303882
793.599999999881,0.361010976875862,2.08969203691734,,,2.87504291717691,4.21050030756523,5.40353354041632,6.01475295522749,6.29935586935883,7.67641693006325,9.19566992230634,9.87850634857263,,,,,10.6461340737268,11.3843508797756,12.3571313082141,13.2971014826662
794.199999999881,0.383129248801668,2.18053310761997,,,2.91968669963196,4.28397686995824,5.42419088883348,6.10082795191705,6.31068307474399,7.70400851389178,9.13091437573263,9.91840074545676,,,,,10.6484949608982,11.3818344352634,12.3582737661585,13.2278040349442
794.79999999988,0.405247520727475,2.2713741783226,,,2.964330482087,4.35745343235126,5.43638758855976,6.18690294860661,6.30487624148457,7.72470294504372,9.07002407049535,9.95829514234089,,,,,10.6402680419348,11.3786617701175,12.359416224103,13.1585065872222
795.39999999988,0.428018211219257,2.36221524902524,,,3.01832592429691,4.43092999474427,5.44296377387961,6.25820237868014,6.29911218151341,7.74463741271764,9.00405425078744,9.95913161961376,,,,,10.6298681051224,11.3736256207076,12.3605586820475,13.0892091395002
795.99999999988,0.488922425585418,2.36828979165767,,,3.10028483512826,4.39814596348385,5.43933249461299,6.33828337790646,6.31523711696053,7.78721645385161,8.97957236859537,9.97519340656708,,,,,10.6165150026453,11.3786293184318,12.3413094565019,13.1469907886763
796.59999999988,0.523169813890027,2.37436433427319,,,3.09527967382954,4.36536193220223,5.47786812048676,6.39152974066726,6.32208948285925,7.80835727208956,9.00484931151452,9.96673109101373,,,,,10.6314322518352,11.376947365409,12.3361259783323,13.2093581196785
797.19999999988,0.557417202189311,2.38043887688871,,,3.09027451251344,4.33257790092061,5.49214165409229,6.4447761034227,6.31235693609708,7.79328223646034,9.05084619667856,9.95826877545548,,,,,10.6299254097142,11.3426093335802,12.3309425001655,13.2717254506817
797.79999999988,0.591664590488595,2.38651341950423,,,3.08526935119734,4.29979386963899,5.50641518769297,6.49802246617814,6.30025200008514,7.76711410544273,9.09684308184675,9.94980645989723,,,,,10.6291451382946,11.3082713017449,12.3257590219987,13.3340927816848
798.39999999988,0.625911978787881,2.39258796211976,,,3.08026418988125,4.26700983835737,5.52068872129364,6.55126882893358,6.28853701318748,7.74273337085079,9.14283996701493,9.94134414433898,,,,,10.6283648668752,11.2739332699096,12.3205755438319,13.3964601126879
798.99999999988,0.660159367087165,2.39866250473528,,,3.07525902856515,4.23422580707576,5.53496225489432,6.60451519168902,6.27695494228591,7.72012838741705,9.18883685218312,9.93288182878073,,,,,10.6275845954558,11.2395952380742,12.3153920656651,13.458827443691
799.59999999988,0.69440675538645,2.4047370473508,,,3.07025386724905,4.20144177579413,5.549235788495,6.65776155444446,6.26643681900044,7.69776372862485,9.23483373735129,9.92441951322247,,,,,10.6268043240363,11.2052572062389,12.3102085874983,13.5211947746941
800.19999999988,0.728654143685734,2.41081158996632,,,3.06524870593296,4.16865774451252,5.56350932209568,6.7110079171999,6.25459973871305,7.67187819550063,9.28083062251948,9.91595719766423,,,,,10.6260240526169,11.1709191744036,12.3050251093315,13.5835621056973
800.79999999988,0.762901531985019,2.41688613258184,,,3.06024354461687,4.1358737132309,5.57778285569636,6.76425427995533,6.23937113403839,7.64416944676001,9.32682750768767,9.90749488210597,,,,,10.6251157717599,11.1365811425682,12.2998416311647,13.6459294367004
801.399999999879,0.797148920284305,2.42296067519736,,,3.05523838330077,4.10308968194928,5.59164138355752,6.81750064271078,6.23824539394184,7.6127957214612,9.38041196247964,9.89903256654772,,,,,10.6341000203745,11.1111804162083,12.294658152998,13.7082967677035
801.999999999879,0.828702319074222,2.42903521781289,,,3.08842133511888,4.07030565066766,5.57863920079669,6.87472002138778,6.23646873171591,7.58562017836315,9.41436262332611,9.94154515499245,,,,,10.6440735942491,11.0949141699176,12.2894746748312,13.7706640987066
802.599999999879,0.775023747748532,2.40683450232321,,,3.03256282018912,4.00566052130887,5.53910205832124,6.73230340689482,6.21455464077824,7.53618995818256,9.42237952172529,9.91100242930703,,,,,10.6351918248488,11.0771231732166,12.2947549980208,13.7333257468925
803.199999999879,0.726749302338125,2.38463378682786,,,2.95266554482375,3.94101539194367,5.43124780419123,6.5886672866725,6.20003407881025,7.4893691156457,9.41293803175158,9.8902920061486,,,,,10.6127003292289,11.072024081916,12.2764921495636,13.7165831985651
803.799999999879,0.678474856928804,2.3624330713325,,,2.87276826945353,3.87637026257848,5.34443719006934,6.44503116644994,6.19751106774985,7.45961020710503,9.3845786413984,9.86958158299216,,,,,10.5972362202759,11.0765134587476,12.2582293011016,13.6998406502417
804.399999999879,0.630200411519483,2.34023235583714,,,2.79287099408332,3.81172513321328,5.25762657595168,6.30139504622737,6.2008007031299,7.43233637499568,9.35621925104141,9.84887115983571,,,,,10.5846544520428,11.0810028355813,12.2399664526396,13.6830981019184
804.999999999879,0.581925966110164,2.31803164034178,,,2.7129737187131,3.74708000384808,5.17081596183402,6.15775892600481,6.20303901383473,7.4012671409961,9.32785986068443,9.82816073667927,,,,,10.5720726838103,11.0854922124149,12.2217036041776,13.6663555535951
805.599999999879,0.533651520700845,2.29583092484642,,,2.63307644334289,3.68243487448289,5.08400534771637,6.01412280578224,6.20500535122636,7.36873572710934,9.29950047032745,9.80745031352282,,,,,10.5594909155777,11.0899815892485,12.2034407557156,13.6496130052718
806.199999999879,0.485377075291523,2.27363020935106,,,2.55317916797267,3.61778974511769,4.9971947335987,5.87048668555968,6.20557085927684,7.3364487079375,9.27114107997047,9.78673989036638,,,,,10.5469091473452,11.0944709660821,12.1851779072537,13.6328704569484
806.799999999879,0.437102629882203,2.2514294938557,,,2.47328189260245,3.55314461575249,4.91038411948105,5.72685056533712,6.20649049082398,7.30685287631785,9.24278168961349,9.76602946720992,,,,,10.5343273791127,11.0989603429157,12.1669150587917,13.6161279086251
807.399999999879,0.388828184472884,2.22922877836034,,,2.39338461723224,3.4884994863873,4.8235735053634,5.58321444511455,6.21354093884545,7.28178083768617,9.2144222992565,9.74531904405348,,,,,10.5218382317331,11.1034497197493,12.1486522103297,13.5993853603018
807.999999999878,0.340553739063565,2.20702806286498,,,2.31348734186202,3.4238543570221,4.73721302114346,5.43957832489199,6.21116854726728,7.25579133194588,9.18632160452583,9.72460862089703,,,,,10.5044398953344,11.0960990767796,12.1303893618677,13.5826428119785
808.599999999878,0.293891733970805,2.18482734736962,,,2.20502835470641,3.3592092276569,4.67620156086091,5.24595101798603,6.21355640603207,7.22016116802845,9.15643446895195,9.66630074860329,,,,,10.4907433513838,11.0849576303111,12.1121265134057,13.5659002636551
809.199999999878,0.304054106347699,2.22754014400634,,,2.20159713619174,3.51950021100045,4.67030816907822,5.27482399224242,6.22418404915462,7.21868719410229,9.16510157076397,9.7409745761463,,,,,10.5192773707248,11.0772529556975,12.102859400547,13.6113666598849
809.799999999878,0.333337641402067,2.27025294065622,,,2.32196105818693,3.67979119438965,4.758354832451,5.36173368947238,6.23808349932815,7.23809342985258,9.18835809471225,9.81861314492893,,,,,10.5657376611474,11.0738337066779,12.1640265465331,13.6441663466757
810.399999999878,0.362621176460316,2.31296573730611,,,2.44232498020723,3.84008217777885,4.83714050933605,5.44864338671411,6.24316120205812,7.25916239453313,9.21333874815143,9.89625171371216,,,,,10.610411818782,11.0877269680991,12.2251936925335,13.676966033464
810.999999999878,0.391904711518566,2.35567853395599,,,2.56268890222754,4.00037316116805,4.91592618621919,5.53555308395584,6.24218671605067,7.28190557439004,9.23831940159096,9.9738902824954,,,,,10.6533108886673,11.1016202295238,12.286360838534,13.7097657202523
811.599999999878,0.421188246576814,2.39839133060588,,,2.68305282424784,4.16066414455725,4.99471186310235,5.62246278119757,6.24331446458682,7.30865543730272,9.26330005503049,10.0515288512786,,,,,10.6962099585522,11.1155134909486,12.3475279845344,13.7425654070406
812.199999999878,0.450471781635061,2.44110412725577,,,2.80341674626814,4.32095512794645,5.07349753998552,5.7093724784393,6.24487206193464,7.33633005095985,9.28828070847001,10.1291674200619,,,,,10.7391090284371,11.1294067523733,12.4086951305348,13.7753650938289
812.799999999878,0.479755316693311,2.48381692390565,,,2.92378066828844,4.48124611133565,5.15228321686867,5.79628217568103,6.24729900081958,7.36257461365791,9.31326136190953,10.2068059888451,,,,,10.782008098322,11.1433000137981,12.4698622765352,13.8081647806172
813.399999999878,0.50903885175156,2.52652972055554,,,3.04414459030874,4.64153709472485,5.23106889375183,5.88319187292277,6.25014924015015,7.38706515903574,9.33824201534906,10.2844445576283,,,,,10.8249071682069,11.1571932752228,12.5310294225356,13.8409644674055
813.999999999878,0.538322386809808,2.56924251720542,,,3.16450851232905,4.80182807811405,5.30985457063498,5.97010157016451,6.2478231513259,7.40600575955031,9.36322266878859,10.3620831264116,,,,,10.8677042720999,11.1710865366475,12.5921965685361,13.8737641541938
814.599999999877,0.567605921868058,2.61195531385531,,,3.28487243434935,4.96211906150324,5.3790368493793,6.05701126740624,6.24928194061523,7.43083725967956,9.39049210120024,10.4397216951948,,,,,10.9134207186659,11.1951748750841,12.6533637145365,13.9065638409821
815.199999999877,0.594413998066089,2.6546681105052,,,3.39230389642113,5.12241004489244,5.4589220916386,6.243889883448,6.24348477426225,7.47125398222824,9.44156120602573,10.5454442264481,,,,,10.9540198143883,11.2188854488755,12.7145308605369,13.9393635277704
815.799999999877,0.612547692816059,2.615769646777,,,3.43339513098217,5.05847508806025,5.49427996120588,6.3122493502344,6.23823303969724,7.48819101416685,9.44967393651675,10.4884350443656,,,,,10.9894103590663,11.2303473548862,12.7648637548666,13.9400194089227
816.399999999877,0.616579274830919,2.57687118303211,,,3.40206116080536,4.99454013118221,5.46738005239983,6.30443565136616,6.22463863092011,7.48719690222462,9.40620666439726,10.4147583350731,,,,,10.9645586235394,11.228467451576,12.7298475239254,13.9227553736006
816.999999999877,0.620610856842892,2.53797271928723,,,3.37072719061373,4.93060517430418,5.4413547644039,6.29662195248233,6.21357810855978,7.48356603992328,9.38206278424332,10.3410816257772,,,,,10.9348480555844,11.2042630868093,12.6948312929667,13.9054913382749
817.599999999877,0.624642438854866,2.49907425554234,,,3.33939322042211,4.86667021742614,5.41532947640814,6.28880825359851,6.21075559895944,7.48558683831007,9.35791890409334,10.2674049164814,,,,,10.906596492099,11.180058722038,12.659815062008,13.8882273029492
818.199999999877,0.628674020866839,2.46017579179746,,,3.30805925023048,4.80273526054811,5.38930418841237,6.28099455471468,6.20824522273218,7.48821238705174,9.33377502394337,10.1937282071855,,,,,10.878344928614,11.1558543572667,12.6247988310494,13.8709632676236
818.799999999877,0.632705602878812,2.42127732805257,,,3.27672528003885,4.73880030367007,5.36327890041661,6.27318085583086,6.20590019118853,7.49077935273467,9.30963114379339,10.1200514978896,,,,,10.8500933651289,11.1316499924954,12.5897826000907,13.8536992322979
819.399999999877,0.636737184890785,2.38237886430769,,,3.24539130984723,4.67486534679203,5.33725361242085,6.26536715694703,6.20364219967988,7.49367305636418,9.28548726364342,10.0463747885938,,,,,10.8218418016439,11.1074456277241,12.554766369132,13.8364351969722
819.999999999877,0.640768766902756,2.3434804005628,,,3.2140573396556,4.610930389914,5.3112283244251,6.2575534580632,6.20064999359676,7.49942472258401,9.26134338349345,9.97269807929791,,,,,10.7935902381589,11.0832412629528,12.5197501381733,13.8191711616465
820.599999999877,0.644800348914731,2.30458193681792,,,3.18272336946398,4.54699543303596,5.28520303642932,6.24973975917938,6.20226912191957,7.50728424470233,9.23719950334346,9.89902137000205,,,,,10.7655077560733,11.0590368981815,12.4847339072146,13.8019071263208
821.199999999876,0.648831930926704,2.26568347307304,,,3.15138939927235,4.48306047615792,5.28002119153901,6.24192606029555,6.19733065503329,7.51938345831643,9.20494982590226,9.82534466070618,,,,,10.7357385752251,11.0404018384857,12.4497176762559,13.7846430909951
821.799999999876,0.657001169193703,2.22678500932815,,,3.13782117097817,4.41912551927989,5.22232397015421,6.17992176442031,6.189908854714,7.50667151723772,9.13488368207298,9.70160712322732,,,,,10.6981935716365,11.0235911261633,12.4147014452972,13.7673790556694
822.399999999876,0.648343939870221,2.25574453580789,,,3.13543713173015,4.39553980317045,5.25227828864884,6.23195132085083,6.18751389809305,7.48521860824612,9.05935809359138,9.67994800097764,,,,,10.6178889790866,11.0152357547604,12.3955857382132,13.7537271216369
822.999999999876,0.638289507042047,2.28470406230161,,,3.14384022645657,4.37195408706933,5.27858375039005,6.25266853915966,6.18920036962409,7.47598272573029,9.03149311677186,9.65483695173569,,,,,10.6220653811901,11.0116552366713,12.4215434678982,13.759674155161
823.599999999876,0.628235074213587,2.31366358879534,,,3.15224332118522,4.34836837096821,5.29894814832648,6.27338575746204,6.19671784553732,7.46388575697117,8.98451840048905,9.62972590249303,,,,,10.6390853400253,11.04269387827,12.4475011975925,13.7656211886891
824.199999999876,0.618180641385126,2.34262311528906,,,3.16064641591387,4.32478265486709,5.31931254626168,6.29410297576441,6.19510485539529,7.43960612782166,8.9375436842023,9.60461485325037,,,,,10.6526256435686,11.0737325198759,12.4734589272868,13.7715682222173
824.799999999876,0.608126208556665,2.37158264178278,,,3.16904951064252,4.30119693876597,5.33967694419688,6.31482019406678,6.1923065542686,7.41371594763964,8.89056896791555,9.57950380400771,,,,,10.6661659471111,11.1047711614818,12.4994166569811,13.7775152557455
825.399999999876,0.598071775728204,2.40054216827651,,,3.17745260537118,4.27761122266485,5.36004134213207,6.33553741236915,6.18900423487615,7.38718218684823,8.84359425162879,9.55439275476504,,,,,10.6797062506537,11.1358098030877,12.5253743866753,13.7834622892737
825.999999999876,0.588017342899742,2.42950169477023,,,3.18585570009983,4.25402550656373,5.38040574006727,6.35625463067152,6.18531754755226,7.36292252281125,8.79661953534204,9.52928170552237,,,,,10.6932465541962,11.1668484446936,12.5513321163696,13.7894093228018
826.599999999876,0.57796291007128,2.45846122126396,,,3.19425879482848,4.23043979046261,5.40077013800246,6.37697184897389,6.18182430907861,7.33588865259453,8.74964481905529,9.50417065627972,,,,,10.7067868577387,11.1978870862995,12.5772898460639,13.79535635633
827.199999999876,0.56790847724282,2.48742074775768,,,3.20266188955713,4.20685407436149,5.42113453593766,6.39768906727627,6.17351394407226,7.30759057717726,8.70267010276853,9.47905960703704,,,,,10.7203299612659,11.2289257279054,12.6032475757582,13.8013033898582
827.799999999875,0.557854044414358,2.5163802742514,,,3.21106498428578,4.18326835826037,5.41835078838756,6.41840628557864,6.18284627347404,7.27180383081202,8.65723317420386,9.45394855779438,,,,,10.7338310658769,11.247794434023,12.6292053054525,13.8072504233863
828.399999999875,0.546120509976274,2.54533980074513,,,3.19944077893806,4.15968264215925,5.4391275641781,6.44611995377274,6.20779331801518,7.26549396019905,8.64990097919217,9.46650513265697,,,,,10.7810070722461,11.2742145521362,12.6551630351468,13.8131974569145
828.999999999875,0.546353962264329,2.4700920206206,,,3.20744117612098,4.12716700286012,5.33760996293412,6.3369500856216,6.21878709617324,7.27240262557938,8.67196898457017,9.49052062705378,,,,,10.8576706925794,11.303340153539,12.6427356136661,13.7988902153933
829.599999999875,0.545479996474831,2.39484424047441,,,3.17351831583291,4.09465136355914,5.28166985956267,6.3220773138203,6.21754953104533,7.2572866983285,8.67868416445421,9.53427572440373,,,,,10.881431692928,11.3212435070843,12.6131385747401,13.7685308441521
830.199999999875,0.5446060306851,2.31959646032822,,,3.13959545553612,4.06213572425815,5.23900564303035,6.30720454203863,6.21261595881453,7.24455405154433,8.68645103140135,9.5780308217578,,,,,10.8938663962508,11.3304628494457,12.5835415358105,13.7381714729076
830.799999999875,0.543732064895371,2.24434868018203,,,3.10567259523933,4.02962008495716,5.19634142650078,6.29233177025696,6.21647106591876,7.23790226475046,8.69421789834869,9.62178591911187,,,,,10.9109466889944,11.3396821918052,12.5539444968808,13.7078121016631
831.399999999875,0.54285809910564,2.16910090003585,,,3.07174973494253,3.99710444565618,5.15367720997122,6.27745899847528,6.21915586748511,7.23137571125544,8.70198476529605,9.66554101646593,,,,,10.928026981739,11.3489015341648,12.5243474579512,13.6774527304186
831.999999999875,0.541984133315909,2.09385311988966,,,3.03782687464574,3.96458880635519,5.11101299344166,6.26258622669361,6.22114157021351,7.22410910746569,8.7097516322434,9.70929611382,,,,,10.9451072744836,11.3581208765243,12.4947504190216,13.6470933591741
832.599999999875,0.541110167526179,2.01860533974347,,,3.00390401434895,3.9320731670542,5.06834877691209,6.24771345491193,6.22348624168274,7.213549723617,8.71751849919075,9.75305121117407,,,,,10.9621875672283,11.3673402188839,12.465153380092,13.6167339879296
833.199999999875,0.540236201736448,1.94335755959728,,,2.96998115405216,3.89955752775322,5.02568456038253,6.23284068313026,6.22612242046594,7.20442822961182,8.7252853661381,9.79680630852813,,,,,10.9792678599729,11.3765595612435,12.4355563411624,13.5863746166851
833.799999999875,0.539362235946716,1.86810977945109,,,2.93605829375536,3.86704188845223,4.98302034385297,6.21796791134859,6.23282851723881,7.19889349824818,8.73305223308546,9.8405614058822,,,,,10.996338442942,11.385778903603,12.4059593022328,13.5560152454406
834.399999999874,0.538488270156988,1.7928619993049,,,2.90213543345857,3.83452624915125,4.96346599353202,6.20309513956691,6.2206780398521,7.18436443809862,8.75000871953304,9.88431650323627,,,,,11.0122347450447,11.3942208618686,12.3763622633032,13.5256558741961
834.999999999874,0.53619171562641,1.71761421915872,,,2.85595287306006,3.80201060985026,4.97800554036712,6.17860374695773,6.19158148109597,7.153338216937,8.75843955782408,9.94721943801459,,,,,10.992250267804,11.3754495115968,12.3467652243736,13.4952965029516
835.599999999874,0.51405413882662,1.69373846789161,,,2.78997405181137,3.77970035716672,5.06152907350454,6.2161519188693,6.17727713084562,7.13260308543194,8.78269910622558,9.99893634161551,,,,,10.9871657406013,11.3553765792858,12.3515700733018,13.5191688425311
836.199999999874,0.494139561287392,1.66986271663527,,,2.71996521359319,3.75739010448533,5.15364089986662,6.1699694207161,6.19153085008419,7.14525205319905,8.83042423539698,10.0568296802015,,,,,10.9919333054659,11.3572702181327,12.3628939938635,13.5744779768263
836.799999999874,0.47422498374863,1.64598696537893,,,2.64995637537416,3.73507985180393,5.23591184261991,6.12378692254533,6.20861657685537,7.15587269290949,8.89503132161355,10.1147230187888,,,,,11.0031491115161,11.3267522331293,12.3742179144265,13.629787111128
837.399999999874,0.454310406209869,1.62211121412258,,,2.57994753715513,3.71276959912253,5.31818278537109,6.07760442437457,6.22211335910031,7.17073128262661,8.95963840783365,10.1726163573761,,,,,11.0102572692759,11.2962342481192,12.3855418349895,13.6850962454298
837.999999999874,0.434395828671107,1.59823546286624,,,2.5099386989361,3.69045934644113,5.4004537281223,6.03142192620379,6.23823557064076,7.18637888074394,9.02424549405375,10.2305096959634,,,,,11.0173654270348,11.265716263109,12.3968657555526,13.7404053797316
838.599999999874,0.414481251132346,1.5743597116099,,,2.43992986071707,3.66814909375973,5.48272467087352,5.98523942803303,6.25613137397173,7.20444605101874,9.08885258027387,10.2884030345507,,,,,11.0244735847938,11.2351982780989,12.4081896761156,13.7957145140333
839.199999999874,0.394566673593583,1.55048396035356,,,2.36992102249804,3.64583884107834,5.56499561362471,5.93905692986226,6.27434543657402,7.22377673819216,9.15345966649396,10.346296373138,,,,,11.0315817425527,11.2046802930887,12.4195135966787,13.8510236483351
839.799999999874,0.374652096054822,1.52660820909722,,,2.29991218427902,3.62352858839694,5.64726655637592,5.89287443169149,6.29242177300392,7.24204222678119,9.21806675271406,10.4041897117253,,,,,11.0386899003116,11.1741623080786,12.4308375172417,13.9063327826369
840.399999999874,0.354737518516061,1.50273245784088,,,2.22990334605999,3.60121833571554,5.72953749912712,5.84669193352073,6.30901607226336,7.2569108688055,9.28267383893417,10.4620830503126,,,,,11.0455304527895,11.1436443230684,12.4421614378047,13.9616419169387
840.999999999873,0.334822940977299,1.47885670658454,,,2.15989450784096,3.57890808303414,5.81091409801067,5.80050943534995,6.33800504195305,7.2891720009783,9.3420998260278,10.5199763888999,,,,,11.0536439469417,11.1246680284204,12.4534853583678,14.0169510512404
841.599999999873,0.319727067086581,1.45498095532819,,,2.16069011681627,3.55659783035274,5.82545796910356,5.76642551503049,6.37429785622903,7.32438476218119,9.41741338383377,10.5176180543799,,,,,11.0765331769072,11.1214880508364,12.4648092789308,14.0722601855422
842.199999999873,0.328374244038286,1.48450114833045,,,2.15615536612367,3.54950889286021,5.82268174880316,5.73139088181117,6.39220815953868,7.330991508087,9.46285312506442,10.4480488958132,,,,,11.0154984388616,11.1146117879298,12.4432052187102,14.0641595944971
842.799999999873,0.329556802713505,1.51402134134399,,,2.1742879209333,3.5424199553709,5.74117721424583,5.77525385096344,6.37560886540502,7.30277290045996,9.45841446850715,10.3157020818733,,,,,10.9268115333828,11.0959487230493,12.3988846968435,14.0055650829357
843.399999999873,0.330739361387145,1.54354153435753,,,2.19242047574772,3.53533101788159,5.69396124817432,5.81911682013237,6.34998255622155,7.27398190634669,9.446784745952,10.1833552679202,,,,,10.8379582562156,11.0953836617477,12.354564174972,13.9469705713637
843.999999999873,0.331921920060786,1.57306172737107,,,2.21055303056214,3.52824208039227,5.64674528211006,5.8629797893013,6.32500086874872,7.24449549254986,9.43515502339535,10.051008453967,,,,,10.7513230791077,11.0948186004498,12.3102436531005,13.8883760597916
844.599999999873,0.333104478734428,1.60258192038461,,,2.22868558537656,3.52115314290296,5.5995293160458,5.90684275847025,6.29871129146194,7.21375355264913,9.42352530083868,9.91866164001383,,,,,10.6646879020002,11.0942535391519,12.265923131229,13.8297815482195
845.199999999873,0.33428703740807,1.63210211339815,,,2.24681814019099,3.51406420541365,5.55231334998154,5.95070572763918,6.27171634329482,7.18055968002376,9.41189557828203,9.78631482606068,,,,,10.5780527248928,11.0936884778541,12.2216026093575,13.7711870366474
845.799999999873,0.33546959608171,1.66162230641169,,,2.26495069500541,3.50697526792433,5.50509738391728,5.99456869680812,6.24372649313415,7.1485191735667,9.40026585572536,9.65396801210751,,,,,10.4914175477853,11.0931234165562,12.177282087486,13.7125925250754
846.399999999873,0.336652154755353,1.69114249942523,,,2.28308324981983,3.49988633043502,5.45788141785301,6.03843166597705,6.21650719473777,7.11795533386058,9.3886361331687,9.52162119815435,,,,,10.4047823706778,11.0925583552584,12.1329615656145,13.6539980135033
846.999999999873,0.337834713428993,1.72066269243877,,,2.30121580463425,3.49279739294571,5.41066545178876,6.08229463514598,6.1877099103223,7.08890692361912,9.37700641061204,9.3892743842012,,,,,10.3182399634523,11.0919932939605,12.088641043743,13.5954035019312
847.599999999872,0.339017272102634,1.75018288545231,,,2.31934835944868,3.48570845545639,5.35730175162602,6.12615760431493,6.15128519703695,7.04804089616369,9.35671022356325,9.25692757024803,,,,,10.2281384670739,11.0843313593084,12.0443205218715,13.5368089903591
848.199999999872,0.336773636003901,1.77970307846585,,,2.2893477631637,3.47861951796708,5.3695606384546,6.15229246219316,6.10996832182263,7.01346793796385,9.30279846255066,9.16258520083714,,,,,10.1306546848522,11.0756987510727,12,13.478214478787
848.799999999872,0.358190271369467,1.78627915826698,,,2.30313092824509,3.4698863376433,5.36022765557641,6.20969657725902,6.08612887522172,7,9.26476487267433,9.0740157734138,,,,,10.1477558635726,11.0653414162452,12.0306312762227,13.468858125133
849.399999999872,0.394148183566883,1.79285523806322,,,2.37247327975028,3.46115315731916,5.41811608411004,6.21681091852751,6.08748249216801,7.01471537423856,9.2771071491808,9.10810726779841,,,,,10.2052017165038,11.0523797212227,12.1339337779225,13.5033616889297
849.999999999872,0.430106095767394,1.79943131785947,,,2.44181563126731,3.45241997699503,5.42521399461548,6.22392525978529,6.08805831966438,7.04100267122282,9.27917642699757,9.14219876220914,,,,,10.2604681780518,11.0462699258309,12.2372362796379,13.5378652527357
850.599999999872,0.466064007967909,1.80600739765571,,,2.51115798278434,3.4436867966709,5.43231190511009,6.23103960104307,6.08334605176035,7.05853770225868,9.28124570481214,9.17629025661986,,,,,10.315030887299,11.0401601304405,12.3405387813533,13.5723688165418
851.199999999872,0.50202192016842,1.81258347745196,,,2.58050033430136,3.43495361634676,5.4394098156047,6.23815394230085,6.07794023704382,7.07749403246849,9.28331498262672,9.2103817510306,,,,,10.369593596546,11.0340503350501,12.4438412830686,13.6068723803478
851.799999999872,0.537979832368935,1.8191595572482,,,2.64984268581839,3.42622043602263,5.44650772609931,6.24526828355863,6.07192781131967,7.09897497217254,9.2853842604413,9.24447324544133,,,,,10.424156305793,11.0279405396598,12.547143784784,13.6413759441538
852.399999999872,0.573937744569448,1.82573563704444,,,2.71918503733542,3.4174872556985,5.45360563659391,6.25238262481641,6.06618024732688,7.11949185340411,9.28745353825588,9.27856473985206,,,,,10.47871901504,11.0218307442694,12.6504462864993,13.6758795079599
852.999999999872,0.609895656769961,1.83231171684068,,,2.78852738885244,3.40875407537436,5.46070354708853,6.25949696607419,6.05891353172648,7.13815005847427,9.28952281607046,9.31265623426279,,,,,10.533281724287,11.015720948879,12.7537487882147,13.7103830717659
853.599999999872,0.645853568970475,1.83888779663693,,,2.85786974036947,3.40002089505023,5.46780145758315,6.26661130733197,6.05082889298658,7.15784129470425,9.29159209388503,9.34674772867352,,,,,10.5877910092132,11.0096111534887,12.8570512899301,13.7448866355719
854.199999999871,0.681811481170987,1.84546387643317,,,2.92721209188649,3.3912877147261,5.4721549621072,6.27372564858976,6.04942262917678,7.18760993026605,9.30735750693161,9.38083922308425,,,,,10.6475162447557,11.0066836655605,12.9603537916454,13.779390199378
854.799999999871,0.720509677617499,1.85203995622941,,,3.01316812289823,3.38255453440197,5.4214808332126,6.30697981913153,6.06197085816908,7.2161486393715,9.34180463463832,9.41841371463985,,,,,10.7154054349717,11.0201473605172,13.0636562933608,13.813893763184
855.399999999871,0.715159996643466,1.84887267929559,,,3.04433296442157,3.38033734066516,5.38704872663668,6.31504468255918,6.06295932238216,7.26322895584587,9.37178642494108,9.51747177812811,,,,,10.7248435006868,11.0396473444235,13.0833050945448,13.8092322141515
855.999999999871,0.707129442081516,1.84570540235968,,,2.97708348600742,3.37812014692974,5.33229110000794,6.29201195864141,6.05353310311066,7.30173272145618,9.35973978484327,9.49814747728398,,,,,10.6895738173332,11.0624476517024,13.0286800503997,13.8044514164288
856.599999999871,0.699098887518991,1.84253812542378,,,2.90983400757215,3.37590295319433,5.32589902142942,6.26897923471696,6.05465071682826,7.3172111902018,9.35396744167476,9.47882317641445,,,,,10.6457834363618,11.0757435006593,12.9740550062387,13.7996706187062
857.199999999871,0.691068332956467,1.83937084848787,,,2.84258452913688,3.37368575945892,5.3195069428613,6.24594651079253,6.05844507302135,7.34096219027293,9.34819509850759,9.45949887554491,,,,,10.6027452139833,11.0890393496142,12.9194299620776,13.7948898209835
857.799999999871,0.683037778393942,1.83620357155196,,,2.77533505070161,3.37146856572351,5.31311486429317,6.22291378686808,6.06292974750751,7.36470377899453,9.34242275534043,9.44017457467536,,,,,10.5597069916049,11.1023351985691,12.8648049179165,13.7901090232608
858.399999999871,0.675007223831418,1.83303629461605,,,2.70808557226634,3.3692513719881,5.30672278572505,6.19988106294364,6.06804295741033,7.38656372617375,9.33665041217328,9.42085027380582,,,,,10.5166687692265,11.115631047524,12.8101798737555,13.7853282255381
858.999999999871,0.666976669268892,1.82986901768014,,,2.64083609383106,3.36703417825268,5.30033070715692,6.1768483390192,6.07358712046357,7.40810107803687,9.33087806900613,9.40152597293628,,,,,10.4736305468482,11.1289268964789,12.7555548295944,13.7805474278154
859.599999999871,0.658946114706367,1.82670174074424,,,2.5735866153958,3.36481698451727,5.2939386285888,6.15381561509475,6.07994131140326,7.42938884955882,9.32510572583896,9.38220167206675,,,,,10.4305923244698,11.1422227454338,12.7009297854333,13.7757666300927
860.199999999871,0.650915560143843,1.82353446380833,,,2.50633713696052,3.36259979078186,5.28754655002069,6.13078289117031,6.09160302631353,7.45060776959945,9.3193333826718,9.36287737119721,,,,,10.3878933139458,11.1555185943887,12.6463047412723,13.77098583237
860.79999999987,0.642885005581318,1.82036718687242,,,2.43908765852525,3.36038259704645,5.28287276544151,6.10775016724587,6.09505758100802,7.46032671891525,9.30305740259822,9.34355307032767,,,,,10.3441658677078,11.1661363411689,12.5916796971112,13.7662050346474
861.39999999987,0.625342980095991,1.81719990993652,,,2.3485386983679,3.35816540331104,5.32026852300323,6.04051415709415,6.08264930129923,7.44995926700039,9.27591092331414,9.32342737025732,,,,,10.2853680243773,11.1616904365807,12.5370546529501,13.7614242369247
861.99999999987,0.590322541668826,1.80362791288676,,,2.28829885882341,3.39812575486988,5.37906791230644,5.94835946761627,6.07242964928673,7.3986638342608,9.25620158009491,9.31011693062283,,,,,10.2245674357101,11.1553047996748,12.5042825084359,13.8033833816209
862.59999999987,0.558525109934752,1.79005591583475,,,2.33054916259093,3.43808610643785,5.42912815915781,5.9953525861715,6.0768836250603,7.35026889343676,9.2562563535992,9.36041975514581,,,,,10.2340885274361,11.1446413051469,12.5108087078636,13.8201875071546
863.19999999987,0.526727678201376,1.77648391878275,,,2.37279946638062,3.47804645800581,5.42446601292438,6.04234570475684,6.08217512695925,7.32177914207485,9.25476124402065,9.41072257968255,,,,,10.2628732577532,11.1506996224312,12.5173349072998,13.8369916326828
863.79999999987,0.494930246468,1.76291192173075,,,2.41504977017032,3.51800680957378,5.41980386667908,6.08933882334218,6.08860907558269,7.29339974868554,9.25326613444177,9.46102540421929,,,,,10.2913828059857,11.1567579397191,12.523861106736,13.853795758211
864.39999999987,0.463132814734622,1.74933992467874,,,2.45730007396001,3.55796716114174,5.41514172043379,6.13633194192752,6.09430387286747,7.26368825635485,9.25177102486289,9.51132822875603,,,,,10.3198923542181,11.162816257007,12.5303873061722,13.8705998837392
864.99999999987,0.431335383001246,1.73576792762674,,,2.4995503777497,3.59792751270971,5.41047957418849,6.18332506051285,6.09940806553023,7.23668327547178,9.25027591528401,9.56163105329277,,,,,10.3484019024505,11.168874574295,12.5369135056084,13.8874040092673
865.59999999987,0.39953795126787,1.72219593057473,,,2.54180068153939,3.63788786427767,5.4058174279432,6.2303181790982,6.10451967135376,7.2103995812312,9.24878080570512,9.61193387782952,,,,,10.376911450683,11.1749328915829,12.5434397050446,13.9042081347956
866.19999999987,0.367740519534493,1.70862393352273,,,2.58405098532908,3.67784821584564,5.40115528169791,6.27731129768353,6.11028704433946,7.18654370074122,9.24728569612624,9.66223670236626,,,,,10.4054209989154,11.1809912088708,12.5499659044808,13.9210122603237
866.79999999987,0.335943087801118,1.69505193647072,,,2.62630128911878,3.71780856741361,5.39649313545261,6.32430441626888,6.111843168171,7.16279878115421,9.24579058654736,9.712539526903,,,,,10.4336615460269,11.1870495261588,12.556492103917,13.9378163858519
867.399999999869,0.30414565606774,1.68147993941872,,,2.66855159290847,3.75776891898157,5.37678457322543,6.37129753485421,6.11801470218801,7.15093524149148,9.25484216399639,9.76284235143974,,,,,10.4618756543546,11.1972711935141,12.5630183033531,13.9546205113801
867.999999999869,0.283666676616384,1.66790794236671,,,2.74767800319295,3.79772927054954,5.38201295910474,6.48043487491629,6.14732589659152,7.18359733980824,9.28210168480847,9.7744435190612,,,,,10.5052389425532,11.2075212603943,12.5695445027893,13.9714246369083
868.599999999869,0.325674000412637,1.7265492408377,,,2.83738415741862,3.83032519704178,5.41987984404763,6.61326767948363,6.18692646358621,7.25007487209836,9.28308671593786,9.75790237439251,,,,,10.5918755100613,11.2159931102555,12.5955832050277,13.9038750753183
869.199999999869,0.338783253003365,1.78519053932442,,,2.85681226258526,3.86292112353242,5.43565751187992,6.6401293455237,6.20400534297979,7.29643080605206,9.29350035577116,9.71592040648212,,,,,10.6195379899578,11.2251682073994,12.5919066678625,13.8318589023661
869.799999999869,0.351892505587789,1.84383183781114,,,2.87624036773656,3.89551705002306,5.47695110197533,6.66699101154066,6.20025620143449,7.32818543166911,9.29815091468778,9.67393843856619,,,,,10.6175366143029,11.204060540488,12.5882301306908,13.759842729413
870.399999999869,0.365001758172212,1.90247313629786,,,2.89566847288787,3.9281129765137,5.5182446920763,6.69385267755762,6.19487224900457,7.35606348371903,9.30280147360316,9.63195647065025,,,,,10.6150198861387,11.18295287357,12.5845535935191,13.68782655646
870.999999999869,0.378111010756637,1.96111443478458,,,2.91509657803917,3.96070890300434,5.55953828217729,6.72071434357457,6.19054522999224,7.38666544685629,9.30745203251854,9.58997450273432,,,,,10.6125031579745,11.161845206652,12.5808770563474,13.6158103835069
871.599999999869,0.391220263341061,2.0197557332713,,,2.93452468319048,3.99330482949498,5.60083187227825,6.74757600959154,6.18693724641421,7.41437292723755,9.31210259143392,9.54799253481838,,,,,10.6099864298103,11.140737539734,12.5772005191758,13.5437942105538
872.199999999869,0.404329515925485,2.07839703175802,,,2.95395278834179,4.02590075598561,5.64212546237925,6.7744376756085,6.18272733882482,7.44232959929745,9.31675315034929,9.50601056690245,,,,,10.6074697016461,11.1196298728161,12.5735239820041,13.4717780376007
872.799999999869,0.417438768509909,2.13703833024475,,,2.97338089349309,4.05849668247625,5.68341905248022,6.80129934162545,6.17774947204427,7.46852355896259,9.32140370926467,9.46402859898652,,,,,10.6049529734818,11.0985222058981,12.5698474448324,13.3997618646476
873.399999999869,0.430548021094335,2.19567962873147,,,2.9928089986444,4.09109260896689,5.72471264258119,6.82816100764241,6.17490061735191,7.49463122873207,9.32605426818005,9.42204663107058,,,,,10.602930540602,11.0774145389801,12.5661709076607,13.3277456916945
873.999999999868,0.443657273678758,2.25432092721819,,,3.01223710379571,4.12368853545753,5.78223967894269,6.85502267365937,6.17880586531381,7.52053701103822,9.32111454304349,9.38006466315465,,,,,10.6008844424061,11.0562864191786,12.562494370489,13.2557295187414
874.599999999868,0.453000292450568,2.31296222570491,,,2.9957991923629,4.15628446194817,5.74388994285449,6.82121141367144,6.14606543008079,7.50355299533752,9.27460517507169,9.40835229348587,,,,,10.5961264920865,11.0364968070054,12.5588178333173,13.1837133457883
875.199999999868,0.446263184045796,2.30068434206785,,,2.95998592129194,4.08933117090752,5.67186261422906,6.77271251921395,6.10368539748459,7.46599651681865,9.18302249281955,9.44408099635782,,,,,10.5193185212668,11.0144903380921,12.5191146992321,13.2368029720832
875.799999999868,0.472586726576562,2.28840645841521,,,2.94670866339726,4.02237787984502,5.65929858838265,6.70997882170377,6.07469148219561,7.46276299534076,9.06914641965542,9.48517591485688,,,,,10.5001107593782,11,12.5000743109619,13.299525902749
876.399999999868,0.498910269114593,2.27612857476258,,,2.93343140550752,3.95542458878252,5.6476655473922,6.64724512419046,6.07818528666351,7.47415080362665,8.97228083922299,9.52627083335713,,,,,10.5195123458782,11.019544694681,12.4810339226961,13.3622488334169
876.999999999868,0.525233811652627,2.26385069110994,,,2.92015414761779,3.88847129772001,5.63603250640195,6.58451142667715,6.08611492143331,7.48920274294516,8.8754152587943,9.56736575185738,,,,,10.5391877584532,11.0390893893695,12.4619935344304,13.4249717640848
877.599999999868,0.551557354190659,2.25157280745731,,,2.90687688972805,3.82151800665751,5.62439946541168,6.52177772916384,6.09315214012572,7.50219226285476,8.7785496783656,9.60846067035763,,,,,10.5588631710282,11.058634084058,12.4429531461647,13.4876946947527
878.199999999868,0.57788089672869,2.23929492380467,,,2.89359963183832,3.754564715595,5.61276642442144,6.45904403165052,6.09989671069334,7.51598345416905,8.68168409793691,9.64955558885788,,,,,10.5785385836032,11.0781787787464,12.423912757899,13.5504176254205
878.799999999868,0.604204439266724,2.22701704015204,,,2.88032237394859,3.68761142453249,5.60113338343119,6.39631033413722,6.1070225607007,7.5280520589933,8.58481851750823,9.69065050735814,,,,,10.5982139961783,11.0977234734349,12.4048723696333,13.6131405560884
879.399999999868,0.630527981804756,2.2147391564994,,,2.86704511605885,3.62065813346999,5.58950034244094,6.33357663662391,6.11445026817628,7.54030278449359,8.48795293707953,9.73174542585838,,,,,10.6178894087533,11.1172681681234,12.3858319813676,13.6758634867563
879.999999999868,0.656851524342787,2.20246127284677,,,2.85376785816912,3.55370484240748,5.57786730145068,6.2708429391106,6.11833100388399,7.54402052984884,8.39108735665085,9.77284034435863,,,,,10.6367278278943,11.1368128628119,12.3667915931019,13.7385864174242
880.599999999867,0.68317506688082,2.19018338919413,,,2.84049060027939,3.48675155134498,5.57383152663401,6.20810924159729,6.10733672414167,7.53646709715401,8.29097324872502,9.81393526285888,,,,,10.6563651868463,11.133786953912,12.3477512048362,13.8013093480921
881.199999999867,0.710078615477402,2.1779055055415,,,2.83481384985998,3.41979826028247,5.65482820880921,6.17441557463751,6.1310207789993,7.54309579308505,8.24550070756746,9.83366854241626,,,,,10.6895434942204,11.1421474697813,12.3287108165705,13.86403227876
881.799999999867,0.702768910460171,2.21912745250088,,,2.81178010811854,3.42759088054047,5.67297544288115,6.19122010229963,6.16170835215034,7.56501645788045,8.318631954099,9.84185600907965,,,,,10.8026342930536,11.1634086057184,12.3457495077165,13.8679336057391
882.399999999867,0.68125424798961,2.26034939947211,,,2.78641511125493,3.43538350081501,5.61962863138076,6.19891601170965,6.18899480064472,7.55635682657026,8.42673526229765,9.84724005185255,,,,,10.8671558007802,11.1850836868429,12.3479159756737,13.8761491322081
882.999999999867,0.659739585515905,2.30157134644333,,,2.7610501143908,3.44317612108954,5.5952890303804,6.20661192111764,6.18807448459684,7.53016647021282,8.50823518724772,9.85262409462485,,,,,10.8953985462257,11.1762018625931,12.3500824436277,13.8843646586781
883.599999999867,0.638224923042199,2.34279329341456,,,2.73568511752668,3.45096874136408,5.57094942938645,6.21430783052564,6.18076423002259,7.49952628337113,8.5897351121919,9.85800813739713,,,,,10.9239376875539,11.1673200383365,12.3522489115816,13.8925801851481
884.199999999867,0.616710260568493,2.38401524038579,,,2.71032012066255,3.45876136163862,5.54660982839251,6.22200373993364,6.1748841931402,7.46957738895312,8.67123503713608,9.86339218016943,,,,,10.9524768288822,11.1584382140799,12.3544153795356,13.9007957116182
884.799999999867,0.595195598094789,2.42523718735701,,,2.68495512379842,3.46655398191315,5.52227022739857,6.22969964934164,6.16856612645751,7.43901092181164,8.75273496208026,9.86877622294172,,,,,10.9810159702104,11.1495563898233,12.3565818474895,13.9090112380882
885.399999999867,0.573680935621083,2.46645913432824,,,2.65959012693429,3.47434660218769,5.49793062640462,6.23739555874964,6.1628109780696,7.40946847111141,8.83423488702443,9.874160265714,,,,,11.0095551115387,11.1406745655667,12.3587483154435,13.9172267645582
885.999999999867,0.552166273147376,2.50768108129946,,,2.63422513007016,3.48213922246223,5.47359102541068,6.24509146815764,6.15700596129979,7.37930197255072,8.91573481196862,9.87954430848628,,,,,11.038094252867,11.1317927413102,12.3609147833975,13.9254422910282
886.599999999867,0.530651610673672,2.54890302827069,,,2.60886013320604,3.48993184273676,5.44925142441674,6.25278737756563,6.1542895627315,7.36021452463613,8.9972347369128,9.88492835125858,,,,,11.0669328629918,11.1229109170536,12.3630812513514,13.9336578174982
887.199999999866,0.509136948199967,2.59012497524192,,,2.58349513634191,3.4977244630113,5.38905509679268,6.26048328697363,6.16323391371654,7.34159364845574,9.08593522482603,9.89031239403086,,,,,11.0887935879885,11.1455772721974,12.3652477193054,13.9418733439682
887.799999999866,0.485288691828821,2.63134692221314,,,2.54386443497277,3.50551708328584,5.29880342762814,6.27652805730547,6.15450016791654,7.32010107704134,9.15155370723961,9.88746357234824,,,,,11.0959158124626,11.1484965765308,12.3674141872593,13.9500888704382
888.399999999866,0.470391865884106,2.64693282785009,,,2.54327138052643,3.62119886898494,5.24892163290158,6.18676111922479,6.12771300736739,7.27030011371828,9.16482443631308,9.94466869017579,,,,,11.0181633683722,11.1312653473014,12.3306664086535,13.9203974090071
888.999999999866,0.464252377014352,2.66251873348132,,,2.57049007189085,3.73688065470807,5.31245859975752,6.16050324474264,6.09662571304113,7.21526792734001,9.17447402718999,10.0207208847072,,,,,10.9292824391138,11.1098381136083,12.3106250827138,13.8969696970807
889.599999999866,0.458112888146552,2.67810463911255,,,2.59770876326148,3.85256244043121,5.32592601916753,6.13424537027465,6.0842653602231,7.18537949631525,9.21788865204699,10.0967730792429,,,,,10.8713215376534,11.1361762327201,12.2905837567777,13.8735419851558
890.199999999866,0.451973399278753,2.69369054474378,,,2.62492745463211,3.96824422615435,5.33939343856635,6.10798749580666,6.07846396027382,7.16167191061217,9.26130327691155,10.1728252737785,,,,,10.8127993622796,11.1625143518425,12.2705424308417,13.8501142732308
890.799999999866,0.445833910410953,2.70927645037502,,,2.65214614600274,4.08392601187749,5.35286085796519,6.08172962133867,6.07130823181344,7.1347271347,9.30471790177609,10.2488774683142,,,,,10.7542771869057,11.1888524709649,12.2505011049057,13.8266865613058
891.399999999866,0.439694421543151,2.72486235600625,,,2.67936483737336,4.19960779760063,5.36632827736401,6.05547174687067,6.06463650540473,7.10871764268587,9.34813252664062,10.3249296628498,,,,,10.6957550115318,11.2151905900873,12.2304597789697,13.8032588493808
891.999999999866,0.433554932675351,2.74044826163748,,,2.70658352874399,4.31528958332377,5.37979569676285,6.02921387240268,6.05696901595717,7.0837132953884,9.39154715150517,10.4009818573854,,,,,10.6372328361579,11.2415287092097,12.2104184530337,13.7798311374558
892.599999999866,0.427415443807552,2.75603416726871,,,2.73380222011462,4.4309713690469,5.39326311616167,6.00295599793469,6.0484444358614,7.06138487888109,9.43496177636972,10.4770340519211,,,,,10.578710660784,11.2678668283321,12.1903771270976,13.7564034255308
893.199999999866,0.421275954939752,2.77162007289995,,,2.76102091148524,4.54665315477004,5.4067305355605,5.97669812346669,6.03886481959756,7.03783392870652,9.47837640123426,10.5530862464567,,,,,10.5202909304937,11.2942049474545,12.1703358011616,13.7329757136059
893.799999999865,0.415136466071952,2.78720597853118,,,2.78823960285587,4.66233494049318,5.45903570666409,5.9504402489987,6.02056565766351,7.02743782471869,9.52270297872782,10.6291384409924,,,,,10.466842903949,11.3019366825061,12.1502944752256,13.7095480016809
894.399999999865,0.409520283045985,2.80279188416241,,,2.85673238241002,4.77801672621632,5.51586971835004,5.91676449357197,6,7.03570048200504,9.54666345490208,10.6715050966275,,,,,10.4103734703309,11.3121644163645,12.1302531492896,13.6861202897559
894.999999999865,0.442350500443536,2.77561266828757,,,2.94228521061073,4.7894394791443,5.65745514616676,5.94524184963814,6.01133231137493,7.0859440874875,9.69692733713298,10.6499077458328,,,,,10.4397145763744,11.3379061207254,12.177907474214,13.6757176458951
895.599999999865,0.468754874558402,2.74843345240313,,,3.02183400292284,4.80086223204888,5.7013474499479,5.97852797522498,6.03938869867013,7.18037795106036,9.8337595050288,10.6360687752857,,,,,10.5209858147579,11.3666083379464,12.2193625351049,13.6663470557372
896.199999999865,0.495159248671822,2.72125423651869,,,3.10138279523361,4.81228498495345,5.78263867043946,6.01181410081291,6.05215489307694,7.25395522614435,9.9581204092603,10.6222298047403,,,,,10.5752739810969,11.3444882737698,12.2608175959944,13.6569764655796
896.799999999865,0.521563622785244,2.69407502063425,,,3.18093158754438,4.82370773785803,5.86392989093942,6.04510022640084,6.06027636538989,7.31957569820908,10.082481313489,10.608390834195,,,,,10.6302801654218,11.3223682095818,12.3022726568839,13.647605875422
897.399999999865,0.547967996898664,2.66689580474981,,,3.26048037985515,4.83513049076261,5.94522111143939,6.07838635198878,6.06947361621009,7.39058964354254,10.2068422177177,10.5945518636496,,,,,10.6852863497468,11.3002481453938,12.3437277177734,13.6382352852644
897.999999999865,0.574372371012084,2.63971658886536,,,3.34002917216592,4.84655324366718,6.02651233193937,6.1116724775767,6.07871905102578,7.46125333855847,10.3312031219464,10.5807128931042,,,,,10.7402925340718,11.2781280812057,12.3851827786628,13.6288646951068
