Time (s),"Primary somatosensory area, barrel field (L)","Primary somatosensory area, barrel field (R)","Primary somatosensory area, lower limb (L)","Primary somatosensory area, lower limb (R)",Supplemental somatosensory area (L),Supplemental somatosensory area (R),Olfactory areas (L),Olfactory areas (R),Hippocampal formation (L),Hippocampal formation (R),Cortical subplate (L),Cortical subplate (R),Striatum (L),Striatum (R),Pallidum (L),Pallidum (R),Thalamus (L),Thalamus (R),Hypothalamus (L),Hypothalamus (R)
10.6,0.413620841879603,1.44840427781283,2.61088790664921,4.74357307128612,5.7715823331858,6.30315189322249,6.03694945660586,7.59529755615326,9.19723239437762,10.4196603842805,11.6976939820468,11.4517520482738,12.3891372772413,14.2963905847292,,,15.4511811348099,16.7601634566714,17.6897823153076,18.6792291480343
11.1999999999999,0.432120020235647,1.46643560247874,2.63813195319076,4.72687952109814,5.79282639350442,6.32184841222964,6.06338452760289,7.61206749200011,9.20058224307171,10.428648820715,11.7037209207447,11.4421068516656,12.3791126506833,14.3705106121781,,,15.4637682401111,16.7673949239682,17.6988533696867,18.6831011891665
11.7999999999998,0.450619198591692,1.48446692714465,2.66537599973232,4.71018597091016,5.81407045382305,6.34054493123679,6.08981959859992,7.62883742784698,9.20393209176581,10.4376372571494,11.7097478594426,11.4324616550575,12.3690880241253,14.444630639627,,,15.4763553454123,16.7746263912649,17.7079244240659,18.6869732302988
12.3999999999997,0.469118376947736,1.50249825181057,2.69262004627387,4.69349242072218,5.83531451414168,6.35924145024394,6.11625466959695,7.64560736369384,9.20720536571747,10.4463117278599,11.7157747981405,11.4228164584493,12.3590633975672,14.5187506670759,,,15.4889424507136,16.7818578585617,17.716995478445,18.690845271431
12.9999999999996,0.487617555303781,1.52052957647648,2.71986409281543,4.67679887053421,5.85655857446031,6.37793796925109,6.14268974059399,7.6623772995407,9.21131476227018,10.4551133395275,11.7218017368384,11.4131712618411,12.3490387710092,14.5928706945248,,,15.5015295560148,16.7890893258585,17.7260665328241,18.6947173125633
13.5999999999995,0.506116733659825,1.5385609011424,2.74710813935699,4.66010532034623,5.87780263477894,6.39663448825824,6.16912481159102,7.67914723538756,9.21529078256994,10.4628413691505,11.7278286755363,11.403526065233,12.3390141444512,14.6669907219737,,,15.514116661316,16.7963207931552,17.7351375872033,18.6985893536955
14.1999999999995,0.524615912015869,1.55659222580831,2.77435218589854,4.64341177015825,5.89904669509756,6.41533100726539,6.19555988258805,7.69591717123443,9.21967935725353,10.4701317035537,11.7338556142342,11.3938808686248,12.3289895178931,14.7411107494226,,,15.5267037666172,16.803552260452,17.7442086415824,18.7024613948278
14.7999999999994,0.543115090371914,1.57462355047422,2.8015962324401,4.62671821997027,5.92029075541619,6.43402752627254,6.22199495358509,7.71268710708129,9.22500065372646,10.4768111075059,11.7398825529321,11.3842356720166,12.3189648913351,14.8152307768715,,,15.5362490942728,16.8102430244625,17.7532796959615,18.70633343596
15.3999999999993,0.561550308850573,1.59150966635057,2.82884027898165,4.6100246697823,5.94153481573482,6.44481120273636,6.24972528255301,7.72655010480642,9.23048640855808,10.4800617081041,11.7459094916299,11.3760531668338,12.3089402647771,14.8893508043204,,,15.5401894283506,16.8090463210647,17.7623507503406,18.7102054770923
15.9999999999992,0.578382667255276,1.60205163098167,2.85608432552321,4.59333111959432,5.95597379609427,6.44130289323807,6.27453249733721,7.72794275355183,9.23318698576271,10.4780998092732,11.7489226298541,11.3690101625615,12.2989156382191,14.9634708317692,,,15.5372109494754,16.8067945551675,17.7661873116154,18.7101995597199
16.5999999999991,0.587848265431823,1.608656447436,2.88332837206476,4.57663756940634,5.96838234140866,6.43927956389771,6.28913747143646,7.72309692033335,9.23693279189658,10.4795919616362,11.7041700559464,11.381213129853,12.2645029728039,15.0336044279818,,,15.5350177743253,16.8124387926443,17.7547675557081,18.7160442708879
17.199999999999,0.599334812838858,1.61012483851813,2.85002525148359,4.61058080175562,5.99111443033243,6.41461382347013,6.29729915298541,7.71904693828883,9.24042107043474,10.4777473546941,11.6961667482491,11.3878141846054,12.2489619395165,15.0562670376549,,,15.5320571875109,16.817665076308,17.7463877608466,18.7167630032302
17.7999999999989,0.588071897833078,1.58779824357103,2.81672213090232,4.64452403410496,5.99907268846404,6.38846060272579,6.2991059182404,7.70986090231924,9.24211338820069,10.4703826600192,11.6840409696976,11.4062338258143,12.2334209062292,15.0746238730282,,,15.5253120515688,16.8199107282625,17.7333654940128,18.7305437017613
18.3999999999988,0.566107565919705,1.5597368721473,2.78341901032106,4.67846726645431,5.99497513170406,6.35402453265472,6.28454102768049,7.69173921792055,9.24124948152899,10.4618210457719,11.6579478730795,11.4296704676815,12.2178798729418,15.0929807084015,,,15.5101757154036,16.8212270188081,17.7203432271789,18.7443244002925
18.9999999999987,0.544143234006311,1.53167550072357,2.75011588973979,4.71241049880366,5.99087757494405,6.31958846258364,6.26997613712055,7.67361753352184,9.24118889318298,10.4533029528756,11.6318547764615,11.4531071095487,12.2023388396544,15.1113375437747,,,15.497071493572,16.8146464797688,17.707320960345,18.7581050988236
19.5999999999986,0.522178902092918,1.50361412929984,2.71681276915853,4.74635373115301,5.98678001818405,6.28515239251256,6.25541124656061,7.65549584912313,9.24245687237356,10.4455756927156,11.6057616798434,11.4765437514158,12.186797806367,15.129694379148,,,15.483609294196,16.8067959305281,17.6942986935112,18.7718857973547
20.1999999999985,0.500214570179524,1.47555275787611,2.68350964857726,4.78029696350236,5.98268246142404,6.25071632244148,6.24084635600067,7.63737416472443,9.24316723061521,10.4381452811894,11.5796685832254,11.499980393283,12.1712567730797,15.1480512145212,,,15.47014709482,16.7989453812874,17.6812764266773,18.7856664958858
20.7999999999985,0.47825023826613,1.44749138645238,2.650206527996,4.81424019585171,5.97858490466404,6.2162802523704,6.22628146544073,7.61925248032572,9.24388605219861,10.4304068384556,11.5535754866073,11.5234170351501,12.1557157397923,15.1664080498945,,,15.456684895444,16.7910948320467,17.6682541598434,18.799447194417
21.3999999999984,0.456285906352737,1.41943001502865,2.61690340741473,4.84818342820106,5.97448734790403,6.18184418229932,6.21171657488078,7.60113079592701,9.24452281921362,10.422593320899,11.5274823899892,11.5468536770173,12.1401747065049,15.1847648852677,,,15.4432226960681,16.783244282806,17.6552318930096,18.8132278929481
21.9999999999983,0.434321574439344,1.39136864360491,2.58360028683346,4.88212666055041,5.97038979114403,6.14740811222823,6.19715168432085,7.58300911152831,9.24515958622863,10.4146466555021,11.5013892933711,11.5702903188845,12.1246336732175,15.203121720641,,,15.4297604966921,16.7753937335652,17.6422096261757,18.8270085914792
22.5999999999982,0.41235724252595,1.36330727218118,2.5502971662522,4.91606989289976,5.96629223438402,6.11297204215715,6.1825867937609,7.5648874271296,9.24579635324364,10.4066999901053,11.4752961967531,11.5937269607516,12.1090926399302,15.2214785560143,,,15.4162982973161,16.7675431843245,17.6291873593418,18.8407892900103
23.1999999999981,0.390392910612557,1.33524590075745,2.51699404567093,4.95001312524911,5.96219467762402,6.07853597208607,6.16802190320096,7.54676574273089,9.24647557161143,10.3989271414804,11.449203100135,11.6171636026188,12.0935516066428,15.2398353913875,,,15.4028360979401,16.7596926350838,17.616165092508,18.8545699885415
23.799999999998,0.368428578699164,1.30718452933372,2.48369092508967,4.98395635759846,5.95809712086401,6.04409990201499,6.15345701264102,7.52864405833219,9.24654345463761,10.3912513449359,11.4231100035169,11.6406002444859,12.0780105733554,15.2581922267608,,,15.3893738985641,16.7518420858431,17.6031428256741,18.8683506870726
24.3999999999979,0.34646424678577,1.27912315790999,2.4503878045084,5.01789958994781,5.95399956410401,6.00966383194391,6.13889212208108,7.51052237393348,9.24634503695906,10.3842849199959,11.3970169068989,11.6640368863531,12.062469540068,15.276549062134,,,15.3759116991881,16.7439915366023,17.5901205588402,18.8821313856037
24.9999999999978,0.324499914872377,1.25106178648626,2.41708468392714,5.05184282229715,5.949902007344,5.97522776187283,6.12432723152113,7.49240068953478,9.24614116540977,10.377705131822,11.3709238102808,11.6874735282203,12.0469285067807,15.2949058975073,,,15.3624494998122,16.7361409873616,17.5770982920064,18.8959120841348
25.5999999999977,0.302535582958983,1.22300041506253,2.38378156334587,5.0857860546465,5.945804450584,5.94079169180175,6.1097623409612,7.47427900513607,9.24611192931957,10.3723449487743,11.3448307136627,11.7109101700874,12.0313874734933,15.3132627328806,,,15.3533798788942,16.729526042723,17.5640760251725,18.909692782666
26.1999999999976,0.280640826990083,1.19640507069468,2.3504784427646,5.11972928699585,5.94170689382399,5.91066628088806,6.09408604312894,7.46639322250154,9.24683372289419,10.3719976706548,11.3187376170447,11.7378269786119,12.0158464402059,15.3316195682538,,,15.3489535617443,16.7325889395848,17.5510537583386,18.9234734811971
26.7999999999975,0.260251797122728,1.17177207820806,2.31717532218334,5.1536725193452,5.93963927510182,5.88710589961093,6.0624648287917,7.47387382536182,9.24922298641393,10.374488215483,11.2922485454988,11.7625602942884,12.0003054069185,15.3499764036271,,,15.3472442337304,16.7337889640427,17.5292584421956,18.9386367367182
27.3999999999975,0.243431625205017,1.15076778607114,2.28387220160207,5.18761575169455,5.93417249601454,5.86084540053867,6.0427504618522,7.48622414956086,9.25059160707606,10.3778480940198,11.3043353538719,11.7715980557631,12.0082338641798,15.3544117728538,,,15.3447695914777,16.7297111894651,17.5013405430959,18.9488732750305
27.9999999999974,0.226878031008807,1.13605399000169,2.30963741247881,5.16973089535255,5.90909587534703,5.85880789694921,6.02177349875972,7.49745276077756,9.25219415606939,10.3840639781624,11.3369644940402,11.7809070322367,12.0720572632311,15.3111907908618,,,15.3445396731293,16.7203540733676,17.4718961516361,18.9597625262208
28.5999999999973,0.222891802920336,1.13544436504212,2.3354026233558,5.15184603901033,5.89089927193933,5.85544653079565,6,7.51494914023576,9.25546239859883,10.392332506885,11.3557604244091,11.7848953638666,12.1358806622827,15.2681721748777,,,15.3465072348156,16.7128864916104,17.4397431823254,18.9593884553314
29.1999999999972,0.221675130849677,1.13738463749827,2.36116783423279,5.13396118266812,5.87823785477654,5.8609576368892,6.00660994914075,7.53119748319733,9.2581277267059,10.4007426663295,11.3838895157792,11.7860890437846,12.1997040613343,15.2251535588936,,,15.3502714649528,16.7074222473546,17.4075902130146,18.9590143844419
29.7999999999971,0.22045845877903,1.13932490995444,2.38693304510978,5.1160763263259,5.86557643761377,5.8664687429828,6.01321989828162,7.54744582615889,9.26023493617025,10.4071297973496,11.4120186071494,11.7872827237026,12.2635274603859,15.1821349429094,,,15.3537003924516,16.7054440276684,17.3754372437039,18.9586403135524
30.399999999997,0.219241786708383,1.1412651824106,2.41269825598677,5.09819146998368,5.85291502045099,5.8719798490764,6.0198298474225,7.56369416912045,9.26157059717657,10.4116164757846,11.4401476985195,11.7884764036206,12.3273508594374,15.1391163269253,,,15.3571771015469,16.7044400897035,17.3432842743932,18.9582662426629
30.9999999999969,0.218025114637737,1.14320545486677,2.43846346686376,5.08030661364146,5.84025360328822,5.87749095517,6.02643979656338,7.57994251208201,9.26268481747272,10.4160081253911,11.4682767898897,11.7896700835386,12.391174258489,15.0960977109412,,,15.3606538106422,16.7034361517386,17.3111313050824,18.9578921717733
31.5999999999968,0.216808442567089,1.14514572732293,2.46422867774075,5.06242175729924,5.82759218612545,5.88300206126359,6.03304974570426,7.59619085504358,9.26350022030377,10.4202834903567,11.4964058812598,11.7908637634566,12.4549976575406,15.0530790949571,,,15.3641305197374,16.7024322137737,17.2789783357717,18.9575181008838
32.1999999999967,0.215591770496443,1.1470859997791,2.48999388861774,5.04453690095703,5.81493076896268,5.88851316735719,6.03965969484514,7.61243919800514,9.26427581838676,10.42419566709,11.52453497263,11.7920574433745,12.5188210565922,15.010060478973,,,15.3676072288327,16.7014282758088,17.246825366461,18.9571440299943
32.7999999999966,0.214375098425796,1.14902627223526,2.51575909949473,5.02665204461481,5.80226935179991,5.89402427345079,6.04626964398601,7.6286875409667,9.26505141646976,10.4283271251369,11.5526640640002,11.7932511232925,12.5826444556438,14.9670418629889,,,15.371083937928,16.7004243378439,17.2146723971502,18.9567699591048
33.3999999999965,0.213158426355149,1.15096654469143,2.54152431037172,5.00876718827259,5.78960793463713,5.89953537954439,6.0528795931269,7.64493588392826,9.26582701455276,10.4324585831839,11.5807931553703,11.7944448032105,12.6464678546953,14.9240232470047,,,15.3745606470232,16.699420399879,17.1825194278395,18.9563958882153
33.9999999999965,0.211941754284502,1.15290681714759,2.56728952124871,4.99088233193037,5.77694651747436,5.90504648563798,6.05948954226777,7.66118422688983,9.2666350254537,10.436529947741,11.6089222467405,11.7956384831285,12.7102912537469,14.8810046310206,,,15.3780373561185,16.6984164619141,17.1503664585288,18.9560218173258
34.5999999999964,0.210725082213856,1.15484708960375,2.5930547321257,4.97299747558815,5.76428510031159,5.91055759173158,6.06609949140865,7.67743256985139,9.2680015440467,10.4404716672523,11.6370513381106,11.7968321630465,12.7741146527985,14.8379860150365,,,15.3815140652138,16.6974125239492,17.1182134892181,18.9556477464363
35.1999999999963,0.209508410143209,1.15678736205992,2.61881994300269,4.95511261924594,5.75162368314882,5.91606869782518,6.07270944054953,7.69368091281295,9.2698753318281,10.4441568844343,11.6651804294808,11.7980258429645,12.8379380518501,14.7949673990524,,,15.384990774309,16.6964085859843,17.0860605199073,18.9552736755468
35.7999999999962,0.208291738072562,1.15872763451608,2.64458515387968,4.93722776290372,5.73896226598605,5.92157980391878,6.07931938969041,7.70992925577452,9.27099203366008,10.4481998011643,11.693309520851,11.7992195228825,12.9017614509017,14.7519487830683,,,15.3884674834043,16.6954046480194,17.0539075505966,18.9548996046573
36.3999999999961,0.207075066001916,1.16066790697225,2.67035036475668,4.9193429065615,5.72630084882327,5.92709091001237,6.08592933883128,7.72617759873608,9.27071929110092,10.4503768119545,11.7214386122211,11.8004132028005,12.9655848499532,14.7089301670841,,,15.3911332118981,16.6932287244569,17.0217545812859,18.9545255337678
36.999999999996,0.205812807180172,1.16098311481937,2.69611557563366,4.90145805021928,5.7136394316605,5.93332033178971,6.0948537656048,7.7308340261583,9.26951812251145,10.4470861553642,11.7495677035913,11.7958197218555,13.0294082490048,14.6659115511,,,15.3923691523703,16.6857412871744,16.9896016119751,18.9541514628783
37.5999999999959,0.206151431356657,1.1640529659301,2.72188078651065,4.88357319387706,5.7026792022248,5.93924902764784,6.11321142520025,7.72344368736162,9.2665408093334,10.4433981680631,11.7673022376141,11.7958716697465,13.0932316480564,14.6228929351159,,,15.3993099907817,16.6795020462928,16.9728300986188,18.9525610208353
38.1999999999958,0.208874438788046,1.16692712551497,2.74764599738764,4.86568833753485,5.66872678475769,5.94505067797141,6.13241403214413,7.71325115318766,9.2641675877437,10.435922539992,11.7658885184663,11.7924069840441,13.1538413102785,14.5860341120312,,,15.4044509813168,16.6671884113049,16.9842290812858,18.9431422934403
38.7999999999957,0.214072522674254,1.17020849021187,2.78288214994501,4.88729158704052,5.65777095931836,5.94886147765482,6.15562711203211,7.70243271032857,9.26167567591475,10.4281391848205,11.7390610744788,11.7841081381866,13.1614032006422,14.5839474729352,,,15.4069617363385,16.6612191631316,16.9962468004086,18.927702647723
39.3999999999956,0.216203401515801,1.17259442944535,2.81811830250244,4.90889483654646,5.64756571729796,5.95931423161369,6.17203508452296,7.68509043755073,9.25818533449179,10.4203001439631,11.7419925365434,11.7775954136529,13.1689650910056,14.5836396405908,,,15.4088865822778,16.6545520817966,17.033758735926,18.9094064986496
39.9999999999955,0.220175598717068,1.17611089276915,2.85335445505987,4.9304980860524,5.63658838316542,5.96019501261086,6.16964440240042,7.6840191095073,9.25523641447871,10.4129240346444,11.7349216163105,11.7723711654033,13.1765269813689,14.5833318082463,,,15.4116652427885,16.6485398258749,17.0712706714436,18.8911103495761
40.5999999999955,0.224147795918348,1.17962735609295,2.8885906076173,4.95210133555835,5.62561104903288,5.96107579360796,6.16725372027774,7.682947781464,9.25287322982322,10.408442166173,11.7278506960776,11.7671469171538,13.1840888717323,14.5830239759018,,,15.4102675135222,16.6439288489749,17.1087826069611,18.8728142005026
41.1999999999954,0.228119993119629,1.18314381941676,2.92382676017473,4.97370458506429,5.61463371490034,5.96195657460506,6.16486303815506,7.6818764534207,9.25008126464146,10.4046493738749,11.7207797758446,11.7619226689042,13.1916507620956,14.5827161435573,,,15.409700325833,16.6388366956666,17.1462945424787,18.8545180514291
41.7999999999953,0.232092190320909,1.18666028274057,2.95906291273216,4.99530783457023,5.6036563807678,5.96283735560217,6.16247235603238,7.68080512537739,9.24787127014422,10.4007247971486,11.7137088556117,11.7566984206546,13.199212652459,14.5824083112129,,,15.4091331381438,16.6337445423583,17.1838064779963,18.8362219023557
42.3999999999952,0.23606438752219,1.19017674606437,2.99429906528958,5.01691108407618,5.59267904663525,5.96371813659927,6.1600816739097,7.67973379733409,9.24589794053695,10.3973330457208,11.7066379353788,11.7514741724051,13.2067745428223,14.5821004788684,,,15.4085659504546,16.62865238905,17.2213184135139,18.8179257532822
42.9999999999951,0.24003658472347,1.19369320938818,3.02953521784701,5.03851433358212,5.58170171250271,5.96459891759637,6.15769099178701,7.6786624692908,9.24480014888326,10.39454194685,11.6995670151458,11.7462499241555,13.2143364331857,14.5817926465239,,,15.4079987627654,16.6235602357417,17.2588303490315,18.7996296042087
43.599999999995,0.244008781924751,1.19720967271199,3.06477137040444,5.06011758308807,5.57072437837017,5.96547969859347,6.15530030966434,7.67759114124749,9.24370235722958,10.3914469678167,11.6924960949129,11.741025675906,13.221898323549,14.5814848141794,,,15.4074315750762,16.6184680824334,17.2963422845491,18.7813334551353
44.1999999999949,0.247980979126031,1.20072613603579,3.10000752296187,5.08172083259401,5.55974704423763,5.96636047959057,6.15290962754165,7.67651981320419,9.2426045655759,10.3883519887833,11.6854251746799,11.7358014276564,13.2294602139124,14.5811769818349,,,15.406864387387,16.6133759291251,17.3338542200667,18.7630373060618
44.7999999999948,0.251953176327312,1.2042425993596,3.1352436755193,5.10332408209995,5.54876971010508,5.96724126058767,6.15051894541897,7.67544848516088,9.24147133489907,10.3853156185481,11.678354254447,11.7305771794068,13.2370221042757,14.5808691494905,,,15.4062971996978,16.6082837758169,17.3713661555843,18.7447411569883
45.3999999999947,0.255925373528592,1.20775906268341,3.17047982807673,5.1249273316059,5.53779237597254,5.96812204158477,6.14812826329629,7.67437715711759,9.23975078964491,10.3823072396756,11.671283334214,11.7253529311573,13.2445839946391,14.580561317146,,,15.4057300120086,16.6031916225086,17.4088780911019,18.7264450079148
45.9999999999946,0.259897570729872,1.21127552600721,3.20571598063416,5.14653058111184,5.52681504184,5.96900282258187,6.14573758117361,7.67330582907428,9.23772531032043,10.3799274678556,11.6642124139811,11.7201286829077,13.2521458850024,14.5802534848015,,,15.4051628243194,16.5980994692003,17.4463900266194,18.7081488588413
46.5999999999945,0.263869767931153,1.21479198933102,3.24095213319159,5.16813383061779,5.51583770770746,5.96988360357898,6.14334689905092,7.67223450103098,9.23662667198092,10.3771421252523,11.6571414937482,11.7149044346582,13.2597077753658,14.579945652457,,,15.4045956366302,16.593007315892,17.483901962137,18.6898527097679
47.1999999999945,0.267841965132434,1.21830845265483,3.27618828574902,5.18973708012373,5.50486037357492,5.97076438457608,6.14095621692825,7.67116317298768,9.23685795980303,10.3773005967158,11.6500705735152,11.7096801864086,13.2672696657291,14.5796378201126,,,15.4025559359093,16.5886099854818,17.5214138976546,18.6715565606944
47.7999999999944,0.271699456301774,1.22222782171989,3.31142443830645,5.21134032962967,5.49388303944237,5.96835619496401,6.1349873713712,7.67138383411599,9.23724608375403,10.3795007931896,11.6429996532823,11.7048853131538,13.2748315560925,14.5793299877681,,,15.3970898324336,16.5854118451527,17.5589258331722,18.6532604116209
48.3999999999943,0.272712802540031,1.22012380690128,3.34666059086388,5.23294357913562,5.48140082552655,5.96346732672496,6.1460624604005,7.67694559098653,9.24003460440228,10.383195283334,11.6405373902483,11.6990165457957,13.2823934464558,14.5790221554236,,,15.3897645331996,16.5816758545402,17.5887234575957,18.6393318757415
48.9999999999942,0.26733521866788,1.21509541846522,3.38189674342131,5.25454682864156,5.50592853088132,5.96967477462941,6.15176576520929,7.67748034274599,9.24281065850931,10.3886108019454,11.6431554935692,11.6980255943849,13.2889001126191,14.5486008505123,,,15.3840791317087,16.58480161074,17.5822952216126,18.6382078746824
49.5999999999941,0.256941976612774,1.20557736679616,3.30512470212115,5.19595902287837,5.51084391104293,5.97191233450324,6.15235002571137,7.67315444324695,9.24546991485304,10.3922598870784,11.6211799341347,11.697151141423,13.2834621920338,14.5330470785669,,,15.3792409333121,16.5870831384779,17.5927300076471,18.6343056468421
50.199999999994,0.24843681499048,1.19720277967774,3.22835266081991,5.1373712171144,5.51874024373995,5.97646619218926,6.15826825110589,7.67437496445102,9.24808156121295,10.3935171859056,11.5858951396009,11.6917577345753,13.2780242714485,14.5176263811377,,,15.3763344109216,16.5913475255925,17.5813556723527,18.6494570540102
50.7999999999939,0.240240959249094,1.18936466944671,3.15158061951866,5.07878341135043,5.5299118597307,5.98614368735506,6.15826392378184,7.66550098532128,9.25210821158818,10.3940164669481,11.5624915305617,11.6853770117639,13.2725863508631,14.5022056837084,,,15.3742684329621,16.5972395538116,17.5699813370581,18.6646084611785
51.3999999999938,0.232045103507711,1.1815265592157,3.07480857821742,5.02019560558646,5.54108347572149,5.9958211825209,6.15825959645773,7.65662700619143,9.25546030476574,10.3924714008968,11.5390879215227,11.6789962889525,13.2671484302777,14.4867849862791,,,15.3759304125927,16.600236358942,17.5586070017636,18.6797598683467
51.9999999999937,0.223849247766328,1.17368844898468,2.99803653691618,4.9616077998225,5.55225509171228,6.00549867768675,6.1582552691336,7.64775302706159,9.25949643741177,10.3927658169196,11.5156843124836,11.6726155661411,13.2617105096923,14.4713642888499,,,15.3774472182032,16.6040921037643,17.547232666469,18.694911275515
52.5999999999936,0.215653392024945,1.16585033875366,2.92126449561493,4.90301999405853,5.56342670770308,6.0151761728526,6.15825094180949,7.63887904793174,9.26302761369261,10.3932290541539,11.4922807034445,11.6662348433297,13.2562725891069,14.4559435914206,,,15.3789640238136,16.6079478485865,17.5358583311744,18.7100626826833
53.1999999999935,0.207457536283562,1.15801222852265,2.84449245431369,4.84443218829456,5.57459832369387,6.02485366801845,6.15824661448537,7.63000506880191,9.26649435244049,10.3931584406546,11.4688770944054,11.6598541205184,13.2508346685215,14.4405228939913,,,15.3804808294241,16.6118035934087,17.5244839958799,18.7252140898516
53.7999999999935,0.199261680542179,1.15017411829163,2.76772041301244,4.78584438253059,5.58576993968466,6.0345311631843,6.15824228716126,7.62113108967207,9.26856354726211,10.392411950193,11.4454734853663,11.653473397707,13.2453967479361,14.4251021965621,,,15.3819976350346,16.6156593382309,17.5131096605853,18.7403654970199
54.3999999999934,0.191065824800796,1.14233600806061,2.6909483717112,4.72725657676662,5.59694155567545,6.04420865835015,6.15823795983714,7.61225711054222,9.27063274208371,10.3919228940938,11.4220698763272,11.6470926748956,13.2399588273508,14.4096814991328,,,15.3835144406451,16.6195150830532,17.5017353252907,18.7555169041881
54.9999999999933,0.182869969059412,1.1344978978296,2.61417633040995,4.66866877100265,5.60811317166624,6.05388615351599,6.15823363251303,7.60338313141238,9.27270193690531,10.3914338379946,11.3986662672882,11.6407119520842,13.2345209067654,14.3942608017035,,,15.3850312462556,16.6233708278754,17.4903609899962,18.7706683113564
55.5999999999932,0.174674113318029,1.12665978759858,2.53740428910871,4.61008096523868,5.61928478765703,6.06356364868184,6.15822930518892,7.59450915228254,9.27474780857559,10.3907461219626,11.3752626582491,11.6343312292728,13.22908298618,14.3788401042743,,,15.3865480518661,16.6272265726976,17.4789866547016,18.7858197185247
56.1999999999931,0.166478257576646,1.11882167736756,2.46063224780746,4.55149315947471,5.63045640364782,6.07324114384769,6.1582249778648,7.5856351731527,9.27718076683359,10.3899720514779,11.35185904921,11.6279505064615,13.2236450655946,14.363419406845,,,15.3880648574766,16.6310823175199,17.467612319407,18.800971125693
56.799999999993,0.158282401835263,1.11098356713654,2.38386020650622,4.49290535371074,5.64162801963861,6.08291863901354,6.15822065054068,7.57676119402286,9.27948640060326,10.3889937941261,11.3284554401709,11.6215697836501,13.2182071450092,14.3479987094157,,,15.389581663087,16.6349380623421,17.4562379841125,18.8161225328613
57.3999999999929,0.150086546093879,1.10314545690553,2.30708816520498,4.43431754794677,5.6527996356294,6.09259613417938,6.15821632321657,7.56788721489301,9.28079107196882,10.3878416308706,11.3050518311318,11.6151890608387,13.2127692244238,14.3325780119865,,,15.3910984686975,16.6387938071643,17.4448636488179,18.8312739400296
57.9999999999928,0.141890690352496,1.09530734667451,2.23031612390373,4.3757297421828,5.66397125162019,6.10227362934523,6.15821199589245,7.55901323576318,9.28175762535865,10.3852351770342,11.2816482220928,11.6088083380273,13.2073313038385,14.3171573145572,,,15.3922775703105,16.6421357782305,17.4334893135233,18.8464253471978
58.5999999999927,0.133835458265338,1.08792456852329,2.15354408260249,4.31714193641884,5.67514286761098,6.11380492056478,6.16161361049306,7.55643777415258,9.28355205777557,10.3876944479637,11.2582446130537,11.6088613391648,13.2018933832531,14.3017366171279,,,15.3932921666228,16.6465798091812,17.4221149782288,18.8615767543661
59.1999999999926,0.127110822384587,1.08619166487188,2.07677204130124,4.25855413065487,5.68520972318431,6.12802987892252,6.15252016180063,7.5577667557299,9.28591502970562,10.3911514553082,11.2373054388382,11.6068140295458,13.1964554626677,14.2863159196987,,,15.3874395371306,16.6548679147278,17.4162764234482,18.8785277817757
59.7999999999925,0.124700250096747,1.08758061243326,2,4.1999663248909,5.67499442385854,6.12023282990751,6.13562361709642,7.57066900534821,9.28804337315227,10.396636827525,11.2323609877564,11.6094931177507,13.1644033038552,14.321650053417,,,15.3801991432809,16.6671762000136,17.436114617786,18.8882085968813
60.3999999999925,0.125904212341031,1.09390618985614,2.03045499919723,4.20425671162842,5.66540784503389,6.11619157601238,6.1292653085312,7.59034512048775,9.29072282218036,10.4037030425267,11.2580378594757,11.6250618721171,13.1936896870945,14.3692852283464,,,15.3730023689304,16.6798601246876,17.4463259169671,18.9141592899972
60.9999999999924,0.12872057180726,1.10001747003804,2.0609099983958,4.20854709836672,5.65157484080785,6.10331707170604,6.12448018853196,7.60780905299216,9.29426514867426,10.4183045175718,11.2615657232519,11.6432487696338,13.2229760703346,14.4136095539257,,,15.3586588079755,16.6916644690476,17.4587002095054,18.9225061330105
61.5999999999923,0.132001165803814,1.10604131545584,2.09136499759436,4.21283748510502,5.63637811788155,6.0910105537548,6.1425981537229,7.6219623551498,9.29798750196169,10.4357981692092,11.2708146974076,11.6631960092297,13.2522624535747,14.457933879505,,,15.3479862196742,16.6972083655821,17.4710745020438,18.9308529760236
62.1999999999922,0.135281759800375,1.11206516087365,2.12181999679293,4.21712787184332,5.62118139495522,6.07870403580357,6.16071611891414,7.6361156573074,9.30315955721522,10.4536633891954,11.2800636715634,11.6831432488257,13.2815488368148,14.5022582050843,,,15.337890807736,16.7029683708485,17.4834487945821,18.9391998190366
62.7999999999921,0.138562353796935,1.11808900629146,2.15227499599149,4.22141825858163,5.6059846720289,6.06639751785233,6.17883408410537,7.650268959465,9.30860631261526,10.4705609269473,11.2893126457192,11.7030904884216,13.3108352200549,14.5465825306635,,,15.326846733472,16.7073897385983,17.4958230871205,18.9475466620497
63.399999999992,0.141842947793495,1.12411285170927,2.18272999519006,4.22570864531993,5.59078794910258,6.0540909999011,6.1969520492966,7.6644222616226,9.31434636348568,10.4876200850851,11.298561619875,11.7230377280175,13.3401216032949,14.5909068562428,,,15.315802659208,16.7118111063481,17.5081973796588,18.9558935050628
63.9999999999919,0.145123541790055,1.13013669712707,2.21318499438862,4.22999903205823,5.57559122617626,6.04178448194987,6.21507001448784,7.67857556378019,9.32011379141224,10.5048985469746,11.3078105940309,11.7429849676135,13.369407986535,14.635231181822,,,15.304758584944,16.7162324740979,17.5205716721972,18.9642403480759
64.5999999999918,0.148404135786615,1.13616054254488,2.24363999358719,4.23428941879653,5.56039450324994,6.02947796399863,6.23318797967907,7.69272886593779,9.32649310952585,10.5226443487529,11.3170595681867,11.7629322072094,13.3986943697751,14.6795555074013,,,15.29371451068,16.7206538418477,17.5329459647356,18.9725871910889
65.1999999999917,0.151684729783175,1.14218438796269,2.27409499278575,4.23857980553483,5.54519778032361,6.0171714460474,6.2513059448703,7.70688216809538,9.33287242763946,10.5403208669338,11.3263085423425,11.7828794468053,13.4279807530152,14.7238798329806,,,15.282670436416,16.7250752095975,17.5453202572739,18.980934034102
65.7999999999916,0.154965323779736,1.1482082333805,2.30454999198432,4.24287019227314,5.53000105739729,6.00486492809616,6.26942391006153,7.72103547025298,9.33925174575307,10.5579973851148,11.3355575164983,11.8028266864013,13.4572671362553,14.7682041585598,,,15.271626362152,16.7294965773473,17.5576945498123,18.9892808771151
66.3999999999915,0.158245917776296,1.15423207879831,2.33500499118289,4.24716057901144,5.51480433447097,5.99255841014493,6.28754187525277,7.73518877241058,9.345652615142,10.5758583674136,11.3448064906541,11.8227739259972,13.4865535194953,14.8125284841391,,,15.260582287888,16.7339179450971,17.5700688423506,18.9976277201282
66.9999999999914,0.161526511772857,1.16025592421611,2.36545999038145,4.25145096574974,5.49960761154465,5.9802518921937,6.305659840444,7.74934207456818,9.35164162903252,10.593677204129,11.3540554648099,11.8427211655932,13.5158399027354,14.8568528097184,,,15.249538213624,16.7383393128469,17.582443134889,19.0059745631412
67.5999999999914,0.164807105769416,1.16627976963392,2.39591498958002,4.25574135248804,5.48441088861833,5.96794537424247,6.32377780563523,7.76349537672577,9.35780632357273,10.6106144919031,11.3633044389657,11.8626684051891,13.5451262859755,14.9011771352976,,,15.2384941393599,16.7427606805967,17.5948174274273,19.0143214061543
68.1999999999913,0.168087699765977,1.17230361505173,2.42636998877858,4.26003173922635,5.469214165692,5.95563885629123,6.34189577082646,7.77764867888337,9.36424594182169,10.626877781817,11.3725534131215,11.882615644785,13.5744126692156,14.9455014608769,,,15.2274500650959,16.7471820483465,17.6071917199657,19.0226682491674
68.7999999999912,0.171368293762538,1.17832746046954,2.45682498797715,4.26432212596465,5.45401744276568,5.94333233834,6.36001373601769,7.79180198104096,9.37130448957385,10.6412297761211,11.3818023872773,11.902562884381,13.6036990524557,14.9898257864562,,,15.2180926288495,16.7520090026946,17.6195660125041,19.0310150921804
69.3999999999911,0.174611706945285,1.18335163388238,2.48727998717571,4.26861251270295,5.43882071983936,5.93206313966317,6.3766616605904,7.80883613107951,9.37855678972168,10.6469503240912,11.3910513614331,11.9163669282491,13.6329854356957,15.0341501120354,,,15.2132896571905,16.75096074987,17.6319403050424,19.0393619351935
69.999999999991,0.177977273134424,1.18654778331174,2.51773498637428,4.27290289944125,5.42523398242856,5.9169924889085,6.38220650649858,7.81387372957848,9.38326904134354,10.643970243738,11.3987139356661,11.9292768678894,13.6622718189358,15.0784744376147,,,15.2149288385949,16.7465384473,17.6408327425,19.0389297265094
70.5999999999909,0.181857555201874,1.19083328854055,2.54818998557284,4.27719328617955,5.43463305356763,5.92520347224806,6.40231429937782,7.80898486949143,9.38787822675575,10.636234859034,11.3785760239374,11.940348536131,13.7123971527821,15.0882788788842,,,15.2165237219198,16.7290975650849,17.6388640577636,19.0394942069428
71.1999999999908,0.182824038037726,1.19438844941354,2.63503771720742,4.29010639966791,5.44642946284992,5.9326321571414,6.41585265975572,7.80024946088458,9.39165233805209,10.6242702268621,11.3417910953245,11.9279117203293,13.6714571928613,15.0560718656792,,,15.2167245670691,16.70372083852,17.6401022525081,19.0176322278302
71.7999999999907,0.181785470295539,1.200318598834,2.72188544884286,4.3030195131564,5.45936814701433,5.93378136911241,6.42656336303843,7.79151991813271,9.39350148977442,10.6036016469476,11.3290944015152,11.9130241233816,13.630517232939,15.028349637992,,,15.2214217969116,16.672989716985,17.645011485984,18.9910373036406
72.3999999999906,0.179389785370763,1.20520269859506,2.8087331804783,4.31593262664489,5.47242832578892,5.93321172205425,6.42058184477723,7.78117940881368,9.39541117346904,10.5787150862682,11.3028850068182,11.8929210160957,13.5895772730168,15.000627410305,,,15.2180227781353,16.6457035917996,17.6499207194601,18.9644423794508
72.9999999999905,0.176994100445965,1.2100867983561,2.89558091211374,4.32884574013338,5.48548850456352,5.93264207499607,6.41460032651578,7.77083889949463,9.39480636929414,10.5530460333889,11.276675612121,11.8728179088096,13.5486373130946,14.9729051826179,,,15.2136756255578,16.6187703675464,17.6548299529361,18.9378474552611
73.5999999999904,0.174598415521169,1.21497089811715,2.98242864374917,4.34175885362187,5.49854868333811,5.93207242793789,6.40861880825433,7.76049839017558,9.39485185212227,10.5267085895387,11.2504662174238,11.8527148015236,13.5076973531724,14.9451829549308,,,15.2098961699313,16.5928992154689,17.6597391864121,18.9112525310714
74.1999999999904,0.172202730596372,1.21985499787819,3.06927637538461,4.35467196711036,5.51160886211271,5.9315027808797,6.40263728999287,7.75015788085653,9.3946119637228,10.4992230369597,11.2242568227266,11.8326116942376,13.4667573932501,14.9174607272438,,,15.2061167143049,16.5670280633914,17.6646484198882,18.8846576068816
74.7999999999903,0.169807045671575,1.22473909763924,3.15612410702005,4.36758508059885,5.5246690408873,5.93093313382152,6.39665577173141,7.73981737153748,9.3942992546394,10.4718062513256,11.1980474280294,11.8125085869515,13.4258174333279,14.8897384995567,,,15.2023372586785,16.5411569113139,17.6695576533642,18.8580626826919
75.3999999999902,0.167411360746779,1.22962319740028,3.24297183865549,4.38049819408734,5.53772921966189,5.93036348676334,6.39067425346997,7.72947686221843,9.39395094759466,10.444210446124,11.1718380333323,11.7924054796655,13.3848774734057,14.8620162718697,,,15.1985578030521,16.5152857592364,17.6744668868402,18.8314677585022
75.9999999999901,0.165015675821982,1.23450729716132,3.32981957029093,4.39341130757583,5.55078939843649,5.92979383970516,6.3846927352085,7.71913635289938,9.39360264054993,10.4163931358936,11.1456286386351,11.7723023723795,13.3439375134835,14.8342940441826,,,15.1947783474256,16.4894146071589,17.6793761203162,18.8048728343124
76.59999999999,0.162619990897186,1.23939139692237,3.41666730192636,4.40632442106432,5.56384957721108,5.92922419264697,6.37871121694705,7.70879584358033,9.3932543335052,10.3885758256632,11.1194192439379,11.7521992650934,13.3029975535613,14.8065718164955,,,15.1909988917992,16.4635434550814,17.6842853537923,18.7782779101227
77.1999999999899,0.160224305972389,1.24427549668341,3.5035150335618,4.41923753455282,5.57690975598567,5.92865454558879,6.37272969868559,7.69845533426127,9.39289013347787,10.3608864983517,11.0932098492407,11.7320961578074,13.262057593639,14.7788495888085,,,15.1872194361728,16.437672303004,17.6891945872683,18.7516829859329
77.7999999999898,0.157828621047592,1.24915959644446,3.59036276519724,4.43215064804131,5.58996993476027,5.92808489853061,6.36674818042414,7.68811482494223,9.39298267936079,10.3331836495317,11.0670004545435,11.7119930505214,13.2211176337168,14.7511273611214,,,15.1834399805464,16.4118011509265,17.6941038207443,18.7250880617432
78.3999999999897,0.155432936122796,1.2540436962055,3.67721049683268,4.44506376152979,5.60303011353486,5.92751525147242,6.36076666216268,7.67777431562317,9.39299655134023,10.3065403931134,11.0407910598463,11.6918899432353,13.1801776737946,14.7234051334343,,,15.1796605249199,16.385929998849,17.6990130542204,18.6984931375535
78.9999999999896,0.153037251197999,1.25892779596655,3.76405822846811,4.45797687501828,5.61609029230946,5.92694560441424,6.35478514390123,7.66743380630412,9.39406677686774,10.2810910871585,11.0145816651491,11.6717868359493,13.1392377138724,14.6956829057473,,,15.1758810692935,16.3600588467715,17.7039222876964,18.6718982133637
79.5999999999895,0.150641566273202,1.26381189572759,3.85090596010355,4.47088998850678,5.62915047108405,5.92637595735606,6.34880362563977,7.65709329698507,9.39520715074655,10.2571570583387,10.988372270452,11.6516837286633,13.0982977539501,14.6679606780602,,,15.171994648991,16.334514638898,17.7088315211724,18.645303289174
80.1999999999894,0.148275478467844,1.26898620352102,3.93775369173899,4.48380310199527,5.64221064985864,5.923342429437,6.34124639299276,7.63411671610559,9.39785488535315,10.2388334954493,10.9621628757548,11.6316990401077,13.0573577940279,14.6402384503731,,,15.1688583072732,16.316588869644,17.7137407546485,18.6187083649843
80.7999999999894,0.146093672586616,1.27533149048594,4.02460142337443,4.49671621548376,5.65570758409413,5.9259673737128,6.35309384077854,7.62053127729798,9.40371005851634,10.2295430826131,10.9352756178528,11.6130977915306,13.0164178341057,14.6125162226861,,,15.1628058696905,16.3005239076912,17.7227882755314,18.5986695471001
81.3999999999893,0.14607261415062,1.2785897699345,4.11144915500987,4.50962932897225,5.64132899716995,5.91266667453167,6.35956379979766,7.61300132915026,9.40979286015535,10.2245650377007,10.9212924446115,11.5914798071728,12.9742560072018,14.5887197505865,,,15.1552873924959,16.2959177804716,17.7289683742879,18.5756130053469
81.9999999999892,0.151213983779493,1.28080355888414,4.03739400623537,4.52805805430068,5.63662561762972,5.89245466028847,6.36640743399107,7.60984277100133,9.41662170053599,10.2252957521481,10.9113964625526,11.5870048303719,12.9563963885218,14.5940386960089,,,15.1501572321692,16.3046647176586,17.7362767776828,18.5654324320718
82.5999999999891,0.160115973739406,1.28384446306422,3.96333885745798,4.54648677962922,5.62663397230984,5.87717196357708,6.38328885368492,7.60741518548634,9.42537613849365,10.2299571529091,10.9053896761965,11.5778179679727,12.9385367698422,14.5985130097757,,,15.1492631857727,16.3226626064743,17.7395887378248,18.5694480984428
83.199999999989,0.169938353908001,1.28782468576169,3.8892837086806,4.56491550495775,5.61527759739649,5.8620059792366,6.39526087063559,7.60953924814357,9.43563183881115,10.2361958927204,10.8981726395223,11.5730936631628,12.9206771511626,14.6029873235424,,,15.1539227507986,16.3443820788163,17.7429006979667,18.5734637648141
83.7999999999889,0.179760734076613,1.29180490845917,3.81522855990322,4.58334423028629,5.60392122248312,5.84683999489613,6.40723288758616,7.61166331080089,9.45042008218835,10.2441511390229,10.8909556028481,11.5683693583529,12.902817532483,14.6074616373091,,,15.1583813566008,16.3698142145336,17.7462126581086,18.5774794311854
84.3999999999888,0.189583114245224,1.29578513115666,3.74117341112583,4.60177295561483,5.59256484756975,5.83167401055565,6.41920490453674,7.6137873734582,9.46411656120856,10.2524939072617,10.8837385661738,11.563645053543,12.8849579138034,14.6119359510758,,,15.1632430545567,16.3945182997306,17.7495246182505,18.5814950975566
84.9999999999887,0.199405494413836,1.29976535385414,3.66711826234845,4.62020168094336,5.58120847265638,5.81650802621518,6.43117692148731,7.61591143611551,9.47796597043784,10.2616394473348,10.8765215294996,11.5589207487332,12.8670982951238,14.6164102648425,,,15.1681047525126,16.4192223849276,17.7528365783924,18.5855107639279
85.5999999999886,0.209227874582449,1.30374557655162,3.59306311357106,4.6386304062719,5.56985209774301,5.80134204187471,6.44314893843789,7.61803549877282,9.49202866826676,10.2705520325788,10.8693044928254,11.5541964439233,12.8492386764441,14.6208845786092,,,15.1729664504685,16.4439264701246,17.7561485385343,18.5895264302991
86.1999999999885,0.219050254751061,1.30772579924911,3.51900796479368,4.65705913160043,5.55849572282964,5.78617605753423,6.45512095538847,7.62015956143013,9.50638453546011,10.2795179655985,10.8620874561511,11.5494721391134,12.8313790577645,14.6253588923759,,,15.1778281484244,16.4686305553216,17.7594604986762,18.5935420966704
86.7999999999884,0.228872634919672,1.31170602194659,3.4449528160163,4.67548785692897,5.54713934791627,5.77101007319376,6.46709297233904,7.62228362408745,9.52074040265346,10.2886861137774,10.8548704194769,11.5447478343035,12.8135194390849,14.6298332061426,,,15.1826898463803,16.4933346405186,17.7627724588181,18.5975577630417
87.3999999999884,0.238695015088284,1.31568624464408,3.37089766723891,4.69391658225751,5.5357829730029,5.75584408885329,6.47906498928961,7.62440768674476,9.53509626984682,10.2978542619563,10.8476533828026,11.5400235294937,12.7956598204053,14.6343075199093,,,15.1875515443362,16.5180387257156,17.76608441896,18.6015734294129
87.9999999999883,0.248517395256896,1.31966646734156,3.29684251846153,4.71234530758604,5.52442659808953,5.74067810451281,6.49103700624019,7.62653174940206,9.54952424714909,10.3069550735579,10.8404363461284,11.5352992246838,12.7778002017257,14.638781833676,,,15.1924132422921,16.5427428109126,17.7693963791019,18.6055890957842
88.5999999999882,0.258339775425508,1.32364669003904,3.22278736968414,4.73077403291458,5.51307022317616,5.72551212017234,6.50300902319076,7.62865581205938,9.56389147133497,10.316236619179,10.8332193094542,11.5305749198739,12.7599405830461,14.6432561474427,,,15.197274940248,16.5674468961097,17.7727083392438,18.6096047621555
89.1999999999881,0.268162155594119,1.32762691273653,3.14873222090676,4.74920275824311,5.50171384826279,5.71034613583186,6.51498104014134,7.63077987471669,9.57834823985195,10.3246760655307,10.8260022727799,11.5258506150641,12.7420809643665,14.6477304612094,,,15.2021366382039,16.5921509813067,17.7760202993857,18.6136204285267
89.799999999988,0.277984535762732,1.33160713543401,3.07467707212938,4.76763148357165,5.49035747334942,5.69518015149139,6.52695305709191,7.632903937374,9.59152990250109,10.3321924459054,10.8187852361057,11.5211263102542,12.7242213456869,14.6522047749761,,,15.2069983361598,16.6168550665037,17.7793322595276,18.617636094898
90.3999999999879,0.287806915931344,1.3355873581315,3.00062192335199,4.78606020890019,5.47900109843605,5.68001416715091,6.53892507404249,7.63502800003131,9.6034826099502,10.341185416555,10.8115681994315,11.5164020054443,12.7063617270073,14.6566790887428,,,15.2121561561638,16.6424317452575,17.7826442196695,18.6216517612692
90.9999999999878,0.297562801592815,1.34035224308336,2.92656677457461,4.80448893422872,5.46764472352267,5.66817093078916,6.55182082979469,7.64152977254453,9.61176501498234,10.347770567888,10.8043511627572,11.5154040745937,12.6885021083277,14.6611534025095,,,15.2114009796235,16.6643543149428,17.7859561798114,18.6256674276405
91.5999999999877,0.30710854479518,1.34105245424767,2.85251162579723,4.82291765955726,5.45402598775344,5.65177872054999,6.54594823569254,7.65074798772567,9.61795010330769,10.3516940080585,10.8029107145012,11.5124884264157,12.6706424896481,14.6656277162762,,,15.2155624624552,16.6863230764326,17.7910616673275,18.6269932945336
92.1999999999876,0.313870019039589,1.34254382929302,2.77845647701984,4.84134638488579,5.44838342750419,5.64407463218196,6.54006287405126,7.65954079807011,9.62478011118938,10.3551596229122,10.8326882092623,11.5139961382047,12.6603047396527,14.697611154365,,,15.2235064558924,16.7059695934794,17.8306211003228,18.6277848574853
92.7999999999875,0.319154230043037,1.34022157864797,2.7843427423215,4.79738269867279,5.44014361324043,5.65280940761967,6.53187982548933,7.66488927022351,9.63144167481157,10.3562112372681,10.8959211175586,11.5097879968013,12.6985886028406,14.7322224919514,,,15.2308563585232,16.7151336876482,17.839601981064,18.6341718224912
93.3999999999874,0.323971172800924,1.33043095455709,2.79022900762481,4.75341901245849,5.43666014788875,5.66723055641468,6.5054978525188,7.667836999646,9.63768324603519,10.3561342021326,10.9512003845721,11.519473463315,12.7368724660296,14.7663933367688,,,15.2309778642609,16.7171705093888,17.8497081488626,18.6318513364234
93.9999999999874,0.329203711293535,1.31879112332326,2.79611527292812,4.70945532624419,5.43514513500098,5.68579489850349,6.48997133750341,7.67258361101752,9.63989295586489,10.3577249223902,11.0222443237145,11.5308723477091,12.7751563292185,14.8005641815863,,,15.2346797923593,16.7151107394458,17.8598143166613,18.6295308503554
94.5999999999873,0.334436249786156,1.30715129208938,2.80200153823143,4.66549164002989,5.43363012211325,5.70435924059239,6.47444482248824,7.67733022238907,9.63793283306013,10.3567411010716,11.0932882628572,11.5422712321031,12.8134401924074,14.8347350264038,,,15.2408807324905,16.7085967371308,17.86992048446,18.6272103642874
95.1999999999872,0.339668788278776,1.2955114608555,2.80788780353474,4.6215279538156,5.43211510922552,5.72292358268129,6.45891830747307,7.68207683376063,9.63587935021353,10.3554373757403,11.1643322019999,11.5536701164972,12.8517240555963,14.8689058712212,,,15.2466417188463,16.7022346173956,17.8800266522586,18.6248898782194
95.7999999999871,0.344901326771396,1.28387162962162,2.81377406883804,4.5775642676013,5.43060009633778,5.74148792477018,6.4433917924579,7.68682344513218,9.6337810031611,10.3553707801108,11.2353761411427,11.5650690008913,12.8900079187853,14.9030767160387,,,15.2524027052021,16.6958724976605,17.8901328200573,18.6225693921515
96.399999999987,0.350133865264017,1.27223179838774,2.81966033414135,4.533600581387,5.42908508345005,5.76005226685908,6.42786527744273,7.69157005650374,9.63153412803243,10.3558054942488,11.3064200802854,11.5764678852854,12.9282917819742,14.9372475608562,,,15.2581636915579,16.6895103779253,17.900238987856,18.6202489060835
96.9999999999869,0.355366403756637,1.26059196715386,2.82554659944466,4.4896368951727,5.42757007056232,5.77861660894798,6.41233876242757,7.6963166678753,9.62903603116321,10.356273407145,11.3774640194281,11.5878667696794,12.9665756451631,14.9714184056736,,,15.2639246779138,16.6831482581901,17.9103451556547,18.6179284200155
97.5999999999868,0.360598942249257,1.24895213591999,2.83143286474797,4.44567320895841,5.42605505767459,5.79718095103688,6.3968122474124,7.70106327924685,9.62653793429398,10.3565822131425,11.4485079585708,11.5992656540735,13.0048595083521,15.0055892504911,,,15.2696856642696,16.6767861384549,17.9204513234534,18.6156079339475
98.1999999999867,0.365831480741879,1.23731230468611,2.83731913005128,4.40170952274411,5.42454004478685,5.81574529312578,6.38128573239723,7.70580989061841,9.62403983742475,10.3568910191399,11.5195518977135,11.6106645384676,13.043143371541,15.0397600953086,,,15.2754466506254,16.6704240187198,17.930557491252,18.6132874478795
98.7999999999866,0.371064019234498,1.22567247345223,2.84320539535459,4.35774583652981,5.42302503189912,5.83430963521468,6.36575921738206,7.71055650198996,9.62143336989839,10.3567984037681,11.5905958368563,11.6220634228617,13.0814272347299,15.073930940126,,,15.2812076369812,16.6640618989846,17.9406636590507,18.6109669618115
99.3999999999865,0.376296557727119,1.21403264221835,2.8490916606579,4.31378215031552,5.42151001901139,5.85287397730358,6.35023270236689,7.71530311336152,9.61856865513817,10.3566522532329,11.661639775999,11.6334623072557,13.1197110979188,15.1081017849435,,,15.286968623337,16.6576997792494,17.9507698268494,18.6086464757435
99.9999999999864,0.38152909621974,1.20239281098447,2.85497792596121,4.26981846410122,5.41999500612366,5.87143831939248,6.33470618735173,7.72004972473308,9.61574164246681,10.3571542876144,11.7326837151417,11.6448611916498,13.1579949611078,15.142272629761,,,15.2927296096928,16.6513376595142,17.9608759946481,18.6063259896756
100.599999999986,0.38676163471236,1.19075297975059,2.86086419126452,4.22585477788692,5.41847999323593,5.89000266148137,6.31917967233657,7.72479633610463,9.61438058924572,10.3589292476068,11.8037276542845,11.6562600760439,13.1962788242967,15.1764434745784,,,15.2984905960487,16.6449755397791,17.9709821624468,18.6040055036076
101.199999999986,0.39199417320498,1.17911314851672,2.86675045656783,4.18189109167263,5.41696498034819,5.90856700357028,6.3036531573214,7.72954294747618,9.61351563366057,10.3592050109278,11.8747715934272,11.667658960438,13.2345626874856,15.2106143193959,,,15.3013855532284,16.6363755054302,17.9810883302454,18.6016850175396
101.799999999986,0.397282490821235,1.16755481534002,2.87263672187113,4.13792740545833,5.41544996746046,5.92540747635676,6.29069933796243,7.74037741405127,9.61512849793223,10.3615301310279,11.9458155325699,11.6754798475498,13.2728465506745,15.2447851642134,,,15.3089943192418,16.6263510210736,17.9911944980441,18.5993645314716
102.399999999986,0.409089667006731,1.16358678353578,2.87852298717444,4.09396371924403,5.41526051149376,5.94402231881562,6.2820995389257,7.7425196494485,9.61681143371181,10.3648574942349,12.0084962523521,11.6890344203318,13.3111304138635,15.2789560090308,,,15.3112943961361,16.6127987221515,17.9950229536557,18.5927856672834
102.999999999986,0.430050327333513,1.16024692200201,2.88440925247775,4.05000003302973,5.40053965932426,5.94426028865181,6.26831029862171,7.7390412861404,9.61756342468846,10.3670293056296,12.0210315469019,11.6979048513215,13.3506626546365,15.2524596988603,,,15.3091605369861,16.5980961913721,17.9302563576127,18.5909571468693
103.599999999986,0.458390121971625,1.16240912909962,2.88813222506883,4.08176207687097,5.3812056393839,5.94362082245526,6.25092319792725,7.7355463695264,9.61832718021937,10.3708113767593,11.9834744735247,11.709703686307,13.329788841398,15.1951155463601,,,15.30645721628,16.587739819391,17.9047004510135,18.5704272395555
104.199999999986,0.493887612719548,1.17211076099712,2.89185519765985,4.11352412071397,5.36156329597434,5.94312947453569,6.2422255461258,7.7307353897026,9.61933268769624,10.3769240256836,11.9488408428723,11.7143587301797,13.3089150281581,15.1353093547029,,,15.3101234516168,16.5812748724877,17.8896956056038,18.5574546517895
104.799999999986,0.529760677969023,1.18376179609151,2.89557817025087,4.14528616455697,5.34080672098103,5.93763762803123,6.23030856091752,7.72173052959501,9.62165216789903,10.3838724092293,11.8995427759023,11.7171236479203,13.2880412149182,15.0755031630456,,,15.3049429781414,16.5755877420314,17.8746907601944,18.5444820640237
105.399999999986,0.565633743218506,1.19541283118594,2.89930114284189,4.17704820839998,5.32005014598769,5.93214578152666,6.21839157570916,7.7127256694873,9.62438746362925,10.3943259256027,11.850244708932,11.7198885656609,13.2671674016783,15.0156969713883,,,15.2960395444941,16.5705214616107,17.8596859147849,18.531509476258
105.999999999986,0.60150680846799,1.20706386628038,2.90302411543292,4.20881025224298,5.29929357099436,5.92665393502209,6.2064745905008,7.70372080937961,9.62798392291815,10.4066739136616,11.8009466419617,11.7226534834014,13.2462935884384,14.955890779731,,,15.287128583046,16.5659689105406,17.8446810693755,18.5185368884922
106.599999999985,0.637379873717474,1.21871490137481,2.90674708802394,4.24057229608598,5.27853699600102,5.92116208851752,6.19455760529245,7.6947159492719,9.6316464552571,10.4177488444204,11.7516485749914,11.7254184011419,13.2254197751985,14.8960845880737,,,15.2782176215978,16.5614163594706,17.8296762239661,18.5055643007264
107.199999999985,0.673252938966957,1.23036593646924,2.91047006061496,4.27233433992899,5.25778042100769,5.91567024201295,6.18264062008409,7.6857110891642,9.63533058040627,10.4280835488944,11.7023505080211,11.7281833188825,13.2045459619586,14.8362783964164,,,15.2693066601497,16.5568638084005,17.8146713785567,18.4925917129606
107.799999999985,0.70912600421644,1.24201697156368,2.91419303320599,4.30409638377199,5.23702384601435,5.91017839550838,6.17072363487573,7.6767062290565,9.63874411611289,10.4381548445259,11.6530524410508,11.730948236623,13.1836721487187,14.7764722047591,,,15.2603956987016,16.5523112573305,17.7996665331472,18.4796191251948
108.399999999985,0.744999069465924,1.25366800665811,2.91791600579701,4.33585842761499,5.21626727102102,5.9046865490038,6.15880664966738,7.6677013689488,9.6421576518195,10.4485179015019,11.6037543740805,11.7337131543635,13.1627983354788,14.7166660131018,,,15.2514847372534,16.5477587062604,17.7846616877378,18.4666465374291
108.999999999985,0.780872134715408,1.26531904175255,2.92163897838803,4.367620471458,5.19551069602768,5.89919470249923,6.14688966445901,7.65869650884109,9.64557118752611,10.4588809584779,11.5544563071102,11.7364780721041,13.1419245222389,14.6568598214445,,,15.2425737758053,16.5432061551904,17.7696568423284,18.4536739496633
109.599999999985,0.816745199964892,1.27697007684698,2.92536195097906,4.399382515301,5.17475412103435,5.89370285599466,6.13497267925066,7.64969164873339,9.64905990144556,10.4695585784942,11.5051582401399,11.7392429898446,13.121050708999,14.5970536297872,,,15.2336628143572,16.5386536041203,17.754651996919,18.4407013618975
110.199999999985,0.852618265214375,1.28862111194141,2.92908492357008,4.431144559144,5.15399754604101,5.88821100949009,6.1230556940423,7.64068678862569,9.65279726663108,10.4803327319863,11.4558601731696,11.7420079075851,13.100176895759,14.5372474381299,,,15.224751852909,16.5341010530503,17.7396471515095,18.4277287741317
110.799999999985,0.888491330463859,1.30027214703585,2.9328078961611,4.46290660298701,5.13324097104768,5.88271916298552,6.11113870883394,7.63168192851799,9.65624081928367,10.4906871961785,11.4065621061992,11.7447728253257,13.0793030825191,14.4774412464726,,,15.2158408914609,16.5295485019802,17.7246423061001,18.414756186366
111.399999999985,0.924364395713342,1.31192318213028,2.93653086875212,4.49466864683001,5.11248439605434,5.87722731648095,6.09922172362559,7.62267706841029,9.65765987869924,10.4997031841061,11.3572640392289,11.7475377430662,13.0584292692792,14.4176350548153,,,15.2069299300128,16.5249959509102,17.7096374606907,18.4017835986002
111.999999999985,0.960237460962826,1.32357421722472,2.94025384134315,4.52643069067301,5.09172782106101,5.87173546997638,6.08730473841723,7.61367220830259,9.6583076411282,10.5080413328266,11.3079659722586,11.7503026608067,13.0375554560393,14.357828863158,,,15.2020291955802,16.523326276479,17.6946326152813,18.3888110108344
112.599999999985,0.996134548297291,1.335879865469,2.94397681393417,4.55819273451602,5.07097124606767,5.86826017454931,6.07021420783804,7.60253439804414,9.65496177049857,10.5155807574465,11.2586679052883,11.753358123948,13.0166816427994,14.2980226715007,,,15.2025352919869,16.5250370197106,17.6796277698718,18.3758384230686
113.199999999984,1.03037191207864,1.34472774698045,2.94769978652519,4.58995477835902,5.0523435185475,5.86636917642799,6.05976997079311,7.5932618905843,9.64959163856387,10.5207540087966,11.2192430893873,11.7471756545555,12.9958078295595,14.2382164798434,,,15.2046626464381,16.5309514324617,17.6584935712391,18.3717894515974
113.799999999984,1.0627069370176,1.35335806232099,2.95142275911622,4.62171682220202,5.06831811478951,5.8812066293463,6.05486946700046,7.59245463635771,9.64404777056032,10.5255484594494,11.1913683094539,11.7391408533504,12.9637695328491,14.2263154861851,,,15.211792274848,16.533517935607,17.683339545799,18.3691020230879
114.399999999984,1.09506714600693,1.35982469742531,2.98785656515352,4.62621613612275,5.08262167400353,5.8740772986939,6.06001006888078,7.59246164275484,9.63807650230114,10.5270256904402,11.2039577883227,11.7360213253914,12.9770036144039,14.2407748259398,,,15.2176004069141,16.5316903944433,17.6572279691322,18.3890060063284
114.999999999984,1.12765483651182,1.36032458380256,3.02429037119167,4.63071545004277,5.10112597712541,5.86642439661986,6.06312154760885,7.60122481544206,9.63068471624813,10.5267948299894,11.2177060560227,11.7347764802984,12.9902376959599,14.2568505337336,,,15.2165492135777,16.5272280842269,17.6045390679677,18.3903730666799
115.599999999984,1.16022480543856,1.35946475666739,3.06072417722983,4.63521476396279,5.12144374416313,5.86105327122905,6.06099437191132,7.61188545996028,9.62298772419085,10.5217529330987,11.2400328884665,11.7310274062693,13.003471777516,14.2729262415274,,,15.2214671252124,16.5215221722052,17.5518501668026,18.3917401270308
116.199999999984,1.1927947743653,1.35860492953218,3.09715798326798,4.63971407788281,5.14176151120089,5.8556821458383,6.05886719621365,7.62254610447854,9.6133788188397,10.5134233646361,11.2623597209106,11.7272783322401,13.016705859072,14.2890019493213,,,15.2281371830251,16.5177486240106,17.4991612656375,18.3931071873818
116.799999999984,1.22536474329203,1.35774510239697,3.13359178930614,4.64421339180282,5.16207927823865,5.85031102044755,6.05674002051599,7.63320674899682,9.601818221228,10.5020757751949,11.2846865533547,11.7235292582109,13.029939940628,14.3050776571152,,,15.2352971453207,16.5130808986607,17.4464723644724,18.3944742477327
117.399999999984,1.25793471221877,1.35688527526176,3.17002559534429,4.64871270572284,5.18239704527641,5.8449398950568,6.05461284481833,7.64386739351509,9.58998557877585,10.4902439852968,11.3070133857988,11.7197801841816,13.043174022184,14.321153364909,,,15.2424571076164,16.5084131733108,17.3937834633073,18.3958413080836
117.999999999984,1.29050468114551,1.35602544812655,3.20645940138245,4.65321201964286,5.20271481231418,5.83956876966605,6.05248566912067,7.65452803803336,9.57826452707107,10.4788438097714,11.3293402182429,11.7160311101524,13.0564081037401,14.3372290727029,,,15.2496170699121,16.503745447961,17.3410945621422,18.3972083684346
118.599999999984,1.32307465007224,1.35516562099135,3.2428932074206,4.65771133356287,5.22303257935194,5.83419764427529,6.050358493423,7.66518868255163,9.56703831892799,10.4676866212964,11.351667050687,11.7122820361232,13.0696421852961,14.3533047804967,,,15.2567770322077,16.4990777226111,17.288405660977,18.3985754287855
119.199999999984,1.35564461899898,1.35430579385614,3.27932701345876,4.66221064748289,5.2433503463897,5.82882651888454,6.04823131772534,7.6758493270699,9.55581211078492,10.4562531526806,11.3739938831311,11.708532962094,13.0828762668521,14.3693804882906,,,15.2639369945034,16.4944099972612,17.2357167598119,18.3999424891365
119.799999999983,1.38821458792572,1.35344596672093,3.31576081949691,4.66670996140291,5.26366811342746,5.82345539349379,6.04610414202767,7.68650997158817,9.54458590264186,10.4448196840647,11.3963207155752,11.7047838880648,13.0961103484081,14.3854561960844,,,15.271096956799,16.4897422719114,17.1830278586468,18.4013095494874
120.399999999983,1.42078455685245,1.35258613958572,3.35219462553507,4.67120927532293,5.28398588046523,5.81808426810304,6.04397696633001,7.69717061610644,9.53332850433103,10.433464096496,11.4186475480193,11.7010348140356,13.1093444299642,14.4015319038783,,,15.2782569190947,16.4850745465615,17.1303389574817,18.4026766098384
120.999999999983,1.45335452577919,1.35172631245052,3.38862843157322,4.67570858924294,5.30430364750299,5.81271314271229,6.04184979063235,7.70783126062471,9.52197678317282,10.4217695138055,11.4409743804634,11.6972857400064,13.1225785115202,14.4176076116721,,,15.2854168813903,16.4804068212116,17.0776500563166,18.4040436701893
121.599999999983,1.48592449470593,1.35086648531531,3.42506223761138,4.68020790316296,5.32462141454075,5.80734201732153,6.03972261493468,7.71849190514298,9.5107583474302,10.4105517235456,11.4633012129075,11.6935366659771,13.1358125930762,14.433683319466,,,15.292576843686,16.4757390958618,17.0249611551515,18.4054107305403
122.199999999983,1.51849446363266,1.3500066581801,3.46149604364954,4.68470721708298,5.34493918157852,5.80197089193078,6.03759543923702,7.72915254966125,9.50046138155261,10.399915353352,11.4856280453516,11.6897875919479,13.1490466746322,14.4497590272598,,,15.2997368059817,16.4710713705119,16.9722722539864,18.4067777908912
122.799999999983,1.5510644325594,1.34914683104489,3.49792984968769,4.689206531003,5.36525694861628,5.79659976654003,6.03546826353936,7.73981319417952,9.48932157436897,10.3886346343607,11.5079548777957,11.6860385179187,13.1622807561883,14.4658347350537,,,15.3045168215837,16.4649151621831,16.9195833528213,18.4081448512422
123.399999999983,1.58363717579117,1.34654614586926,3.53436365572585,4.69370584492301,5.38557471565404,5.78618944739331,6.03760982269034,7.74327032715772,9.48054754208834,10.3749746849745,11.5302817102398,11.6866670614535,13.1755148377443,14.4819104428475,,,15.3014370543302,16.4566535036164,16.8668944516561,18.4095119115931
123.999999999983,1.61545067140311,1.3416505450029,3.570797461764,4.69820515884303,5.40713385961272,5.77743247799011,6.04188259389964,7.75369346677052,9.47463588804005,10.3644481835044,11.5453340653237,11.6949694140702,13.1887489193003,14.4979861506414,,,15.3022260290899,16.4465849212899,16.8260434174171,18.4074867623504
124.599999999983,1.64439522786204,1.33702385606161,3.60723126780216,4.70270447276305,5.40934432752608,5.77219376846111,6.04472791377614,7.7582632213484,9.46863264890698,10.3539257513105,11.5677332693258,11.6971993163246,13.1993518559058,14.5275439512371,,,15.2983232400921,16.4417471591546,16.7753067391283,18.4051805066241
125.199999999983,1.66749005904209,1.33220838511921,3.67385382243955,4.67236523192003,5.43349090914464,5.77850784399286,6.0398052152955,7.76332099460172,9.46303022236438,10.3469317084077,11.5483404292243,11.6847749271899,13.1847652524655,14.5426958407396,,,15.297890049152,16.4520273466618,16.7720425609829,18.3918011701528
125.799999999983,1.68343702578312,1.3273752316524,3.74047637707782,4.64202599107601,5.4549517518708,5.78034819341729,6.04241354494896,7.75984136541569,9.4596799612904,10.3406560268794,11.5160067617857,11.6644880628431,13.1701786490246,14.5580038020206,,,15.305443707564,16.4677315689506,16.804365871746,18.4064027546482
126.399999999982,1.69833581056139,1.32215132579355,3.80709893171608,4.61168675023199,5.47357416405495,5.78242507492926,6.05412557574045,7.75345599905034,9.45589773992355,10.3364303977724,11.4790347407486,11.647239717701,13.1555920455836,14.5733117633015,,,15.3121325406569,16.4821276008279,16.8366891825101,18.4210043391445
126.999999999982,1.71323459533963,1.31692741993469,3.87372148635434,4.58134750938797,5.49219657623902,5.78450195644124,6.0658376065322,7.7470706326849,9.45345524327616,10.3345227306926,11.4420627197113,11.6299913725589,13.1410054421426,14.5886197245824,,,15.319225038779,16.4930413126435,16.8690124932742,18.4356059236407
127.599999999982,1.72813338011787,1.31170351407582,3.94034404099261,4.55100826854395,5.51081898842309,5.78657883795321,6.07754963732395,7.74068526631947,9.45283198806082,10.3358284963427,11.405090698674,11.6127430274168,13.1264188387017,14.6039276858633,,,15.3266579773544,16.5052590925399,16.9013358040383,18.4502075081369
128.199999999982,1.74303216489611,1.30647960821696,4.00696659563087,4.52066902769992,5.52944140060716,5.78865571946519,6.0892616681157,7.73429989995404,9.45300197247641,10.3378849890355,11.3681186776368,11.5954946822747,13.1118322352607,14.6192356471442,,,15.3340909159297,16.5174768724364,16.9336591148023,18.4648090926331
128.799999999982,1.75793094967435,1.30125570235809,4.07358915026914,4.4903297868559,5.54806381279122,5.79073260097716,6.10097369890745,7.72791453358859,9.45292479465031,10.3400916799632,11.3311466565995,11.5782463371326,13.0972456318197,14.6345436084251,,,15.3415238545051,16.5296946523329,16.9659824255664,18.4794106771293
129.399999999982,1.77282973445259,1.29603179649922,4.1402117049074,4.45999054601188,5.56668622497529,5.79280948248914,6.1126857296992,7.72152916722316,9.45283881711043,10.3424618114226,11.2941746355622,11.5609979919905,13.0826590283788,14.6498515697061,,,15.3489567930805,16.5419124322294,16.9983057363305,18.4940122616255
129.999999999982,1.78772851923083,1.29080789064036,4.20683425954567,4.42965130516786,5.58530863715936,5.79488636400111,6.12439776049095,7.71514380085772,9.45275283957054,10.3450664032279,11.257202614525,11.5437496468484,13.0680724249378,14.665159530987,,,15.3563897316559,16.5541302121259,17.0306290470946,18.5086138461217
130.599999999982,1.80262730400907,1.28558398478149,4.27345681418393,4.39931206432384,5.60393104934343,5.79696324551309,6.13610979128271,7.70875843449229,9.45266686203065,10.3476709950332,11.2202305934877,11.5265013017063,13.0534858214968,14.6804674922679,,,15.3638226702313,16.5663479920224,17.0629523578587,18.5232154306179
131.199999999982,1.8175260887873,1.28036007892263,4.3400793688222,4.36897282347982,5.62255346152749,5.79904012702506,6.14782182207445,7.70237306812685,9.45260345724694,10.3502327853399,11.1832585724504,11.5092529565642,13.0388992180559,14.6957754535488,,,15.3712556088066,16.5785657719189,17.0952756686228,18.5378170151142
131.799999999982,1.83242487356554,1.27513617306377,4.40670192346046,4.3386335826358,5.64117587371156,5.80111700853704,6.1595338528662,7.69598770176141,9.45265093171637,10.3531634184089,11.1462865514132,11.4920046114221,13.0243126146149,14.7110834148297,,,15.378688547382,16.5907835518154,17.1275989793869,18.5524185996104
132.399999999982,1.84732365834378,1.2699122672049,4.47332447809872,4.30829434179178,5.65979828589563,5.80319389004902,6.17124588365796,7.68960233539598,9.45284808298276,10.3556674385904,11.1093145303759,11.47475626628,13.0097260111739,14.7263913761106,,,15.3861214859574,16.6030013317119,17.159922290151,18.5670201841066
132.999999999981,1.86222244312202,1.26468836134604,4.53994703273699,4.27795510094775,5.6784206980797,5.80527077156099,6.1829579144497,7.68321696903054,9.4527735285828,10.3574552915591,11.0723425093387,11.4575079211379,12.995139407733,14.7416993373916,,,15.3935544245328,16.6152191116084,17.192245600915,18.5816217686028
133.599999999981,1.87712122790026,1.25946445548717,4.60656958737525,4.24761586010373,5.69704311026377,5.80734765307297,6.19466994524145,7.6768316026651,9.45423905715132,10.3612350273524,11.0353704883014,11.4402595759958,12.980552804292,14.7570072986725,,,15.4019380910441,16.6242210241809,17.2245689116791,18.596223353099
134.199999999981,1.89192352396324,1.25500039442043,4.67319214201352,4.21727661925971,5.71566552244783,5.81354892462816,6.20708599242943,7.67783360158135,9.45526658536691,10.3684254535232,10.9983984672641,11.4178719140256,12.965966200851,14.7723152599534,,,15.4053006562737,16.6366554854794,17.2568922224432,18.6108249375952
134.799999999981,1.90218179436678,1.25137669888053,4.73981469665178,4.18693737841569,5.73089046541771,5.81576039157154,6.21757468056175,7.67471169906585,9.45395609195915,10.3736482601147,10.9573529231597,11.3937107384258,12.9513795974101,14.7876232212343,,,15.3989129270048,16.6513089077819,17.2838972171754,18.6203737147153
135.399999999981,1.90998653660361,1.24310718318776,4.80643725129005,4.15659813757167,5.73410912368981,5.81126934657723,6.22871814290214,7.67106239527765,9.45339685594052,10.3788291382721,10.924228057147,11.3885927706104,12.9559640178032,14.7724715793841,,,15.3995564135652,16.6662563776612,17.3303930476937,18.626851019301
135.999999999981,1.91442127441793,1.23179301166485,4.7740094784998,4.17649950148333,5.70341013084224,5.79150526275484,6.24242026304527,7.66930578981506,9.45237245017131,10.3814877734725,10.9259230877227,11.3884380952008,12.9653392604857,14.7273135740701,,,15.3976207049127,16.6584373697121,17.3837091542526,18.64143408667
136.599999999981,1.91986992324694,1.22662258807869,4.74158170570643,4.19640086539658,5.67258830445918,5.77630551142399,6.25082130150099,7.67164684961493,9.44952442030871,10.3842199369035,10.9413728452072,11.4014165587728,12.9747145031683,14.6827970864592,,,15.3923219522154,16.6473097804878,17.4245899518991,18.6379437397717
137.199999999981,1.92565893271415,1.22274462720667,4.70915393291305,4.21630222930983,5.64418962564767,5.75971797513906,6.25937365785477,7.6779869129758,9.44573909260501,10.3875965393689,10.9481432051729,11.4133213462058,12.9840897458508,14.6382805988484,,,15.3867589670959,16.6399022937458,17.4654707495453,18.6344533928729
137.799999999981,1.93144794218136,1.21886666633469,4.67672616011968,4.23620359322308,5.61579094683623,5.74313043885409,6.26792601420856,7.6843269763368,9.44106575925658,10.3896508956234,10.9549135651384,11.4252261336387,12.9934649885334,14.5937641112376,,,15.3794303131043,16.6348219323323,17.5063515471915,18.630963045974
138.399999999981,1.93723695164857,1.21498870546271,4.64429838732631,4.25610495713632,5.5873922680248,5.72654290256912,6.27647837056235,7.69066703969781,9.43509721469126,10.3890510164604,10.9616839251039,11.4371309210716,13.002840231216,14.5492476236267,,,15.3707080406884,16.6284591415981,17.5472323448377,18.6274726990751
138.999999999981,1.94302596111578,1.21111074459073,4.61187061453293,4.27600632104957,5.55899358921336,5.70995536628415,6.28503072691614,7.6970071030588,9.42834799691866,10.3882997484339,10.9684542850693,11.4490357085046,13.0122154738986,14.5047311360159,,,15.3619857682724,16.622096350864,17.5881131424838,18.6239823521762
139.59999999998,1.94881497058299,1.20723278371875,4.57944284173956,4.29590768496282,5.53059491040193,5.69336782999918,6.29358308326993,7.70334716641981,9.42179048119025,10.3875363072523,10.9752246450348,11.4609404959375,13.0215907165812,14.4602146484051,,,15.3532634958564,16.6157335601299,17.62899394013,18.6204920052773
140.19999999998,1.9546039800502,1.20335482284677,4.54701506894618,4.31580904887607,5.50219623159049,5.67678029371421,6.30213543962372,7.70968722978081,9.41509344652156,10.386466112795,10.9819950050002,11.4728452833705,13.0309659592638,14.4156981607943,,,15.3445412234404,16.6093707693957,17.6698747377762,18.6170016583784
140.79999999998,1.96039298951741,1.19947686197479,4.51458729615281,4.33571041278932,5.47379755277905,5.66019275742924,6.3106877959775,7.7160272931418,9.40839641185286,10.3852856780792,10.9887653649657,11.4847500708034,13.0403412019464,14.3711816731834,,,15.3358189510244,16.6030079786616,17.7107555354224,18.6135113114795
141.39999999998,1.96618199898462,1.19559890110281,4.48215952335943,4.35561177670257,5.44539887396762,5.64360522114427,6.3192401523313,7.72236735650281,9.40169937718417,10.3841052433635,10.9955357249312,11.4966548582364,13.0497164446289,14.3266651855726,,,15.3270966786084,16.5966451879274,17.7516363330686,18.6100209645806
141.99999999998,1.97197100845183,1.19172094023083,4.44973175056606,4.37551314061582,5.41700019515618,5.6270176848593,6.32779250868509,7.72870741986381,9.39498319606945,10.3829461141203,11.0023060848966,11.5085596456693,13.0590916873115,14.2821486979618,,,15.3183744061924,16.5902823971933,17.7925171307147,18.6065306176818
142.59999999998,1.97776001791904,1.18784297935885,4.41730397777268,4.39541450452907,5.38860151634475,5.61043014857433,6.33634486503888,7.73504748322481,9.3879518743274,10.3817176075745,11.0090764448621,11.5204644331023,13.0684669299941,14.2376322103509,,,15.3096521337764,16.5839196064591,17.8333979283609,18.6030402707829
143.19999999998,1.98354902738625,1.18396501848687,4.38487620497931,4.41531586844231,5.36020283753331,5.59384261228936,6.34489722139267,7.74138754658581,9.38082713176497,10.3810356557172,11.0158468048275,11.5323692205352,13.0778421726767,14.1931157227401,,,15.3009298613605,16.577556815725,17.8742787260071,18.599549923884
143.79999999998,1.98933803685346,1.18008705761489,4.35244843218593,4.43521723235556,5.33180415872188,5.57725507600439,6.35344957774646,7.74772760994681,9.3737608093162,10.3822341534396,11.022617164793,11.5442740079681,13.0872174153593,14.1485992351293,,,15.2922075889445,16.5711940249908,17.9151595236533,18.5960595769851
144.39999999998,1.99512704632067,1.17620909674291,4.32002065939256,4.45511859626881,5.30340547991044,5.56066753971941,6.36200193410025,7.75406767330781,9.36554405151399,10.3830716706551,11.0293875247584,11.5561787954011,13.0965926580419,14.1040827475185,,,15.2829912420318,16.5691084433944,17.9560403212994,18.5925692300862
144.99999999998,2.00091308247619,1.17219180809766,4.28759288659919,4.47501996018206,5.27500680109901,5.54602428659354,6.36703510647302,7.76820203276822,9.35657402546551,10.3825615588619,11.0361578847239,11.5677821864637,13.1059679007245,14.0595662599076,,,15.2829524301891,16.5605938449554,17.9969211189456,18.5890788831873
145.59999999998,2.00604494088395,1.16961016943511,4.25516511380581,4.49492132409531,5.24698613547076,5.5312570402241,6.36681875243808,7.77989799847867,9.34827192566537,10.3816568540613,11.0477166087236,11.578634708118,13.1153431434071,14.0150497722968,,,15.2902601913733,16.5460270269806,18.0341090608792,18.5891274147941
146.199999999979,2.00783338731715,1.17601849923934,4.22273734101244,4.51482268800856,5.2438202804001,5.52696025133957,6.36818383577289,7.79818808103312,9.3393601704744,10.3805599927452,11.0473399182195,11.5817216655763,13.112057441778,13.9919225947961,,,15.2887756218636,16.5255893607573,18.046996267741,18.5905060364346
146.799999999979,2.00605917218207,1.19059940869617,4.1723430533095,4.49009690261754,5.2614621907095,5.55229814807491,6.36673434107361,7.81061550924144,9.33038347578797,10.3788957592923,11.0166622626788,11.5941722169554,13.1553522975439,14.0334073017355,,,15.2871164992706,16.5169258859021,18.0363041461026,18.5806877177707
147.399999999979,1.99575397067994,1.20357088111026,4.12194876560595,4.46537111722499,5.27379494385112,5.57566524701968,6.36631475975579,7.82480929717518,9.32070208174002,10.3742669497249,10.9961065188704,11.6009564628564,13.1986471533114,14.0723193138848,,,15.2805326255696,16.5044792676691,18.0120472617307,18.5742236796566
147.999999999979,1.98343056473205,1.21708553362879,4.07155447790239,4.44064533183244,5.2862668281696,5.60129296954247,6.3718936457171,7.83264112695074,9.31375374869636,10.368000618532,10.9959903714887,11.6082639072364,13.241942009079,14.111231326034,,,15.2712835307534,16.4888874372617,17.9877903773584,18.5677596415426
148.599999999979,1.97110715878409,1.23060018614733,4.02116019019884,4.41591954643989,5.29873871248809,5.62692069206534,6.3774725316786,7.8404729567261,9.3081156555175,10.3613938066903,10.9958742241077,11.6155713516165,13.2852368648465,14.1501433381832,,,15.2674561363778,16.4747554433649,17.963533492986,18.5612956034287
149.199999999979,1.95878375283612,1.24411483866588,3.97076590249528,4.39119376104735,5.31121059680658,5.65254841458822,6.38305141764012,7.84830478650145,9.30248215223072,10.3560840661392,10.9957580767267,11.6228787959966,13.328531720614,14.1890553503324,,,15.2643541013676,16.4610460902182,17.9392766086136,18.5548315653148
149.799999999979,1.94646034688816,1.25762949118442,3.92037161479173,4.3664679756548,5.32368248112507,5.67817613711109,6.38863030360162,7.8561366162768,9.29670876161906,10.3509513963025,10.9956419293458,11.6301862403767,13.3718265763815,14.2279673624816,,,15.2612520663574,16.4473367370714,17.9150197242413,18.5483675272008
150.399999999979,1.9341369409402,1.27114414370297,3.86997732708818,4.34174219026225,5.33615436544356,5.70380385963397,6.39420918956314,7.86396844605216,9.2908383958078,10.3452096188102,10.9955257819648,11.6374936847568,13.4151214321491,14.2668793746307,,,15.2581500313472,16.4336273839246,17.8907628398689,18.5419034890869
150.999999999979,1.92181353499224,1.28465879622151,3.81958303938462,4.3170164048697,5.34862624976205,5.72943158215684,6.39978807552464,7.8718002758275,9.28470599957768,10.3395706713579,10.9954096345838,11.6448011291369,13.4584162879166,14.3057913867799,,,15.255047996337,16.4199180307778,17.8665059554966,18.5354394509729
151.599999999979,1.90949012904428,1.29817344874006,3.76918875168107,4.29229061947716,5.36109813408054,5.75505930467972,6.40536696148616,7.87963210560286,9.27857360334756,10.3339337944701,10.9952934872028,11.6521085735169,13.5017111436841,14.3447033989291,,,15.2519459613268,16.4062086776311,17.8422490711242,18.528975412859
152.199999999979,1.89716672309632,1.3116881012586,3.71879446397752,4.26756483408461,5.37357001839903,5.78068702720259,6.41094584744767,7.88746393537821,9.27244120711744,10.3282969175822,10.9951773398219,11.659416017897,13.5450059994516,14.3836154110783,,,15.2488439263166,16.3924993244843,17.8179921867519,18.522511374745
152.799999999978,1.88484331714836,1.32520275377715,3.66840017627396,4.24283904869206,5.38604190271752,5.80631474972546,6.41652473340918,7.89529576515356,9.26631024678437,10.3225486478686,10.9950611924409,11.6667234622771,13.5883008552192,14.4225274232275,,,15.2457418913064,16.3787899713375,17.7937353023795,18.5160473366311
153.399999999978,1.8725199112004,1.33871740629569,3.61800588857041,4.21811326329951,5.39851378703601,5.83194247224834,6.42210361937068,7.90312759492892,9.26063468489085,10.3166303589794,10.9949450450599,11.6740309066572,13.6315957109867,14.4614394353767,,,15.2426398562962,16.3650806181907,17.7694784180072,18.5095832985171
153.999999999978,1.86019650525243,1.35223205881424,3.56761160086686,4.19338747790696,5.4109856713545,5.85757019477121,6.42768250533219,7.91095942470427,9.2551130055934,10.3095780334335,10.9948288976789,11.6813383510373,13.6748905667542,14.5003514475259,,,15.239537821286,16.351371265044,17.7452215336348,18.5031192604032
154.599999999978,1.84787309930447,1.36574671133278,3.5172173131633,4.16866169251442,5.42345755567299,5.88319791729409,6.4332613912937,7.91879125447962,9.2496131234406,10.3000821149631,10.9947127502979,11.6886457954174,13.7181854225217,14.539263459675,,,15.2364357862758,16.3376619118972,17.7209646492624,18.4966552222892
155.199999999978,1.83554969335651,1.37926136385133,3.46682302545975,4.14393590712187,5.43592943999148,5.90882563981696,6.43884027725522,7.92662308425497,9.24444638247605,10.2902906646319,10.994596602917,11.6959532397975,13.7614802782893,14.5781754718242,,,15.2346128457524,16.3230043461675,17.6967077648901,18.4901911841753
155.799999999978,1.82334876013871,1.39356003241396,3.4164287377562,4.11921012172932,5.44840132430997,5.92893235081347,6.44780867665202,7.9138602955844,9.24085126438741,10.2802325800422,10.994480455536,11.7059844028873,13.8047751340568,14.6170874839734,,,15.2295247543993,16.3124288229614,17.6724508805177,18.4837271460614
156.399999999978,1.80571012415576,1.40825729562108,3.36603445005264,4.09448433633677,5.45833009088206,5.94919041505764,6.46238781177159,7.9027301318692,9.23801482976599,10.268761134763,10.9994530266952,11.7160746364049,13.8480699898243,14.6559994961226,,,15.2200936931601,16.3065913022545,17.6569801629736,18.4763470399027
156.999999999978,1.78318913118997,1.41688002393446,3.31564016234909,4.06975855094422,5.4596255243981,5.95275709922963,6.45942696715,7.87775681436174,9.23522775350392,10.2582162609326,11.0217866407751,11.7116537969604,13.8830223748166,14.6432034556528,,,15.2167324576678,16.3036506909083,17.6384683611803,18.4712496267857
157.599999999978,1.75831907486425,1.41596528694751,3.28059754598705,4.1187886387381,5.46924928296521,5.945750771443,6.46279904142888,7.85911034932438,9.23314838036476,10.2509943142505,11.0766635132476,11.7044828907158,13.8670883003307,14.5985115716572,,,15.2154596233011,16.3038968199064,17.6331488763624,18.4788530952358
158.199999999978,1.73387690476978,1.40842132348759,3.24555492962558,4.1678187265347,5.48825587049416,5.94226800512274,6.47081136252211,7.83447980943768,9.2321688201913,10.2462261691482,11.0997576233815,11.6932858707293,13.8511542258429,14.558700145597,,,15.2206598147341,16.3060535059565,17.6274060701909,18.4996449878089
158.799999999978,1.71037150128119,1.39878703243606,3.2105123132641,4.21684881433131,5.5039115407687,5.93641339119424,6.47062308122356,7.81861392059319,9.22946719032855,10.2423190092772,11.1138732180442,11.6788029053715,13.8352201513551,14.5188887195369,,,15.2309574268745,16.3133057522191,17.6216632640194,18.5204368803824
159.399999999977,1.68686609779263,1.38915274138446,3.17546969690263,4.26587890212791,5.51956721104312,5.93055877726566,6.4704347999247,7.80274803174902,9.22820949362581,10.2412562980553,11.1279888127066,11.6643199400135,13.8192860768674,14.4790772934768,,,15.2371866978877,16.319103556719,17.6159204578479,18.541228772956
159.999999999977,1.66336069430408,1.37951845033286,3.14042708054116,4.31490898992452,5.53522288131754,5.92470416333708,6.47024651862584,7.78688214290486,9.22772702523931,10.2399092695976,11.142104407369,11.6498369746556,13.8033520023796,14.4392658674167,,,15.2446977527674,16.3250560219447,17.6101776516764,18.5620206655296
160.599999999977,1.63985529081552,1.36988415928126,3.10538446417969,4.36393907772112,5.55087855159196,5.91884954940849,6.47005823732698,7.77101625406069,9.22792210209039,10.2391982056928,11.1562200020313,11.6353540092976,13.7874179278918,14.3994544413566,,,15.252208807647,16.3310084871704,17.6044348455049,18.5828125581031
161.199999999977,1.61634988732696,1.36024986822966,3.07034184781821,4.41296916551772,5.56653422186638,5.91299493547991,6.46986995602813,7.75515036521652,9.22810346715772,10.2394708590342,11.1703355966937,11.6208710439397,13.7714838534041,14.3596430152965,,,15.2597198625267,16.3369609523961,17.5986920393334,18.6036044506767
161.799999999977,1.5928444838384,1.35061557717806,3.03529923145674,4.46199925331433,5.58218989214079,5.90714032155132,6.46968167472926,7.73928447637235,9.22860706465174,10.2397697523495,11.1844511913561,11.6063880785817,13.7555497789163,14.3198315892364,,,15.2672309174063,16.3429134176218,17.592949233162,18.6243963432503
162.399999999977,1.56933908034984,1.34098128612646,3.00025661509527,4.51102934111093,5.59784556241521,5.90128570762274,6.46949339343041,7.72341858752819,9.22911066214578,10.2399294374172,11.1985667860184,11.5919051132237,13.7396157044285,14.2800201631763,,,15.274741972286,16.3488658828475,17.5872064269905,18.6451882358238
162.999999999977,1.54583367686128,1.33134699507486,2.9652139987338,4.56005942890754,5.61350123268963,5.89543109369415,6.46930511213155,7.70755269868401,9.22961425963982,10.2400891224849,11.2126823806808,11.5774221478658,13.7236816299408,14.2402087371162,,,15.2822530271657,16.3548183480732,17.581463620819,18.6659801283974
163.599999999977,1.52232827337273,1.32171270402326,2.93017138237233,4.60908951670414,5.62915690296405,5.88957647976557,6.46911683083269,7.69168680983984,9.23013780824596,10.2402400968302,11.2267979753432,11.5629391825078,13.707747555453,14.2003973110561,,,15.2897640820453,16.3607708132989,17.5757208146475,18.686772020971
164.199999999977,1.49882286988417,1.31207841297166,2.89512876601085,4.65811960450075,5.64481257323847,5.88372186583699,6.46892854953383,7.67582092099568,9.23068632705238,10.2402768350071,11.2409135700055,11.5484562171499,13.6918134809652,14.160585884996,,,15.297275136925,16.3667232785247,17.569978008476,18.7075639135445
164.799999999977,1.47531746639561,1.30244412192006,2.86008614964938,4.70714969229735,5.66046824351289,5.8778672519084,6.46874026823497,7.65995503215151,9.23110422009865,10.2411853623856,11.2550291646679,11.5339732517919,13.6758794064775,14.1207744589359,,,15.3047861918046,16.3726757437504,17.5642352023045,18.7283558061181
165.399999999977,1.45181206290705,1.29280983086845,2.82504353328791,4.75617978009396,5.67612391378731,5.87201263797982,6.46855198693612,7.64408914330734,9.23195440318062,10.2436642625883,11.2691447593303,11.519490286434,13.6599453319897,14.0809630328758,,,15.3122972466843,16.3786282089761,17.558492396133,18.7491476986917
165.999999999976,1.42830665941849,1.28317553981685,2.79000091692644,4.80520986789056,5.69177958406173,5.86615802405123,6.46836370563725,7.62822325446317,9.23490655596778,10.2456761047588,11.2832603539926,11.505007321076,13.6440112575019,14.0411516068157,,,15.3160143436703,16.3855304166986,17.5527495899615,18.7699395912652
166.599999999976,1.40466725943089,1.27267695720351,2.75495830056496,4.85423995568716,5.70743525433615,5.86363890074676,6.46427476842937,7.62433113123861,9.23674050594535,10.2465724547775,11.297375948655,11.491739433702,13.6280771830142,14.0013401807556,,,15.319691707656,16.3914793667908,17.5470067837901,18.7907314838388
167.199999999976,1.38704570310969,1.26054972664685,2.71991568420349,4.90327004348377,5.72648260107949,5.86253546601995,6.45592601179833,7.61435236986498,9.23723574436744,10.2504514111753,11.3159375235016,11.4807172303639,13.6121431085264,13.9615287546955,,,15.3332273767119,16.3942452256825,17.5290007800111,18.8145914004464
167.799999999976,1.36927500899562,1.24924081893151,2.68487306784202,4.95230013128037,5.74118167833692,5.8693768857416,6.48201615037548,7.61368685269234,9.23717516406747,10.2536295236487,11.3295035539312,11.4944596726713,13.6001770737695,13.9927512119229,,,15.3460397689995,16.3968151635836,17.5430350009398,18.8283525854505
168.399999999976,1.35445454266163,1.24624683390952,2.72911810438965,4.94746947289238,5.72220619575946,5.87004439369346,6.51328170196326,7.60459702307403,9.23642166233809,10.2537671798971,11.3434243617345,11.5063925803911,13.5792861773248,14.040946528964,,,15.3560480341255,16.3890767165067,17.5325121037317,18.828525794481
168.999999999976,1.3349515062776,1.24971037675804,2.77336314094043,4.94263881450225,5.69514330800601,5.85687220917392,6.53677948123796,7.59642259447857,9.23474451349055,10.2523282874191,11.3792566356377,11.5191551609357,13.5583952808797,14.0838722709758,,,15.3600181890161,16.3833075667268,17.530088312529,18.7944983465165
169.599999999976,1.31640653505721,1.25514796890953,2.81760817749121,4.93780815611211,5.67008587125568,5.8447716262825,6.53974608331128,7.58990823739534,9.23344512383786,10.2533791303289,11.4055131647334,11.5365328577395,13.5375043844346,14.1267980129875,,,15.3576286921666,16.3722581928579,17.5276645213266,18.7604708985506
170.199999999976,1.29786156383687,1.2605855610611,2.86185321404199,4.93297749772197,5.64502843450543,5.83267104339113,6.54271268538377,7.58339388031217,9.23062846724057,10.2517999080567,11.4317696938287,11.5539105545435,13.5166134879895,14.1697237549992,,,15.3529803951779,16.3622269362615,17.5252407301242,18.7264434505847
170.799999999976,1.27931659261652,1.26602315321266,2.90609825059277,4.92814683933184,5.61997099775518,5.82057046049975,6.54567928745627,7.576879523229,9.22723009217046,10.2497083457728,11.4580262229241,11.5712882513475,13.4957225915444,14.2126494970108,,,15.3457197887756,16.3521802743773,17.5228169389217,18.6924160026189
171.399999999976,1.26077162139617,1.27146074536423,2.95034328714355,4.9233161809417,5.59491356100492,5.80846987760838,6.54864588952876,7.57036516614583,9.22299463493107,10.2466314426499,11.4842827520194,11.5886659481515,13.4748316950993,14.2555752390225,,,15.3384591823732,16.3421336124932,17.5203931477193,18.658388554653
171.999999999976,1.24222665017583,1.2768983375158,2.99458832369432,4.91848552255157,5.56985612425467,5.79636929471701,6.55161249160125,7.56385080906266,9.2188542585147,10.2426669168658,11.5105392811148,11.6060436449555,13.4539407986542,14.2985009810342,,,15.3311985759709,16.332086950609,17.5179693565169,18.6243611066871
172.599999999975,1.22368167895548,1.28233592966736,3.0388333602451,4.91365486416143,5.54479868750442,5.78426871182563,6.55457909367375,7.55733645197949,9.21439625901545,10.2387511286338,11.5367958102101,11.6234213417594,13.433049902209,14.3414267230458,,,15.3239379695685,16.3220402887248,17.5155455653145,18.5903336587212
173.199999999975,1.20513670773514,1.28777352181893,3.08307839679588,4.90882420577129,5.51974125075417,5.77216812893426,6.55754569574624,7.55082209489632,9.20993825951619,10.2349611973929,11.5630523393055,11.6407990385634,13.4121590057639,14.3843524650575,,,15.3166773631661,16.3119936268406,17.5131217741121,18.5563062107553
173.799999999975,1.18659173651479,1.2932111139705,3.12732343334666,4.90399354738116,5.49468381400392,5.76006754604288,6.56051229781874,7.54430773781315,9.20548026001693,10.231171266152,11.5893088684008,11.6581767353674,13.3912681093188,14.4272782070692,,,15.3094167567637,16.3019469649564,17.5106979829097,18.5222787627895
174.399999999975,1.16804676529445,1.29864870612206,3.17156846989745,4.89916288899102,5.46962637725367,5.74796696315151,6.56347889989122,7.53779338072998,9.20093573417194,10.227353326298,11.6155653974961,11.6755544321714,13.3703772128737,14.4702039490808,,,15.3021561503613,16.2919003030722,17.5082741917073,18.4882513148236
174.999999999975,1.1495017940741,1.30408629827363,3.21581350644822,4.89433223060088,5.44456894050342,5.73586638026014,6.56644550196372,7.53127902364681,9.19588096032635,10.2239383745264,11.6418219265915,11.6929321289754,13.3494863164286,14.5131296910925,,,15.2948955439589,16.281853641188,17.5058504005049,18.4542238668577
175.599999999975,1.13095682285375,1.3095238904252,3.260058542999,4.88950157221075,5.41951150375316,5.72376579736876,6.56941210403622,7.52476466656364,9.19077708877591,10.2206412002368,11.6680784556868,11.7103098257794,13.3285954199835,14.5560554331042,,,15.2876349375565,16.2718069793038,17.5034266093025,18.4201964188918
176.199999999975,1.11241185163341,1.31496148257676,3.30430357954978,4.88467091382061,5.39445406700291,5.71166521447739,6.57237870610871,7.51825030948047,9.18577313545359,10.2187382537939,11.6943349847822,11.7276875225834,13.3077045235384,14.5989811751158,,,15.2803743311541,16.2617603174196,17.5010028181001,18.386168970926
176.799999999975,1.09386688041306,1.32039907472833,3.34854861610056,4.87984025543048,5.36939663025266,5.69956463158601,6.57534530818121,7.5117359523973,9.17817319015158,10.2168219116267,11.7205915138775,11.7450652193874,13.2868136270933,14.6419069171275,,,15.2761342778295,16.2479527267637,17.4985790268977,18.3521415229601
177.399999999975,1.07542556149719,1.32596102506857,3.39279365265134,4.87500959704034,5.34433919350241,5.68851536257055,6.57935299399595,7.50714711279423,9.17135988432003,10.2160504164265,11.7468480429729,11.7605724894136,13.2659227306482,14.6848326591392,,,15.2709932654798,16.2349528426787,17.4961552356953,18.3181140749942
177.999999999975,1.05453810202822,1.33265001044627,3.43703868920212,4.87017893865021,5.32031109582173,5.68122339829505,6.59237465525637,7.51548310005511,9.16689557586072,10.2145728003601,11.7535936145877,11.7767393421568,13.2450318342031,14.7277584011508,,,15.2607464001477,16.2280654609813,17.5083216050986,18.2827334302708
178.599999999975,1.03424863334134,1.3395288967639,3.4812837257529,4.86534828026007,5.29811404055532,5.67262998294276,6.58328162187586,7.53132715623312,9.16345025149215,10.2143834001192,11.7416761473554,11.7849443689784,13.2237384888738,14.7416378509118,,,15.2457493345639,16.224635471982,17.4686407067984,18.2688708500092
179.199999999974,1.01001537167483,1.33998294315013,3.41449261506154,4.83951247864349,5.31139769927962,5.66612739475656,6.55582612670163,7.55298367210814,9.16030234560651,10.2153796147516,11.7193567169717,11.7880666166806,13.2263889524859,14.6972929421462,,,15.2320872238401,16.2252525451118,17.4343105162958,18.2582463507272
179.799999999974,0.989469914497856,1.33351345309954,3.34770150436546,4.81367667702603,5.32587365665622,5.67447740403813,6.52868457296979,7.57428533649828,9.15926580854898,10.2193005422037,11.6871675114995,11.7948544555777,13.229039416099,14.6569664058714,,,15.227263061237,16.2255521956054,17.4094119481315,18.281623293843
180.399999999974,0.967498520513537,1.32523967140924,3.28091039366938,4.78784087540856,5.34245372068688,5.68395345067606,6.52199623902494,7.58483405796984,9.15866647994859,10.2221543860459,11.663278914998,11.8006943155684,13.2316898797121,14.6166398695968,,,15.2271933592255,16.2307968101082,17.3845133799675,18.3050002369603
180.999999999974,0.945527126529157,1.31696588971887,3.2141192829733,4.76200507379109,5.35903378471763,5.69342949731403,6.51530790508096,7.59538277944095,9.15807301908761,10.2255198661012,11.6393903184969,11.8065341755591,13.2343403433251,14.5763133333222,,,15.2283537303043,16.2319869536439,17.3596148118036,18.3283771800776
181.599999999974,0.923555732544777,1.3086921080285,3.14732817227722,4.73616927217362,5.37561384874838,5.702905543952,6.50861957113698,7.60593150091206,9.1582847677947,10.2292387930796,11.6155017219958,11.8123740355498,13.2369908069382,14.5359867970475,,,15.2311820945993,16.2330458458598,17.3347162436396,18.3517541231949
182.199999999974,0.901584338560396,1.30041832633813,3.08053706158114,4.71033347055615,5.39219391277913,5.71238159058998,6.501931237193,7.61648022238316,9.15940773460026,10.2325241220397,11.5916131254946,11.8182138955406,13.2396412705513,14.4956602607729,,,15.2340104588945,16.2341047380757,17.3098176754757,18.3751310663122
182.799999999974,0.879612944576016,1.29214454464776,3.01374595088506,4.68449766893868,5.40877397680988,5.72185763722795,6.49524290324903,7.62702894385427,9.16035917324281,10.2361204447375,11.5677245289935,11.8240537555313,13.2422917341644,14.4553337244983,,,15.2368388231897,16.2351636302916,17.2849191073117,18.3985080094294
183.399999999974,0.857641550591636,1.28387076295739,2.94695484018898,4.65866186732121,5.42535404084063,5.73133368386592,6.48855456930505,7.63757766532538,9.16161909977785,10.2396719818782,11.5438359324923,11.829893615522,13.2449421977775,14.4150071882237,,,15.2396671874848,16.2362225225075,17.2600205391478,18.4218849525467
183.999999999974,0.835670156607256,1.27559698126701,2.8801637294929,4.63282606570374,5.44193410487137,5.7408097305039,6.48186623536108,7.64812638679648,9.16287902631291,10.2432245957254,11.5199473359912,11.8357334755127,13.2475926613906,14.3746806519491,,,15.24249555178,16.2372814147235,17.2351219709838,18.445261895664
184.599999999974,0.813698762622876,1.26732319957664,2.81337261879682,4.60699026408627,5.45851416890212,5.75028577714187,6.4751779014171,7.65867510826759,9.16413895284797,10.2467772095727,11.4960587394901,11.8415733355034,13.2502431250037,14.3343541156744,,,15.2453239160752,16.2383403069394,17.2102234028199,18.4686388387813
185.199999999974,0.791727368638495,1.25904941788627,2.74658150810074,4.58115446246881,5.47509423293287,5.75976182377984,6.46848956747313,7.6692238297387,9.16549032423507,10.2505907267415,11.4721701429889,11.8474131954941,13.2528935886168,14.2940275793998,,,15.2481522803703,16.2393991991553,17.185324834656,18.4920157818986
185.799999999973,0.769755974654115,1.2507756361959,2.67979039740466,4.55531866085134,5.49167429696362,5.76923787041782,6.46180123352914,7.67977255120981,9.16701208719401,10.2542926632026,11.4482815464878,11.8532530554848,13.2555440522299,14.2537010431252,,,15.2509806446655,16.2404580913712,17.160426266492,18.5153927250159
186.399999999973,0.747784580669735,1.24250185450553,2.61299928670858,4.52948285923387,5.50825436099437,5.77871391705579,6.45511289958517,7.69032127268092,9.1687173806861,10.2576325453106,11.4243929499867,11.8590929154755,13.258194515843,14.2133745068506,,,15.2538090089607,16.2415169835871,17.1355276983281,18.5387696681331
186.999999999973,0.725813186685355,1.23422807281516,2.5462081760125,4.5036470576164,5.52483442502512,5.78818996369376,6.44842456564119,7.70086999415202,9.16981701529714,10.2584610273675,11.4005043534855,11.8649327754662,13.260844979456,14.1730479705759,,,15.2566373732558,16.242575875803,17.1106291301641,18.5621466112504
187.599999999973,0.703841792700974,1.22595429112478,2.47941706531642,4.47781125599893,5.54141448905586,5.79766601033174,6.44173623169722,7.71141871562313,9.17158580384503,10.2606420317243,11.3766157569844,11.8707726354569,13.2634954430691,14.1327214343013,,,15.2585686672408,16.2455034523162,17.0857305620002,18.5855235543677
188.199999999973,0.68190410717359,1.21779122700577,2.41262595462034,4.45197545438146,5.55799455308661,5.80512977339666,6.43878458567293,7.71838784726883,9.17402813802366,10.2642667703697,11.3527271604832,11.8765987169257,13.2661459066822,14.0923948980267,,,15.2635864542361,16.2503883025417,17.0608319938362,18.608900497485
188.799999999973,0.660380124576396,1.20698564214805,2.34583484392426,4.42613965276399,5.56864581691796,5.80527464691518,6.42208012875091,7.71245624209061,9.1750037821049,10.268045289411,11.3490262812544,11.8723138968061,13.2687963702953,14.0520683617521,,,15.2618401079019,16.2499229926863,17.0332763305987,18.6366369234335
189.399999999973,0.64494449043713,1.19977883824355,2.27904373322818,4.40030385114652,5.57774967042308,5.80830342381232,6.40803347459093,7.69827436742503,9.17570328092062,10.2704462687745,11.339136478926,11.8602533217455,13.2833708407407,13.9903448537069,,,15.2644118327468,16.2456610446454,17.0734278382821,18.6224846095679
189.999999999973,0.637002522981108,1.19655605154241,2.30662021977192,4.37779524685381,5.54908370028014,5.80762560392186,6.41127908466834,7.68477130458371,9.17647061527717,10.2739937536315,11.3162397056487,11.8542178763601,13.322773434599,14.0278853401836,,,15.2678433346943,16.247197743168,17.1455965463208,18.6123621043468
190.599999999973,0.635997547432303,1.2031264885877,2.33419670631993,4.35528664256125,5.52496463572987,5.81473078125441,6.41667023566818,7.67569283197953,9.17455478477025,10.2737541557301,11.2916606332829,11.8417745009535,13.3621760284584,14.0622209901255,,,15.2660660763196,16.2483186033275,17.2077298603682,18.5795731307631
191.199999999973,0.635642386464588,1.2122882717281,2.36177319286794,4.33277803826869,5.49691010425342,5.81978087629112,6.41878739517607,7.67141282308147,9.17137617199531,10.2710698110721,11.2731364485534,11.8262525139159,13.4015786223178,14.0965566400674,,,15.2651938937163,16.2449559768048,17.2698631744152,18.5467841571784
191.799999999973,0.635287225496904,1.22145005486863,2.38934967941595,4.31026943397612,5.46885557277679,5.82483097132773,6.42090455468382,7.66713281418364,9.16846187022505,10.2692101328075,11.2546122638241,11.8107305268781,13.4409812161773,14.1308922900092,,,15.265162285877,16.2436971504072,17.3319964884621,18.5139951835936
192.399999999972,0.634932064529218,1.23061183800916,2.41692616596396,4.28776082968356,5.44080104130016,5.82988106636434,6.42302171419156,7.6628528052858,9.16443667055491,10.2672393382946,11.2360880790948,11.7952085398403,13.4803838100367,14.1652279399511,,,15.2638896598181,16.2424068374028,17.3941298025091,18.4812062100089
192.999999999972,0.634576903561534,1.23977362114968,2.44450265251197,4.265252225391,5.41274650982354,5.83493116140096,6.42513887369932,7.65857279638797,9.15973125985511,10.2659718030459,11.2175638943655,11.7796865528026,13.5197864038961,14.1995635898929,,,15.262617033759,16.2411165243983,17.4562631165561,18.4484172364241
193.599999999972,0.634221742593848,1.24893540429021,2.47207913905998,4.24274362109843,5.38469197834691,5.83998125643757,6.42725603320706,7.65429278749013,9.1551963076641,10.2646956193569,11.1990397096361,11.7641645657648,13.5591889977555,14.2338992398348,,,15.2613444077,16.2398262113939,17.518396430603,18.4156282628394
194.199999999972,0.633866581626163,1.25809718743073,2.49965562560799,4.22023501680587,5.35663744687028,5.84503135147418,6.42937319271481,7.6500127785923,9.15028327178032,10.2633316966092,11.1805155249069,11.748642578727,13.598591591615,14.2682348897766,,,15.260071781641,16.2385358983895,17.58052974465,18.3828392892547
194.799999999972,0.633511420658478,1.26725897057126,2.527232112156,4.19772641251331,5.32858291539365,5.85008144651079,6.43149035222256,7.64573276969447,9.14537023589652,10.2620971536752,11.1619913401776,11.7331205916893,13.6379941854744,14.3025705397185,,,15.258799155582,16.237245585385,17.6426630586969,18.3500503156699
195.399999999972,0.633156259690793,1.27642075371178,2.55480859870401,4.17521780822075,5.30052838391702,5.8551315415474,6.43360751173031,7.64145276079663,9.14045720001273,10.2608626107412,11.1434671554482,11.7175986046515,13.6773967793338,14.3369061896603,,,15.257526529523,16.2359552723806,17.7047963727439,18.3172613420852
195.999999999972,0.632801098723108,1.28558253685231,2.58238508525202,4.15270920392818,5.2724738524404,5.86018163658402,6.43572467123806,7.63717275189879,9.13555390887224,10.2594262532155,11.124942970719,11.7020766176137,13.7167993731932,14.3712418396021,,,15.2562539034639,16.2346649593762,17.7669296867909,18.2844723685004
196.599999999972,0.632445937755423,1.29474431999284,2.60996157180003,4.13020059963562,5.24441932096377,5.86523173162063,6.4378418307458,7.63289274300096,9.1307333528549,10.2579045246847,11.1064187859897,11.6865546305759,13.7562019670527,14.405577489544,,,15.2549812774049,16.2333746463717,17.8290630008378,18.2516833949157
197.199999999972,0.632090776787738,1.30390610313336,2.63753805834804,4.10769199534306,5.21636478948714,5.87028182665724,6.43995899025355,7.62861273410312,9.12563375583714,10.25642808778,11.0878946012603,11.6710326435382,13.7956045609121,14.4399131394858,,,15.2537086513459,16.2320843333673,17.8911963148848,18.2188944213309
197.799999999972,0.631735615820053,1.31306788627389,2.66511454489605,4.0851833910505,5.18831025801051,5.87533192169385,6.4420761497613,7.62433272520529,9.1206122098802,10.254794320815,11.069370416531,11.6555106565004,13.8350071547715,14.4742487894277,,,15.2524360252869,16.2307940203629,17.9533296289317,18.1861054477462
198.399999999972,0.631380454852368,1.32222966941441,2.69269103144406,4.06267478675793,5.16025572653388,5.88038201673046,6.44419330926904,7.62005271630745,9.11615095423715,10.2514477183903,11.0508462318017,11.6399886694626,13.8744097486309,14.5085844393695,,,15.2503253729185,16.2309415607657,18.0154629429787,18.1533164741615
198.999999999971,0.630898536405297,1.33110011155314,2.72026751799207,4.04016618246537,5.13220119505725,5.88702961286544,6.44168182056181,7.61536027163773,9.11233831176752,10.2468502570677,11.0323220470724,11.6262700588217,13.9138123424904,14.5429200893114,,,15.2462585737208,16.2265608161973,18.0775962570257,18.1205275005767
199.599999999971,0.633564403687122,1.34080006572788,2.74784400454008,4.01765757817281,5.11074143865193,5.89350921330953,6.43482798664928,7.61896486537382,9.10823135203743,10.2419795084542,10.9868495132972,11.6212357294229,13.9532149363498,14.5772557392532,,,15.2439658199394,16.2266524386652,18.136068672125,18.0844210431799
200.199999999971,0.635376259534878,1.34183632479018,2.77542049108809,3.99514897388025,5.09489601608634,5.8925367228253,6.42574523653118,7.62119635888158,9.10430606953256,10.2383334787889,10.9872308289628,11.615284987108,13.9908262618049,14.6297130769834,,,15.2417297132384,16.2312723706027,18.1404215820113,18.1108841346224
200.799999999971,0.635553862773508,1.33786141187898,2.78403542469545,4.0199656503445,5.10600472030287,5.91196766012274,6.40492779712916,7.62537171009712,9.10059946389899,10.233683792022,10.9822221300976,11.6061917961531,13.951614758801,14.6331024722177,,,15.2392392000024,16.2380154280172,18.1257567879114,18.1448234032904
201.399999999971,0.635622898172417,1.33120921505053,2.7926503583019,4.04478232681102,5.11739100956272,5.90922335256241,6.38646446742043,7.63509356686739,9.09888580527064,10.2343979040036,10.9930237642374,11.6037624355019,13.9124032557935,14.6377549990779,,,15.2382481319343,16.2455062995689,18.1216883071112,18.196845297773
201.999999999971,0.635555453094624,1.32302613524823,2.80126529190835,4.06959900327754,5.13010105255333,5.90955304645036,6.36271811723869,7.64539987200433,9.09747902425629,10.2357175898104,10.9943255424526,11.6024783824499,13.8731917527859,14.6424075259382,,,15.2310296616047,16.2530385170799,18.1176198263116,18.2488671922563
202.599999999971,0.635488008016823,1.31484305544584,2.80988022551481,4.09441567974406,5.14281109554401,5.90988274033846,6.33897176705669,7.65570617714129,9.09568890546074,10.2340732117858,10.9956273206673,11.6011943293979,13.8339802497784,14.6470600527985,,,15.222859094843,16.2646919169071,18.1135513455119,18.3008890867397
203.199999999971,0.635420562939022,1.30665997564346,2.81849515912126,4.11923235621058,5.15552113853468,5.91021243422656,6.31522541687469,7.66601248227826,9.09505979173039,10.2320806177746,10.996929098882,11.599910276346,13.7947687467708,14.6517125796587,,,15.2156511544676,16.2765318803717,18.1094828647123,18.3529109812231
203.799999999971,0.635353117861222,1.29847689584108,2.82711009272771,4.14404903267711,5.16823118152536,5.91054212811466,6.2914790666927,7.67631878741522,9.09513995667593,10.2301437478142,10.9982308770968,11.598626223294,13.7555572437633,14.656365106519,,,15.2084432140923,16.2883718438363,18.1054143839127,18.4049328757065
204.399999999971,0.635285672783421,1.2902938160387,2.83572502633416,4.16886570914363,5.18094122451603,5.91087182200277,6.2677327165107,7.68662509255219,9.09520051905028,10.2285133547388,10.9995326553115,11.5973421702421,13.7163457407557,14.6610176333793,,,15.201235273717,16.3002118073009,18.101345903113,18.4569547701899
204.999999999971,0.635218227705621,1.28211073623632,2.84433995994061,4.19368238561015,5.19365126750671,5.91120151589087,6.2439863663287,7.69693139768915,9.09568568137957,10.2270601004264,11.0008344335262,11.5960581171901,13.6771342377482,14.6656701602396,,,15.1940273333417,16.3120517707656,18.0972774223134,18.5089766646733
205.59999999997,0.63515078262782,1.27392765643393,2.85295489354707,4.21849906207667,5.20636131049739,5.91153120977897,6.2202400161467,7.70723770282612,9.09617084370889,10.2254343020948,11.0021362117409,11.5947740641382,13.6379227347406,14.6703226870999,,,15.1868193929663,16.3238917342302,18.0932089415137,18.5609985591567
206.19999999997,0.635083337550019,1.26574457663155,2.86156982715352,4.2433157385432,5.21907135348806,5.91186090366707,6.19649366596471,7.71754400796308,9.0966560060382,10.2238085037632,11.0034379899557,11.5934900110862,13.5987112317331,14.6749752139602,,,15.179611452591,16.3357316976948,18.0891404607141,18.6130204536401
206.79999999997,0.635015892472219,1.25756149682917,2.87018476075997,4.26813241500972,5.23178139647874,5.91219059755517,6.17274731578271,7.72785031310004,9.09707387072864,10.222119028755,11.0047397681704,11.5922059580343,13.5594997287256,14.6796277408205,,,15.1724035122157,16.3475716611594,18.0850719799144,18.6650423481235
207.39999999997,0.634948447394418,1.24937841702679,2.87879969436642,4.29294909147624,5.24449143946941,5.91252029144327,6.14900096560072,7.73815661823701,9.09722544465267,10.2203192879457,11.0060415463851,11.5909219049824,13.520288225718,14.6842802676807,,,15.1651955718404,16.3594116246241,18.0810034991148,18.7170642426069
207.99999999997,0.634881002316618,1.24119533722441,2.88741462797287,4.31776576794276,5.25720148246009,5.91284998533137,6.12525461541872,7.74846292337397,9.09751026565533,10.218439215235,11.0073433245998,11.5896378519304,13.4810767227105,14.688932794541,,,15.1579876314651,16.3712515880887,18.0769350183151,18.7690861370903
208.59999999997,0.634813557238817,1.23301225742202,2.89602956157933,4.34258244440928,5.26991152545076,5.91317967921947,6.10150826523672,7.75876922851093,9.0984149755742,10.2185576029412,11.0086451028146,11.5883537988785,13.4418652197029,14.6935853214013,,,15.1507796910898,16.3830915515533,18.0728665375155,18.8211080315737
209.19999999997,0.634746112161017,1.22482917761964,2.90464449518578,4.36739912087581,5.28262156844144,5.91350937310757,6.07776191505472,7.7690755336479,9.09948665283832,10.2193380778223,11.0099468810293,11.5870697458265,13.4026537166954,14.6982378482616,,,15.1468343599786,16.3918081448756,18.0687980567158,18.8731299260571
209.79999999997,0.634713061808268,1.21688943502035,2.91325942879223,4.39221579734233,5.29533161143211,5.91060535998358,6.05557369846732,7.77952295295691,9.09672729903921,10.2191290905717,11.011248659244,11.5810433185563,13.3634422136878,14.7028903751219,,,15.1423399830973,16.4014000965585,18.0647295759162,18.9251518205405
210.39999999997,0.633993331078241,1.21322856413233,2.92187436239868,4.41703247380885,5.30574511334178,5.91441926833883,6.05725916032906,7.78961550934585,9.09502710330477,10.2193960262582,11.0395558409959,11.5741135569634,13.3242307106803,14.7075429019822,,,15.1434195654397,16.4069376796545,18.0604722034029,18.972548002556
210.99999999997,0.637766604891125,1.21814090612347,2.93048929600513,4.44184915027537,5.30902607938523,5.93504041055004,6.06817542823755,7.79955217500514,9.09299881093971,10.2182661292591,11.0176972635733,11.5714977797357,13.2600684539195,14.737981166854,,,15.1421540165012,16.4113974977641,18.0607918111408,18.962499279827
211.59999999997,0.640876915781839,1.22977836061691,2.91895575901558,4.45471708100824,5.3249553389491,5.9334421434665,6.08954379735258,7.8088592893359,9.09043636347324,10.2170165360912,11.0079098298359,11.5745722646326,13.2803171910411,14.7650275608952,,,15.1405393650406,16.4120726821641,18.0563341330049,18.9396099012838
212.199999999969,0.639898325843811,1.23952484817869,2.90742222202501,4.4675850117405,5.33434048566869,5.94195593573254,6.10760346069438,7.80813047542085,9.08779579258912,10.2114315967149,11.0020866344812,11.5739154855585,13.3005659281669,14.7925295091839,,,15.1357300822061,16.4160363520495,18.0410960697512,18.9190913594632
212.799999999969,0.639341564682259,1.24768501545943,2.89588868503443,4.48045294247276,5.34573832957879,5.94726616477118,6.1517657111427,7.80967809844541,9.08779664086009,10.2090275640365,10.9961214219164,11.5761967231074,13.3208146652927,14.8200314574725,,,15.1334138444774,16.4235591269582,18.0258580064969,18.8985728176428
213.399999999969,0.638784803520729,1.25584518274009,2.88435514804386,4.49332087320502,5.357136173489,5.95257639380966,6.19592796159235,7.81122572147009,9.08880439543891,10.2087474284594,10.9901562093516,11.5784779606564,13.3410634024186,14.8475334057612,,,15.1337470335538,16.4259078609686,18.0106199432426,18.8780542758224
213.999999999969,0.638228042359198,1.26400535002075,2.87282161105328,4.50618880393728,5.36853401739921,5.95788662284813,6.240090212042,7.81277334449476,9.09001208115466,10.2105679536735,10.9841909967868,11.5807591982054,13.3613121395444,14.8750353540499,,,15.1344084557863,16.4279782936696,17.9953818799884,18.8575357340021
214.599999999969,0.637671281197668,1.27216551730141,2.86128807406271,4.51905673466954,5.37993186130942,5.96319685188661,6.28425246249165,7.81432096751945,9.09036984331014,10.212607348714,10.978225784222,11.5830404357544,13.3815608766703,14.9025373023386,,,15.1350698780187,16.4300487263706,17.9801438167341,18.8370171921817
215.199999999969,0.637114520036137,1.28032568458207,2.84975453707213,4.5319246654018,5.39132970521963,5.96850708092508,6.32841471294131,7.81586859054412,9.09065688517194,10.2143062758662,10.9722605716572,11.5853216733034,13.4018096137961,14.9300392506272,,,15.1357313002512,16.4321191590716,17.9649057534799,18.8164986503613
215.799999999969,0.636557758874607,1.28848585186273,2.83822100008156,4.54479259613407,5.40272754912984,5.97381730996356,6.37257696339095,7.8174162135688,9.0908750695534,10.2157624109055,10.9662953590924,11.5876029108524,13.4220583509219,14.9575411989159,,,15.1363927224837,16.4341895917727,17.9496676902256,18.7959801085409
216.399999999969,0.636000997713076,1.29664601914339,2.82668746309098,4.55766052686633,5.41412539304005,5.97912753900204,6.4167392138406,7.81896383659348,9.09109325393485,10.2172522386551,10.9603301465276,11.5898841484014,13.4423070880478,14.9850431472046,,,15.1370541447161,16.4362600244737,17.9344296269714,18.7754615667205
216.999999999969,0.635444236551546,1.30480618642406,2.81515392610041,4.57052845759859,5.42552323695026,5.98443776804051,6.46090146429025,7.82051145961816,9.09131143831631,10.2187420664047,10.9543649339628,11.5921653859504,13.4625558251736,15.0125450954933,,,15.1377155669486,16.4383304571747,17.9191915637171,18.7549430249001
217.599999999969,0.634887475390015,1.31296635370472,2.80362038910983,4.58339638833085,5.43692108086047,5.98974799707899,6.50506371473991,7.82205908264283,9.09159437172805,10.2204583235486,10.948399721398,11.5944466234995,13.4828045622994,15.040047043782,,,15.1383769891811,16.4404008898757,17.9039535004628,18.7344244830797
218.199999999969,0.634330714228485,1.32112652098538,2.79208685211926,4.59626431906311,5.44831892477068,5.99505822611746,6.54922596518955,7.82360670566751,9.0920954444032,10.2224582573593,10.9424345088332,11.5967278610485,13.5030532994253,15.0675489920706,,,15.1390384114135,16.4424713225767,17.8887154372086,18.7139059412593
218.799999999968,0.633773953066954,1.32928668826604,2.78055331512868,4.60913224979537,5.45971676868089,6.00036845515594,6.5933882156392,7.82515432869219,9.09256695943663,10.2246928296059,10.9364692962684,11.5990090985975,13.5233020365511,15.0950509403593,,,15.139699833646,16.4445417552778,17.8734773739543,18.6933873994389
219.399999999968,0.633217191905425,1.3374468555467,2.76901977813811,4.62200018052763,5.4711146125911,6.00567868419442,6.63755046608885,7.82670195171687,9.09240372590424,10.2244995448396,10.9305040837036,11.6012903361465,13.543550773677,15.122552888648,,,15.1403612558785,16.4466121879788,17.8582393107001,18.6728688576185
219.999999999968,0.632660430743894,1.34560702282736,2.75748624114753,4.63486811125989,5.48251245650131,6.01098891323289,6.6817127165385,7.82824957474155,9.09247417373243,10.2238821240385,10.9245388711388,11.6035715736955,13.5637995108028,15.1500548369367,,,15.1391498964809,16.4513776436448,17.8430012474458,18.6523503157981
220.599999999968,0.632093393054515,1.35386112457652,2.74595270415696,4.64773604199215,5.49391030041151,6.01987788378981,6.72733271076563,7.82727946538152,9.09525429185438,10.2226023065137,10.918573658574,11.6103962542075,13.5840482479286,15.1775567852253,,,15.1377714871399,16.4591599100589,17.8277631841915,18.6318317739777
221.199999999968,0.63136642859515,1.35960434176856,2.73441916716638,4.66060397272441,5.50321944978296,6.02480217194394,6.76452826232874,7.82414671566082,9.09586421339101,10.2181711664048,10.8971832842594,11.6119189829243,13.6042969850545,15.205058733514,,,15.1358147591315,16.4671419093341,17.8097261299489,18.6166470364043
221.799999999968,0.623031815465263,1.36371735686934,2.72288563017581,4.67347190345667,5.5112632124049,6.00603912613271,6.79358881671634,7.82362093106158,9.09602083308995,10.2136331070055,10.9123647560479,11.612354030545,13.6575506392487,15.1990222785075,,,15.1356181003697,16.4692929774234,17.7966205843808,18.629314704055
222.399999999968,0.618943423190863,1.36798683788033,2.74500399186614,4.65637947715483,5.49552947001853,5.99028311910298,6.80915288366591,7.81593242653069,9.09636532538571,10.2082481379591,10.9279922689042,11.6013778652226,13.6723443755873,15.1822274720862,,,15.1357317490816,16.4694684971983,17.7883446170666,18.6456195058563
222.999999999968,0.616614991413728,1.37068631226619,2.76712235355826,4.63928705085139,5.48662418577837,5.97333796155453,6.83545962075493,7.80834072527225,9.0949376356437,10.2015079910848,10.9251755033437,11.5930723469862,13.687138111924,15.1650761683106,,,15.1340444561368,16.459824124282,17.7743408551988,18.6450972628096
223.599999999968,0.614546941483657,1.37655097455843,2.78924071525039,4.62219462454795,5.47652917841963,5.95497700014651,6.83253350544095,7.80243935311384,9.08988574330665,10.1909381568257,10.9276616541407,11.581098929788,13.7019318482606,15.147924864535,,,15.1334246387385,16.4466470997227,17.7603370933306,18.6445750197621
224.199999999968,0.612478891553599,1.38241563685084,2.81135907694251,4.6051021982445,5.46643417106082,5.93661603873842,6.8296073901254,7.79653798095551,9.0845026685974,10.1811033248491,10.930147804938,11.5691255125897,13.7167255845972,15.1307735607593,,,15.1312592097386,16.4330897258992,17.7463333314623,18.6440527767145
224.799999999968,0.610410841623541,1.38828029914325,2.83347743863464,4.58800977194106,5.45633916370202,5.91825507733032,6.82668127480984,7.79063660879718,9.07773323959815,10.1668397110868,10.9326339557353,11.5571520953914,13.7315193209339,15.1136222569837,,,15.1278834518962,16.4196025348513,17.7323295695941,18.643530533667
225.399999999967,0.608342791693483,1.39414496143566,2.85559580032676,4.57091734563762,5.44624415634321,5.89989411592223,6.8237551594943,7.78473523663886,9.07167736084824,10.1520195471531,10.9351201065325,11.5451786781931,13.7463130572705,15.096470953208,,,15.1245076940537,16.4061153438034,17.7183258077259,18.6430082906194
225.999999999967,0.606274741763425,1.40000962372808,2.87771416201889,4.55382491933417,5.43614914898441,5.88153315451413,6.82082904417874,7.77883386448054,9.06556281806701,10.1370013917978,10.9376062573298,11.5332052609947,13.7611067936071,15.0793196494324,,,15.1211319362112,16.3926281527555,17.7043220458577,18.6424860475719
226.599999999967,0.604206691833368,1.40587428602049,2.89983252371101,4.53673249303073,5.4260541416256,5.86317219310604,6.8179029288632,7.77293249232222,9.05912034252244,10.1221361098665,10.9400924081271,11.5212318437964,13.7759005299438,15.0621683456567,,,15.1177561783687,16.3791409617076,17.6903182839895,18.6419638045243
227.199999999967,0.60213864190331,1.4117389483129,2.92195088540314,4.51964006672729,5.4159591342668,5.84481123169795,6.81497681354764,7.76703112016389,9.05267786697784,10.1072559959531,10.9425785589244,11.5092584265981,13.7906942662804,15.0450170418811,,,15.1143804205262,16.3656537706597,17.6763145221213,18.6414415614768
227.799999999967,0.600070591973251,1.41760361060531,2.94406924709526,4.50254764042385,5.405864126908,5.82645027028985,6.8120506982321,7.76112974800557,9.04623539143325,10.0923758820397,10.9450647097216,11.4972850093998,13.805488002617,15.0278657381054,,,15.1110046626838,16.3521665796117,17.6623107602531,18.6409193184292
228.399999999967,0.598002542043194,1.42346827289772,2.96618760878739,4.4854552141204,5.39576911954919,5.80808930888175,6.80912458291654,7.75522837584725,9.03972924866885,10.0772444481857,10.9475508605189,11.4853115922014,13.8202817389537,15.0107144343298,,,15.1076289048413,16.3386793885638,17.6483069983849,18.6403970753817
228.999999999967,0.595934492113136,1.42933293519013,2.98830597047951,4.46836278781696,5.38567411219039,5.78972834747366,6.80619846760099,7.74932700368892,9.03322379068197,10.0617598517286,10.9500370113162,11.4733381750031,13.8350754752903,14.9935631305542,,,15.1042531469988,16.3251921975159,17.6343032365167,18.6398748323341
229.599999999967,0.593866442183078,1.43519759748254,3.01042433217164,4.45127036151352,5.37557910483158,5.77136738606557,6.80327235228545,7.74342563153059,9.02696716150847,10.0468258384603,10.9525231621135,11.4613647578048,13.8498692116269,14.9764118267785,,,15.1008773891563,16.311705006468,17.6202994746485,18.6393525892866
230.199999999967,0.591798392253021,1.44106225977496,3.03254269386376,4.43417793521007,5.36548409747278,5.75300642465747,6.8003462369699,7.73752425937227,9.020972491166,10.0347326295182,10.9550093129108,11.4493913406065,13.8646629479636,14.9592605230029,,,15.0975016313138,16.2982178154201,17.6062957127803,18.638830346239
230.799999999967,0.589730342322963,1.44692692206737,3.05466105555589,4.41708550890663,5.35538909011397,5.73464546324938,6.79742012165434,7.73162288721395,9.01464923160714,10.0250015905632,10.957495463708,11.4374179234081,13.8794566843002,14.9421092192272,,,15.093699957633,16.2858099905015,17.5922919509121,18.6383081031915
231.399999999967,0.587774103728942,1.452115540842,3.07677941724802,4.39999308260319,5.34529408275517,5.71381787171082,6.79322183030068,7.73134526157996,9.00874628339581,10.0200265004149,10.9599816145053,11.4252155686262,13.8942504206368,14.9249579154516,,,15.0892261742175,16.2701614069449,17.5782881890439,18.6377858601439
231.999999999966,0.583704230318017,1.45317818326582,3.09889777894014,4.38290065629975,5.33492353380868,5.68803463630612,6.77311984402752,7.72797180393903,9.00592228377555,10.0211012288484,10.9767809027451,11.4162691541969,13.9090441569735,14.9078066116759,,,15.0826840178677,16.2535644614414,17.569923556286,18.6275598277593
232.599999999966,0.580534752551437,1.44393658287133,3.12101614063227,4.3658082299963,5.34690891977331,5.67703162917215,6.74332492939515,7.72298568684454,9.0038995852756,10.023861360993,10.9746898624146,11.4080213761444,13.9223535480796,14.8793859043247,,,15.0763133735711,16.2402499183331,17.568477398562,18.6030628102062
233.199999999966,0.572281097946482,1.42723684433074,3.11913945134062,4.34442042693364,5.36520032430917,5.67238433401058,6.72106972582001,7.72468081578249,9.00187324536612,10.0268921650305,10.9936280352402,11.4111504019523,13.9117495997353,14.8727805247052,,,15.0682755299849,16.2174342835802,17.5434045457534,18.5719367247134
233.799999999966,0.565848527829605,1.41541725169228,3.11726276204762,4.32303262387074,5.3752175421982,5.67082711284678,6.68489848057443,7.72609098597384,9.00149412810799,10.0338356861583,11.0252904053647,11.4171491359438,13.9011456513897,14.8693168910898,,,15.0675372661269,16.2007122325279,17.5210624140564,18.5431637929941
234.399999999966,0.559652240871019,1.4030462770735,3.11538607275463,4.30164482080783,5.38440437159378,5.67114396410519,6.65302195072764,7.71680420062785,9.00305001410607,10.043356085681,11.0511605345872,11.4281280395245,13.8905417030441,14.8658532574746,,,15.0715272914681,16.1860105868885,17.4987202823596,18.514390861275
234.999999999966,0.553455953912448,1.39067530245468,3.11350938346163,4.28025701774493,5.39359120098932,5.67146081536371,6.62114542088109,7.70751741528125,9.00600551726577,10.0528812754986,11.0770306638094,11.4391069431055,13.8799377546985,14.8623896238594,,,15.0756061032426,16.17755222334,17.4763781506628,18.4856179295559
235.599999999966,0.547259666953876,1.37830432783587,3.11163269416864,4.25886921468203,5.40277803038485,5.67177766662223,6.58926889103454,7.69823062993466,9.00994161200092,10.0677740858495,11.1029007930316,11.4500858466865,13.869333806353,14.8589259902442,,,15.0810827308095,16.169622925068,17.4540360189659,18.4568449978368
236.199999999966,0.541063379995304,1.36593335321706,3.10975600487564,4.23748141161913,5.41196485978039,5.67209451788074,6.55739236118798,7.68894384458806,9.01351198559978,10.082693727956,11.1287709222538,11.4610647502674,13.8587298580074,14.8554623566289,,,15.0865593583766,16.161693626796,17.4316938872691,18.4280720661177
236.799999999966,0.534867093036733,1.35356237859824,3.10787931558265,4.21609360855622,5.42115168917593,5.67241136913926,6.52551583134143,7.67965705924147,9.0171728166993,10.0980443800251,11.154641051476,11.4720436538484,13.8481259096618,14.8519987230137,,,15.0920359859436,16.153764328524,17.4093517555723,18.3992991343986
237.399999999966,0.528670806078161,1.34119140397943,3.10600262628965,4.19470580549332,5.43033851857147,5.67272822039778,6.49363930149487,7.67037027389487,9.02137083129295,10.1136404971543,11.1805111806981,11.4830225574294,13.8375219613162,14.8485350893985,,,15.0975126135107,16.1458350302521,17.3870096238754,18.3705262026795
237.999999999966,0.522474519119589,1.32882042936061,3.10412593699666,4.17331800243042,5.439525347967,5.67304507165629,6.46176277164833,7.66108348854827,9.02556884588664,10.1295266928521,11.2063813099203,11.4940014610104,13.8269180129706,14.8450714557833,,,15.1029892410777,16.1379057319801,17.3646674921786,18.3417532709604
238.599999999965,0.516278232161017,1.3164494547418,3.10224924770366,4.15193019936751,5.44871217736254,5.67336192291481,6.42988624180178,7.65179670320168,9.02976686048033,10.1454128885499,11.2322514391425,11.5049803645914,13.816314064625,14.8416078221681,,,15.1084658686448,16.1299764337081,17.3423253604818,18.3129803392414
239.199999999965,0.510081945202445,1.30407848012298,3.10037255841067,4.13054239630461,5.45789900675808,5.67367877417333,6.39800971195523,7.64250991785508,9.03401871656024,10.1613596965653,11.2581215683647,11.5159592681724,13.8057101162794,14.8381441885529,,,15.1139424962118,16.1220471354362,17.3199832287849,18.2842074075223
239.799999999965,0.503885658243873,1.29170750550417,3.09849586911767,4.1091545932417,5.46708583615361,5.67399562543184,6.36613318210868,7.63322313250848,9.03837686824174,10.1775159395564,11.2839916975869,11.5269381717533,13.7951061679338,14.8346805549376,,,15.1194191237789,16.1141178371642,17.2976410970881,18.2554344758032
240.399999999965,0.497689371285302,1.27933653088535,3.09661917982468,4.0877667901788,5.47627266554915,5.67431247669036,6.33425665226213,7.62393634716188,9.04216788122668,10.1925336523856,11.309861826809,11.5379170753343,13.7845022195882,14.8312169213224,,,15.1248957513459,16.1061885388922,17.2752989653913,18.2266615440841
240.999999999965,0.49149308432673,1.26696555626654,3.09474249053168,4.0663789871159,5.48545949494469,5.67462932794887,6.30238012241558,7.61464956181529,9.04675061183903,10.2065113123771,11.3357319560312,11.5488959789153,13.7738982712426,14.8277532877072,,,15.1303723789129,16.0982592406203,17.2529568336944,18.197888612365
241.599999999965,0.485296797368158,1.25459458164773,3.09286580123869,4.044991184053,5.49464632434023,5.67494617920739,6.27050359256902,7.60536277646869,9.05084754643163,10.2195662965726,11.3616020852534,11.5598748824963,13.763294322897,14.824289654092,,,15.1345513396635,16.0887479723893,17.2306147019976,18.1691156806459
242.199999999965,0.479007425673104,1.2432704227356,3.09098911194569,4.02360338099009,5.50383315373576,5.67523074415459,6.24081646154318,7.60252706994943,9.05583285847888,10.2289412219085,11.3874722144756,11.5687390986263,13.7526903745515,14.8208260204768,,,15.1461402432465,16.0815755219216,17.2082725703008,18.1403427489268
242.799999999965,0.474802516641175,1.23496063084669,3.0891124226527,4.00221557792719,5.51742359658582,5.68744071414851,6.21696304485155,7.60008767433,9.05855763355156,10.2344896734973,11.4107718933514,11.5871802617794,13.7420864262059,14.8173623868616,,,15.1572175711642,16.0771363487887,17.1715803773416,18.1258134699821
243.399999999965,0.47660017480692,1.24247809120086,3.0872357333597,3.98082777486429,5.49699480569715,5.69999715550181,6.21480996553799,7.59771670212118,9.06126265249793,10.2396278731983,11.4507829926371,11.6065045701275,13.7047806721827,14.8699415218641,,,15.1679072872355,16.0748636603596,17.1393651302185,18.1346446781827
243.999999999965,0.482550309134176,1.2596398727046,3.101686266163,3.98649073980292,5.46182536498101,5.71383171676743,6.21342290726314,7.59470841609372,9.06441163317266,10.246288639435,11.4593895936272,11.6220863200456,13.7039360932703,14.9064949292459,,,15.1803766023,16.0907869075047,17.1434389029916,18.1547400067035
244.599999999965,0.487618050018453,1.27039390738333,3.11613679896725,3.99215370474314,5.43897109586382,5.72387868158157,6.21963705390151,7.59467768540397,9.06758221668483,10.2525848783616,11.4484749029765,11.6283489113164,13.7030915143601,14.9357029124243,,,15.1877483184872,16.1038414906213,17.1463047790812,18.1765602721112
245.199999999964,0.491497396872881,1.27779061946629,3.13058733177151,3.99781666968336,5.41724771776684,5.73518173537355,6.24449790357902,7.59984456729296,9.07123783003501,10.2573141458418,11.4411332051894,11.626362722445,13.7022469354499,14.9649108956022,,,15.1889719612865,16.115232550003,17.1491706551706,18.1983805375191
245.799999999964,0.495376743727237,1.28518733154905,3.14503786457576,4.00347963462359,5.39552433966993,5.74648478916561,6.26935875325762,7.60501144918224,9.07165376942953,10.2621359144454,11.4337915074025,11.6243765335732,13.7014023565396,14.9941188787801,,,15.1917483460949,16.1173775326051,17.1520365312601,18.2202008029269
246.399999999964,0.499256090581595,1.29258404363181,3.15948839738002,4.00914259956381,5.37380096157302,5.75778784295766,6.29421960293623,7.61017833107153,9.0709918560934,10.262947162218,11.4264498096156,11.6223903447014,13.7005577776294,15.0233268619581,,,15.1934793492494,16.1187824347569,17.1549024073496,18.2420210683348
246.999999999964,0.503135437435952,1.29998075571458,3.17393893018428,4.01480556450404,5.35207758347611,5.76909089674972,6.31908045261483,7.61534521296082,9.07020990237427,10.2634744701991,11.4191081118287,11.6204041558296,13.6997131987191,15.052534845136,,,15.1952103524037,16.1201873369087,17.1577682834391,18.2638413337427
247.599999999964,0.507014784290309,1.30737746779734,3.18838946298853,4.02046852944426,5.3303542053792,5.78039395054178,6.34394130229343,7.62051209485011,9.06935199003206,10.263978024705,11.4117664140418,11.6184179669577,13.6988686198089,15.081742828314,,,15.1969413555581,16.1215922390606,17.1606341595285,18.2856615991505
248.199999999964,0.510894131144666,1.31477417988011,3.20283999579279,4.02613149438448,5.30863082728229,5.79169700433383,6.36880215197204,7.62567897673939,9.06808469621699,10.2641002699898,11.404424716255,11.6164317780859,13.6980240408987,15.1109508114919,,,15.1986723587125,16.1229971412124,17.163500035618,18.3074818645584
248.799999999964,0.514773477999024,1.32217089196287,3.21729052859704,4.03179445932471,5.28690744918539,5.80300005812589,6.39366300165064,7.63084585862867,9.06681740240189,10.2636205128555,11.3970830184681,11.6144455892141,13.6971794619884,15.1401587946698,,,15.2004033618669,16.1244020433642,17.1663659117075,18.3293021299662
249.399999999964,0.51865282485338,1.32956760404563,3.2317410614013,4.03745742426493,5.26518407108847,5.81430311191794,6.41852385132924,7.63601274051796,9.06555010858679,10.2631407557212,11.3897413206812,11.6124594003423,13.6963348830782,15.1693667778478,,,15.2021343650213,16.125806945516,17.1692317877969,18.3511223953741
249.999999999964,0.522532171707737,1.3369643161284,3.24619159420556,4.04312038920515,5.24346069299157,5.82560616571,6.44338470100785,7.64117962240725,9.06423651675756,10.262724983722,11.3823996228943,11.6104732114705,13.6954903041679,15.1985747610257,,,15.2038653681757,16.1272118476678,17.1720976638864,18.372942660782
250.599999999964,0.526411518562095,1.34436102821116,3.26064212700981,4.04878335414538,5.22173731489466,5.83690921950206,6.46824555068645,7.64634650429654,9.06256279471942,10.2621245220805,11.3750579251074,11.6084870225986,13.6946457252577,15.2277827442037,,,15.20559637133,16.1286167498197,17.1749635399759,18.3947629261898
251.199999999964,0.530290865416452,1.35175774029392,3.27509265981407,4.0544463190856,5.20001393679775,5.84821227329411,6.49310640036506,7.65151338618582,9.06151986469548,10.2618529461738,11.3677162273205,11.6065008337268,13.6938011463475,15.2569907273816,,,15.2073273744844,16.1300216519715,17.1778294160654,18.4165831915977
251.799999999963,0.534170212270809,1.35915445237669,3.28954319261833,4.06010928402582,5.17829055870084,5.85951532708617,6.51796725004366,7.65668026807511,9.05885491702305,10.2601989733853,11.3603745295336,11.604514644855,13.6929565674372,15.2861987105595,,,15.2090583776388,16.1314265541233,17.1806952921548,18.4384034570055
252.399999999963,0.538049559125166,1.36655116445945,3.30399372542258,4.06577224896605,5.15656718060393,5.87081838087822,6.54282809972227,7.6618471499644,9.0562071605766,10.2552412783075,11.3530328317468,11.6025284559832,13.692111988527,15.3154066937375,,,15.2122979460195,16.1311368707887,17.1835611682443,18.4602237224134
252.999999999963,0.541943705272317,1.37251827492151,3.31844425822684,4.07143521390627,5.13484380250702,5.88271780105342,6.56443221648569,7.65369443716055,9.05130288941006,10.2495878309571,11.3456911339599,11.6018180265682,13.6912674096167,15.3446146769154,,,15.2027720709621,16.1265708013391,17.1864270443338,18.4820439878213
253.599999999963,0.544598254760157,1.37703246096666,3.33289479103109,4.0770981788465,5.10962105975387,5.88342179067378,6.59505664354041,7.64990422016766,9.0465306229853,10.2413588219593,11.3262777800859,11.5927366017017,13.6904228307065,15.3738226600934,,,15.1945951165231,16.1232585799378,17.2113022745057,18.4942789629968
254.199999999963,0.540260324540898,1.37190347462654,3.34734532383535,4.08276114378672,5.10295905932887,5.88398369118162,6.60915385827604,7.64879135419856,9.04154410504741,10.2335714353195,11.3069404632279,11.5808445798482,13.6915661548855,15.3481439335591,,,15.1871136236801,16.1215496484009,17.215107961921,18.4943155367057
254.799999999963,0.531515031177443,1.35837685953491,3.31557498917803,4.13096359670446,5.11223893713217,5.88262014110379,6.62558682262725,7.64344369031628,9.03595820524564,10.2240034450134,11.2934849688879,11.5678127128499,13.6691361329337,15.3342784901984,,,15.1775601403661,16.1111055344218,17.1850857863845,18.4922621606488
255.399999999963,0.520604324810302,1.34944303299356,3.28380465451785,4.17916604962481,5.10893683774613,5.88677560817353,6.63032212332178,7.63861017608621,9.02874436012496,10.2099680623533,11.2914648191124,11.5613663820614,13.6467061109804,15.3253468685794,,,15.1705852702227,16.1051233554054,17.1683237292761,18.4903740797258
255.999999999963,0.511610659924216,1.34417677876263,3.25203431985768,4.22736850254517,5.10371989434581,5.88811782316995,6.62135248164879,7.63689292586183,9.02062120252158,10.1973771526527,11.2885250046331,11.562619751474,13.6242760890272,15.3164152469608,,,15.1678980112002,16.1008420113858,17.1515616721685,18.4884859988029
256.599999999963,0.502616995038246,1.33891052453192,3.22026398519751,4.27557095546553,5.09850295094538,5.88946003816621,6.61238283997497,7.63517567563765,9.01613144121076,10.1826348151302,11.2855851901536,11.5638731208871,13.6018460670739,15.3074836253422,,,15.1604210958057,16.1083130273253,17.1347996150608,18.4865979178799
257.199999999963,0.493623330152277,1.33364427030122,3.18849365053734,4.32377340838589,5.09328600754494,5.89080225316247,6.60341319830113,7.63345842541347,9.01409902382113,10.1699684793106,11.2826453756742,11.5651264903002,13.5794160451206,15.2985520037235,,,15.1533672319274,16.1163356445082,17.1180375579532,18.484709836957
257.799999999963,0.484629665266308,1.32837801607051,3.15672331587716,4.37197586130624,5.0880690641445,5.89214446815872,6.59444355662731,7.63174117518928,9.0126012041867,10.1584502339397,11.2797055611948,11.5663798597132,13.5569860231674,15.2896203821049,,,15.1463133680491,16.1243582616912,17.1012755008456,18.482821756034
258.399999999962,0.475636000380339,1.32311176183981,3.12495298121699,4.4201783142266,5.08285212074407,5.89348668315498,6.58547391495347,7.6300239249651,9.01130090806068,10.1468138109045,11.2767657467154,11.5676332291263,13.5345560012141,15.2806887604863,,,15.1392595041709,16.1323808788741,17.084513443738,18.480933675111
258.999999999962,0.466642335494371,1.3178455076091,3.09318264655682,4.46838076714696,5.07763517734363,5.89482889815123,6.57650427327964,7.62830667474092,9.01003943948365,10.1352420707442,11.2738259322359,11.5688865985394,13.5121259792608,15.2717571388677,,,15.1322056402926,16.140403496057,17.0677513866303,18.4790455941881
259.599999999962,0.457648670608402,1.31257925337839,3.06141231189665,4.51658322006732,5.0724182339432,5.89617111314749,6.56753463160582,7.62658942451674,9.00877797090663,10.1239936079366,11.2708861177565,11.5701399679524,13.4896959573076,15.262825517249,,,15.1251517764143,16.14842611324,17.0509893295227,18.4771575132651
260.199999999962,0.448655005722433,1.30731299914769,3.02964197723648,4.56478567298768,5.06720129054277,5.89751332814375,6.55856498993198,7.62487217429256,9.00751650232961,10.1127451451291,11.2679463032771,11.5713933373655,13.4672659353543,15.2538938956304,,,15.118097912536,16.1564487304229,17.0342272724151,18.4752694323421
260.799999999962,0.439661340836464,1.30204674491698,2.9978716425763,4.61298812590803,5.06198434714233,5.89885554314,6.54959534825815,7.62315492406838,9.00630379803516,10.1015926788953,11.2650064887977,11.5726467067786,13.4448359134011,15.2449622740118,,,15.1110440486577,16.1644713476059,17.0174652153075,18.4733813514192
261.399999999962,0.430667675950496,1.29678049068628,2.96610130791613,4.66119057882839,5.0567674037419,5.90019775813626,6.54062570658432,7.62143767384419,9.00556834721869,10.0906053547031,11.2620666743182,11.5739000761916,13.4224058914478,15.2360306523931,,,15.1039901847794,16.1724939647888,17.0007031581999,18.4714932704962
261.999999999962,0.421674011064527,1.29151423645557,2.93433097325596,4.70939303174875,5.05155046034146,5.90153997313252,6.53165606491049,7.61972042362001,9.00458868610271,10.0798844070033,11.2591268598388,11.5751534456047,13.3999758694945,15.2270990307745,,,15.0969363209012,16.1805165819717,16.9839411010922,18.4696051895732
262.599999999962,0.412680346178558,1.28624798222487,2.90256063859579,4.75759548466911,5.04633351694103,5.90288218812877,6.52268642323665,7.61800317339583,9.00494617227457,10.070141377901,11.2561870453594,11.5764068150178,13.3775458475413,15.2181674091559,,,15.0898824570229,16.1885391991547,16.9671790439846,18.4677171086503
263.199999999962,0.403686681292589,1.28098172799416,2.87079030393561,4.80579793758946,5.04111657354059,5.90422440312503,6.51371678156282,7.61628592317164,9.00596129183117,10.0645248620608,11.25324723088,11.5776601844309,13.355115825588,15.2092357875373,,,15.0825981060175,16.2003294282986,16.950416986877,18.4658290277273
263.799999999962,0.394722018912155,1.27732942192825,2.83901996927544,4.85400039050982,5.03589963014016,5.90843123433997,6.50764588999131,7.62275227298422,9.00860629396652,10.0612467602623,11.2503074164005,11.5795251594289,13.3326858036347,15.2003041659186,,,15.0863036240367,16.2194477479733,16.9336549297694,18.4639409468043
264.399999999962,0.388083742646512,1.27918086766277,2.80724963461527,4.90220284343018,5.03086798748149,5.91922830788878,6.49618565656364,7.63015742652227,9.01307764266106,10.0630425616123,11.2538825052921,11.5800850791679,13.3102557816815,15.1913725443,,,15.0902969841334,16.2350872220422,16.9063731309186,18.4744102490765
264.999999999961,0.387173347950034,1.28090564458164,2.7754792999551,4.95040529635054,5.02617563856963,5.92902848873035,6.49264119104815,7.63559482147636,9.01771120875265,10.0650183302894,11.2245588220602,11.5820274436937,13.3079977600279,15.180107378101,,,15.0949516201537,16.2513736027583,16.9210672676982,18.4750152644896
265.599999999961,0.388746033930381,1.28463954255179,2.73661759186431,4.94481434207248,5.02354994085321,5.9249197914898,6.48479031458618,7.64541191524596,9.02281923868665,10.0683552021294,11.1990281105385,11.5746809305215,13.3509932123679,15.1262034287034,,,15.1023088695,16.2645631466566,16.9717991118589,18.4718243564778
266.199999999961,0.394783252352331,1.28447470095456,2.69775588377306,4.93922338779097,5.02902810931846,5.91752637784931,6.48423730666269,7.66183781323012,9.03051377162442,10.0778580567776,11.1854797807383,11.5656329876278,13.3939886647108,15.0702590451558,,,15.1093501150002,16.278645157739,17.0165174226184,18.4813958833266
266.799999999961,0.39883893336556,1.2832405374315,2.65889417568182,4.93363243350946,5.03719781074129,5.91172686819256,6.48751207886445,7.68183055503198,9.03877029578027,10.086479399654,11.1756997617662,11.5545563975389,13.4369841170537,15.014314661608,,,15.1103202217958,16.2914888722663,17.0612357333775,18.4909674101762
267.399999999961,0.40289461437866,1.28200637390838,2.62003246759057,4.92804147922795,5.0453675121643,5.90592735853591,6.49078685106646,7.70182329683408,9.04289908028366,10.0971337546721,11.1659197427943,11.5434798074498,13.4799795693966,14.9583702780603,,,15.1146782723857,16.2923463077708,17.1059540441366,18.5005389370258
267.999999999961,0.406950295391761,1.28077221038526,2.58117075949933,4.92245052494643,5.0535372135873,5.90012784887926,6.49406162326846,7.72181603863618,9.04593642587419,10.1070526254882,11.1561397238224,11.5324032173608,13.5229750217395,14.9024258945125,,,15.1190179378039,16.2924280151366,17.1506723548957,18.5101104638754
268.599999999961,0.411005976404862,1.27953804686214,2.54230905140809,4.91685957066492,5.06170691501031,5.89432833922261,6.49733639547047,7.74180878043828,9.04881706772563,10.1164066024137,11.1463597048506,11.5213266272718,13.5659704740824,14.8464815109647,,,15.1233576032221,16.2925097225022,17.1953906656548,18.5196819907251
269.199999999961,0.415061657417962,1.27830388333902,2.50344734331684,4.91126861638341,5.06987661643331,5.88852882956596,6.50061116767248,7.76180152224038,9.05165664940736,10.1255446726909,11.1365796858787,11.5102500371827,13.6089659264254,14.790537127417,,,15.1276972686402,16.2925914298679,17.2401089764138,18.5292535175747
269.799999999961,0.419117338431063,1.2770697198159,2.4645856352256,4.9056776621019,5.07804631785632,5.88272931990931,6.50388593987449,7.78179426404247,9.05456389979025,10.1349411100231,11.1267996669069,11.4991734470937,13.6519613787683,14.7345927438692,,,15.1320369340584,16.2926731372336,17.2848272871729,18.5388250444243
270.399999999961,0.423173019444164,1.27583555629277,2.42572392713435,4.90008670782039,5.08621601927933,5.87692981025265,6.50716071207649,7.80178700584457,9.05747115017315,10.144461531597,11.117019647935,11.4880968570047,13.6949568311112,14.6786483603214,,,15.1363765994766,16.2927548445993,17.329545597932,18.5483965712739
270.999999999961,0.427228700457264,1.27460139276965,2.38686221904311,4.89449575353887,5.09438572070233,5.871130300596,6.5104354842785,7.82177974764667,9.06037840055604,10.153981953171,11.1072396289632,11.4770202669156,13.7379522834541,14.6227039767737,,,15.1407162648948,16.292836551965,17.3742639086911,18.5579680981236
271.59999999996,0.431284381470365,1.27336722924653,2.34800051095186,4.88890479925736,5.10255542212534,5.86533079093936,6.5137102564805,7.84177248944877,9.06327842248671,10.1634371345492,11.0974596099913,11.4659436768266,13.780947735797,14.5667595932259,,,15.1450559303129,16.2929182593306,17.4189822194502,18.5675396249732
272.19999999996,0.435340062483465,1.27213306572341,2.30913880286062,4.88331384497585,5.11072512354834,5.8595312812827,6.51698502868251,7.86176523125087,9.06592451193388,10.1732491544111,11.0876795910194,11.4548670867376,13.8239431881399,14.5108152096781,,,15.1493955957311,16.2929999666963,17.4637005302093,18.5771111518228
272.79999999996,0.439395743496566,1.27089890220029,2.27027709476937,4.87772289069434,5.11889482497135,5.85373177162605,6.52025980088452,7.88175797305296,9.06849232068971,10.1829960695862,11.0778995720476,11.4437904966485,13.8669386404828,14.4548708261304,,,15.1537352611493,16.293081674062,17.5084188409684,18.5866826786724
273.39999999996,0.443451424509667,1.26966473867717,2.23141538667813,4.87213193641283,5.12706452639435,5.8479322619694,6.52353457308653,7.90175071485506,9.07041606156247,10.1934094264249,11.0681195530757,11.4327139065595,13.9099340928257,14.3989264425826,,,15.1580749265675,16.2931633814277,17.5531371517275,18.5962542055221
273.99999999996,0.447507105522767,1.26843057515404,2.19255367858688,4.86654098213132,5.13523422781736,5.84213275231275,6.52680934528854,7.92174345665716,9.0723317885666,10.2038423415159,11.0583395341039,11.4216373164704,13.9529295451687,14.3429820590348,,,15.1638583650782,16.2923258818149,17.5978554624865,18.6058257323717
274.59999999996,0.451514348958897,1.26598388732265,2.15369197049564,4.86095002784981,5.14340392924037,5.83370701898121,6.53016859736672,7.93771181687551,9.07372116985144,10.2138291434642,11.048559515132,11.4086937379794,13.9959249975116,14.2870376754871,,,15.1654061951777,16.2891248365374,17.6425737732456,18.6153972592213
275.19999999996,0.453574536518302,1.25624359121089,2.11483026240439,4.85535907356829,5.15249236110113,5.82410691813226,6.53578278903136,7.9526971272053,9.07411017011403,10.2216954338046,11.0371111417569,11.3958220112305,14.0389204498545,14.2310932919393,,,15.1682774063885,16.2882307418103,17.6879732093544,18.6048726286113
275.79999999996,0.450604184737256,1.24919525265037,2.07596855431315,4.84976811928678,5.1478555184185,5.80434594492057,6.5381624825623,7.9696580312351,9.07447208611897,10.2288061776252,11.0592678809219,11.3836330431,14.0649919958405,14.2078644822629,,,15.1671025074489,16.2755769220722,17.6862359577501,18.6038683483675
276.39999999996,0.449319421520973,1.24590443812821,2.17263659868544,4.81687902636021,5.14697661164304,5.80172536456107,6.54652024620984,7.98697606240573,9.07478035420038,10.2371842770389,11.1024816201103,11.3890729905791,14.0534224173486,14.2063765878879,,,15.1656666671648,16.2725974520571,17.6862530213155,18.6025295180299
276.99999999996,0.444391582229725,1.24717860724516,2.26930464306681,4.78398993343182,5.14421274246745,5.7956069902247,6.55931822611636,7.99111694976877,9.07359801833098,10.2413069809767,11.1396998497127,11.3971988532505,14.0418528388541,14.2052700091006,,,15.1647282788345,16.2655242099835,17.6933718142394,18.5831934485428
277.59999999996,0.44017817092158,1.24716031306672,2.36597268744817,4.75110084050342,5.13841043797651,5.78976502978844,6.55510579217675,7.98267725409789,9.07177543839634,10.2453570982851,11.1694213082358,11.4036111464958,14.0302832603597,14.2041634303134,,,15.1704130555866,16.2594885149185,17.7004906071637,18.5638573790545
278.199999999959,0.435964759613484,1.24714201888819,2.46264073182954,4.71821174757503,5.13260813348537,5.78392306935219,6.55089335823599,7.97423755842616,9.07294486743267,10.2480378065672,11.1991427667584,11.410023439741,14.0187136818653,14.2030568515262,,,15.1751161027405,16.2592498866792,17.7076094000881,18.5445213095662
278.799999999959,0.431751348305387,1.24712372470967,2.55930877621091,4.68532265464663,5.12680582899423,5.77808110891594,6.54668092429524,7.96579786275444,9.07299069166701,10.2524924265733,11.228864225281,11.4164357329863,14.0071441033708,14.2019502727389,,,15.1793799921861,16.2602260743314,17.7147281930124,18.5251852400778
279.399999999959,0.427537936997291,1.24710543053114,2.65597682059228,4.65243356171823,5.12100352450309,5.77223914847969,6.54246849035449,7.95735816708272,9.07283064889633,10.2559674684811,11.2585856838036,11.4228480262315,13.9955745248764,14.2008436939517,,,15.1836438816317,16.2612022619837,17.7218469859368,18.5058491705895
279.999999999959,0.423324525689194,1.24708713635261,2.75264486497365,4.61954446878984,5.11520122001195,5.76639718804344,6.53825605641375,7.94891847141099,9.07244454963354,10.2595624654621,11.2883071423262,11.4292603194767,13.9840049463819,14.1997371151645,,,15.1879077710774,16.2621784496359,17.7289657788611,18.4865131011012
280.599999999959,0.419111114381098,1.24706884217409,2.84931290935502,4.58665537586144,5.10939891552081,5.7605552276072,6.53404362247299,7.94047877573927,9.07196839775997,10.2627510170314,11.3180286008488,11.4356726127219,13.9724353678875,14.1986305363772,,,15.192171660523,16.2631546372882,17.7360845717855,18.4671770316128
281.199999999959,0.414897703073002,1.24705054799556,2.94598095373638,4.55376628293305,5.10359661102967,5.75471326717095,6.52983118853224,7.93203908006754,9.07149224588639,10.2657372145881,11.3477500593714,11.4420849059671,13.960865789393,14.19752395759,,,15.1964355499686,16.2641308249404,17.7432033647098,18.4478409621245
281.799999999959,0.410684291764906,1.24703225381703,3.04264899811775,4.52087719000465,5.09779430653853,5.7488713067347,6.52561875459148,7.92359938439582,9.07101609401281,10.2687234121448,11.377471517894,11.4484971992123,13.9492962108986,14.1964173788028,,,15.2006994394142,16.2651070125927,17.7503221576342,18.4285048926362
282.399999999959,0.406470880456809,1.24701395963851,3.13931704249912,4.48798809707625,5.09199200204739,5.74302934629845,6.52140632065073,7.91515968872409,9.07049814682344,10.2714358828259,11.4071929764166,11.4549094924575,13.9377266324042,14.1953108000155,,,15.2049633288598,16.266083200245,17.7574409505585,18.4091688231478
282.999999999959,0.402257469148713,1.24699566545998,3.23598508688049,4.45509900414786,5.08618969755625,5.7371873858622,6.51719388670998,7.90671999305237,9.07000347186763,10.2735446047699,11.4369144349392,11.4613217857027,13.9261570539097,14.1942042212283,,,15.2092272183055,16.2670593878972,17.7645597434829,18.3898327536595
283.599999999959,0.398044057840616,1.24697737128145,3.33265313126186,4.42220991121946,5.08038739306511,5.73134542542596,6.51298145276923,7.89828029738064,9.06978814740941,10.2756357109762,11.4666358934618,11.4677340789479,13.9145874754153,14.1930976424411,,,15.2134911077511,16.2680355755495,17.7716785364072,18.3704966841712
284.199999999959,0.39383064653252,1.24695907710293,3.42932117564322,4.38932081829106,5.07458508857397,5.72550346498971,6.50876901882848,7.88984060170892,9.06956641372708,10.2767021338734,11.4963573519844,11.4741463721931,13.9030178969208,14.1919910636539,,,15.2177549971967,16.2690117632017,17.7787973293316,18.3511606146828
284.799999999958,0.389617235224424,1.2469407829244,3.52598922002459,4.35643172536267,5.06878278408283,5.71966150455346,6.50455658488772,7.8814009060372,9.06838686653696,10.2735179490083,11.526078810507,11.4805586654383,13.8914483184264,14.1908844848666,,,15.2207172101915,16.2654894919985,17.7859161222559,18.3318245451945
285.399999999958,0.385416698088945,1.24652969076765,3.62265726440596,4.32354263243427,5.06298047959169,5.71177925717599,6.49550488596878,7.87131896195181,9.06521939608489,10.2685423035689,11.5558002690296,11.4875426021142,13.8798787399319,14.1897779060794,,,15.218936588325,16.2562099450665,17.7930349151803,18.3124884757062
285.999999999958,0.382361878278373,1.25075888498854,3.71932530878733,4.29065353950588,5.05879823890251,5.70653131838593,6.49646981621703,7.85546604598917,9.06163109985533,10.2643274240541,11.5978432048865,11.4984724213441,13.8683091614375,14.1886713272922,,,15.2178872802419,16.2466183421403,17.796797535122,18.3132722773447
286.599999999958,0.382151287734472,1.25642781271292,3.8159933531687,4.25776444657748,5.07194660843275,5.71074652131079,6.50250918355102,7.83559763625286,9.05727112873548,10.2563886346049,11.6265715325755,11.5178919306975,13.860569629699,14.183753830989,,,15.2194391389042,16.2456359570359,17.8196178615616,18.3080589863152
287.199999999958,0.380153001877079,1.25755420083777,3.76890743289222,4.26877375817907,5.07568258300379,5.71602708623291,6.50690799733919,7.81056855038889,9.05221113841127,10.2452627389705,11.6243506126142,11.5230673278943,13.8197149377171,14.1910775786338,,,15.2185692537991,16.2398606206912,17.7767893499031,18.2955946426447
287.799999999958,0.380849195933547,1.25666603251059,3.72182151260572,4.27978306978371,5.07524861961202,5.72923910970646,6.51060299303673,7.79346587254466,9.04727398512925,10.2366276333478,11.6205690101766,11.5202210564483,13.7788602457329,14.2019793961138,,,15.2151420955872,16.2368893046907,17.7148918005661,18.2916994377939
288.399999999958,0.382001949245245,1.2569541836696,3.67473559231921,4.29079238138836,5.07863874229635,5.74576513193685,6.54152031630488,7.78860534497652,9.04294622896628,10.2272834649762,11.628567102332,11.5186929773662,13.7380055537487,14.212881213594,,,15.2080054352891,16.2331535870396,17.6529942512278,18.2878042329436
288.999999999958,0.383154702556976,1.25724233482868,3.62764967203271,4.30180169299301,5.08202886498096,5.76229115416747,6.57243763957494,7.78374481740923,9.03747219083337,10.2182523802543,11.6365651944881,11.5171648982842,13.6971508617645,14.2237830310743,,,15.2031246727424,16.2298235910077,17.5910967018894,18.2839090280934
289.599999999958,0.384307455868708,1.25753048598776,3.58056375174621,4.31281100459766,5.08541898766556,5.77881717639809,6.603354962845,7.77888428984194,9.03197442498393,10.2066437603089,11.6445632866443,11.5156368192021,13.6562961697803,14.2346848485545,,,15.1998192251548,16.2255132915773,17.5291991525511,18.2800138232432
290.199999999958,0.385460209180439,1.25781863714685,3.53347783145971,4.3238203162023,5.08880911035016,5.79534319862871,6.63427228611506,7.77402376227465,9.02632169735903,10.1965501070489,11.6525613788005,11.5141087401201,13.6154414777961,14.2455866660347,,,15.1965137775673,16.2212029921467,17.4673016032128,18.2761186183929
290.799999999958,0.386612962492171,1.25810678830593,3.4863919111732,4.33482962780695,5.09219923303477,5.81186922085933,6.66518960938512,7.76916323470736,9.02086369407673,10.1866034593551,11.6605594709566,11.512580661038,13.5745867858119,14.256488483515,,,15.1932083299797,16.2168926927162,17.4054040538745,18.2722234135427
291.399999999957,0.387765715803902,1.25839493946502,3.4393059908867,4.34583893941159,5.09558935571937,5.82839524308995,6.69610693265518,7.76430270714008,9.01553910513486,10.1768773722006,11.6685575631128,11.511052581956,13.5337320938277,14.2673903009952,,,15.1899028823922,16.2125823932857,17.3435065045361,18.2683282086924
291.999999999957,0.388918469115633,1.2586830906241,3.3922200706002,4.35684825101624,5.09897947840397,5.84492126532056,6.72702425592524,7.75944217957279,9.010214516193,10.1673576302396,11.676555655269,11.5095245028739,13.4928774018435,14.2782921184754,,,15.1865974348047,16.2082720938552,17.2816089551978,18.2644330038422
292.599999999957,0.390071222427364,1.25897124178319,3.34513415031369,4.36785756262089,5.10236960108858,5.86144728755119,6.7579415791953,7.7545816520055,9.00488992725114,10.1578378882787,11.6845537474251,11.5079964237919,13.4520227098593,14.2891939359557,,,15.1832919872172,16.2039617944247,17.2197114058595,18.2605377989919
293.199999999957,0.391223975739095,1.25925939294227,3.29804823002719,4.37886687422554,5.10575972377318,5.87797330978181,6.78885890246536,7.74972112443821,8.99962162844089,10.1487002278824,11.6925518395813,11.5064683447098,13.4111680178751,14.3000957534359,,,15.1799865396297,16.1996514949942,17.1578138565212,18.2566425941417
293.799999999957,0.392376729050827,1.25954754410135,3.25096230974069,4.38987618583018,5.10914984645778,5.89449933201242,6.81977622573542,7.74486059687093,8.99463463330068,10.1399506557863,11.7005499317375,11.5049402656278,13.3703133258909,14.3109975709161,,,15.1766810920421,16.1953411955637,17.0959163071828,18.2527473892914
294.399999999957,0.393529482362558,1.25983569526044,3.20387638945418,4.40088549743483,5.11253996914238,5.91102535424305,6.85069354900549,7.74000006930363,8.98942513347312,10.1309850323611,11.7085480238936,11.5034121865457,13.3294586339067,14.3218993883963,,,15.1733756444546,16.1910308961332,17.0340187578445,18.2488521844412
294.999999999957,0.394682235674289,1.26012384641952,3.15679046916768,4.41189480903948,5.11593009182699,5.92755137647367,6.88161087227554,7.73513954173635,8.98408585056311,10.1224641351252,11.7165461160498,11.5018841074637,13.2886039419225,14.3328012058766,,,15.1700701968671,16.1867205967026,16.9721212085062,18.2449569795909
295.599999999957,0.395834988986021,1.26041199757861,3.10970454888118,4.42290412064412,5.11932021451159,5.94407739870428,6.9125281955456,7.73027901416906,8.97811832697085,10.1162362695848,11.724544208206,11.5003560283816,13.2477492499383,14.3437030233568,,,15.164840279433,16.1866945303666,16.9102236591679,18.2410617747407
296.199999999957,0.39698677468605,1.26270428111329,3.06261862859468,4.43391343224877,5.1227103371962,5.9618075100207,6.94763200817657,7.72691713095942,8.97339990096823,10.109410464916,11.7325423003621,11.4993504193923,13.2068945579541,14.354604840837,,,15.1669948828326,16.1907570109529,16.8483261098295,18.2371665698905
296.799999999957,0.397775408093449,1.26445670054826,3.01553270830817,4.44492274385342,5.12475630043624,5.97628183990781,6.96774515586671,7.7308686129317,8.96870153107604,10.0998085175583,11.7279226569332,11.4944325997457,13.1660398659699,14.3655066583173,,,15.1602756693085,16.193294024825,16.788203551296,18.217347494117
297.399999999957,0.398893857446155,1.26517339181366,2.96844678802167,4.45593205545806,5.11182499816451,5.99220440680792,6.98167724855717,7.7346546089256,8.9644327106229,10.0931657899014,11.7159904423022,11.4763380116255,13.1324901607479,14.3792972947436,,,15.1556411301326,16.1970887591878,16.7407835589936,18.1985331251767
297.999999999956,0.401032484343288,1.26559203215318,3.03757821450509,4.41878076161405,5.10790796205181,5.99829767096437,6.98626918329494,7.73750524324383,8.9610220903753,10.087709224461,11.6974245441952,11.4631023542773,13.1467242455299,14.4084585154946,,,15.1525599287217,16.1968102427269,16.7401990863563,18.2020237258032
298.599999999956,0.399149141891584,1.26001972186554,3.10670964099694,4.38162946776654,5.10838475795434,5.99625285561209,6.97233368229845,7.73060460279731,8.95851363213439,10.0810009991052,11.657088178088,11.4581149528331,13.1609583303154,14.4352656430942,,,15.1505203358121,16.1933143534525,16.7576903517325,18.2145991317385
299.199999999956,0.397944339695426,1.25422334529184,3.17584106748879,4.34447817391904,5.10422559714031,5.9906031304712,6.93616286770963,7.71788109240787,8.95698157750239,10.0775244353976,11.6094804839172,11.4561187089311,13.1751924151008,14.4620727706936,,,15.1470829263388,16.1904092647783,16.7751816171099,18.2271745376744
299.799999999956,0.396739537499318,1.24842696871813,3.24497249398063,4.30732688007153,5.10006643632594,5.98495340533005,6.89999205311917,7.705157582018,8.95476077632483,10.0748230703774,11.5618727897458,11.4541224650293,13.1894264998863,14.488879898293,,,15.1413445761933,16.1876181953053,16.7926728824874,18.2397499436104
300.399999999956,0.395534735303209,1.24263059214442,3.31410392047248,4.27017558622402,5.09590727551157,5.97930368018889,6.86382123852874,7.69243407162814,8.95405484652233,10.0726831889557,11.5142650955745,11.4521262211275,13.2036605846718,14.5156870258924,,,15.1343036620896,16.1851788239439,16.8101641478648,18.2523253495463
300.999999999956,0.394329933107101,1.23683421557071,3.38323534696432,4.23302429237652,5.0917481146972,5.97365395504774,6.82765042393829,7.67971056123827,8.95378262951597,10.0702220305173,11.4666574014032,11.4501299772257,13.2178946694573,14.5424941534918,,,15.1272627479857,16.1827394525825,16.8276554132423,18.2649007554823
301.599999999956,0.393125130910993,1.231037838997,3.45236677345617,4.19587299852901,5.08758895388283,5.96800422990659,6.79147960934785,7.6669870508484,8.95346234899501,10.0678133755984,11.4190497072318,11.4481337333238,13.2321287542427,14.5693012810913,,,15.1202218338819,16.1803000812211,16.8451466786197,18.2774761614182
302.199999999956,0.391920328714885,1.22524146242328,3.52149819994801,4.15872170468151,5.08342979306846,5.96235450476544,6.7553087947574,7.65426354045854,8.95309664141378,10.065396776727,11.3714420130605,11.446137489422,13.2463628390282,14.5961084086907,,,15.1131809197781,16.1778607098597,16.8626379439972,18.2900515673542
302.799999999956,0.390715526518776,1.21944508584957,3.59062962643986,4.121570410834,5.07927063225409,5.95670477962429,6.71913798016696,7.64154003006867,8.95273093383254,10.0628524852185,11.3238343188892,11.4441412455202,13.2605969238137,14.6229155362901,,,15.1061400056743,16.1754213384983,16.8801292093746,18.3026269732901
303.399999999956,0.389510724322668,1.21364870927586,3.65976105293171,4.08441911698649,5.07511147143972,5.95105505448313,6.68296716557652,7.62881651967881,8.9523652262513,10.0603081937099,11.2762266247178,11.4421450016184,13.2748310085991,14.6497226638895,,,15.0990990915705,16.172981967137,16.8976204747521,18.315202379226
303.999999999956,0.388305922126559,1.20785233270215,3.72889247942355,4.04726782313899,5.07095231062535,5.94540532934198,6.64679635098607,7.61609300928894,8.95197015326319,10.0576316122735,11.2286189305465,11.4401487577166,13.2890650933846,14.6765297914889,,,15.0920581774666,16.1705425957756,16.9151117401295,18.327777785162
304.599999999955,0.387101119930452,1.20205595612844,3.7980239059154,4.01011652929148,5.06679314981098,5.93975560420083,6.61062553639563,7.60336949889907,8.95100712208916,10.0546799837403,11.1810112363751,11.4381525138148,13.3032991781701,14.7033369190883,,,15.0850172633628,16.1681032244142,16.932603005507,18.3403531910979
305.199999999955,0.385896317734343,1.19625957955473,3.86715533240724,3.97296523544397,5.06263398899661,5.93410587905968,6.57445472180518,7.59064598850921,8.94976767553521,10.0519182289728,11.1334035422038,11.436156269913,13.3175332629555,14.7301440466878,,,15.077976349259,16.1656638530528,16.9500942708844,18.3529285970339
305.799999999955,0.384691515538235,1.19046320298101,3.93628675889909,3.93581394159647,5.05847482818224,5.92845615391853,6.53828390721474,7.57792247811934,8.94926395871733,10.0490269301714,11.0857958480325,11.4341600260112,13.331767347741,14.7569511742872,,,15.0709354351552,16.1632244816914,16.9675855362619,18.3655040029698
306.399999999955,0.383486713342127,1.1846668264073,4.00541818539094,3.89866264774896,5.05431566736787,5.92280642877737,6.50211309262429,7.56519896772947,8.95046996544598,10.0464555463781,11.0381881538612,11.4321637821094,13.3460014325265,14.7837583018866,,,15.0686595722744,16.1590694083393,16.9850768016393,18.3780794089058
306.999999999955,0.382308398830599,1.17756940254179,4.07454961188278,3.86151135390145,5.0501565065535,5.92003555436689,6.46577666499649,7.55278702163288,8.95210016879387,10.0479970002939,10.9905804596898,11.4307279482066,13.360235517312,14.810565429486,,,15.0643873915003,16.1588047814588,17.0025680670168,18.3906548148417
307.599999999955,0.380629371440458,1.17008423475432,4.14368103837463,3.82436006005395,5.042992659037,5.91333093196814,6.43922035288907,7.53518195436531,8.95402027845545,10.051326350338,10.9394419563772,11.430816369594,13.3744696020974,14.8373725570854,,,15.0670931143835,16.1630048055336,17.0182219954808,18.4111192490202
308.199999999955,0.380537877867128,1.16438944174722,4.21281246486647,3.78720876620644,5.05383630077642,5.89873904750244,6.42389032794675,7.52523819873607,8.95631787184821,10.0575421456184,10.8999467148467,11.4344200710425,13.4022481399566,14.8456628952797,,,15.0666125939598,16.1662854109894,17.0474511748539,18.4407647025304
308.799999999955,0.378663805477919,1.16306158451707,4.1050423748592,3.81599575539869,5.06832089848536,5.88463449267804,6.42191629519502,7.52717607941204,8.95819701247051,10.063027548381,10.891538931634,11.4504090933895,13.4403253548857,14.8171916823712,,,15.0676455516784,16.1675488544345,17.0908446274983,18.4398632411512
309.399999999955,0.379973669007378,1.1713132008091,3.99727228483863,3.84478274459591,5.08773616953265,5.87273900458243,6.45073507017069,7.54070776105214,8.95817275825898,10.0672960513798,10.9153799261041,11.4653831926169,13.4784025698155,14.7881912902936,,,15.0682522104397,16.1701611070288,17.1156495312513,18.4170071282337
309.999999999955,0.379256198380653,1.17862302131421,3.88950219481806,3.87356973379312,5.11150713506187,5.86484151422164,6.49641943644044,7.5550402513959,8.95559590266696,10.0667425723651,10.9351161950896,11.4763111005397,13.5164797847454,14.759190898216,,,15.0696761791435,16.171966044472,17.1404544350029,18.3941510153146
310.599999999955,0.378538727753775,1.18593284181926,3.78173210479748,3.90235672299033,5.13527810059141,5.85694402386115,6.54210380271145,7.56937274173973,8.95500881629207,10.066865455583,10.9548524640749,11.4872390084621,13.5545569996752,14.7301905061384,,,15.0679633398324,16.1725106499322,17.1652593387544,18.3712949023955
311.199999999954,0.377821257126896,1.1932426623243,3.67396201477691,3.93114371218755,5.15904906612095,5.84904653350066,6.58778816898246,7.58370523208356,8.95282313656482,10.0687787494902,10.9745887330601,11.4981669163845,13.5926342146051,14.7011901140607,,,15.0653004519509,16.1729146817557,17.190064242506,18.3484387894763
311.799999999954,0.377103786500018,1.20055248282935,3.56619192475633,3.95993070138476,5.1828200316505,5.84114904314018,6.63347253525348,7.59803772242739,8.95017562883486,10.0694699304165,10.9943250020453,11.5090948243069,13.6307114295349,14.6721897219831,,,15.0626375640692,16.1733187135792,17.2148691462576,18.3255826765572
312.399999999954,0.37638631587314,1.20786230333439,3.45842183473576,3.98871769058198,5.20659099718004,5.83325155277969,6.67915690152449,7.61237021277121,8.94748622035058,10.0702793729283,11.0140612710306,11.5200227322294,13.6687886444648,14.6431893299055,,,15.0599746761876,16.1737227454028,17.2396740500092,18.3027265636381
312.999999999954,0.375668845246262,1.21517212383943,3.35065174471518,4.01750467977919,5.23036196270958,5.8253540624192,6.72484126779552,7.62670270311504,8.94482934588031,10.0711745570527,11.0337975400158,11.5309506401518,13.7068658593947,14.6141889378279,,,15.0573117883059,16.1741267772263,17.2644789537607,18.279870450719
313.599999999954,0.374951374619384,1.22248194434448,3.24288165469461,4.0462916689764,5.25413292823912,5.81745657205872,6.77052563406653,7.64103519345887,8.94217247141004,10.0720579530233,11.053533809001,11.5418785480742,13.7449430743245,14.5851885457503,,,15.0546489004243,16.1745308090498,17.2892838575123,18.2570143377999
314.199999999954,0.374233903992506,1.22979176484952,3.13511156467404,4.07507865817362,5.27790389376867,5.80955908169823,6.81621000033755,7.65536768380269,8.93951559693977,10.0729413489939,11.0732700779863,11.5528064559966,13.7830202892544,14.5561881536727,,,15.0519860125427,16.1749348408734,17.3140887612639,18.2341582248808
314.799999999954,0.373516433365627,1.23710158535457,3.02734147465346,4.10386564737083,5.30167485929821,5.80166159133774,6.86189436660856,7.66970017414652,8.93685025527432,10.0736457633383,11.0930063469715,11.5637343639191,13.8210975041842,14.527187761595,,,15.049323124661,16.1753388726969,17.3388936650155,18.2113021119616
315.399999999954,0.37279896273875,1.24441140585961,2.91957138463289,4.13265263656804,5.32544582482775,5.79376410097725,6.90757873287957,7.68403266449034,8.93465897537088,10.0741977245068,11.1127426159567,11.5746622718415,13.8591747191141,14.4981873695174,,,15.0466602367794,16.1757429045204,17.363698568767,18.1884459990425
315.999999999954,0.372081492111871,1.25172122636466,2.81180129461231,4.16143962576526,5.34921679035729,5.78586661061677,6.95326309915059,7.69836515483417,8.93282649021493,10.0750692343734,11.132478884942,11.5855901797639,13.8972519340439,14.4691869774398,,,15.0439973488977,16.176146936344,17.3885034725186,18.1655898861234
316.599999999954,0.371364021484993,1.2590310468697,2.70403120459174,4.19022661496247,5.37298775588684,5.77796912025628,6.99894746542161,7.712697645178,8.93001596521021,10.0757896955271,11.1522151539272,11.5965180876863,13.9353291489738,14.4401865853622,,,15.0413344610161,16.1765509681675,17.4133083762702,18.1427337732043
317.199999999954,0.370646550858115,1.26634086737475,2.59626111457117,4.21901360415968,5.39675872141638,5.77007162989579,7.04463183169263,7.72703013552183,8.92730382646866,10.0770974531561,11.1719514229124,11.6074459956087,13.9734063639036,14.4111861932846,,,15.0345211327472,16.1802971540225,17.4381132800217,18.1198776602852
317.799999999953,0.369878946942534,1.27406869744048,2.48849102455059,4.2478005933569,5.42052968694592,5.76101243048611,7.08833140967775,7.7394710657139,8.92520829917692,10.0750046382048,11.1916876918977,11.6182564531629,14.0114835788335,14.382185801207,,,15.0305485293129,16.1776095259505,17.4629181837733,18.0970215473661
318.399999999953,0.369931046799583,1.27968913764163,2.38072093453002,4.27658758255411,5.448247098775,5.75695278377151,7.10870098449181,7.75580315315519,8.9227679394809,10.072052295695,11.222589754154,11.6236613700364,14.0495607937634,14.3531854091294,,,15.0234744146171,16.1684084121905,17.4961294526043,18.0742160803797
318.999999999953,0.366846867086885,1.27673644047964,2.27295084450944,4.30537457175132,5.45719010049822,5.7614335145195,7.1143165585006,7.76624988596647,8.92061616886871,10.0659002675695,11.2360950642422,11.6278918560528,14.0754291956895,14.306082497951,,,15.0157178745956,16.1541734600777,17.473557077664,18.0539920789814
319.599999999953,0.365391341624474,1.26960519481608,2.30556302501066,4.29943139522465,5.43682419753975,5.76797958383256,7.10187440364718,7.7674318538359,8.91899557361328,10.060661712831,11.2210511519943,11.6182760674222,14.0737943551751,14.2887206648469,,,15.0050799240665,16.146557459171,17.4191600574032,18.0639476210219
320.199999999953,0.362363901446384,1.25820234762881,2.3381752055228,4.29348821869526,5.41194951601847,5.7718343277867,7.07964369124894,7.7647623811169,8.91875430370115,10.0597238684859,11.1895011214831,11.6071748657316,14.0721595146586,14.2735501060229,,,14.9946453128971,16.1399770682629,17.3708342095968,18.0931849177146
320.799999999953,0.361364680643195,1.24792098110176,2.37078738603495,4.28754504216588,5.38538601588339,5.76620304380625,7.03965473280531,7.75747443463513,8.91919691503501,10.0634386927385,11.1639173020099,11.5956524365257,14.070524674142,14.258379547199,,,14.9879446582089,16.1366232357813,17.3225083617909,18.1224222144088
321.399999999953,0.360365459840165,1.2376396145748,2.4033995665471,4.2816018656365,5.35882251574818,5.76057175982506,6.99966577436029,7.75018648815301,8.91793112842386,10.0649320853125,11.1383334825371,11.5841300073197,14.0688898336255,14.2432089883752,,,14.989326963292,16.1367302526767,17.2741825139849,18.151659511103
321.999999999953,0.359366239037135,1.22735824804784,2.43601174705924,4.27565868910712,5.33225901561298,5.75494047584386,6.95967681591527,7.74289854167087,8.91747596996741,10.0635051890627,11.1127496630644,11.5726075781137,14.0672549931089,14.2280384295513,,,14.9929451027248,16.1368776333126,17.225856666179,18.1808968077973
322.599999999953,0.358367018234105,1.21707688152089,2.46862392757139,4.26971551257774,5.30569551547777,5.74930919186267,6.91968785747025,7.73561059518875,8.91703648419968,10.0636956025797,11.0871658435916,11.5610851489077,14.0656201525924,14.2128678707275,,,14.9965632421578,16.1370250139485,17.1775308183731,18.2101341044915
323.199999999953,0.357367797431075,1.20679551499393,2.50123610808354,4.26377233604835,5.27913201534256,5.74367790788148,6.87969889902523,7.72832264870662,8.91659390400841,10.0632407007896,11.0615820241189,11.5495627197017,14.0639853120758,14.1976973119036,,,15.0001813815909,16.1371723945844,17.1292049705671,18.2393714011857
323.799999999953,0.356368576628045,1.19651414846697,2.53384828859569,4.25782915951897,5.25256851520735,5.73804662390028,6.83970994058021,7.7210347022245,8.91615894076292,10.0625967794007,11.0359982046462,11.5380402904957,14.0623504715593,14.1825267530797,,,15.0037995210239,16.1373197752203,17.0808791227612,18.2686086978799
324.399999999952,0.355369355825015,1.18623278194001,2.56646046910783,4.25188598298959,5.22600501507214,5.73241533991909,6.7997209821352,7.71374675574237,8.91572397751744,10.0619664079313,11.0104143851734,11.5265178612897,14.0607156310427,14.1673561942559,,,15.0074176604569,16.1374671558562,17.0325532749553,18.2978459945741
324.999999999952,0.354370135021985,1.17595141541305,2.59907264961998,4.24594280646021,5.19944151493694,5.72678405593789,6.75973202369018,7.70645880926024,8.91528901427195,10.0613360364619,10.9848305657007,11.5149954320838,14.0590807905262,14.152185635432,,,15.0110357998899,16.1376145364921,16.9842274271494,18.3270832912683
325.599999999952,0.353370914218955,1.16567004888609,2.63168483013212,4.23999962993083,5.17287801480173,5.7211527719567,6.71974306524515,7.69917086277811,8.91485688800447,10.0608928254325,10.959246746228,11.5034730028778,14.0574459500096,14.1370150766081,,,15.014653939323,16.137761917128,16.9359015793434,18.3563205879625
326.199999999952,0.352371693415925,1.15538868235914,2.66429701064427,4.23405645340145,5.14631451466652,5.71552148797551,6.67975410680013,7.69188291629599,8.9142694483187,10.0609024352659,10.9336629267552,11.4919505736718,14.0558111094931,14.1218445177843,,,15.018272078756,16.1379092977639,16.8875757315375,18.3855578846567
326.799999999952,0.351372472612895,1.14510731583218,2.69690919115642,4.22811327687206,5.11975101453131,5.70989020399431,6.63976514835512,7.68459496981386,8.91332259676195,10.0601826222993,10.9080791072825,11.4804281444658,14.0541762689765,14.1066739589604,,,15.021890218189,16.1380566783998,16.8392498837316,18.4147951813509
327.399999999952,0.350373251809865,1.13482594930522,2.72952137166857,4.22217010034268,5.0931875143961,5.70425892001312,6.5997761899101,7.67730702333173,8.91301805844011,10.0609530113602,10.8824952878098,11.4689057152598,14.05254142846,14.0915034001366,,,15.025508357622,16.1382040590357,16.7909240359256,18.4440324780451
327.999999999952,0.349374031006835,1.12454458277826,2.76213355218071,4.2162269238133,5.0666240142609,5.69862763603193,6.55978723146507,7.67001907684961,8.91167392397081,10.0609105717102,10.856911468337,11.4573832860538,14.0509065879434,14.0763328413127,,,15.0308280793683,16.1330878308141,16.7425981881197,18.4732697747394
328.599999999952,0.348492463348197,1.11457783809509,2.79474573269286,4.21028374728392,5.04006051412569,5.69252814583771,6.51951588114895,7.66756742464361,8.90997397885261,10.0630952014839,10.8313276488643,11.4446013363077,14.0492717474269,14.0611622824888,,,15.0314403736069,16.1298959538751,16.6942723403138,18.5025070714336
329.199999999952,0.348407716527325,1.10955118698445,2.82735791320501,4.20434057075454,5.01294509469183,5.68557174025458,6.50531315247346,7.66669283318514,8.90949013869403,10.0670629807978,10.794606212715,11.4415714782235,14.0476369069103,14.045991723665,,,15.0384195730385,16.127892695149,16.6364124902475,18.5264461476116
329.799999999952,0.349013678827318,1.11785264675658,2.85997009371715,4.19839739422515,4.98933234760096,5.66788940281099,6.49436225467991,7.66739548443711,8.90794692590351,10.0692668485357,10.7916293920175,11.455506334033,14.0279573363008,14.0747780330587,,,15.0473943688486,16.1299663040244,16.6455603241905,18.5288087534725
330.399999999952,0.345576007877658,1.13059737316144,2.87210670487785,4.20559025637607,4.99429871012316,5.65639516983306,6.49978384280776,7.66651858275817,8.90521947560194,10.0720095931626,10.8414203389084,11.4714102717958,13.9927476481046,14.0940686294619,,,15.0576097253398,16.127782450376,16.69164210298,18.5146816682739
330.999999999951,0.344323375714902,1.14356119415228,2.8842433160369,4.21278311852804,4.9897565204629,5.64741408982869,6.49308401293176,7.66352489038224,8.901718179084,10.0711719814358,10.8790647930781,11.4857728103552,13.957537959907,14.1096278458872,,,15.0653380218301,16.1212248886681,16.7501152191019,18.4889888852667
331.599999999951,0.341091207859414,1.15720143848739,2.89637992719594,4.21997598068002,4.98397747391625,5.64516869692771,6.49785547105899,7.66580804136036,8.89952971996453,10.0677183016761,10.9123370061057,11.4996662875606,13.9223282717095,14.1251870623122,,,15.0729990405891,16.1116905090304,16.8085883352248,18.4632961022585
332.199999999951,0.337859040003764,1.17084168282255,2.90851653835499,4.227168842832,4.9781984273695,5.64292330402727,6.50262692918714,7.66809119233891,8.89918877809959,10.0668040231584,10.945609219133,11.5135597647659,13.8871185835119,14.1407462787372,,,15.0767487135983,16.0952712452313,16.8670614513477,18.4376033192503
332.799999999951,0.334626872148116,1.18448192715772,2.92065314951404,4.23436170498397,4.97241938082274,5.64067791112683,6.50739838731529,7.67037434331746,8.89946281169115,10.0681551699201,10.9788814321602,11.5274532419713,13.8519088953144,14.1563054951622,,,15.0788435754188,16.0788959983356,16.9255345674706,18.4119105362421
333.399999999951,0.331394704292467,1.19812217149288,2.93278976067308,4.24155456713595,4.96664033427599,5.6384325182264,6.51216984544345,7.672657494296,8.90014892163072,10.0684895827293,11.0121536451875,11.5413467191766,13.8166992071169,14.1718647115872,,,15.0809384372391,16.06252075144,16.9840076835935,18.3862177532339
333.999999999951,0.328162536436818,1.21176241582805,2.94492637183213,4.24874742928792,4.96086128772923,5.63618712532596,6.5169413035716,7.67494064527455,8.90084051290155,10.0693743101832,11.0454258582148,11.555240196382,13.7814895189193,14.1874239280122,,,15.0830332990594,16.0461455045443,17.0424807997164,18.3605249702257
334.599999999951,0.324930368581169,1.22540266016321,2.95706298299117,4.25594029143989,4.95508224118248,5.63394173242552,6.52171276169975,7.6772237962531,8.90150926814647,10.0703622014043,11.0786980712421,11.5691336735874,13.7462798307218,14.2029831444372,,,15.0851281608798,16.0297702576487,17.1009539158393,18.3348321872175
335.199999999951,0.32169820072552,1.23904290449837,2.96919959415022,4.26313315359187,4.94930319463572,5.63169633952508,6.52648421982791,7.67950694723165,8.9021780233914,10.0714563705332,11.1119702842694,11.5830271507927,13.7110701425243,14.2185423608622,,,15.0872230227001,16.013395010753,17.1594270319622,18.3091394042093
335.799999999951,0.318466032869871,1.25268314883354,2.98133620530927,4.27032601574384,4.94352414808897,5.62945094662464,6.53125567795606,7.68179009821019,8.90284677863632,10.0725505396621,11.1452424972966,11.5969206279981,13.6758604543267,14.2341015772872,,,15.0893178845205,15.9970197638574,17.2179001480851,18.2834466212011
336.399999999951,0.315233865014222,1.2663233931687,2.99347281646831,4.27751887789582,4.93774510154221,5.6272055537242,6.53602713608421,7.68407324918874,8.90349757072546,10.0737687249819,11.1785147103239,11.6108141052035,13.6406507661292,14.2496607937122,,,15.0914127463408,15.9806445169617,17.276373264208,18.2577538381929
336.999999999951,0.312001697158573,1.27996363750387,3.00560942762736,4.28471174004779,4.93196605499546,5.62496016082377,6.54079859421237,7.68635640016728,8.90416613950748,10.0749064811401,11.2117869233512,11.6247075824088,13.6054410779317,14.2652200101372,,,15.0935076081611,15.9642692700661,17.3348463803309,18.2320610551847
337.59999999995,0.308769529302924,1.29360388183903,3.01774603878641,4.29190460219977,4.9261870084487,5.62271476792333,6.54557005234052,7.68863955114583,8.9053020107999,10.0768240948412,11.2450591363785,11.6386010596142,13.5702313897341,14.2807792265622,,,15.0956024699815,15.9478940231704,17.3933194964538,18.2063682721765
338.19999999995,0.305537361447276,1.3072441261742,3.02988264994545,4.29909746435174,4.92040796190195,5.62046937502289,6.55034151046867,7.69092270212438,8.90651143344487,10.076175675792,11.2783313494058,11.6524945368196,13.5350217015366,14.2963384429872,,,15.0976973318018,15.9315187762748,17.4517926125767,18.1806754891683
338.79999999995,0.302305193591626,1.32088437050936,3.0420192611045,4.30629032650372,4.9146289153552,5.61822398212245,6.55511296859683,7.69320585310293,8.90870592608135,10.0766161277094,11.311603562433,11.6663880140249,13.499812013339,14.3118976594122,,,15.0997345305902,15.9181165158351,17.5102657286996,18.1549827061601
339.39999999995,0.298952961950179,1.33344838633028,3.05415587226354,4.31348318865569,4.90884986880844,5.61434322341426,6.56229228866411,7.69488148370155,8.91107011642805,10.0759352666262,11.3448757754603,11.6814766511856,13.4646023251415,14.3274568758372,,,15.1004677127306,15.9066086258592,17.5687388448225,18.129289923152
339.99999999995,0.293508728689322,1.34257176620724,3.06629248342259,4.32067605080767,4.90049561070908,5.61260458333522,6.57090010472343,7.68985056131501,8.91216993833698,10.0765902635855,11.3852885996795,11.698773084786,13.429392636944,14.3430160922622,,,15.0912243145443,15.8993207695175,17.6327179052797,18.1114088524585
340.59999999995,0.286555632007108,1.34021559428898,3.07842909458164,4.32786891295964,4.91592042680077,5.62608919064771,6.57696904146027,7.67710121717313,8.91407464479896,10.0812209482704,11.4016763738263,11.6936580325081,13.413218589699,14.3143942750922,,,15.0817822583135,15.895961786749,17.6538714114812,18.1089602635427
341.19999999995,0.286640836472662,1.33357983424087,3.12665419194428,4.34449179225318,4.95044894932994,5.63191407644752,6.5739008879654,7.67517260164034,8.91725858298548,10.0862064653429,11.3633784509869,11.6909977444615,13.447306593257,14.3036289762154,,,15.0733896573047,15.8959822483467,17.6537311662994,18.130237983299
341.79999999995,0.286236576165522,1.32698860123453,3.17487928930994,4.3611146715475,5.01051323165445,5.64795524989382,6.57249784581297,7.6784898948224,8.92180120930884,10.093022160534,11.3440354896639,11.6913732327871,13.4813945968191,14.2937652355213,,,15.0729001685494,15.9026523362771,17.6562124970913,18.1647845141859
342.39999999995,0.286803005216654,1.31814118465843,3.2231043866756,4.37773755084182,5.07191741092842,5.66505014509179,6.57610051459801,7.68155672670558,8.9249860074309,10.0983811335586,11.3230188339807,11.6967204975598,13.5154826003813,14.2839014948273,,,15.0632882736391,15.9079553262922,17.6586938278834,18.1993310450739
342.99999999995,0.287369434267868,1.30929376808213,3.27132948404125,4.39436043013614,5.1333215902025,5.68214504028984,6.57970318338347,7.68462355858875,8.92582890544165,10.1014468619059,11.3020021782975,11.702067762333,13.5495706039434,14.2740377541333,,,15.051911118556,15.9177172598519,17.6611751586756,18.2338775759619
343.59999999995,0.287935863319082,1.30044635150584,3.31955458140691,4.41098330943046,5.19472576947659,5.6992399354879,6.58330585216893,7.68769039047191,8.92567887341733,10.1034192768137,11.2809855226142,11.7074150271061,13.5836586075056,14.2641740134394,,,15.040570607851,15.927495388421,17.6636564894677,18.2684241068499
344.199999999949,0.288502292370296,1.29159893492955,3.36777967877257,4.42760618872478,5.25612994875067,5.71633483068596,6.58690852095439,7.69075722235508,8.92557816980957,10.1062150348604,11.259968866931,11.7127622918793,13.6177466110677,14.2543102727454,,,15.0292300971459,15.9372735169901,17.6661378202598,18.3029706377379
344.799999999949,0.28906872142151,1.28275151835326,3.41600477613822,4.4442290680191,5.31753412802476,5.73342972588401,6.59051118973985,7.69382405423824,8.92561034085812,10.1087418968047,11.2389522112477,11.7181095566525,13.6518346146299,14.2444465320514,,,15.0178895864409,15.9470516455592,17.6686191510519,18.3375171686259
345.399999999949,0.289635150472724,1.27390410177696,3.46422987350388,4.46085194731342,5.37893830729884,5.75052462108207,6.5941138585253,7.6968908861214,8.92561368738032,10.1111973811781,11.2179355555645,11.7234568214256,13.6859226181921,14.2345827913574,,,15.0065490757358,15.9568297741283,17.6711004818441,18.3720636995139
345.999999999949,0.290201579523938,1.26505668520067,3.51245497086954,4.47747482660774,5.44034248657292,5.76761951628013,6.59771652731076,7.69995771800457,8.92561703390252,10.1136216000558,11.1969188998812,11.7288040861988,13.7200106217542,14.2247190506634,,,14.9952085650308,15.9666079026974,17.6735818126362,18.406610230402
346.599999999949,0.290768008575152,1.25620926862438,3.5606800682352,4.49409770590206,5.50174666584701,5.78471441147818,6.60131919609622,7.70302454988773,8.92562038042472,10.1160458189335,11.1759022441979,11.7341513509719,13.7540986253164,14.2148553099694,,,14.9838680543257,15.9763860312666,17.6760631434283,18.44115676129
347.199999999949,0.291334437626366,1.24736185204809,3.60890516560085,4.51072058519638,5.56315084512109,5.80180930667624,6.60492186488168,7.70609138177089,8.92568243903469,10.1181051829999,11.1548855885147,11.7394986157451,13.7881866288785,14.2049915692754,,,14.9725275436206,15.9861641598357,17.6785444742205,18.475703292178
347.799999999949,0.291900866677581,1.23851443547179,3.65713026296651,4.5273434644907,5.62455502439518,5.81890420187429,6.60852453366714,7.70915821365405,8.9256397758801,10.1198664779099,11.1338689328314,11.7448458805183,13.8222746324407,14.1951278285815,,,14.9611870329156,15.9959422884048,17.6810258050126,18.510249823066
348.399999999949,0.292467295728794,1.2296670188955,3.70535536033217,4.54396634378502,5.68595920366926,5.83599909707235,6.6121272024526,7.71222504553721,8.92523387353798,10.1213211745506,11.1128522771482,11.7501931452914,13.8563626360028,14.1852640878875,,,14.9498465222105,16.0057204169739,17.6835071358047,18.544796353954
348.999999999949,0.293033724780008,1.22081960231921,3.75358045769782,4.56058922307934,5.74736338294334,5.85309399227041,6.61572987123805,7.71529187742038,8.92408527684796,10.124948646176,11.0918356214649,11.7555404100646,13.890450639565,14.1754003471935,,,14.9385060115055,16.015498545543,17.6859884665969,18.579342884842
349.599999999949,0.293600153831222,1.21197218574291,3.80180555506348,4.57721210237366,5.80876756221743,5.87018888746846,6.61933254002352,7.71835870930354,8.9225128225718,10.125338525114,11.0708189657816,11.7608876748378,13.9245386431271,14.1655366064995,,,14.9271518945175,16.0252172902529,17.688469797389,18.61388941573
350.199999999949,0.294135948875545,1.20309535659813,3.85003065242914,4.59383498166798,5.87017174149151,5.89155231602261,6.62181951380448,7.71798812125624,8.92084507107811,10.1243202534888,11.0498023100984,11.766823360089,13.9586266466893,14.1556728658055,,,14.9157579715362,16.0340887167505,17.6909511281811,18.648435946618
350.799999999948,0.294421190042813,1.19027939186293,3.89825574979479,4.6104578609623,5.93636791319804,5.90725551377423,6.61266890310535,7.72458459682374,8.91893639132379,10.1192959467549,11.0257234684314,11.7573500500345,13.9927146502515,14.1458091251115,,,14.9097081308361,16.0396665038126,17.6907255434446,18.6752205567747
351.399999999948,0.297634986570327,1.18035264496067,3.94648084716045,4.62708074025662,5.98597282633811,5.91030202626887,6.61269666554756,7.74360903305738,8.91682940407664,10.1130542601799,11.0079309370895,11.7550416692604,14.0123618009096,14.1980751684136,,,14.9039405147342,16.0411271057623,17.6921073753166,18.6996665347222
351.999999999948,0.297727887729652,1.17245823750117,3.85458638785368,4.63806921045481,5.98470106229117,5.91393196608751,6.62502524829734,7.74843287062895,8.9141141336947,10.1047844201254,11.0243637445461,11.7461688676854,13.9615047894089,14.2437664219343,,,14.8966994160711,16.0433072139179,17.688129492874,18.6833167174101
352.599999999948,0.296188597899568,1.16805052672663,3.76269192853485,4.64905768065251,5.95512356024091,5.91107039391774,6.6507478792092,7.74649925442533,8.90978865340617,10.0948142074863,11.035957412256,11.7342197369686,13.9106477779021,14.2908084748653,,,14.8853214044431,16.0416400776247,17.6637131291754,18.6486485697122
353.199999999948,0.295321484045118,1.16648912512335,3.67079746921602,4.66004615085022,5.92741444627905,5.90471649344197,6.66019015254711,7.74552438411583,8.90587968723459,10.0850056947926,11.0572189860517,11.7158328365281,13.8597907663952,14.3378505277964,,,14.8852100884868,16.0414218717022,17.6392967654751,18.6139804220127
353.799999999948,0.294454370190727,1.16492772352031,3.57890300989718,4.67103462104792,5.89970533231736,5.89836259296589,6.6696324258836,7.74454951380642,8.90140453733413,10.0740544860679,11.0784805598483,11.6974459360871,13.8089337548884,14.3848925807275,,,14.887002096414,16.0425560918196,17.6148804017748,18.5793122743133
354.399999999948,0.293587256336336,1.16336632191728,3.48700855057835,4.68202309124562,5.87199621835567,5.89200869248982,6.67907469922011,7.74357464349701,8.89661279078911,10.0631299537287,11.0997421336449,11.679059035646,13.7580767433816,14.4319346336586,,,14.8897555982351,16.0437473051921,17.5904640380745,18.5446441266138
354.999999999948,0.292720142481945,1.16180492031425,3.39511409125952,4.69301156144332,5.84428710439397,5.88565479201374,6.6885169725566,7.7425997731876,8.89112641991556,10.0511562671972,11.1210037074415,11.660672135205,13.7072197318748,14.4789766865897,,,14.8925091000563,16.0449385185645,17.5660476743741,18.5099759789144
355.599999999948,0.291853028627554,1.16024351871121,3.30321963194068,4.70400003164102,5.81657799043228,5.87930089153767,6.6979592458931,7.74162490287819,8.88561408523825,10.039384610356,11.1422652812381,11.6422852347639,13.656362720368,14.5260187395208,,,14.8952626018774,16.046129731937,17.5416313106738,18.4753078312149
356.199999999948,0.290985914773163,1.15868211710818,3.21132517262185,4.71498850183873,5.78886887647059,5.8729469910616,6.7074015192296,7.74065003256878,8.88015957779341,10.027722063751,11.1635268550347,11.6238983343229,13.6055057088611,14.5730607924519,,,14.8980161036986,16.0473209453095,17.5172149469735,18.4406396835155
356.799999999948,0.290118800918771,1.15712071550514,3.11943071330302,4.72597697203643,5.76115976250889,5.86659309058552,6.71684379256609,7.73967516225937,8.87470507034857,10.0157825887874,11.1847884288313,11.6055114338818,13.5546486973543,14.620102845383,,,14.9007696055198,16.048512158682,17.4927985832732,18.405971535816
357.399999999947,0.28925168706438,1.15555931390211,3.02753625398418,4.73696544223413,5.7334506485472,5.86023919010945,6.72628606590259,7.73870029194996,8.86925056290373,10.0038431138237,11.2060500026279,11.5871245334407,13.5037916858475,14.6671448983142,,,14.9035231073409,16.0497033720544,17.4683822195729,18.3713033881166
357.999999999947,0.288384573209989,1.15399791229907,2.93564179466535,4.74795391243183,5.70574153458551,5.85388528963337,6.73572833923909,7.73772542164055,8.86376067630395,9.99231526122664,11.2273115764245,11.5687376329997,13.4529346743407,14.7141869512453,,,14.9062766091621,16.0508945854269,17.4439658558725,18.3366352404171
358.599999999947,0.287517459355598,1.15243651069604,2.84374733534652,4.75894238262954,5.67803242062382,5.8475313891573,6.74517061257559,7.73675055133114,8.85830367826774,9.9811854717938,11.2485731502211,11.5503507325586,13.4020776628339,14.7612290041764,,,14.9090301109833,16.0520857987994,17.4195494921722,18.3019670927177
359.199999999947,0.286650345501206,1.150875109093,2.75185287602768,4.76993085282724,5.65032330666213,5.84117748868122,6.75461288591208,7.73577568102173,8.85311918543208,9.96984325102252,11.2698347240177,11.5319638321176,13.3512206513271,14.8082710571075,,,14.9117836128044,16.0532770121719,17.3951331284719,18.2672989450182
359.799999999947,0.285783231646815,1.14931370748997,2.65995841670885,4.78091932302494,5.62261419270043,5.83482358820515,6.76405515924858,7.73480081071232,8.84832831437267,9.95582710920208,11.2910962978143,11.5135769316765,13.3003636398202,14.8553131100386,,,14.9145371146256,16.0544682255443,17.3707167647716,18.2326307973187
360.399999999947,0.284916117792423,1.14775230588694,2.56806395739002,4.79190779322264,5.59490507873874,5.82846968772907,6.77349743258508,7.73382594040291,8.84278036365283,9.94528157662626,11.3123578716109,11.4951900312355,13.2495066283134,14.9023551629697,,,14.9156215413955,16.0547771298065,17.3463004010713,18.1979626496193
360.999999999947,0.284165004808377,1.14727030204472,2.47616949807118,4.80289626342035,5.56719596477704,5.81538374461393,6.78249232086992,7.72660439429103,8.8365421038677,9.93582443791768,11.3336194454075,11.4726119211436,13.1986496168066,14.9493972159008,,,14.9209368376159,16.0549177611961,17.3218840373709,18.1632945019198
361.599999999947,0.286996764463397,1.15661742325918,2.38427503875235,4.81388473361805,5.53714155857134,5.80669179560801,6.78760407304456,7.7139822202632,8.83130089252924,9.92683438817498,11.3630797644968,11.4628460621297,13.1477926052998,14.9964392688319,,,14.9307424157544,16.0556258928064,17.3034582149503,18.132242642696
362.199999999947,0.289284243604405,1.17180284276298,2.29238057943352,4.82487320381575,5.4877006826431,5.8125466968642,6.79829541091107,7.69485096286918,8.82565146528549,9.91705916115994,11.3748049247692,11.4482867290331,13.1117993723542,14.9801752317657,,,14.9392927948166,16.0523770426167,17.2853022976071,18.0980487985596
362.799999999947,0.290804843265996,1.18721257520205,2.371003892335,4.76973377957099,5.45725435130836,5.8237626899007,6.79915335803914,7.68820302505539,8.82015310489184,9.90777887329615,11.3694427378473,11.4401076405616,13.148654856086,14.9458767738439,,,14.9486253809429,16.0480496925771,17.2897015678675,18.0847838541584
363.399999999947,0.29401681928981,1.19862667110756,2.44962720525163,4.71459435532034,5.43548908110013,5.83462655405921,6.78701121664217,7.68945782466287,8.81464959329673,9.89940361014216,11.37149921526,11.4378133694375,13.1855103398242,14.9117615619734,,,14.9554874923795,16.0457869201841,17.3053464173651,18.0855361320478
363.999999999946,0.29536004643076,1.20949801010088,2.52825051816826,4.6594549310697,5.41014246694954,5.8496511239182,6.78537272485878,7.68965639830512,8.80980891902628,9.8938630702194,11.3715469709796,11.4413513958207,13.2223658235624,14.8776463501029,,,14.9576074905935,16.0439373495332,17.3209912668638,18.0862884099384
364.599999999946,0.296703273571542,1.22036934909416,2.6068738310849,4.60431550681906,5.38479585279864,5.86467569377755,6.78373423307633,7.68985497194728,8.8075611428817,9.89135512236357,11.3715947266989,11.4448894222045,13.2592213073006,14.8435311382323,,,14.9588081122196,16.0372140140862,17.3366361163624,18.087040687829
365.199999999946,0.298046500712325,1.23124068808743,2.68549714400153,4.54917608256842,5.35944923864774,5.87970026363691,6.78209574129388,7.69005354558945,8.80577889130794,9.8881552316797,11.3716424824183,11.4484274485883,13.2960767910388,14.8094159263618,,,14.9593934226964,16.029844162248,17.352280965861,18.0877929657196
365.799999999946,0.299389727853108,1.24211202708071,2.76412045691817,4.49403665831778,5.33410262449683,5.89472483349627,6.78045724951141,7.69025211923161,8.80460127412918,9.88523862003695,11.3716902381377,11.451965474972,13.3329322747771,14.7753007144913,,,14.9599787331733,16.0224743104098,17.3679258153596,18.0885452436102
366.399999999946,0.30073295499389,1.25298336607398,2.8427437698348,4.43889723406714,5.30875601034593,5.90974940335562,6.77881875772896,7.69045069287378,8.80329207546825,9.88209455658467,11.371737993857,11.4555035013558,13.3697877585153,14.7411855026208,,,14.9605640436501,16.0151044585715,17.3835706648582,18.0892975215008
366.999999999946,0.302076182134673,1.26385470506726,2.92136708275143,4.3837578098165,5.28340939619503,5.92477397321498,6.7771802659465,7.69064926651595,8.80176283875513,9.87897341065019,11.3717857495764,11.4590415277396,13.4066432422535,14.7070702907503,,,14.9611493541269,16.0077346067332,17.3992155143568,18.0900497993914
367.599999999946,0.303419409275455,1.27472604406053,2.99999039566807,4.32861838556586,5.25806278204412,5.93979854307434,6.77554177416405,7.69084784015811,8.80023360204199,9.87627839801142,11.3718335052958,11.4625795541234,13.4434987259917,14.6729550788797,,,14.9617346646037,16.000364754895,17.4148603638554,18.090802077282
368.199999999946,0.304762636416238,1.2855973830538,3.0786137085847,4.27347896131521,5.23271616789322,5.95482311293369,6.77390328238159,7.69104641380027,8.79870436532885,9.87358338537268,11.3718812610151,11.4661175805071,13.4803542097299,14.6388398670092,,,14.9623199750805,15.9929949030567,17.430505213354,18.0915543551726
368.799999999946,0.306105863557021,1.29646872204708,3.15723702150133,4.21833953706457,5.20736955374232,5.96984768279305,6.77226479059914,7.69124498744244,8.79714981575309,9.87075461135174,11.3719290167345,11.4696556068909,13.5172096934681,14.6047246551387,,,14.9629052855574,15.9856250512184,17.4461500628527,18.0923066330632
369.399999999946,0.307449090697804,1.30734006104035,3.23586033441797,4.16320011281393,5.18202293959141,5.98487225265241,6.77062629881669,7.6914435610846,8.79567600053237,9.86767030441149,11.3719767724539,11.4731936332747,13.5540651772063,14.5706094432682,,,14.9634905960342,15.9782551993802,17.4617949123513,18.0930589109538
369.999999999946,0.308792317838586,1.31821140003363,3.3144836473346,4.10806068856329,5.15667632544051,5.99989682251176,6.76898780703422,7.69164213472677,8.79424586946424,9.86446297005123,11.3720245281732,11.4767316596584,13.5909206609445,14.5364942313976,,,14.964075906511,15.9708853475419,17.4774397618499,18.0938111888444
370.599999999945,0.310135544979369,1.3290827390269,3.39310696025124,4.05292126431265,5.13132971128961,6.01492139237112,6.76734931525177,7.69184070836893,8.79315583090687,9.86448818103791,11.3720722838926,11.4802696860422,13.6277761446827,14.5023790195271,,,14.9646612169878,15.9635154957036,17.4930846113485,18.094563466735
371.199999999945,0.311478772120152,1.33995407802018,3.47173027316787,3.99778184006201,5.1059830971387,6.02994596223048,6.76571082346931,7.6920392820111,8.79209999370018,9.86408739485112,11.3721200396119,11.483807712426,13.664631628421,14.4682638076566,,,14.9678280809064,15.9579337726384,17.5087294608471,18.0953157446256
371.799999999945,0.312789641263227,1.35042920780849,3.5503535860845,3.94264241581137,5.0806364829878,6.05209397215696,6.7661144897153,7.71329406709631,8.79181974321748,9.86478316428396,11.3721677953313,11.4924655553,13.7014871121592,14.4341485957861,,,14.9712276040151,15.9492715394808,17.5243743103457,18.0960680225162
372.399999999945,0.311384000606926,1.35366606632866,3.62897689900114,3.88750299156072,5.05212634555644,6.07089940487883,6.77166786644724,7.72816077756917,8.79102628504579,9.86716076041206,11.3522320855302,11.495496361751,13.7383425958974,14.4000333839156,,,14.9701656261844,15.9397108941492,17.5301478566847,18.0962421582157
372.999999999945,0.310023918431864,1.34864854462979,3.70760021191777,3.83236356731008,5.04430657747507,6.07133478253397,6.75783513327422,7.73829781112811,8.79095515699974,9.87008935551117,11.3500970342556,11.5062494138623,13.7716609566118,14.3950705905945,,,14.9701866772831,15.9339338769876,17.5327353832584,18.1040058465992
373.599999999945,0.308207119957527,1.34107133676061,3.67349025262726,3.88038315802634,5.04054214849837,6.0731060296464,6.7362863197884,7.7381759838289,8.79077449117631,9.87481591903832,11.3228860308279,11.5236066015278,13.7190417939032,14.4115502839623,,,14.9690493730418,15.9287816526518,17.5199924755071,18.1117782539896
374.199999999945,0.303289804912094,1.32787932871016,3.63938029332642,3.92840274875204,5.03704930539952,6.0689889226489,6.72551190098547,7.73094064339392,8.79294490420385,9.87726644977798,11.2907213481043,11.5326805104006,13.6664226311867,14.4259489111722,,,14.9700593031233,15.9220914850763,17.5041182840786,18.120454212241
374.799999999945,0.300090759020682,1.31138421480431,3.60527033402558,3.97642233947775,5.03448397271636,6.05635510937893,6.71671999896724,7.72697722703524,8.79410992682367,9.87852887223318,11.2543064183884,11.5372288950876,13.6138034684703,14.4403475383818,,,14.9677544646174,15.9167034781168,17.4882440926498,18.1291301704924
375.399999999945,0.296891713129428,1.29488910089815,3.57116037472474,4.02444193020346,5.03191864003329,6.04372129610818,6.7079280969492,7.72301381067686,8.79473141688031,9.87972172014503,11.217891488672,11.5417772797742,13.5611843057538,14.4547461655915,,,14.9638214969826,15.9154565078533,17.472369901221,18.1378061287438
375.999999999945,0.293692667238173,1.27839398699199,3.5370504154239,4.07246152092916,5.02935330735022,6.03108748283743,6.69913619493116,7.71905039431848,8.79632281458797,9.88452711016369,11.1814765589557,11.5463256644608,13.5085651430373,14.4691447928012,,,14.9599844817827,15.9155468772843,17.4564957097922,18.1464820869952
376.599999999945,0.290493621346919,1.26189887308584,3.50294045612306,4.12048111165487,5.02678797466714,6.01845366956668,6.69034429291311,7.7150869779601,8.79804692793683,9.89063429176037,11.1450616292393,11.5508740491475,13.4559459803208,14.4835434200109,,,14.9561474665829,15.9156372467155,17.4406215183634,18.1551580452467
377.199999999944,0.287294575455665,1.24540375917968,3.46883049682222,4.16850070238058,5.02422264198407,6.00581985629593,6.68155239089507,7.71112356160172,8.79987363198651,9.89706037773829,11.108646699523,11.5554224338341,13.4033268176043,14.4979420472205,,,14.9523104513831,15.9157276161467,17.4247473269346,18.1638340034981
377.799999999944,0.284095529564411,1.22890864527352,3.43472053752138,4.21652029310628,5.02165730930099,5.99318604302518,6.67276048887703,7.70716014524333,8.8019404199925,9.90338551689486,11.0722317698067,11.5599708185207,13.3507076548878,14.5123406744302,,,14.9484734361833,15.9158179855779,17.4088731355058,18.1725099617495
378.399999999944,0.280896483673156,1.21241353136736,3.40061057822054,4.26453988383199,5.01909197661792,5.98055222975443,6.66396858685899,7.70319672888496,8.80400720799852,9.9094015702339,11.0358168400903,11.5645192032073,13.2980884921714,14.5267393016399,,,14.9446364209835,15.915908355009,17.3929989440771,18.1811859200009
378.999999999944,0.277697437781903,1.1959184174612,3.3665006189197,4.3125594745577,5.01652664393485,5.96791841648368,6.65517668484095,7.69923331252657,8.80607399600454,9.91541762357292,10.999401910374,11.5690675878939,13.2454693294549,14.5411379288496,,,14.9407994057837,15.9159987244402,17.3771247526483,18.1898618782524
379.599999999944,0.274498391890648,1.17942330355504,3.33239065961886,4.3605790652834,5.01396131125177,5.95528460321293,6.6463847828229,7.6952698961682,8.8081705285336,9.92139203862047,10.9629869806577,11.5736159725805,13.1928501667384,14.5555365560593,,,14.9369623905839,15.9160890938714,17.3612505612195,18.1985378365038
380.199999999944,0.271299345999394,1.16292818964889,3.29828070031802,4.40859865600911,5.0113959785687,5.94265078994218,6.63759288080485,7.69130647980981,8.81038398240824,9.92727594656145,10.9265720509413,11.5781643572672,13.1402310040219,14.5699351832689,,,14.9331253753841,15.9161794633025,17.3453763697907,18.2072137947552
380.799999999944,0.26810030010814,1.14643307574273,3.26417074101718,4.45661824673482,5.00883064588563,5.93001697667144,6.62880097878681,7.68734306345143,8.81225563149573,9.93313474553821,10.890157121225,11.5827127419538,13.0876118413054,14.5843338104786,,,14.9292883601842,15.9162698327337,17.3295021783619,18.2158897530066
381.399999999944,0.264901254216885,1.12993796183657,3.23006078171634,4.50463783746052,5.00626531320255,5.91738316340068,6.62000907676877,7.68337964709305,8.81421552549392,9.93676624601336,10.8537421915086,11.5872611266404,13.0349926785889,14.5987324376883,,,14.9254513449844,15.9163602021649,17.3136279869331,18.2245657112581
381.999999999944,0.261702208325631,1.11344284793041,3.1959508224155,4.55265742818623,5.00369998051948,5.90474935012994,6.61121717475073,7.67941623073467,8.81787719766209,9.93763484192928,10.8173272617923,11.591809511327,12.9823735158725,14.613131064898,,,14.9199614466679,15.9148931006327,17.2977537955043,18.2332416695095
382.599999999944,0.258409093952503,1.0957834647259,3.16184086311466,4.60067701891194,5.00113464783641,5.8855689658995,6.60051283630918,7.64921220506796,8.82209438503962,9.93806507081182,10.7809123320759,11.5968202816265,12.929754353156,14.6275296921077,,,14.9151426338087,15.9199630337669,17.2818796040755,18.2419176277609
383.199999999944,0.255159858302254,1.07805520938314,3.12773090381382,4.64869660963764,5.00356265935395,5.87029740472372,6.58584815067681,7.63928663162817,8.82778435146419,9.9401998896461,10.7653308411204,11.6028811131451,12.8771351904395,14.6419283193174,,,14.9104668349032,15.9290508686964,17.2773983856301,18.2527293973108
383.799999999943,0.25333254536417,1.06583771368613,3.09362094451298,4.69671620036335,5.00885462581474,5.87488767643916,6.5847918679196,7.64042568600802,8.83393659432225,9.9445492494887,10.72903917281,11.6096592583612,12.8284101289393,14.6589347999603,,,14.9100157267181,15.9396649283964,17.2837192409129,18.261831827012
384.399999999943,0.254209768447817,1.05682845666384,3.07692948044593,4.66501512255158,5.00760858357936,5.86794354219085,6.59535202064943,7.64999314986834,8.83984299453307,9.94770880790892,10.7254634520761,11.599488364431,12.8357160056415,14.6447467501689,,,14.9112094434196,15.9466492723666,17.2671335041041,18.2678348280825
384.999999999943,0.262084640623381,1.06034237690166,3.06023801638052,4.63331404473229,5.00745349533759,5.8703567552103,6.60203866754421,7.65881015011887,8.84348103756992,9.95525697822299,10.7128576210136,11.5954828062447,12.8430218823489,14.6342500071757,,,14.9119956283301,15.9576290172888,17.2469692339641,18.2792128900534
385.599999999943,0.269444466248692,1.06752132218882,3.04354655231511,4.60161296691301,5.00935958964743,5.88249539182119,6.61532800082695,7.66158459882997,8.84698171690132,9.96351569705446,10.7053297222475,11.5921067292606,12.8503277590564,14.6237532641829,,,14.9219744461965,15.9639056444358,17.2268049638237,18.2905909520249
386.199999999943,0.276804291873954,1.07470026747634,3.0268550882497,4.56991188909372,5.01126568395747,5.89463402843301,6.62861733411032,7.66435904754051,8.85117348061352,9.9686567442355,10.6978018234818,11.5887306522765,12.8576336357639,14.6132565211901,,,14.9377390497884,15.9668766659365,17.2066406936834,18.3019690139963
386.799999999943,0.284164117499217,1.08187921276385,3.01016362418429,4.53821081127443,5.01317177826751,5.90677266504483,6.64190666739368,7.66713349625104,8.85477242974157,9.96977827578985,10.6902739247162,11.5853545752925,12.8649395124714,14.6027597781973,,,14.9543442646593,15.9691104124999,17.186476423543,18.3133470759678
387.399999999943,0.29152394312448,1.08905815805136,2.99347216011888,4.50650973345515,5.01507787257755,5.91891130165665,6.65519600067704,7.66990794496157,8.85783230028526,9.96896411049907,10.6827460259505,11.5819784983085,12.8722453891788,14.5922630352045,,,14.9709494795302,15.9713441590632,17.1663121534027,18.3247251379392
387.999999999943,0.298883768749742,1.09623710333888,2.97678069605347,4.47480865563586,5.01698396688758,5.93104993826846,6.66848533396041,7.67268239367211,8.86078281103004,9.96773289376553,10.6752181271849,11.5786024213244,12.8795512658863,14.5817662922117,,,14.9875546944011,15.9735779056266,17.1461478832623,18.3361031999107
388.599999999943,0.306243594375005,1.10341604862639,2.96008923198806,4.44310757781658,5.01889006119762,5.94318857488028,6.68177466724378,7.67545684238264,8.86383418989649,9.96633373420877,10.6676902284192,11.5752263443404,12.8868571425938,14.5712695492189,,,15.004159909272,15.9758116521899,17.1259836131219,18.3474812618821
389.199999999943,0.313603420000268,1.1105949939139,2.94339776792265,4.41140649999729,5.02079615550766,5.9553272114921,6.69506400052715,7.67823129109318,8.86688556876295,9.9650773034215,10.6601623296536,11.5718502673564,12.8941630193012,14.5607728062261,,,15.020765124143,15.9780453987532,17.1058193429816,18.3588593238536
389.799999999943,0.32096324562553,1.11777393920141,2.92670630385724,4.379705422178,5.0227022498177,5.96746584810392,6.70835333381051,7.68100573980371,8.86993694762941,9.96382087263424,10.652634430888,11.5684741903723,12.9014688960087,14.5502760632332,,,15.0373703390139,15.9802791453165,17.0856550728412,18.370237385825
390.399999999942,0.328323071250793,1.12495288448893,2.91001483979183,4.34800434435872,5.02460834412773,5.97960448471574,6.72164266709388,7.68378018851424,8.87300988165364,9.96234422781126,10.6451065321223,11.5650981133883,12.9087747727162,14.5397793202404,,,15.0539755538848,15.9825128918798,17.0654908027009,18.3816154477964
390.999999999942,0.335682896876056,1.13213182977644,2.89332337572642,4.31630326653943,5.02651443843777,5.99174312132755,6.73493200037725,7.68655463722477,8.87562012254736,9.96106171662911,10.6375786333566,11.5617220364043,12.9160806494236,14.5292825772476,,,15.0705807687557,15.9847466384431,17.0453265325605,18.3929935097679
391.599999999942,0.343042722501318,1.13931077506395,2.87663191166101,4.28460218872015,5.02842053274781,6.00388175793937,6.74822133366061,7.68932908593531,8.87837372359954,9.96049753104792,10.630050734591,11.5583459594202,12.9233865261311,14.5187858342548,,,15.0871859836267,15.9869803850064,17.0251622624202,18.4043715717393
392.199999999942,0.350402548126581,1.14648972035146,2.85994044759561,4.25290111090086,5.03032662705785,6.01602039455119,6.76151066694398,7.69210353464584,8.88043292218402,9.96122893012901,10.6225228358254,11.5549698824362,12.9306924028386,14.508289091262,,,15.1037911984976,15.9892141315698,17.0049979922798,18.4157496337108
392.799999999942,0.357762373751844,1.15366866563898,2.8432489835302,4.22120003308158,5.03223272136789,6.02815903116301,6.77480000022734,7.69487798335637,8.88143851276861,9.96510147741731,10.6149949370597,11.5515938054522,12.9379982795461,14.4977923482692,,,15.1224712140507,15.9917101951934,16.9848337221395,18.4271276956822
393.399999999942,0.36523403609953,1.16342676780443,2.82655751946479,4.18949895526229,5.03413881567792,6.04405282340724,6.78958464728707,7.71110023484766,8.88069013332007,9.96950356794273,10.6074670382941,11.5426048898816,12.9453041562535,14.4872956052764,,,15.1390563315099,15.9904836295172,16.9646694519991,18.4385057576537
393.999999999942,0.374203904330076,1.18006758654824,2.80986605539938,4.157797877443,5.03512771274437,6.05579635080631,6.83222395543616,7.70533936200688,8.8773953537291,9.97235174880853,10.5906781863166,11.5325069137069,12.952610032961,14.4767988622835,,,15.1553520740416,15.9860743911311,16.9355955196745,18.4483621511343
394.599999999942,0.378700617113957,1.19572625396011,2.79317459133397,4.12609679962372,5.00796531566356,6.040947819988,6.86560580579606,7.68996532755921,8.87208107715682,9.97005315623202,10.6183036306916,11.5145103061359,12.955166147983,14.4702219831362,,,15.1634930383972,15.979339903978,16.8967100841623,18.4379944299435
395.199999999942,0.380929495682123,1.21083135721909,2.79558839651343,4.14641836039262,4.99073579824387,6.0401081157962,6.89839800665266,7.66486627127247,8.86710564176943,9.96790009723705,10.6664363570743,11.5059009173778,12.9713404683556,14.4915559786198,,,15.1698038346002,15.9768026797286,16.8939560699525,18.4286392151094
395.799999999942,0.377154881868247,1.22132881617417,2.79800220169474,4.16673992116657,4.9791654809286,6.03751475159869,6.93107315522403,7.64071602176719,8.86303367270597,9.9622288446993,10.7184952071275,11.4966512360107,12.9875147887296,14.509978842832,,,15.1761185362245,15.9684831118323,16.9060248303816,18.3915594600162
396.399999999942,0.374040001926264,1.23100251401319,2.80041600687606,4.18706148194052,4.96396333395468,6.02847054012023,6.93411105421928,7.61738703693799,8.8600533045864,9.95510548355641,10.7564467974202,11.4907142980763,13.0036891091035,14.5284017070439,,,15.1743960270853,15.9642273771887,16.9180935908121,18.3544797049202
396.999999999941,0.370925121984344,1.24067621185212,2.80282981205737,4.20738304271447,4.9487611869804,6.01942632864114,6.93714895321166,7.59405805210887,8.85565893554311,9.95161746026327,10.7943983877115,11.4847773601422,13.0198634294775,14.5468245712558,,,15.1712343933509,15.9680490194541,16.9301623512425,18.3173999498243
397.599999999941,0.367810242042424,1.25034990969105,2.80524361723868,4.22770460348842,4.93355904000612,6.01038211716204,6.94018685220403,7.57072906727975,8.85078942214206,9.94868317123465,10.8323499780028,11.4788404222081,13.0360377498514,14.5652474354677,,,15.1660946621309,15.9715251667888,16.942231111673,18.2803201947284
398.199999999941,0.364695362100505,1.26002360752998,2.80765742242,4.24802616426237,4.91835689303184,6.00133790568295,6.94322475119642,7.54740008245064,8.84603342642614,9.94612053209831,10.8703015682941,11.472903484274,13.0522120702254,14.5836702996796,,,15.1609549309107,15.9750013141234,16.9542998721035,18.2432404396324
398.799999999941,0.361580482158585,1.26969730536892,2.81007122760131,4.26834772503632,4.90315474605756,5.99229369420386,6.94626265018879,7.52407109762152,8.8413125549449,9.94392900121905,10.9082531585854,11.4669665463399,13.0683863905994,14.6020931638915,,,15.1558151996904,15.978477461458,16.966368632534,18.2061606845365
399.399999999941,0.358465602216666,1.27937100320785,2.81248503278262,4.28866928581026,4.88795259908328,5.98324948272477,6.94930054918116,7.50074211279241,8.83636669499384,9.94215761045991,10.9462047488766,11.4610296084058,13.0845607109733,14.6205160281035,,,15.1506754684702,15.9819536087927,16.9784373929645,18.1690809294406
399.999999999941,0.355350722274746,1.28904470104678,2.81489883796394,4.30899084658421,4.872750452109,5.97420527124567,6.95233844817354,7.47741312796329,8.83142083504275,9.9400845953216,10.9841563391679,11.4550926704717,13.1007350313473,14.6389388923154,,,15.14553573725,15.9854297561273,16.990506153395,18.1320011743447
400.599999999941,0.352235842332827,1.29871839888571,2.81731264314525,4.32931240735816,4.85754830513472,5.96516105976658,6.95537634716592,7.45408414313417,8.82647497509166,9.93801158018326,11.0221079294592,11.4491557325376,13.1169093517212,14.6573617565273,,,15.1403960060298,15.9889059034619,17.0025749138255,18.0949214192487
401.199999999941,0.349120962390907,1.30839209672465,2.81972644832656,4.34963396813211,4.84234615816044,5.95611684828749,6.95841424615829,7.43075515830505,8.82150122716429,9.93612984822632,11.0600595197505,11.4432187946035,13.1330836720952,14.6757846207392,,,15.1352562748096,15.9923820507966,17.014643674256,18.0578416641528
401.799999999941,0.346006082448987,1.31806579456358,2.82214025350788,4.36995552890606,4.82714401118617,5.9470726368084,6.96145214515066,7.40742617347593,8.81713865386837,9.93432173327533,11.0980111100418,11.4372818566694,13.1492579924691,14.6942074849511,,,15.1301165435894,15.9958581981312,17.0267124346864,18.0207619090569
402.399999999941,0.342891202507068,1.32773949240251,2.82455405868919,4.39027708968001,4.81194186421189,5.93802842532931,6.96449004414304,7.38409718864681,8.8129869481427,9.93242138055149,11.1359627003331,11.4313449187353,13.1654323128431,14.712630349163,,,15.1249768123691,15.9993343454658,17.0387811951169,17.9836821539609
402.999999999941,0.339776322565148,1.33741319024144,2.8269678638705,4.41059865045396,4.79673971723761,5.92898421385021,6.96752794313542,7.3607682038177,8.80957978202158,9.93016597264526,11.1739142906244,11.4254079808012,13.181606633217,14.7310532133749,,,15.1198370811489,16.0028104928005,17.0508499555474,17.946602398865
403.59999999994,0.336661442623228,1.34708688808037,2.82938166905182,4.43092021122791,4.78153757026333,5.91994000237112,6.97056584212779,7.33743921898858,8.80656592538336,9.92887058727941,11.2118658809157,11.4194710428671,13.197780953591,14.7494760775868,,,15.1112859323596,16.0076253318128,17.0629187159779,17.9095226437691
404.19999999994,0.333494518379647,1.35463553339543,2.83179547423313,4.45124177200186,4.76633542328905,5.91198464158223,6.96986862872172,7.31904255522246,8.80499485781209,9.92658834450981,11.249817471207,11.4166517355809,13.2139552739649,14.7678989417988,,,15.1034216991239,16.0130434788833,17.0749874764084,17.8724428886731
404.79999999994,0.327202429963551,1.35494747961832,2.83420927941445,4.47156333277581,4.74567206496709,5.90764992815166,6.93050580312418,7.31476468978361,8.80447945656032,9.92596681606671,11.2900168045721,11.4166478904229,13.2301295943389,14.7863218060107,,,15.0947091896945,16.019481115938,17.0822657010506,17.8378235733576
405.39999999994,0.323459650342045,1.35204082588347,2.83662308459576,4.49188489354976,4.77282245441106,5.93270821368971,6.89007319660445,7.31815521270005,8.80650866692353,9.9314026727313,11.2799795694997,11.4276552597532,13.2329396847076,14.7562195440175,,,15.0910813233485,16.0345591413906,17.1154169529716,17.8285308390226
405.99999999994,0.319147674602118,1.34720313075947,2.84314806992474,4.49635125718297,4.80241076598951,5.95199847584491,6.84802071448722,7.33017010940862,8.80896918463534,9.93759599892507,11.2028323374224,11.438724955905,13.2388731527997,14.6981135633326,,,15.0902096538203,16.0492619093416,17.1160613504109,17.8286071902327
406.59999999994,0.315207960908281,1.33709671792322,2.84967305525413,4.50081762081461,4.824919691936,5.9611219327441,6.80534061089527,7.34681154986425,8.81149219870233,9.94709553541422,11.137851119418,11.446969919778,13.244806620892,14.6392600728774,,,15.0898317459295,16.0669471384844,17.1186746053908,17.8505702003806
407.19999999994,0.310559658011542,1.3259702689506,2.85619804058352,4.50528398444625,4.85224774487212,5.97475275453699,6.7978327412529,7.3605144147624,8.81493990413467,9.9585311547173,11.0851716235744,11.4542379472605,13.2507400889844,14.5804065824221,,,15.0890942991219,16.0836682289365,17.1212878603709,17.8725332105307
407.79999999994,0.305911355114733,1.31484381997788,2.86272302591291,4.50975034807789,4.87957579780872,5.98838357633034,6.79032487161405,7.37421727966027,8.81923457939902,9.96861742205494,11.032492127732,11.461505974743,13.2566735570768,14.5215530919667,,,15.0839987907757,16.0934501979611,17.123901115351,17.8944962206808
408.39999999994,0.301263052217924,1.30371737100517,2.8692480112423,4.51421671170952,4.90690385074533,6.00201439812369,6.7828170019752,7.38792014455814,8.82398931206306,9.98097480967489,10.9798126318896,11.4687740022254,13.2626070251691,14.4626996015114,,,15.0805501978692,16.1038962736669,17.126514370331,17.9164592308309
408.99999999994,0.296614749321114,1.29259092203245,2.87577299657169,4.51868307534116,4.93423190368193,6.01564521991704,6.77530913233635,7.40162300945601,8.82908665444367,9.99516337653518,10.9271331360473,11.4760420297079,13.2685404932615,14.4038461110561,,,15.0771016049628,16.1143423493727,17.1291276253111,17.9384222409809
409.59999999994,0.291966446424305,1.28146447305973,2.88229798190108,4.5231494389728,4.96155995661853,6.02927604171038,6.7678012626975,7.41532587435388,8.83430218914747,10.0094611290562,10.8744536402049,11.4833100571903,13.2744739613539,14.3449926206008,,,15.0736530120565,16.1247884250786,17.1317408802912,17.960385251131
410.199999999939,0.287318143527495,1.27033802408702,2.88882296723047,4.52761580260443,4.98888800955514,6.04290686350373,6.76029339305866,7.42902873925174,8.83946402731148,10.0235596685537,10.8217741443625,11.4905780846728,13.2804074294463,14.2861391301455,,,15.0702044191501,16.1352345007844,17.1343541352713,17.9823482612811
410.799999999939,0.282669840630686,1.2592115751143,2.89534795255986,4.53208216623607,5.01621606249174,6.05653768529708,6.75278552341981,7.44273160414961,8.84462586547549,10.0380545085957,10.7690946485201,11.4978461121552,13.2863408975386,14.2272856396902,,,15.0667558262437,16.1456805764903,17.1369673902513,18.0043112714312
411.399999999939,0.278021537733876,1.24808512614158,2.90187293788925,4.53654852986771,5.04354411542834,6.07016850709043,6.74527765378096,7.45643446904748,8.8497877036395,10.0525493486377,10.7164151526778,11.5051141396377,13.292274365631,14.1684321492349,,,15.0633072333374,16.1561266521961,17.1395806452314,18.0262742815812
411.999999999939,0.273373234837067,1.23695867716887,2.90839792321863,4.54101489349935,5.07087216836495,6.08379932888377,6.73776978414211,7.47013733394535,8.85496478397,10.067285775718,10.6637356568354,11.5123821671201,13.2982078337234,14.1095786587796,,,15.059858640431,16.1665727279019,17.1421939002115,18.0482372917313
412.599999999939,0.268724931940257,1.22583222819615,2.91492290854802,4.54548125713098,5.09820022130155,6.09743015067712,6.73026191450326,7.48384019884322,8.85977019680911,10.0818540148989,10.611056160993,11.5196501946026,13.3041413018158,14.0507251683243,,,15.0564100475246,16.1770188036078,17.1448071551916,18.0702003018814
413.199999999939,0.264076629043448,1.21470577922343,2.92144789387741,4.54994762076262,5.12552827423816,6.11106097247047,6.72275404486441,7.49754306374108,8.86434136624431,10.096019896652,10.5583766651507,11.526918222085,13.3100747699081,13.9918716778689,,,15.0529614546182,16.1874648793136,17.1474204101717,18.0921633120315
413.799999999939,0.259428326146639,1.20357933025072,2.9279728792068,4.55441398439426,5.15285632717476,6.12469179426382,6.71524617522555,7.51124592863895,8.86814230646518,10.1094915337734,10.5056971693083,11.5341862495675,13.3160082380005,13.9330181874136,,,15.0495128617119,16.1979109550195,17.1500336651517,18.1141263221815
414.399999999939,0.25478002324983,1.192452881278,2.93449786453619,4.5588803480259,5.18018438011137,6.13832261605717,6.70773830558671,7.52494879353682,8.87111074194251,10.1199063122632,10.4530176734659,11.5414542770499,13.3219417060929,13.8741646969583,,,15.0479725496148,16.2054169210547,17.1526469201318,18.1360893323316
414.999999999939,0.250132772358921,1.18164487035179,2.94102284986558,4.56334671165753,5.20751243304797,6.15020282377922,6.70458250380091,7.52498005929716,8.87255134194235,10.1285277003288,10.4003381776235,11.549477334848,13.3278751741852,13.815311206503,,,15.0407328770177,16.2116605863878,17.1552601751119,18.1580523424817
415.599999999939,0.247973353963707,1.17246656820115,2.94754783519497,4.56781307528917,5.24225188551992,6.1601413012351,6.72027572071127,7.52668704756545,8.87441376503124,10.1317440395538,10.3355969478331,11.5576095125451,13.3338086422776,13.7564577160477,,,15.0336948320607,16.2182215425115,17.1663034204278,18.1782173497328
416.199999999939,0.247620114016298,1.17104831422246,2.95407282052436,4.57227943892081,5.24440911270147,6.15173945496734,6.76180731970387,7.52809171699284,8.87444254171799,10.1319935459627,10.3081612524517,11.5564628872624,13.3581534205154,13.7694188811712,,,15.0240498262928,16.2098573432655,17.1410082795533,18.203890200458
416.799999999938,0.247689822795004,1.1728378524844,2.94252661103557,4.58873407094715,5.23021329705274,6.13621600237112,6.8065268862119,7.52460057409158,8.87358016621254,10.1303227647845,10.3375337253651,11.5505367460031,13.3451627935589,13.825069573729,,,15.0111498765383,16.1938695351855,17.1430407753627,18.2127836950153
417.399999999938,0.248280882132537,1.18054417717511,2.93098040154494,4.60518870297472,5.21673985427569,6.13347925791498,6.84188337618536,7.52422875211482,8.87156638330191,10.1254980880249,10.3572917711502,11.5423855487747,13.3321721665985,13.8821927965959,,,14.9927276172127,16.1753545741136,17.1146705380797,18.208334646316
417.999999999938,0.24843381490493,1.18875585363622,2.9194341920543,4.62164333500229,5.20015675709675,6.12868963588849,6.85446455608546,7.53213863584691,8.86791678355306,10.1197651445257,10.3733365110653,11.533507141495,13.3191815396381,13.939316019463,,,14.9778442437665,16.1588291033705,17.0863003007937,18.2038855976154
418.599999999938,0.248586747677277,1.19696753009738,2.90788798256366,4.63809796702986,5.18357365991748,6.1239000138618,6.86704573598321,7.54004851957986,8.86474775357122,10.1155320082057,10.38938125098,11.5246287342152,13.3061909126777,13.9964392423301,,,14.965101157098,16.1424127384479,17.0579300635076,18.1994365489147
419.199999999938,0.248739680449625,1.20517920655854,2.89634177307302,4.65455259905743,5.16699056273821,6.1191103918351,6.87962691588097,7.54795840331281,8.86131543282296,10.1099823849024,10.4054259908946,11.5157503269353,13.2932002857173,14.0535624651972,,,14.951686973677,16.1256096559142,17.0295598262216,18.194987500214
419.799999999938,0.248892613221972,1.2133908830197,2.88479556358238,4.671007231085,5.15040746555894,6.11432076980841,6.89220809577872,7.55586828704576,8.85776899257761,10.1030389529562,10.4214707308093,11.5068719196555,13.2802096587569,14.1106856880643,,,14.9382727902558,16.1088065733805,17.0011895889355,18.1905384515134
420.399999999938,0.24904554599432,1.22160255948086,2.87324935409174,4.68746186311257,5.13382436837968,6.10953114778172,6.90478927567648,7.5637781707787,8.854148911476,10.095946209873,10.437515470724,11.4979935123757,13.2672190317966,14.1678089109314,,,14.9248586068346,16.0920034908468,16.9728193516494,18.1860894028127
420.999999999938,0.249198478766668,1.22981423594203,2.8617031446011,4.70391649514014,5.11724127120041,6.10474152575502,6.91737045557423,7.57168805451165,8.85074534929919,10.0889034658662,10.4535602106387,11.4891151050959,13.2542284048362,14.2249321337985,,,14.9114444234135,16.075200408313,16.9444491143634,18.181640354112
421.599999999938,0.249351411539015,1.23802591240319,2.85015693511046,4.72037112716771,5.10065817402114,6.09995190372833,6.92995163547199,7.5795979382446,8.8473417871224,10.0816980133328,10.4696049505534,11.4802366978161,13.2412377778758,14.2820553566656,,,14.8980302399923,16.0583973257793,16.9160788770773,18.1771913054114
422.199999999938,0.249504344311363,1.24623758886435,2.83861072561982,4.73682575919528,5.08407507684188,6.09516228170163,6.94253281536974,7.58750782197755,8.84393822494561,10.0744925607993,10.4856496904681,11.4713582905362,13.2282471509154,14.3391785795326,,,14.8846160565712,16.0415942432456,16.8877086397912,18.1727422567107
422.799999999938,0.249657277083711,1.25444926532551,2.82706451612918,4.75328039122285,5.06749197966261,6.09037265967494,6.95511399526749,7.59541770571049,8.84047111164769,10.0669524158396,10.5016944303828,11.4624798832564,13.215256523955,14.3963018023997,,,14.87120187315,16.0247911607118,16.8593384025052,18.16829320801
423.399999999937,0.249810209856058,1.26266094178667,2.81551830663854,4.76973502325042,5.05090888248334,6.08558303764824,6.96769517516526,7.60332758944344,8.83709662844476,10.0593455806815,10.5177391702975,11.4536014759766,13.2022658969946,14.4534250252668,,,14.8577876897289,16.0079880781781,16.8309681652191,18.1638441593094
423.999999999937,0.249963142628406,1.27087261824783,2.8039720971479,4.78618965527799,5.03432578530408,6.08079341562155,6.980276355063,7.61123747317639,8.83390717210724,10.0518542710329,10.5337839102122,11.4447230686968,13.1892752700343,14.5105482481339,,,14.8443735063077,15.9911849956444,16.802597927933,18.1593951106087
424.599999999937,0.250116075400753,1.27908429470899,2.79242588765726,4.80264428730557,5.01774268812481,6.07600379359486,6.99285753496076,7.61914735690934,8.83172422155166,10.0456098404791,10.5498286501269,11.435844661417,13.1762846430739,14.567671471001,,,14.8309593228866,15.9743819131107,16.774227690647,18.1549460619081
425.199999999937,0.250269008173101,1.28729597117015,2.78087967816663,4.81909891933314,5.00115959094554,6.07121417156816,7.00543871485852,7.62705724064229,8.83007307158068,10.0386540736548,10.5658733900416,11.4269662541371,13.1632940161135,14.6247946938681,,,14.8179422844534,15.9612064391722,16.7458574533609,18.1504970132074
425.799999999937,0.250433009619511,1.29643930840812,2.76933346867599,4.83555355136071,4.98457649376627,6.06383722129675,7.01878173021519,7.65304509525814,8.82959991839944,10.034444961177,10.5819181299563,11.4138006490058,13.1503033891531,14.6819179167352,,,14.8145983337173,15.9472128419916,16.7174872160749,18.1460479645067
426.399999999937,0.25054048709394,1.30525928342998,2.75778725918535,4.85200818338828,4.96405816203821,6.05308604784486,7.0302378227298,7.66414739117038,8.82847265812062,10.032711258545,10.620936506737,11.3994073073974,13.1373127621927,14.7390411396023,,,14.8143299095197,15.930315225461,16.6947828859347,18.1345622890525
426.999999999937,0.248143832175376,1.30515126618382,2.74624104969471,4.86846281541585,4.94899180127847,6.03518631283682,7.01355284212398,7.67280805373198,8.82764033249538,10.0281172523125,10.6522302337178,11.3929136647049,13.1299972401441,14.7721359036757,,,14.8174213458054,15.9210124340442,16.6984603503768,18.0985271258579
427.599999999937,0.248300649297986,1.30134322850812,2.78090181804659,4.81772553212943,4.94266728081361,6.03026567952813,6.98537243108829,7.68488270540429,8.82733059045547,10.0237058168307,10.669660587755,11.3973406400125,13.1473711963293,14.7745814906212,,,14.8227144196625,15.9194688625815,16.6885006664145,18.0784065501729
428.199999999937,0.248887143329449,1.29360720105666,2.81556258640333,4.76698824883594,4.94387118473216,6.01023502152025,6.97297752395604,7.68681432110279,8.82905261904773,10.0193652878633,10.7001000071058,11.404078561766,13.1647451525171,14.7774929466976,,,14.8371209580161,15.9179021399955,16.6999716854297,18.065874505304
428.799999999937,0.249212272137028,1.28420378795953,2.85022335476007,4.71625096554245,4.9469062634995,5.99025746955022,6.98654824431742,7.68807792210745,8.83213809735954,10.0142669072836,10.72829469633,11.4089056707164,13.1821191087048,14.7804044027742,,,14.8457240440176,15.912933146096,16.7114427044472,18.053342460436
429.399999999937,0.249537400944578,1.27480037486222,2.88488412311681,4.66551368224897,4.94994134226704,5.97027991758018,7.00011896468155,7.68934152311203,8.83293483753115,10.0065265375396,10.756489385554,11.4137327796666,13.1994930648926,14.7833158588507,,,14.8549700372966,15.9077072749059,16.7229137234647,18.0408104155679
429.999999999936,0.249862529752129,1.26539696176491,2.91954489147355,4.61477639895548,4.95297642103457,5.95030236561015,7.01368968504567,7.69060512411661,8.83357138853846,9.9977057600295,10.7846840747779,11.4185598886168,13.2168670210804,14.7862273149272,,,14.8643452704583,15.9026008897836,16.7343847424822,18.0282783706998
430.599999999936,0.250187658559679,1.2559935486676,2.95420565983029,4.56403911566199,4.95601149980211,5.93032481364012,7.02726040540979,7.6918687251212,8.83408133135813,9.98841171268423,10.8128787640019,11.4233869975669,13.2342409772681,14.7891387710037,,,14.87372050362,15.8974945046613,16.7458557614996,18.0157463258318
431.199999999936,0.25051278736723,1.24659013557029,2.98886642818704,4.5133018323685,4.95904657856965,5.91034726167009,7.04083112577391,7.69313232612578,8.83453757968507,9.97859615243491,10.8410734532259,11.4282141065171,13.2516149334559,14.7920502270803,,,14.8830957367817,15.8923881195391,16.7573267805171,18.0032142809637
431.799999999936,0.250837916174781,1.23718672247298,3.02352719654378,4.46256454907501,4.96208165733718,5.89036970970006,7.05440184613804,7.69439592713037,8.83501674311063,9.96862467251399,10.8692681424498,11.4330412154673,13.2689888896437,14.7949616831568,,,14.8924709699435,15.8872817344168,16.7687977995346,17.9906822360956
432.399999999936,0.25116304498233,1.22778330937567,3.05818796490052,4.41182726578153,4.96511673610472,5.87039215773002,7.06797256650215,7.69565952813495,8.8354959065362,9.95859798155178,10.8974628316738,11.4378683244175,13.2863628458315,14.7978731392333,,,14.9018462031052,15.8821753492946,16.7802688185521,17.9781501912275
432.999999999936,0.251488173789881,1.21837989627837,3.09284873325726,4.36108998248804,4.96815181487225,5.85041460575999,7.08154328686627,7.69692312913954,8.83597506996177,9.94857129058955,10.9256575208978,11.4426954333677,13.3037368020192,14.8007845953098,,,14.9112214362669,15.8770689641723,16.7917398375695,17.9656181463595
433.599999999936,0.251813302597432,1.20897648318106,3.127509501614,4.31035269919455,4.97118689363979,5.83043705378996,7.0951140072304,7.69818673014411,8.83655461069527,9.93858880960495,10.9538522101218,11.4475225423178,13.321110758207,14.8036960513864,,,14.9205966694286,15.8719625790501,16.803210856587,17.9530861014914
434.199999999936,0.252138431404982,1.19957307008375,3.16217026997075,4.25961541590106,4.97422197240732,5.81045950181993,7.10868472759452,7.6994503311487,8.83704625911098,9.92881879390707,10.9820468993457,11.452349651268,13.3384847143948,14.8066075074629,,,14.9299719025904,15.8668561939278,16.8146818756045,17.9405540566233
434.799999999936,0.252463560212533,1.19016965698644,3.19683103832749,4.20887813260757,4.97725705117486,5.79048194984989,7.12225544795864,7.70071393215329,8.8371400000141,9.91846997921235,11.0102415885697,11.4571767602182,13.3558586705826,14.8095189635394,,,14.9393471357521,15.8617498088055,16.826152894622,17.9280220117552
435.399999999936,0.252788689020083,1.18076624388913,3.23149180668423,4.15814084931409,4.9802921299424,5.77050439787986,7.13582616832277,7.70197753315787,8.83633903167794,9.90758036500806,11.0384362777937,11.4620038691684,13.3732326267703,14.8124304196159,,,14.9487223689138,15.8566434236833,16.8376239136395,17.9154899668872
435.999999999936,0.253113817827634,1.17136283079182,3.26615257504097,4.1074035660206,4.98332720870993,5.75052684590983,7.14939688868688,7.70324113416245,8.83496533826982,9.89929777039931,11.0666309670177,11.4668309781186,13.3906065829581,14.8153418756925,,,14.9591139249833,15.8489279265565,16.8490949326569,17.9029579220191
436.599999999935,0.253434066346026,1.16051657500761,3.30081334339771,4.05666628272711,4.98636228747747,5.73365058320908,7.1583623743636,7.69978004916265,8.83385197579548,9.89038974757448,11.0948256562416,11.4789958882646,13.4079805391459,14.818253331769,,,14.9623526944093,15.8440978892233,16.8605659516744,17.890425877151
437.199999999935,0.251544370589043,1.14836338649088,3.33547411175445,4.00592899943362,4.98854274709364,5.72748016263131,7.16284610823859,7.70499328204234,8.83485896608236,9.88463312309936,11.1148366065611,11.4916322082965,13.4253544953336,14.8211647878455,,,14.9630641874623,15.8413946735118,16.8645570609477,17.8903381115283
437.799999999935,0.251268950602106,1.13895448787837,3.3701348801112,3.95519171614013,5.0059650808177,5.7511538155465,7.17001590811403,7.69928622976051,8.83669843640742,9.8831517353537,11.1359507663241,11.4960539778148,13.4274615291051,14.8102916529003,,,14.9607945638639,15.844057384,16.8662764049149,17.9072869677465
438.399999999935,0.245677331533096,1.13084193905936,3.33307994736539,3.99645978639834,5.01771210298604,5.76117675252354,7.18207085516692,7.69122386024347,8.83831414751353,9.88348634082815,11.1397899913622,11.4884257345412,13.4089990262636,14.7907594355538,,,14.9573922233241,15.8508732177138,16.8729812850829,17.9181942134402
438.999999999935,0.243221979031061,1.12603430991918,3.29602501461185,4.03772785666648,5.01839220759089,5.7786708090451,7.18582800588513,7.69040156301366,8.83760393788711,9.88404206119672,11.1200028874205,11.4792522795766,13.3905365234199,14.7678630753422,,,14.9480895414761,15.8612277909655,16.8728026461963,17.9353712537081
439.599999999935,0.242380402981633,1.12487412293371,3.2589700818583,4.07899592693463,5.01555094365936,5.79795998564493,7.16005331534839,7.6835379802024,8.83487972685276,9.88411156497727,11.1094006817992,11.4710851442179,13.3720740205762,14.7449667151302,,,14.9505410592528,15.8741417419727,16.872624007309,17.9525482939767
440.199999999935,0.24153882693238,1.12371393594863,3.22191514910475,4.12026399720277,5.01270967972745,5.81724916224496,7.13427862480847,7.67667439739047,8.8345855906172,9.88635518771038,11.0987984761788,11.4629180088592,13.3536115177325,14.7220703549182,,,14.9507246979926,15.8887868146935,16.8724453684216,17.9697253342453
440.799999999935,0.240697250883127,1.12255374896355,3.1848602163512,4.16153206747092,5.00986841579555,5.83653833884498,7.10850393426855,7.66981081457857,8.83443009342066,9.89087654179364,11.0881962705585,11.4547508735006,13.3351490148888,14.6991739947062,,,14.9512477774491,15.9031988450376,16.8722667295343,17.9869023745139
441.399999999935,0.239855674833873,1.12139356197848,3.14780528359765,4.20280013773906,5.00702715186364,5.855827515445,7.08272924372862,7.66294723176665,8.83419107404436,9.89620179792069,11.0775940649381,11.446583738142,13.3166865120451,14.6762776344942,,,14.9517708569057,15.9176108753818,16.8720880906469,18.0040794147825
441.999999999935,0.23901409878462,1.1202333749934,3.11075035084411,4.2440682080072,5.00418588793173,5.87511669204503,7.0569545531887,7.65608364895474,8.83410010116804,9.90229244272441,11.0669918593178,11.4384166027833,13.2982240092014,14.6533812742822,,,14.9522939363622,15.9320229057259,16.8719094517596,18.0212564550511
442.599999999935,0.238172522735366,1.11907318800832,3.07369541809056,4.28533627827535,5.00134462399983,5.89440586864505,7.03117986264878,7.64922006614282,8.83393709967008,9.90854155303295,11.0563896536975,11.4302494674247,13.2797615063577,14.6304849140702,,,14.9528170158188,15.94643493607,16.8717308128722,18.0384334953197
443.199999999934,0.237330946686113,1.11791300102325,3.03664048533701,4.32660434854349,4.99850336006792,5.91369504524508,7.00540517210885,7.64235648333091,8.83377409817212,9.91499237011194,11.0457874480771,11.422082332066,13.261299003514,14.6075885538582,,,14.9533400952753,15.9608469664142,16.8715521739849,18.0556105355883
443.799999999934,0.23648937063686,1.11675281403817,2.99958555258346,4.36787241881163,4.99566209613601,5.9329842218451,6.97963048156893,7.635492900519,8.83361109667415,9.92144318719095,11.0351852424568,11.4139151967074,13.2428365006702,14.5846921936462,,,14.9538631747319,15.9752589967583,16.8713735350975,18.0727875758569
444.399999999934,0.235647794587606,1.11559262705309,2.96253061982991,4.40914048907978,4.99282083220411,5.95227339844512,6.953855791029,7.62862931770709,8.83338142389733,9.92824138182651,11.0245830368365,11.4057480613488,13.2243739978265,14.5617958334342,,,14.9543862541885,15.9896710271024,16.8711948962102,18.0899646161255
444.999999999934,0.234806218538353,1.11443244006802,2.92547568707637,4.45040855934792,4.9899795682722,5.97156257504515,6.92808110048908,7.62176573489517,8.8333512010626,9.93499258907023,11.0139808312161,11.3975809259901,13.2059114949828,14.5388994732222,,,14.954909333645,16.0040830574466,16.8710162573228,18.1071416563941
445.599999999934,0.233964642489099,1.11327225308294,2.88842075432282,4.49167662961607,4.98713830434029,5.99085175164517,6.90230640994915,7.61490215208325,8.83378403919664,9.94265895714282,11.0033786255958,11.3894137906315,13.1874489921391,14.5160031130102,,,14.9554324131016,16.0184950877907,16.8708376184355,18.1243186966627
446.199999999934,0.233123066439845,1.11211206609786,2.85136582156927,4.53294469988421,4.98429704040839,6.0101409282452,6.87653171940922,7.60803856927134,8.83446838551925,9.94967525292792,10.9927764199755,11.3812466552728,13.1689864892954,14.4931067527982,,,14.9559554925582,16.0329071181348,16.8706589795481,18.1414957369313
446.799999999934,0.232281490390592,1.11095187911278,2.81431088881572,4.57421277015235,4.98145577647648,6.02943010484522,6.8507570288693,7.60117498645942,8.83612807714369,9.95593945184899,10.9821742143551,11.3730795199142,13.1505239864517,14.4702103925862,,,14.9547931269581,16.0475745618282,16.8704803406608,18.1586727771999
447.399999999934,0.231475126139982,1.11069603421352,2.77725595606217,4.6154808404205,4.97861451254457,6.0507590160169,6.82868867500247,7.57809220895562,8.83628240365018,9.96120409569336,10.9715720087348,11.3607193794192,13.132061483608,14.4473140323742,,,14.9521073141944,16.0609839765659,16.8703017017734,18.1758498174685
447.999999999934,0.233892853794678,1.11750549807248,2.74020102330863,4.65674891068864,4.97736411880633,6.06590373295739,6.804452517104,7.56252296449172,8.83261713197886,9.96527168398204,10.9609825988706,11.3487615836817,13.1135989807643,14.4244176721622,,,14.9513187898962,16.0760546589868,16.8701442784437,18.1890376932253
448.599999999934,0.234718774775422,1.12627333626811,2.70314609055508,4.69801698095679,4.95025689497448,6.05441898606222,6.79728062006037,7.5638917684637,8.82801473427809,9.96665571899831,10.9589832378491,11.3431425967155,13.0890399940034,14.3895259240315,,,14.9541495439452,16.080383305876,16.8769480466361,18.19948406568
449.199999999934,0.242888948256014,1.13758262024567,2.70901332160978,4.67259970474522,4.9470628084996,6.05405286688842,6.80404771875961,7.57081211455903,8.82365936873372,9.96537570234324,11.0058324082717,11.3535782636468,13.1153900992667,14.3785969634045,,,14.9567640919134,16.0723268331805,16.879095883395,18.1995422056226
449.799999999933,0.246821894295532,1.14822066252086,2.71488055266923,4.64718242852627,4.94839037641966,6.05524302036579,6.80235204764717,7.58235117375666,8.82035843718136,9.96490812583654,11.0725960105467,11.3767074780108,13.1417402045356,14.3724584673515,,,14.9590338910027,16.063079258461,16.8933255968778,18.1886251961692
450.399999999933,0.251088881457919,1.15809586718625,2.72074778372868,4.62176515230732,4.9520467653759,6.05561845602097,6.80663944991001,7.59920671563892,8.8177010868371,9.96598664454557,11.1338162631655,11.3986347478059,13.1680903098046,14.366319971299,,,14.9580368699283,16.0511122095668,16.907555310362,18.1777081867147
450.999999999933,0.255355868620343,1.16797107185156,2.72661501478812,4.59634787608837,4.9557031543324,6.05599389167607,6.81092685217352,7.61606225752176,8.81381699127715,9.96333766371844,11.1950365157838,11.4205620176009,13.1944404150735,14.3601814752465,,,14.96044280897,16.0352390050614,16.9217850238462,18.1667911772602
451.599999999933,0.259622855782766,1.17784627651687,2.73248224584757,4.57093059986942,4.9593595432889,6.05636932733117,6.81521425443704,7.63291779940461,8.81045913304714,9.95850266306668,11.256256768402,11.4424892873959,13.2207905203424,14.354042979194,,,14.9630019969785,16.0198037320011,16.9360147373303,18.1558741678056
452.199999999933,0.26388984294519,1.18772148118218,2.73834947690702,4.54551332365047,4.9630159322454,6.05674476298626,6.81950165670055,7.64977334128746,8.80680813086468,9.95306388241553,11.3174770210202,11.4644165571908,13.2471406256113,14.3479044831415,,,14.9655611849869,16.0043684589408,16.9502444508145,18.1449571583511
452.799999999933,0.268156830107614,1.19759668584749,2.74421670796647,4.52009604743152,4.9666723212019,6.05712019864136,6.82378905896406,7.66662888317031,8.80297783562637,9.9470969280541,11.3786972736384,11.4863438269858,13.2734907308802,14.341765987089,,,14.9681203729953,15.9889331858806,16.9644741642987,18.1340401488965
453.399999999933,0.272423817270038,1.2074718905128,2.75008393902592,4.49467877121258,4.9703287101584,6.05749563429646,6.82807646122758,7.68348442505315,8.79897286231607,9.94084877427138,11.4399175262566,11.5082710967808,13.2998408361491,14.3356274910365,,,14.9706795610037,15.9734979128203,16.9787038777828,18.123123139442
453.999999999933,0.276690804432462,1.21734709517811,2.75595117008537,4.46926149499363,4.9739850991149,6.05787106995155,6.83236386349108,7.700339966936,8.79496788900576,9.93443122170216,11.5011377788748,11.5301983665758,13.3261909414181,14.329488994984,,,14.9732387490122,15.9580626397601,16.992933591267,18.1122061299875
454.599999999933,0.280957791594886,1.22722229984342,2.76181840114482,4.44384421877468,4.9776414880714,6.05824650560665,6.8366512657546,7.71719550881885,8.79096291569544,9.92801366913292,11.5623580314931,11.5521256363707,13.352541046687,14.3233504989315,,,14.9757979370206,15.9426273666998,17.0071633047512,18.1012891205329
455.199999999933,0.285224778757309,1.23709750450873,2.76768563220427,4.41842694255573,4.9812978770279,6.05862194126175,6.84093866801811,7.73405105070169,8.78699569125079,9.92085450237002,11.6235782841113,11.5740529061657,13.3788911519559,14.317212002879,,,14.978357125029,15.9271920936396,17.0213930182353,18.0903721110784
455.799999999933,0.289491765919734,1.24697270917404,2.77355286326371,4.39300966633678,4.9849542659844,6.05899737691684,6.84522607028162,7.75090659258453,8.78278740964274,9.9136718877576,11.6847985367295,11.5959801759607,13.4052412572248,14.3110735068265,,,14.9809163130374,15.9117568205793,17.0356227317195,18.0794551016238
456.399999999932,0.293758753082158,1.25684791383935,2.77942009432316,4.36759239011783,4.9886106549409,6.05937281257194,6.84951347254513,7.76776213446739,8.77863408470643,9.90623036650129,11.7460187893477,11.6179074457557,13.4315913624937,14.304935010774,,,14.9834755010459,15.8963215475191,17.0498524452036,18.0685380921693
456.999999999932,0.298025740244582,1.26672311850466,2.78528732538261,4.34217511389888,4.9922670438974,6.05974824822704,6.85380087480864,7.78461767635023,8.77483928993126,9.89965552965467,11.8072390419659,11.6398347155506,13.4579414677626,14.2987965147215,,,14.9860346890543,15.8808862744589,17.0640821586878,18.0576210827148
457.599999999932,0.302292727407005,1.27659832316997,2.79115455644206,4.31675783767994,4.9959234328539,6.06012368388213,6.85808827707215,7.80147321823307,8.77032926289215,9.893141629522,11.8684592945841,11.6617619853456,13.4842915730316,14.292658018669,,,14.9877978482683,15.8663373937829,17.078311872172,18.0467040732602
458.199999999932,0.306564381107677,1.28672368492393,2.79702178750151,4.29134056146099,4.9995798218104,6.05506591767172,6.86080358132033,7.83116862132741,8.76735484866836,9.8888847354417,11.9296795472023,11.6835085832631,13.5106416783005,14.2865195226165,,,14.9938606361489,15.8497737810297,17.0925415856561,18.0357870638057
458.799999999932,0.307215542604796,1.28968681351578,2.80288901856096,4.26592328524204,5.00201654746834,6.04608552332944,6.86514824911377,7.85214720693148,8.76721308420262,9.88265556483635,11.986562491586,11.705924539491,13.5369917835694,14.280381026564,,,14.9981559405972,15.8317191851654,17.1106310655743,18.0251576495284
459.399999999932,0.308558890362703,1.29044556595326,2.80875624962041,4.24050600902309,5.03419238664515,6.04495103792684,6.85132559644978,7.86440741709829,8.76715078437114,9.87749438850311,12.0065223588771,11.7156900508608,13.5808995470924,14.2987146017299,,,14.9981912922045,15.8182253352566,17.1011831072946,18.0011538748007
459.999999999932,0.301767529636875,1.28546395001548,2.79388960876683,4.21055998900361,5.05250129976317,6.02759887617517,6.81274711095405,7.87012463099283,8.76707497211675,9.87516449502862,11.9479100414351,11.7107937889324,13.5725608591406,14.288360449033,,,14.9987696142468,15.8204785797524,17.0957464198048,17.9917959527971
460.599999999932,0.295118109547238,1.27486004048001,2.77902296791091,4.18061396898362,5.07754961645388,6.00591365730032,6.77974621558506,7.85991910018737,8.76754176696091,9.87305840596403,11.8748954009674,11.6883445728499,13.5642221711829,14.2773516433428,,,15.0042795416429,15.8199203442181,17.0917038526478,17.9948725283465
461.199999999932,0.287223439951101,1.26109683526863,2.76415632705499,4.15066794896363,5.10464307308726,5.98412250347183,6.75210333260113,7.85100645450072,8.77005130935296,9.87230442226507,11.7980151379305,11.6702073907924,13.5558834832252,14.2663428376525,,,15.0031573082228,15.8256041909129,17.0876612854909,17.9979491038972
461.799999999932,0.279328770354822,1.24733363005689,2.74928968619906,4.12072192894364,5.13173652972087,5.96233134964333,6.72446044961778,7.84209380881422,8.77332255442108,9.87669580896676,11.7211348748932,11.6520702087354,13.5475447952675,14.2553340319622,,,15.0008722706767,15.8369395006311,17.0836187183341,18.001025679448
462.399999999932,0.271434100758543,1.23357042484515,2.73442304534314,4.09077590892364,5.15882998635448,5.94054019581483,6.69681756663445,7.83318116312773,8.77619642376898,9.88406967118681,11.644254611856,11.6339330266783,13.5392061073099,14.244325226272,,,14.9980156984974,15.8474301071003,17.0795761511772,18.0041022549988
462.999999999931,0.263539431162264,1.21980721963341,2.71955640448721,4.06082988890365,5.18592344298809,5.91874904198633,6.66917468365111,7.82426851744122,8.77983179238098,9.89259023238847,11.5673743488187,11.6157958446213,13.5308674193522,14.2333164205817,,,14.995159126318,15.8579207135694,17.0755335840203,18.0071788305495
463.599999999931,0.255644761565986,1.20604401442168,2.70468976363129,4.03088386888366,5.2130168996217,5.89695788815783,6.64153180066777,7.81535587175472,8.78360368514987,9.90144231043131,11.4904940857814,11.5976586625642,13.5225287313945,14.2223076148914,,,14.9923025541386,15.8684113200385,17.0714910168634,18.0102554061003
464.199999999931,0.247750091969707,1.19228080920994,2.68982312277536,4.00093784886367,5.24011035625531,5.87516673432934,6.61388891768443,7.80644322606822,8.7876783248088,9.9106617014496,11.4136138227441,11.5795214805072,13.5141900434368,14.2112988092012,,,14.9894459819592,15.8789019265075,17.0674484497066,18.0133319816511
464.799999999931,0.239855422373429,1.1785176039982,2.67495648191944,3.97099182884368,5.26720381288892,5.85337558050084,6.58624603470109,7.79753058038171,8.79175296446776,9.91988997657653,11.3367335597068,11.5613842984501,13.5058513554791,14.2002900035109,,,14.9865894097798,15.8893925329766,17.0634058825497,18.0164085572018
465.399999999931,0.23196075277715,1.16475439878646,2.66008984106351,3.94104580882369,5.29429726952253,5.83158442667234,6.55860315171776,7.78861793469521,8.79582760412672,9.92911825170347,11.2598532966696,11.5432471163931,13.4975126675214,14.1892811978206,,,14.9837328376004,15.8998831394457,17.0593633153929,18.0194851327526
465.999999999931,0.224066083180872,1.15099119357472,2.64522320020759,3.91109978880369,5.32139072615614,5.80979327284384,6.53096026873442,7.77970528900872,8.79986053310484,9.93882543854157,11.1829730336323,11.5251099343361,13.4891739795637,14.1782723921304,,,14.980876265421,15.9103737459148,17.055320748236,18.0225617083034
466.599999999931,0.216171413584593,1.13722798836298,2.63035655935166,3.8811537687837,5.34848418278975,5.78800211901534,6.50331738575107,7.77079264332221,8.80403788620505,9.94845894824508,11.106092770595,11.506972752279,13.480835291606,14.1672635864401,,,14.9780196932417,15.9208643523839,17.0512781810791,18.0256382838541
467.199999999931,0.208276743988314,1.12346478315125,2.61548991849574,3.85120774876371,5.37557763942336,5.76621096518684,6.47567450276774,7.76187999763571,8.80775570034864,9.95773863145542,11.0292125075577,11.488835570222,13.4724966036483,14.1562547807498,,,14.9751631210623,15.9313549588529,17.0472356139223,18.0287148594049
467.799999999931,0.200382074392036,1.10970157793951,2.60062327763982,3.82126172874372,5.40267109605697,5.74441981135834,6.4480316197844,7.75296735194921,8.81122462595208,9.96643993643468,10.9523322445204,11.4706983881649,13.4641579156906,14.1452459750596,,,14.9723065488829,15.941845565322,17.0431930467654,18.0317914349557
468.399999999931,0.192487404795758,1.09593837272777,2.58575663678389,3.79131570872373,5.42976455269059,5.72262865752984,6.42038873680106,7.74405470626271,8.81427368026679,9.97421822176623,10.8754519814832,11.4525612061079,13.4558192277329,14.1342371693693,,,14.9705694139489,15.9510100022338,17.0391504796085,18.0348680105064
468.999999999931,0.184544301436757,1.08124330856267,2.57088999592797,3.76136968870374,5.4568580093242,5.7066594355559,6.39351178012437,7.73670061950226,8.8171790756519,9.97813915098824,10.7985717184459,11.4350157516606,13.4474805397752,14.123228363679,,,14.9659192790207,15.9634609873112,17.0351079124516,18.0379445860572
469.59999999993,0.180288990998559,1.06902719247756,2.55602335507204,3.73142366868375,5.48771002056669,5.69690345289198,6.37551956114839,7.73081693481518,8.81952843432778,9.98048741103048,10.7158386644467,11.4124873870852,13.4391418518175,14.1122195579888,,,14.963401618417,15.9724608256151,17.0209649660596,18.0385464903015
470.19999999993,0.17663183694624,1.05967576823415,2.54115671421612,3.70147764866375,5.47663716538614,5.6842857194058,6.36818435565499,7.72967921302694,8.82254426164779,9.98240737965208,10.6509880743046,11.4144886091103,13.4243964856743,14.1300051989941,,,14.9617474151595,15.9850787968575,17.024518998576,18.057836658518
470.79999999993,0.18074860956971,1.05926532399143,2.54531309664219,3.71914226034494,5.44223391867771,5.69486700951645,6.38467435295214,7.7286742636636,8.82515829576152,9.98253498947484,10.6456226758452,11.4160628826023,13.4226278081058,14.194035927661,,,14.9614575299136,15.98008559118,17.0207412820933,18.0798981010763
471.39999999993,0.187831360741386,1.06974682869101,2.54946947907048,3.73680687203165,5.3947192844765,5.71086799595068,6.41615237413747,7.741524664543,8.82650363783983,9.98351617328658,10.6345934870491,11.4280473626204,13.4208591305389,14.2553763513665,,,14.9586080249002,15.9783196961754,16.9843044303754,18.0947999534793
471.99999999993,0.194600570189469,1.08447561539404,2.55362586149876,3.75447148371836,5.34694807736155,5.72270907049534,6.45594836254709,7.74468971041075,8.82562204820841,9.98190751633823,10.6287669919874,11.4372997028339,13.419090452972,14.3167167750717,,,14.9575587915399,15.9693653153939,16.9478675786536,18.1097018058815
472.59999999993,0.201369779637515,1.09920440209755,2.55778224392704,3.77213609540507,5.29917687024657,5.73455014503951,6.49574435095769,7.74785475627737,8.82240297043897,9.97792337297315,10.6229404969262,11.4465520430471,13.417321775405,14.3780571987769,,,14.953882554491,15.9572908006933,16.9114307269319,18.1246036582837
473.19999999993,0.20813898908556,1.11393318880107,2.56193862635533,3.78980070709178,5.25140566313159,5.74639121958368,6.53554033936828,7.75101980214399,8.8184562000751,9.96998906241865,10.6171140018651,11.4558043832603,13.4155530978381,14.4393976224821,,,14.9496562673191,15.9455263217529,16.8749938752102,18.1395055106859
473.79999999993,0.214908198533606,1.12866197550458,2.56609500878361,3.80746531877849,5.20363445601661,5.75823229412785,6.57533632777887,7.75418484801061,8.81424954351874,9.96057965634436,10.6112875068039,11.4650567234734,13.4137844202711,14.5007380461873,,,14.9454299801471,15.9337618428126,16.8385570234885,18.1544073630881
474.39999999993,0.221677407981652,1.1433907622081,2.57025139121189,3.8251299304652,5.15586324890164,5.77007336867203,6.61513231618947,7.75734989387723,8.81006345248102,9.95112553497123,10.6054610117428,11.4743090636866,13.4120157427042,14.5620784698925,,,14.9412036929752,15.9219973638723,16.8021201717668,18.1693092154903
474.99999999993,0.228446617429698,1.15811954891162,2.57440777364018,3.84279454215191,5.10809204178666,5.7819144432162,6.65492830460007,7.76051493974385,8.80551701480525,9.94156334934063,10.5996345166816,11.4835614038998,13.4102470651373,14.6234188935977,,,14.9369774058032,15.910232884932,16.765683320045,18.1842110678924
475.59999999993,0.235215826877744,1.17284833561513,2.57856415606846,3.86045915383863,5.06032083467168,5.79375551776037,6.69472429301066,7.76367998561047,8.80097057712944,9.93210538418225,10.5938080216205,11.492813744113,13.4084783875703,14.6847593173029,,,14.9327511186312,15.8984684059917,16.7292464683233,18.1991129202946
476.199999999929,0.24198503632579,1.18757712231865,2.58272053849674,3.87812376552534,5.01254962755671,5.80559659230454,6.73452028142125,7.76684503147709,8.79642413945363,9.92264741902388,10.5879815265593,11.5020660843262,13.4067097100034,14.7460997410081,,,14.9285248314593,15.8867039270513,16.6928096166016,18.2140147726968
476.799999999929,0.248754245773835,1.20230590902216,2.58687692092503,3.89578837721205,4.96477842044173,5.81743766684872,6.77431626983185,7.77001007734371,8.79186545408238,9.91326077609829,10.5821550314982,11.5113184245393,13.4049410324364,14.8074401647133,,,14.9242985442873,15.874939448111,16.6563727648798,18.228916625099
477.399999999929,0.255523455221881,1.21703469572568,2.59103330335331,3.91345298889876,4.91700721332675,5.82927874139289,6.81411225824244,7.77317512321033,8.78723381779312,9.90380568614169,10.576328536437,11.5205707647525,13.4031723548695,14.8687805884185,,,14.9200722571153,15.8631749691707,16.6199359131581,18.2438184775012
477.999999999929,0.262292664669928,1.2317634824292,2.5951896857816,3.93111760058547,4.86923600621177,5.84111981593706,6.85390824665303,7.77634016907695,8.78288690582849,9.89503221870587,10.5705020413759,11.5298231049657,13.4014036773026,14.9301210121237,,,14.9158459699434,15.8514104902304,16.5834990614364,18.2587203299034
478.599999999929,0.269061874117973,1.24649226913271,2.59934606820988,3.94878221227218,4.8214647990968,5.85296089048124,6.89370423506363,7.77950521494357,8.77841992081697,9.88683162213795,10.5646755463147,11.5390754451789,13.3996349997356,14.9914614358289,,,14.9116196827714,15.8396460112901,16.5470622097147,18.2736221823056
479.199999999929,0.275831083566019,1.26122105583623,2.60350245063816,3.96644682395889,4.77369359198182,5.86480196502541,6.93350022347422,7.78267026081019,8.77528793522067,9.88227618507316,10.5588490512536,11.548327785392,13.3978663221687,15.0528018595341,,,14.9070330340302,15.8293695275438,16.5106253579929,18.2885240347077
479.799999999929,0.282623738756597,1.27723172299065,2.60765883306645,3.9841114356456,4.72592238486684,5.87396721805308,6.971234921531,7.78310018165798,8.77287358943075,9.88303252742446,10.5530225561924,11.5585968437187,13.3960976446018,15.1141422832393,,,14.9085447775828,15.8198745779641,16.4741885062712,18.3034258871099
480.399999999929,0.288309383431428,1.29539437444716,2.61181521549473,4.00177604733232,4.67300396691414,5.87673853292772,6.99781731092244,7.78123609301603,8.77096005551763,9.88910588213617,10.5566281415049,11.5720744777879,13.3943289670348,15.1754827069445,,,14.9058441204185,15.8148714340603,16.4509714939627,18.3163122403571
480.999999999929,0.294722036496586,1.31466407030601,2.61597159792301,4.01944065901903,4.64544258047774,5.87857628304588,7.019187781494,7.77698591776103,8.7684362913132,9.89774031021027,10.5698562286149,11.5683907566727,13.3909753352982,15.1883859316133,,,14.9039154633237,15.8070036528142,16.4344766815797,18.3201832135985
481.599999999929,0.295505597542265,1.32911031668961,2.66444374533308,4.05961391967689,4.65197014942154,5.87187629558559,7.03050385961661,7.78014475478367,8.76669631506262,9.90955800943933,10.5772212476344,11.5775019885617,13.3552124549249,15.1753257841265,,,14.9019352752765,15.8160598455115,16.4405533152797,18.3172438304036
482.199999999929,0.293366941663751,1.334698975046,2.71291589274842,4.09978718033743,4.67273586098949,5.8650043676227,7.02480850616417,7.77572266115947,8.76784596873232,9.92257126869466,10.6116736132727,11.5837141064726,13.3194495745479,15.1663491966602,,,14.9008687423272,15.8280187280837,16.4868160436868,18.3225169074814
482.799999999928,0.290461814644166,1.33624108830982,2.76138804016376,4.13996044099797,4.68630057633564,5.85995225049793,7.0115434512305,7.77829825993679,8.77006411055103,9.93768477044409,10.6508241457833,11.5896491072362,13.2836866941708,15.1573726091945,,,14.9005191657102,15.8427447974849,16.5330787720987,18.3277899845603
483.399999999928,0.287556687624489,1.33778320157315,2.8098601875791,4.18013370165851,4.69986529168094,5.85490013337337,6.99827839629592,7.78087385871495,8.775516768368,9.95273801934907,10.6899746782944,11.5955841079998,13.2479238137937,15.1483960217288,,,14.8998364269485,15.8544854471689,16.5793415005105,18.3330630616391
483.999999999928,0.284651560604812,1.33932531483649,2.85833233499444,4.22030696231905,4.71343000702624,5.84984801624881,6.98501334136135,7.78344945749311,8.78307977193814,9.97077541560214,10.7291252108056,11.6015191087634,13.2121609334167,15.1394194342631,,,14.9008054044883,15.8671183200018,16.6256042289224,18.3383361387179
484.599999999928,0.281746433585136,1.34086742809983,2.90680448240978,4.26048022297959,4.72699472237154,5.84479589912425,6.97174828642677,7.78602505627126,8.79049498647744,9.99039486746347,10.7682757433168,11.607454109527,13.1763980530396,15.1304428467973,,,14.9017743820283,15.8797511928348,16.6718669573343,18.3436092157968
485.199999999928,0.278841306565459,1.34240954136316,2.95527662982512,4.30065348364013,4.74055943771684,5.8397437819997,6.9584832314922,7.78860065504942,8.7976839594641,10.0099672875352,10.8074262758279,11.6133891102906,13.1406351726625,15.1214662593316,,,14.9027433595682,15.8923840656677,16.7181296857462,18.3488822928756
485.799999999928,0.275936179545783,1.3439516546265,3.00374877724046,4.34082674430067,4.75412415306214,5.83469166487514,6.94521817655762,7.79117625382758,8.80497365213906,10.0294811079633,10.8465768083391,11.6193241110542,13.1048722922854,15.1124896718659,,,14.9037123371082,15.9050169385007,16.7643924141581,18.3541553699544
486.399999999928,0.273031052526105,1.34549376788984,3.0522209246558,4.38100000496121,4.76768886840743,5.82963954775058,6.93195312162304,7.79375185260574,8.81226334481403,10.0489246775465,10.8857273408503,11.6252591118178,13.0691094119084,15.1035130844001,,,14.9046813146482,15.9176498113337,16.81065514257,18.3594284470333
486.999999999928,0.270125925506429,1.34703588115317,3.10069307207114,4.42117326562175,4.78125358375273,5.82458743062603,6.91868806668847,7.79632745138389,8.81955303748901,10.0683682471297,10.9248778733614,11.6311941125814,13.0333465315313,15.0945364969344,,,14.9056502921881,15.9302826841666,16.8569178709818,18.3647015241121
487.599999999928,0.267220798486752,1.34857799441651,3.14916521948648,4.46134652628229,4.79481829909803,5.81953531350147,6.90542301175389,7.79890305016205,8.82690184914227,10.0878206220496,10.9640284058726,11.637129113345,12.9975836511542,15.0855599094687,,,14.9066192697281,15.9429155569996,16.9031805993937,18.3699746011909
488.199999999928,0.264315671467076,1.35012010767985,3.19763736690182,4.50151978694283,4.80838301444333,5.81448319637691,6.89215795681932,7.80147864894021,8.83419310237123,10.1075041169782,11.0031789383838,11.6430641141086,12.9618207707772,15.0765833220029,,,14.9075882472681,15.9555484298326,16.9494433278056,18.3752476782698
488.799999999928,0.261410544447399,1.35166222094318,3.24610951431715,4.54169304760337,4.82194772978863,5.80943107925235,6.87889290188474,7.80405424771837,8.84132173971244,10.1265188822453,11.042329470895,11.6489991148722,12.9260578904001,15.0676067345372,,,14.908557224808,15.9681813026656,16.9957060562175,18.3805207553486
489.399999999927,0.258505417427723,1.35320433420652,3.29458166173249,4.58186630826391,4.83551244513393,5.8043789621278,6.86562784695016,7.80662984649653,8.84835147988452,10.1442778153784,11.0814800034061,11.6549341156358,12.890295010023,15.0586301470715,,,14.909526202348,15.9808141754985,17.0419687846294,18.3857938324274
489.999999999927,0.255600290408046,1.35474644746986,3.34305380914783,4.62203956892445,4.84907716047923,5.79932684500324,6.85236279201559,7.80920544527469,8.85513082647401,10.1569489769277,11.1206305359173,11.6608691163994,12.854532129646,15.0496535596058,,,14.9129550746562,15.9928760252441,17.0882315130413,18.3910669095062
490.599999999927,0.252714268560137,1.35533498331661,3.39152595656317,4.66221282958499,4.86264187582452,5.79339289497718,6.83931491933577,7.81177479032168,8.85962327753934,10.164798710066,11.1597810684285,11.6636032686228,12.8187692492689,15.04067697214,,,14.9085813914722,16.0030288193082,17.1344942414532,18.3963399865851
491.199999999927,0.248597703973209,1.35070741447494,3.43999810397851,4.70238609024553,4.88005625057444,5.79495388659923,6.83568788167001,7.81599656989582,8.86289238320065,10.1695463079234,11.2011264347795,11.6665562450363,12.7830063688918,15.0317003846743,,,14.9075904030339,16.0120631439835,17.170685652607,18.4033718145062
491.799999999927,0.242466294657859,1.34283142626813,3.48847025139385,4.74255935090607,4.88934746855592,5.80904854213459,6.84093629298148,7.82105436122539,8.86658255213314,10.1719663464448,11.2363185109299,11.6657704085136,12.7451799481317,15.0187899229427,,,14.9073848016713,16.0205981489818,17.207073137844,18.4166590849524
492.399999999927,0.238348357455191,1.33367726633637,3.45426772249399,4.72415433440875,4.88866754286138,5.80945254439983,6.8518475495174,7.81800939499526,8.86972678556837,10.1718587459501,11.2653195813387,11.658110225528,12.7757061723834,14.9858411261063,,,14.904075923775,16.013332246315,17.2332586403459,18.4316421466135
492.999999999927,0.236544515142981,1.33080435121775,3.42006519358408,4.70574931790429,4.87787334799362,5.81256757140298,6.87425434017401,7.82052248563965,8.86927291509539,10.1683599047398,11.2705315742104,11.6582774556618,12.8062323966433,14.949198844889,,,14.8976441963216,15.999451522347,17.2404536978046,18.4304181182555
493.599999999927,0.236489066810044,1.33063839043171,3.38586266467416,4.68734430139984,4.87431974610113,5.81780170188366,6.88784302744506,7.81837831443679,8.86695096756176,10.1616908616532,11.2674186732417,11.6604144753431,12.8367586209032,14.9125565636712,,,14.8927537421799,15.98481666475,17.247648755261,18.4291940898955
494.199999999927,0.23643361847732,1.33047242964601,3.35166013576425,4.66893928489539,4.87076614420953,5.8230358323646,6.90143171471504,7.81623414323335,8.8629541382236,10.1539046388365,11.264305772272,11.6625514950247,12.8672848451632,14.8759142824534,,,14.8908366115673,15.977453007248,17.2548438127174,18.4279700615355
494.799999999927,0.236378170144596,1.3303064688603,3.31745760685433,4.65053426839093,4.86721254231792,5.82826996284554,6.91502040198501,7.81408997202992,8.85690769109006,10.144260501848,11.2611928713023,11.6646885147064,12.8978110694231,14.8392720012357,,,14.8878718952764,15.9694692723583,17.2620388701738,18.4267460331755
495.399999999927,0.236322721811871,1.33014050807459,3.28325507794441,4.63212925188648,4.86365894042632,5.83350409332649,6.92860908925499,7.81194580082649,8.85100105471182,10.1333036418021,11.2580799703326,11.666825534388,12.9283372936831,14.8026297200179,,,14.8849071789853,15.9614855374684,17.2692339276302,18.4255220048155
495.999999999926,0.236267273479147,1.32997454728888,3.2490525490345,4.61372423538203,4.86010533853471,5.83873822380743,6.94219777652496,7.80980162962305,8.8451516201102,10.1220744328719,11.2549670693628,11.6689625540696,12.958863517943,14.7659874388001,,,14.8819424626942,15.9535018025786,17.2764289850865,18.4242979764555
496.599999999926,0.236211825146423,1.32980858650317,3.21485002012458,4.59531921887757,4.85655173664311,5.84397235428837,6.95578646379494,7.80765745841962,8.83940425202876,10.1106659251882,11.2518541683931,11.6710995737512,12.9893897422029,14.7293451575824,,,14.8789777464032,15.9455180676888,17.2836240425429,18.4230739480955
497.199999999926,0.236156376813698,1.32964262571746,3.18064749121467,4.57691420237312,4.8529981347515,5.84920648476931,6.96937515106492,7.80551328721619,8.83365688394733,10.0992440068216,11.2487412674234,11.6732365934328,13.0199159664629,14.6927028763646,,,14.8760130301121,15.9375343327989,17.2908190999993,18.4218499197355
497.799999999926,0.236100928480974,1.32947666493175,3.14644496230475,4.55850918586866,4.8494445328599,5.85444061525025,6.98296383833489,7.80336911601276,8.8279095158659,10.087822088455,11.2456283664537,11.6753736131144,13.0504421907228,14.6560605951468,,,14.8730483138211,15.9295505979091,17.2980141574557,18.4206258913755
498.399999999926,0.23604548014825,1.32931070414605,3.11224243339484,4.54010416936421,4.84589093096829,5.85967474573119,6.99655252560487,7.80122494480932,8.82211617014304,10.0762685796196,11.2425154654839,11.677510632796,13.0809684149828,14.619418313929,,,14.87008359753,15.9215668630193,17.3052092149121,18.4194018630156
498.999999999926,0.235990031815526,1.32914474336034,3.07803990448492,4.52169915285976,4.84233732907669,5.86490887621214,7.01014121287484,7.79908077360589,8.8165510658356,10.0646899901645,11.2394025645142,11.6796476524776,13.1114946392427,14.5827760327112,,,14.867118881239,15.9135831281294,17.3124042723684,18.4181778346556
499.599999999926,0.235934583482801,1.32897878257463,3.043837375575,4.5032941363553,4.83878372718508,5.87014300669308,7.02372990014482,7.79693660240246,8.81135833449516,10.0536636714222,11.2362896635445,11.6817846721593,13.1420208635026,14.5461337514935,,,14.8641541649479,15.9055993932396,17.3195993298248,18.4169538062956
500.199999999926,0.235879135150077,1.32881282178892,3.00963484666509,4.48488911985085,4.83523012529348,5.87537713717402,7.0373185874148,7.79479243119903,8.80665972195247,10.0444308458935,11.2331767625748,11.6839216918409,13.1725470877626,14.5094914702757,,,14.8611894486569,15.8976156583498,17.3267943872812,18.4157297779356
500.799999999926,0.235823686817353,1.32864686100321,2.97543231775517,4.4664841033464,4.83167652340188,5.88061126765496,7.05090727468477,7.79264825999559,8.80066963059372,10.0382209967147,11.2300638616051,11.6860587115225,13.2030733120225,14.4728491890579,,,14.8544791044445,15.8907540922209,17.3339894447376,18.4145057495756
501.399999999926,0.235730676728937,1.32964131327063,2.94122978884526,4.44807908684194,4.82812292151027,5.88824977519644,7.06420577419718,7.79094541593692,8.79574440173062,10.0323361641842,11.2269509606353,11.6898236139221,13.2335995362825,14.4362069078402,,,14.8558504206278,15.8832342685892,17.341184502194,18.4132817212156
501.999999999926,0.237027333116248,1.33661484985187,2.90702725993534,4.42967407033749,4.82190640448281,5.88909523312367,7.0777231250575,7.79228283175611,8.79064399245927,10.0244381698099,11.2179103975577,11.6912113501932,13.2641257605424,14.3995646266224,,,14.8570362556934,15.8740641377737,17.3499500113165,18.413223278821
502.599999999925,0.238068858232186,1.34424013859588,2.87282473102543,4.41126905383303,4.83621540373924,5.87674573696461,7.07584894309694,7.78615360503866,8.78552394703189,10.0166542119026,11.2154805969366,11.6989488248709,13.2980258278578,14.3837750500918,,,14.8564414588642,15.8685376713848,17.3268725625561,18.412572376154
503.199999999925,0.239708623720059,1.35330273247759,2.89671710085663,4.41982314516144,4.84615231727892,5.88059968930916,7.0606714442065,7.77949645663063,8.78007308787434,10.0068378894421,11.2269066252369,11.702321378272,13.279033253882,14.3645151263172,,,14.8586641626578,15.8702933552537,17.3022224453089,18.4151091686296
503.799999999925,0.237824807834989,1.35406338088052,2.92060947069506,4.42837723649319,4.86083044378101,5.87855222319446,7.04030483674045,7.76843027594678,8.77673492644617,9.99560243257154,11.2507301529537,11.6874873471038,13.2600406798995,14.3466701055707,,,14.863975530604,15.8751189161633,17.2902471279443,18.4315583268832
504.399999999925,0.234965975903248,1.35217879531969,2.94450184053349,4.43693132782495,4.87369833402158,5.87696137195331,7.02849279191429,7.76391789912816,8.77542811416649,9.98545618423206,11.274670316036,11.6702618887759,13.2410481059171,14.3288250848243,,,14.8645854963204,15.8796963340208,17.2782718105814,18.4480074851385
504.999999999925,0.232107143971385,1.35029420975852,2.96839421037192,4.4454854191567,4.88656622426193,5.87537052071223,7.01668074708919,7.75940552231037,8.77522164551871,9.97675016558958,11.2986104791182,11.6530364304476,13.2220555319347,14.3109800640779,,,14.8665556073267,15.881016099432,17.2662964932185,18.4644566433937
505.599999999925,0.229248312039521,1.34840962419735,2.99228658021035,4.45403951048846,4.89943411450227,5.87377966947114,7.00486870226409,7.75489314549258,8.77491940375551,9.96911371617324,11.3225506422004,11.6358109721194,13.2030629579523,14.2931350433315,,,14.8679312559843,15.882349839971,17.2543211758555,18.480905801649
506.199999999925,0.226389480107659,1.34652503863619,3.01617895004878,4.46259360182022,4.91230200474262,5.87218881823005,6.993056657439,7.75038076867478,8.77453252779364,9.96198769999359,11.3464908052827,11.6185855137912,13.1840703839699,14.2752900225851,,,14.8693069046419,15.8836835805101,17.2423458584926,18.4973549599043
506.799999999925,0.223530648175796,1.34464045307502,3.04007131988721,4.47114769315197,4.92516989498296,5.87059796698896,6.98124461261391,7.74586839185699,8.77429041173865,9.95566830124714,11.3704309683649,11.601360055463,13.1650778099875,14.2574450018387,,,14.8706825532995,15.8850173210491,17.2303705411296,18.5138041181596
507.399999999925,0.220671816243932,1.34275586751385,3.06396368972564,4.47970178448373,4.93803778522331,5.86900711574787,6.96943256778881,7.7413560150392,8.77414331078624,9.94976452312175,11.3943711314471,11.5841345971348,13.146085236005,14.2395999810923,,,14.8720582019571,15.8863510615882,17.2183952237667,18.5302532764149
507.999999999925,0.217812984312069,1.34087128195269,3.08785605956407,4.48825587581548,4.95090567546366,5.86741626450678,6.95762052296372,7.73684363822141,8.77399620983384,9.94377729653803,11.4183112945294,11.5669091388066,13.1270926620226,14.2217549603459,,,14.8734338506147,15.8876848021272,17.2064199064037,18.5467024346701
508.599999999925,0.214954152380206,1.33898669639152,3.1117484294025,4.49680996714724,4.963773565704,5.86582541326569,6.94580847813862,7.73233126140361,8.77384910888144,9.93779006995431,11.4422514576116,11.5496836804784,13.1081000880402,14.2039099395995,,,14.8748094992723,15.8890185426663,17.1944445890408,18.5631515929254
509.199999999924,0.212095320448342,1.33710211083035,3.13564079924093,4.50536405847899,4.97664145594435,5.86423456202461,6.93399643331353,7.72781888458582,8.77374679284623,9.93204789177974,11.4661916206939,11.5324582221502,13.0891075140578,14.1860649188531,,,14.8761851479299,15.8903522832053,17.1824692716778,18.5796007511807
509.799999999924,0.209236488516479,1.33521752526919,3.15953316907936,4.51391814981075,4.98950934618469,5.86264371078352,6.92218438848843,7.72330650776802,8.77350745042473,9.9260571937742,11.4901317837761,11.515232763822,13.0701149400754,14.1682198981067,,,14.8775607965875,15.8916860237444,17.1704939543149,18.596049909436
510.399999999924,0.206377656584617,1.33333293970802,3.18342553891779,4.5224722411425,5.00237723642504,5.86105285954243,6.91037234366334,7.71879413095022,8.7728093178526,9.9196557586506,11.5140719468583,11.4980073054938,13.051122366093,14.1503748773603,,,14.8789364452451,15.8930197642835,17.1585186369519,18.6124990676913
510.999999999924,0.203518824652754,1.33144835414685,3.20731790875622,4.53102633247426,5.01524512666538,5.85946200830134,6.89856029883824,7.71428175413243,8.77158080469353,9.91145876308049,11.5380121099406,11.4807818471656,13.0321297921106,14.1325298566139,,,14.8803120939027,15.8943535048225,17.146543319589,18.6289482259465
511.599999999924,0.20065999272089,1.32956376858569,3.23121027859465,4.53958042380602,5.02811301690573,5.85787115706025,6.88674825401314,7.70976937731464,8.77221382884042,9.90169200380938,11.5619522730228,11.4635563888373,13.0131372181281,14.1146848358675,,,14.8837512635406,15.892653522176,17.134568002226,18.6453973842018
512.199999999924,0.197812214098672,1.32613139773632,3.25510264843308,4.54813451513777,5.04098090714608,5.85367552448749,6.87744839140543,7.69916242808313,8.77309327339982,9.893901092072,11.585892436105,11.4486707518849,12.9941446441457,14.0968398151211,,,14.8822284241396,15.8913433318696,17.1225926848631,18.6618465424571
512.799999999924,0.194962767022495,1.31891758610951,3.27899501827151,4.55668860646953,5.05782626476482,5.8544248813365,6.84774675193836,7.68306871641032,8.77443074096176,9.88811263011182,11.5986064822195,11.4372694169944,12.9751520701633,14.0789947943747,,,14.8805496885694,15.8934850121104,17.1134859091482,18.67711130119
513.399999999924,0.19460187429562,1.31032206533113,3.30288738810994,4.56524269780128,5.05963437240464,5.86671708648737,6.82769013470533,7.67285363050055,8.77549580336877,9.88258896679223,11.592430734068,11.4305433113241,12.9498452611996,14.0203138661373,,,14.8790251465031,15.8891431108004,17.1317495033265,18.6806952725438
513.999999999924,0.194435433280823,1.3023557412717,3.25689602259062,4.55592593647447,5.04817680498781,5.87580771809257,6.81657125846021,7.66648930066698,8.77696256114183,9.88077253272245,11.5474933274734,11.4273008540961,12.9207519503869,14.0167656717922,,,14.8757719419173,15.8872486445863,17.1221565739317,18.6622875697698
514.599999999924,0.197308522226421,1.30285925640173,3.21090465706242,4.54660917514539,5.03677172392466,5.886218579694,6.8153923707137,7.65781047393134,8.77704376911286,9.88045294163143,11.493682669675,11.444138332786,12.8916586395738,14.0111917442531,,,14.868915220673,15.883572229364,17.0921947844326,18.6338411802848
515.199999999924,0.201278304698762,1.30678128200905,3.16491329153422,4.5372924138163,5.02461055052305,5.8979926199394,6.81660312560215,7.6519687689056,8.7757490791368,9.88161756230029,11.4387883384342,11.462003673178,12.8625653287606,14.0056178167137,,,14.8688434752214,15.881440711261,17.0622329949309,18.6053947907986
515.799999999923,0.205248087171242,1.3107033076168,3.11892192600602,4.52797565248722,5.01244937712135,5.90976666018498,6.81781388049089,7.64612706388023,8.77345791706445,9.88270178581184,11.3838940071931,11.4798690135701,12.8334720179475,14.0000438891743,,,14.8657933032965,15.8782498775917,17.0322712054292,18.5769484013124
516.399999999923,0.209217869643722,1.31462533322456,3.07293056047782,4.51865889115813,5.00028820371965,5.92154070043056,6.81902463537964,7.64028535885486,8.77236411734676,9.88508128858321,11.3289996759521,11.4977343539622,12.8043787071344,13.9944699616349,,,14.8638793264018,15.8746752031934,17.0023094159274,18.5485020118261
516.999999999923,0.213187652116203,1.31854735883231,3.02693919494962,4.50934212982905,4.98812703031795,5.93331474067614,6.82023539026839,7.63444365382949,8.77124668092827,9.8875745669031,11.2741053447111,11.5155996943543,12.7752853963213,13.9888960340955,,,14.8619653495073,15.8711005287951,16.9723476264257,18.5200556223399
517.599999999923,0.217157434588683,1.32246938444007,2.98094782942142,4.50002536849996,4.97596585691624,5.94508878092172,6.82144614515714,7.62860194880412,8.77014734639778,9.88916407070858,11.21921101347,11.5334650347464,12.7461920855081,13.9833221065561,,,14.8600513726127,15.8675258543967,16.942385836924,18.4916092328537
518.199999999923,0.221127217061163,1.32639141004782,2.93495646389322,4.49070860717088,4.96380468351454,5.9568628211673,6.82265690004589,7.62276024377875,8.7688420616527,9.89056596484177,11.164316682229,11.5513303751385,12.717098774695,13.9777481790167,,,14.8581373957182,15.8639511799984,16.9124240474223,18.4631628433675
518.799999999923,0.225096999533644,1.33031343565557,2.88896509836502,4.48139184584179,4.95164351011284,5.96863686141288,6.82386765493464,7.61691853875337,8.76753677690759,9.8921563846743,11.109422350988,11.5691957155307,12.6880054638819,13.9721742514773,,,14.8562234188236,15.8603765056001,16.8824622579206,18.4347164538812
519.399999999923,0.229066782006124,1.33423546126333,2.84297373283682,4.47207508451271,4.93948233671114,5.98041090165846,6.82507840982339,7.611076833728,8.76623149216249,9.89374680450686,11.054528019747,11.5870610559228,12.6589121530687,13.9666003239379,,,14.854309441929,15.8568018312018,16.8525004684188,18.406270064395
519.999999999923,0.233036564478604,1.33815748687108,2.79698236730862,4.46275832318362,4.92732116330943,5.99218494190404,6.82628916471214,7.60523512870263,8.76488218647262,9.89486511583079,10.9996336885059,11.6049263963149,12.6298188422556,13.9610263963985,,,14.8523954650345,15.8532271568035,16.8225386789171,18.3778236749088
520.599999999923,0.237006346951084,1.34207951247884,2.75099100178042,4.45344156185454,4.91515998990773,6.00395898214962,6.82749991960089,7.59939342367726,8.76356357377459,9.89612647795563,10.9447393572649,11.622791736707,12.6007255314425,13.9554524688591,,,14.8504814881399,15.8496524824051,16.7925768894154,18.3493772854225
521.199999999923,0.240976129423565,1.34600153808659,2.70499963625222,4.44412480052545,4.90299881650603,6.0157330223952,6.82871067448964,7.59355171865189,8.76241881626601,9.89745323665293,10.8898450260239,11.6406570770991,12.5716322206293,13.9498785413197,,,14.8485675112454,15.8460778080068,16.7626150999137,18.3209308959363
521.799999999923,0.244945911896045,1.34992356369434,2.65900827072402,4.43480803919637,4.89083764310433,6.02750706264078,6.82992142937838,7.58771001362652,8.76184235211112,9.90018015887227,10.8349506947829,11.6585224174912,12.5425389098162,13.9443046137803,,,14.8466535343508,15.8425031336085,16.732653310412,18.2924845064501
522.399999999922,0.248915694368526,1.3538455893021,2.61301690519582,4.42549127786728,4.87867646970263,6.03928110288636,6.83113218426713,7.58186830860115,8.75922564228069,9.90493707578356,10.7800563635418,11.6763877578833,12.5134455990031,13.938730686241,,,14.8445485556412,15.8425385202934,16.7026915209103,18.2640381169639
522.999999999922,0.252953459077919,1.35853764447842,2.56702553966762,4.4161745165382,4.86651529630092,6.05095764670551,6.83015152137446,7.58560256765834,8.75685964150831,9.91020324337105,10.7251620323008,11.6934715642361,12.4843522881899,13.9331567587016,,,14.8451089758063,15.8419562501632,16.6727297314085,18.2355917274776
523.599999999922,0.254983024341307,1.36502074653723,2.52103417413942,4.40685775520911,4.84994887151603,6.06262088940941,6.8585602921364,7.59680707073466,8.75711923003472,9.91916243659561,10.6864088764445,11.7134929732621,12.4552589773768,13.9275828311622,,,14.8444610674038,15.8395384595761,16.6434774641292,18.2087460827742
524.199999999922,0.255538986226086,1.37201027691216,2.47504280861122,4.39754099388003,4.83247492763483,6.06920009181534,6.89165499716991,7.61128009316004,8.75737455128275,9.92716266722277,10.6768073659102,11.7282146746645,12.4407600019039,13.9833791502045,,,14.8448392118564,15.8398594920051,16.5920671856672,18.1808158582726
524.799999999922,0.253350444974787,1.37561736091523,2.47407451121889,4.37627101277784,4.83616323654193,6.07655568195098,6.92273971565598,7.6245413384717,8.75765919712006,9.93313222751463,10.6865162550518,11.7353431116654,12.5002639788549,14.0164940868209,,,14.8467346148145,15.8392879406726,16.5841870758805,18.1694344828447
525.399999999922,0.250589657954462,1.37039419536148,2.47310621383241,4.3550010316741,4.83674476371266,6.0865655831934,6.92276328078992,7.64073441031693,8.75892825213928,9.94296282562188,10.7070565914129,11.7309564810511,12.5597679558156,14.0533633866894,,,14.8522198463986,15.8432305221632,16.5909436424522,18.1636206738707
525.999999999922,0.245988460753804,1.36180922130626,2.47213791644593,4.33373105057037,4.83900680962577,6.09284821929786,6.9178843637625,7.64877901691694,8.76304542483648,9.95416632571732,10.7357652893112,11.7239257161258,12.6192719327762,14.0902326865584,,,14.8518227979152,15.848672582428,16.5977002090258,18.1578068648974
526.599999999922,0.241387263552907,1.35322424725061,2.47116961905945,4.31246106946663,4.84126885553909,6.09913085540184,6.91300544673444,7.65682362351588,8.76734430761184,9.9661722053542,10.7644739872104,11.7168949512002,12.6787759097368,14.1271019864274,,,14.8549554471723,15.8583139097837,16.6044567755993,18.1519930559241
527.199999999922,0.236786066352009,1.34463927319495,2.47020132167297,4.2911910883629,4.84353090145241,6.10541349150582,6.90812652970638,7.66486823011483,8.77092379764129,9.97527956485231,10.7931826851097,11.7098641862746,12.7382798866974,14.1639712862963,,,14.856618322787,15.8683728820959,16.6112133421729,18.1461792469508
527.799999999922,0.232184869151112,1.33605429913929,2.46923302428649,4.26992110725916,4.84579294736573,6.1116961276098,6.90324761267832,7.67291283671378,8.77448044802757,9.98423785691832,10.821891383009,11.702833421349,12.797783863658,14.2008405861653,,,14.8582811984015,15.8784318544082,16.6179699087465,18.1403654379775
528.399999999922,0.227583671950214,1.32746932508364,2.46826472690001,4.24865112615542,4.84805499327905,6.11797876371378,6.89836869565027,7.68095744331272,8.77792733101856,9.99370922118961,10.8506000809082,11.6958026564234,12.8572878406187,14.2377098860343,,,14.859944074016,15.8884908267204,16.6247264753201,18.1345516290041
528.999999999921,0.222982474749317,1.31888435102798,2.46729642951353,4.22738114505169,4.85031703919238,6.12426139981776,6.8934897786222,7.68900204991167,8.7814978898586,10.002998103177,10.8793087788075,11.6887718914978,12.9167918175793,14.2745791859033,,,14.8616069496306,15.8985497990327,16.6314830418937,18.1287378200308
529.599999999921,0.21838127754842,1.31029937697233,2.46632813212705,4.20611116394795,4.8525790851057,6.13054403592174,6.88861086159415,7.69704665651061,8.78506844869865,10.0122348524796,10.9080174767068,11.6817411265722,12.9762957945399,14.3114484857722,,,14.8632698252451,15.9086087713449,16.6382396084672,18.1229240110575
530.199999999921,0.213780080347522,1.30171440291667,2.46535983474057,4.18484118284422,4.85484113101902,6.13682667202572,6.88373194456609,7.70509126310956,8.7886390075387,10.0214716017822,10.936726174606,11.6747103616466,13.0357997715005,14.3483177856412,,,14.8649327008596,15.9186677436572,16.6449961750408,18.1171102020842
530.799999999921,0.209178883146625,1.29312942886101,2.46439153735409,4.16357120174048,4.85710317693234,6.1431093081297,6.87885302753803,7.71313586970851,8.79224370130904,10.0310943583499,10.9654348725053,11.667679596721,13.0953037484612,14.3851870855102,,,14.8665955764741,15.9287267159694,16.6517527416144,18.1112963931109
531.399999999921,0.204577685945727,1.28454445480536,2.46342323996762,4.14230122063674,4.85936522284567,6.14939194423368,6.87397411050997,7.72118047630745,8.7957334080582,10.0407704790955,10.9941435704046,11.6606488317954,13.1548077254218,14.4220563853792,,,14.8682584520887,15.9387856882817,16.658509308188,18.1054825841376
531.999999999921,0.19997648874483,1.2759594807497,2.46245494258114,4.12103123953301,4.86162726875899,6.15567458033766,6.86909519348192,7.7292250829064,8.79935029482429,10.050325517504,11.0228522683038,11.6536180668698,13.2143117023824,14.4589256852481,,,14.8699213277032,15.9488446605939,16.6652658747616,18.0996687751643
532.599999999921,0.195375291543932,1.26737450669404,2.46148664519466,4.09976125842927,4.86388931467231,6.16195721644164,6.86421627645386,7.73726968950535,8.80248040231874,10.0598947542535,11.0515609662031,11.6465873019442,13.273815679343,14.4957949851171,,,14.8715842033177,15.9589036329061,16.6720224413352,18.093854966191
533.199999999921,0.190774094343035,1.25878953263839,2.46051834780818,4.07849127732553,4.86615136058563,6.16823985254562,6.8593373594258,7.74531429610429,8.80663803128985,10.0674481699398,11.0802696641024,11.6395565370186,13.3333196563036,14.5326642849861,,,14.8707156696401,15.9676071074755,16.6787790079087,18.0880411572177
533.799999999921,0.186002896110306,1.24933927900768,2.4595500504217,4.0572212962218,4.86841340649895,6.17578665393083,6.85696238136233,7.75233488392961,8.8101090524674,10.0762954756924,11.1089783620016,11.631052211022,13.3928236332643,14.5695335848551,,,14.8633449336491,15.9812692072056,16.6855355744823,18.0822273482443
534.399999999921,0.182591054799407,1.23641189466862,2.45858175303522,4.03595131511806,4.87468910512005,6.17840165021852,6.84797529447746,7.75163351655067,8.81130956473068,10.0819016666592,11.1353672800858,11.6183040019853,13.4523276102249,14.606402884724,,,14.8599566550562,15.9965760993414,16.6964460388149,18.0743985413596
534.999999999921,0.178885325998451,1.22363694631531,2.45761345564874,4.01468133401433,4.89429758896723,6.17865603742495,6.83098802939949,7.74598356908977,8.81278297760397,10.0908826633971,11.1336829247492,11.611930799577,13.4943296797257,14.6267599373883,,,14.8568500035425,16.0112309017248,16.7379867923398,18.0739388431262
535.59999999992,0.177149753974435,1.21232551521486,2.53037021911178,4.06098451410443,4.90931763226862,6.16724994038078,6.81786732173048,7.74399439195815,8.81426137117155,10.0997909607108,11.1632741937577,11.6221255510959,13.4389636630189,14.6382367262236,,,14.8533266729883,16.0221650517209,16.7796372164866,18.0621599576602
536.19999999992,0.176396375906148,1.20892004212884,2.60312698258458,4.10728769420348,4.92535934047528,6.15310507631395,6.84340151145115,7.7501159495833,8.81669760614471,10.107228070739,11.1921568823413,11.6359516374592,13.3835976462992,14.6474217100912,,,14.8470906300784,16.0280251591824,16.8227406670178,18.0426789609119
536.79999999992,0.17826769240982,1.2118136289546,2.67588374605738,4.15359087430253,4.94107613675959,6.14035977735466,6.87791541147625,7.76205885264003,8.81604047684565,10.1103841001244,11.2156375691702,11.6534614763196,13.3282316295794,14.6566066939585,,,14.8456907839844,16.0282718789501,16.8658441175492,18.0231979641625
537.39999999992,0.18013900891384,1.21470721578118,2.74864050953019,4.19989405440158,4.95679293304385,6.12761447839556,6.91242931150254,7.77400175569755,8.8145132748591,10.1104656103461,11.2391182559983,11.6709713151804,13.2728656128597,14.6657916778258,,,14.8375578265499,16.020031207506,16.9089475680806,18.0037169674132
537.99999999992,0.182010325417861,1.21760080260777,2.82139727300299,4.24619723450063,4.97250972932812,6.11486917943646,6.94694321152882,7.78594465875506,8.81343695131523,10.1129581565322,11.2625989428265,11.6884811540412,13.2174995961399,14.6749766616931,,,14.8317781576137,16.0120414962927,16.952051018612,17.9842359706638
538.59999999992,0.183881641921882,1.22049438943436,2.8941540364758,4.29250041459968,4.98822652561238,6.10212388047736,6.98145711155511,7.79788756181257,8.8125303300435,10.1151899206642,11.2860796296547,11.705990992902,13.1621335794202,14.6841616455604,,,14.8259984886778,16.0040517850794,16.9951544691435,17.9647549739145
539.19999999992,0.185752958425902,1.22338797626094,2.9669107999486,4.33880359469874,5.00394332189665,6.08937858151826,7.0159710115814,7.80983046487009,8.8117654690937,10.1169920874528,11.3095603164828,11.7235008317628,13.1067675627005,14.6933466294277,,,14.8202188197419,15.9960620738661,17.0382579196749,17.9452739771652
539.79999999992,0.187624274929923,1.22628156308753,3.03966756342141,4.38510677479779,5.01966011818092,6.07663328255916,7.0504849116077,7.8217733679276,8.81103562575913,10.1190703210166,11.333041003311,11.7410106706237,13.0514015459807,14.702531613295,,,14.814439150806,15.9880723626528,17.0813613702063,17.9257929804158
540.39999999992,0.189495591433943,1.22917514991412,3.11242432689421,4.43140995489684,5.03537691446518,6.06388798360005,7.08499881163398,7.83371627098512,8.81030578242457,10.1210988814527,11.3565216901392,11.7585205094845,12.996035529261,14.7117165971623,,,14.8086594818701,15.9800826514395,17.1244648207377,17.9063119836665
540.99999999992,0.191366907937963,1.2320687367407,3.18518109036701,4.47771313499589,5.05109371074944,6.05114268464095,7.11951271166027,7.84565917404264,8.80957593909001,10.1231274418887,11.3800023769673,11.7760303483453,12.9406695125412,14.7209015810296,,,14.8028798129342,15.9720929402262,17.1675682712691,17.8868309869171
541.59999999992,0.193238224441984,1.23496232356729,3.25793785383982,4.52401631509494,5.06681050703371,6.03839738568185,7.15402661168655,7.85760207710015,8.80885876627638,10.1248738228907,11.4034830637955,11.7935401872061,12.8853034958215,14.7300865648969,,,14.7971001439983,15.9641032290129,17.2106717218005,17.8673499901678
542.199999999919,0.195109540946005,1.23785591039388,3.33069461731262,4.57031949519399,5.08252730331798,6.02565208672275,7.18854051171284,7.86954498015767,8.80819197117113,10.1266308365319,11.4269637506237,11.8110500260669,12.8299374791018,14.7392715487642,,,14.7913204750624,15.9561135177996,17.2537751723319,17.8478689934185
542.799999999919,0.196980857450025,1.24074949722047,3.40345138078543,4.61662267529304,5.09824409960224,6.01290678776365,7.22305441173913,7.88148788321518,8.8073962104643,10.1284691216059,11.4504444374518,11.8285598649277,12.774571462382,14.7484565326314,,,14.7855408061266,15.9481238065863,17.2968786228633,17.8283879966691
543.399999999919,0.198852173954046,1.24364308404705,3.47620814425823,4.66292585539209,5.11396089588651,6.00016148880455,7.25756831176542,7.89343078627269,8.80631064262616,10.129551006354,11.47392512428,11.8460697037886,12.7192054456623,14.7576415164987,,,14.7797611371907,15.9401340953731,17.3399820733947,17.8089069999198
543.999999999919,0.200723490458066,1.24653667087364,3.54896490773103,4.70922903549115,5.12967769217077,5.98741618984545,7.29208221179171,7.9053736893302,8.80554207831623,10.1304686395314,11.4974058111082,11.8635795426494,12.6638394289425,14.766826500366,,,14.7771349375354,15.9296202133955,17.3830855239261,17.7894260031704
544.599999999919,0.202727289336991,1.2509226981349,3.62172167120384,4.7555322155902,5.14539448845504,5.97469454400704,7.32600750126444,7.91274648656151,8.80486248273265,10.1264753525915,11.5208864979363,11.8797703694988,12.6084734122228,14.7760114842333,,,14.7820636176383,15.9095250899406,17.4261889744575,17.7699450064211
545.199999999919,0.206756239570144,1.25966431516496,3.69447843467664,4.80183539568925,5.15464711357874,5.96153541654274,7.35632624491444,7.92640879789566,8.80348577549955,10.1196839856231,11.5392036164281,11.8932525705357,12.5531073955031,14.7851964681006,,,14.7828248558112,15.8860246060296,17.4535378780609,17.7569072529501
545.799999999919,0.209496709014035,1.27143959463727,3.76723519814945,4.8481385757883,5.14910051953993,5.94233184036455,7.39151017549147,7.944513462989,8.80197662334078,10.1089389484576,11.5639303599548,11.8874322380627,12.5191380382678,14.7779691547324,,,14.7814871381695,15.8654570374872,17.4811460827055,17.7489189087528
546.399999999919,0.2124436107091,1.2842820610378,3.75411882309926,4.83820872395938,5.13381260458656,5.927809201318,7.42204912725589,7.95675991153792,8.80023821564449,10.0974884705425,11.5372833316946,11.8657833213092,12.5506578030279,14.7331912910011,,,14.7791734785997,15.8477942198791,17.4714934819231,17.7594137384212
546.999999999919,0.215625540383478,1.29693033725775,3.74100244803745,4.82827887212286,5.11108644689632,5.9152236571084,7.42195874934878,7.95922286604828,8.79682574864987,10.0835517591758,11.5170138064654,11.8412233181763,12.5821775677968,14.688233830636,,,14.7807086680899,15.8341984602664,17.4475299291044,17.7773627480022
547.599999999919,0.217441468164707,1.3016076960648,3.72788607297564,4.81834902028633,5.08716054693982,5.90417946895573,7.41703422561708,7.95933915343772,8.79389557642781,10.0719053715011,11.4938619310738,11.8181777548545,12.6136973325657,14.6432763702707,,,14.7806939243549,15.8254423744183,17.4235663762836,17.7953117575843
548.199999999919,0.219257395945753,1.30628505487076,3.71476969791383,4.80841916844981,5.06323464698315,5.89313528080327,7.41210970188471,7.95945544082683,8.79173941576402,10.0619936310873,11.4707100556819,11.7951321915328,12.6452170973346,14.5983189099055,,,14.7854226130016,15.8264429284201,17.3996028234629,17.8132607671663
548.799999999918,0.221073323726798,1.31096241367673,3.70165332285202,4.79848931661328,5.03930874702648,5.88209109265081,7.40718517815236,7.95957172821595,8.78863618131513,10.0492743962611,11.4475581802899,11.7720866282111,12.6767368621035,14.5533614495403,,,14.7878088779272,15.8269371705811,17.3756392706422,17.8312097767484
549.399999999918,0.222889251507843,1.3156397724827,3.68853694779021,4.78855946477676,5.01538284706981,5.87104690449835,7.40226065441999,7.95968801560507,8.78487821630831,10.0370822504355,11.424406304898,11.7490410648895,12.7082566268724,14.5084039891751,,,14.7901951428524,15.827431412742,17.3516757178215,17.8491587863304
549.999999999918,0.224705179288889,1.32031713128867,3.6754205727284,4.77862961294023,4.99145694711314,5.86000271634589,7.39733613068763,7.95980430299419,8.78094074203148,10.024900587665,11.401254429506,11.7259955015678,12.7397763916413,14.4634465288099,,,14.7925814077777,15.8279256549028,17.3277121650007,17.8671077959125
550.599999999918,0.226521107069933,1.32499449009464,3.66230419766659,4.76869976110371,4.96753104715648,5.84895852819343,7.39241160695528,7.95992059038331,8.77692410945926,10.0126352750443,11.378102554114,11.7029499382461,12.7712961564103,14.4184890684447,,,14.7949676727029,15.8284198970637,17.30374861218,17.8850568054945
551.199999999918,0.228337034850978,1.3296718489006,3.64918782260478,4.75876990926718,4.94360514719981,5.83791434004097,7.3874870832229,7.96003687777243,8.77290747688703,10.0005023838967,11.3549506787221,11.6799043749245,12.8028159211792,14.3735316080795,,,14.7973539376282,15.8289141392246,17.2797850593593,17.9030058150766
551.799999999918,0.230152962632024,1.33434920770657,3.63607144754297,4.74884005743066,4.91967924724314,5.82687015188852,7.38256255949055,7.96015316516154,8.76889084431481,9.98836949274914,11.3317988033301,11.6568588116028,12.8343356859481,14.3285741477143,,,14.7997402025534,15.8294083813855,17.2558215065386,17.9209548246586
552.399999999918,0.231968890413068,1.33902656651254,3.62295507248117,4.73891020559413,4.89575334728647,5.81582596373606,7.37763803575818,7.96026945255066,8.76479254249329,9.97647299419871,11.3086469279382,11.6338132482811,12.865855450717,14.2836166873491,,,14.8021264674787,15.8299026235463,17.2318579537178,17.9389038342407
552.999999999918,0.233784818194114,1.34370392531851,3.60983869741936,4.72898035375761,4.8718274473298,5.8047817755836,7.37271351202583,7.96038573993978,8.76079082429906,9.96453026687451,11.2854950525462,11.6107676849595,12.8973752154859,14.2386592269839,,,14.804512732404,15.8303968657072,17.2078944008971,17.9568528438227
553.599999999918,0.235600745975159,1.34838128412448,3.59672232235755,4.71905050192109,4.84790154737313,5.79373758743114,7.36778898829346,7.96050202732889,8.75700390100998,9.95265534583554,11.2623431771543,11.5877221216378,12.9288949802548,14.1937017666187,,,14.8068989973292,15.8308911078681,17.1839308480764,17.9748018534048
554.199999999918,0.237416673756203,1.35305864293044,3.58360594729574,4.70912065008456,4.82397564741647,5.78269339927868,7.36286446456111,7.96061831471801,8.75367840119596,9.94093081375955,11.2391913017623,11.5646765583161,12.9604147450237,14.1487443062535,,,14.8092852622545,15.831385350029,17.1599672952557,17.9927508629868
554.799999999918,0.239232601537248,1.35773600173641,3.57048957223393,4.69919079824804,4.8000497474598,5.77164921112622,7.35793994082875,7.96073460210713,8.75085614978423,9.93062871737806,11.2160394263704,11.5416309949944,12.9919345097926,14.1037868458883,,,14.8103672237531,15.8374574749884,17.136003742435,18.0106998725689
555.399999999917,0.241006911089454,1.36205620210453,3.55737319717212,4.68926094641151,4.77612384750313,5.76061377238921,7.35261951398682,7.95824361557604,8.75118486899704,9.92537326418564,11.1928875509784,11.5213464264273,13.0234542745615,14.0588293855231,,,14.8109214881326,15.8517291702077,17.1120401896142,18.0286488821509
555.999999999917,0.238650297120355,1.36253256052207,3.54425682211031,4.67933109457499,4.76036101896875,5.7553287690515,7.33493166427028,7.9527240088036,8.75236026594545,9.92583985429382,11.18722119958,11.5082910532637,13.0549740393305,14.0138719251579,,,14.8108324979133,15.8681704131003,17.1078787805343,18.0427324764921
556.599999999917,0.23927272970138,1.35705435474761,3.5311404470485,4.66940124273846,4.74973303596011,5.76452399053432,7.30442479210199,7.94636708164342,8.7535636747685,9.9292158175972,11.1974658321623,11.5180584322394,13.097850465247,13.9849464931938,,,14.8151691916719,15.8851423901325,17.0822557588889,18.0554429526548
557.199999999917,0.238467135889501,1.349155446625,3.51421501924301,4.62000222380364,4.74453578591988,5.77431045444774,7.27458041941858,7.94284962946609,8.75543796205407,9.93503227970304,11.2099808313921,11.5355890283011,13.1122152605258,14.0064034113026,,,14.821043717429,15.9031238095221,17.0867998090941,18.0715626740123
557.799999999917,0.234020084148725,1.33616919617127,3.49728959143699,4.57060320486338,4.75355304338798,5.78336442962138,7.26679224127987,7.94203893745216,8.75882539741239,9.94243781596995,11.1864945739825,11.5528519585403,13.1265800558006,14.0271801458833,,,14.8249466754216,15.9209536740741,17.1062670472761,18.0913463692854
558.399999999917,0.229164766671809,1.32761895004741,3.48036416363097,4.52120418592312,4.76040261720808,5.78776082448951,7.25733690030493,7.94600424507376,8.76360790137706,9.95091523839639,11.1641871702204,11.5665405559569,13.1409448510755,14.0479568804639,,,14.8289888808995,15.9386420425649,17.1257342854603,18.1111300645589
558.999999999917,0.224309449194837,1.31906870392417,3.46343873582495,4.47180516698286,4.76725219102788,5.792157219357,7.24788155932977,7.94996955269602,8.76775839768159,9.9602627443485,11.1418797664584,11.580229153373,13.1553096463504,14.0687336150446,,,14.8351435608863,15.9508098584061,17.1452015236444,18.1309137598325
559.599999999917,0.219454131717865,1.31051845780092,3.44651330801893,4.4224061480426,4.77410176484768,5.79655361422449,7.23842621835459,7.95393486031828,8.7728899279676,9.97175035681758,11.1195723626965,11.5939177507891,13.1696744416252,14.0895103496252,,,14.8441087620344,15.9632423356505,17.1646687618285,18.1506974551061
560.199999999917,0.214598814240893,1.30196821167768,3.42958788021291,4.37300712910233,4.78095133866749,5.80095000909197,7.22897087737943,7.95790016794054,8.7790019335107,9.98238279048637,11.0972649589346,11.6076063482052,13.1840392369001,14.1102870842058,,,14.8530739631829,15.9756748128948,17.1841360000126,18.1704811503796
560.799999999917,0.209743496763921,1.29341796555443,3.41266245240689,4.32360811016207,4.78780091248729,5.80534640395946,7.21951553640425,7.96186547556281,8.78533389850447,9.99336314590488,11.0749575551726,11.6212949456213,13.1984040321749,14.1310638187864,,,14.8620391643314,15.9881072901392,17.2036032381967,18.1902648456532
561.399999999917,0.204888179286949,1.28486771943119,3.39573702460087,4.27420909122181,4.79465048630709,5.80974279882695,7.21006019542909,7.96583078318507,8.79159587365572,10.0041205305894,11.0526501514107,11.6349835430374,13.2127688274498,14.1518405533671,,,14.8710043654798,16.0005397673836,17.2230704763808,18.2100485409267
561.999999999916,0.200032861809977,1.27631747330794,3.37881159679485,4.22481007228155,4.80150006012689,5.81413919369444,7.20060485445391,7.96979609080733,8.79785784880696,10.0146281755137,11.0303427476487,11.6486721404535,13.2271336227247,14.1726172879477,,,14.8799695666283,16.012972244628,17.2425377145649,18.2298322362003
562.599999999916,0.195177544333005,1.2677672271847,3.36188616898883,4.17541105334128,4.80834963394669,5.81853558856193,7.19114951347874,7.97376139842959,8.8041198239582,10.025135820438,11.0080353438868,11.6623607378697,13.2414984179995,14.1933940225283,,,14.8889347677768,16.0254047218723,17.2620049527491,18.2496159314739
563.199999999916,0.190322226856033,1.25921698106146,3.34496074118281,4.12601203440102,4.81519920776649,5.82293198342941,7.18169417250357,7.97772670605185,8.8104578197238,10.0353943666973,10.9857279401248,11.6760493352858,13.2558632132744,14.214170757109,,,14.8978999689253,16.0378371991167,17.2814721909332,18.2693996267474
563.799999999916,0.185466909379061,1.25066673493821,3.32803531337679,4.07661301546076,4.8220487815863,5.8273283782969,7.1722388315284,7.98169201367412,8.81681960349366,10.0456326296201,10.9634205363629,11.6897379327019,13.2702280085493,14.2349474916896,,,14.9068651700738,16.0502696763611,17.3009394291173,18.289183322021
564.399999999916,0.180611591902089,1.24211648881497,3.31110988557077,4.0272139965205,4.8288983554061,5.83172477316439,7.16278349055323,7.98565732129638,8.82269829726329,10.055973200956,10.9411131326009,11.703426530118,13.2845928038241,14.2557242262702,,,14.9158303712223,16.0627021536055,17.3204066673014,18.3089670172946
564.999999999916,0.175756274425118,1.23356624269172,3.29418445776475,3.97781497758023,4.8357479292259,5.83612116803188,7.15332814957805,7.98962262891864,8.82854267850096,10.0664373511982,10.918805728839,11.7171151275341,13.298957599099,14.2765009608508,,,14.9247955723708,16.0751346308498,17.3398739054855,18.3287507125681
565.599999999916,0.170900956948146,1.22501599656848,3.27725902995873,3.92841595863997,4.8425975030457,5.84051756289937,7.14387280860289,7.99358793654091,8.83166532692649,10.0767400024288,10.896498325077,11.7308037249502,13.3133223943738,14.2972776954315,,,14.9320818121653,16.0813471554445,17.3593411436696,18.3485344078417
566.199999999916,0.16607424807399,1.21490638176993,3.26033360215271,3.87901693969971,4.8494470768655,5.84474175842992,7.13167129904642,7.99485228606514,8.82964657474821,10.0842931275609,10.8741909213151,11.743653847719,13.3276871896487,14.3180544300121,,,14.9315515691196,16.0862091347051,17.3788083818537,18.3683181031152
566.799999999916,0.164222078051074,1.2060071118232,3.24340817434669,3.82961792075945,4.85065779882744,5.84600580860546,7.12483332082705,7.99401705621709,8.82658473503838,10.0877470137052,10.8319528577056,11.7508098991704,13.3420519849236,14.3388311645927,,,14.9314051307813,16.0910393984885,17.386714540934,18.3844382466584
567.399999999916,0.160730083256335,1.20268781361986,3.22648274654067,3.78021890181919,4.84442959528621,5.83023634065437,7.13124540033399,7.9821015831524,8.82306954207704,10.0852881520103,10.7731908177254,11.7445781716685,13.2872819023974,14.345325994397,,,14.9281923133666,16.0886303430322,17.4133819368609,18.3889226714011
567.999999999916,0.160252332585921,1.20410547405484,3.24623897960465,3.79939738727305,4.83063791020812,5.82514906326295,7.14575531125368,7.97274280440483,8.81891349660919,10.0817432010101,10.7417588177072,11.7296251355063,13.2121131381554,14.3306613408183,,,14.9244159403541,16.0850956190355,17.4130145469982,18.3773981307405
568.599999999915,0.16409976253381,1.20894584196264,3.26599521267379,3.81857587273658,4.80708755386777,5.81715264597696,7.15466149319329,7.96098653263372,8.81213950603389,10.0765766428428,10.7253964006956,11.7167559721175,13.1369443739104,14.3179023366899,,,14.9190403787355,16.0752349839488,17.4006438158106,18.354519615619
569.199999999915,0.167737170078886,1.21401519477129,3.28575144574294,3.8377543582001,4.78817542715814,5.81387140646378,7.16277773051597,7.93836798406867,8.80473998029731,10.0692107170811,10.7170969384622,11.7042942697694,13.0617756096655,14.3051433325617,,,14.9168887824475,16.0651116796171,17.3882730846213,18.3316411004958
569.799999999915,0.171374577623933,1.21908454757996,3.30550767881208,3.85693284366362,4.76926330044916,5.81059016695126,7.17089396783854,7.91574943550208,8.79830275334704,10.0617584860449,10.7087974762299,11.6918325674213,12.9866068454205,14.2923843284335,,,14.9116235254818,16.0577291662607,17.3759023534319,18.3087625853727
570.399999999915,0.17501198516898,1.22415390038864,3.32526391188122,3.87611132912714,4.75035117374018,5.80730892743875,7.17901020516111,7.8931308869355,8.79190756492797,10.0539798814708,10.7004980139976,11.6793708650732,12.9114380811756,14.2796253243053,,,14.9038923538048,16.0504300973308,17.3635316222426,18.2858840702496
570.999999999915,0.178649392714027,1.22922325319732,3.34502014495037,3.89528981459066,4.73143904703121,5.80402768792623,7.18712644248368,7.87051233836891,8.78487855500879,10.0471649672001,10.6921985517653,11.6669091627251,12.8362693169307,14.2668663201772,,,14.8961611821275,16.043131028401,17.3511608910532,18.2630055551264
571.599999999915,0.182286800259074,1.234292606006,3.36477637801951,3.91446830005419,4.71252692032223,5.80074644841371,7.19524267980626,7.84789378980233,8.77764175495702,10.040837664445,10.683899089533,11.654447460377,12.7611005526857,14.254107316049,,,14.8884300104502,16.0358319594712,17.3387901598639,18.2401270400033
572.199999999915,0.185924207804122,1.23936195881467,3.38453261108865,3.93364678551771,4.69361479361325,5.7974652089012,7.20335891712883,7.82527524123574,8.77067090397349,10.0347274286261,10.6755996273007,11.6419857580289,12.6859317884408,14.2413483119208,,,14.8806988387729,16.0285328905414,17.3264194286746,18.2172485248802
572.799999999915,0.189561615349168,1.24443131162335,3.40428884415779,3.95282527098123,4.67470266690427,5.79418396938868,7.21147515445141,7.80265669266915,8.76370005299,10.0287807040654,10.6673001650684,11.6295240556808,12.6107630241958,14.2285893077926,,,14.8729676670956,16.0212338216116,17.3140486974852,18.194370009757
573.399999999915,0.193199022894215,1.24950066443203,3.42404507722694,3.97200375644475,4.6557905401953,5.79090272987616,7.21959139177397,7.78003814410256,8.75672920200651,10.0228339795047,10.6590007028361,11.6170623533327,12.5355942599509,14.2158303036645,,,14.8652364954183,16.0139347526818,17.3016779662959,18.1714914946339
573.999999999915,0.196836430439262,1.25457001724071,3.44380131029608,3.99118224190828,4.63687841348632,5.78762149036365,7.22770762909655,7.75741959553598,8.74977626069908,10.0170517533302,10.6507012406038,11.6046006509846,12.460425495706,14.2030712995363,,,14.8575053237409,16.006635683752,17.2893072351066,18.1486129795107
574.599999999915,0.200473837984309,1.25963937004938,3.46355754336522,4.0103607273718,4.61796628677734,5.78434025085113,7.23582386641912,7.73480104696939,8.7427074693623,10.011343469593,10.6424017783715,11.5921389486365,12.385256731461,14.1903122954081,,,14.8497741520636,15.9993366148222,17.2769365039172,18.1257344643876
575.199999999914,0.204111245529356,1.26470872285806,3.48331377643437,4.02953921283532,4.59905416006836,5.78105901133861,7.24394010374169,7.7121824984028,8.73598459025406,10.0053647075929,10.6341023161392,11.5796772462884,12.3100879672161,14.1775532912799,,,14.8420429803863,15.9920375458924,17.2645657727279,18.1028559492645
575.799999999914,0.207748653074403,1.26977807566674,3.50307000950351,4.04871769829884,4.58014203335938,5.7777777718261,7.25205634106426,7.68956394983621,8.72906578530263,9.99907882010651,10.6258028539069,11.5672155439404,12.2349192029711,14.1647942871518,,,14.834311808709,15.9847384769626,17.2521950415386,18.0799774341413
576.399999999914,0.21138606061945,1.27484742847542,3.52282624257265,4.06789618376237,4.56122990665041,5.77449653231358,7.26017257838683,7.66694540126964,8.72440707472407,9.99250721696763,10.6175033916746,11.5547538415923,12.1597504387262,14.1520352830236,,,14.831064304743,15.9805265911146,17.2398243103492,18.0570989190182
576.999999999914,0.214954557981944,1.28239546972789,3.5425824756418,4.08707466922589,4.54231777994143,5.77083141970374,7.27201389220777,7.65904704964017,8.72181267435907,9.98650982125555,10.6092039294423,11.5426686536483,12.0845816744812,14.1392762788954,,,14.8376066854538,15.971702298139,17.2274535791599,18.0342204038951
577.599999999914,0.216893970805556,1.29258659630756,3.56233870871094,4.10625315468941,4.52302749790611,5.76761802602705,7.29586751520048,7.65750069305572,8.71988587392987,9.98060178823833,10.6127115247108,11.5317606321187,12.0094129102363,14.1265172747672,,,14.8470621277026,15.9620148280615,17.2098201601258,18.0129566190461
578.199999999914,0.218743667069714,1.30130661762907,3.58209494178008,4.12543164015293,4.51065474680763,5.77617326499282,7.32109794906077,7.67301118609267,8.71815599312928,9.98050833205209,10.6280190448756,11.5302435664371,12,14.1117243540749,,,14.855141799634,15.9663390117504,17.1736940932371,18.0091961339958
578.799999999914,0.220217372005603,1.30812155343565,3.55598331335038,4.12022811474462,4.5393014404595,5.79336998862797,7.33186400959611,7.68093406214336,8.71669948699466,9.98092939908154,10.6259410595983,11.5398307030163,12.07896529059,14.1292479393825,,,14.8622751498383,15.9713736892035,17.1444552040963,18.0084759844034
579.399999999914,0.217632296648366,1.3121296084606,3.52987168491411,4.1150245893328,4.57753782155383,5.81854631074649,7.32903558463583,7.69176569281229,8.71768017443836,9.98144442694841,10.6498787443485,11.5491270366738,12.1579305811926,14.1464210902148,,,14.8714923184513,15.9835043240469,17.1219519153356,18.0264545018505
579.999999999914,0.215410043809371,1.31292083435816,3.50376005647783,4.10982106392098,4.61250346330118,5.84083998505117,7.33057269604309,7.70621948696506,8.71759874144615,9.98208050998723,10.6733453262492,11.5572354790591,12.2368958717952,14.1635942410471,,,14.8692400804176,15.9947841745107,17.0994486265758,18.0444330193002
580.599999999914,0.213187790970429,1.31371206025526,3.47764842804155,4.10461753850917,4.64746910504807,5.86313365935542,7.33210980745098,7.72067328111836,8.71684766224468,9.9813799185235,10.6968119081499,11.5653439214441,12.3158611623979,14.1807673918794,,,14.8670241027542,15.9996100718852,17.0769453378161,18.06241153675
581.199999999914,0.210965538131486,1.31450328615236,3.45153679960527,4.09941401309735,4.68243474679496,5.88542733365968,7.33364691885887,7.73512707527165,8.71578393123409,9.98096660597341,10.7202784900505,11.5734523638292,12.3948264530005,14.1979405427117,,,14.8648135475108,16.0043578755949,17.0544420490563,18.0803900541997
581.799999999913,0.208743285292544,1.31529451204946,3.42542517116899,4.09421048768554,4.71740038854184,5.90772100796394,7.33518403026676,7.74958086942494,8.71464883539658,9.97954043817821,10.7437450719512,11.5815608062142,12.4737917436031,14.215113693544,,,14.8626029922673,16.0091056793046,17.0319387602965,18.0983685716494
582.399999999913,0.206521032453601,1.31608573794656,3.39931354273272,4.08900696227373,4.75236603028873,5.9300146822682,7.33672114167465,7.76403466357823,8.71341743274881,9.97703536639249,10.7672116538518,11.5896692485993,12.5527570342058,14.2322868443763,,,14.8603924370239,16.0138534830142,17.0094354715368,18.1163470890992
582.999999999913,0.204298779614659,1.31687696384366,3.37320191429644,4.08380343686191,4.78733167203562,5.95230835657245,7.33825825308254,7.77848845773153,8.71190236746014,9.97461072245627,10.7906782357524,11.5977776909843,12.6317223248084,14.2494599952086,,,14.8581818817804,16.0186012867239,16.986932182777,18.1343256065489
583.599999999913,0.202076526775717,1.31766818974076,3.34709028586016,4.07859991145009,4.8222973137825,5.97460203087671,7.33979536449044,7.79294225188482,8.71038730217144,9.97218508321474,10.8141448176531,11.6058861333693,12.7106876154111,14.2666331460409,,,14.855971326537,16.0233490904335,16.9644288940173,18.1523041239986
584.199999999913,0.199854273936775,1.31845941563785,3.32097865742388,4.07339638603828,4.85726295552939,5.99689570518097,7.34133247589833,7.80739604603811,8.70887223688272,9.9697594439732,10.8376113995537,11.6139945757544,12.7896529060137,14.2838062968732,,,14.8537607712936,16.0280968941432,16.9419256052575,18.1702826414484
584.799999999913,0.197632021097833,1.31925064153495,3.2948670289876,4.06819286062646,4.89222859727628,6.01918937948523,7.34286958730622,7.82184984019141,8.7072936265778,9.96737479610677,10.8610779814544,11.6221030181394,12.8686181966163,14.3009794477055,,,14.8515502160501,16.0328446978528,16.9194223164978,18.1882611588981
585.399999999913,0.195409768258889,1.32004186743205,3.26875540055133,4.06298933521465,4.92719423902316,6.04148305378949,7.34440669871411,7.8363036343447,8.7057813643803,9.96484454194419,10.884544563355,11.6302114605245,12.947583487219,14.3181525985378,,,14.8493396608067,16.0375925015625,16.896919027738,18.2062396763479
585.999999999913,0.193187515419948,1.32083309332915,3.24264377211505,4.05778580980283,4.96215988077005,6.06377672809374,7.345943810122,7.850757428498,8.70407469514682,9.96257281821194,10.9080111452556,11.6383199029095,13.0265487778216,14.3353257493701,,,14.8471291055632,16.0423403052721,16.8744157389783,18.2242181937976
586.599999999913,0.190965262581005,1.32162431922625,3.21653214367877,4.05258228439102,4.99712552251694,6.086070402398,7.34748092152989,7.86521122265128,8.70229046626609,9.96034232354897,10.9314777271563,11.6464283452946,13.1055140684242,14.3524989002024,,,14.8449185503198,16.0470881089818,16.8519124502185,18.2421967112473
587.199999999913,0.188743009742063,1.32241554512335,3.19042051524249,4.0473787589792,5.03209116426382,6.10836407670226,7.34901803293779,7.87966501680458,8.70133154621218,9.95774990034662,10.9549443090569,11.6545367876796,13.1844793590269,14.3696720510347,,,14.8411265653156,16.0502277142945,16.8294091614588,18.2601752286971
587.799999999913,0.19705493833751,1.55576995091125,3.16430888680621,4.04217523356739,5.06705680601071,6.31425924764741,7.38456886323897,8.10945688350063,8.795068738876,10.0574484728627,10.9784108909576,11.9154877409055,13.2634446496295,14.386845201867,,,14.9345489396672,16.1403682352188,16.806905872699,18.2781537461468
588.399999999912,0.215815842461016,1.80640700041307,3.13819725836993,4.03697170815557,5.11354703373129,6.52880540113966,7.43101227854556,8.33972304506885,8.89289631318703,10.1630163368802,10.993866632208,12.1823951088206,13.3424099402322,14.4040183526993,,,15.0355175070856,16.2342263141926,16.8047913819843,18.3036066768593
588.999999999912,0.235445707215985,2.05709405602518,3.11208562993366,4.03176818274376,5.18151186334783,6.75345133436648,7.46911388278402,8.56461495364834,8.99270371802987,10.2719459161086,10.9922908169824,12.4414531789643,13.377412268809,14.4585091120813,,,15.1444625404912,16.3292551303566,16.8368703305836,18.3416637095713
589.599999999912,0.256129202204543,2.31233570245253,3.17150384795755,4.08383532750851,5.20957476240009,6.9602007081767,7.51933242805019,8.79613175201861,9.0925043859525,10.3819960504543,11.0252076657455,12.704340608878,13.3514165471509,14.5087416584267,,,15.2566135636533,16.4272302500627,16.9074968368725,18.3904024608757
590.199999999912,0.307623114536022,2.61760634941346,3.23092206599395,4.13590247228164,5.24107136930994,7.16788254571803,7.59694816309847,9.02946278993578,9.19246994459376,10.4978074482165,11.0587039695903,12.9680500026139,13.3254208254839,14.5569549003398,,,15.3724635062643,16.5276051671843,16.9875309044884,18.4289907604533
590.799999999912,0.362563102329112,2.92783251711664,3.29034028403036,4.18796961705477,5.27735045408138,7.3800028492552,7.66508088116771,9.26446644724851,9.293829406476,10.6174736605194,11.0753323215194,13.2338323168186,13.2994251038168,14.6051681422525,,,15.4981281425948,16.6286144090012,17.0675649721057,18.4675790600294
591.399999999912,0.417503090122706,3.23805868482055,3.34975850206676,4.2400367618279,5.31362953885352,7.59212315279302,7.73321359923557,9.49947010456148,9.40106415540162,10.7420726854546,11.0919606734461,13.4996146310236,13.2734293821498,14.6533813841652,,,15.6284217616793,16.7381126214125,17.1475990397229,18.5061673596056
591.999999999912,0.4724430779163,3.54828485252446,3.40917672010317,4.29210390660103,5.34990862362566,7.80424345633084,7.80134631730343,9.73447376187444,9.50907582378193,10.8668918362715,11.1085890253728,13.7653969452286,13.2474336604827,14.7015946260779,,,15.7603450046077,16.8474048093546,17.2276331073402,18.5447556591817
592.599999999912,0.527383065709893,3.85851102022837,3.46859493813957,4.34417105137416,5.3861877083978,8.01636375986866,7.8694790353713,9.96947741918741,9.61769614096521,10.9929474740112,11.1252173772995,14.0311792594337,13.2214379388157,14.7498078679906,,,15.8922682475363,16.9566969972967,17.3076671749574,18.5833439587578
593.199999999912,0.582323053503488,4.16873718793228,3.52801315617597,4.39623819614729,5.42246679316994,8.22848406340649,7.93761175343915,10.2044810765004,9.7264932397159,11.1197160485079,11.1418457292262,14.2969615736387,13.1954422171486,14.7980211099034,,,16.0241914904649,17.0659891852389,17.3877012425746,18.6219322583339
593.799999999912,0.637263041297082,4.47896335563619,3.58743137421238,4.44830534092041,5.45874587794208,8.44060436694431,8.00574447150701,10.4394847338133,9.83537965953462,11.2461744860828,11.1584740811528,14.5627438878437,13.1694464954816,14.8462343518161,,,16.1561147333936,17.175281373181,17.4677353101919,18.66052055791
594.399999999912,0.692203029090676,4.7891895233401,3.64684959224878,4.50037248569354,5.49502496271422,8.65272467048213,8.07387718957487,10.6744883911263,9.94426607935335,11.3725793040784,11.1751024330795,14.8285262020487,13.1434507738145,14.8944475937288,,,16.2880379763222,17.2845735611231,17.5477693778091,18.6991088574862
594.999999999911,0.74714301688427,5.09941569104401,3.70626781028519,4.55243963046667,5.53130404748636,8.86484497401995,8.14200990764272,10.9094920484393,10.0531524991721,11.498984122074,11.1917307850062,15.0943085162537,13.1174550521475,14.9426608356415,,,16.4199612192508,17.3938657490652,17.6278034454264,18.7376971570623
595.599999999911,0.802083004677864,5.40964185874792,3.76568602832159,4.6045067752398,5.5675831322585,9.07696527755777,8.21014262571059,11.1444957057522,10.1620377396418,11.6252125897635,11.2083591369329,15.3600908304588,13.0914593304804,14.9908740775543,,,16.5518844621795,17.5031579370073,17.7078375130436,18.7762854566384
596.199999999911,0.857022992471458,5.71986802645183,3.825104246358,4.65657392001293,5.60386221703064,9.28908558109559,8.27827534377845,11.3794993630652,10.2707131823404,11.7515647171152,11.2249874888596,15.6258731446638,13.0654636088133,15.039087319467,,,16.6838077051081,17.6124501249494,17.7878715806609,18.8148737562145
596.799999999911,0.911962980265052,6.03009419415574,3.8845224643944,4.70864106478606,5.64014130180278,9.50120588463341,8.34640806184631,11.6145030203782,10.3795312376579,11.877698621385,11.2416158407863,15.8916554588688,13.0394678871463,15.0873005613797,,,16.8157309480367,17.7217423128915,17.8679056482781,18.8534620557907
597.399999999911,0.966902968058646,6.34032036185965,3.9439406824308,4.76070820955919,5.67642038657492,9.71332618817123,8.41454077991417,11.8495066776911,10.4884708869495,12.0041999747554,11.258244192713,16.1574377730738,13.0134721654793,15.1355138032924,,,16.9476541909653,17.8310345008336,17.9479397158954,18.8920503553668
597.999999999911,1.02184295585224,6.65054652956356,4.00335890046721,4.81277535433232,5.71269947134706,9.92544649170905,8.48267349798203,12.0845103350041,10.5949613712591,12.1311808819335,11.2748725446396,16.4232200872788,12.9874764438122,15.1837270452052,,,17.0790806467065,17.9427571389965,18.0279737835126,18.9306386549429
598.599999999911,1.05585400948064,6.49233833058819,4.06277711850361,4.86484249910545,5.7489785561192,9.77027919932693,8.48117343692613,11.8675093241123,10.5112305944505,12.0517733680358,11.2915008965663,16.1811944844789,12.9614807221451,15.2319402871179,,,17.0072434885587,17.8855102614272,18.1080078511299,18.969226954519
599.199999999911,1.07144656401281,6.29443468384828,4.12219533654002,4.91690964387858,5.77208657612484,9.59767760499403,8.43956124249421,11.6436922816602,10.4192499868005,11.9615739445856,11.3094165859031,15.9242949691042,12.9354850004781,15.2801535290306,,,16.9152781376035,17.8221308204285,18.1598414724513,18.9931113122077
599.799999999911,1.08680929257696,6.09411529809004,4.18161355457642,4.96897678865171,5.75414816048145,9.4012721248571,8.39808095590592,11.4174433492173,10.3238875375269,11.8623422445757,11.3566115417076,15.667228919635,12.9516804163234,15.2706091061505,,,16.8098871927543,17.7316945718845,18.1754077117741,18.9703218245125
600.399999999911,1.09407886137333,5.88171460134347,4.15772042951977,4.89897320600954,5.75036169210212,9.18405689535258,8.34565747538611,11.1902124778633,10.2277370107323,11.7560347800142,11.376414144739,15.3941459018431,12.9515050621235,15.2277913057855,,,16.698943921546,17.6322612029207,18.1222474693398,18.9189761797316
600.999999999911,1.04574873333072,5.57483399420645,4.1338273044507,4.8289696233492,5.72179935961692,8.94769494536473,8.24517550839419,10.9535567446086,10.128431043556,11.6400841116215,11.3496830195493,15.1124853548288,12.9513297079211,15.1866855939834,,,16.5783642228009,17.5208026797476,18.0390485966629,18.8670598208477
601.59999999991,0.991816245217075,5.26313647337212,4.10993417938164,4.75896604068885,5.68878710121558,8.70769595104268,8.15491781089475,10.7139305057834,10.0274305058497,11.5180604956944,11.3404489519624,14.8304284706304,12.9511543537187,15.1455798821814,,,16.4590409322304,17.4042964686955,17.9558497239816,18.8151434619637
602.19999999991,0.937883757102591,4.95143895253707,4.08604105431258,4.68896245802851,5.65577484281359,8.46769695672009,8.06466011339684,10.4743042669577,9.9149211632149,11.3872131378124,11.3312148843781,14.548371586432,12.9509789995163,15.1044741703795,,,16.3317615463999,17.2818002559274,17.8726508513002,18.7632271030798
602.79999999991,0.883951268988108,4.63974143170201,4.06214792924351,4.61895887536816,5.62276258441159,8.2276979623975,7.97440241589893,10.2346780281321,9.80248620352466,11.2553520721393,11.3219808167937,14.2663147022336,12.950803645314,15.0633684585776,,,16.2039711533047,17.1601494545556,17.7894519786188,18.7113107441958
603.39999999991,0.830018780873625,4.32804391086696,4.03825480417445,4.54895529270782,5.58975032600959,7.98769896807492,7.88414471840102,9.99505178930642,9.69069159549104,11.1219344922632,11.3127467492094,13.9842578180352,12.9506282911116,15.0222627467757,,,16.0761807602096,17.038498653184,17.7062531059375,18.6593943853118
603.99999999991,0.776086292759142,4.0163463900319,4.01436167910539,4.47895171004747,5.5567380676076,7.74769997375233,7.79388702090311,9.75542555048077,9.57977733666448,10.988415265051,11.303512681625,13.7022009338368,12.9504529369092,14.9811570349737,,,15.9483903671144,16.9168478518124,17.6230542332561,18.6074780264278
604.59999999991,0.722153804644658,3.70464886919685,3.99046855403633,4.40894812738713,5.5237258092056,7.50770097942974,7.7036293234052,9.51579931165513,9.46867736403594,10.8551073851742,11.2942786140407,13.4201440496384,12.9502775827068,14.9400513231718,,,15.8205999740192,16.7951970504407,17.5398553605748,18.5555616675439
605.19999999991,0.668221316530185,3.39295134836185,3.96657542896727,4.3389445447268,5.49071355080361,7.26770198510719,7.61337162590731,9.27617307282953,9.35757739140739,10.7218379128727,11.2850445464564,13.13808716544,12.9501022285044,14.8989456113699,,,15.692809580924,16.6735462490691,17.4566564878934,18.5036453086599
605.79999999991,0.614288828415702,3.0812538275268,3.9426823038982,4.26894096206645,5.45770129240161,7.0277029907846,7.52311392840939,9.03654683400388,9.24647741877881,10.5885684405712,11.275810478872,12.8560302812416,12.9499268743021,14.857839899568,,,15.5650191878288,16.5518954476975,17.3734576152121,18.4517289497759
606.39999999991,0.560356340301218,2.76955630669175,3.91878917882914,4.19893737940611,5.42468903399962,6.78770399646201,7.43285623091147,8.79692059517824,9.13541235129213,10.4557089195355,11.2665764112877,12.5739733970432,12.9497515200997,14.816734187766,,,15.4372287947336,16.4302446463259,17.2902587425307,18.3998125908919
606.99999999991,0.506423852186735,2.45785878585669,3.89489605376008,4.12893379674576,5.39167677559762,6.54770500213943,7.34259853341357,8.55729435635259,9.02469757465888,10.3229084221764,11.2573423437034,12.2919165128448,12.9495761658973,14.7756284759641,,,15.3094384016385,16.3085938449542,17.2070598698494,18.347896232008
607.599999999909,0.452491364072251,2.14616126502164,3.87100292869102,4.05893021408542,5.35866451719562,6.30770600781684,7.25234083591565,8.31766811752694,8.9140678516141,10.190211341815,11.248108276119,12.0098596286464,12.9494008116949,14.7345227641622,,,15.1816480085433,16.1869430435826,17.123860997168,18.295979873124
608.199999999909,0.398558875957768,1.83446374418659,3.84710980362195,3.98892663142507,5.32565225879363,6.06770701349425,7.16208313841774,8.0780418787013,8.80395190408459,10.0577500636439,11.2388742085347,11.727802744448,12.9492254574926,14.6934170523603,,,15.0538576154481,16.065292242211,17.0406621244867,18.24406351424
608.799999999909,0.344626387843285,1.52276622335153,3.82321667855289,3.91892304876473,5.29264000039163,5.82770801917166,7.07182544091983,7.83841563987565,8.69447315336627,9.92479713975876,11.2296401409503,11.4457458602496,12.9490501032902,14.6523113405584,,,14.9241284227009,15.9432771198719,16.9574632518053,18.1921471553561
609.399999999909,0.301170808676181,1.44599525053463,3.79932355348383,3.84891946610438,5.25962774198963,5.77132412828213,7.01494281815915,7.82856074593309,8.68155532905953,9.89493651020778,11.220406073366,11.4190338243923,12.9488747490878,14.6112056287564,,,14.8961127569362,15.9066231268009,16.874264379124,18.1402307964721
609.999999999909,0.266235917994507,1.39054361252321,3.77543042841476,3.77891588344404,5.22728621477794,5.72920866127315,6.98613118641918,7.81341448011182,8.67337284280642,9.87276611343784,11.2117554247764,11.4045936140871,12.9486993948854,14.5700999169545,,,14.8791111034546,15.8707369195028,16.8087833041597,18.0998063921254
610.599999999909,0.232004152419605,1.33628159109182,3.7515373033457,3.7089123007837,5.22406365546587,5.70725469170095,6.95418984290342,7.79669847940679,8.66714622403204,9.85571464550324,11.1664585619249,11.3950751168627,12.9455032281783,14.5602617109754,,,14.8722008069674,15.8578464976902,16.7281558668061,18.0827605741013
611.199999999909,0.202280190605109,1.28423841334773,3.74588537766579,3.72727840292601,5.18910174924403,5.70800122615401,6.92218153033261,7.77350738725563,8.66141629563618,9.84573771556357,11.100467761231,11.3859314156663,12.9664018538932,14.5302083672063,,,14.8687928573794,15.8485727772354,16.6949172329249,18.0914745427086
611.799999999909,0.196012434375302,1.27417812002751,3.74023345198866,3.74564450508174,5.16898047299688,5.72405147091891,6.92874998504667,7.75602879164522,8.6581075631725,9.8387204996788,11.06836174406,11.3864093961828,12.9873004796117,14.5001983445809,,,14.8739748101813,15.8459832356067,16.6960479129938,18.0932629058906
612.399999999909,0.191423262973532,1.26346451908079,3.73458152631152,3.76401060723747,5.146741164254,5.74011590217055,6.92535579288481,7.74073350402168,8.65592882410095,9.83484026526107,11.0330993501963,11.3848441294874,13.0081991053303,14.4701883219556,,,14.8717601868517,15.8486692192222,16.6971785930679,18.0950512690716
612.999999999909,0.186834091572017,1.25275091813397,3.72892960063438,3.7823767093932,5.1245018555108,5.7561803334222,6.92196160072143,7.72543821639846,8.6596518400748,9.8372145418426,10.9978369563322,11.3832788627917,13.0290977310488,14.4401782993303,,,14.8686293578603,15.852196386124,16.6983092731421,18.0968396322526
613.599999999909,0.182244920170503,1.24203731718714,3.72327767495724,3.80074281154893,5.1022625467676,5.77224476467384,6.91856740855805,7.71014292877524,8.66041864943122,9.839636278221,10.962574562468,11.3817135960959,13.0499963567673,14.4101682767049,,,14.86408790394,15.8545723057595,16.6994399532162,18.0986279954336
614.199999999908,0.177655748768988,1.23132371624032,3.71762574928011,3.81910891370466,5.0800232380244,5.78830919592549,6.91517321639466,7.69484764115203,8.65913687492692,9.84325840516154,10.9273121686038,11.3801483294002,13.0708949824859,14.3801582540796,,,14.8595464500195,15.8569482253948,16.7005706332904,18.1004163586146
614.799999999908,0.173066577367474,1.22061011529349,3.71197382360297,3.83747501586039,5.0577839292812,5.80437362717714,6.91177902423128,7.67955235352881,8.65610459189082,9.8463687311216,10.8920497747396,11.3785830627045,13.0917936082044,14.3501482314543,,,14.855004996099,15.8593241450301,16.7017013133645,18.1022047217956
615.399999999908,0.168477405965959,1.20989651434667,3.70632189792583,3.85584111801612,5.035544620538,5.82043805842878,6.90838483206791,7.66425706590559,8.65359145550039,9.84953878275981,10.8567873808755,11.3770177960088,13.1126922339229,14.3201382088289,,,14.8504635421785,15.8617000646654,16.7028319934386,18.1039930849765
615.999999999908,0.163888234564444,1.19918291339985,3.70066997224869,3.87420722017185,5.0133053117948,5.83650248968043,6.90499063990453,7.64896177828238,8.65107831911003,9.85262141552541,10.8215249870113,11.3754525293131,13.1335908596415,14.2901281862036,,,14.8459220882581,15.8640759843007,16.7039626735128,18.1057814481575
616.599999999908,0.15929906316293,1.18846931245302,3.69501804657156,3.89257332232757,4.9910660030516,5.85256692093207,6.90159644774115,7.63366649065916,8.64856518271968,9.85570404829098,10.7862625931471,11.3738872626174,13.15448948536,14.2601181635783,,,14.8413806343376,15.866451903936,16.7050933535869,18.1075698113385
617.199999999908,0.154709891761416,1.1777557115062,3.68936612089442,3.9109394244833,4.9688266943084,5.86863135218372,6.89820225557777,7.61837120303595,8.64605514491956,9.85829713780743,10.751000199283,11.3723219959217,13.1753881110785,14.2301081409529,,,14.8368391804171,15.8688278235713,16.706224033661,18.1093581745195
617.799999999908,0.150120720359901,1.16704211055938,3.68371419521728,3.92930552663903,4.9465873855652,5.88469578343537,6.89480806341438,7.60307591541273,8.64330630433061,9.86056540397101,10.7157378054188,11.370756729226,13.1962867367971,14.2000981183276,,,14.8322977264966,15.8712037432066,16.7073547137352,18.1111465377005
618.399999999908,0.145531548958387,1.15632850961255,3.67806226954014,3.94767162879476,4.924348076822,5.90076021468701,6.891413871251,7.58778062778951,8.64041928769021,9.86310486926553,10.6804754115546,11.3691914625302,13.2171853625156,14.1700880957023,,,14.8277562725761,15.8735796628419,16.7084853938093,18.1129349008814
618.999999999908,0.140942377556872,1.14561490866573,3.67241034386301,3.96603773095049,4.9021087680788,5.91682464593866,6.88801967908763,7.5724853401663,8.63721578425299,9.86445709503751,10.6452130176905,11.3676261958345,13.2380839882342,14.1400780730769,,,14.8232148186556,15.8759555824773,16.7096160738835,18.1147232640624
619.599999999908,0.136353206155358,1.13490130771891,3.66675841818587,3.98440383310622,4.8798694593356,5.9328890771903,6.88462548692425,7.55719005254308,8.63432786388881,9.86366099747255,10.6099506238263,11.3660609291388,13.2589826139527,14.1100680504516,,,14.819226044939,15.8789329799207,16.7107467539576,18.1165116272434
620.199999999908,0.131658800683549,1.1222033110047,3.66110649250873,4.00276993526195,4.8576301505924,5.94930477521042,6.88227772398392,7.53614123679452,8.62962260998074,9.86249014772912,10.5746882299621,11.361333012838,13.2798812396712,14.0800580278263,,,14.8137620362102,15.8831973014537,16.7118774340317,18.1182999904244
620.799999999907,0.128113349081332,1.10534609055319,3.65545456683159,4.02113603741768,4.83859274698714,5.95657812228109,6.8683800389247,7.52057606016421,8.62329379713837,9.8562940094962,10.5301406540021,11.350012346682,13.3007798653898,14.0500480052009,,,14.8068796980294,15.8880223477268,16.7081187998566,18.1125159228491
621.399999999907,0.120194580207665,1.08950658664459,3.64980264115446,4.03950213957341,4.79154364453557,5.94559126604448,6.86054902365254,7.50399955396907,8.61596701811091,9.84761007750014,10.5046009779172,11.3305741482952,13.2784304247702,14.0132575074577,,,14.7939798309525,15.880964879686,16.7185724468103,18.1132379633524
621.999999999907,0.115661870863804,1.0829711919692,3.65123417156528,4.0386604704533,4.77744769985895,5.9363787970229,6.86943450598355,7.49327086140914,8.60895258258961,9.8379926449177,10.5216023546635,11.3262775515453,13.2338040502058,14.0196155307725,,,14.781140152359,15.8733487193712,16.7479581014742,18.1097097026599
622.599999999907,0.115308265116745,1.08454936631749,3.6526657019772,4.03781880133022,4.7613692798488,5.92666772292675,6.87115488830946,7.48437162744343,8.60138690930235,9.83199024808858,10.534981190155,11.3224704456738,13.189177675638,14.0254678250938,,,14.760216493035,15.8685284536531,16.7593430378002,18.1087159143602
623.199999999907,0.115356170802733,1.09157552189576,3.65409723238912,4.03697713220713,4.74867800577623,5.91555247403124,6.86595590492753,7.4716392520944,8.59281953505487,9.82479119786553,10.5392134700545,11.3229587415752,13.1445513010702,14.031320119415,,,14.746985861413,15.8613178826695,16.7707279741235,18.1077221260609
623.799999999907,0.115404076488783,1.09860167747486,3.65552876280104,4.03613546308405,4.73598673170419,5.90443722513552,6.86075692154454,7.45890687674478,8.58304473584526,9.81416457749227,10.5434457499525,11.3234470374774,13.0999249265024,14.0371724137362,,,14.743338162867,15.8553261624833,16.7821129104467,18.1067283377615
624.399999999907,0.115451982174833,1.10562783305396,3.65696029321296,4.03529379396097,4.72329545763214,5.8933219762398,6.85555793816155,7.44617450139516,8.57583044779903,9.80420210575536,10.5476780298505,11.3239353333795,13.0552985519345,14.0430247080574,,,14.7402578440584,15.8493452169489,16.79349784677,18.1057345494622
624.999999999907,0.115499887860883,1.11265398863307,3.65839182362488,4.03445212483789,4.7106041835601,5.88220672734407,6.85035895477856,7.43344212604553,8.56921394394876,9.79374723780186,10.5519103097485,11.3244236292817,13.0106721773667,14.0488770023786,,,14.7371775252499,15.8433642714144,16.8048827830932,18.1047407611629
625.599999999907,0.115547793546934,1.11968014421217,3.6598233540368,4.03361045571481,4.69791290948805,5.87109147844835,6.84515997139557,7.42070975069591,8.56339701107431,9.78353825312072,10.5561425896466,11.3249119251838,12.9660458027989,14.0547292966998,,,14.7340972064413,15.83738332588,16.8162677194165,18.1037469728636
626.199999999907,0.115595699232984,1.12670629979128,3.66125488444872,4.03276878659173,4.68522163541601,5.85997622955262,6.83996098801258,7.40797737534628,8.55719309185653,9.77312864237262,10.5603748695446,11.325400221086,12.9214194282311,14.060581591021,,,14.7310168876328,15.8314023803455,16.8276526557398,18.1027531845643
626.799999999907,0.115643604919034,1.13373245537038,3.66268641486064,4.03192711746865,4.67253036134396,5.8488609806569,6.83476200462959,7.39524499999665,8.5509891726387,9.76275892051659,10.5646071494426,11.3258885169881,12.8767930536632,14.0664338853422,,,14.7279365688243,15.8254214348111,16.839037592063,18.1017593962649
627.399999999906,0.115691510605084,1.14075861094949,3.66411794527257,4.03108544834557,4.65983908727192,5.83774573176118,6.82956302124659,7.38251262464703,8.54478525342086,9.75238919866058,10.5688394293406,11.3263768128903,12.8321666790954,14.0722861796634,,,14.7248562500158,15.8194404892766,16.8504225283863,18.1007656079656
627.999999999906,0.115739416291134,1.14778476652859,3.66554947568449,4.03024377922249,4.64714781319988,5.82663048286545,6.8243640378636,7.36978024929741,8.53851576612735,9.74215514245304,10.5730717092386,11.3268651087924,12.7875403045276,14.0781384739846,,,14.7217759312073,15.8134595437422,16.8618074647095,18.0997718196663
628.599999999906,0.115787321977185,1.1548109221077,3.66698100609641,4.0294021100994,4.63445653912783,5.81551523396973,6.81916505448061,7.35704787394778,8.53233669758091,9.73210029395808,10.5773039891367,11.3273534046945,12.7429139299597,14.0839907683058,,,14.7186956123988,15.8074785982077,16.8731924010328,18.098778031367
629.199999999906,0.115835227663234,1.1618370776868,3.66841253650833,4.02856044097632,4.62176526505579,5.804399985074,6.81396607109761,7.34431549859816,8.52634812158613,9.72154825140547,10.5815362690347,11.3278417005967,12.6982875553919,14.0898430626269,,,14.7156152935903,15.8014976526733,16.884577337356,18.0977842430676
629.799999999906,0.115883133349285,1.16886323326591,3.66984406692025,4.02771877185324,4.60907399098374,5.79328473617828,6.80876708771463,7.33158312324853,8.52040896184252,9.71187080315048,10.5857685489327,11.3283299964988,12.6536611808241,14.0956953569481,,,14.7125349747817,15.7955167071388,16.8959622736793,18.0967904547683
630.399999999906,0.115931039035335,1.17588938884501,3.67127559733217,4.02687710273016,4.5963827169117,5.78216948728256,6.80356810433163,7.31885074789891,8.51516506197869,9.70626552342524,10.5900008288307,11.328818292401,12.6090348062563,14.1015476512693,,,14.7134281732842,15.7866266933789,16.9073472100025,18.095796666469
630.999999999906,0.116178130392375,1.18587792760625,3.67270712774409,4.02603543360708,4.58369144283965,5.77183485785815,6.79718664893428,7.31317249674359,8.51076958236126,9.70138649064974,10.5942331087288,11.3339691969334,12.5644084316884,14.1073999455905,,,14.7179943558614,15.7755794441471,16.9187321463258,18.0948028781697
631.599999999906,0.114491516803122,1.20438760128286,3.67413865815601,4.025193764484,4.57003140649023,5.76819740227067,6.79425926176203,7.31046331349373,8.50708444408593,9.69995931304823,10.615674645893,11.3444391555399,12.5197820571206,14.1132522399117,,,14.7290812515428,15.7659160986516,16.9349596397271,18.0981592017143
632.199999999906,0.120219981911974,1.22423938236171,3.67557018856793,4.02435209536092,4.57121434325049,5.77941669651413,6.80087428495196,7.30837483151726,8.50389726014653,9.69979943630298,10.6444283025573,11.3632483543308,12.5125211975969,14.150741890828,,,14.7422444124348,15.763301233847,16.9658591380567,18.086221342045
632.799999999906,0.122726184335193,1.23740739757312,3.6068482602749,4.01900775217749,4.56940761868706,5.79712799205115,6.79043555212306,7.3084776542851,8.50036360144681,9.6969810563454,10.6439305234927,11.3655104538267,12.5313808528179,14.1533932581266,,,14.7533907547533,15.7635397115174,16.9351372774447,18.0686052564021
633.399999999906,0.124417847400036,1.24439093908833,3.53812633197084,4.01366340899335,4.5747161936062,5.81191972711556,6.77670348793159,7.3094868526022,8.49691419723381,9.68987216694815,10.6416846067111,11.3644229174692,12.5502405080431,14.1572264429512,,,14.7700681273443,15.7602473038908,16.9197210448508,18.0578258984696
633.999999999905,0.124939476761288,1.24522332231587,3.46940440366677,4.00831906580921,4.57983873187361,5.82979515135618,6.78037461912303,7.32113113076544,8.49448144784568,9.68410560385382,10.639455742076,11.3592373527852,12.5691001632683,14.1610596277761,,,14.7750018432743,15.7592056498534,16.9043048122594,18.0470465405383
634.599999999905,0.125461106122355,1.24605570554245,3.40068247536271,4.00297472262506,4.584961270141,5.84767057559729,6.78404575031723,7.33277540893035,8.4938509001563,9.67884766705648,10.6372268774408,11.3540517881006,12.5879598184935,14.1648928126009,,,14.7704279859737,15.7577512414759,16.888888579668,18.0362671826069
635.199999999905,0.125982735483422,1.24688808876902,3.33196054705865,3.99763037944093,4.59008380840838,5.8655459998384,6.78771688151142,7.34441968709527,8.49260058395254,9.67131259117553,10.6349980128056,11.348866223416,12.6068194737187,14.1687259974257,,,14.7664498100024,15.7573059573384,16.8734723470766,18.0254878246755
635.799999999905,0.126504364844489,1.2477204719956,3.26323861875459,3.99228603625679,4.59520634667577,5.88342142407951,6.79138801270561,7.35606396526018,8.49198114141354,9.6634448216759,10.6327691481704,11.3436806587314,12.6256791289439,14.1725591822505,,,14.7624716340312,15.756860673201,16.8580561144851,18.0147084667442
636.399999999905,0.127025994205555,1.24855285522218,3.19451669045052,3.98694169307265,4.60032888494315,5.90129684832062,6.7950591438998,7.3677082434251,8.49131668187385,9.65548798106468,10.6305402835352,11.3384950940468,12.644538784169,14.1763923670753,,,14.75849345806,15.7564153890637,16.8426398818937,18.0039291088128
636.999999999905,0.127547623566623,1.24938523844875,3.12579476214646,3.98159734988851,4.60545142321054,5.91917227256174,6.79873027509398,7.37935252159002,8.49079542183956,9.64761819132634,10.6283114189,11.3333095293622,12.6633984393942,14.1802255519001,,,14.7545152820889,15.7559701049263,16.8272236493023,17.9931497508814
637.599999999905,0.12806925292769,1.25021762167533,3.0570728338424,3.97625300670437,4.61057396147792,5.93704769680285,6.80240140628818,7.39099679975493,8.4902741618053,9.63968553298511,10.6260825542648,11.3281239646776,12.6822580946194,14.1840587367249,,,14.7505371061177,15.7555248207889,16.8118074167108,17.9823703929501
638.199999999905,0.128590882288757,1.2510500049019,2.98835090553834,3.97090866352023,4.61569649974531,5.95492312104396,6.80607253748237,7.40264107791985,8.48975290177103,9.63175287464388,10.6238536896297,11.322938399993,12.7011177498446,14.1878919215497,,,14.7465589301465,15.7550795366516,16.7963911841194,17.9715910350187
638.799999999905,0.129112511649824,1.25188238812848,2.91962897723427,3.96556432033609,4.62081903801269,5.97279854528507,6.80974366867656,7.41428535608477,8.4892940319857,9.62391844752012,10.6216248249945,11.3177528353084,12.7199774050698,14.1917251063745,,,14.7425807541753,15.7546342525142,16.780974951528,17.9608116770874
639.399999999905,0.129634141010891,1.25271477135505,2.85090704893021,3.96021997715195,4.62594157628008,5.99067396952618,6.81341479987075,7.42592963424968,8.48873425778098,9.61607594874667,10.6193959603593,11.3125672706238,12.738837060295,14.1955582911993,,,14.7386025782042,15.7541889683769,16.7655587189366,17.950032319156
639.999999999905,0.130155770371958,1.25354715458163,2.78218512062615,3.95487563396781,4.63106411454746,6.00854939376729,6.81708593106494,7.4375739124146,8.48806215508733,9.60822430718885,10.6171670957241,11.3073817059392,12.7576967155202,14.1993914760241,,,14.734624402233,15.7537436842395,16.7501424863451,17.9392529612246
640.599999999904,0.130677399733025,1.2543795378082,2.71346319232209,3.94953129078367,4.63618665281485,6.0264248180084,6.82075706225913,7.44921819057951,8.48675624884339,9.59995403149992,10.6149382310889,11.3021961412546,12.7765563707453,14.203224660849,,,14.7306462262618,15.7532984001021,16.7347262537537,17.9284736032933
641.199999999904,0.131199029094092,1.25521192103478,2.64474126401802,3.94418694759953,4.64130919108223,6.04430024224951,6.82442819345332,7.46086246874443,8.48581822029881,9.59098268380462,10.6127093664537,11.2970105765699,12.7954160259705,14.2070578456738,,,14.722547831285,15.7548112066776,16.7193100211623,17.9176942453619
641.799999999904,0.131486436752052,1.25443456356988,2.57601933571396,3.93884260441539,4.64643172934962,6.05900391632785,6.82877080341923,7.46955874647761,8.48677592285616,9.58448615280922,10.6104805018185,11.2898530218339,12.8142756811957,14.2108910304986,,,14.7092964867364,15.756956236546,16.7038937885709,17.9069148874306
642.399999999904,0.13191916870353,1.24458791528203,2.5072974074099,3.93349826123125,4.65090435859087,6.06751464899418,6.83131928914743,7.47729168944304,8.49041768251237,9.57970501779524,10.5992026755115,11.276555863544,12.8331353364209,14.2147242153234,,,14.6832966196436,15.7611066512858,16.6824371367348,17.8924724697078
642.999999999904,0.126590491684061,1.22994413553549,2.43857547910584,3.92815391804711,4.66268775689502,6.06367624158329,6.82654193132921,7.48857822021729,8.49446252584555,9.57778774101991,10.5858908554344,11.2620448999106,12.843638531915,14.1929901310368,,,14.6605806747734,15.768034301458,16.6765602057613,17.8933957150426
643.599999999904,0.122906188282937,1.21959328732441,2.47890409469414,3.90188188126065,4.67016391225098,6.04318411341687,6.83036048701253,7.49971752143683,8.49894002094686,9.58039551755839,10.566173818159,11.2598275446024,12.8551730805733,14.2520116981675,,,14.6390598333098,15.7760606982582,16.7119773942861,17.8959147656512
644.199999999904,0.119940458081585,1.21480656772635,2.5192327102999,3.87560984447084,4.67614923478607,6.01869349967155,6.83822344587215,7.51223111144075,8.50400717469424,9.58799037037415,10.5501446215611,11.2559559427056,12.8667076292318,14.3094850645776,,,14.6145011972401,15.786159288507,16.7150794819963,17.885272407267
644.799999999904,0.120193865543993,1.21525404143616,2.55956132590566,3.84933780768103,4.68425447993582,5.99261917874335,6.82351763006035,7.51489393551448,8.50795646972054,9.59636316032023,10.5422421317025,11.255126608382,12.8782421778902,14.3669584309874,,,14.601288704546,15.7967586104873,16.7181815697012,17.8746300488807
645.399999999904,0.120447273006917,1.2157015151468,2.59988994151142,3.82306577089122,4.6923597250859,5.9665448578149,6.80881181424493,7.51755675958663,8.51262916405778,9.60691863092588,10.5343396418453,11.254297274059,12.8897767265487,14.4244317973972,,,14.596761552197,15.8094278446604,16.7212836574062,17.8639876904944
645.999999999904,0.120700680469842,1.21614898885744,2.64021855711718,3.79679373410141,4.70046497023598,5.94047053688645,6.7941059984295,7.52021958365877,8.51749061492466,9.62017985316675,10.5264371519881,11.2534679397359,12.9013112752072,14.4819051638071,,,14.5927590697569,15.821303581893,16.7243857451111,17.853345332108
646.599999999904,0.120954087932767,1.21659646256809,2.68054717272294,3.77052169731161,4.70857021538606,5.91439621595799,6.77940018261408,7.52288240773092,8.52283735985564,9.63446045486887,10.5185346621309,11.2526386054128,12.9128458238657,14.5393785302169,,,14.5887565873168,15.8331793191254,16.7274878328161,17.8427029737217
647.199999999903,0.121207495395691,1.21704393627873,2.7208757883287,3.7442496605218,4.71667546053615,5.88832189502954,6.76469436679866,7.52554523180307,8.52834930941809,9.64894950001118,10.5106321722737,11.2518092710898,12.9243803725241,14.5968518966267,,,14.5847541048767,15.8450550563579,16.7305899205211,17.8320606153354
647.799999999903,0.121460902858615,1.21749140998937,2.76120440393446,3.71797762373199,4.72478070568623,5.86224757410108,6.74998855098324,7.52820805587521,8.53354671190425,9.66332567587913,10.5027296824165,11.2509799367667,12.9359149211826,14.6543252630366,,,14.5807516224366,15.8569307935903,16.733692008226,17.8214182569491
648.399999999903,0.121714310321538,1.21793888370001,2.80153301954022,3.69170558694218,4.73288595083631,5.83617325317263,6.73528273516782,7.53087087994736,8.53874411439037,9.67789854341402,10.4948271925593,11.2501506024437,12.9474494698411,14.7117986294464,,,14.5767491399966,15.8688065308227,16.736794095931,17.8107758985628
648.999999999903,0.121967717784463,1.21838635741066,2.84186163514598,3.66543355015237,4.7409911959864,5.81009893224418,6.7205769193524,7.53353370401951,8.54394151687649,9.69247141094894,10.4869247027021,11.2493212681206,12.9589840184996,14.7692719958563,,,14.5727466575565,15.8806822680551,16.739896183636,17.8001335401765
649.599999999903,0.122221125247388,1.2188338311213,2.88219025075174,3.63916151336256,4.74909644113648,5.78402461131572,6.70587110353698,7.53619652809166,8.54913719481564,9.70710383380812,10.4790222128448,11.2484919337975,12.970518567158,14.8267453622661,,,14.5687441751164,15.8925580052876,16.7429982713409,17.7894911817902
650.199999999903,0.122474532710312,1.21928130483194,2.9225188663575,3.61288947657276,4.75720168628656,5.75795029038727,6.69116528772156,7.5388593521638,8.55448619770446,9.72179923511962,10.4711197229876,11.2476625994745,12.9820531158165,14.8842187286759,,,14.5647416926763,15.90443374252,16.7461003590459,17.7788488234039
650.799999999903,0.122727940173236,1.21972877854259,2.96284748196326,3.58661743978295,4.76530693143664,5.73187596945881,6.67645947190613,7.54152217623595,8.55975033957467,9.73682028528979,10.4632172331304,11.2468332651514,12.993587664475,14.9416920950858,,,14.5607392102362,15.9163094797524,16.7492024467508,17.7682064650176
651.399999999903,0.12298134763616,1.22017625225323,3.00317609756903,3.56034540299314,4.77341217658673,5.70580164853036,6.66175365609071,7.54418500030809,8.56580430122076,9.75229058943061,10.4553147432732,11.2460039308284,13.0051222131335,14.9991654614956,,,14.5567367277961,15.9281852169848,16.7523045344558,17.7575641066313
651.999999999903,0.123234755099085,1.22062372596387,3.04350471317479,3.53407336620333,4.78151742173681,5.6797273276019,6.64704784027529,7.54684782438024,8.57088515585872,9.76559952739797,10.447412253416,11.2451745965053,13.0166567617919,15.0566388279054,,,14.5556954181994,15.9390291347626,16.7554066221608,17.746921748245
652.599999999903,0.123675613396104,1.22198506025382,3.08383332878055,3.50780132941352,4.78962266688689,5.65886531052321,6.63104799409894,7.54622424709169,8.57305773221181,9.77503140135517,10.4395097635588,11.2420681035144,13.0281913104504,15.1141121943153,,,14.5603011861307,15.9503385583865,16.7585087098657,17.7362793898587
653.199999999903,0.126186983328723,1.23080670403548,3.12416194438631,3.48152929262371,4.80035724388084,5.6414104084653,6.62317490942716,7.54516794510477,8.5718231159034,9.77990761790841,10.4371573348745,11.2466804559817,13.0397258591089,15.1715855607251,,,14.5735855499946,15.9584972676259,16.7736902783593,17.7279516785389
653.799999999902,0.131895707005969,1.24444210793886,3.16449055999207,3.4552572558339,4.80855935352004,5.63984715199214,6.60909090216552,7.54275199919981,8.57063652629363,9.78020032334456,10.422971460924,11.2495442568065,13.0658666901503,15.188921594628,,,14.5830246525452,15.958769809087,16.7474911771335,17.7199350309175
654.399999999902,0.13658865910259,1.25295154982046,3.12112076700638,3.45342272334902,4.81310182348269,5.64481126389664,6.58779307946854,7.53361396953066,8.56924194395704,9.77509372258187,10.4407072718431,11.2507213985369,13.0836430607312,15.1047894944916,,,14.5938570138228,15.9525417297076,16.7018398171804,17.728671817757
654.999999999902,0.139392146743174,1.25350956657936,3.07775097400707,3.45158819086812,4.81241752999467,5.66219837114855,6.56600287908406,7.51712711294886,8.56828729916977,9.76849814816325,10.4579696018914,11.2510143080143,13.1014194313108,15.0206908933134,,,14.6103279152783,15.9437545117613,16.6796444837413,17.7520116103424
655.599999999902,0.139961813800352,1.25045829438076,3.03438118100775,3.44975365838722,4.80804216699053,5.67837084751491,6.57921116725203,7.49523568118059,8.57046542725729,9.76190034749059,10.4758020870518,11.2515260173053,13.1191958018904,14.9365922921351,,,14.6201698846105,15.934865149712,16.657449150306,17.7753514029303
656.199999999902,0.140531480857167,1.24740702218157,2.99101138800844,3.44791912590632,4.80366680398579,5.69454332388106,6.59241945542571,7.47334424941144,8.57177680463593,9.7556312116934,10.4936345722122,11.2520377265962,13.13697217247,14.8524936909568,,,14.6246795419347,15.9237745819088,16.6352538168707,17.7986911955182
656.799999999902,0.141101147913981,1.24435574998238,2.94764159500913,3.44608459342541,4.79929144098105,5.71071580024722,6.60562774359939,7.4514528176423,8.57275442700546,9.74886492894568,10.5114670573727,11.2525494358872,13.1547485430497,14.7683950897786,,,14.6284506473327,15.9127542042195,16.6130584834355,17.8220309881061
657.399999999902,0.141670814970796,1.24130447778319,2.90427180200982,3.44425006094451,4.79491607797631,5.72688827661337,6.61883603177306,7.42956138587315,8.57266591642026,9.74203448494285,10.5292995425332,11.2530611451781,13.1725249136293,14.6842964886003,,,14.6322217527305,15.9017338265302,16.5908631500002,17.8453707806939
657.999999999902,0.142240482027611,1.238253205584,2.8609020090105,3.44241552846361,4.79054071497157,5.74306075297953,6.63204431994674,7.407669954104,8.57249701939749,9.73534990025814,10.5471320276936,11.2535728544691,13.1903012842089,14.600197887422,,,14.6359928581284,15.890713448841,16.5686678165649,17.8687105732818
658.599999999902,0.142810149084425,1.23520193338481,2.81753221601119,3.4405809959827,4.78616535196683,5.75923322934569,6.64525260812042,7.38577852233485,8.5726193525501,9.72892266221742,10.5649645128541,11.25408456376,13.2080776547885,14.5160992862438,,,14.6397639635262,15.8796930711517,16.5464724831296,17.8920503658697
659.199999999902,0.14337981614124,1.23215066118562,2.77416242301188,3.4387464635018,4.78178998896209,5.77540570571184,6.6584608962941,7.36388709056571,8.57274168570275,9.72225292084931,10.5827969980145,11.254596273051,13.2258540253681,14.4320006850655,,,14.643535068924,15.8686726934625,16.5242771496944,17.9153901584575
659.799999999902,0.143949483198054,1.22909938898643,2.73079263001257,3.4369119310209,4.77741462595735,5.791578182078,6.67166918446777,7.34199565879656,8.57286401885541,9.71558317948116,10.600629483175,11.255107982342,13.2436303959477,14.3479020838872,,,14.6473061743219,15.8576523157732,16.5020818162591,17.9387299510454
660.399999999901,0.144519150254869,1.22604811678724,2.68742283701326,3.43507739854,4.77303926295261,5.80775065844415,6.68487747264145,7.32010422702741,8.5729712068958,9.70863149860676,10.6184619683354,11.2556196916329,13.2614067665273,14.263803482709,,,14.6510772797197,15.846631938084,16.4798864828238,17.9620697436333
660.999999999901,0.145088817311683,1.22299684458805,2.64405304401394,3.43324286605909,4.76866389994787,5.82392313481031,6.69808576081513,7.29821279525826,8.57275095813726,9.70159761177181,10.6362944534959,11.2561314009239,13.2791831371069,14.1797048815307,,,14.6548483851176,15.8356115603947,16.4576911493885,17.9854095362211
661.599999999901,0.145658484368498,1.21994557238886,2.60068325101463,3.43140833357819,4.76428853694313,5.84009561117647,6.71129404898881,7.27632136348912,8.57255126846936,9.69446161728047,10.6541269386563,11.2566431102148,13.2969595076865,14.0956062803524,,,14.6586194905154,15.8245911827054,16.4354958159533,18.008749328809
662.199999999901,0.146228151425313,1.21689430018968,2.55731345801532,3.42957380109729,4.75991317393839,5.85626808754262,6.72450233716248,7.25442993171997,8.57196700730462,9.68673110572885,10.6719594238168,11.2571548195058,13.3147358782661,14.0115076791742,,,14.6623905959132,15.8135708050162,16.413300482518,18.0320891213969
662.799999999901,0.146797818482128,1.21384302799049,2.51394366501601,3.42773926861638,4.75553781093365,5.87244056390878,6.73771062533616,7.23253849995082,8.57162391782762,9.67958285077054,10.6897919089773,11.2576665287967,13.3325122488457,13.9274090779959,,,14.6620701065431,15.8034357697384,16.3911051490827,18.0554289139848
663.399999999901,0.147262668752226,1.21011862610431,2.47057387201669,3.42590473613548,4.75116244792891,5.88430876985646,6.75507417192131,7.21476573151729,8.57248822370101,9.674534814727,10.7076243941377,11.2594248800767,13.3502886194253,13.8433104768176,,,14.6607368387503,15.7916483844861,16.3689098156474,18.0787687065726
663.999999999901,0.147023670430264,1.20241991275378,2.42720407901738,3.42407020365458,4.74817056241965,5.89547922864619,6.77081752387845,7.20101337071772,8.57422572140564,9.67230851812485,10.7103039220286,11.2534058765361,13.368064990005,13.7592118756394,,,14.6625054241765,15.7812220547251,16.3365115874189,18.1077293128881
664.599999999901,0.142714318727288,1.19429948776402,2.38383428601807,3.42223567117367,4.75270418427997,5.89900054739416,6.79789453694782,7.18775411285776,8.57519534869236,9.67105731478733,10.7022830147964,11.2459727969724,13.3593101766451,13.7119088041343,,,14.6649650178945,15.7762429915712,16.3266643319164,18.1264305566014
665.199999999901,0.13982629169218,1.19080096223177,2.39192381395766,3.43395539602485,4.77234990830875,5.9134894313985,6.83666486131259,7.18090710847865,8.57611157519969,9.67319911144986,10.6813247862869,11.2451729525373,13.3373070332664,13.6911158633653,,,14.6653674880329,15.7787280074074,16.328028815006,18.1193321190512
665.799999999901,0.137545694929113,1.19520700424368,2.40001334190576,3.44567512087827,4.78413323842803,5.91581468595658,6.87642219590543,7.18082260494596,8.57466092981778,9.67329014391082,10.6564103452857,11.2453158762797,13.3153038898856,13.6707228377178,,,14.658478129907,15.7811728701983,16.3268333040713,18.0993584494981
666.399999999901,0.135360287906571,1.20268886478423,2.40810286985386,3.45739484573169,4.79755507862321,5.92030558161423,6.89998980990562,7.20059778944258,8.57034398443927,9.67116112895453,10.6310731729788,11.2437023564489,13.2933007465047,13.6503298120702,,,14.6599725228228,15.7803108969786,16.3256377931362,18.0793847799429
666.9999999999,0.133174880884046,1.2101707253253,2.41619239780197,3.4691145705851,4.81097691881865,5.92479647727224,6.92355742390314,7.22037297394249,8.56467276309574,9.66623426783762,10.6057360006718,11.2420888366178,13.2712976031239,13.6299367864227,,,14.6631400480635,15.7765481681339,16.3244422822011,18.0594111103876
667.5999999999,0.130989473861521,1.21765258586636,2.42428192575007,3.48083429543852,4.8243987590141,5.92928737293024,6.94712503790064,7.2401481584424,8.56050627690785,9.66132064252717,10.5803988283648,11.2404753167867,13.249294459743,13.6095437607752,,,14.666285012785,15.773182828093,16.323246771266,18.0394374408324
668.1999999999,0.128804066838995,1.22513444640742,2.43237145369817,3.49255402029194,4.83782059920954,5.93377826858825,6.97069265189815,7.25992334294231,8.55665312332807,9.65541055589663,10.5550616560579,11.2388617969556,13.2272913163621,13.5891507351277,,,14.6694299775065,15.7698174880522,16.3220512603309,18.0194637712771
668.7999999999,0.12661865981647,1.23261630694848,2.44046098164628,3.50427374514535,4.85124243940499,5.93826916424626,6.99426026589565,7.27969852744222,8.55262135549155,9.6492467018808,10.5297244837509,11.2372482771246,13.2052881729813,13.5687577094801,,,14.672574942228,15.7664521480114,16.3208557493959,17.9994901017219
669.3999999999,0.124433252793944,1.24009816748954,2.44855050959438,3.51599346999877,4.86466427960043,5.94276005990426,7.01782787989317,7.29947371194213,8.54859319252191,9.64292414831466,10.5043873114439,11.2356347572935,13.1832850296004,13.5483646838326,,,14.6757199069494,15.7630868079705,16.3196602384608,17.9795164321666
669.9999999999,0.122247845771419,1.2475800280306,2.45664003754248,3.52771319485219,4.87808611979588,5.94725095556227,7.04139549389067,7.31924889644204,8.54456502955227,9.63674471824914,10.479050139137,11.2340212374624,13.1612818862195,13.5279716581851,,,14.6788648716709,15.7597214679297,16.3184647275257,17.9595427626114
670.5999999999,0.120062438748893,1.25506188857166,2.46472956549058,3.53943291970561,4.89150795999132,5.95174185122028,7.06496310788818,7.33902408094195,8.54053686658263,9.63056528818364,10.45371296683,11.2324077176313,13.1392787428387,13.5075786325376,,,14.6820098363924,15.7563561278889,16.3172692165906,17.9395690930561
671.1999999999,0.117877031726368,1.26254374911272,2.47281909343869,3.55115264455902,4.90492980018677,5.95623274687828,7.08853072188569,7.35879926544186,8.53649880139716,9.62457491210223,10.428375794523,11.2307941978002,13.1172755994578,13.48718560689,,,14.6851548011138,15.7529907878481,16.3160737056555,17.9195954235009
671.7999999999,0.115691624703843,1.27002560965378,2.48090862138679,3.56287236941244,4.91835164038221,5.96072364253629,7.1120983358832,7.37857444994177,8.53289544019188,9.61879830195417,10.4030386222161,11.2291806779692,13.095272456077,13.4667925812425,,,14.6882997658353,15.7496254478072,16.3148781947204,17.8996217539456
672.3999999999,0.113506217681318,1.27750747019484,2.48899814933489,3.57459209426586,4.93177348057766,5.9652145381943,7.13566594988071,7.39834963444168,8.52934315752,9.61301600967675,10.3777014499091,11.2275671581381,13.0732693126961,13.446399555595,,,14.6914447305568,15.7462601077664,16.3136826837853,17.8796480843904
672.9999999999,0.111320810658792,1.28498933073591,2.49708767728299,3.58631181911928,4.9451953207731,5.9697054338523,7.15923356387821,7.41812481894159,8.52608659030535,9.60863139685545,10.3523642776021,11.225953638307,13.0512661693152,13.4260065299475,,,14.6945896952783,15.7428947677256,16.3124871728502,17.8596744148351
673.599999999899,0.109135403636266,1.29247119127697,2.5051772052311,3.59803154397269,4.95861716096855,5.97419632951031,7.18280117787572,7.43790000344151,8.52249516383334,9.60610029454648,10.3270271052952,11.2243401184759,13.0292630259344,13.4056135043,,,14.6987367038214,15.7409001487888,16.3112916619151,17.8397007452799
674.199999999899,0.106917914713436,1.29906172718732,2.5132667331792,3.60975126882611,4.97203900116399,5.98299172663306,7.20393778450567,7.46115640198871,8.51925183463259,9.60480437150891,10.3016899329882,11.2234935460929,13.0072598825535,13.3852204786524,,,14.6972158069707,15.7394127764145,16.3100961509801,17.8197270757246
674.799999999899,0.103242492371591,1.30193306525088,2.5213562611273,3.62147099367953,4.97868223599873,5.99392226237957,7.20783281957477,7.47408152647067,8.51699422127949,9.60392964977444,10.3009124583689,11.2256772246742,12.9852567391727,13.3648274530049,,,14.6858752295243,15.7384543020233,16.3093721488182,17.7932885951904
675.399999999899,0.101997777212741,1.29888085170741,2.5294457890754,3.63319071853295,4.97145674393533,5.9946834926021,7.18868883260649,7.48223031646086,8.51550809101929,9.60521766183889,10.3139701920748,11.2302608194999,12.9632949878192,13.3363218826725,,,14.6785597399979,15.7346770994911,16.305428144381,17.7747600039418
675.999999999899,0.0978862650814398,1.29189380881901,2.53062605896794,3.64538180352364,4.94027897002796,5.98633431354284,7.15867268648155,7.48726389672335,8.51420028109957,9.60436710604381,10.3235153423583,11.2176159585427,12.9106261002068,13.3177569642527,,,14.6732411005943,15.7328917295407,16.3130323645029,17.7711582474459
676.599999999899,0.0953214590494939,1.28007763918134,2.53180632885932,3.65757288851442,4.92229213523366,5.97714138492157,7.12896277980444,7.48317920102545,8.51446945720776,9.60516015563067,10.317993156712,11.2074584751422,12.8579572125892,13.2989894845409,,,14.6713940514679,15.7321270462552,16.3113542767921,17.7828620870996
677.199999999899,0.0933895534563414,1.26668653886788,2.5329865987507,3.66976397350519,4.90270861929492,5.9674870681023,7.08679106061439,7.46213079401541,8.51492701268315,9.60689846947034,10.3123191007322,11.1945881479323,12.8052883249716,13.2802220048289,,,14.6636142590958,15.7354384707482,16.3096761890797,17.7945659267558
677.799999999899,0.091457647863296,1.25329543855416,2.53416686864208,3.68195505849597,4.88312510335592,5.95783275128295,7.04461934142225,7.44108238700252,8.51694598407886,9.61180316913914,10.3066450447524,11.181717820722,12.752619437354,13.261454525117,,,14.6541392354526,15.7475592567223,16.3079981013673,17.806269766412
678.399999999899,0.0895257422702501,1.23990433824043,2.53534713853345,3.69414614348674,4.86354158741691,5.94817843446359,7.00244762223009,7.42003397998963,8.51717115158504,9.61639327347637,10.3009709887726,11.1688474935116,12.6999505497364,13.2426870454051,,,14.6442616297071,15.7592940228151,16.306320013655,17.8179736060682
678.999999999899,0.0875938366772041,1.22651323792671,2.53652740842483,3.70633722847751,4.8439580714779,5.93852411764424,6.96027590303795,7.39898557297674,8.51754652615165,9.62171214430565,10.2952969327928,11.1559771663013,12.6472816621188,13.2239195656932,,,14.6343840239616,15.7710287889078,16.3046419259426,17.8296774457243
679.599999999899,0.0856619310841584,1.21312213761299,2.53770767831621,3.71852831346829,4.82437455553889,5.92886980082489,6.9181041838458,7.37793716596385,8.51837561962719,9.62732047121693,10.289622876813,11.1431068390909,12.5946127745012,13.2051520859813,,,14.6245064182161,15.7827635550005,16.3029638382302,17.8413812853805
680.199999999898,0.0837300254911121,1.19973103729927,2.53888794820759,3.73071939845906,4.80479103959989,5.91921548400554,6.87593246465366,7.35688875895096,8.51906275757792,9.63306414788338,10.2839488208332,11.1302365118806,12.5419438868836,13.1863846062693,,,14.6146288124706,15.7944983210933,16.3012857505178,17.8530851250367
680.799999999898,0.0817981198980663,1.18633993698555,2.54006821809896,3.74291048344984,4.78520752366088,5.90956116718619,6.83376074546151,7.33584035193806,8.51974989552862,9.63897586921626,10.2782747648535,11.1173661846702,12.489274999266,13.1676171265574,,,14.6047512067251,15.806233087186,16.2996076628055,17.8647889646929
681.399999999898,0.0798662143050207,1.17294883667182,2.54124848799034,3.75510156844061,4.76562400772187,5.89990685036683,6.79158902626936,7.31479194492518,8.52043703347933,9.64488759054917,10.2726007088737,11.1044958574599,12.4366061116484,13.1488496468455,,,14.5948736009796,15.8179678532787,16.2979295750931,17.8764928043491
681.999999999898,0.0779343087119747,1.1595577363581,2.54242875788172,3.76729265343139,4.74604049178286,5.89025253354748,6.74941730707722,7.29374353791229,8.52116630429474,9.65079519528339,10.2669266528939,11.0916255302495,12.3839372240308,13.1300821671336,,,14.5849959952342,15.8297026193714,16.2962514873807,17.8881966440053
682.599999999898,0.0760024031189291,1.14616663604438,2.5436090277731,3.77948373842216,4.72645697584386,5.88059821672813,6.70724558788508,7.27269513089939,8.52173371600634,9.65634982052426,10.2612525969141,11.0787552030392,12.3312683364132,13.1113146874217,,,14.5751183894887,15.8414373854642,16.2945733996684,17.8999004836615
683.199999999898,0.0740704975258831,1.13277553573066,2.54478929766447,3.79167482341294,4.70687345990485,5.87094389990878,6.66507386869293,7.2516467238865,8.52216243341392,9.66189229499241,10.2555785409343,11.0658848758288,12.2785994487956,13.0925472077097,,,14.5652407837432,15.8531721515569,16.292895311956,17.9116043233177
683.799999999898,0.0721385919328371,1.11938443541694,2.54596956755585,3.80386590840371,4.68728994396584,5.86128958308943,6.62290214950078,7.23059831687361,8.52280632335422,9.66643754144605,10.2499044849545,11.0530145486185,12.225930561178,13.0737797279978,,,14.5553631779977,15.8649069176496,16.2912172242436,17.9233081629739
684.399999999898,0.0702066863397918,1.10599333510321,2.54714983744723,3.81605699339449,4.66770642802683,5.85163526627008,6.58073043030864,7.20954990986072,8.5231013448274,9.6675163881648,10.2442304289747,11.0401442214081,12.1732616735604,13.0550122482859,,,14.5488302523088,15.8739640183597,16.2895391365312,17.9350120026301
684.999999999898,0.0684792364095784,1.09442834115349,2.54833010733861,3.82824807838526,4.64812291208783,5.8379260547641,6.53603239185953,7.18062422013549,8.52232867331936,9.66307860324912,10.2385563729949,11.0278896671976,12.1205927859428,13.036244768574,,,14.5463473992142,15.8840373782116,16.2878610488189,17.9467158422863
685.599999999898,0.0689232819472134,1.09054393116524,2.54951037722998,3.84043916337603,4.63379212126175,5.81952925929475,6.50048696306989,7.15807254431317,8.51944309567708,9.65599633948028,10.2123781898608,11.0173579620789,12.0679238983252,13.0174772888621,,,14.546630295448,15.8916691973125,16.2792101821582,17.9554855139601
686.199999999897,0.0752519274424079,1.09919893568066,2.55069064712136,3.85263024836681,4.62280700226339,5.81715110659641,6.49131558534864,7.14008901918949,8.51559138184166,9.64793781855945,10.2108534216586,11.003539561334,12.0386029901821,13.053166737845,,,14.542318866441,15.9015417497548,16.2961507111476,17.950759093009
686.799999999897,0.0871481722557986,1.11195510304702,2.58185161133831,3.8544291464358,4.63833529850511,5.81829766063035,6.48419326539412,7.12052566306328,8.51136957802425,9.64265659447219,10.2177489475467,11.0043314740567,12.0714812604368,13.124690816049,,,14.5365374591484,15.8998672478168,16.3009072318387,17.9348181971686
687.399999999897,0.097244342460624,1.12550426045656,2.61301257556038,3.85622804450302,4.65773556718941,5.83684708663905,6.46343433225011,7.11190345147027,8.50792994554857,9.63573915387412,10.250756974194,11.0054101186538,12.1043595307022,13.1943241787631,,,14.5316411941225,15.9003053441374,16.3278574807378,17.9073472837699
687.999999999897,0.106166625282183,1.13666598252409,2.64417353978245,3.85802694257024,4.67958899420949,5.85549716272253,6.46286188756617,7.10647345274783,8.5056199563819,9.6268982203971,10.2781038891641,11.0089270007501,12.1372378009676,13.263957541477,,,14.5276542914268,15.8985915674293,16.3548077296407,17.8798763703693
688.599999999897,0.115088908103542,1.14782770459122,2.67533450400452,3.85982584063746,4.70144242122999,5.87414723880603,6.46228944288569,7.10104345402593,8.50169429297707,9.61378597853434,10.3054508041332,11.0124438828469,12.1701160712329,13.3335909041908,,,14.5250406766514,15.8899168945642,16.3817579785436,17.8524054569687
689.199999999897,0.1240111909249,1.15898942665835,2.70649546822658,3.86162473870469,4.7232958482505,5.89279731488953,6.46171699820521,7.09561345530405,8.49789012198614,9.59958727806329,10.3327977191022,11.0159607649436,12.2029943414983,13.4032242669047,,,14.5229408163059,15.8816831472939,16.4087082274464,17.8249345435681
689.799999999897,0.132933473746258,1.17015114872548,2.73765643244865,3.8634236367719,4.745149275271,5.91144739097303,6.46114455352473,7.09018345658215,8.49387279854619,9.58476044178087,10.3601446340713,11.0194776470403,12.2358726117637,13.4728576296185,,,14.5208409559605,15.8734494000237,16.4356584763493,17.7974636301675
690.399999999897,0.141855756567617,1.1813128707926,2.76881739667072,3.86522253483913,4.76700270229151,5.93009746705653,6.46057210884425,7.08475345786026,8.4895243593849,9.56959264975015,10.3874915490404,11.0229945291371,12.268750882029,13.5424909923324,,,14.5187410956151,15.8652156527535,16.4626087252522,17.7699927167669
690.999999999897,0.150778039388976,1.19247459285973,2.79997836089279,3.86702143290635,4.78885612931201,5.94874754314003,6.45999966416376,7.07932345913836,8.48525855139476,9.55414708247303,10.4148384640095,11.0265114112338,12.3016291522944,13.6121243550462,,,14.5166412352698,15.8569819054833,16.4895589741551,17.7425218033663
691.599999999897,0.159700322210334,1.20363631492686,2.83113932511486,3.86882033097357,4.81070955633252,5.96739761922353,6.45942721948329,7.07389346041647,8.48099274340462,9.53847694393317,10.4421853789786,11.0300282933306,12.3345074225598,13.68175771776,,,14.5145413749244,15.8487481582131,16.5165092230579,17.7150508899656
692.199999999897,0.168622605031693,1.21479803699399,2.86230028933693,3.87061922904079,4.83256298335302,5.98604769530703,6.4588547748028,7.06846346169458,8.47672693541449,9.52280680539327,10.4695322939477,11.0335451754273,12.3673856928251,13.7513910804739,,,14.512441514579,15.8405144109429,16.5434594719608,17.687579976565
692.799999999896,0.177544887853051,1.22595975906112,2.893461253559,3.87241812710801,4.85441641037352,6.00469777139053,6.45828233012232,7.06303346297269,8.47244403183673,9.50709773064807,10.4968792089168,11.0370620575241,12.4002639630905,13.8210244431877,,,14.5103416542336,15.8322806636727,16.5704097208637,17.6601090631644
693.399999999896,0.18646717067441,1.23712148112824,2.92462221778107,3.87421702517523,4.87626983739403,6.02334784747404,6.45770988544184,7.0576034642508,8.46798736691077,9.49167691338733,10.5242261238859,11.0405789396208,12.4331422333559,13.8906578059016,,,14.5082417938882,15.8240469164025,16.5973599697666,17.6326381497638
693.999999999896,0.195389453495768,1.24828320319537,2.95578318200314,3.87601592324245,4.89812326441453,6.04199792355753,6.45713744076136,7.0521734655289,8.46367402279031,9.47597912659939,10.551573038855,11.0440958217175,12.4660205036213,13.9602911686154,,,14.5061419335428,15.8158131691323,16.6243102186694,17.6051672363632
694.599999999896,0.204311736317126,1.2594449252625,2.98694414622521,3.87781482130967,4.91997669143504,6.06064799964104,6.45656499608088,7.046743466807,8.45856388971547,9.45939584115342,10.5789199538241,11.0476127038143,12.4988987738866,14.0299245313292,,,14.5040420731974,15.8075794218621,16.6512604675723,17.5776963229626
695.199999999896,0.213234019138485,1.27060664732963,3.01810511044728,3.87961371937689,4.94183011845554,6.07929807572454,6.4559925514004,7.04131346808512,8.45471453161699,9.44574825081185,10.6062668687932,11.051129585911,12.531777044152,14.0995578940431,,,14.4991944160579,15.8002528569029,16.6782107164752,17.550225409562
695.799999999896,0.221881875679961,1.28007231532011,3.04926607466935,3.88141261744411,4.96368354547605,6.09719247146064,6.46076830198894,7.04290248145347,8.45209221511939,9.44001139278323,10.6336137837623,11.0535981333192,12.5646553144174,14.1691912567569,,,14.4930686291136,15.7939221735812,16.7051609653781,17.5227544961614
696.399999999896,0.229780503060429,1.28625625438041,3.08042703889142,3.88321151551133,4.98487684693297,6.11971751003198,6.46991511704154,7.04143340619086,8.45111438077659,9.43964942768628,10.6677726077285,11.0568209773043,12.5975335846827,14.2388246194707,,,14.4908929472437,15.7903864640866,16.7450539056141,17.5076445794094
696.999999999896,0.228036440654992,1.28066864465245,3.11158800311349,3.88501041357855,4.99873563337686,6.13260153662292,6.46592132358219,7.03839246534789,8.45093394403149,9.43829525348684,10.664033025439,11.0661253557354,12.6084759397434,14.2558519253654,,,14.4886444317613,15.7817807968263,16.7503785189643,17.5105453025918
697.599999999896,0.21959143215833,1.27363531524742,3.12309597266359,3.90629014440631,4.96932038438316,6.13453499089094,6.46174278098504,7.04000694214465,8.45066889922948,9.43611828886888,10.639461270478,11.0641467679836,12.6239805033361,14.2741532465216,,,14.4853249922026,15.7780991319659,16.7454141228308,17.5248982382931
698.199999999896,0.213446889781495,1.27174223901714,3.13460394221027,3.92756987523746,4.92152659681617,6.11617956020085,6.47357983482469,7.0397991659298,8.44983278362381,9.43866297209965,10.6063592348816,11.0639897133038,12.6394850669295,14.2988660594524,,,14.4820681252085,15.7732625342916,16.7172135921645,17.5531995051633
698.799999999896,0.208121929180273,1.2742893298095,3.14611191175696,3.94884960606861,4.87347048404003,6.09481019330392,6.46799292353721,7.04521965591943,8.44802807364248,9.4461106458552,10.5745578132583,11.0647362248776,12.654989630523,14.3235788723842,,,14.478913120472,15.7658220284943,16.6890130614941,17.581500772036
699.399999999895,0.202796968579193,1.27683642060262,3.15761988130364,3.97012933689976,4.82541437126385,6.07344082640647,6.46240601224669,7.05064014591003,8.44816525261981,9.45772416828566,10.5427563916352,11.0654827364515,12.6704941941164,14.348291685316,,,14.4739986567294,15.7573373711283,16.6608125308237,17.6098020389086
699.999999999895,0.197472007978113,1.27938351139575,3.16912785085033,3.99140906773091,4.77735825848766,6.05207145950902,6.45681910095617,7.05606063590064,8.44904993654575,9.47071429382054,10.5109549700121,11.0662292480255,12.6859987577099,14.3730044982479,,,14.4689338143139,15.7483841124011,16.6326120001533,17.6381033057813
700.599999999895,0.192147047377033,1.28193060218888,3.18063582039701,4.01268879856206,4.72930214571148,6.03070209261157,6.45123218966565,7.06148112589124,8.45041865226176,9.48467319700448,10.479153548389,11.0669757595994,12.7015033213033,14.3977173111797,,,14.4638689718984,15.7394308536738,16.604411469483,17.6664045726539
701.199999999895,0.186822086775953,1.284477692982,3.1921437899437,4.03396852939321,4.6812460329353,6.00933272571412,6.44564527837513,7.06690161588185,8.45189752770447,9.49861954947334,10.4473521267659,11.0677222711734,12.7170078848968,14.4224301241115,,,14.4588041294829,15.7304775949466,16.5762109388126,17.6947058395266
701.799999999895,0.181497126174874,1.28702478377513,3.20365175949039,4.05524826022435,4.63318992015911,5.98796335881667,6.44005836708461,7.07232210587245,8.45330811236164,9.5129582452435,10.4155507051428,11.0684687827473,12.7325124484903,14.4471429370433,,,14.4537392870674,15.7215243362193,16.5480104081422,17.7230071063992
702.399999999895,0.176172165573793,1.28957187456825,3.21515972903707,4.0765279910555,4.58513380738293,5.96659399191921,6.4344714557941,7.07774259586306,8.45471869701879,9.52729912792537,10.3837492835197,11.0692152943213,12.7480170120837,14.4718557499752,,,14.4486744446519,15.7125710774921,16.5198098774719,17.7513083732719
702.999999999895,0.170847204972714,1.29211896536138,3.22666769858376,4.09780772188665,4.53707769460675,5.94522462502176,6.42888454450357,7.08316308585367,8.45612928167594,9.54164001060725,10.3519478618966,11.0699618058952,12.7635215756772,14.496568562907,,,14.4436096022363,15.7036178187648,16.4916093468015,17.7796096401445
703.599999999895,0.165522244371635,1.2946660561545,3.23817566813044,4.1190874527178,4.48902158183057,5.92385525812431,6.42329763321306,7.08858357584427,8.45755960624549,9.55619815846922,10.3201464402735,11.0707083174692,12.7790261392706,14.5212813758388,,,14.4385447598208,15.6946645600375,16.4634088161311,17.8079109070172
704.199999999895,0.160197283770554,1.29721314694763,3.24968363767713,4.14036718354895,4.44096546905438,5.90248589122686,6.41771072192254,7.09400406583488,8.45940746138591,9.57093424805158,10.2883450186504,11.0714548290431,12.7945307028641,14.5459941887707,,,14.4334799174053,15.6857113013103,16.4352082854607,17.8362121738898
704.799999999895,0.154872323169475,1.29976023774076,3.26119160722381,4.1616469143801,4.3929093562782,5.88111652432941,6.41212381063202,7.09942455582548,8.46160370027697,9.58643258015536,10.2565435970273,11.0722013406171,12.8100352664575,14.5707070017025,,,14.4284150749898,15.676758042583,16.4070077547904,17.8645134407624
705.399999999895,0.149547362568395,1.30230732853388,3.2726995767705,4.18292664521125,4.34485324350201,5.85974715743196,6.4065368993415,7.10484504581609,8.46397328587057,9.6039311324242,10.2247421754042,11.072947852191,12.825539830051,14.5954198146343,,,14.4233502325743,15.6678047838557,16.37880722412,17.8928147076351
705.999999999894,0.144222401967315,1.30485441932701,3.28420754631719,4.2042063760424,4.29679713072583,5.83837779053451,6.40094998805098,7.11026553580669,8.46628679062949,9.6215421994497,10.1929407537811,11.073694363765,12.8410443936444,14.6201326275662,,,14.4205515270344,15.6611928696376,16.3506066934496,17.9211159745077
706.599999999894,0.139018814702229,1.30858292333712,3.29571551586387,4.22548610687355,4.24874101794965,5.82143416748126,6.39111949755464,7.10997851776013,8.46679559408129,9.63330806114133,10.161139332158,11.074003281291,12.8565489572379,14.644845440498,,,14.4196665433947,15.6505075022856,16.3224061627792,17.9494172413804
707.199999999894,0.13385549190636,1.31207082779036,3.30722348541056,4.2467658377047,4.20146980834808,5.80922052198315,6.38863880482304,7.11762739368408,8.466947249362,9.63829655589435,10.1261532328811,11.0732772080214,12.8720535208313,14.6695582534298,,,14.4182860046399,15.6374437295329,16.2936639709008,17.9606389093955
707.799999999894,0.133105547447131,1.31697385310792,3.31873145495724,4.26804556853585,4.17322401215988,5.7953051386299,6.38773941076657,7.12793792991602,8.46698368570928,9.64225603599422,10.119296611278,11.068873175328,12.9085450280543,14.7050092269558,,,14.4187649064928,15.6322164424083,16.2772327255677,17.9569520088294
708.399999999894,0.135476537499314,1.31787371341323,3.2680128111058,4.23645541977986,4.18830718821064,5.78192905417134,6.39192550048792,7.14067305506856,8.46764786375845,9.64301552015719,10.1378915741261,11.0809777282278,12.9495031697789,14.7067010364813,,,14.422136651914,15.6306776083512,16.289102797871,17.9527310300639
708.999999999894,0.133972223565286,1.31032127310512,3.21729416724338,4.20486527101454,4.21766141457859,5.77739153894188,6.39033030026258,7.15483368512186,8.46785139974723,9.63622487407739,10.1532248863844,11.0869153440471,12.9904613115043,14.7018648557834,,,14.4261178473266,15.6273259182945,16.3071696657676,17.9372679649393
709.599999999894,0.13257696172046,1.29999320932419,3.16657552338097,4.17327512224923,4.24391291577079,5.77968166444438,6.38986362703225,7.16692124736346,8.46855736494636,9.62396584707306,10.1789662115243,11.0933168823208,13.0314194532297,14.6970286750843,,,14.4250376376185,15.6274699032227,16.3252365336653,17.9218048998126
710.199999999894,0.131181699875654,1.28966514554277,3.11585687951855,4.14168497348391,4.27016441696243,5.78197178994809,6.38939695380212,7.1790088096047,8.46737829026344,9.60935073323064,10.2047075366661,11.0997184205945,13.072377594955,14.6921924943852,,,14.4269019442075,15.6317925931058,16.343303401563,17.906341834686
710.799999999894,0.129786438030847,1.27933708176135,3.06513823565613,4.11009482471859,4.29641591815408,5.7842619154518,6.388930280572,7.19109637184594,8.46596617100451,9.59419324033136,10.2304488618078,11.1061199588683,13.1133357366804,14.6873563136861,,,14.4287997510408,15.6364644803889,16.3613702694607,17.8908787695594
711.399999999894,0.12839117618604,1.26900901797993,3.01441959179372,4.07850467595328,4.32266741934572,5.7865520409555,6.38846360734186,7.20318393408717,8.46400013754233,9.57888373413458,10.2561901869496,11.112521497142,13.1542938784058,14.682520132987,,,14.430697557874,15.6411363676721,16.3794371373583,17.8754157044327
711.999999999894,0.126995914341234,1.25868095419851,2.9637009479313,4.04691452718796,4.34891892053737,5.78884216645921,6.38799693411174,7.21527149632841,8.46185509195145,9.56415244682356,10.2819315120914,11.1189230354157,13.1952520201311,14.6776839522879,,,14.4325953647073,15.6458082549553,16.397504005256,17.8599526393061
712.599999999893,0.125600652496427,1.24835289041709,2.91298230406888,4.01532437842265,4.37517042172902,5.79113229196291,6.38753026088161,7.22735905856965,8.45986110332065,9.54920231946758,10.3076728372331,11.1253245736895,13.2362101618565,14.6728477715889,,,14.4344931715405,15.6504801422385,16.4155708731537,17.8444895741795
713.199999999893,0.124205390651621,1.23802482663567,2.86226366020647,3.98373422965733,4.40142192292066,5.79342241746662,6.38706358765148,7.23944662081089,8.45786711468987,9.53434496561925,10.3334141623749,11.1317261119632,13.2771683035819,14.6680115908898,,,14.4363909783737,15.6551520295217,16.4336377410514,17.8290265090529
713.799999999893,0.122810128806814,1.22769676285425,2.81154501634405,3.95214408089202,4.42767342411231,5.79571254297032,6.38659691442135,7.25153418305212,8.45587312605909,9.51948761177094,10.3591554875166,11.138127650237,13.3181264453072,14.6631754101907,,,14.438288785207,15.6598239168049,16.4517046089491,17.8135634439262
714.399999999893,0.121414866962008,1.21736869907283,2.76082637248163,3.9205539321267,4.45392492530395,5.79800266847403,6.38613024119123,7.26362174529336,8.45383487724832,9.50452746299038,10.3848968126584,11.1445291885107,13.3590845870326,14.6583392294916,,,14.4401865920402,15.6644958040881,16.4697714768468,17.7981003787996
714.999999999893,0.120019605117202,1.20704063529141,2.71010772861921,3.88896378336138,4.4801764264956,5.80029279397774,6.38566356796109,7.27570930753459,8.45147931768931,9.48937298474288,10.4106381378001,11.1509307267845,13.4000427287579,14.6535030487925,,,14.4420843988734,15.6691676913713,16.4878383447445,17.782637313673
715.599999999893,0.118624343272394,1.19671257150999,2.6593890847568,3.85737363459607,4.50642792768725,5.80258291948144,6.38519689473096,7.28779686977584,8.44844837453616,9.47379014387744,10.4363794629419,11.1573322650582,13.4410008704833,14.6486668680935,,,14.4439822057067,15.6738395786544,16.5059052126421,17.7671742485463
716.199999999893,0.117229081427588,1.18638450772857,2.60867044089438,3.82578348583075,4.53267942887889,5.80487304498515,6.38473022150083,7.29988443201707,8.4456665044262,9.45669369412913,10.4621207880837,11.163733803332,13.4819590122087,14.6438306873944,,,14.4458800125399,15.6785114659376,16.5239720805398,17.7517111834197
716.799999999893,0.115833819582782,1.17605644394715,2.55795179703196,3.79419333706544,4.55893093007054,5.80716317048885,6.38426354827071,7.31197199425831,8.44084203293638,9.43866284158805,10.4878621132254,11.1701353416057,13.522917153934,14.6389945066953,,,14.443513948727,15.6806541736726,16.5420389484375,17.7362481182931
717.399999999893,0.114415012040207,1.16416967614276,2.50723315316954,3.76260318830012,4.58518243126218,5.80666098030926,6.38630998378297,7.33062061884603,8.43868477561966,9.42386245321905,10.5136034383672,11.1784249160122,13.5638752956594,14.6341583259962,,,14.4400611699289,15.6877483231644,16.5601058163352,17.7207850531665
717.999999999893,0.109727373895392,1.14841653245828,2.45651450930713,3.7310130395348,4.60880741639899,5.79203314669929,6.38453043442123,7.34470915958317,8.43688859436575,9.41372377870219,10.5526381323959,11.1881002242108,13.6048334373848,14.6293221452971,,,14.4362370220703,15.6955149910044,16.5717414972945,17.7186348931956
718.599999999893,0.102832545905679,1.13526220614153,2.40579586544471,3.69942289076949,4.62132489260418,5.78066841881032,6.38771847871547,7.36138674727455,8.43484264982011,9.40687229176064,10.5728264124055,11.1970900850212,13.6134942709521,14.613926452717,,,14.4309369229916,15.6963106950923,16.569125525565,17.7217024162137
719.199999999892,0.0936498217971665,1.13078007723617,2.44506221731877,3.74774210213576,4.61019834838425,5.77677964215997,6.39481869143187,7.37077225501171,8.43219916722096,9.40258214616737,10.5843394856061,11.194047803205,13.5669691570841,14.5924569703389,,,14.4237817005832,15.6930621918171,16.55521934641,17.7231542166351
719.799999999892,0.0861142385363045,1.13329020564084,2.48432856920895,3.79606131351635,4.59683260424929,5.767010492004,6.40564526326869,7.37041041601251,8.42930791940616,9.40303478638543,10.6237819927939,11.2012108537851,13.5204440432061,14.5752095369845,,,14.4138486302267,15.6893743967773,16.5562890677866,17.7267571795094
720.399999999892,0.0800837249744749,1.13868918842173,2.52359492109914,3.84438052489694,4.58579179043204,5.7492409226846,6.4303031448063,7.37336353547886,8.42573344774899,9.40658020238389,10.6518039977011,11.2115925061906,13.4739189293281,14.5579621036309,,,14.4138149954206,15.6830370847613,16.5573587891658,17.7303601423841
720.999999999892,0.0740532114129157,1.14408817120314,2.56286127298933,3.89269973627753,4.57475097661521,5.73147135336377,6.45496102634638,7.3763166549458,8.42385596431214,9.41021209952842,10.6798260026063,11.2219741585966,13.4273938154502,14.5407146702773,,,14.4122891407467,15.6767954911381,16.558428510545,17.7339631052587
721.599999999892,0.0680226978513562,1.14948715398455,2.60212762487951,3.94101894765812,4.56371016279838,5.71370178404294,6.47961890788647,7.37926977441273,8.42231459450219,9.41392027075582,10.7078480075114,11.2323558110027,13.3808687015722,14.5234672369237,,,14.4108456711716,15.6700789758175,16.5594982319242,17.7375660681334
722.199999999892,0.061992184289797,1.15488613676595,2.6413939767697,3.98933815903871,4.55266934898155,5.69593221472211,6.50427678942656,7.38222289387967,8.42085852551514,9.41673347279971,10.7358700124166,11.2427374634087,13.3343435876942,14.50621980357,,,14.4094022015965,15.6633624604968,16.5605679533033,17.7411690310081
722.799999999892,0.0559616707282379,1.16028511954736,2.68066032865988,4.03765737041931,4.54162853516471,5.67816264540128,6.52893467096665,7.38517601334661,8.4195560545005,9.41923354494011,10.7638920173217,11.2531191158148,13.2878184738163,14.4889723702164,,,14.4079587320214,15.6566459451761,16.5616376746825,17.7447719938828
723.399999999892,0.0499311571666783,1.16568410232877,2.71992668055007,4.0859765817999,4.53058772134788,5.66039307608044,6.55359255250673,7.38812913281355,8.41810314992534,9.42180734543092,10.7919140222269,11.2635007682208,13.2412933599383,14.4717249368628,,,14.4065152624464,15.6499294298555,16.5627073960618,17.7483749567574
723.999999999892,0.0439006436051192,1.17108308511018,2.75919303244026,4.13429579318049,4.51954690753105,5.64262350675961,6.57825043404682,7.39108225228049,8.41665024535016,9.42425763645485,10.819936027132,11.2738824206268,13.1947682460603,14.4544775035092,,,14.4050717928713,15.6432129145348,16.5637771174409,17.7519779196321
724.599999999892,0.0378701300435597,1.17648206789159,2.79845938433044,4.18261500456108,4.50850609371422,5.62485393743878,6.60290831558691,7.39403537174743,8.41519734077498,9.42670792747876,10.8479580320372,11.2842640730329,13.1482431321824,14.4372300701556,,,14.4036283232962,15.6364963992141,16.5648468388201,17.7555808825068
725.199999999892,0.0318396164820002,1.18188105067299,2.83772573622063,4.23093421594167,4.49746527989739,5.60708436811795,6.62756619712699,7.39698849121436,8.41376378125641,9.42891152329527,10.8759800369423,11.2946457254389,13.1017180183044,14.419982636802,,,14.4021848537212,15.6297798838934,16.5659165601993,17.7591838453815
725.799999999891,0.0258091029204414,1.1872800334544,2.87699208811081,4.27925342732226,4.48642446608055,5.58931479879712,6.65222407866708,7.3999416106813,8.412445170052,9.43081067039166,10.9040020418475,11.305027377845,13.0551929044264,14.4027352034483,,,14.4007413841461,15.6230633685727,16.5669862815785,17.7627868082562
726.399999999891,0.0197785893588819,1.19267901623581,2.916258440001,4.32757263870285,4.47538365226372,5.57154522947629,6.67688196020716,7.40289473014824,8.41142229211232,9.43256061235969,10.9320240467526,11.315409030251,13.0086677905485,14.3854877700947,,,14.399297914571,15.616346853252,16.5680560029577,17.7663897711308
726.999999999891,0.0137480757973227,1.19807799901722,2.95552479189119,4.37589185008345,4.46434283844689,5.55377566015545,6.70153984174725,7.40584784961518,8.41022957798785,9.43522069727846,10.9600460516578,11.3257906826571,12.9621426766705,14.3682403367411,,,14.3978544449959,15.6096303379313,16.5691257243369,17.7699927340055
727.599999999891,0.00771756223576314,1.20347698179863,2.99479114378137,4.42421106146404,4.45330202463006,5.53600609083462,6.72619772328734,7.40880096908212,8.41198794812999,9.43712583710469,10.988068056563,11.3361723350631,12.9156175627925,14.3509929033875,,,14.4003912501427,15.5996193258127,16.5701954457161,17.7735956968802
728.199999999891,0.00180359425935428,1.21068087052084,3.03405749567156,4.47253027284463,4.44226121081323,5.51732219495638,6.7483402749038,7.40306836418602,8.41156885883371,9.43612829879767,11.0160900614681,11.3464787898454,12.8690924489146,14.3337454700339,,,14.4053032094121,15.5861498671173,16.5712651670953,17.7771986597549
728.799999999891,0,1.22540152436426,3.07332384756174,4.52084948422522,4.43381940938768,5.50402824064959,6.77398178919175,7.4018230663556,8.41056679325399,9.43316579850955,11.0338728439567,11.3545929670193,12.8225673350366,14.3164980366803,,,14.4087327049716,15.5733166576393,16.5663733362706,17.7728999187775
729.399999999891,0.000533434193569438,1.23782790125465,3.11259019945193,4.56916869560581,4.4222270645596,5.48768011428605,6.78871490638771,7.39441123809805,8.40990085994429,9.42903825076821,11.0565273068291,11.3673048910575,12.8076625543337,14.2882109713383,,,14.4142387275603,15.5673592236728,16.595075152599,17.7739046050621
729.999999999891,0.00447585350025709,1.24261082312891,3.10782033122157,4.5660332882681,4.44284036957791,5.48624224537481,6.78254342566347,7.38589777254754,8.40967824009368,9.42671889575325,11.0785651410146,11.3757090026595,12.8350333918178,14.2638587354495,,,14.420159687403,15.567788946379,16.5999635028126,17.7700007208002
730.599999999891,0.0099074670592747,1.24180267865529,3.10305046298321,4.56289788092103,4.46145105349383,5.49162903249349,6.76451700503302,7.38244156401553,8.41011226192717,9.42284046509327,11.0616018990098,11.3795897516981,12.8624042293096,14.2353740696247,,,14.4270160623458,15.5697672981542,16.5856302732858,17.7653369531678
731.199999999891,0.0116181439149528,1.23671906984047,3.09828059474484,4.55976247357396,4.48008631472769,5.50255111551398,6.73994929651674,7.36958033472593,8.41221046794038,9.41996653548078,11.0467738819073,11.3741013435026,12.8897750668014,14.206889403799,,,14.422953423429,15.5762028183271,16.5712970437555,17.7606731855353
731.799999999891,0.0133288207699522,1.23163546102488,3.09351072650647,4.55662706622689,4.49872157596156,5.51347319853548,6.71538158799927,7.35671910543462,8.41612024680994,9.42075582313006,11.0319458648052,11.3686129353053,12.9171459042932,14.1784047379734,,,14.4207528663063,15.5834071581474,16.5569638142252,17.7560094179028
732.39999999989,0.0150394976249523,1.22655185220928,3.08874085826811,4.55349165887982,4.51735683719543,5.52439528155698,6.69081387948179,7.34385787614331,8.41972536064464,9.42295231933751,11.017117847703,11.3631245271081,12.944516741785,14.1499200721478,,,14.4189996927605,15.5914555777848,16.5426305846949,17.7513456502702
732.99999999989,0.016750174479952,1.22146824339368,3.08397099002974,4.55035625153275,4.53599209842929,5.53531736457847,6.66624617096433,7.33099664685199,8.4236954440766,9.42605726244327,11.0022898306009,11.3576361189109,12.9718875792768,14.1214354063221,,,14.4172465192148,15.5995039974224,16.5282973551646,17.7466818826377
733.59999999989,0.0184608513349514,1.21638463457809,3.07920112179137,4.54722084418568,4.55462735966316,5.54623944759997,6.64167846244685,7.31813541756068,8.42771412105741,9.42909585494784,10.9874618134988,11.3521477107136,12.9992584167686,14.0929507404965,,,14.4154933456691,15.6075524170599,16.5139641256343,17.7420181150052
734.19999999989,0.0201715281899512,1.21130102576249,3.07443125355301,4.54408543683861,4.57326262089702,5.55716153062147,6.61711075392938,7.30527418826936,8.43191372131329,9.43204336251559,10.9726337963967,11.3466593025164,13.0266292542604,14.0644660746708,,,14.4137401721234,15.6156008366975,16.499630896104,17.7373543473727
734.79999999989,0.0218822050449509,1.20621741694689,3.06966138531464,4.54095002949154,4.59189788213089,5.56808361364297,6.59254304541191,7.29241295897805,8.43611332156921,9.43524355064862,10.9578057792946,11.3411708943192,13.0540000917521,14.0359814088452,,,14.4119869985777,15.6236492563351,16.4852976665737,17.7326905797401
735.39999999989,0.0235928818999503,1.20113380813129,3.06489151707627,4.53781462214447,4.61053314336475,5.57900569666447,6.56797533689444,7.27955172968673,8.44031292182513,9.43844373878169,10.9429777621925,11.3356824861219,13.0813709292439,14.0074967430196,,,14.410233825032,15.6316976759726,16.4709644370433,17.7280268121076
735.99999999989,0.0253035587549503,1.1960501993157,3.06012164883791,4.53467921479739,4.62916840459862,5.58992777968597,6.54340762837696,7.26669050039542,8.44449187586671,9.44193449709431,10.9281497450904,11.3301940779247,13.1087417667357,13.979012077194,,,14.4084806514863,15.6397460956102,16.456631207513,17.7233630444751
736.59999999989,0.0270142356099501,1.1909665905001,3.05535178059954,4.53154380745032,4.64780366583249,5.60084986270747,6.51883991985949,7.2538292711041,8.44834002558223,9.44595027428867,10.9133217279882,11.3247056697275,13.1361126042275,13.9505274113683,,,14.4067274779406,15.6477945152478,16.4422979779827,17.7186992768426
737.19999999989,0.0287249124649494,1.1858829816845,3.05058191236117,4.52840840010325,4.66643892706636,5.61177194572897,6.49427221134202,7.24096804181279,8.45226249556693,9.45026132795788,10.8984937108861,11.3192172615302,13.1634834417193,13.9220427455427,,,14.4049743043949,15.6558429348853,16.4279647484524,17.7140355092101
737.79999999989,0.0304355893199492,1.18079937286891,3.04581204412281,4.52527299275618,4.68507418830022,5.62269402875047,6.46970450282456,7.22810681252147,8.45656269814636,9.45493409747768,10.883665693784,11.313728853333,13.1908542792111,13.8935580797171,,,14.4032211308492,15.6638913545229,16.4136315189221,17.7093717415775
738.39999999989,0.0321462661749493,1.17571576405331,3.04104217588444,4.52213758540911,4.70370944953409,5.63361611177197,6.44513679430708,7.21524558323016,8.4596586320094,9.46229900764749,10.8688376766819,11.3082404451358,13.2182251167029,13.8650734138914,,,14.4006631917916,15.6784421700964,16.3992982893918,17.704707973945
738.999999999889,0.0336837140235661,1.16938082307943,3.03627230764607,4.51900217806204,4.72234471076795,5.64452272487827,6.41944911094687,7.20841270120502,8.46386721224439,9.47085817881929,10.8540096595798,11.299265883588,13.2455959541947,13.8365887480658,,,14.3925967256795,15.6946195897067,16.3849650598615,17.7000442063125
739.599999999889,0.0325010413281229,1.15636516609647,3.03150243940771,4.51586677071497,4.74009903261028,5.6574452290297,6.38162026665216,7.18908406175979,8.46940965118211,9.47950082660616,10.8393899323393,11.2954065324141,13.2729667916865,13.8081040822402,,,14.3865239355657,15.7110329085525,16.3840981587353,17.7026272729903
740.199999999889,0.0302259742932863,1.14596458956612,3.02673257116934,4.5127313633679,4.77048637577123,5.67550068459254,6.35685029929207,7.16976963971919,8.47524195231106,9.4871490662893,10.8366704499114,11.2923359373136,13.2842443936246,13.8236543439915,,,14.3769443297966,15.7244306651387,16.3482300330947,17.7053477770655
740.799999999889,0.0272658839235109,1.13802594164602,3.01281968191542,4.46770998243071,4.78051314226603,5.67236081209191,6.36028024436623,7.16019361832106,8.48073248973269,9.49107922017593,10.8257206808408,11.2986447115543,13.2799639402101,13.8514325046401,,,14.3674380146188,15.7291555664133,16.3376241347135,17.7048480773885
741.399999999889,0.0252464502861369,1.13749295100673,2.99890679265982,4.4226886014858,4.79029057385358,5.67050190080315,6.3690204470018,7.15028370735355,8.48585903579643,9.49490096199296,10.8353963504715,11.3018787931363,13.2756834867928,13.8844139359422,,,14.3571454725384,15.7365275653066,16.3376431849794,17.7048057240488
741.999999999889,0.0270429343704621,1.14032817168044,2.98499390340421,4.37766722054088,4.79935498445735,5.6661182491847,6.39043401173768,7.14479131784933,8.49021310916364,9.49542499164911,10.8465353922348,11.313365275294,13.2714030333755,13.9173953672454,,,14.3543848869199,15.7413415971554,16.3376622352474,17.7047633707093
742.599999999889,0.0288394184554931,1.14316339235477,2.97108101414861,4.33264583959597,4.808419395061,5.66173459756579,6.41184757647592,7.13929892834594,8.4919842383559,9.49166363714285,10.8576744339983,11.3248517574532,13.2671225799582,13.9503767985485,,,14.3498072847873,15.7413435873301,16.3376812855153,17.7047210173697
743.199999999889,0.0306359025405235,1.1459986130291,2.957168124893,4.28762445865105,4.81748380566464,5.65735094594688,6.43326114121416,7.13380653884254,8.49339028758234,9.48598728687955,10.8688134757619,11.3363382396125,13.2628421265409,13.9833582298516,,,14.343689820216,15.7408920175926,16.3377003357833,17.7046786640302
743.799999999889,0.0324323866255538,1.14883383370343,2.9432552356374,4.24260307770614,4.82654821626828,5.65296729432797,6.45467470595239,7.12831414933914,8.49444757261089,9.47955868882911,10.8799525175254,11.3478247217717,13.2585616731236,14.0163396611548,,,14.3375723556445,15.740440447855,16.3377193860512,17.7046363106906
744.399999999889,0.0342288707105848,1.15166905437777,2.92934234638179,4.19758169676122,4.83561262687192,5.64858364270906,6.47608827069062,7.12282175983575,8.49551138523232,9.47303745704665,10.8910915592889,11.3593112039309,13.2542812197063,14.0493210924579,,,14.3314548910729,15.7399888781174,16.3377384363192,17.7045939573511
744.999999999889,0.0360253547956158,1.1545042750521,2.91542945712619,4.15256031581631,4.84467703747556,5.64419999109015,6.49750183542886,7.11732937033235,8.49631944411112,9.4665824458191,10.9022306010525,11.3707976860901,13.250000766289,14.082302523761,,,14.3253374265014,15.7395373083799,16.3377574865871,17.7045516040115
745.599999999888,0.0378218388806462,1.15733949572643,2.90151656787058,4.10753893487139,4.85374144807921,5.63981633947124,6.51891540016709,7.11183698082895,8.49712750298987,9.45987739663826,10.913369642816,11.3822841682493,13.2457203128717,14.1152839550642,,,14.3192199619299,15.7390857386423,16.337776536855,17.704509250672
746.199999999888,0.0396183229656765,1.16017471640076,2.88760367861498,4.06251755392648,4.86280585868285,5.63543268785233,6.54032896490533,7.10634459132555,8.49793556186863,9.45317234745736,10.9245086845795,11.3937706504086,13.2414398594544,14.1482653863673,,,14.3131024973583,15.7386341689047,16.337795587123,17.7044668973324
746.799999999888,0.0414148070507075,1.1630099370751,2.87369078935937,4.01749617298156,4.87187026928649,5.63104903623342,6.56174252964357,7.10085220182215,8.49872596430775,9.44636239586697,10.9356477263431,11.4052571325678,13.2371594060371,14.1812468176704,,,14.3069850327868,15.7381825991672,16.3378146373909,17.7044245439929
747.399999999888,0.0432112911357379,1.16584515774943,2.85977790010377,3.97247479203665,4.88093467989013,5.62666538461451,6.5831560943818,7.09535981231876,8.50003991729857,9.43912946398195,10.9467867681066,11.416743614727,13.2328789526197,14.2142282489736,,,14.3008675682152,15.7377310294296,16.3378336876589,17.7043821906533
747.999999999888,0.0450077752207689,1.16868037842376,2.84586501084816,3.92745341109173,4.88999909049377,5.6222817329956,6.60456965912003,7.08986742281536,8.50130672280491,9.43182816812828,10.9579258098702,11.4282300968862,13.2285984992024,14.2472096802767,,,14.2947501036437,15.737279459692,16.3378527379268,17.7043398373138
748.599999999888,0.0468042593057992,1.1715155990981,2.83195212159256,3.88243203014682,4.89906350109742,5.61789808137669,6.62598322385827,7.08437503331196,8.50272908031232,9.42349945026573,10.9690648516337,11.4397165790454,13.2243180457851,14.2801911115799,,,14.2886326390722,15.7368278899545,16.3378717881948,17.7042974839742
749.199999999888,0.0486007433908303,1.17435081977243,2.81803923233695,3.8374106492019,4.90812791170106,5.61351442975778,6.6473967885965,7.07888264380857,8.50448928128298,9.41254943065688,10.9802038933972,11.4512030612046,13.2200375923678,14.313172542883,,,14.2817416186829,15.7313750008423,16.3378908384627,17.7042551306347
749.799999999888,0.0505311851325962,1.17878248376788,2.80412634308134,3.79238926825699,4.9171923223047,5.61175885242644,6.67262106297023,7.07057257533669,8.50789757715853,9.40421556562024,10.9913429351608,11.4673047069009,13.2157571389505,14.3461539741861,,,14.2862352094945,15.7248961958788,16.3379098887306,17.7042127772951
750.399999999888,0.0567867868370582,1.18910953678299,2.79021345382574,3.74736788731207,4.92697047250485,5.61527881667329,6.69508120745729,7.07264859249954,8.5121988079643,9.39946857907508,11.0075036595696,11.4706991410461,13.2114766855332,14.3791354054893,,,14.2900797276072,15.7201141789767,16.3373616687606,17.708743426431
750.999999999888,0.0637495769757245,1.20001453796085,2.77630056457013,3.70234650636716,4.9209980450553,5.62845355020674,6.70896612319822,7.07810689065906,8.51643977942029,9.39752649608353,10.9933823471059,11.4631017003506,13.2178473480223,14.3627333736652,,,14.2996317297602,15.7149791825983,16.3649548805347,17.716101624286
751.599999999888,0.0683511419270454,1.21055191676762,2.7684909950324,3.68537143527222,4.90828328278685,5.6410026577015,6.70442930017179,7.07538549996989,8.52125779365677,9.40041414433937,10.9687901702604,11.4441046270404,13.1939048872071,14.3582798168602,,,14.3100630657208,15.7200645397093,16.391439891897,17.738368387729
752.199999999887,0.0713623683095059,1.21093967356978,2.76068142549581,3.66839636418253,4.90424203206155,5.6475949504223,6.69977414509056,7.07924482932498,8.52871678239705,9.40697613275627,10.9165460550103,11.4227530066786,13.1699624263862,14.3500162853616,,,14.3252432523291,15.7237385053106,16.4185945001183,17.7678553513016
752.799999999887,0.0719160815380701,1.20816945180112,2.75287185595922,3.65142129309285,4.90376546064965,5.65867108500126,6.6682868393185,7.09243315582434,8.53886241052101,9.42014243876024,10.8624211943365,11.4000674633953,13.1460199655654,14.3417527538623,,,14.3417300680514,15.7321150644221,16.4457491083398,17.7973423148756
753.399999999887,0.0724697947661736,1.20539923003187,2.74506228642264,3.63444622200316,4.90328888923842,5.66974721958105,6.6367995335414,7.10562148232545,8.54928262965947,9.43551109841905,10.8082963336624,11.3773819201117,13.1220775047445,14.333489222363,,,14.3573244053416,15.7385129292055,16.4729037165613,17.8268292784496
753.999999999887,0.0730235079942768,1.20262900826262,2.73725271688605,3.61747115091347,4.90281231782718,5.68082335416085,6.6053122277643,7.11880980882655,8.56134060916539,9.4533191827434,10.7541714729883,11.3546963768281,13.0981350439237,14.3252256908637,,,14.3745163789779,15.744984939898,16.5000583247828,17.8563162420236
754.599999999887,0.0735772212223797,1.19985878649337,2.72944314734946,3.60049607982379,4.90233574641595,5.69189948874065,6.57382492198721,7.13199813532766,8.57366653216069,9.47143298550118,10.7000466123142,11.3320108335445,13.0741925831028,14.3169621593644,,,14.3917083526146,15.7514569505905,16.5272129330042,17.8858032055975
755.199999999887,0.074130934450483,1.19708856472412,2.72163357781287,3.5835210087341,4.90185917500471,5.70297562332044,6.54233761621011,7.14518646182877,8.58603449985963,9.48972111835119,10.64592175164,11.3093252902609,13.050250122282,14.308698627865,,,14.4089003262513,15.7579289612831,16.5543675412257,17.9152901691715
755.799999999887,0.0746846476785858,1.19431834295486,2.71382400827628,3.56654593764442,4.90138260359347,5.71405175790024,6.51085031043301,7.15837478832987,8.59897268278826,9.50787900584883,10.5917968909659,11.2866397469773,13.0263076614611,14.3004350963657,,,14.426092299888,15.7644009719756,16.5815221494472,17.9447771327455
756.399999999887,0.0752383609066891,1.19154812118561,2.70601443873969,3.54957086655473,4.90090603218224,5.72512789248004,6.47936300465592,7.17156311483098,8.61191086571699,9.52608196688725,10.5376720302918,11.2639542036937,13.0023652006402,14.2921715648664,,,14.4432842735246,15.7708729826682,16.6086767576687,17.9742640963195
756.999999999887,0.0757920741347923,1.18877789941636,2.6982048692031,3.53259579546504,4.90042946077101,5.73620402705984,6.44787569887882,7.18475144133209,8.62484904864572,9.54428492792567,10.4835471696177,11.2412686604101,12.9784227398194,14.2839080333671,,,14.4604762471613,15.7773449933607,16.6358313658901,18.0037510598935
757.599999999887,0.0763457873628959,1.18600767764711,2.69039529966651,3.51562072437536,4.89995288935977,5.74728016163963,6.41638839310172,7.1979397678332,8.63784324603775,9.56244961848783,10.4294223089436,11.2185831171265,12.9544802789985,14.2756445018678,,,14.477668220798,15.7838170040533,16.6629859741116,18.0332380234675
758.199999999887,0.0768995005909981,1.18323745587786,2.68258573012992,3.49864565328567,4.89947631794853,5.75835629621943,6.38490108732463,7.21112809433432,8.6506085630369,9.58083812769384,10.3752974482694,11.1958975738429,12.9305378181777,14.2673809703685,,,14.4948601944346,15.7902890147458,16.6901405823331,18.0627249870415
758.799999999886,0.077453213819102,1.18046723410861,2.67477616059334,3.48167058219599,4.8989997465373,5.76943243079923,6.35341378154753,7.22431642083542,8.66344586283847,9.59907690730345,10.3211725875953,11.1732120305594,12.9065953573568,14.2591174388692,,,14.5120521680713,15.7967610254384,16.7172951905546,18.0922119506155
759.399999999886,0.0780069270472045,1.17769701233936,2.66696659105675,3.4646955111063,4.89852317512606,5.78050856537902,6.32192647577043,7.23750474733653,8.67680202862154,9.61675951092873,10.2670477269212,11.1505264872758,12.882652896536,14.2508539073698,,,14.529244141708,15.8032330361309,16.744449798776,18.1216989141894
759.999999999886,0.0785606402753081,1.1749267905701,2.65915702152016,3.44772044001661,4.89804660371483,5.79158469995882,6.29043916999333,7.25069307383764,8.69107995090402,9.63539801618539,10.2129228662471,11.1278409439922,12.8587104357151,14.2425903758705,,,14.5454401264865,15.8114142409912,16.7716044069975,18.1511858777634
760.599999999886,0.0791107289132806,1.1699282387273,2.65134745198357,3.43074536892693,4.8975700323036,5.80000174767268,6.25805304876933,7.25980110858354,8.70311228500504,9.651995412973,10.158798005573,11.1029841585121,12.8347679748942,14.2343268443712,,,14.5475168718826,15.8202997051143,16.798759015219,18.1806728413374
761.199999999886,0.0784476744079191,1.16038313387241,2.64353788244698,3.41377029783724,4.89558281252099,5.80472099223306,6.24803665246661,7.26981827469723,8.71481882226193,9.66424228162569,10.0977471459438,11.0889134166292,12.8108255140734,14.2260633128719,,,14.5525422328058,15.8264675470537,16.8167214905693,18.1998171437177
761.799999999886,0.0817030897189256,1.15327397467807,2.63572831291039,3.39679522674756,4.89758577954232,5.78809882526231,6.24256328370503,7.27777749858182,8.72626735359504,9.67365438495272,10.0756668020832,11.086395961011,12.7636188394727,14.2198181597677,,,14.5529559539196,15.8294090472731,16.8047053474153,18.2079831339677
762.399999999886,0.0921910633139433,1.1471453194835,2.6761083516305,3.3824682235431,4.88645008042849,5.77382806913727,6.24243511696364,7.29419654518216,8.73740609722033,9.67801892094388,10.0831043072051,11.1081884538912,12.8126614376925,14.1532894578188,,,14.5513242218273,15.8215144721016,16.7800251214552,18.209449379507
762.999999999886,0.105800986468558,1.15225959731344,2.71648839035977,3.36814122033915,4.86130530107958,5.75810117665263,6.26909434451173,7.30595918210617,8.74554080269904,9.68074521357722,10.1222271742405,11.134074361265,12.8617040359307,14.0868732116565,,,14.5423637739399,15.8138893057611,16.7506721361897,18.1847547593573
763.599999999886,0.122882318150736,1.16171606859749,2.75686842908903,3.35381421713519,4.83274718792401,5.73845741500559,6.3023391179174,7.30232996290326,8.75026999773751,9.6763211467319,10.1621739936461,11.1557206588787,12.9107466341688,14.0204569654943,,,14.5321869746564,15.7978519025572,16.7213191509234,18.1600601392026
764.199999999886,0.139963649833575,1.17117253988236,2.7972484678183,3.33948721393124,4.80418907476778,5.7188136533578,6.33558389132432,7.29870074369741,8.75578001770999,9.6702183092725,10.2021208130518,11.1773669564916,12.9597892324069,13.954040719332,,,14.5229159474614,15.7877256297614,16.691966165657,18.1353655190479
764.799999999886,0.157044981516414,1.18062901116724,2.83762850654757,3.32516021072729,4.77563096161156,5.69916989171001,6.36882866473125,7.29507152449157,8.75952764412946,9.66091513378301,10.2420676324575,11.1990132541045,13.008831830645,13.8876244731698,,,14.5130160523169,15.7772559852277,16.6626131803907,18.1106708988933
765.399999999885,0.174126313199253,1.19008548245211,2.87800854527683,3.31083320752333,4.74707284845534,5.67952613006222,6.40207343813816,7.29144230528573,8.76320272176293,9.65188820034802,10.2820144518632,11.2206595517174,13.0578744288831,13.8212082270075,,,14.5031161571722,15.7667863406939,16.6332601951243,18.0859762787386
765.999999999885,0.191207644882093,1.19954195373698,2.9183885840061,3.29650620431938,4.71851473529911,5.65988236841443,6.43531821154509,7.28781308607989,8.76651401081714,9.64253727678913,10.321961271269,11.2423058493303,13.1069170271212,13.7547919808453,,,14.4932162620275,15.7563166961601,16.603907209858,18.0612816585839
766.599999999885,0.208288976564931,1.20899842502186,2.95876862273537,3.28217920111543,4.68995662214289,5.64023860676665,6.46856298495201,7.28418386687404,8.76916329199881,9.63317380342922,10.3619080906747,11.2639521469432,13.1559596253594,13.688375734683,,,14.4833163668828,15.7458470516263,16.5745542245916,18.0365870384292
767.199999999885,0.22537030824777,1.21845489630673,2.99914866146463,3.26785219791147,4.66139850898666,5.62059484511886,6.50180775835893,7.28055464766819,8.77181257318034,9.62376460656299,10.4018549100804,11.2855984445561,13.2050022235975,13.6219594885208,,,14.4734164717381,15.7353774070924,16.5452012393253,18.0118924182745
767.799999999885,0.242451639930609,1.2279113675916,3.0395287001939,3.25352519470752,4.63284039583044,5.60095108347107,6.53505253176586,7.27692542846235,8.77446185436188,9.61435540969675,10.4418017294861,11.307244742169,13.2540448218356,13.5555432423585,,,14.4635165765934,15.7249077625586,16.5158482540589,17.9871977981198
768.399999999885,0.259532971613448,1.23736783887648,3.07990873892317,3.23919819150357,4.60428228267421,5.58130732182328,6.56829730517277,7.27329620925651,8.77716364929775,9.60492676838723,10.4817485488919,11.3288910397819,13.3030874200737,13.4891269961963,,,14.4536166814487,15.7144381180248,16.4864952687926,17.9625031779651
768.999999999885,0.276614303296288,1.24682431016135,3.12028877765244,3.22487118829961,4.57572416951799,5.56166356017549,6.6015420785797,7.26966699005067,8.77998832445427,9.59523275928799,10.5216953682976,11.3505373373948,13.3521300183118,13.422710750034,,,14.4437167863041,15.703968473491,16.4571422835262,17.9378085578105
769.599999999885,0.293695634979126,1.25628078144622,3.1606688163817,3.21054418509566,4.54716605636177,5.5420197985277,6.63478685198662,7.26603777084482,8.78269270479837,9.58556673345874,10.5616421877033,11.3721836350077,13.4011726165499,13.3562945038718,,,14.4338168911594,15.6934988289572,16.4277892982599,17.9131139376558
770.199999999885,0.310776966661966,1.2657372527311,3.20104885511097,3.19621718189171,4.51860794320554,5.52237603687991,6.66803162539354,7.26240855163898,8.7836938348088,9.57762670392584,10.601589007109,11.3938299326205,13.450215214788,13.2898782577096,,,14.4239169960147,15.6830291844234,16.3984363129936,17.8884193175011
770.799999999885,0.327858298344805,1.27519372401597,3.24142889384024,3.18189017868775,4.49004983004932,5.50273227523213,6.70127639880046,7.25877933243314,8.78209735868713,9.56982168318889,10.6415358265148,11.4154762302334,13.4992578130262,13.2234620115473,,,14.4167520534002,15.6731099066078,16.3690833277272,17.8637246973464
771.399999999885,0.344928812891127,1.28700818737587,3.2818089325695,3.1675631754838,4.46149171689309,5.48617714552759,6.73497369421629,7.26401456089424,8.78134719717111,9.56207042204943,10.6814826459205,11.4389392933468,13.5483004112643,13.1570457653851,,,14.4173997562184,15.6634989065814,16.3397303424609,17.8390300771917
771.999999999884,0.360667033693736,1.2986673700907,3.32218897129877,3.15323617227985,4.4312505917731,5.46577175525043,6.75057965083274,7.26255432165473,8.77890870707945,9.55633790870357,10.7282057624971,11.4612056400021,13.5973430095024,13.0906295192228,,,14.4143208100412,15.6571819499639,16.3184869396259,17.8118579089047
772.599999999884,0.375006766344414,1.29982323696836,3.36256901002804,3.13890916907589,4.41704148678103,5.4611414642946,6.76411871934677,7.26433344508897,8.77642911710958,9.55148133074714,10.7511674536865,11.4826595681184,13.6895754009612,13.086313143601,,,14.4155659716954,15.6537471757742,16.3585518928702,17.7875634213156
773.199999999884,0.387307443566538,1.29932717843866,3.3459186874835,3.15951894661551,4.44072018054343,5.45903443974198,6.77522685252761,7.25581147435163,8.77392344952055,9.54960359085271,10.7766411700614,11.4791448094501,13.678361996094,13.1513350422701,,,14.4192148509565,15.6540793965933,16.4145567592304,17.753651982098
773.799999999884,0.401919735732746,1.28904451036671,3.32926836492797,3.18012872416187,4.47270790698003,5.46110774927165,6.75675464931857,7.24261673670486,8.77132932695405,9.54481694781422,10.806707864481,11.4762299733943,13.667148591207,13.2182342634714,,,14.4284071213347,15.6499168579884,16.4685841681785,17.7491679573504
774.399999999884,0.413431374516012,1.27797446527309,3.31261804237244,3.20073850170823,4.5057665896084,5.46271995813214,6.75853818709317,7.2403094446322,8.76873091220069,9.54138233274686,10.8369590391774,11.4754742002917,13.6559351863199,13.285133484673,,,14.4360696596304,15.648183265147,16.5226115771263,17.7446839326084
774.999999999884,0.424943013298679,1.26690442017932,3.29596771981691,3.22134827925459,4.53882527223697,5.46433216699255,6.76032172487169,7.23800215256163,8.76447988864948,9.53816014621655,10.8672102138738,11.4747184271895,13.6447217814329,13.3520327058746,,,14.4444764702261,15.6415901013549,16.576638986074,17.7401999078665
775.599999999884,0.436454652081346,1.25583437508554,3.27931739726137,3.24195805680095,4.57188395486554,5.46594437585295,6.76210526265021,7.23569486049108,8.76080321156691,9.53560033614115,10.8974613885702,11.4739626540873,13.6335083765458,13.4189319270762,,,14.4527475198261,15.6349021238369,16.6306663950218,17.7357158831245
776.199999999884,0.447966290864014,1.24476432999177,3.26266707470584,3.26256783434731,4.60494263749411,5.46755658471336,6.76388880042873,7.23338756842052,8.75720989474761,9.53315319738749,10.9277125632666,11.4732068809851,13.6222949716588,13.4858311482778,,,14.4610185694261,15.6282141463189,16.6846938039695,17.7312318583826
776.799999999884,0.459477929646681,1.233694284898,3.24601675215031,3.28317761189368,4.63800132012268,5.46916879357376,6.76567233820725,7.23108027634996,8.7541064256145,9.53123077195958,10.957963737963,11.4724511078829,13.6110815667717,13.5527303694795,,,14.4692896190261,15.6215261688009,16.7387212129173,17.7267478336406
777.399999999884,0.470989568429348,1.22262423980423,3.22936642959477,3.30378738944003,4.67106000275126,5.47078100243417,6.76745587598577,7.2287729842794,8.75133144303243,9.52948536735374,10.9882149126594,11.4716953347806,13.5998681618846,13.6196295906811,,,14.4775606686261,15.6148381912829,16.792748621865,17.7222638088986
777.999999999884,0.482501207212015,1.21155419471046,3.21271610703924,3.32439716698639,4.70411868537983,5.47239321129457,6.76923941376429,7.22646569220884,8.74855646045041,9.52783823366931,11.0184660873558,11.4709395616784,13.5886547569976,13.6865288118827,,,14.4858317182261,15.608150213765,16.8467760308128,17.7177797841567
778.599999999883,0.494012845994681,1.20048414961669,3.19606578448371,3.34500694453275,4.7371773680084,5.47400542015498,6.77102295154281,7.22415840013828,8.7457814778684,9.5261910999849,11.0487172620522,11.4701837885762,13.5774413521105,13.7534280330843,,,14.4941027678261,15.601462236247,16.9008034397605,17.7132957594147
779.199999999883,0.505524484777349,1.18941410452292,3.17941546192818,3.36561672207911,4.77023605063697,5.47561762901538,6.77280648932133,7.22185110806772,8.74291123388967,9.5245804926639,11.0789684367486,11.469428015474,13.5662279472235,13.8203272542859,,,14.5023738174261,15.594774258729,16.9548308487083,17.7088117346727
779.799999999883,0.517036123560016,1.17834405942915,3.16276513937264,3.38622649962547,4.80329473326554,5.47722983787579,6.77459002709984,7.21954381599716,8.73950863876366,9.52323879997183,11.109219611445,11.4686722423718,13.5550145423364,13.8872264754876,,,14.5106448670261,15.588086281211,17.008858257656,17.7043277099308
780.399999999883,0.528547762342683,1.16727401433537,3.14611481681711,3.40683627717183,4.83635341589412,5.47884204673619,6.77637356487836,7.2172365239266,8.73621954013881,9.52200395579726,11.1394707861414,11.4679164692696,13.5438011374493,13.9541256966892,,,14.5189159166261,15.581398303693,17.0628856666038,17.6998436851888
780.999999999883,0.54005940112535,1.1562039692416,3.12946449426158,3.42744605471819,4.86941209852269,5.48045425559659,6.77815710265688,7.21492923185604,8.73361642727821,9.51848393502278,11.1697219608378,11.4671606961674,13.5325877325623,14.0210249178908,,,14.5271869662261,15.574710326175,17.1169130755516,17.6953596604469
781.599999999883,0.551571039908017,1.14513392414783,3.11281417170604,3.44805583226455,4.90247078115126,5.482066464457,6.77994064043541,7.21262193978548,8.73056167401946,9.51254205054673,11.1999731355342,11.4664049230652,13.5213743276752,14.0879241390924,,,14.5325350499331,15.5708107898026,17.1709404844993,17.6908756357049
782.199999999883,0.562978398978205,1.13291394043189,3.09616384915051,3.46866560981091,4.93552946377983,5.48034579319788,6.77961235769492,7.20527365501056,8.72475030171688,9.50346346025097,11.2302243102306,11.461711833112,13.5101609227882,14.154823360294,,,14.5424915586444,15.5639777377551,17.2249678934471,17.6863916109629
782.799999999883,0.576537641696289,1.12225911560467,3.07951352659498,3.48927538735727,4.96928583906064,5.47866019732991,6.79647720278617,7.20321045943943,8.71702294281569,9.49135425032211,11.2446886270522,11.4531414257143,13.4989475179011,14.2217225814957,,,14.5516609926246,15.5505222168943,17.2660656984774,17.6852983295305
783.399999999883,0.595687755552794,1.12209347381557,3.06286320403945,3.50988516490363,4.97557826025322,5.46858399229727,6.8127270054369,7.1934012810651,8.70914803085061,9.47926061246678,11.2648005613503,11.4267605324995,13.4522950952809,14.2234556349408,,,14.5553740996482,15.5360514495618,17.2206266153989,17.6911982573916
783.999999999883,0.616834003145307,1.12182889006732,3.04291585073948,3.53567647641461,4.94892465254626,5.46290746916286,6.832139726425,7.18651570968433,8.70106877313931,9.46613045054143,11.2392065616142,11.4127913618373,13.4199535147258,14.1804676155043,,,14.5574012114292,15.522182946382,17.1528046551476,17.7004430199756
784.599999999883,0.635576596481729,1.12726372739504,3.02296849743886,3.56146778792659,4.91698570629779,5.45792227106842,6.84988048797897,7.18446817219243,8.69374631133296,9.45411736820715,11.1801949169251,11.3982666935282,13.3876119341734,14.137042456886,,,14.5583201444298,15.5108390065846,17.0938002199903,17.6931557257517
785.199999999882,0.654602159158191,1.12675392450476,3.00302114413824,3.58725909943858,4.88324209829995,5.45120236154636,6.84812258692424,7.17792756707686,8.68507140892179,9.44377597574026,11.1166304773282,11.3865582268969,13.355270353621,14.0936172982675,,,14.5541839031611,15.50312437498,17.0347957848346,17.6858684315245
785.799999999882,0.673627721834708,1.12624412161332,2.98307379083763,3.61305041095057,4.84949849030176,5.44448245202396,6.84636468586569,7.17138696196041,8.67578147567611,9.43534525455742,11.0530660377304,11.3748497602662,13.3229287730687,14.0501921396491,,,14.5525788194917,15.5035320848981,16.975791349679,17.6785811372974
786.399999999882,0.692653284511225,1.12573431872187,2.96312643753701,3.63884172246255,4.81575488230356,5.43776254250156,6.84460678480714,7.16484635684395,8.66627708162816,9.42908636754383,10.9895015981326,11.3631412936355,13.2905871925163,14.0067669810307,,,14.5517857562658,15.5046346650093,16.9167869145234,17.6712938430702
786.999999999882,0.711678847187743,1.12522451583042,2.9431790842364,3.66463303397454,4.78201127430537,5.43104263297916,6.84284888374859,7.1583057517275,8.65641893883613,9.42161941548219,10.9259371585348,11.3514328270048,13.258245611964,13.9633418224123,,,14.55099269304,15.5057372451206,16.8577824793678,17.6640065488431
787.599999999882,0.730704409864259,1.12471471293898,2.92323173093578,3.69042434548652,4.74826766630718,5.42432272345676,6.84109098269004,7.15176514661105,8.64624336555802,9.41376500084957,10.862372718937,11.3397243603741,13.2259040314116,13.9199166637939,,,14.5501996298142,15.5068398252319,16.7987780442121,17.6567192546159
788.199999999882,0.749729972540778,1.12420491004753,2.90328437763517,3.71621565699851,4.71452405830898,5.41760281393436,6.83933308163149,7.1452245414946,8.6360596991834,9.40594998080707,10.7988082793392,11.3280158937434,13.1935624508592,13.8764915051754,,,14.5494065665884,15.5079424053433,16.7397736090565,17.6494319603888
788.799999999882,0.768755535217295,1.12369510715609,2.88333702433455,3.74200696851049,4.68078045031079,5.41088290441196,6.83757518057294,7.13868393637815,8.62587603280877,9.39816659546728,10.7352438397414,11.3163074271127,13.1612208703069,13.833066346557,,,14.5486135033626,15.5090449854546,16.6807691739009,17.6421446661617
789.399999999882,0.787781097893812,1.12318530426464,2.86338967103393,3.76779828002248,4.64703684231259,5.40416299488956,6.83581727951439,7.13214333126169,8.61569236643415,9.3903832101275,10.6716794001436,11.304598960482,13.1288792897545,13.7896411879386,,,14.5478204401368,15.5101475655659,16.6217647387453,17.6348573719345
789.999999999882,0.806806660570329,1.1226755013732,2.84344231773332,3.79358959153447,4.6132932343144,5.39744308536716,6.83405937845584,7.12560272614525,8.6055171778597,9.38267586356831,10.6081149605458,11.2928904938512,13.0965377092021,13.7462160293202,,,14.5470273769111,15.5112501456772,16.5627603035896,17.6275700777074
790.599999999882,0.825832223246846,1.12216569848175,2.8234949644327,3.81938090304645,4.57954962631621,5.39072317584475,6.83230147739729,7.11906212102879,8.59603811022655,9.374797454993,10.544550520948,11.2811820272205,13.0641961286498,13.7027908707017,,,14.5462343136853,15.5123527257885,16.503755868434,17.6202827834802
791.199999999882,0.844857785923363,1.12165589559031,2.80354761113209,3.84517221455844,4.54580601831801,5.38400326632236,6.83054357633874,7.11252151591234,8.58608643854258,9.36630713625971,10.4809860813502,11.2694735605898,13.0318545480974,13.6593657120833,,,14.5454412504595,15.5134553058998,16.4447514332784,17.6129954892531
791.799999999881,0.863883348599881,1.12114609269886,2.78360025783147,3.87096352607042,4.51206241031982,5.37728335679995,6.82878567528019,7.10598091079589,8.57561337104653,9.35875516015629,10.4174216417524,11.2577650939591,12.999512967545,13.6159405534649,,,14.5446481872337,15.5145578860111,16.3857469981228,17.6057081950259
792.399999999881,0.882908911276398,1.12063628980742,2.76365290453086,3.89675483758241,4.47831880232163,5.37056344727755,6.82702777422164,7.09944030567944,8.56583580058295,9.35145147495449,10.3538572021546,11.2460566273284,12.9671713869927,13.5725153948465,,,14.5466202373441,15.5125528329361,16.3267425629671,17.5984209007988
792.999999999881,0.902017230949094,1.11887356366856,2.74370555123024,3.92254614909439,4.44457519432343,5.36514127551421,6.82591420513745,7.09096165425854,8.55780584642306,9.34765540752409,10.2902927625568,11.2351625923292,12.9348298064403,13.5290902362281,,,14.5338070230981,15.5133501565879,16.2677381278115,17.5911336065717
793.599999999881,0.923964541144607,1.1177883964069,2.72375819792963,3.94833746060638,4.4164967630731,5.36427324023969,6.78987107337586,7.07658634396785,8.55069621754165,9.34489964937393,10.243799721284,11.2282014124981,12.9024882258879,13.4856650776097,,,14.5222529903209,15.5208781203521,16.2252726430774,17.5903560049741
794.199999999881,0.940278166703738,1.11514893513149,2.70381084462901,3.97412877211837,4.40849102711958,5.35681104422901,6.75677977105545,7.07470124820738,8.54313388910767,9.34097669842344,10.2054707965353,11.2441293417974,12.8632490379773,13.4853414274234,,,14.5125526991741,15.5250009769776,16.2294771329798,17.5815774217318
794.799999999881,0.956018653491229,1.11550273262555,2.71354654515609,3.98747837497859,4.40474946136962,5.33692334177334,6.72323613619444,7.07464594324269,8.53574433062101,9.33716878023828,10.1859302568421,11.2501388911076,12.8587675369587,13.5048945072576,,,14.5024305944104,15.5291187923417,16.2494852840109,17.5804622749774
795.399999999881,0.976472700087293,1.11451037393588,2.72328224568905,4.00082797783635,4.40393864955123,5.31971433688934,6.69647319166272,7.07150384471903,8.52816266131138,9.33452598063158,10.1847626727706,11.2495899418996,12.854286035947,13.5215715666984,,,14.4918879706358,15.5356146924241,16.2530774949062,17.5889911710973
795.999999999881,0.997764948493129,1.12062477765732,2.733017946222,4.01417758069411,4.40423103367254,5.3028777462397,6.68492837357523,7.07156988054799,8.52235667408145,9.33203064949178,10.2005416496808,11.2452355353086,12.8498045349352,13.5382486261385,,,14.4889121918366,15.5374718960208,16.2566697057983,17.5975200672191
796.599999999881,1.01905719689913,1.12673918138018,2.74275364675496,4.02752718355186,4.40452341779406,5.28604115559014,6.67338355549075,7.07163591637759,8.51691087427476,9.32771061836044,10.2163206265943,11.240881128717,12.8453230339235,13.5549256855787,,,14.4785004348642,15.534708575979,16.2602619166904,17.6060489633409
797.199999999881,1.04034944530513,1.13285358510303,2.75248934728792,4.04087678640962,4.40481580191558,5.26920456494057,6.66183873740627,7.07170195220719,8.51108022229527,9.32158609050598,10.2320996035077,11.2365267221253,12.8408415329117,13.5716027450189,,,14.4667305595708,15.5316799109916,16.2638541275825,17.6145778594627
797.799999999881,1.06164169371114,1.13896798882588,2.76222504782088,4.05422638926738,4.40510818603711,5.25236797429101,6.6502939193218,7.0717679880368,8.50513823542148,9.31737422356109,10.2478785804212,11.2321723155336,12.8363600319,13.5882798044591,,,14.4549606842772,15.5286512460041,16.2674463384746,17.6231067555845
798.39999999988,1.08293394211714,1.14508239254874,2.77196074835384,4.06757599212514,4.40540057015863,5.23553138364145,6.63874910123732,7.0718340238664,8.49913371467818,9.31316528258157,10.2636575573347,11.227817908942,12.8318785308883,13.6049568638993,,,14.4431908089836,15.5256225810166,16.2710385493666,17.6316356517063
798.99999999988,1.10422619052314,1.15119679627159,2.7816964488868,4.0809255949829,4.40569295428016,5.21869479299188,6.62720428315284,7.071900059696,8.4928484484561,9.30876663135344,10.2794365342482,11.2234635023503,12.8273970298765,13.6216339233395,,,14.4314209336899,15.5225939160291,16.2746307602587,17.6401645478281
799.59999999988,1.12551843892914,1.15731119999445,2.79143214941976,4.09427519784065,4.40598533840168,5.20185820234232,6.61565946506836,7.07196609552559,8.48656318223397,9.3042795535835,10.2952155111617,11.2191090957586,12.8229155288648,13.6383109827796,,,14.4196510583963,15.5195652510416,16.2782229711508,17.6486934439499
800.19999999988,1.14681068733515,1.1634256037173,2.80116784995272,4.10762480069841,4.4062777225232,5.18502161169276,6.60411464698389,7.0720321313552,8.48027791601184,9.29979247581353,10.3109944880752,11.2147546891669,12.8184340278531,13.6549880422198,,,14.4078811831026,15.5165365860541,16.2818151820429,17.6572223400717
800.79999999988,1.16810293574115,1.16954000744015,2.81090355048567,4.12097440355617,4.40657010664473,5.16818502104319,6.59256982889941,7.0720981671848,8.47400719260365,9.29514031787015,10.3267734649887,11.2104002825753,12.8139525268413,13.67166510166,,,14.396111307809,15.5135079210666,16.285407392935,17.6657512361935
801.39999999988,1.18939518414715,1.17565441116301,2.82063925101863,4.13432400641393,4.40686249076625,5.15134843039363,6.58102501081493,7.0721642030144,8.46720837079799,9.29055035084517,10.3425524419022,11.2060458759836,12.8094710258296,13.6883421611002,,,14.3843414325154,15.5104792560791,16.288999603827,17.6742801323153
801.99999999988,1.21068743255315,1.18176881488586,2.83037495155159,4.14767360927169,4.40715487488777,5.13451183974407,6.56948019273045,7.072230238844,8.46116622388621,9.28698349854859,10.3583314188157,11.2016914693919,12.8049895248179,13.7050192205404,,,14.3725715572217,15.5074505910916,16.2925918147191,17.6828090284371
802.59999999988,1.23197968095916,1.18788321860871,2.84011065208455,4.16102321212945,4.4074472590093,5.11767524909451,6.55793537464597,7.0722962746736,8.45603249197532,9.28419469687861,10.3741103957291,11.1973370628003,12.8005080238061,13.7216962799805,,,14.3608016819281,15.5044219261041,16.2961840256112,17.6913379245589
803.19999999988,1.25327192936516,1.19399762233157,2.84984635261751,4.1743728149872,4.40773964313082,5.10083865844494,6.5463905565615,7.0723623105032,8.4519791576473,9.28561354604088,10.3898893726426,11.1929826562086,12.7960265227944,13.7383733394207,,,14.3487068278042,15.5017440048624,16.2997762365033,17.6998668206807
803.79999999988,1.27453360082897,1.20273561824929,2.85958205315047,4.18772241784496,4.40803202725234,5.08664384108852,6.53822020559058,7.08450599897718,8.44821513347888,9.2870805537007,10.4056683495561,11.1891127511625,12.7915450217826,13.7550503988609,,,14.3496582199614,15.5013992918142,16.3033684473954,17.7083957168025
804.39999999988,1.29489033560754,1.21139735702114,2.86931775368343,4.20107202070272,4.40448488590633,5.07167869267295,6.55461003979804,7.1032077157328,8.44620927033238,9.29066532063452,10.4137685624175,11.18130470271,12.7870635207709,13.7717274583011,,,14.3510306263513,15.497255503991,16.2987093770887,17.7125557613733
804.999999999879,1.31551907094272,1.21299706388362,2.87905345421638,4.21442162356048,4.39062961239333,5.07208216158591,6.56805047115931,7.11228310373067,8.44494401046695,9.29590364019894,10.4192477724623,11.1665674082783,12.8279341461488,13.7657136427428,,,14.3538676046213,15.5037591748306,16.3259559722734,17.72460127699
805.599999999879,1.33352483489186,1.20733958660416,2.88344469834514,4.15419977588487,4.38881328011096,5.08645488165812,6.5759118747366,7.12051130239156,8.44352598517861,9.30098276209597,10.4476059124416,11.1618647616554,12.8614479381161,13.7767103051863,,,14.357478169724,15.5056895687473,16.3786060542937,17.7380840832853
806.199999999879,1.34938569662114,1.20186330900192,2.88783594247282,4.09397792819448,4.38968591010201,5.10694597477335,6.59656870322996,7.1298704579378,8.44232022913195,9.30483969367642,10.4858945514175,11.1695411619569,12.894961730082,13.7891558092089,,,14.3618522608296,15.5009347618895,16.4449170144713,17.746459781566
806.799999999879,1.36619499772299,1.19320450735447,2.8922271866005,4.03375608050409,4.39219960613079,5.13208233813332,6.59533457207847,7.13064213689651,8.44085918425515,9.30744981587119,10.5082064153162,11.1813117425002,12.9284755220479,13.8016013132318,,,14.3659326133103,15.499442061398,16.5112279746517,17.7548354798457
807.399999999879,1.38300429882503,1.18454570570639,2.89661843072818,3.9735342328137,4.39471330215991,5.15721870149423,6.59410044092258,7.13141381585349,8.43941257322523,9.31003152595956,10.5305182792116,11.1930823230443,12.9619893140138,13.8140468172547,,,14.3760733557062,15.497558991434,16.577538934832,17.7632111781254
807.999999999879,1.39981359992707,1.1758869040583,2.90100967485587,3.9133123851233,4.39722699818903,5.18235506485514,6.59286630976668,7.13218549481047,8.43757529912373,9.31344333147065,10.5528301431071,11.2048529035884,12.9955031059797,13.8264923212775,,,14.3878883912008,15.4952762935874,16.6438498950124,17.7715868764051
808.599999999879,1.41662290102911,1.16722810241022,2.90540091898355,3.85309053743291,4.39974069421815,5.20749142821604,6.59163217861079,7.13295717376746,8.43628055827222,9.31547191174528,10.5751420070026,11.2166234841326,13.0290168979455,13.8389378253004,,,14.3997034266958,15.4929935957407,16.7101608551928,17.7799625746848
809.199999999879,1.43343220213115,1.15856930076213,2.90979216311123,3.79286868974252,4.40225439024726,5.23262779157695,6.5903980474549,7.13372885272444,8.43521385290722,9.31776731243962,10.5974538708981,11.2283940646767,13.0625306899114,13.8513833293233,,,14.4115184621908,15.4907108978941,16.7764718153731,17.7883382729645
809.799999999879,1.45024150323319,1.14991049911404,2.91418340723891,3.73264684205212,4.40476808627638,5.25776415493786,6.58916391629901,7.13450053168142,8.43437356570981,9.32015655265024,10.6197657347935,11.2401646452208,13.0960444818773,13.8638288333462,,,14.4233334976857,15.4884282000474,16.8427827755535,17.7967139712442
810.399999999879,1.46705080433523,1.14125169746596,2.91857465136659,3.67242499436173,4.4072817823055,5.28290051829876,6.58792978514312,7.1352722106384,8.43353327851244,9.32260118126227,10.642077598689,11.251935225765,13.1295582738432,13.876274337369,,,14.4351485331807,15.4861455022008,16.9090937357339,17.8050896695239
810.999999999879,1.48386010543727,1.13259289581787,2.92296589549427,3.61220314667134,4.40979547833462,5.30803688165967,6.58669565398722,7.13604388959539,8.43269299131508,9.32504580987431,10.6643894625845,11.2637058063091,13.1630720658091,13.8887198413919,,,14.4469635686757,15.4838628043541,16.9754046959143,17.8134653678036
811.599999999878,1.50066940653931,1.12393409416979,2.92735713962196,3.55198129898094,4.41230917436373,5.33317324502057,6.58546152283133,7.13681556855237,8.4318044102206,9.3276739269529,10.68670132648,11.2754763868532,13.196585857775,13.9011653454148,,,14.4587786041707,15.4815801065075,17.0417156560946,17.8218410660833
812.199999999878,1.51747870764135,1.1152752925217,2.93174838374964,3.49175945129055,4.41482287039285,5.35830960838148,6.58422739167544,7.13758724750935,8.43117292678644,9.33052248654277,10.7090131903755,11.2872469673973,13.2300996497408,13.9136108494377,,,14.4705936396656,15.4792974086608,17.108026616275,17.830216764363
812.799999999878,1.53428800874339,1.10661649087361,2.93613962787732,3.43153760360016,4.41733656642197,5.38344597174239,6.58299326051954,7.13835892646633,8.43011043504829,9.33293383006639,10.7313250542709,11.2990175479415,13.2636134417067,13.9260563534605,,,14.4824086751606,15.4770147108141,17.1743375764554,17.8385924626427
813.399999999878,1.55109730984543,1.09795768922553,2.940530872005,3.37131575590977,4.41985026245109,5.40858233510329,6.58175912936365,7.13913060542332,8.42862395242199,9.33555202331024,10.7536369181664,11.3107881284856,13.2971272336726,13.9385018574834,,,14.4942237106556,15.4747320129675,17.2406485366357,17.8469681609223
813.999999999878,1.56790661094747,1.08929888757744,2.94492211613268,3.31109390821937,4.4223639584802,5.4337186984642,6.58052499820776,7.1399022843803,8.42672317481706,9.3364621283594,10.7759487820619,11.3225587090297,13.3306410256385,13.9509473615063,,,14.5038184103772,15.4717175749589,17.3069594968161,17.855343859202
814.599999999878,1.58481604113791,1.07896458716976,2.94931336026037,3.25087206052898,4.42487765450932,5.45368253180136,6.57459864060932,7.12882332195781,8.42463529991976,9.33608905554548,10.7982606459574,11.3365189025998,13.3641548176044,13.9633928655292,,,14.508358475904,15.4648213568679,17.3732704569965,17.8637195574817
815.199999999878,1.59655626138389,1.07056385778231,2.95370460438805,3.19065021283859,4.42440773783935,5.47422173961121,6.57320790800572,7.1166346278812,8.42149488717537,9.33672150700345,10.8188364341452,11.3567093286124,13.3976686095703,13.975838369552,,,14.5143561189138,15.4598050212055,17.4397901843729,17.8693445053997
815.799999999878,1.61012254967437,1.06973936094551,2.95809584851573,3.13042836514819,4.42955940927062,5.49352450872098,6.57377836661479,7.10218447430965,8.41848346346222,9.33859031562411,10.8239195797261,11.3665131648437,13.3860532913101,14.0026489361563,,,14.5212608587168,15.4499914653329,17.4768056218309,17.8744241337809
816.399999999878,1.62533455385434,1.07890379020892,2.9493643444909,3.14111639393266,4.44705912354619,5.51211372882718,6.57514562266935,7.08829296989331,8.41577545542889,9.3419532667542,10.8313542273028,11.3681947589551,13.3797537135554,13.9870111012845,,,14.5298265691229,15.4536901380689,17.4754712290986,17.8697992523581
816.999999999878,1.63242878678141,1.08373542041114,2.9406328404634,3.15180442273156,4.46096882731915,5.51305698328909,6.55111810027243,7.07792213070644,8.4127145766456,9.34643168145088,10.806020983118,11.3589881246458,13.3734541358017,13.9724337548778,,,14.5376815858695,15.4662506917551,17.477119080678,17.8660610704905
817.599999999878,1.63745558608555,1.08639010578729,2.93190133643589,3.16249245153047,4.47183568702648,5.50928480940394,6.53657411548723,7.07558856357501,8.4096016199364,9.35127102048252,10.7832411130932,11.3452208202181,13.3671545580481,13.9578564084714,,,14.5406942559748,15.4769492893886,17.478766932258,17.8623228886231
818.199999999877,1.64248238538926,1.089044791163,2.92316983240839,3.17318048032938,4.48270254673319,5.50551263551782,6.52203013070399,7.07325499644522,8.40827657416129,9.35758150501642,10.7604612430689,11.3314535157894,13.3608549802945,13.9432790620649,,,14.5429568967552,15.4884354649337,17.480414783838,17.8585847067557
818.799999999877,1.64750918469297,1.09169947653871,2.91443832838089,3.18386850912828,4.4935694064399,5.50174046163171,6.50748614592073,7.07092142931543,8.40894973583736,9.36375945920005,10.7376813730447,11.3176862113608,13.3545554025408,13.9287017156584,,,14.5438764876694,15.4998009145152,17.482062635418,17.8548465248883
819.399999999877,1.65253598399669,1.09435416191442,2.90570682435339,3.19455653792719,4.50443626614661,5.49796828774559,6.49294216113748,7.06858786218564,8.4092177299449,9.37072253598899,10.7149015030205,11.3039189069321,13.3482558247872,13.914124369252,,,14.5447960785833,15.5111663640967,17.483710486998,17.8511083430209
819.999999999877,1.6575627833004,1.09700884729013,2.89697532032588,3.20524456672609,4.51530312585332,5.49419611385948,6.47839817635422,7.06625429505585,8.40948059589559,9.37718961173345,10.6921216329962,11.2901516025035,13.3419562470336,13.8995470228455,,,14.5457156694972,15.5225318136782,17.485358338578,17.8473701611535
820.599999999877,1.66258958260411,1.09966353266584,2.88824381629838,3.215932595525,4.52616998556003,5.49042393997337,6.46385419157097,7.06392072792606,8.40986541414282,9.38362742528113,10.669341762972,11.2763842980748,13.3356566692799,13.884969676439,,,14.546635260411,15.5338972632597,17.487006190158,17.8436319792861
821.199999999877,1.66761638190783,1.10231821804155,2.87951231227088,3.22662062432391,4.53703684526674,5.48665176608725,6.44931020678772,7.06158716079626,8.41025023239007,9.38992458999545,10.6465618929477,11.2626169936462,13.3293570915263,13.8703923300326,,,14.5475548513249,15.5452627128412,17.4886540417379,17.8398937974187
821.799999999877,1.67264318121154,1.10497290341726,2.87078080824338,3.23730865312281,4.54790370497345,5.48287959220114,6.43476622200446,7.05925359366648,8.41063505063731,9.39622175470973,10.6237820229235,11.2488496892175,13.3230575137727,13.8558149836261,,,14.5484744422388,15.5566281624227,17.4903018933179,17.8361556155513
822.399999999877,1.67766998051525,1.10762758879297,2.86204930421587,3.24799668192172,4.55877056468016,5.47910741831503,6.42022223722121,7.05692002653668,8.41108865208482,9.40244790324304,10.6010021528992,11.2350823847889,13.316757936019,13.8412376372196,,,14.5493940331527,15.5679936120042,17.4919497448979,17.8324174336839
822.999999999877,1.68269677981897,1.11028227416868,2.85331780018837,3.25868471072063,4.56963742438687,5.47533524442891,6.40567825243796,7.05458645940689,8.41177332211212,9.40840952068729,10.578222282875,11.2213150803602,13.3104583582654,13.8266602908131,,,14.5503136240666,15.5793590615857,17.4935975964779,17.8286792518165
823.599999999877,1.68772357912268,1.11293695954439,2.84458629616087,3.26937273951953,4.58050428409358,5.4715630705428,6.39113426765471,7.0522528922771,8.41249156047869,9.41416020836002,10.5554424128507,11.2075477759316,13.3041587805118,13.8120829444067,,,14.5512332149805,15.5907245111672,17.4952454480579,17.8249410699491
824.199999999877,1.69275037842639,1.1155916449201,2.83585479213337,3.28006076831844,4.59137114380029,5.46779089665669,6.37659028287145,7.04991932514731,8.41325417061292,9.41914477048354,10.5326625428265,11.1937804715029,13.2978592027581,13.7975055980002,,,14.5521528058944,15.6020899607487,17.4968932996379,17.8212028880817
824.799999999876,1.69777717773011,1.11824633029581,2.82712328810586,3.29074879711734,4.602238003507,5.46401872277057,6.3620462980882,7.04758575801752,8.41379914949456,9.42390694211733,10.5098826728022,11.1800131670743,13.2915596250045,13.7829282515937,,,14.5549774775271,15.6140581764028,17.4985411512179,17.8174647062143
825.399999999876,1.70266365577872,1.12073897711027,2.81839178407836,3.30143682591625,4.61310486321372,5.46316517590171,6.34864981237325,7.05395292697472,8.41376985666744,9.43050575983367,10.487102802778,11.1652074809921,13.2852600472509,13.7683509051873,,,14.5585130496113,15.6271932502809,17.5001890027979,17.8137265243469
825.999999999876,1.70909946803744,1.11967186279662,2.80966028005086,3.31212485471516,4.62890250481987,5.45654843691386,6.32454395256246,7.05707482899836,8.41376123262521,9.43692895913102,10.4654765976891,11.1504014039153,13.2789604694972,13.7537735587808,,,14.5563088628537,15.6376802329604,17.5010004552857,17.8110626196019
826.599999999876,1.71065108214386,1.11781650270024,2.80092877602336,3.32281288351406,4.64025929868151,5.4446608808304,6.2994333357612,7.06826821947234,8.41287076678262,9.44064032082198,10.4464673119383,11.1411049394542,13.2877163052612,13.7289112134378,,,14.5516114915313,15.6476886374991,17.4620224084993,17.7900688611693
827.199999999876,1.7069857757353,1.11142083295498,2.87337243639289,3.34930529061879,4.61866431368482,5.43486127294343,6.28339330350916,7.0794806445168,8.41155475694999,9.44191020760357,10.4270241260657,11.1371291703258,13.3122002927573,13.7492823791875,,,14.5437192253265,15.646703105199,17.4369393714072,17.7715289358205
827.799999999876,1.70553309757731,1.11165523973159,2.9458160967792,3.37579769772678,4.59826191233723,5.43064181390759,6.28753432883803,7.09058048945204,8.40908515393064,9.44174052215151,10.4374165943815,11.1399035300338,13.3366842802566,13.7690648295193,,,14.5325113702012,15.6399825586661,17.3919846424496,17.7541117829134
828.399999999876,1.70430201483081,1.11704388890178,3.0182597571655,3.40229010483477,4.57965519846146,5.4315744771766,6.29804026857416,7.10512591509767,8.40688004954344,9.44128880549378,10.4457538338526,11.1431080579115,13.3611682677559,13.788847279851,,,14.5218247170053,15.6350985045388,17.3470299134879,17.7366946300067
828.999999999876,1.70307093208436,1.12243253807303,3.09070341755181,3.42878251194276,4.56104848458606,5.43250714044668,6.30854620831159,7.11967134074401,8.4028518472576,9.44061541392065,10.4540910733233,11.1463125857893,13.3856522552552,13.8086297301828,,,14.51261985098,15.6273224745465,17.3020751845262,17.7192774770999
829.599999999876,1.70183984933791,1.12782118724428,3.16314707793811,3.45527491905076,4.54244177071066,5.43343980371675,6.31905214804904,7.13421676639035,8.39684565550458,9.43949405011234,10.4624283127939,11.1495171136671,13.4101362427546,13.8284121805145,,,14.503223863741,15.6200410183953,17.2571204555644,17.7018603241931
830.199999999876,1.70060876659146,1.13320983641553,3.23559073832442,3.48176732615875,4.52383505683526,5.43437246698683,6.32955808778647,7.14876219203669,8.39085652231181,9.43751601035902,10.4707655522646,11.1527216415448,13.4346202302539,13.8481946308462,,,14.493827876502,15.6127595622441,17.2121657266027,17.6844431712864
830.799999999876,1.69937768384501,1.13859848558678,3.30803439871072,3.50825973326674,4.50522834295985,5.43530513025691,6.34006402752391,7.16330761768304,8.38457316827958,9.43617661542302,10.4791027917353,11.1559261694226,13.4591042177532,13.8679770811779,,,14.484431889263,15.605478106093,17.167210997641,17.6670260183796
831.399999999875,1.69814660109856,1.14398713475803,3.38047805909703,3.53475214037473,4.48662162908445,5.43623779352698,6.35056996726134,7.17785304332937,8.37813511167909,9.43491980958718,10.487440031206,11.1591306973004,13.4835882052525,13.8877595315097,,,14.4750359020239,15.5981966499419,17.1222562686793,17.6496088654728
831.999999999875,1.69691551835211,1.14937578392928,3.45292171948333,3.56124454748272,4.46801491520905,5.43717045679706,6.36107590699879,7.19239846897571,8.37169705507857,9.43368171347841,10.4957772706766,11.1623352251782,13.5080721927518,13.9075419818414,,,14.4656399147849,15.5909151937908,17.0773015397176,17.632191712566
832.599999999875,1.69568443560566,1.15476443310053,3.52536537986964,3.58773695459071,4.44940820133365,5.43810312006713,6.37158184673623,7.20694389462205,8.36525899847805,9.43244361736964,10.5041145101473,11.165539753056,13.5325561802512,13.9273244321731,,,14.4562439275458,15.5836337376397,17.0323468107559,17.6147745596593
833.199999999875,1.69445335285921,1.16015308227179,3.59780904025594,3.6142293616987,4.43080148745825,5.43903578333721,6.38208778647366,7.2214893202684,8.35880425234819,9.43123698282519,10.512451749618,11.1687442809338,13.5570401677505,13.9471068825048,,,14.4468479403068,15.5763522814885,16.9873920817941,17.5973574067525
833.799999999875,1.69322227011276,1.16554173144304,3.67025270064225,3.64072176880669,4.41219477358285,5.43996844660729,6.3925937262111,7.23603474591473,8.3522254225843,9.4302054294005,10.5207889890886,11.1719488088116,13.5815241552498,13.9668893328365,,,14.4374519530678,15.5690708253374,16.9424373528324,17.5799402538457
834.399999999875,1.6919911873663,1.17093038061429,3.74269636102855,3.66721417591469,4.39358805970745,5.44090110987736,6.40309966594854,7.25058017156108,8.34568273573879,9.42949919462106,10.5291262285593,11.1751533366894,13.6060081427491,13.9866717831683,,,14.4280559658287,15.5617893691863,16.8974826238707,17.5625231009389
834.999999999875,1.69076010461986,1.17631902978554,3.81514002141486,3.69370658302268,4.37498134583205,5.44183377314744,6.41360560568597,7.26512559720741,8.33889416927118,9.43034583283706,10.53746346803,11.1783578645671,13.6304921302484,14.0064542335,,,14.4186599785897,15.5545079130352,16.852527894909,17.5451059480321
835.599999999875,1.6895290218734,1.18170767895679,3.88758368180116,3.72019899013067,4.35637463195665,5.44276643641751,6.42411154542341,7.27967102285375,8.33227906646282,9.430364340991,10.5458007075006,11.1815623924449,13.6549761177478,14.0262366838317,,,14.4093155449556,15.5486993108279,16.8075731659473,17.5276887951254
836.199999999875,1.68837880471404,1.18793606537896,3.96002734218747,3.74669139723866,4.33776791808125,5.44646959664527,6.43687955213259,7.28267547588502,8.3270748181527,9.42772520050386,10.5541379469713,11.1822460075078,13.6794601052471,14.0460191341635,,,14.4039079348602,15.5425389514798,16.7626184369856,17.5102716422186
836.799999999875,1.68421613169598,1.19490086498381,4.03247100257377,3.77318380434665,4.31515922092309,5.45637730336167,6.4660486151001,7.28632384127865,8.3231860410146,9.4208336498833,10.5711816995359,11.1762893490504,13.7039440927464,14.0658015844952,,,14.4012225013942,15.5376157542769,16.7196488868967,17.4911395874385
837.399999999875,1.67328841903801,1.19546102478636,4.10491466296008,3.79967621145464,4.30741760291263,5.46635268290926,6.48916324793674,7.28663445280547,8.31988412585651,9.41323833310904,10.6017952453138,11.1764935008417,13.7333314629448,14.0678782200137,,,14.3992639950979,15.5276466278884,16.6928267814199,17.4962131613578
837.999999999874,1.65806374344402,1.19249061200635,4.0847087729079,3.80990640593268,4.33211901897792,5.45546006116654,6.50493197734757,7.28476165400022,8.31680289721083,9.40648487944848,10.6361445604604,11.1799541664729,13.7140341125392,14.0577948081908,,,14.3994092429443,15.5173713540263,16.6366680111017,17.5128578757529
838.599999999874,1.64075995456472,1.18675481144662,4.06450288283634,3.82013660040731,4.36269879584985,5.45827966443044,6.5073423966799,7.27624042575364,8.3160078050899,9.4041645227623,10.6761533398795,11.1821772917373,13.6947367621235,14.0501741353177,,,14.4047201108135,15.5127340888138,16.6117503802586,17.5315531284804
839.199999999874,1.62249660271734,1.17733067539373,4.04429699276478,3.83036679488195,4.39163820716463,5.45612371986538,6.51176705781698,7.26372332686811,8.31455754323365,9.4030424659788,10.7267712781594,11.1872136636171,13.6754394117078,14.042553462445,,,14.4159306955374,15.5065826681091,16.5868327494221,17.5502483812084
839.799999999874,1.60423325086976,1.16790653934007,4.02409110269322,3.84059698935658,4.42057761847907,5.45396777529928,6.51619171895448,7.25120622798174,8.31394114840566,9.4004889334514,10.7773892164416,11.1922500354975,13.6561420612921,14.0349327895724,,,14.4212501847906,15.5031885143383,16.5619151185855,17.5689436339363
840.399999999874,1.58596989902218,1.15848240328641,4.00388521262167,3.85082718383122,4.44951702979351,5.45181183073318,6.52061638009198,7.23868912909536,8.31468484125622,9.39856270881116,10.8280071547238,11.1972864073778,13.6368447108763,14.0273121166998,,,14.4283792562737,15.4995153129077,16.5369974877489,17.5876388866642
840.999999999874,1.56770654717461,1.14905826723274,3.98367932255011,3.86105737830585,4.47845644110795,5.44965588616707,6.52504104122948,7.226172030209,8.31564819930803,9.3974068358116,10.878625093006,11.2023227792582,13.6175473604606,14.0196914438271,,,14.4355083277572,15.495842111477,16.5120798569124,17.6063341393921
841.599999999874,1.54944319532703,1.13963413117908,3.96347343247855,3.87128757278049,4.50739585242238,5.44749994160097,6.52946570236699,7.21365493132263,8.31705194164854,9.39562574078576,10.9292430312882,11.2073591511386,13.5982500100449,14.0120707709545,,,14.4426373992407,15.4921689100463,16.4871622260758,17.6250293921201
842.199999999874,1.53117984347945,1.13020999512542,3.94326754240699,3.88151776725512,4.53633526373682,5.44534399703486,6.53389036350449,7.20113783243626,8.31848908631721,9.39372836811468,10.9798609695704,11.212395523019,13.5789526596292,14.0044500980819,,,14.4497664707242,15.4884957086156,16.4622445952392,17.643724644848
842.799999999874,1.51291649163187,1.12078585907176,3.92306165233544,3.89174796172976,4.56527467505126,5.44318805246876,6.53831502464198,7.18862073354988,8.31992623098589,9.39218679608738,11.0304789078526,11.2174318948994,13.5596553092135,13.9968294252092,,,14.4568955422077,15.4848225071849,16.4373269644027,17.6624198975759
843.399999999874,1.49465313978429,1.11136172301809,3.90285576226388,3.90197815620439,4.5942140863657,5.44103210790266,6.54273968577949,7.17610363466352,8.32136337565456,9.39064522406015,11.0810968461348,11.2224682667798,13.5403579587978,13.9892087523366,,,14.4640246136912,15.4811493057542,16.4124093335661,17.6811151503038
843.999999999874,1.47638978793672,1.10193758696443,3.88264987219232,3.91220835067903,4.62315349768014,5.43887616333656,6.54716434691699,7.16358653577714,8.32282556975223,9.38903582060712,11.131714784417,11.2275046386602,13.521060608382,13.981588079464,,,14.4711536851747,15.4774761043235,16.3874917027295,17.6998104030317
844.599999999873,1.45812643608914,1.09251345091077,3.86244398212076,3.92243854515366,4.65209290899458,5.43672021877045,6.55158900805449,7.15106943689078,8.3238433172031,9.38719387717667,11.1823327226992,11.2325410105406,13.5017632579663,13.9739674065913,,,14.4782827566582,15.4738029028929,16.362574071893,17.7185056557597
845.199999999873,1.43986308424156,1.08308931485711,3.8422380920492,3.9326687396283,4.68103232030901,5.43456427420435,6.55601366919199,7.1385523380044,8.32479041215855,9.38517461032902,11.2329506609814,11.2375773824209,13.4824659075506,13.9663467337187,,,14.4854118281417,15.4701297014622,16.3376564410564,17.7372009084876
845.799999999873,1.42159973239398,1.07366517880344,3.82203220197765,3.94289893410293,4.70997173162345,5.43240832963825,6.5604383303295,7.12603523911804,8.32649863640328,9.38154633911908,11.2835685992636,11.2426137543013,13.4631685571349,13.9587260608461,,,14.4925408996252,15.4664565000315,16.3127388102198,17.7558961612155
846.399999999873,1.4033363805464,1.06424104274978,3.80182631190609,3.95312912857757,4.73891114293789,5.43025238507214,6.56486299146699,7.11351814023166,8.32866689471832,9.37792178334263,11.3341865375458,11.2476501261817,13.4438712067192,13.9511053879734,,,14.4989149040931,15.4589127364428,16.2878211793833,17.7745914139434
846.999999999873,1.38504920307865,1.05440463445841,3.78162042183453,3.9633593230522,4.76785055425233,5.42331866879263,6.5664020423703,7.10684051668487,8.32995752093246,9.37646508328584,11.384804475828,11.2567513493892,13.4245738563035,13.9434847151008,,,14.4969133387853,15.4519704318412,16.2629035485467,17.7932866666713
847.599999999873,1.36736420776932,1.04552898744239,3.76141453176297,3.97358951752684,4.80090732059348,5.41288206289149,6.54327858673384,7.10869395583897,8.33019123966511,9.37808670653025,11.4234936915075,11.2640878358517,13.4052765058877,13.9358640422282,,,14.5001363288883,15.4470856397283,16.2431731500091,17.8157691119283
848.199999999873,1.3536808918038,1.0473182334889,3.74120864169141,3.98381971200147,4.81256552312892,5.40836222632134,6.53120002111291,7.11058916431179,8.33012782925115,9.38140789945613,11.4444506711606,11.2720199015921,13.3809787609489,13.9625326779677,,,14.5034805415443,15.4471362193506,16.2422032432352,17.8215475720894
848.799999999873,1.33858915909173,1.05551774458649,3.75435388397876,3.96339849821966,4.79275290836805,5.42263944319073,6.52862775431311,7.11581613939459,8.32963707914537,9.38554128104881,11.421392843639,11.2708163118128,13.3767395175279,13.958607727299,,,14.5059438414977,15.4552609787197,16.2984452380754,17.8125334747104
849.399999999873,1.31675767841249,1.06380739380195,3.76749912627317,3.94297728443135,4.76152906791828,5.42087032042428,6.54310640883492,7.12987042497554,8.32738574773566,9.38187812585438,11.356671326685,11.2639588227942,13.3725002741112,13.9524192529392,,,14.5038520759598,15.4586119601985,16.3309262246701,17.7866154600928
849.999999999873,1.29550632813192,1.07421962691576,3.78064436856759,3.92255607064304,4.73315430551987,5.42206001336404,6.55554528907173,7.14172075443664,8.32591856074998,9.37584800510172,11.2786180521665,11.2542706254541,13.3682610306944,13.9462307785789,,,14.5001244064774,15.4627531608518,16.3634072112599,17.7606974454716
850.599999999873,1.27425497785148,1.08463186003002,3.793789610862,3.90213485685472,4.70477954312206,5.42324970630443,6.5679841693081,7.15357108389726,8.32415429898615,9.37130067575819,11.2005647776452,11.2445824281134,13.3640217872777,13.9400423042186,,,14.5020295546542,15.465828936962,16.3958881978496,17.7347794308504
851.199999999872,1.25300362757104,1.09504409314429,3.80693485315642,3.88171364306641,4.67640478072426,5.42443939924483,6.58042304954448,7.16542141335788,8.3217576143155,9.36662816081536,11.1225115031239,11.2348942307727,13.3597825438609,13.9338538298583,,,14.5023813079039,15.4688447280067,16.4283691844393,17.7088614162292
851.799999999872,1.23175227729059,1.10545632625855,3.82008009545083,3.8612924292781,4.64803001832645,5.42562909218522,6.59286192978085,7.17727174281851,8.31921660081596,9.36192694741976,11.0444582286025,11.225206033432,13.3555433004442,13.927665355498,,,14.5027330611532,15.4718605190513,16.4608501710291,17.682943401608
852.399999999872,1.21050092701015,1.11586855937281,3.83322533774525,3.84087121548979,4.61965525592864,5.42681878512561,6.60530081001722,7.18912207227913,8.31645377469453,9.35815461840938,10.9664049540812,11.2155178360913,13.3513040570274,13.9214768811377,,,14.5030848144026,15.4748763100959,16.4933311576188,17.6570253869868
852.999999999872,1.1892495767297,1.12628079248708,3.84637058003966,3.82045000170148,4.59128049353084,5.428008478066,6.61773969025359,7.20097240173975,8.31354676897267,9.35449676402432,10.8883516795599,11.2058296387506,13.3470648136107,13.9152884067774,,,14.5034365676519,15.4778921011405,16.5258121442085,17.6311073723655
853.599999999872,1.16799822644926,1.13669302560134,3.85951582233408,3.80002878791316,4.56290573113303,5.4291981710064,6.63017857048997,7.21282273120038,8.31063976325078,9.35059235864531,10.8102984050386,11.1961414414099,13.3428255701939,13.9090999324171,,,14.5037883209012,15.4809078921851,16.5582931307983,17.6051893577443
854.199999999872,1.14674687616881,1.1471052587156,3.87266106462849,3.77960757412485,4.53453096873522,5.43038786394679,6.64261745072634,7.224673060661,8.30773275752889,9.34668795326624,10.7322451305172,11.1864532440691,13.3385863267772,13.9029114580568,,,14.5041400741506,15.4839236832297,16.590774117388,17.5792713431231
854.799999999872,1.12549552588837,1.15751749182987,3.88580630692291,3.75918636033654,4.50615620633741,5.43157755688718,6.65505633096272,7.23652339012162,8.30472014828502,9.34288888736804,10.6541918559959,11.1767650467284,13.3343470833604,13.8967229836964,,,14.5044918273999,15.4869394742743,16.6232551039777,17.5533533285019
855.399999999872,1.10424417560792,1.16792972494413,3.89895154921732,3.73876514654823,4.47778144393961,5.43276724982757,6.66749521119909,7.24837371958225,8.30219733608938,9.33947528098159,10.5761385814746,11.1670768493877,13.3301078399437,13.8905345093361,,,14.5048435806492,15.4899552653189,16.6557360905675,17.5274353138807
855.999999999872,1.08299282532748,1.17834195805839,3.91209679151174,3.71834393275992,4.4494066815418,5.43395694276796,6.67993409143547,7.26022404904288,8.29967355058156,9.33628065130809,10.4980853069533,11.157388652047,13.325868596527,13.8843460349758,,,14.5051953338986,15.4929710563635,16.6882170771572,17.5015172992595
856.599999999872,1.06174147504704,1.18875419117266,3.92524203380616,3.6979227189716,4.42103191914399,5.43514663570835,6.69237297167184,7.27207437850349,8.29689306174513,9.33298245467418,10.4200320324319,11.1477004547063,13.3216293531102,13.8781575606155,,,14.5055470871479,15.4959868474082,16.7206980637469,17.4755992846383
857.199999999872,1.04049012476659,1.19916642428692,3.93838727610057,3.67750150518329,4.39265715674619,5.43633632864875,6.70481185190821,7.28392470796412,8.29454629992056,9.33128820862394,10.3419787579106,11.1380122573656,13.3173901096935,13.8719690862552,,,14.5042809853532,15.5022736479516,16.7531790503367,17.4496812700171
857.799999999871,1.01931196579131,1.21042703296753,3.95153251839499,3.65708029139498,4.36428239434838,5.43947784733215,6.72003999458647,7.29949008338057,8.29334108431083,9.33092366637189,10.2639254833893,11.1266079428905,13.3131508662767,13.8657806118949,,,14.5071593689492,15.510496304113,16.7856600369264,17.4237632553959
858.399999999871,0.994335870646725,1.2192258534885,3.9646777606894,3.63665907760667,4.3285053022926,5.44445076469595,6.73455978496314,7.30268285380767,8.29228621484774,9.32997748925186,10.1898724280793,11.121231803354,13.30891162286,13.8595921375346,,,14.5092045322494,15.5197008534047,16.8140809451148,17.4007626206496
858.999999999871,0.964746606704753,1.21586560786954,3.97782300298382,3.61623786381835,4.32134064479836,5.43990708129237,6.74118048662025,7.30463809238028,8.29172530451106,9.33038899055489,10.1291587642249,11.1108920169072,13.3115094268291,13.8434312246472,,,14.5097650449754,15.5294483558891,16.8625693434028,17.3895743122761
859.599999999871,0.940000604039251,1.21090100829952,3.94124439684961,3.61632863069436,4.33819715963873,5.43668252021766,6.73210663518928,7.30395757181441,8.29223391999688,9.33149041186142,10.0997877896394,11.1039047286293,13.3476260558583,13.8663412652927,,,14.5124057029058,15.5284929818414,16.8740726892732,17.3936355385933
860.199999999871,0.919002769253384,1.2075932433548,3.90466579070472,3.61641939757476,4.35957434470957,5.43861340593194,6.71095786850282,7.29456859256225,8.29394564734995,9.33975808123459,10.119206560406,11.1053107766261,13.3837426848948,13.8907171869271,,,14.5207576803252,15.5289669399699,16.8951513982528,17.4157332211589
860.799999999871,0.897300691509499,1.20487397576149,3.86808718455984,3.61651016445517,4.37777241195495,5.44111065843278,6.68535044831909,7.29263278904809,8.29619957188879,9.35138249509605,10.149277419934,11.1110759691529,13.4198593139312,13.9150931085618,,,14.5221016759175,15.5276960126037,16.9162301072345,17.4378309037285
861.399999999871,0.875598613765465,1.20215470816831,3.83150857841496,3.61660093133558,4.39597047919964,5.44360791093373,6.6597430281344,7.29069698553552,8.29931924619147,9.36132522433254,10.1793482794644,11.1168411616807,13.4559759429676,13.9394690301965,,,14.5192335175504,15.5281770301604,16.9373088162161,17.459928586298
861.999999999871,0.853896536021428,1.19943544057512,3.79492997227008,3.61669169821598,4.41416854644434,5.44610516343469,6.63413560794971,7.28876118202295,8.30212670742255,9.37168296247798,10.2094191389947,11.1226063542085,13.492092572004,13.9638449518312,,,14.5168527580574,15.5290832490478,16.9583875251977,17.4820262688675
862.599999999871,0.832194458277393,1.19671617298194,3.75835136612519,3.61678246509639,4.43236661368903,5.44860241593565,6.60852818776502,7.28682537851039,8.3048292636584,9.38136543610961,10.239489998525,11.1283715467363,13.5282092010404,13.9882208734659,,,14.5144719985645,15.5299894679352,16.9794662341793,17.5041239514371
863.199999999871,0.810492380533357,1.19399690538876,3.72177275998031,3.6168732319768,4.45056468093373,5.4510996684366,6.58292076758033,7.28488957499781,8.30750864649034,9.39001758295657,10.2695608580553,11.1341367392641,13.5643258300769,14.0125967951005,,,14.5120912390716,15.5308956868226,17.0005449431609,17.5262216340066
863.799999999871,0.788790302789321,1.19127763779557,3.68519415383543,3.61696399885721,4.46876274817842,5.45359692093756,6.55731334739564,7.28295377148525,8.31038340820591,9.39852293721242,10.2996317175856,11.1399019317919,13.6004424591133,14.0369727167352,,,14.5097104795786,15.53180190571,17.0216236521426,17.5483193165761
864.39999999987,0.767088225045285,1.18855837020239,3.64861554769055,3.61705476573761,4.48696081542312,5.45609417343851,6.53170592721095,7.28101796797268,8.31325816992152,9.40708695925715,10.3297025771159,11.1456671243197,13.6365590881497,14.0613486383699,,,14.5073297200857,15.5327081245974,17.0427023611242,17.5704169991457
864.99999999987,0.74538614730125,1.1858391026092,3.61203694154566,3.61714553261802,4.50515888266781,5.45859142593947,6.50609850702626,7.27908216446012,8.31613293163714,9.41565098130189,10.3597734366462,11.1514323168475,13.6726757171861,14.0857245600046,,,14.5049489605928,15.5336143434849,17.0637810701058,17.5925146817152
865.59999999987,0.723684069557215,1.18311983501602,3.57545833540078,3.61723629949843,4.5233569499125,5.46108867844042,6.48049108684157,7.27714636094754,8.3191408823878,9.42406123964265,10.3898442961766,11.1571975093753,13.7087923462225,14.1101004816393,,,14.5025682010998,15.5345205623723,17.0848597790875,17.6146123642847
866.19999999987,0.701981991813178,1.18040056742283,3.5388797292559,3.61732706637883,4.5415550171572,5.46358593094138,6.45488366665688,7.27521055743498,8.32166669980257,9.431855488132,10.4199151557069,11.1629627019031,13.744908975259,14.134476403274,,,14.5001874416069,15.5354267812597,17.1059384880691,17.6367100468542
866.79999999987,0.680279914069143,1.17768129982965,3.50230112311102,3.61741783325924,4.55975308440189,5.46608318344234,6.42927624647219,7.27327475392241,8.32444958015027,9.43934792801341,10.4499860152372,11.1687278944309,13.7810256042954,14.1588523249087,,,14.497806682114,15.5363330001471,17.1270171970507,17.6588077294238
867.39999999987,0.658577836325108,1.17496203223646,3.46572251696613,3.61750860013965,4.57795115164659,5.4685804359433,6.4036688262875,7.27133895040984,8.3267407222494,9.44695354972634,10.4800568747675,11.1744930869587,13.8171422333318,14.1832282465433,,,14.4954259226211,15.5372392190345,17.1480959060323,17.6809054119933
867.99999999987,0.636875758581072,1.17224276464328,3.42914391082125,3.61759936702005,4.59614921889128,5.47107768844425,6.37806140610282,7.26940314689727,8.32680368716012,9.45304247535886,10.5101277342978,11.1802582794865,13.8532588623682,14.207604168178,,,14.4938724098497,15.5379463373448,17.169174615014,17.7030030945628
868.59999999987,0.615080796364606,1.16875257198186,3.39256530467637,3.61769013390046,4.61434728613598,5.47414842174612,6.3517067803964,7.26900715945889,8.32468613268319,9.45498608154429,10.5401985938281,11.1852234301557,13.8893754914046,14.2319800898127,,,14.4931756928663,15.5353740164637,17.1902533239956,17.7251007771324
869.19999999987,0.600401484820566,1.1704448220504,3.35598669853148,3.61778090078087,4.64155242981738,5.47563031165516,6.33855040351518,7.27536534830362,8.32212469808447,9.45543573634082,10.5695573576782,11.1900601198923,13.9254921204411,14.2563560114474,,,14.4855997001567,15.5269471428441,17.202327774363,17.7432187153605
869.79999999987,0.593041463390326,1.18108481193441,3.3194080923866,3.61787166766127,4.63038088826597,5.47307383667448,6.33247562588248,7.28309078252474,8.31893475646583,9.453020284511,10.5972920697333,11.1940273496346,13.9492263274746,14.2711563589368,,,14.4807175405966,15.5158911697178,17.1818887059401,17.7476313379675
870.39999999987,0.584700579742412,1.18747081537341,3.26314664757116,3.6360897863924,4.62826152597344,5.46545791473474,6.33345299017296,7.29820033380932,8.31483922923307,9.44976275911257,10.6062438454166,11.1934699542244,13.9159149103449,14.2367113933412,,,14.4726997891052,15.5151007873651,17.1641810262355,17.7339890552446
870.999999999869,0.580729277051267,1.1891295960042,3.20688520275144,3.65430790512746,4.63132591258731,5.45126004013264,6.33681810439649,7.31854986812808,8.31115613569525,9.44343225554514,10.5916153647692,11.1868485500687,13.8826034932028,14.1990987973832,,,14.4625320792973,15.5167585328613,17.1426402889307,17.7217066524961
871.599999999869,0.57902417138806,1.18596135447753,3.15062375793172,3.67252602386253,4.63796960659411,5.43527472008468,6.34049924203394,7.32100353707535,8.30677096384932,9.43608396697596,10.5687512144184,11.1768284571467,13.8492920760608,14.1614862014245,,,14.458406726978,15.5204841192453,17.121099551625,17.7094242497479
872.199999999869,0.577319065725346,1.18279311294981,3.094362313112,3.69074414259759,4.6446133006017,5.41928940003633,6.34418037967146,7.32345720601872,8.30039187144836,9.42999127435476,10.5458870640657,11.166808364224,13.8159806589187,14.1238736054659,,,14.455016117197,15.5218324769346,17.0995588143193,17.6971418469998
872.799999999869,0.575613960062633,1.17962487142208,3.03810086829228,3.70896226133265,4.65125699460928,5.40330407998798,6.34786151730897,7.3259108749621,8.29431515861149,9.42295135332594,10.5230229137131,11.1567882713013,13.7826692417766,14.0862610095072,,,14.4513313733336,15.5235664994105,17.0780180770137,17.6848594442516
873.399999999869,0.573908854399919,1.17645662989436,2.98183942347256,3.72718038006772,4.65790068861686,5.38731875993962,6.35154265494648,7.32836454390547,8.28855841191409,9.41632172059317,10.5001587633604,11.1467681783786,13.7493578246345,14.0486484135485,,,14.4476466294701,15.5253005218865,17.056477339708,17.6725770415034
873.999999999869,0.572203748737205,1.17328838836663,2.92557797865285,3.74539849880278,4.66454438262445,5.37133343989127,6.35522379258399,7.33081821284885,8.2827109015753,9.41011369584561,10.4772946130078,11.136748085456,13.7160464074925,14.0110358175898,,,14.4439618856066,15.5270345443626,17.0349366024024,17.6602946387553
874.599999999869,0.570498643074492,1.17012014683891,2.86931653383312,3.76361661753785,4.67118807663203,5.35534811984292,6.35890493022151,7.33327188179223,8.27666914233099,9.40396225860046,10.4544304626551,11.1267279925333,13.6827349903504,13.9734232216311,,,14.4402771417432,15.5287685668386,17.0133958650967,17.6480122360071
875.199999999869,0.568793537411779,1.16695190531118,2.81305508901341,3.78183473627291,4.67783177063961,5.33936279979457,6.36258606785903,7.33572555073561,8.27062738308664,9.39759536925066,10.4315663123025,11.1167078996106,13.6494235732083,13.9358106256725,,,14.4365923978797,15.5305025893146,16.991855127791,17.6357298332589
875.799999999869,0.567088431749065,1.16378366378346,2.75679364419369,3.80005285500797,4.6844754646472,5.32337747974622,6.36626720549654,7.33817921967898,8.26458562384228,9.39122847990081,10.4087021619498,11.1066878066879,13.6161121560663,13.8981980297138,,,14.4329076540162,15.5322366117907,16.9703143904854,17.6234474305108
876.399999999869,0.565383326086352,1.16061542225573,2.70053219937397,3.81827097374304,4.69111915865478,5.30739215969786,6.36994834313405,7.34063288862235,8.25850717876273,9.38494539980567,10.3858380115972,11.0966677137652,13.5828007389242,13.8605854337551,,,14.4292229101528,15.5339706342667,16.9487736531797,17.6111650277626
876.999999999869,0.563678220423638,1.15744718072801,2.64427075455425,3.8364890924781,4.69776285266236,5.29140683964951,6.37362948077157,7.34308655756573,8.25273224475446,9.37926036104763,10.3629738612445,11.0866476208425,13.5494893217821,13.8229728377964,,,14.4255381662893,15.5357046567427,16.9272329158741,17.5988826250145
877.599999999868,0.561973114760924,1.15427893920028,2.58800930973453,3.85470721121317,4.70440654666995,5.27542151960116,6.37731061840909,7.34554022650911,8.24650853084577,9.37371792991122,10.3401097108919,11.0766275279198,13.5161779046401,13.7853602418377,,,14.4218534224259,15.5374386792188,16.9056921785684,17.5866002222663
878.199999999868,0.560268009098211,1.15111069767256,2.53174786491481,3.87292532994823,4.71105024067753,5.25943619955281,6.3809917560466,7.34799389545248,8.24047716080007,9.36846240367055,10.3172455605393,11.0666074349971,13.482866487498,13.747747645879,,,14.4181686785624,15.5391727016948,16.8841514412627,17.5743178195181
878.799999999868,0.558562903435497,1.14794245614483,2.47548642009509,3.89114344868329,4.71769393468511,5.24345087950445,6.38467289368411,7.35044756439586,8.23657329053235,9.36272308769172,10.2943814101866,11.0565873420744,13.4495550703559,13.7101350499204,,,14.4175761211676,15.5401492133034,16.8626107039571,17.56203541677
879.399999999868,0.556856440799142,1.14393882003992,2.41922497527537,3.90936156741836,4.72433762869269,5.22526439403789,6.3867808674422,7.34676483943673,8.23359904460238,9.35777507260791,10.271517259834,11.0481810552509,13.4162436532139,13.6725224539617,,,14.417269737205,15.540686060252,16.8410699666514,17.5497530140218
879.999999999868,0.551108517291325,1.13455151884237,2.36296353045565,3.92757968615342,4.72663034795309,5.21038423478613,6.39972401070043,7.34078322867544,8.23129486484388,9.3569132587793,10.2608985488397,11.0462322699661,13.3829322360718,13.634909858003,,,14.4229923524303,15.5465757346577,16.8330136091657,17.537475225586
880.599999999868,0.546522010445001,1.12563631465128,2.30670208563593,3.94579780488849,4.75035028262045,5.20927167596228,6.4136542165881,7.33095946292227,8.22959646165996,9.35954251091646,10.2628813891119,11.0408945692771,13.3570756414081,13.5940539651328,,,14.4264817113021,15.5478763843399,16.8276004898687,17.5390500326087
881.199999999868,0.543478173923225,1.12007667359342,2.3549880244081,3.9458450531158,4.73586815949304,5.20783454008951,6.43241624402565,7.30941461276064,8.22802204015619,9.36031733298031,10.2771148174937,11.0448330811071,13.3559771872451,13.5923707041179,,,14.4310931381374,15.5430964030106,16.814422164182,17.5458412460201
881.799999999868,0.541016198801794,1.12119491712653,2.40327396320329,3.94589230133911,4.72074150713317,5.20920699192767,6.45344061317505,7.28699224525028,8.22424700442012,9.35980149730841,10.2892167107125,11.0528751429652,13.3548787330876,13.5926572056728,,,14.431302473327,15.5342488583423,16.7949521832284,17.5497256197508
882.399999999868,0.536670363715783,1.12709539371628,2.45155990199847,3.94593954956242,4.70197868133729,5.2135114209555,6.4708807014735,7.28462895230447,8.22068422929417,9.35859527507968,10.311450178322,11.0622828169476,13.3537802789301,13.5929437072282,,,14.4263829871954,15.5263750211205,16.7754822022734,17.5536099934808
882.999999999868,0.532324528629357,1.13299587030708,2.49984584079366,3.94598679778573,4.6832158555406,5.21781584998399,6.48832078977116,7.2822656593631,8.22014735217822,9.35759301339523,10.3336836459337,11.0716904909303,13.3526818247725,13.5932302087836,,,14.4267836193943,15.5224427843056,16.7560122213184,17.5574943672108
883.599999999868,0.527978693542931,1.13889634689788,2.54813177958885,3.94603404600904,4.66445302974391,5.22212027901247,6.50576087806883,7.27990236642173,8.21980681854607,9.35572365310866,10.3559171135454,11.081098164913,13.351583370615,13.5935167103389,,,14.4283969460128,15.5178528316856,16.7365422403634,17.5613787409408
884.199999999867,0.523632858456506,1.14479682348867,2.59641771838403,3.94608129423235,4.64569020394722,5.22642470804096,6.52320096636649,7.27753907348034,8.21904638594183,9.35380380002377,10.3781505811571,11.0905058388956,13.3504849164575,13.5938032118943,,,14.4300102726316,15.5132628790656,16.7170722594084,17.5652631146708
884.799999999867,0.51928702337008,1.15069730007947,2.64470365717922,3.94612854245566,4.62692737815053,5.23072913706944,6.54064105466415,7.27517578053897,8.2184710745275,9.35189712886614,10.4003840487687,11.0999135128783,13.3493864623,13.5940897134497,,,14.4316235992504,15.5086729264455,16.6976022784534,17.5691474884008
885.399999999867,0.514941188283654,1.15659777667027,2.69298959597441,3.94617579067897,4.60816455235384,5.23503356609793,6.5580811429618,7.27281248759759,8.2181741270119,9.3501472558576,10.4226175163805,11.109321186861,13.3482880081425,13.594376215005,,,14.4332369258692,15.5040829738254,16.6781322974984,17.5730318621308
885.999999999867,0.510595353197228,1.16249825326107,2.74127553476959,3.94622303890228,4.58940172655716,5.23933799512641,6.57552123125947,7.27044919465621,8.21787717949637,9.34859641226612,10.4448509839921,11.1187288608437,13.3471895539849,13.5946627165604,,,14.4348502524879,15.4994930212053,16.6586623165434,17.5769162358608
886.599999999867,0.506249518110803,1.16839872985187,2.78956147356478,3.94627028712559,4.57063890076047,5.2436424241549,6.59296131955713,7.26808590171484,8.21758023198084,9.34704556867469,10.4670844516038,11.1281365348263,13.3460910998274,13.5949492181158,,,14.4364635791067,15.4949030685852,16.6391923355884,17.5808006095909
887.199999999867,0.501903683024377,1.17429920644266,2.83784741235997,3.9463175353489,4.55187607496378,5.24794685318338,6.61040140785479,7.26572260877346,8.21726902853829,9.34549888565621,10.4893179192155,11.137544208809,13.3449926456699,13.5952357196712,,,14.4380769057255,15.4903131159652,16.6197223546334,17.5846849833209
887.799999999867,0.497557847937951,1.18019968303346,2.88613335115515,3.94636478357221,4.53311324916709,5.25225128221187,6.62784149615245,7.26335931583208,8.21712557626018,9.34371401289761,10.5115513868272,11.1469518827917,13.3438941915124,13.5955222212265,,,14.4396902323443,15.4857231633451,16.6002523736784,17.5885693570509
888.399999999867,0.493212012851526,1.18610015962426,2.93441928995034,3.94641203179552,4.5143504233704,5.25655571124035,6.64528158445011,7.2609960228907,8.21735834603792,9.3418835688442,10.5337848544389,11.1563595567744,13.3427957373549,13.5958087227819,,,14.4413035589631,15.481133210725,16.5807823927234,17.5924537307809
888.999999999867,0.4888661777651,1.19200063621506,2.98270522874553,3.94645928001883,4.49558759757372,5.26086014026884,6.66272167274778,7.25863272994933,8.21794810556496,9.3396708432321,10.5560183220506,11.165767230757,13.3416972831973,13.5960952243373,,,14.4429168855819,15.4765432581049,16.5613124117684,17.5963381045109
889.599999999867,0.484520342678674,1.19790111280586,3.03099116754071,3.94650652824214,4.47682477177703,5.26516456929732,6.68016176104543,7.25626943700795,8.2178761078339,9.33815008654716,10.5782517896623,11.1751749047397,13.3405988290398,13.5963817258926,,,14.4397612995764,15.4714345953153,16.5418424308134,17.6002224782409
890.199999999867,0.480215316509167,1.20417818656126,3.0792771063359,3.94655377646545,4.45806194598034,5.27298028777416,6.69884684834843,7.25108770911189,8.21869949604662,9.34088882998592,10.600485257274,11.1810235937843,13.3395003748823,13.596668227448,,,14.4356720209548,15.471135987467,16.5223724498584,17.6041068519709
890.799999999866,0.47953671260266,1.21167468782398,3.12756304513109,3.94660102468876,4.44077244911071,5.28119224284983,6.70772888465742,7.24407137252819,8.21905309325781,9.33967809959044,10.6156240109818,11.1726757924278,13.3384019207248,13.5969547290034,,,14.4226830087784,15.4704031178826,16.4946461096398,17.6065381347943
891.399999999866,0.480329650183452,1.21568907506485,3.17584898392627,3.94664827291207,4.42772999725428,5.28559736521516,6.70635757152066,7.24520052336829,8.21896144969108,9.33343907849973,10.61633968917,11.1770478160154,13.3405507556197,13.6228188724689,,,14.4103144745075,15.4778669053832,16.4739112322598,17.5987943677971
891.999999999866,0.485909684656075,1.22058807037025,3.17269087342549,3.93598959529614,4.43992384971997,5.29273817717461,6.70958033880614,7.25274722067171,8.21915228494723,9.32952314669769,10.6530202248805,11.187848909551,13.3370367280795,13.659015482505,,,14.3991253896106,15.4854948453778,16.4974235457992,17.5980438765806
892.599999999866,0.495624059479173,1.22255988313412,3.16953276291324,3.92533091767781,4.44564895372169,5.31987907154307,6.69685195591093,7.26200576104007,8.22103210298353,9.32932801186252,10.7005808366043,11.1937994878907,13.3335227005381,13.69496477251,,,14.3933693257201,15.4939458702838,16.5382584306895,17.5955338810831
893.199999999866,0.506966441639511,1.22298620776102,3.16637465240099,3.91467224005949,4.4560973408772,5.34052442568495,6.7008704255745,7.26045760044198,8.22132980799885,9.32664249151424,10.7384205900379,11.1995071942766,13.3300086729966,13.730914062515,,,14.3933194026963,15.4983528973129,16.5790933155837,17.5930238855853
893.799999999866,0.518308823800213,1.22341253238759,3.16321654188874,3.90401356244116,4.46654572803377,5.36116977982539,6.7048888952418,7.25890943984149,8.21856193135794,9.32280696829,10.7762603434692,11.2052149006625,13.3264946454551,13.7668633525199,,,14.3843260355586,15.4953007268001,16.6199282004778,17.5905138900874
894.399999999866,0.529651205960915,1.22383885701415,3.16005843137649,3.89335488482284,4.47699411519033,5.38181513396582,6.70890736490911,7.25736127924099,8.21568896333137,9.32076427502696,10.8141000969006,11.2109226070484,13.3229806179137,13.8028126425249,,,14.3739296033235,15.4923371626464,16.660763085372,17.5880038945895
894.999999999866,0.540993588121616,1.22426518164072,3.15690032086425,3.88269620720452,4.4874425023469,5.40246048810626,6.71292583457641,7.2558131186405,8.21294790893683,9.31842622300095,10.851939850332,11.2166303134343,13.3194665903722,13.8387619325299,,,14.363533171088,15.4893735984928,16.7015979702661,17.5854938990917
895.599999999866,0.552335970282318,1.22469150626728,3.153742210352,3.87203752958619,4.49789088950347,5.42310584224669,6.71694430424372,7.25426495804001,8.2101986556349,9.31612830363981,10.8897796037633,11.2223380198202,13.3159525628308,13.8747112225348,,,14.3531367388525,15.4864100343391,16.7424328551603,17.5829839035938
896.199999999866,0.563678352443019,1.22511783089384,3.15058409983975,3.86137885196787,4.50833927666003,5.44375119638712,6.72096277391102,7.25271679743951,8.20703239064722,9.31364048371221,10.9276193571947,11.2280457262061,13.3124385352893,13.9106605125398,,,14.342740306617,15.4834464701855,16.7832677400544,17.580473908096
896.799999999866,0.575020734603722,1.22554415552041,3.1474259893275,3.85072017434955,4.5187876638166,5.46439655052756,6.72498124357833,7.25116863683902,8.20386612565945,9.31117307143029,10.9654591106261,11.233753432592,13.3089245077478,13.9466098025448,,,14.3323438743815,15.4804829060319,16.8241026249486,17.5779639125981
897.399999999865,0.586363116764423,1.22597048014697,3.14426787881525,3.84006149673122,4.52923605097317,5.48504190466799,6.72899971324563,7.24962047623853,8.20069986067169,9.30870565914838,11.0032988640575,11.2394611389779,13.3054104802064,13.9825590925497,,,14.321947442146,15.4775193418782,16.8649375098428,17.5754539171002
897.999999999865,0.597705498925124,1.22639680477353,3.141109768303,3.8294028191129,4.53968443812973,5.50568725880843,6.73301818291293,7.24807231563803,8.19748155813593,9.30632854463245,11.0411386174888,11.2451688453638,13.3018964526649,14.0185083825547,,,14.3115510099105,15.4745557777246,16.9057723947369,17.5729439216024
898.599999999865,0.609047881085826,1.2268231294001,3.13795165779075,3.81874414149457,4.5501328252863,5.52633261294886,6.73703665258024,7.24652415503754,8.19405549756596,9.30383225041857,11.0789783709202,11.2508765517496,13.2983824251234,14.0544576725597,,,14.3011545776751,15.4715922135709,16.9466072796311,17.5704339261045
899.199999999865,0.620390263246528,1.22724945402666,3.13479354727851,3.80808546387625,4.56058121244287,5.54697796708929,6.74105512224754,7.24497599443704,8.19041275620315,9.30135218814648,11.1168181243516,11.2565842581355,13.294868397582,14.0904069625646,,,14.2907581454396,15.4686286494173,16.9874421645252,17.5679239306067
899.799999999865,0.631732645407229,1.22767577865322,3.13163543676626,3.79742678625793,4.57102959959944,5.56762332122973,6.74507359191485,7.24342783383655,8.18620783865132,9.29937726311731,11.154657877783,11.2622919645214,13.2913543700405,14.1263562525696,,,14.2803617132041,15.4656650852637,17.0282770494194,17.5654139351088
900.399999999865,0.643075027567931,1.22810210327979,3.12847732625401,3.7867681086396,4.581477986756,5.58826867537016,6.74909206158215,7.24187967323605,8.18153414858597,9.29756773988487,11.1924976312143,11.2679996709073,13.287840342499,14.1623055425746,,,14.2752005573305,15.4635157594398,17.0691119343135,17.5629039396109
900.999999999865,0.654386235701119,1.22918429317085,3.12531921574176,3.77610943102128,4.59192637391257,5.60573463915423,6.75324180139289,7.24479993518129,8.17636851378482,9.29191979634673,11.2303373846457,11.2772161996709,13.2843263149576,14.1982548325795,,,14.2656070164302,15.4562609000042,17.1099468192077,17.5603939441131
901.599999999865,0.664264129191301,1.23192815122163,3.12216110522951,3.76545075340295,4.60359309379581,5.61571990071156,6.74744798870871,7.25730618723423,8.17151315088978,9.2886753361249,11.2631355253784,11.2914967834249,13.2808122874161,14.2342041225845,,,14.2661761330187,15.4469446286612,17.1482770912583,17.5598361694291
902.199999999865,0.670760260972221,1.231119858365,3.11900299471726,3.75479207578463,4.6100963902772,5.62338462896476,6.7519135503814,7.26483633880999,8.16726104832492,9.29067026453316,11.2960529027421,11.299324832955,13.2770108989525,14.2294827127983,,,14.268289901219,15.4368932540225,17.1700452687298,17.5608943349598
902.799999999865,0.672086546705578,1.22564362404528,3.11676380845135,3.7885878029111,4.62798200117325,5.61390371322947,6.74002967072685,7.27135478378606,8.1628886540273,9.29237128160407,11.2632339215214,11.2865553137593,13.3140165291781,14.1811588565698,,,14.2690906463086,15.4284862304024,17.1465737721683,17.5576061837613
903.399999999865,0.665692816924309,1.21503965997314,3.11452462218565,3.82238353004761,4.64657854645882,5.57936273694638,6.73993547326106,7.27635732965047,8.1582253362418,9.29174220477844,11.2186421508594,11.2792922332856,13.3510221594128,14.1351169861955,,,14.2683503468475,15.421496317368,17.111074466894,17.5516285633319
903.999999999864,0.657418649977173,1.20599425566185,3.11228543591995,3.85617925718411,4.66067211716314,5.5481069596593,6.72716923433775,7.280995118297,8.15485435345173,9.29539609641942,11.1769367560741,11.2690309171837,13.3880277896476,14.0890751158217,,,14.266410792879,15.4179497867274,17.0755751616169,17.5456509429019
904.599999999864,0.649144483029613,1.1969488513509,3.11004624965424,3.88997498432062,4.67476568786645,5.51685118237295,6.71440299541156,7.28563290694344,8.15337172500799,9.29984659605764,11.1352313612895,11.258769601081,13.4250334198823,14.0430332454479,,,14.2711629887976,15.4230862010076,17.0400758563398,17.5396733224719
905.199999999864,0.640870316082052,1.18790344703996,3.10780706338854,3.92377071145712,4.68885925856975,5.48559540508661,6.70163675648539,7.2902706955899,8.15223986993581,9.30309338401203,11.0935259665048,11.2485082849784,13.462039050117,13.9969913750741,,,14.2758007246373,15.4273732878392,17.0045765510627,17.5336957020419
905.799999999864,0.632596149134491,1.17885804272902,3.10556787712284,3.95756643859363,4.70295282927305,5.45433962780027,6.68887051755921,7.29490848423634,8.15172431162883,9.30672082926476,11.0518205717202,11.2382469688758,13.4990446803518,13.9509495047003,,,14.280438460477,15.4316603746706,16.9690772457856,17.5277180816119
906.399999999864,0.624321982186932,1.16981263841808,3.10332869085713,3.99136216573013,4.71704639997635,5.42308385051393,6.67610427863304,7.29954627288279,8.1510385072143,9.30978291436703,11.0101151769355,11.2279856527732,13.5360503105865,13.9049076343266,,,14.2850761963167,15.4359474615019,16.9335779405086,17.5217404611818
906.999999999864,0.61604781523937,1.16076723410713,3.10108950459143,4.02515789286664,4.73113997067966,5.39182807322759,6.66333803970686,7.30418406152923,8.15075857579387,9.31279865390567,10.9684097821509,11.2177243366706,13.5730559408213,13.8588657639528,,,14.2897139321564,15.4402345483333,16.8980786352315,17.5157628407518
907.599999999864,0.607773648291811,1.15172182979619,3.09885031832573,4.05895362000314,4.74523354138296,5.36057229594125,6.65057180078069,7.30882185017568,8.15047864437352,9.31558628431059,10.9267043873662,11.207463020568,13.610061571056,13.812823893579,,,14.2943516679961,15.4445216351647,16.8625793299544,17.5097852203218
908.199999999864,0.59949948134425,1.14267642548525,3.09661113206002,4.09274934713965,4.75932711208626,5.32931651865491,6.63780556185451,7.31345963882213,8.15019871295318,9.31837391471546,10.8849989925815,11.1972017044654,13.6470672012908,13.7667820232052,,,14.2989894038358,15.448808721996,16.8270800246773,17.5038075998918
908.799999999864,0.59122531439669,1.1336310211743,3.09437194579432,4.12654507427615,4.77342068278957,5.29806074136857,6.62503932292833,7.31809742746857,8.14996156200057,9.32111931726041,10.8432935977969,11.1869403883628,13.6840728315255,13.7207401528314,,,14.3036271396755,15.4530958088274,16.7915807194002,17.4978299794618
909.399999999864,0.582951147449129,1.12458561686336,3.09213275952862,4.16034080141266,4.78751425349287,5.26680496408223,6.61227308400215,7.32273521611502,8.14947378034588,9.32384311470719,10.8015882030122,11.1766790722601,13.7210784617602,13.6746982824576,,,14.3082648755152,15.4573828956588,16.7560814141232,17.4918523590318
909.999999999864,0.574676980501569,1.11554021255242,3.08989357326291,4.19413652854916,4.80160782419617,5.23554918679589,6.59950684507598,7.32737300476146,8.14910890166875,9.32667077876364,10.7598828082276,11.1664177561575,13.758084091995,13.6286564120838,,,14.3129026113549,15.4616699824902,16.7205821088461,17.4858747386018
910.599999999863,0.566402813554008,1.10649480824147,3.08765438699721,4.22793225568567,4.81570139489948,5.20429340950954,6.5867406061498,7.33201079340791,8.1494657978773,9.32946590090637,10.7181774134429,11.1561564400549,13.7950897222297,13.58261454171,,,14.3175403471946,15.4659570693215,16.685082803569,17.4798971181717
911.199999999863,0.558128646606448,1.09744940393053,3.08541520073151,4.26172798282217,4.82979496560278,5.1730376322232,6.57397436722362,7.33664858205436,8.15084061980646,9.33507756381618,10.6764720186583,11.1458951239523,13.8320953524645,13.5365726713363,,,14.3177046029508,15.4691845532882,16.6495834982919,17.4739194977417
911.799999999863,0.549858906353204,1.08865664864907,3.0831760144658,4.29552370995868,4.84388853630608,5.14216262285358,6.5576389077331,7.33674205399717,8.15170481087537,9.34181758087607,10.6347666238736,11.1343622741154,13.8691009826992,13.4905308009625,,,14.3252241007321,15.4774207317971,16.6140841930148,17.4679418773117
912.399999999863,0.542416301981462,1.08305181658488,3.0809368282001,4.32931943709518,4.85500042375111,5.11881243891162,6.55935935647112,7.3297216444219,8.15199613340601,9.34938035404429,10.5939178801924,11.1247772007428,13.906106612934,13.4444889305887,,,14.3319997143244,15.4866049611993,16.5897604379996,17.4612933691958
912.999999999863,0.534969223126571,1.08310439624842,3.0786976419344,4.36311516423169,4.86942298654568,5.09321596425104,6.55626822901222,7.32237676494728,8.1518542896587,9.35544525681983,10.5523557486296,11.1177701507668,13.9359849523103,13.4271783546346,,,14.3363870121064,15.4937180926472,16.614614340936,17.4508804775967
913.599999999863,0.528304589946375,1.08898523896223,3.06373328966142,4.31741835028022,4.85495228454547,5.08751712336667,6.56406753527637,7.31769822729695,8.15161119171375,9.36035979387177,10.5686285324374,11.1272996430252,13.9458324107764,13.4779590805752,,,14.3409778341097,15.5010485474366,16.633575617213,17.4409162551191
914.199999999863,0.525355203953491,1.1018303557376,3.04876893738554,4.2717215363106,4.84306838735106,5.09316196482663,6.58638189846949,7.3053572773242,8.15139920673859,9.36434777549215,10.5916791273726,11.135141549005,13.9556798692378,13.5238984370367,,,14.3437711566212,15.5029858703877,16.6429356624446,17.4267958817391
914.799999999863,0.523423961176135,1.10957794273873,3.03380458510966,4.22602472234098,4.83106884723935,5.10104927703443,6.60708419016443,7.29058457099255,8.15246178461401,9.36612900950342,10.6170354381843,11.147286226705,13.9655273276993,13.5698377934972,,,14.3439060578671,15.505054590248,16.6522957076741,17.4126755083581
915.399999999863,0.521492718399013,1.11732552973869,3.01884023283378,4.18032790837136,4.81906930712762,5.10893658924273,6.627786481859,7.27581186466035,8.15321952578528,9.36899876605395,10.6423917489966,11.1594309044061,13.9753747861608,13.6157771499577,,,14.3409899030149,15.5004755069143,16.6616557529035,17.3985551349771
915.999999999863,0.519561475621891,1.12507311673865,3.0038758805579,4.13463109440175,4.80706976701588,5.11682390145104,6.64848877355356,7.26103915832815,8.15340320349677,9.37155113281509,10.6677480598088,11.1715755821071,13.9852222446222,13.6617165064182,,,14.3383465156205,15.4972595826008,16.671015798133,17.3844347615962
916.599999999863,0.517630232844768,1.13282070373861,2.98891152828202,4.08893428043213,4.79507022690414,5.12471121365935,6.66919106524813,7.24626645199595,8.15291473558396,9.37443211926826,10.6931043706211,11.1837202598081,13.9950697030837,13.7076558628787,,,14.3357031282262,15.4940436582877,16.6803758433624,17.3703143882152
917.199999999862,0.515698990067646,1.14056829073857,2.97394717600613,4.04323746646251,4.7830706867924,5.13259852586765,6.6898933569427,7.23149374566375,8.15240615353032,9.3783311069457,10.7184606814334,11.1958649375091,14.0049171615451,13.7535952193392,,,14.3330597408318,15.4908277339746,16.6897358885919,17.3561940148343
917.799999999862,0.513767747290524,1.14831587773853,2.95898282373025,3.99754065249289,4.77107114668066,5.14048583807596,6.71059564863727,7.21672103933155,8.15176255488634,9.38227790833204,10.7438169922456,11.2080096152101,14.0147646200066,13.7995345757996,,,14.3304163534375,15.4876118096615,16.6990959338213,17.3420736414533
918.399999999862,0.511836504513402,1.15606346473849,2.94401847145437,3.95184383852327,4.75907160656893,5.14837315028426,6.73129794033184,7.20194833299935,8.15111895624232,9.38629157752806,10.7691733030579,11.2201542929112,14.0246120784681,13.8454739322601,,,14.3277729660431,15.4843958853484,16.7084559790507,17.3279532680724
918.999999999862,0.509905261736279,1.16381105173845,2.92905411917849,3.90614702455366,4.74707206645719,5.15626046249257,6.7520002320264,7.18717562666715,8.15047535759831,9.39030524672409,10.7945296138701,11.2322989706122,14.0344595369295,13.8914132887206,,,14.3251295786488,15.4811799610352,16.7178160242802,17.3138328946914
919.599999999862,0.507974018959157,1.17155863873841,2.91408976690261,3.86045021058404,4.73507252634545,5.16414777470088,6.77270252372097,7.17240292033494,8.14984315659134,9.39410572569948,10.8198859246824,11.2444436483132,14.044306995391,13.9373526451811,,,14.3224861912544,15.4779640367221,16.7271760695096,17.2997125213104
920.199999999862,0.506042776182035,1.17930622573838,2.89912541462673,3.81475339661442,4.72307298623371,5.17203508690918,6.79340481541554,7.15763021400274,8.14978248135418,9.39823913918686,10.8452422354947,11.2565883260142,14.0541544538524,13.9832920016416,,,14.3198428038601,15.474748112409,16.7365361147391,17.2855921479295
920.799999999862,0.504111533404912,1.18705381273834,2.88416106235085,3.7690565826448,4.71107344612198,5.17992239911749,6.81410710711012,7.14285750767054,8.14964236986813,9.40198664722007,10.8705985463069,11.2687330037152,14.0640019123139,14.0292313581021,,,14.3171994164658,15.4715321880959,16.7458961599685,17.2714717745485
921.399999999862,0.50218029062779,1.1948013997383,2.86919671007497,3.72335976867518,4.69907390601024,5.18780971132579,6.83480939880469,7.12808480133834,8.14945241592713,9.40576110921521,10.8959548571192,11.2808776814163,14.0738493707754,14.0751707145625,,,14.3145560290714,15.4683162637827,16.7552562051979,17.2573514011676
921.999999999862,0.500249047850668,1.20254898673826,2.85423235779909,3.67766295470557,4.6870743658985,5.1956970235341,6.85551169049925,7.11331209500614,8.14877007552829,9.40644141416807,10.9213111679314,11.2930223591173,14.0836968292368,14.121110071023,,,14.3139619484941,15.4671496873504,16.7646162504274,17.2432310277866
922.599999999862,0.49831258806009,1.2094978471505,2.8392680055232,3.63196614073595,4.67507482578676,5.20428845980437,6.87877582093331,7.10681418956344,8.1488633071402,9.40771518756172,10.9466674787437,11.3061204515259,14.0935442876983,14.1670494274835,,,14.3109709701783,15.4607642052524,16.7739762956568,17.2291106544057
923.199999999862,0.494337603398959,1.21134597331683,2.82430365324732,3.58626932676633,4.66054402514563,5.21068659430169,6.89313470002592,7.0939713813004,8.14991752105578,9.40681613979723,10.9814519693296,11.3203978835759,14.1033917461598,14.212988783944,,,14.3026181330822,15.4521505346248,16.7718657530556,17.2164545143178
923.799999999861,0.489085002710871,1.21113741803342,2.80933930097144,3.54057251279671,4.62033844537829,5.21769154440613,6.908342906796,7.07963308712174,8.15072193505532,9.40288685855143,11.0130759936618,11.326506053034,14.120313064964,14.2512752353035,,,14.2954011117059,15.4498589301612,16.7421884542095,17.2154335954065
924.399999999861,0.48444490113625,1.20853794675148,2.8091980615817,3.54718292745902,4.60019040360138,5.22502149963328,6.92749965457563,7.06418128916753,8.15166731804106,9.39982334840431,11.0094042089147,11.3263122263789,14.1278390059743,14.2200505051296,,,14.2893822372541,15.4490247723767,16.7482615751531,17.2148780396665
924.999999999861,0.478373629785315,1.20183294942793,2.80905682219538,3.55379334213341,4.58239500767195,5.22922177077119,6.94125526575274,7.06255985602249,8.15294216380028,9.40083058898649,11.0041608055076,11.3231869535396,14.1353649469825,14.194287674568,,,14.2865138294218,15.4576779960239,16.7878352025175,17.2271544469305
925.599999999861,0.472623003800777,1.20103204337928,2.80891558280906,3.5604037568078,4.56808343651662,5.2322955754423,6.95072357236627,7.07498380688657,8.15312981942283,9.40495743775084,10.9984739283441,11.3161005192867,14.1428908879906,14.1685248440077,,,14.288211345927,15.4672757218655,16.8274088298896,17.2394308541973
926.199999999861,0.466872377816312,1.200231137332,2.80877434342274,3.5670141714822,4.5537718653621,5.23536938011315,6.96019187897882,7.08740775775391,8.15360608410937,9.40919409310468,10.9927870511806,11.3090140850328,14.1504168289988,14.1427620134474,,,14.2895700877676,15.4834178852478,16.8669824572618,17.2517072614642
926.799999999861,0.461121751831849,1.19943023128472,2.80863310403642,3.57362458615659,4.53946029420757,5.238443184784,6.96966018559137,7.09983170862124,8.15456227808939,9.41584922823915,10.987100174017,11.301927650779,14.157942770007,14.116999182887,,,14.2909189844464,15.4987991998947,16.906556084634,17.2639836687311
927.399999999861,0.455371125847385,1.19862932523743,2.80849186465009,3.58023500083098,4.52514872305304,5.24151698945484,6.97912849220391,7.11225565948857,8.15615095050659,9.42280403968603,10.9814132968534,11.2948412165251,14.1654687110152,14.0912363523267,,,14.2922678811252,15.5141805145415,16.9461297120061,17.276260075998
927.999999999861,0.449620499862921,1.19782841919015,2.80835062526377,3.58684541550537,4.51083715189851,5.24459079412569,6.98859679881646,7.1246796103559,8.15780491831801,9.42900857750589,10.9757264196899,11.2877547822713,14.1729946520233,14.0654735217664,,,14.293616777804,15.5295618291883,16.9857033393783,17.2885364832649
928.599999999861,0.443869873878457,1.19702751314287,2.80820938587745,3.59345583017976,4.49652558074399,5.24766459879654,6.99806510542901,7.13710356122324,8.15939426984063,9.43542848037829,10.9700395425263,11.2806683480174,14.1805205930315,14.0397106912061,,,14.2949656744828,15.544943143835,17.0252769667504,17.3008128905318
929.199999999861,0.438119247893993,1.19622660709558,2.80806814649113,3.60006624485415,4.48221400958946,5.25073840346739,7.00753341204155,7.14952751209057,8.16098362136323,9.44210526540458,10.9643526653628,11.2735819137635,14.1880465340397,14.0139478606457,,,14.2963145711617,15.5603244584818,17.0648505941226,17.3130892977987
929.799999999861,0.43236862190953,1.1954257010483,2.80792690710481,3.60667665952854,4.46790243843493,5.25381220813824,7.01700171865411,7.1619514629579,8.16257297288584,9.44878205043093,10.9586657881992,11.2664954795097,14.1955724750478,13.9881850300854,,,14.2976634678405,15.5757057731285,17.1044242214947,17.3253657050656
930.39999999986,0.426617995925066,1.19462479500102,2.80778566771849,3.61328707420294,4.45359086728041,5.25688601280909,7.02647002526665,7.17437541382524,8.16413659086781,9.45554827301968,10.9529789110356,11.2594090452558,14.203098416056,13.9624221995251,,,14.2990123645193,15.5910870877753,17.1439978488669,17.3376421123325
930.99999999986,0.420867369940603,1.19382388895374,2.80764442833217,3.61989748887733,4.43927929612588,5.25995981747994,7.0359383318792,7.18679936469258,8.16520040586969,9.46207112480681,10.9472920338721,11.252322611002,14.2106243570642,13.9366593689648,,,14.3003612611981,15.6064684024221,17.1835714762391,17.3499185195993
931.59999999986,0.415116743956139,1.19302298290645,2.80750318894585,3.62650790355172,4.42496772497135,5.26303362215079,7.04540663849174,7.19922331555991,8.16634623972632,9.46874005964095,10.9416051567085,11.2452361767481,14.2181502980724,13.9108965384044,,,14.301710157877,15.6218497170688,17.2231451036112,17.3621949268662
932.19999999986,0.409366117971675,1.19222207685917,2.80736194955953,3.63311831822611,4.41065615381682,5.26610742682163,7.05487494510429,7.21164726642724,8.16698485922342,9.47506743404319,10.935918279545,11.2381497424942,14.2256762390805,13.8851337078441,,,14.3030590545558,15.6372310317156,17.2627187309834,17.3744713341331
932.79999999986,0.403615491987211,1.19142117081189,2.80722071017321,3.6397287329005,4.3963445826623,5.26918123149248,7.06434325171684,7.22407121729458,8.16763233096776,9.4789767315556,10.9302314023814,11.2310633082404,14.2332021800887,13.8593708772838,,,14.3038618930416,15.6504200993219,17.3022923583555,17.3867477414
933.39999999986,0.397851488230567,1.1902128025133,2.80707947078689,3.64633914757489,4.38203301150777,5.27474311235219,7.076159835193,7.22875675049062,8.16874588134457,9.48054538086063,10.9245445252178,11.2245959281322,14.2407281210969,13.8336080467234,,,14.3001896523839,15.6661850555167,17.3418659857277,17.3990241486669
933.99999999986,0.392472840554837,1.18627405864035,2.80693823140057,3.65294956224929,4.36771886919912,5.28009647027784,7.08708423801632,7.23965262262453,8.16963789303691,9.48085425775545,10.9097996230714,11.2165792455054,14.248254062105,13.8078452161631,,,14.3008099507943,15.6854485359991,17.3853454499411,17.4119500805853
934.59999999986,0.386720924828475,1.18035169084252,2.80679699201425,3.65955997692368,4.38512331278958,5.29692696979421,7.0869428214223,7.25293290720661,8.17083662995858,9.48413557015256,10.9108764765703,11.2079218627344,14.2437720340174,13.7849322238996,,,14.2996529821219,15.6907661629722,17.4029218737341,17.4254129279045
935.19999999986,0.379986335554671,1.17665668032622,2.83996849955834,3.70870146749594,4.37818609068139,5.30735993136977,7.08027924108245,7.26502453761845,8.17205342095793,9.48708734031695,10.9305974398039,11.1983301320338,14.2097893804408,13.7791103490488,,,14.2966148523103,15.6895248318578,17.3645158515028,17.4373069164142
935.79999999986,0.374676503905015,1.17769205010237,2.87314000711022,3.75784295807815,4.37084600854308,5.31591620685348,7.07373394515795,7.27401554257753,8.17330238559107,9.48572641692261,10.9564537523088,11.1898803402462,14.1758067268573,13.7684558527296,,,14.2875155936779,15.6820166146467,17.2888341278741,17.4431584594966
936.39999999986,0.369443427092951,1.17642897313308,2.90631151466211,3.80698444866036,4.36100116436308,5.32316454411958,7.0881115464899,7.27390597045906,8.17473227712202,9.48070934680492,10.988367189258,11.1861494772393,14.1418240732739,13.7578013564094,,,14.2772328594976,15.6689338704797,17.2131524042368,17.4490100025775
936.999999999859,0.364210350280904,1.17516589616326,2.93948302221399,3.85612593924257,4.3511563201825,5.33041288138537,7.10248914782675,7.27379639833846,8.17560305622626,9.47330903592397,11.0202806262086,11.1824186142335,14.1078414196904,13.7471468600891,,,14.2684859633061,15.6498630107768,17.1374706805995,17.4548615456584
937.599999999859,0.358977273468857,1.17390281919344,2.97265452976587,3.90526742982479,4.34131147600191,5.33766121865115,7.11686674916359,7.27368682621787,8.17655084617502,9.46421652489907,11.0521940631591,11.1786877512277,14.0738587661069,13.7364923637688,,,14.259600962665,15.6313829789548,17.0617889569621,17.4607130887394
938.199999999859,0.35374419665681,1.17263974222362,3.00582603731775,3.954408920407,4.33146663182133,5.34490955591694,7.13124435050045,7.27357725409727,8.17706222558199,9.4537689195465,11.0841075001097,11.1749568882219,14.0398761125235,13.7258378674485,,,14.2507159620238,15.6129029471329,16.9861072333248,17.4665646318203
938.799999999859,0.348511119844763,1.1713766652538,3.03899754486964,4.00355041098921,4.32162178764075,5.35215789318273,7.1456219518373,7.27346768197668,8.17768630198651,9.44396203365467,11.1160209370603,11.1712260252161,14.00589345894,13.7151833711282,,,14.2418309613826,15.594422915311,16.9104255096874,17.4724161749012
939.399999999859,0.343278043032716,1.17011358828398,3.07216905242152,4.05269190157142,4.31177694346016,5.35940623044852,7.15999955317414,7.27335810985608,8.17825571649395,9.43386862099141,11.1479343740109,11.1674951622103,13.9719108053565,13.704528874808,,,14.2329459607414,15.5759428834891,16.8347437860501,17.4782677179822
939.999999999859,0.338044966220669,1.16885051131416,3.1053405599734,4.10183339215363,4.30193209927958,5.36665456771431,7.17437715451099,7.27324853773549,8.17882513100137,9.42356750858663,11.1798478109615,11.1637642992045,13.9379281517731,13.6938743784877,,,14.2240609601002,15.5574628516672,16.7590620624128,17.4841192610631
940.599999999859,0.332811889408621,1.16758743434434,3.13851206752529,4.15097488273584,4.292087255099,5.3739029049801,7.18875475584784,7.27313896561489,8.1793945455088,9.41326639618181,11.2117612479121,11.1600334361987,13.9039454981896,13.6832198821674,,,14.215175959459,15.5389828198454,16.6833803387754,17.489970804144
941.199999999859,0.327578812596575,1.16632435737452,3.17168357507717,4.20011637331805,4.28224241091841,5.38115124224588,7.20313235718469,7.27302939349429,8.18001489804558,9.40304208851192,11.2436746848626,11.1563025731929,13.8699628446061,13.6725653858471,,,14.2062909588178,15.5205027880235,16.6076986151381,17.4958223472249
941.799999999859,0.322345735784528,1.1650612804047,3.20485508262905,4.24925786390026,4.27239756673783,5.38839957951167,7.21750995852154,7.2729198213737,8.18087642513036,9.39296811276204,11.2755881218132,11.1525717101871,13.8359801910227,13.6619108895269,,,14.1974059581766,15.5020227562016,16.5320168915007,17.5016738903059
942.399999999859,0.317112658972481,1.16379820343488,3.23802659018093,4.29839935448247,4.26255272255725,5.39564791677746,7.23188755985839,7.2728102492531,8.18185410554051,9.38331388034083,11.3075015587638,11.1488408471813,13.8019975374392,13.6512563932066,,,14.1885209575354,15.4835427243797,16.4563351678634,17.5075254333868
942.999999999859,0.311879582160434,1.16253512646506,3.27119809773282,4.34754084506468,4.25270787837666,5.40289625404325,7.24626516119523,7.2727006771325,8.18324519545752,9.37431958197815,11.3394149957144,11.1451099841755,13.7680148838557,13.6406018968863,,,14.1796359568942,15.4650626925578,16.380653444226,17.5133769764677
943.599999999858,0.306646505348387,1.16127204949524,3.3043696052847,4.39668233564689,4.24286303419608,5.41014459130904,7.26064276253209,7.2725911050119,8.18495579526633,9.36877339895788,11.371328432665,11.1413791211697,13.7340322302723,13.629947400566,,,14.1734123144738,15.4498971361489,16.3049717205887,17.5192285195487
944.199999999858,0.301481991709892,1.16185786541041,3.33754111283658,4.4458238262291,4.2330181900155,5.41564846809726,7.27164131028115,7.28131955072427,8.18578476436234,9.36904555960931,11.4032418696155,11.1345987107615,13.7000495766888,13.6192929042457,,,14.1753232058027,15.4335051783842,16.2292899969514,17.5250800626296
944.799999999858,0.295666667240521,1.17070576378412,3.37071262038846,4.49496531681131,4.22878937549434,5.42163718970297,7.29486679496436,7.2980087824426,8.18750109863999,9.37459400338957,11.4380807350269,11.1257861411364,13.6660669231053,13.6086384079255,,,14.1727438510901,15.4154897646636,16.1590738522327,17.528109434906
945.399999999858,0.29213625420388,1.18474521294616,3.40388412794035,4.54410680739352,4.21593085991423,5.42338833019845,7.34337829193975,7.31294373126771,8.19009761804369,9.38090502044886,11.4646429713483,11.1216300888082,13.6312063342992,13.5873111099791,,,14.1727336696108,15.412083211663,16.1164677022412,17.5303311508826
945.999999999858,0.291272284648349,1.19331152155279,3.32706479887987,4.52561902124383,4.23166392924117,5.42339166375223,7.39085807717167,7.32508212342846,8.19253695915713,9.38915365680779,11.4739273432661,11.1192274051007,13.6023559990633,13.5995185549786,,,14.1747273827973,15.4157223297155,16.128039781926,17.5461753408761
946.599999999858,0.288607587712372,1.19646734760574,3.25024546979339,4.50713123507815,4.23717527203049,5.43252729377728,7.42857469722325,7.32670929567465,8.19501595880399,9.40034328888756,11.4911862629715,11.1170400362745,13.5735056638289,13.612586789372,,,14.1853727695863,15.4228860012538,16.1555707275088,17.5629999550903
947.199999999858,0.285470118723055,1.20064390961394,3.17342614070691,4.48864344891247,4.24341114473761,5.44424642307259,7.45620935102595,7.32789094575285,8.19877999895452,9.41270166172215,11.513460194047,11.1088604285911,13.5446553285944,13.6256550237655,,,14.1980977749563,15.4356721650649,16.1831016730953,17.5798245693047
947.799999999858,0.282332649733626,1.20482047162238,3.09660681162043,4.47015566274679,4.2496470174449,5.45596555236852,7.48384400482628,7.32907259583095,8.20444196389092,9.4282830739183,11.5357341251237,11.1006808209062,13.51580499336,13.6387232581591,,,14.2113029818323,15.451827573713,16.2106326186819,17.5966491835191
948.399999999858,0.279195180744198,1.20899703363082,3.01978748253395,4.45166787658111,4.25588289015219,5.46768468166445,7.5114786586266,7.33025424590905,8.21022101820435,9.4442870189245,11.5580080562005,11.0925012132213,13.4869546581255,13.6517914925527,,,14.2254561873171,15.4670151443121,16.2381635642685,17.6134737977335
948.999999999858,0.276057711754768,1.21317359563927,2.94296815344747,4.43318009041543,4.26211876285948,5.47940381096037,7.53911331242692,7.33143589598715,8.21593696626178,9.46210926505867,11.5802819872772,11.0843216055364,13.4581043228911,13.6648597269463,,,14.2396093928022,15.482202714911,16.2656945098551,17.6302984119478
949.599999999858,0.272920242765339,1.21735015764771,2.86614882436099,4.41469230424975,4.26835463556677,5.4911229402563,7.56674796622725,7.33261754606525,8.22169419297352,9.479356590366,11.602555918354,11.0761419978516,13.4292539876566,13.6779279613399,,,14.2537625982873,15.4973902855099,16.2932254554417,17.6471230261622
950.199999999857,0.269782773775911,1.22152671965615,2.7893294952745,4.39620451808407,4.27459050827406,5.50284206955223,7.59438262002757,7.33379919614335,8.22746948212315,9.49688198177667,11.6248298494307,11.0679623901667,13.4004036524222,13.6909961957334,,,14.2679158037724,15.5125778561088,16.3207564010282,17.6639476403766
950.799999999857,0.266645304786482,1.22570328166459,2.71251016618802,4.37771673191839,4.28082638098135,5.51456119884816,7.62201727382789,7.33498084622145,8.23324477127279,9.51445684867186,11.6471037805075,11.0597827824818,13.3715533171877,13.704064430127,,,14.2820690092575,15.5277654267077,16.3482873466148,17.680772254591
951.399999999857,0.263507835797054,1.22987984367303,2.63569083710154,4.35922894575271,4.28706225368864,5.52628032814408,7.64965192762822,7.33616249629954,8.23902006042242,9.53203171556706,11.6693777115842,11.0516031747969,13.3427029819533,13.7171326645206,,,14.2962222147425,15.5429529973066,16.3758182922014,17.6975968688054
951.999999999857,0.260370366807624,1.23405640568147,2.55887150801506,4.34074115958703,4.29329812639593,5.53799945744001,7.67728658142853,7.33734414637764,8.24476242268211,9.54978071434216,11.691651642661,11.0434235671121,13.3138526467188,13.7302008989142,,,14.3103754202276,15.5581405679055,16.403349237788,17.7144214830198
952.599999999857,0.257232897818196,1.23823296768991,2.48205217892858,4.32225337342135,4.29953399910322,5.54971858673594,7.70492123522886,7.33852579645574,8.2504239079301,9.56729683964471,11.7139255737377,11.0352439594272,13.2850023114844,13.7432691333077,,,14.3245286257127,15.5733281385044,16.4308801833745,17.7312460972342
953.199999999857,0.254095428828767,1.24240952969835,2.4052328498421,4.30376558725567,4.30576987181051,5.56143771603187,7.73255588902918,7.33970744653384,8.25600939742985,9.58450829153012,11.7361995048144,11.0270643517423,13.2561519762499,13.7563373677013,,,14.3386818311978,15.5885157091033,16.4584111289611,17.7480707114486
953.799999999857,0.250957959839338,1.24658609170679,2.32841352075561,4.28527780108999,4.3120057445178,5.5731568453278,7.76019054282951,7.34088909661193,8.26169665638807,9.60164691883889,11.7584734358912,11.0188847440574,13.2273016410155,13.7694056020949,,,14.3528350366829,15.6037032797022,16.4859420745477,17.764895325663
954.399999999857,0.247820490849909,1.25076265371523,2.25159419166913,4.26679001492431,4.31824161722509,5.58487597462372,7.78782519662983,7.34207074669003,8.26793333137573,9.6191910578994,11.7807473669679,11.0107051363726,13.198451305781,13.7824738364885,,,14.3608155646326,15.6145352944972,16.5134730201343,17.7817199398774
954.999999999857,0.244727269325138,1.25305736978887,2.17477486258265,4.24830222875863,4.32447748993238,5.59562872814461,7.81600657556277,7.33737447883292,8.27526465249326,9.63117265426321,11.8030212980447,11.0038497505519,13.1696009705466,13.795542070882,,,14.3632382072207,15.6274424273464,16.5410039657209,17.7985445540918
955.599999999857,0.243196675160872,1.24606326342877,2.09795553349617,4.22981444259295,4.32875190034221,5.60417615362698,7.82674741875241,7.31473142741619,8.28141622554526,9.63753768263179,11.8296831503575,11,13.1407506353122,13.8086103052756,,,14.3704240271573,15.6410282394609,16.5670408892103,17.8175783733181
956.199999999857,0.243665446928562,1.23515023585698,2.02113620440969,4.21132665642727,4.33882813659709,5.60839801394801,7.81509344805972,7.29712241203702,8.28686254047427,9.6423800318833,11.8454507197326,11.0005141622522,13.138666467655,13.8489571342219,,,14.3813915441428,15.6476815966379,16.6207679718814,17.8491751981897
956.799999999856,0.239767882003041,1.22886398518531,2.08442851005276,4.19726190415937,4.35274063420279,5.60776144725451,7.80200155705427,7.28395228000634,8.29259025119231,9.64608761848361,11.8797484948623,11.0042344632496,13.1540222010033,13.8872340590761,,,14.390963241053,15.6538334622011,16.6645686861001,17.8619242186492
957.399999999856,0.238147871521571,1.22440480932897,2.14772081572936,4.18319715189252,4.38143595804963,5.59977500945468,7.78580706853738,7.28046512434708,8.29801113034748,9.64592818518611,11.9061363659983,11.0092994669306,13.1693779343558,13.9274330441197,,,14.3964123192689,15.6539111287941,16.7078059088745,17.8723813890181
957.999999999856,0.236546530571551,1.21870087090983,2.21101312140595,4.16913239962567,4.40993723174381,5.58972227329955,7.76461557769673,7.27716201190454,8.30119959160473,9.64504643087054,11.9153323532869,11.0199042306576,13.1847336677084,13.9676320291637,,,14.3929468281602,15.6534342260064,16.7510431316487,17.8828385593865
958.599999999856,0.234945189621536,1.21299693249039,2.27430542708255,4.15506764735882,4.43843850543794,5.57966953714392,7.74342408685488,7.27385889946206,8.30329301366894,9.64065711708481,11.9245283405714,11.030508994386,13.2000894010609,14.0078310142076,,,14.3898833831129,15.6503107823576,16.7942803544229,17.8932957297548
959.199999999856,0.23334384867152,1.20729299407095,2.33759773275915,4.14100289509197,4.46693977913207,5.5696168009883,7.72223259601304,7.27055578701957,8.30490355833696,9.6354208578042,11.933724327856,11.0411137581143,13.2154451344134,14.0480299992516,,,14.385957294248,15.6480220519153,16.8375175771972,17.9037529001232
959.799999999856,0.231742507721504,1.20158905565151,2.40089003843575,4.12693814282512,4.4954410528262,5.55956406483268,7.7010411051712,7.26725267457708,8.30670920763044,9.62849923206892,11.9429203151405,11.0517185218427,13.2308008677659,14.0882289842956,,,14.3820312053828,15.6457333214733,16.8807547999714,17.9142100704916
960.399999999856,0.230141166771489,1.19588511723207,2.46418234411235,4.11287339055828,4.52394232652033,5.54951132867706,7.67984961432935,7.26394956213459,8.30840951361636,9.62165491810354,11.952116302425,11.062323285571,13.2461566011184,14.1284279693396,,,14.3781051165177,15.6434445910312,16.9239920227456,17.9246672408599
960.999999999856,0.228539825821472,1.19018117881263,2.52747464978895,4.09880863829143,4.55244360021446,5.53945859252143,7.6586581234875,7.26064644969211,8.31033363001873,9.61456851765823,11.9613122897095,11.0729280492994,13.2615123344709,14.1686269543836,,,14.3741790276525,15.6411558605892,16.9672292455199,17.9351244112283
961.599999999856,0.226938484871457,1.18447724039319,2.59076695546555,4.08474388602458,4.58094487390859,5.52940585636581,7.63746663264566,7.25734333724962,8.31225774642117,9.60756610578145,11.9705082769941,11.0835328130277,13.2768680678234,14.2088259394276,,,14.3702529387874,15.6388671301471,17.0104664682941,17.9455815815966
962.199999999856,0.225337143921442,1.17877330197375,2.65405926114214,4.07067913375773,4.60944614760272,5.51935312021019,7.61627514180381,7.25404022480713,8.3141818628236,9.60056369390469,11.9797042642786,11.0941375767561,13.2922238011759,14.2490249244716,,,14.3663268499222,15.6365783997051,17.0537036910683,17.956038751965
962.799999999856,0.223735802971425,1.17306936355431,2.71735156681874,4.05661438149088,4.63794742129686,5.50930038405457,7.59508365096197,7.25073711236465,8.31604467857682,9.59329186499795,11.9889002515631,11.1047423404844,13.3075795345285,14.2892239095155,,,14.3624007610571,15.634289669263,17.0969409138426,17.9664959223333
963.399999999855,0.222134462021409,1.16736542513487,2.78064387249534,4.04254962922403,4.66644869499099,5.49924764789894,7.57389216012012,7.24743399992216,8.3180097931755,9.58607233305382,11.9980962388476,11.1153471042128,13.322935267881,14.3294228945595,,,14.3584746721919,15.632000938821,17.1401781366168,17.9769530927017
963.999999999855,0.220533121071394,1.16166148671543,2.84393617817194,4.02848487695718,4.69494996868512,5.48919491174332,7.55270066927828,7.24413088747968,8.31977191884893,9.578807095975,12.0072922261322,11.1259518679411,13.3382910012335,14.3696218796035,,,14.3545485833268,15.629712208379,17.183415359391,17.9874102630701
964.599999999855,0.218931780121378,1.15595754829599,2.90722848384854,4.01442012469034,4.72345124237925,5.4791421755877,7.53150917843643,7.24082777503718,8.32110842967309,9.57009142531557,12.0164882134167,11.1365566316695,13.353646734586,14.4098208646475,,,14.3506224944616,15.6274234779369,17.2266525821653,17.9978674334384
965.199999999855,0.217330439171362,1.15025360987655,2.97052078952514,4.00035537242349,4.75195251607338,5.46908943943208,7.51031768759459,7.2375246625947,8.32193618067535,9.5599920093114,12.0256842007012,11.1471613953979,13.3690024679385,14.4500198496915,,,14.3518393587957,15.6280866827343,17.2698898049395,18.0083246038068
965.799999999855,0.215543154052315,1.14623313274368,3.03381309520174,3.98629062015664,4.78045378976751,5.45887284184209,7.490949326977,7.24261732577996,8.32153156272861,9.55072438530303,12.0348801879858,11.1594489094978,13.384358201291,14.4902188347355,,,14.3558394875612,15.6280215303014,17.3131270277137,18.0187817741751
966.399999999855,0.21526990114662,1.15312622795534,3.09710540087833,3.97222586788979,4.80964518153539,5.44993505022839,7.4777303027929,7.26694220878287,8.32161618957135,9.54545536849867,12.0516094745951,11.1761707166735,13.3997139346435,14.5304178197795,,,14.3565448753425,15.6275130937833,17.3488532867126,18.0286237499277
966.999999999855,0.212334004696728,1.16181673996734,3.16039770655493,3.95816111562294,4.841857130471,5.43234087970138,7.47790607057003,7.28462529117117,8.3211320370201,9.54114052046892,12.0823254208135,11.1949316334743,13.3939994827383,14.5452172427444,,,14.3507978424484,15.6284890750981,17.3147987435129,18.0178277066092
967.599999999855,0.213554400764403,1.1676031527481,3.21032197541096,3.95601267320819,4.83765750028343,5.41959532174996,7.47776592400221,7.29994030539562,8.32052943378099,9.53403574278458,12.1012046044191,11.205807836164,13.4320540841441,14.5097029618818,,,14.3455489118245,15.6298376200862,17.2821386829658,18.0124664813138
968.199999999855,0.215757295315485,1.17447026548325,3.26024624426375,3.95386423079631,4.8254016131618,5.41063974899551,7.48689330716624,7.31587985512274,8.32044734489419,9.53087233246303,12.1054856795576,11.2178742907112,13.4701086855606,14.4741351930764,,,14.3392072606791,15.6348258903061,17.2515792244781,18.0123984476985
968.799999999855,0.21817910950316,1.18181406909489,3.31017051311654,3.95171578838444,4.81440008901476,5.40206023586842,7.49542615935832,7.33252535582659,8.32195354989272,9.5297843694957,12.1117643564409,11.2305472608681,13.5081632869771,14.438567424271,,,14.3382271227067,15.6386331809974,17.2210197659909,18.0123304140844
969.399999999855,0.220600923690888,1.18915787270664,3.36009478196933,3.94956734597257,4.80339856486802,5.39348072274142,7.50395901155024,7.34917085653061,8.32294956202247,9.53165035354141,12.1180430333247,11.2432202310251,13.5462178883936,14.4029996554656,,,14.3375256381149,15.6433979336675,17.1904603075037,18.0122623804704
969.999999999854,0.223022737878616,1.1965016763184,3.41001905082212,3.9474189035607,4.79239704072127,5.38490120961443,7.51249186374217,7.36581635723463,8.32428956381831,9.53503231111872,12.1243217102085,11.2558932011822,13.5842724898101,14.3674318866602,,,14.3383344518201,15.6475982330323,17.1599008490165,18.0121943468563
970.599999999854,0.225444552066344,1.20384547993016,3.45994331967491,3.94527046114883,4.78139551657453,5.37632169648743,7.5210247159341,7.38246185793865,8.32565224624081,9.53845591746386,12.1306003870923,11.2685661713392,13.6223270912266,14.3318641178548,,,14.3391432655257,15.6517985323971,17.1293413905294,18.0121263132423
971.199999999854,0.227866366254073,1.21118928354191,3.5098675885277,3.94312201873695,4.77039399242779,5.36774218336044,7.52955756812602,7.39910735864268,8.32688788441868,9.54195071851167,12.136879063976,11.2812391414963,13.6603816926431,14.2962963490494,,,14.3399520792313,15.6559988317619,17.0987819320422,18.0120582796283
971.799999999854,0.2302881804418,1.21853308715367,3.55979185738049,3.94097357632508,4.75939246828105,5.35916267023344,7.53809042031795,7.41575285934669,8.3278612933039,9.54547459782151,12.1431577408598,11.2939121116533,13.6984362940595,14.260728580244,,,14.3407608929369,15.6601991311266,17.068222473555,18.0119902460142
972.399999999854,0.232709994629529,1.22587689076542,3.60971612623328,3.93882513391321,4.74839094413431,5.35058315710645,7.54662327250988,7.43239836005072,8.32883470218906,9.54900263826766,12.1494364177436,11.3065850818104,13.736490895476,14.2251608114386,,,14.3415697066425,15.6643994304914,17.0376630150678,18.0119222124002
972.999999999854,0.235131808817257,1.23322069437718,3.65964039508607,3.93667669150134,4.73738941998757,5.34200364397945,7.55515612470181,7.44904386075474,8.32980811107423,9.5525306787138,12.1557150946274,11.3192580519674,13.7745454968925,14.1895930426333,,,14.3423785203481,15.6685997298561,17.0071035565806,18.0118541787861
973.599999999854,0.237553623004985,1.24056449798894,3.70956466393887,3.93452824908947,4.72638789584083,5.33342413085245,7.56368897689373,7.46568936145876,8.33087747146316,9.55619733277961,12.1619937715112,11.3319310221244,13.812600098309,14.1540252738279,,,14.3431873340537,15.6728000292209,16.9765440980934,18.0117861451721
974.199999999854,0.239975437192714,1.24790830160069,3.75948893279166,3.9323798066776,4.71538637169409,5.32484461772546,7.57222182908566,7.48233486216278,8.3319054366634,9.56012030779219,12.168272448395,11.3446039922815,13.8506546997255,14.1184575050225,,,14.3439961477593,15.6770003285857,16.9459846396062,18.0117181115581
974.799999999854,0.242397251380442,1.25525210521245,3.80941320164445,3.93023136426572,4.70438484754735,5.31626510459846,7.58075468127759,7.4989803628668,8.33312733224101,9.56428514987305,12.1745511252788,11.3572769624385,13.888709301142,14.0828897362171,,,14.3448049614649,15.6812006279504,16.915425181119,18.011650077944
975.399999999854,0.24481906556817,1.26259590882421,3.85933747049724,3.92808292185385,4.69338332340061,5.30768559147146,7.58928753346951,7.51562586357083,8.33422525946776,9.57020987296196,12.1808298021626,11.3699499325956,13.9267639025585,14.0473219674117,,,14.3456137751704,15.6854009273152,16.8848657226318,18.01158204433
975.999999999854,0.247240879755898,1.26993971243596,3.90926173935003,3.92593447944198,4.68238179925387,5.29910607834447,7.59782038566144,7.53227136427485,8.33412825594598,9.57551754835619,12.1871084790463,11.3826229027526,13.9648185039749,14.0117541986063,,,14.3459143417924,15.6890103332882,16.8543062641446,18.0115140107159
976.599999999853,0.249774681110418,1.27698816731957,3.95918600820282,3.92378603703011,4.67138027510712,5.29088755968687,7.60822914267495,7.53156690633979,8.33504829914688,9.58018737932542,12.1933871559301,11.3961733017297,14.0028731053914,13.9761864298009,,,14.3410513267321,15.6902846488986,16.8237468056574,18.0114459771019
977.199999999853,0.249837597273449,1.27455337618326,4.00911027705561,3.92163759461824,4.66065918415406,5.28394821447256,7.61785732968254,7.51482439082429,8.33568543019006,9.58082705939631,12.1759823529155,11.4013315468475,14.0409277068079,13.9406186609955,,,14.3393510880189,15.6923049151457,16.8011977335376,18.0056211942055
977.799999999853,0.249621515241778,1.26609257353162,4.0590345459084,3.91948915220636,4.62673604903889,5.28645469239229,7.6275364936382,7.50702112738601,8.33730331601738,9.58036843086655,12.1504123116568,11.3978141498111,14.0749328635659,13.8928526651298,,,14.3395305496832,15.6926387356997,16.8027061186807,17.9958450405816
978.399999999853,0.249041583746791,1.25731366389131,3.99672730104747,3.91389438259371,4.61851710686749,5.29397604376489,7.64039614203531,7.50194610784364,8.3390318886171,9.58207260771927,12.105690199405,11.3985840421034,14.0749120187575,13.904625259243,,,14.34011972369,15.6868554111418,16.7973589232365,17.9954968896997
978.999999999853,0.246290612523704,1.2476889215974,3.93442005615909,3.90829961298021,4.61064585627114,5.29339565931146,7.64631634054021,7.48771002954408,8.33952780407476,9.58099471576477,12.0738966556219,11.3987177661784,14.0748911739408,13.9178894473246,,,14.3431439497037,15.6815434178903,16.7909742563055,17.9882742643413
979.599999999853,0.243682517141377,1.23654502875471,3.87211281127071,3.90270484336671,4.60186358272916,5.29057727274505,7.64868983200184,7.47189592546477,8.33778024815586,9.57653791975895,12.0391215765183,11.3932220624548,14.0748703291241,13.9311536354066,,,14.3447947572992,15.6727246437686,16.7845895893742,17.9810516389813
980.199999999853,0.241074421759086,1.22540113591165,3.80980556638233,3.89711007375321,4.59308130918697,5.2877588861781,7.65106332346259,7.45608182138508,8.33547331167934,9.56811401702628,12.0043464974139,11.3877263587299,14.0748494843074,13.9444178234886,,,14.342738717355,15.6638046054907,16.7782049224429,17.9738290136213
980.799999999853,0.238466326376795,1.21425724306859,3.74749832149395,3.89151530413971,4.58429903564477,5.28494049961114,7.65343681492334,7.44026771730538,8.33306658284075,9.55853056086495,11.9695714183095,11.382230655005,14.0748286394906,13.9576820115706,,,14.3382874682978,15.6552993887907,16.7718202555116,17.9666063882613
981.399999999853,0.235858230994504,1.20311335022553,3.68519107660557,3.88592053452621,4.57551676210257,5.28212211304419,7.6558103063841,7.42445361322568,8.33086822055759,9.54969800157851,11.9347963392052,11.3767349512801,14.0748077946739,13.9709461996525,,,14.33383621924,15.6467941720907,16.7654355885803,17.9593837629013
981.999999999853,0.233250135612213,1.19196945738247,3.62288383171719,3.88032576491272,4.56673448856037,5.27930372647723,7.65818379784484,7.40863950914599,8.32885268422214,9.54098024679947,11.9000212601008,11.3712392475552,14.0747869498572,13.9842103877345,,,14.3293849701822,15.6382889553908,16.759050921649,17.9521611375413
982.599999999853,0.230642040229922,1.18082556453941,3.56057658682881,3.87473099529922,4.55795221501817,5.27648533991028,7.6605572893056,7.3928254050663,8.32708845328141,9.53269618975213,11.8652461809964,11.3657435438303,14.0747661050405,13.9974745758165,,,14.3249337211244,15.6297837386909,16.7526662547177,17.9449385121813
983.199999999852,0.228033944847631,1.16968167169635,3.49826934194043,3.86913622568572,4.54916994147598,5.27366695334332,7.66293078076635,7.3770113009866,8.32532422234074,9.52421657284512,11.830471101892,11.3602478401053,14.0747452602237,14.0107387638985,,,14.3204824720666,15.621278521991,16.7462815877864,17.9377158868212
983.799999999852,0.22542584946534,1.15853777885328,3.43596209705205,3.86354145607222,4.54038766793378,5.27084856677637,7.66530427222709,7.3611971969069,8.32355999140007,9.51573695593806,11.7956960227876,11.3547521363804,14.074724415407,14.0240029519805,,,14.3160312230088,15.612773305291,16.7398969208551,17.9304932614612
984.399999999852,0.222817754083049,1.14739388601022,3.37365485216367,3.85794668645872,4.53160539439158,5.26803018020941,7.66767776368785,7.34538309282721,8.32180497346781,9.5071446801132,11.7609209436833,11.3492564326555,14.0747035705903,14.0372671400625,,,14.311579973951,15.6042680885911,16.7335122539238,17.9232706361012
984.999999999852,0.220209658700757,1.13624999316716,3.31134760727529,3.85235191684522,4.52282312084938,5.26521179364246,7.6700512551486,7.32956898874751,8.31994476164792,9.49836842911373,11.7261458645789,11.3437607289306,14.0746827257735,14.0505313281445,,,14.3071287248932,15.5957628718912,16.7271275869926,17.9160480107412
985.599999999852,0.217601563318466,1.1251061003241,3.24904036238691,3.84675714723172,4.51404084730718,5.2623934070755,7.67242474660935,7.31375488466781,8.31810713737551,9.48919527047178,11.6913707854745,11.3382650252057,14.0746618809568,14.0637955162264,,,14.3026774758354,15.5872576551913,16.7207429200613,17.9088253853812
986.199999999852,0.214993467936175,1.11396220748104,3.18673311749852,3.84116237761822,4.50525857376499,5.25957502050855,7.6747982380701,7.29794078058813,8.31675637668864,9.478987868198,11.6565957063701,11.3327693214808,14.0746410361401,14.0770597043084,,,14.2982262267776,15.5787524384913,16.71435825313,17.9016027600212
986.799999999852,0.212385372553884,1.10281831463798,3.12442587261014,3.83556760800472,4.49647630022279,5.25675663394159,7.67717172953085,7.28212667650843,8.31542612729041,9.46941084386604,11.6218206272657,11.3272736177559,14.0746201913234,14.0903238923904,,,14.2928548381587,15.5683681230812,16.7079735861987,17.8943801346611
987.399999999852,0.209759398204263,1.09045848901551,3.06211862772176,3.82997283839123,4.48769402668059,5.25522073231777,7.67580867639728,7.27379707416601,8.31227125329156,9.46018575260196,11.5870455481614,11.3162265101816,14.0745993465066,14.1035880804724,,,14.2942730332054,15.5614909083062,16.7015889192674,17.8871575093011
987.999999999852,0.205874656465379,1.08109090805831,2.99981138283338,3.82437806877773,4.47246035630268,5.24976477562254,7.67645298193217,7.27959126201017,8.30845667319527,9.45228212286049,11.5592471966507,11.3077877905181,14.0745785016899,14.1168522685544,,,14.2945739731435,15.5518059812191,16.6809551845879,17.8912454970063
988.599999999852,0.204022756062822,1.07928747053515,2.937504137945,3.81878329916423,4.46233724674351,5.23312238294325,7.6597030947146,7.27418906448864,8.30347983894647,9.44228353270169,11.5407433144053,11.3019980302543,14.0817949376556,14.1564447215329,,,14.2941681319348,15.5426459294218,16.7125613448208,17.8914362049008
989.199999999852,0.2014970013337,1.08293789316927,2.92767114212458,3.85119263891927,4.45383145162679,5.22002605347064,7.64178239311705,7.26633251665956,8.29832362412382,9.432426006301,11.540352932773,11.2978336217577,14.0426429237387,14.1647411194093,,,14.2930950077175,15.5396006836591,16.72108235115,17.8829103845577
989.799999999851,0.199570796943171,1.08467043770263,2.91783814631713,3.88360197868371,4.44901643626486,5.2116386178537,7.63034570751108,7.26304526666347,8.29386622105927,9.42297490474427,11.5324170822901,11.2897471860092,14.0034909098103,14.1673035271936,,,14.2873767921621,15.5359516527239,16.7289181908013,17.8768614560536
990.399999999851,0.196782131644145,1.08761032257492,2.90800515050969,3.91601131844816,4.44135455825075,5.20705075354776,7.63967825020273,7.25832865893221,8.29124073250598,9.4148513901303,11.5313481154933,11.2834184780006,13.9643388958819,14.1698659349764,,,14.2835515276563,15.535510260265,16.7367540304524,17.8708125275502
990.999999999851,0.193993466344905,1.0905502074475,2.89817215470225,3.9484206582126,4.43369268023594,5.20246288924276,7.64901079289952,7.2536120512006,8.28866325785186,9.40932883691871,11.5302791486982,11.2770897699924,13.9251868819534,14.1724283427592,,,14.2847786947921,15.5361429463079,16.7445898701036,17.8647635990467
991.599999999851,0.191204801045665,1.09349009232008,2.88833915889481,3.98082999797705,4.42603080222112,5.19787502493776,7.65834333559631,7.248895443469,8.28529933018306,9.40344339651121,11.5292101819031,11.2707610619843,13.886034868025,14.1749907505421,,,14.2869411541265,15.5366732618771,16.7524257097547,17.8587146705433
992.199999999851,0.188416135746425,1.09642997719267,2.87850616308737,4.0132393377415,4.41836892420631,5.19328716063276,7.66767587829311,7.24417883573739,8.28137052050158,9.39721325292621,11.528141215108,11.2644323539761,13.8468828540966,14.1775531583249,,,14.2891036134612,15.5372035774463,16.7602615494059,17.8526657420399
992.799999999851,0.185627470447185,1.09936986206525,2.86867316727993,4.04564867750594,4.41070704619149,5.18869929632777,7.6770084209899,7.23946222800578,8.2774826087414,9.39080196164303,11.5270722483129,11.2581036459679,13.8077308401682,14.1801155661077,,,14.2912660727959,15.5377338930154,16.768097389057,17.8466168135364
993.399999999851,0.182838805147945,1.10230974693784,2.85884017147248,4.07805801727039,4.40304516817668,5.18411143202277,7.6863409636867,7.23474562027418,8.27337368127947,9.38378242583376,11.5260032815178,11.2517749379597,13.7685788262398,14.1826779738906,,,14.2934285321305,15.5382642085846,16.7759332287081,17.840567885033
993.999999999851,0.180050139848705,1.10524963181042,2.84900717566504,4.11046735703483,4.39538329016186,5.17952356771777,7.69567350638349,7.23002901254257,8.26926475381749,9.3768552745993,11.5249343147227,11.2454462299516,13.7294268123114,14.1852403816734,,,14.2955909914652,15.5387945241537,16.7837690683593,17.8345189565296
994.599999999851,0.177261474549465,1.108189516683,2.8391741798576,4.14287669679928,4.38772141214705,5.17493570341277,7.70500604908029,7.22531240481096,8.26515582635551,9.36992812336486,11.5238653479276,11.2391175219434,13.6902747983829,14.1878027894562,,,14.2977534507999,15.5393248397228,16.7916049080104,17.8284700280261
995.199999999851,0.174472809250225,1.11112940155559,2.82934118405016,4.17528603656372,4.38005953413224,5.17034783910777,7.71433859177708,7.22059579707935,8.26093783919811,9.36310785914092,11.5227963811324,11.2327888139352,13.6511227844545,14.1903651972391,,,14.2999159101345,15.539855155292,16.7994407476615,17.8224210995227
995.799999999851,0.171684143950986,1.11406928642817,2.81950818824272,4.20769537632817,4.37239765611742,5.16575997480277,7.72367113447387,7.21587918934774,8.25678426642947,9.35624889264156,11.5217274143373,11.226460105927,13.6119707705261,14.1929276050219,,,14.3020783694692,15.5403854708611,16.8072765873127,17.8163721710192
996.39999999985,0.168895478651746,1.11700917130076,2.80967519243528,4.24010471609261,4.36473577810261,5.16117211049778,7.73300367717067,7.21116258161614,8.25242125903609,9.3495472003623,11.5206584475422,11.2201313979188,13.5728187565977,14.1954900128047,,,14.3042408288038,15.5409157864303,16.8151124269638,17.8103232425158
996.99999999985,0.166106813352506,1.11994905617334,2.79984219662784,4.27251405585706,4.35707390008779,5.15658424619278,7.74233621986746,7.20644597388453,8.24762572843119,9.34318168978193,11.5195894807471,11.2138026899107,13.5336667426693,14.1980524205876,,,14.3064032881385,15.5414461019994,16.822948266615,17.8042743140124
997.59999999985,0.163318148053266,1.12288894104592,2.79000920082039,4.3049233956215,4.34941202207298,5.15199638188778,7.75166876256425,7.20172936615292,8.24420062127681,9.33715866494825,11.518520513952,11.2074739819025,13.4945147287409,14.2006148283704,,,14.3086748262273,15.5431331466817,16.8307841062661,17.7982253855089
998.19999999985,0.16055879057644,1.12555418022091,2.78017620501295,4.33733273538595,4.34175014405816,5.14573907386251,7.76179326385592,7.20340752610828,8.24191455729687,9.33270610254207,11.5174515471569,11.2066219061156,13.4553627148124,14.2031772361532,,,14.3075439722007,15.5453243450275,16.8386199459172,17.7921764570055
998.79999999985,0.159636162571145,1.12805940467431,2.77034320920551,4.36974207515039,4.34088765215647,5.14319833766862,7.76315910338858,7.1927816514379,8.23901636843784,9.32850640822842,11.5019531361495,11.1971827726367,13.416210700884,14.205739643936,,,14.3055170736665,15.5496536678378,16.8633220017741,17.7736952401191
999.39999999985,0.158457489844886,1.13111710772708,2.76051021339807,4.40215141491484,4.34895390088815,5.16461919552139,7.77641716231664,7.19186754821963,8.23662286619324,9.32545571331635,11.4553674029978,11.1858856427871,13.3757985529981,14.2159709913338,,,14.3045070745482,15.5471868406217,16.8320142599117,17.7618002345881
999.99999999985,0.155638680046905,1.12804118832157,2.77451853605696,4.3772268189665,4.34845206983351,5.18218022139251,7.78424604802271,7.19230386512297,8.23400060060018,9.32009833250504,11.3959645927625,11.1756709750094,13.3967276927976,14.2094923128288,,,14.3030856965832,15.5314023489901,16.8414054231658,17.7383825331136
1000.59999999985,0.153043219179275,1.13100637976409,2.78852685872182,4.35230222300382,4.34144607266491,5.20095276034524,7.78344844120358,7.20144550188661,8.22991257675785,9.31474818821746,11.3388455187032,11.175785259298,13.4176568326123,14.2071150426958,,,14.306778596383,15.5155029214357,16.8466728740594,17.7009249206631
1001.19999999985,0.152644423456167,1.13386405158444,2.80253518138667,4.32737762704114,4.33994498373328,5.21574781197578,7.75589118667539,7.21200304504466,8.22499947283929,9.30904006430767,11.2866665388699,11.1776781969282,13.4385859724271,14.2047377725638,,,14.3098676018359,15.5004419045861,16.8519403249519,17.663467308209
1001.79999999985,0.152245627733609,1.13672172340477,2.81654350405152,4.30245303107846,4.33844389480304,5.23054286360532,7.7283339321405,7.22256058820307,8.22085172914393,9.30311504002357,11.2344875590379,11.1795711345588,13.4595151122419,14.2023605024318,,,14.3080810342946,15.4864551155325,16.8572077758444,17.626009695755
1002.39999999985,0.151846832011052,1.13957939522509,2.83055182671638,4.27752843511578,4.33694280587279,5.24533791523486,7.7007766776056,7.23311813136146,8.21718021988815,9.29848904316783,11.1823085792058,11.1814640721894,13.4804442520566,14.1999832322998,,,14.307530477711,15.472260085783,16.862475226737,17.588552083301
1002.99999999985,0.151448036288494,1.14243706704541,2.84456014938123,4.2526038391531,4.33544171694254,5.26013296686441,7.6732194230707,7.24367567451987,8.2136060015955,9.29352728326978,11.1301295993738,11.1833570098199,13.5013733918714,14.1976059621678,,,14.3069799211277,15.4580650560334,16.8677426776295,17.551094470847
1003.59999999985,0.151049240565936,1.14529473886573,2.85856847204609,4.22767924319042,4.33394062801229,5.27492801849395,7.64566216853581,7.25423321767827,8.20992454723921,9.28871469534381,11.0779506195418,11.1852499474505,13.5223025316862,14.1952286920358,,,14.3064293645445,15.4438700262838,16.873010128522,17.5136368583929
1004.19999999985,0.150650444843379,1.14815241068606,2.87257679471094,4.20275464722774,4.33243953908204,5.28972307012349,7.61810491400091,7.26479076083667,8.20622617254107,9.28421784486245,11.0257716397097,11.1871428850811,13.5432316715009,14.1928514219039,,,14.3058788079612,15.4296749965343,16.8782775794146,17.4761792459389
1004.79999999985,0.150251649120821,1.15101008250638,2.8865851173758,4.17783005126506,4.33093845015179,5.30451812175304,7.59054765946602,7.27534830399507,8.20252779784293,9.27970957895506,10.9735926598777,11.1890358227117,13.5641608113157,14.1904741517719,,,14.305328251378,15.4154799667847,16.8835450303071,17.4387216334849
1005.39999999985,0.149852853398263,1.1538677543267,2.90059344004065,4.15290545530238,4.32943736122155,5.31931317338258,7.56299040493112,7.28590584715348,8.19882942314479,9.27520131304767,10.9214136800456,11.1909287603423,13.5850899511305,14.1880968816399,,,14.3047776947947,15.4012849370351,16.8888124811997,17.4012640210309
1005.99999999985,0.149454057675706,1.15672542614703,2.91460176270551,4.1279808593397,4.3279362722913,5.33410822501213,7.53543315039623,7.29646339031188,8.19520809888619,9.27043865980381,10.8692347002136,11.1928216979729,13.6060190909452,14.1857196115079,,,14.3042271382115,15.3870899072856,16.8940799320922,17.3638064085768
1006.59999999985,0.149055261953148,1.15958309796735,2.92861008537036,4.10305626337702,4.32643518336105,5.34890327664167,7.50787589586133,7.30702093347028,8.19174589099623,9.26572455483328,10.8170557203815,11.1947146356035,13.62694823076,14.1833423413759,,,14.3036765816282,15.372894877536,16.8993473829847,17.3263487961228
1007.19999999985,0.148656466230591,1.16244076978767,2.94261840803522,4.07813166741434,4.3249340944308,5.36369832827121,7.48031864132643,7.31757847662869,8.18869603973064,9.26119375125343,10.7648767405495,11.196607573234,13.6478773705748,14.1809650712439,,,14.3031260250449,15.3586998477864,16.9046148338773,17.2888911836688
1007.79999999985,0.148257670508033,1.165298441608,2.95662673070007,4.05320707145166,4.32343300550055,5.37849337990076,7.45276138679154,7.32813601978709,8.18590499954725,9.25656485571179,10.7126977607175,11.1985005108646,13.6688065103895,14.1785878011119,,,14.3025754684617,15.3445048180369,16.9098822847698,17.2514335712148
1008.39999999985,0.147858874785476,1.16815611342832,2.97063505336492,4.02828247548898,4.32193191657031,5.3932884315303,7.42520413225664,7.33869356294549,8.18353200276829,9.25407564350075,10.6605187808854,11.2003934484952,13.6897356502043,14.1762105309799,,,14.3017727096475,15.3320269451588,16.9151497356623,17.2139759587607
1008.99999999985,0.147431598181222,1.17219185136031,2.98464337602978,4.0033578795263,4.32043082764006,5.40719432621385,7.39801803902024,7.34907151282343,8.18206973755634,9.25134968525057,10.6083398010534,11.1990906080178,13.7106647900191,14.1738332608479,,,14.2991143839504,15.3150692565083,16.9204171865549,17.1765183463067
1009.59999999985,0.147985926149228,1.17765714657101,2.99865169869463,3.97843328356362,4.315829991018,5.42293600577356,7.36810418104146,7.36142137490394,8.18286570561403,9.24938595777775,10.5735223169379,11.2158488720798,13.7315939298338,14.1714559907159,,,14.2930646567063,15.2967628439604,16.9281308205026,17.1483056602821
1010.19999999985,0.146934665862915,1.17579629280303,3.01266002135949,3.95350868760094,4.31563589841233,5.41466198764266,7.33245741444073,7.37212193604661,8.18417789917976,9.25065495320901,10.5726383102215,11.2399361288029,13.7807333455322,14.1334646082316,,,14.2887354705283,15.2937719198788,16.9537354815841,17.1433776781007
1010.79999999985,0.146967623691304,1.17206663364303,2.98960142551321,3.98899499115777,4.30905864296048,5.39666226491277,7.30138420979566,7.38007191747623,8.18560763910305,9.25651530988145,10.5949150686976,11.2590701512698,13.8372917551536,14.1228671103562,,,14.2848188713389,15.304287675851,16.9462102811383,17.1695769536045
1011.39999999985,0.146988077437489,1.16031918673507,2.96654282965756,4.02448129472988,4.30654657175418,5.37749049065503,7.27169452493047,7.37979561134478,8.18944176320296,9.26347633576334,10.6232676861193,11.2656348548791,13.8938501647769,14.1139033011522,,,14.2790912735808,15.3178226208017,16.9443613678271,17.2243536419036
1011.99999999985,0.144340691870033,1.14975594628394,2.9434842338019,4.05996759830199,4.2993479742196,5.36263206595966,7.25182618248995,7.38082371100269,8.19397723339142,9.27296533193244,10.6320885949201,11.2735988567373,13.9504085744002,14.1049394919486,,,14.2724585190133,15.3304298066915,16.9425124545173,17.2791303302101
1012.59999999985,0.141693306301901,1.13919270583312,2.92042563794625,4.0954539018741,4.29214937668383,5.34777364126539,7.2319578400519,7.38185181066094,8.19883359719823,9.28290516648379,10.640909503716,11.2815628585959,14.0069669840235,14.095975682745,,,14.2703843626326,15.341627828582,16.9406635412075,17.3339070185165
1013.19999999985,0.13904592073377,1.12862946538229,2.89736704209059,4.13094020544621,4.28495077914807,5.33291521657111,7.21208949761387,7.38287991031918,8.20374654363379,9.29225366734329,10.6497304125119,11.2895268604544,14.0635253936467,14.0870118735414,,,14.2672216605319,15.3531580815007,16.9388146278978,17.3886837068229
1013.79999999985,0.136398535165638,1.11806622493147,2.87430844623494,4.16642650901833,4.2777521816123,5.31805679187684,7.19222115517583,7.38390800997742,8.20887356891124,9.30261966609057,10.6585513213078,11.297490862313,14.12008380327,14.0780480643378,,,14.2640589584308,15.3646883344195,16.936965714588,17.4434603951294
1014.39999999985,0.133751149597507,1.10750298448064,2.85124985037928,4.20191281259044,4.27055358407653,5.30319836718256,7.17235281273778,7.38493610963566,8.2138820528058,9.3127795215781,10.6673722301036,11.3054548641716,14.1766422128933,14.0690842551342,,,14.2608962563298,15.3762185873383,16.9351168012782,17.4982370834358
1014.99999999985,0.131103764029376,1.09693974402982,2.82819125452363,4.23739911616255,4.26335498654076,5.28833994248829,7.15248447029974,7.38596420929391,8.21904058101885,9.32266707308457,10.6761931388995,11.3134188660301,14.2332006225166,14.0601204459306,,,14.2577335542288,15.3877488402571,16.9332678879684,17.5530137717422
1015.59999999985,0.128456378461244,1.08637650357899,2.80513265866797,4.27288541973466,4.25615638900499,5.27348151779401,7.1326161278617,7.38699230895215,8.22419910923194,9.33253991385282,10.6850140476954,11.3213828678887,14.2897590321399,14.051156636727,,,14.2545708521278,15.3992790931759,16.9314189746587,17.6077904600486
1016.19999999985,0.125808992893113,1.07581326312817,2.78207406281232,4.30837172330677,4.24895779146922,5.25862309309974,7.11274778542365,7.38802040861039,8.22935763744503,9.34241275462106,10.6938349564913,11.3293468697473,14.3463174417632,14.0421928275234,,,14.2514081500268,15.4108093460947,16.9295700613489,17.6625671483551
1016.79999999985,0.123161607324981,1.06525002267734,2.75901546695666,4.34385802687888,4.24175919393345,5.24376466840546,7.09287944298562,7.38904850826864,8.23449884260415,9.35255206482467,10.7026558652872,11.3373108716058,14.4028758513864,14.0332290183198,,,14.2482454479257,15.4223395990135,16.9277211480391,17.7173438366615
1017.39999999985,0.12051422175685,1.05468678222652,2.73595687110101,4.379344330451,4.23456059639768,5.22890624371118,7.07301110054757,7.39007660792688,8.23941923363089,9.36264995861467,10.7114767740831,11.3452748734644,14.4594342610097,14.0242652091162,,,14.2450827458247,15.4338698519323,16.9258722347294,17.7721205249679
1017.99999999985,0.117866836188719,1.04412354177569,2.71289827524535,4.41483063402311,4.22736199886191,5.21404781901691,7.05314275810953,7.39110470758513,8.24403989290565,9.37237658782569,10.720297682879,11.353238875323,14.515992670633,14.0153013999126,,,14.2419200437237,15.4454001048511,16.9240233214196,17.8268972132743
1018.59999999985,0.115219450620587,1.03356030132487,2.6898396793897,4.45031693759522,4.22016340132614,5.19918939432263,7.03327441567149,7.39213280724336,8.24857004292954,9.38202513731421,10.7291185916748,11.3612028771815,14.5725510802563,14.006337590709,,,14.2387573416227,15.4569303577699,16.9221744081098,17.8816739015808
1019.19999999985,0.112572065052456,1.02299706087404,2.66678108353404,4.48580324116733,4.21296480379037,5.18433096962836,7.01340607323345,7.39316090690161,8.25173033333712,9.38847568012094,10.7379395004707,11.3691668790401,14.6291094898795,13.9973737815054,,,14.2341317255342,15.4673340221109,16.9203254948,17.9364505898872
1019.79999999985,0.109869329771308,1.01229357094656,2.64372248767839,4.52128954473944,4.2057662062546,5.17073296950501,6.99175030914887,7.38821002095465,8.25164229268857,9.39409324169098,10.7467604092666,11.3794565463886,14.6856678995028,13.9884099723018,,,14.233396142246,15.4799054088251,16.9184765814903,17.9912272781936
1020.39999999985,0.107502015208149,1.00236608528476,2.62066389182274,4.55677584831155,4.20067882390464,5.15622547189819,6.98615206292523,7.39531376781663,8.25042045492324,9.40087023919446,10.7635262180317,11.3770209850626,14.7422263091261,13.9794461630982,,,14.2386481354079,15.4947647550495,16.898951034727,18.0441028764762
1020.99999999985,0.105713052810493,1,2.59760529596708,4.59226215188367,4.19657881444712,5.16597654544966,6.98761838361539,7.39363040653526,8.24839622011006,9.40607007591118,10.7585441894391,11.3659001663065,14.7556529590505,13.9857562062184,,,14.2414622436062,15.493049126074,16.874670740057,18.071831009117
1021.59999999985,0.106053055320313,1.00756960166313,2.6228109817874,4.52870252470912,4.21109121841174,5.1900582034736,6.99727170963331,7.39426132777717,8.24682213098115,9.40844423447356,10.7547253021899,11.3552957153346,14.6937787176613,13.9770843102892,,,14.2454815995621,15.4912801005319,16.8763736224356,18.0652055962511
1022.19999999985,0.104979688462831,1.01816735281047,2.64801666762006,4.46514289750927,4.22810771075978,5.20831025423149,7.01082766477139,7.39024325395515,8.24362399390549,9.40855739137975,10.7362770873817,11.3494161419972,14.6319044762529,13.9656901840947,,,14.246106677045,15.4824952424218,16.8767319740289,18.0322114745104
1022.79999999985,0.105881456850705,1.02622978684984,2.67322235345272,4.40158327030941,4.25008006673482,5.22640675015273,7.02887538743979,7.38859380637514,8.24043815848037,9.40676208734908,10.7328601472729,11.3423141874139,14.5700302348445,13.9542960578995,,,14.2537387013888,15.4751078993734,16.877090325622,17.9992173527629
1023.39999999985,0.106783225239085,1.03429222088855,2.69842803928538,4.33802364310955,4.27205242271112,5.24450324607394,7.04692311010934,7.38694435879574,8.23714010214525,9.4051631168606,10.7294432071679,11.3352122328303,14.5081559934361,13.9429019317044,,,14.2591529009866,15.4654284874896,16.877448677215,17.9662232310155
1023.99999999985,0.107684993627464,1.04235465492726,2.72363372511804,4.27446401590969,4.29402477868742,5.26259974199514,7.0649708327789,7.38529491121633,8.23385445580992,9.40325930789677,10.726026267063,11.3281102782467,14.4462817520277,13.9315078055092,,,14.2642060889908,15.455585472965,16.877807028808,17.933229109268
1024.59999999985,0.108586762015844,1.05041708896598,2.74883941095069,4.21090438870983,4.31599713466372,5.28069623791634,7.08301855544844,7.38364546363693,8.23047586664104,9.40068393762384,10.7226093269581,11.3210083236631,14.3844075106193,13.920113679314,,,14.2692592769949,15.4457424584403,16.878165380401,17.9002349875206
1025.19999999985,0.109488530404223,1.05847952300469,2.77404509678335,4.14734476150997,4.33796949064002,5.29879273383755,7.10106627811799,7.38199601605752,8.227487266866,9.39864062795563,10.7191923868531,11.3139063690795,14.3225332692109,13.9087195531189,,,14.2743124649989,15.4358994439157,16.8785237319941,17.8672408657731
1025.79999999985,0.110390298792603,1.06654195704341,2.79925078261601,4.08378513431011,4.35994184661632,5.31688922975875,7.11911400078755,7.38034656847812,8.22446867086265,9.39688130140222,10.7157754467482,11.3068044144958,14.2606590278026,13.8973254269237,,,14.279365653003,15.426056429391,16.8788820835871,17.8342467440257
1026.39999999985,0.111292067180983,1.07460439108212,2.82445646844867,4.02022550711025,4.38191420259262,5.33498572567995,7.13716172345709,7.37869712089872,8.2214500748593,9.39502855993876,10.7123585066432,11.2997024599122,14.1987847863942,13.8859313007285,,,14.2844188410071,15.4162134148664,16.8792404351801,17.8012526222782
1026.99999999985,0.112193835569361,1.08266682512084,2.84966215428133,3.95666587991039,4.40388655856893,5.35308222160116,7.15520944612665,7.37704767331931,8.21843147885595,9.39317581847528,10.7089415665383,11.2926005053286,14.1369105449858,13.8745371745334,,,14.2894720290111,15.4063704003417,16.8795987867731,17.7682585005308
1027.59999999985,0.113095603957741,1.09072925915955,2.87486784011398,3.89310625271053,4.42585891454523,5.37117871752236,7.1732571687962,7.3753982257399,8.21544665108892,9.39135806356462,10.7055246264334,11.285498550745,14.0750363035774,13.8631430483382,,,14.2945252170152,15.3965273858171,16.8799571383661,17.7352643787833
1028.19999999985,0.11399737234612,1.09879169319826,2.90007352594664,3.82954662551067,4.44783127052153,5.38927521344356,7.19130489146575,7.3737487781605,8.21252712028723,9.38951029850994,10.7021076863284,11.2783965961614,14.013162062169,13.851748922143,,,14.2995784050193,15.3866843712924,16.8803154899592,17.7022702570359
1028.79999999985,0.1148991407345,1.10685412723698,2.9252792117793,3.76598699831081,4.46980362649783,5.40737170936477,7.2093526141353,7.3720993305811,8.20951013094969,9.38776387221048,10.6986907462235,11.2712946415778,13.9512878207606,13.8403547959479,,,14.3046315930233,15.3768413567678,16.8806738415522,17.6692761352884
1029.39999999985,0.11580090912288,1.11491656127569,2.95048489761196,3.70242737111095,4.49177598247413,5.42546820528597,7.22740033680484,7.3704498830017,8.20616434039438,9.38626163197147,10.6952738061185,11.2641926869941,13.8894135793522,13.8289606697527,,,14.3096847810274,15.3669983422431,16.8810321931452,17.636282013541
1029.99999999985,0.116702677511259,1.12297899531441,2.97569058344462,3.63886774391109,4.51374833845043,5.44356470120717,7.2454480594744,7.36880043542229,8.20223413959678,9.38336281441666,10.6918568660136,11.2570907324105,13.8275393379438,13.8175665435575,,,14.3172052054184,15.3552904806612,16.8813905447382,17.6032878917935
1030.59999999985,0.117686258948267,1.13022899863358,3.00089626927728,3.57530811671123,4.53572069442673,5.46147195204299,7.267042651263,7.36766808059626,8.20128791026255,9.37942698942755,10.6884399259087,11.2467658029766,13.7656650965354,13.8061724173624,,,14.3235749191249,15.3429951919182,16.8817488963313,17.5702937700461
1031.19999999985,0.117748808883324,1.13463768694536,3.02610195510993,3.51174848951137,4.55918779512401,5.47511643152108,7.28308615162659,7.35411390610237,8.20050718336856,9.37349683830173,10.6696841870908,11.2387553452646,13.703790855127,13.7947782911672,,,14.3273279782852,15.3276651722897,16.8922513998445,17.5372074999969
1031.79999999985,0.120028306371226,1.13775086124408,3.05130764094259,3.44818886231152,4.55939590651161,5.46610579518768,7.29597645916967,7.34883614868942,8.19980807558579,9.36539195040136,10.6715024802887,11.2335421805839,13.6560411568075,13.8038475365389,,,14.3307682381007,15.3207533833021,16.8924375446397,17.5172714660435
1032.39999999985,0.123884032306135,1.13754402764249,3.01758073287827,3.47829162986429,4.54832382861508,5.44152532861525,7.30114943005621,7.3415672645388,8.19843250457428,9.3568617168478,10.6442071666916,11.229672064262,13.6435640369487,13.7899586972346,,,14.3327398593485,15.3091919545876,16.8848706301468,17.5168129066193
1032.99999999984,0.127246982987343,1.14224787936188,2.98385382479872,3.50839439744127,4.53335766781516,5.42466050670326,7.31262136032029,7.34012046104212,8.19840949484676,9.3511869808345,10.6256166281494,11.2297325415668,13.6310869170991,13.777807751538,,,14.3417498984333,15.3085164670219,16.8682977682222,17.5371825749853
1033.59999999984,0.128758147704206,1.14653049414887,2.95012691671917,3.53849716501826,4.51120176849083,5.40282553603741,7.32082462375368,7.33552659231624,8.1986514817807,9.34525498207452,10.6006671826846,11.2265967932759,13.6186097972495,13.7656568058418,,,14.3409915572639,15.3064285975638,16.8517249062953,17.5575522433566
1034.19999999984,0.130269312420591,1.15081310893575,2.91640000863961,3.56859993259524,4.48904586916464,5.38099056537026,7.32902788718622,7.33093272358954,8.19815270106817,9.33829218305146,10.5757177372181,11.2234610449841,13.6061326773998,13.7535058601457,,,14.3400310912339,15.3085874857648,16.8351520443683,17.577921911728
1034.79999999984,0.131780477136976,1.15509572372262,2.88267310056006,3.59870270017222,4.46688996983845,5.35915559470312,7.33723115061877,7.32633885486283,8.19801302628573,9.33051827423863,10.5507682917517,11.2203252966923,13.5936555575502,13.7413549144495,,,14.3389249397325,15.3111066778082,16.8185791824413,17.5982915800993
1035.39999999984,0.133291641853361,1.1593783385095,2.84894619248051,3.6288054677492,4.44473407051227,5.33732062403598,7.34543441405131,7.32174498613613,8.19759604111064,9.32258959612858,10.5258188462853,11.2171895484005,13.5811784377006,13.7292039687533,,,14.337818788231,15.3136258698516,16.8020063205144,17.6186612484707
1035.99999999984,0.134802806569745,1.16366095329638,2.81521928440096,3.65890823532619,4.42257817118608,5.31548565336884,7.35363767748385,7.31715111740943,8.1968309079815,9.31398985777687,10.5008694008188,11.2140538001087,13.568701317851,13.7170530230571,,,14.3367126367296,15.3161450618951,16.7854334585874,17.6390309168421
1036.59999999984,0.13631397128613,1.16794356808326,2.7814923763214,3.68901100290317,4.40042227185989,5.2936506827017,7.36184094091641,7.31255724868272,8.19610808104759,9.30537795450649,10.4759199553524,11.2109180518169,13.5562241980013,13.704902077361,,,14.3356064852281,15.3186642539386,16.7688605966605,17.6594005852134
1037.19999999984,0.137825136002514,1.17222618287013,2.74776546824185,3.71911377048015,4.3782663725337,5.27181571203456,7.37004420434894,7.30796337995602,8.19538525411369,9.29702810374142,10.4509705098859,11.2077823035251,13.5437470781517,13.6927511316648,,,14.3345003337266,15.321183445982,16.7522877347335,17.6797702535848
1037.79999999984,0.139336300718899,1.17650879765701,2.7140385601623,3.74921653805714,4.35611047320751,5.24998074136742,7.37824746778149,7.30336951122931,8.19466242717979,9.28867825297641,10.4260210644195,11.2046465552333,13.5312699583021,13.6806001859686,,,14.3333941822252,15.3237026380255,16.7357148728065,17.7001399219562
1038.39999999984,0.140847465435284,1.18079141244389,2.68031165208275,3.77931930563412,4.33395457388132,5.22814577070027,7.38645073121403,7.29877564250261,8.19390630753997,9.28032591100311,10.4010716189531,11.2015108069416,13.5187928384524,13.6684492402724,,,14.3322880307237,15.326221830069,16.7191420108796,17.7205095903275
1038.99999999984,0.142358630151668,1.18507402723076,2.6465847440032,3.8094220732111,4.31179867455513,5.20631080003313,7.39465399464657,7.29418177377591,8.19298287760062,9.27226022111375,10.3761221734866,11.1983750586498,13.5063157186028,13.6562982945763,,,14.3311818792222,15.3287410221125,16.7025691489526,17.7408792586989
1039.59999999984,0.143869794868053,1.18935664201764,2.61285783592364,3.83952484078809,4.28964277522894,5.18447582936599,7.40285725807911,7.2895879050492,8.19202515131807,9.2649242299104,10.3511727280202,11.195239310358,13.4938385987532,13.6441473488801,,,14.3300757277208,15.3312602141559,16.6859962870257,17.7612489270702
1040.19999999984,0.145380959584437,1.19363925680452,2.57913092784409,3.86962760836507,4.26748687590275,5.16264085869885,7.41106052151165,7.28499403632251,8.19128590373239,9.25735330969452,10.3262232825537,11.1921035620662,13.4813614789036,13.6319964031839,,,14.3289695762193,15.3337794061994,16.6694234250987,17.7816185954416
1040.79999999984,0.146892124300822,1.19792187159139,2.54540401976454,3.89973037594205,4.24533097657656,5.14080588803171,7.4192637849442,7.2804001675958,8.19162293616107,9.25415511731111,10.3012738370873,11.1889678137744,13.4688843590539,13.6198454574877,,,14.3287702736893,15.3390390308057,16.6528505631717,17.801988263813
1041.39999999984,0.148422111336116,1.20297341804747,2.51167711168499,3.92983314351903,4.22317507725037,5.12131443849185,7.4253503083296,7.27112107512854,8.19173705301121,9.25190754452437,10.2763243916209,11.1891287376527,13.4564072392043,13.6076945117916,,,14.3283848967507,15.3449965416568,16.6362777012448,17.8223579321843
1041.99999999984,0.149765071704391,1.21193062297648,2.47795020360543,3.95993591109602,4.19884585739963,5.10435666982674,7.43059480817246,7.26346938350258,8.1912710967303,9.24834888333265,10.2597498218099,11.1952133890674,13.4439301193547,13.5955435660954,,,14.3292239439888,15.355936297965,16.6203895206099,17.8362407351224
1042.59999999984,0.148712643423346,1.21702840159106,2.44422329552588,3.990038678673,4.20144278894099,5.09855207083295,7.44916151906028,7.25781662519171,8.1917931807164,9.2482619974769,10.257379256712,11.2081585255037,13.4135001589261,13.5753458445751,,,14.3315894495334,15.3728634693938,16.6113200187918,17.8452784819838
1043.19999999984,0.14329524247042,1.21846229166497,2.48652371910299,3.96276396162055,4.2088128135586,5.10752375886332,7.47888605835347,7.2592165126133,8.19280070198787,9.25058844983775,10.271617395236,11.2205251196284,13.4575788412395,13.6388284802709,,,14.3347810162762,15.3953435214797,16.5905124908301,17.8588663011099
1043.79999999984,0.141570192628321,1.21686299124596,2.52882414269995,3.93548924455312,4.21605103884463,5.1177316233116,7.50992887730955,7.25949027451055,8.19233339174166,9.25572129288391,10.2894079181241,11.2288999467378,13.5016575235724,13.7002696511078,,,14.3321089722934,15.4067187956102,16.5909553136159,17.8536670920978
1044.39999999984,0.140969911341067,1.22001095662731,2.57112456629691,3.90821452748568,4.22899993392033,5.13396455036388,7.55039866446461,7.26920836655467,8.19099213585426,9.26269854176452,10.3160710816652,11.2390858334361,13.5457362059052,13.7617108219441,,,14.331320180055,15.4179907453163,16.5913981364073,17.8484678830809
1044.99999999984,0.140369630054108,1.22315892200991,2.61342498989387,3.88093981041825,4.24194882899752,5.15019747741773,7.59086845162213,7.27892645860127,8.19000220994971,9.27031469529564,10.3427342452086,11.2492717201347,13.5898148882381,13.8231519927805,,,14.3316673688459,15.4257296085871,16.5918409591987,17.8432686740639
1045.59999999984,0.139769348767149,1.22630688739251,2.65572541349083,3.85366509335082,4.25489772407471,5.16643040447159,7.63133823877966,7.28864455064787,8.18864755281122,9.28008222049467,10.3693974087519,11.2594576068334,13.633893570571,13.8845931636168,,,14.3334693869785,15.4335315212817,16.5922837819901,17.838069465047
1046.19999999984,0.13916906748019,1.2294548527751,2.69802583708779,3.82639037628338,4.26784661915191,5.18266333152544,7.67180802593718,7.29836264269446,8.1878011763666,9.29048211916716,10.3960605722953,11.2696434935321,13.6779722529039,13.9460343344532,,,14.3352714051115,15.4413334339763,16.5927266047815,17.8328702560301
1046.79999999984,0.138568786193231,1.2326028181577,2.74032626068475,3.79911565921595,4.2807955142291,5.19889625857929,7.71227781309471,7.30808073474106,8.18703778362648,9.30144637033044,10.4227237358387,11.2798293802308,13.7220509352367,14.0074755052896,,,14.3370734232444,15.449135346671,16.5931694275728,17.8276710470131
1047.39999999984,0.137968504906272,1.2357507835403,2.78262668428171,3.77184094214852,4.29374440930629,5.21512918563315,7.75274760025224,7.31779882678766,8.18625505861297,9.31223616560144,10.449386899382,11.2900152669295,13.7661296175696,14.0689166761259,,,14.3388754413774,15.4569372593656,16.5936122503642,17.8224718379962
1047.99999999984,0.137368223619312,1.23889874892289,2.82492710787867,3.74456622508109,4.30669330438348,5.231362112687,7.79321738740977,7.32751691883426,8.18547233359946,9.3229026881664,10.4760500629254,11.3002011536281,13.8102082999025,14.1303578469623,,,14.3406774595103,15.4647391720602,16.5940550731556,17.8172726289793
1048.59999999984,0.136767942332353,1.24204671430549,2.86722753147563,3.71729150801365,4.31964219946068,5.24759503974085,7.83368717456729,7.33723501088085,8.18468960858594,9.33356921073132,10.5027132264688,11.3103870403268,13.8542869822353,14.1917990177986,,,14.3424794776433,15.4725410847548,16.594497895947,17.8120734199623
1049.19999999984,0.136167661045394,1.24519467968809,2.90952795507259,3.69001679094622,4.33259109453787,5.2638279667947,7.87415696172481,7.34695310292745,8.18390235372247,9.34399940669041,10.5293763900122,11.3205729270255,13.8983656645682,14.253240188635,,,14.3442814957762,15.4803429974494,16.5949407187383,17.8068742109454
1049.79999999984,0.135567379758435,1.24834264507068,2.95182837866955,3.66274207387879,4.34553998961506,5.28006089384856,7.91462674888235,7.35667119497405,8.18376632717307,9.35435714372131,10.5560395535555,11.3307588137242,13.9424443469011,14.3146813594713,,,14.3460835139092,15.488144910144,16.5953835415297,17.8016750019284
1050.39999999984,0.134967098471476,1.25149061045328,2.99412880226651,3.63546735681136,4.35848888469226,5.29629382090241,7.95509653603987,7.36638928702065,8.18371522837149,9.363516520189,10.5827027170989,11.3409447004229,13.986523029234,14.3761225303077,,,14.3478855320421,15.4959468228386,16.5958263643211,17.7964757929115
1050.99999999984,0.134366817184516,1.25463857583588,3.03642922586346,3.60819263974392,4.37143777976945,5.31252674795626,7.99556632319739,7.37610737906725,8.1840338954966,9.3734706559923,10.6093658806423,11.3511305871215,14.0306017115668,14.437563701144,,,14.349687550175,15.5037487355333,16.5962691871125,17.7912765838946
1051.59999999984,0.133766535897556,1.25778654121848,3.07872964946043,3.58091792267649,4.38438667484664,5.32875967501012,8.03603611035492,7.38582547111385,8.18515574817137,9.38116158404411,10.6360290441856,11.3613164738202,14.0746803938997,14.4990048719804,,,14.3494364936685,15.5123807369012,16.5967120099038,17.7860773748776
1052.19999999984,0.133124987300401,1.26137871148579,3.12103007305738,3.55364320560906,4.39733556992383,5.34157953402448,8.07557078949784,7.40574263579541,8.18572018680556,9.39017383862059,10.662692207729,11.3711291551528,14.1187590762326,14.5604460428168,,,14.3515826503391,15.5188202718247,16.5971548326952,17.7808781658607
1052.79999999984,0.130818357326503,1.25922349755833,3.16333049665434,3.52636848854163,4.40855342399473,5.35158158511929,8.11950854604323,7.42269820984083,8.18727094517746,9.40281076657677,10.679295612285,11.3714284179872,14.1628377585654,14.6218872136531,,,14.3523715902774,15.5209792833715,16.5957978480897,17.7906973764776
1053.39999999984,0.127124494045399,1.25673791233587,3.2056309202513,3.49909377147419,4.40969418931407,5.36214296015116,8.13812914507355,7.42871019144315,8.18808464440578,9.41403858980539,10.6660171445299,11.3607439573863,14.246867696061,14.6897355394081,,,14.3513509028749,15.5127696705436,16.6174661301832,17.7939658843009
1053.99999999984,0.123343726265315,1.25282472841583,3.18592724377653,3.54954425459971,4.39819965404588,5.37096952257815,8.13719852694978,7.42163525498939,8.18891688647203,9.42328242231385,10.6384944029901,11.3507918330617,14.2511401840882,14.6521868612848,,,14.3497720687452,15.5007001782875,16.6410282493742,17.7744728994773
1054.59999999984,0.116960691705449,1.24432663658212,3.16622356728538,3.59999473774576,4.38873343977673,5.38022076562995,8.124814699263,7.4172720318889,8.19099216696262,9.42626293376595,10.6033304290417,11.3401095322068,14.2554126720944,14.6106584072999,,,14.3490341768894,15.4904714560785,16.6316764952795,17.7644008039481
1055.19999999984,0.110651393551778,1.23196931290206,3.14651989079423,3.65044522089181,4.3789744610804,5.38690202811027,8.08776966188103,7.39706876750186,8.19312048446595,9.42644838094747,10.5642829394116,11.3315612087926,14.2596851601005,14.569129953314,,,14.3505028212437,15.4791393936891,16.6223247411762,17.7543287084214
1055.79999999984,0.104342095398127,1.21961198922097,3.12681621430308,3.70089570403786,4.369215482384,5.39358329058992,8.05072462449256,7.37686550311062,8.19469759559206,9.42514677199429,10.5252354497805,11.3230128853789,14.2639576481067,14.5276014993281,,,14.3514127274739,15.4672247667805,16.6129729870728,17.7442566128947
1056.39999999984,0.0980327972444757,1.20725466553988,3.10711253781193,3.75134618718391,4.3594565036876,5.40026455306958,8.01367958710409,7.35666223871939,8.1966606968783,9.42202663590345,10.4861879601494,11.3144645619652,14.2682301361128,14.4860730453421,,,14.3510522245881,15.4543831682611,16.6036212329695,17.7341845173679
1056.99999999984,0.0917234990908249,1.1948973418588,3.08740886132078,3.80179667032996,4.3496975249912,5.40694581554923,7.97663454971561,7.33645897432816,8.19845024579855,9.41802030075231,10.4471404705182,11.3059162385514,14.272502624119,14.4445445913562,,,14.350691721702,15.4415415697414,16.5942694788661,17.7241124218412
1057.59999999984,0.0854142009371731,1.18254001817771,3.06770518482963,3.85224715347601,4.3399385462948,5.41362707802888,7.93958951232714,7.31625570993693,8.2002634215999,9.4133993872551,10.4080929808871,11.2973679151377,14.2767751121251,14.4030161373703,,,14.3503312188159,15.4286999712218,16.5849177247628,17.7140403263145
1058.19999999984,0.0791049027835224,1.17018269449662,3.04800150833848,3.90269763662206,4.3301795675984,5.42030834050853,7.90254447493867,7.29605244554569,8.2019423378264,9.40894910144252,10.369045491256,11.288819591724,14.2810476001313,14.3614876833844,,,14.3499707159298,15.4158583727021,16.5755659706595,17.7039682307878
1058.79999999984,0.0727956046298703,1.15782537081554,3.02829783184733,3.95314811976811,4.320420588902,5.42698960298818,7.8654994375502,7.27584918115446,8.20362125405287,9.40447189641597,10.3299980016249,11.2802712683103,14.2853200881374,14.3199592293984,,,14.3496102130437,15.4030167741824,16.5662142165561,17.6938961352611
1059.39999999984,0.0664863064762191,1.14546804713445,3.00859415535618,4.00359860291415,4.3106616102056,5.43367086546783,7.82845440016172,7.25564591676323,8.20530017027934,9.39999469138941,10.2909505119938,11.2717229448966,14.2895925761436,14.2784307754125,,,14.3492497101576,15.3901751756627,16.5568624624528,17.6838240397343
1059.99999999984,0.0601770083225677,1.13311072345336,2.98889047886503,4.0540490860602,4.3009026315092,5.44035212794748,7.79140936277325,7.23544265237199,8.20701764567731,9.39556997546022,10.2519030223626,11.2631746214829,14.2938650641497,14.2369023214266,,,14.3488892072715,15.3773335771431,16.5475107083494,17.6737519442076
1060.59999999984,0.0538677101689159,1.12075339977228,2.96918680237387,4.10449956920625,4.2911436528128,5.44703339042713,7.75436432538478,7.21523938798076,8.20805190089156,9.39071415648483,10.2128555327315,11.2546262980692,14.2981375521559,14.1953738674407,,,14.3485287043854,15.3644919786234,16.5381589542461,17.6636798486809
1061.19999999984,0.0475584120152651,1.10839607609119,2.94948312588272,4.1549500523523,4.2813846741164,5.45371465290678,7.7173192879963,7.19503612358953,8.20920445489208,9.38665488767923,10.1738080431004,11.2460779746555,14.302410040162,14.1538454134547,,,14.3481682014993,15.3516503801037,16.5288072001427,17.6536077531542
1061.79999999984,0.0412491138616133,1.0960387524101,2.92977944939157,4.20540053549835,4.27162569542,5.46039591538643,7.68027425060782,7.1748328591983,8.21022492673407,9.38238602843127,10.1347605534693,11.2375296512418,14.3066825281682,14.1123169594688,,,14.3478076986132,15.338808781584,16.5194554460394,17.6435356576274
1062.39999999984,0.0349398157079626,1.08368142872901,2.91007577290042,4.2558510186444,4.2618667167236,5.46707717786608,7.64322921321936,7.15462959480706,8.21062333718994,9.37909677794279,10.0957130638381,11.2289813278281,14.3109550161743,14.0707885054829,,,14.3486030564967,15.3219837547195,16.510103691936,17.6334635621007
1062.99999999984,0.0286438790372278,1.07131001483529,2.89037209640927,4.30630150179045,4.2521077380272,5.47492349933014,7.60756380153525,7.12937691461362,8.21199263221288,9.37668408257242,10.056665574207,11.2197793852058,14.3152275041804,14.029260051497,,,14.3459642830362,15.3127209817535,16.5007519378327,17.623391466574
1063.59999999984,0.0254918470211326,1.06279902851808,2.87066841991812,4.3567519849365,4.24247717972701,5.48703733774295,7.55003999409504,7.11605077563699,8.21316558215762,9.37334140391988,10.028914975307,11.213859404968,14.3194999921866,13.9877315975111,,,14.3455357577116,15.3086507701752,16.4956300821193,17.5999782815936
1064.19999999984,0.0255579403109824,1.0581984765475,2.85096474342697,4.40720246808255,4.23666654973249,5.48474390502589,7.50261094190507,7.11626984115979,8.21463306477344,9.37038724345389,10,11.2049825496188,14.2977014752748,13.9177603976712,,,14.3473061680476,15.3107769649064,16.4821158484515,17.5806966881219
1064.79999999984,0.0248696579803913,1.05477086390839,2.85360851019849,4.35201726191454,4.25671993531864,5.47053472625618,7.47007671007762,7.12702069301677,8.21599835629234,9.3687700862014,10.013757731027,11.1967952183688,14.2652635664146,13.9356213806441,,,14.3495740475277,15.3141579318317,16.4821601750352,17.582379311407
1065.39999999984,0.0257642150317202,1.05548545664746,2.85625227697597,4.29683205571835,4.27552097717901,5.44996593897259,7.43597131234987,7.1383334328009,8.21647573839396,9.36838920802789,10.0284659209613,11.1921946125246,14.2328256575516,13.9620979992527,,,14.3523075470058,15.3225333742066,16.5248270093477,17.5926986863036
1065.99999999984,0.0258854777336185,1.05880684804232,2.85889604375344,4.24164684952216,4.29321536960536,5.42846009376479,7.42010558456406,7.15659817605465,8.21719185961454,9.37106433610139,10.0368558304047,11.1843332228119,14.2003877486885,13.9885746178635,,,14.356946069695,15.3312648077669,16.5674938436716,17.6030180612024
1066.59999999984,0.0260067404353103,1.06212823943787,2.86153981053092,4.18646164332597,4.3109097620314,5.40695424855675,7.40423985678313,7.17486291931027,8.21815696489929,9.37602668868208,10.0452457398464,11.1764718330983,14.1679498398254,14.0150512364744,,,14.3594813028303,15.3424389698986,16.6101606779955,17.6133374361012
1067.19999999984,0.0261280031370018,1.06544963083342,2.8641835773084,4.13127643712977,4.32860415445745,5.38544840334871,7.38837412900219,7.19312766256589,8.21859301763293,9.38136060377226,10.0536356492881,11.1686104433847,14.1355119309624,14.0415278550852,,,14.3627230540648,15.3545312443169,16.6528275123193,17.623656811
1067.79999999984,0.0262492658386936,1.06877102222897,2.86682734408588,4.07609123093358,4.3462985468835,5.36394255814067,7.37250840122125,7.2113924058215,8.21882939018918,9.38691273830534,10.0620255587298,11.1607490536711,14.1030740220993,14.068004473696,,,14.3659648052996,15.3666235187356,16.6954943466432,17.6339761858989
1068.39999999984,0.0263705285403851,1.07209241362452,2.86947111086335,4.02090602473739,4.36399293930954,5.34243671293262,7.35664267344031,7.22965714907711,8.21901646811698,9.39288835654914,10.0704154681714,11.1528876639575,14.0706361132362,14.0944810923069,,,14.3692065565343,15.3787157931542,16.7381611809671,17.6442955607977
1068.99999999984,0.0264917912420772,1.07541380502008,2.87211487764083,3.9657208185412,4.38168733173559,5.32093086772458,7.34077694565938,7.24792189233273,8.21952209012274,9.39865555506449,10.0788053776131,11.1450262742439,14.0381982043732,14.1209577109177,,,14.372448307769,15.3908080675728,16.7808280152909,17.6546149356965
1069.59999999984,0.0266130539437686,1.07873519641563,2.87475864441831,3.91053561234501,4.39938172416164,5.29942502251653,7.32491121787844,7.26618663558835,8.22002771212859,9.40439534535599,10.0871952870548,11.1371648845303,14.0057602955101,14.1474343295286,,,14.3756900590038,15.4029003419914,16.8234948496148,17.6649343105953
1070.19999999984,0.0267343166454598,1.08205658781118,2.87740241119579,3.85535040614882,4.41707611658769,5.27791917730849,7.30904549009751,7.28445137884396,8.22053333413444,9.41013513564748,10.0955851964965,11.1293034948167,13.973322386647,14.1739109481394,,,14.3789318102385,15.41499261641,16.8661616839387,17.6752536854942
1070.79999999984,0.0268555793471519,1.08537797920673,2.88004617797327,3.80016519995263,4.43477050901373,5.25641333210045,7.29317976231657,7.30271612209958,8.22101792464292,9.416064259826,10.1039751059382,11.1214421051031,13.940884477784,14.2003875667502,,,14.3821735614732,15.4270848908286,16.9088285182625,17.685573060393
1071.39999999984,0.0269768420488438,1.08869937060228,2.88268994475074,3.74497999375644,4.45246490143978,5.2349074868924,7.27731403453564,7.3209808653552,8.2218386440813,9.42232421268226,10.1123650153799,11.1135807153895,13.9084465689209,14.2268641853611,,,14.385415312708,15.4391771652472,16.9514953525864,17.6958924352918
1071.99999999984,0.0270981047505352,1.09202076199783,2.88533371152822,3.68979478756025,4.47015929386583,5.21340164168436,7.26144830675469,7.33924560861081,8.22277348029784,9.4284554005267,10.1207549248216,11.1057193256759,13.8760086600579,14.2533408039719,,,14.3886570639427,15.4512694396658,16.9941621869103,17.7062118101906
1072.59999999984,0.0272193674522266,1.09534215339338,2.8879774783057,3.63460958136406,4.48785368629188,5.19189579647632,7.24558257897376,7.35751035186643,8.22347598937183,9.43259317752076,10.1291448342633,11.0978579359623,13.8435707511948,14.2798174225828,,,14.3918988151775,15.4633617140844,17.0368290212341,17.7165311850895
1073.19999999984,0.0273406301539189,1.09866354478894,2.89062124508318,3.57942437516786,4.50554807871792,5.17038995126827,7.22971685119283,7.37577509512204,8.22398853269222,9.43455253968122,10.1375347437049,11.0899965462487,13.8111328423317,14.3062940411936,,,14.3944828397656,15.476753966884,17.079495855558,17.7268505599883
1073.79999999984,0.0274126618893508,1.10078917595958,2.89326501186066,3.52423916897167,4.52324247114397,5.14917703391685,7.21323265082455,7.39345008933522,8.2230335507824,9.43171286725497,10.1459246531466,11.0802425670908,13.7786949334687,14.3327706598044,,,14.3946182323507,15.4815591987451,17.1221626898819,17.7371699348871
1074.39999999984,0.0262424682120269,1.10431278273148,2.89590877863813,3.46905396277548,4.5415666262813,5.12914044523781,7.22528718289391,7.40342588083682,8.22054520497346,9.42784258619887,10.1591300547157,11.0774433800208,13.7462570246056,14.3592472784153,,,14.3904649541413,15.4762753180602,17.1578728788457,17.7477203303692
1074.99999999984,0.0235240593615676,1.10757924443597,2.89855254541561,3.41386875657929,4.55926104701191,5.13373481820015,7.23784348499979,7.40371912504386,8.21723087035945,9.42246677317061,10.1735899303929,11.0886966317583,13.7112730770098,14.4032934113671,,,14.3842122530264,15.4722131434109,17.1639575076568,17.7642935758339
1075.59999999984,0.0251392418849413,1.11573000477447,2.87313877932144,3.41563834217968,4.56802080538187,5.15662439022083,7.23702903007479,7.40291928790151,8.21344323774055,9.4157117620691,10.1536299584302,11.1116293481676,13.6901889089852,14.4081347719697,,,14.375536704823,15.4635199422642,17.1835731728726,17.7674782973585
1076.19999999984,0.0255774386247027,1.12410439519083,2.8477250132197,3.41740792779541,4.5809745847993,5.18251857278857,7.2402528474518,7.40047979080351,8.21109448961456,9.41313493244991,10.1511341191776,11.1283918054751,13.6691047409644,14.4089198356156,,,14.3704776966296,15.4559206637699,17.1758307603456,17.7629130863244
1076.79999999984,0.0259423839838984,1.12805121208695,2.82231124711797,3.41917751341114,4.59270812799908,5.20820368515384,7.24448505143574,7.39450794339743,8.20885108055387,9.40841001545273,10.1634961072779,11.1487485091513,13.6480205729435,14.4097048992603,,,14.3568283706681,15.4508460111706,17.1680883478112,17.7583478752884
1077.39999999984,0.0263073293430749,1.13199802898188,2.79689748101624,3.42094709902688,4.60444167119854,5.23388879751905,7.24871725541995,7.38853609599041,8.20715655765006,9.40144499329345,10.1758580953822,11.1691052128285,13.6269364049226,14.410489962905,,,14.344398012437,15.4453299126753,17.1603459352768,17.7537826642523
1077.99999999984,0.0266722747022508,1.13594484587682,2.7714837149145,3.42271668464261,4.61617521439799,5.25957390988427,7.25294945940417,7.38256424858339,8.20584817643111,9.39409913426374,10.1882200834865,11.1894619165058,13.6058522369018,14.4112750265497,,,14.3316939047439,15.4390475145609,17.1526035227424,17.7492174532162
1078.59999999984,0.0270372200614269,1.13989166277175,2.74606994881277,3.42448627025834,4.62790875759744,5.28525902224948,7.25718166338837,7.37659240117637,8.20438487881076,9.38719112790588,10.2005820715908,11.209818620183,13.5847680688809,14.4120600901944,,,14.3189897970507,15.4327651164463,17.1448611102081,17.7446522421801
1079.19999999984,0.0274021654206028,1.14383847966668,2.72065618271104,3.42625585587407,4.63964230079689,5.31094413461469,7.26141386737259,7.37062055376934,8.20303303974069,9.38012276785697,10.2129440596951,11.2301753238602,13.56368390086,14.4128451538392,,,14.3062856893575,15.4264827183318,17.1371186976737,17.740087031144
1079.79999999984,0.0277671107797793,1.14778529656161,2.6952424166093,3.42802544148981,4.65137584399634,5.3366292469799,7.2656460713568,7.36464870636232,8.20147296186533,9.3733017028193,10.2253060477994,11.2505320275374,13.5425997328391,14.4136302174839,,,14.2935815816643,15.4202003202172,17.1293762851393,17.7355218201079
1080.39999999984,0.0281320561389552,1.15173211345654,2.66982865050757,3.42979502710554,4.66310938719579,5.36231435934512,7.26987827534101,7.3586768589553,8.19991288398993,9.36643959708612,10.2376680359037,11.2708887312146,13.5215155648183,14.4144152811286,,,14.2808774739711,15.4139179221026,17.1216338726049,17.7309566090718
1080.99999999984,0.0284970014981317,1.15567893035147,2.64441488440584,3.43156461272127,4.67484293039524,5.38799947171033,7.27411047932522,7.35270501154827,8.19835280611452,9.35957749135293,10.250030024008,11.2912454348919,13.5004313967974,14.4152003447733,,,14.2681733662779,15.4076355239881,17.1138914600705,17.7263913980357
1081.59999999984,0.0288619468573076,1.1596257472464,2.6190011183041,3.433334198337,4.68657647359469,5.41368458407554,7.27834268330944,7.34673316414125,8.19675798114761,9.35270802646787,10.2623920121123,11.3116021385691,13.4793472287765,14.4159854084181,,,14.2554692585847,15.4013531258735,17.1061490475361,17.7218261869996
1082.19999999984,0.0292268922164841,1.16357256414134,2.59358735220237,3.43510378395274,4.69831001679415,5.43936969644075,7.28257488729365,7.34076131673423,8.19495715408161,9.34590295764333,10.2747540002166,11.3319588422463,13.4582630607557,14.4167704720628,,,14.2427651508915,15.3950707277589,17.0984066350018,17.7172609759635
1082.79999999984,0.02959183757566,1.16751938103627,2.56817358610063,3.43687336956847,4.7100435599936,5.46505480880597,7.28680709127786,7.33478946932721,8.19283221208155,9.33923610080986,10.2871159883209,11.3523155459235,13.4371788927348,14.4175555357075,,,14.2300610431983,15.3887883296444,17.0906642224674,17.7126957649274
1083.39999999984,0.0299567829348358,1.1714661979312,2.5427598199989,3.4386429551842,4.72177710319305,5.49073992117118,7.29103929526207,7.32881762192018,8.19109075410844,9.33561878065831,10.2994779764252,11.3726722496008,13.4160947247139,14.4183405993522,,,14.2173569355051,15.3825059315298,17.082921809933,17.7081305538914
1083.99999999984,0.030321728294012,1.17541301482613,2.51734605389717,3.44041254079993,4.7335106463925,5.51642503353639,7.29527149924628,7.32284577451316,8.18816626757743,9.33353450828091,10.3118399645295,11.393028953278,13.3950105566931,14.419125662997,,,14.201350311373,15.3789492739162,17.0751793973986,17.7035653428553
1084.59999999984,0.0307337111408216,1.18028436092171,2.49193228779543,3.44218212641567,4.74524418959195,5.54310370938454,7.29948583925584,7.31740687940378,8.18643694377223,9.3350972155384,10.3242019526338,11.4148948902031,13.3739263886722,14.4199107266417,,,14.1904078998555,15.3786654575596,17.0674369848642,17.6990001318192
1085.19999999984,0.0317402012911707,1.1834739015574,2.4665185216937,3.4439517120314,4.75972371277857,5.56810838019627,7.30114487788506,7.31106463051202,8.18758613195769,9.33453150764476,10.3300107354018,11.4324327189659,13.3528422206513,14.4206957902864,,,14.180012292714,15.3837639790147,17.066415906006,17.7019260847937
1085.79999999984,0.0354216532035925,1.18505612924002,2.44110475559197,3.44572129764713,4.76418459604269,5.58017705977166,7.31240936080916,7.30509959374936,8.18930221604131,9.33133549098789,10.3413816013924,11.4381805899602,13.3450955612147,14.3826848924737,,,14.1684032843961,15.3725560569394,17.0852664407721,17.6805776129939
1086.39999999984,0.0360712956638332,1.17991493199969,2.46549192063347,3.43991625783015,4.74290828235848,5.57597764089459,7.33155675966823,7.29098739106309,8.19135502862581,9.32707633979975,10.3687555269334,11.4174095724457,13.3362416384312,14.3002067092299,,,14.1592518309395,15.3659735607408,17.0775820321881,17.6611488026596
1086.99999999984,0.0392522638341479,1.17626196844667,2.48987908568852,3.43411121801111,4.71493444051939,5.57756336278942,7.34575507038958,7.27743814461251,8.19176927800516,9.31733612494988,10.3722346918417,11.4002053246517,13.3273877156475,14.2190244511943,,,14.1456023781934,15.3536063406678,17.0592513368783,17.6214317253818
1087.59999999984,0.0433949979982134,1.17653876064736,2.51426625074357,3.42830617819207,4.68710843726272,5.57787332612016,7.34736782999738,7.26863996092296,8.1914618729622,9.30670103782303,10.3652047856532,11.3808047396279,13.3185337928638,14.1378421931592,,,14.141119666522,15.3389615973729,17.0409206415656,17.5817146480984
1088.19999999984,0.0475377321625404,1.17681555284912,2.53865341579862,3.42250113837303,4.65928243400608,5.57818328945054,7.34898058960176,7.2598417772347,8.18903694568798,9.29560529562735,10.3581748794618,11.3614041546035,13.30967987008,14.056659935124,,,14.1388577260039,15.3269512621308,17.0225899462529,17.541997570815
1088.79999999984,0.0516804663268671,1.17709234505088,2.56304058085367,3.416696098554,4.63145643074945,5.57849325278093,7.35059334920614,7.25104359354645,8.18592052895612,9.28473619746155,10.3511449732705,11.342003569579,13.3008259472963,13.9754776770888,,,14.1364456613646,15.3151951660266,17.0042592509402,17.5022804935316
1089.39999999984,0.055823200491194,1.17736913725265,2.58742774590872,3.41089105873496,4.60363042749281,5.57880321611132,7.35220610881051,7.24224540985819,8.18301239499581,9.27311913415829,10.3441150670791,11.3226029845546,13.2919720245126,13.8942954190536,,,14.1340335967253,15.3034390699226,16.9859285556274,17.4625634162483
1089.99999999984,0.059965934655521,1.17764592945441,2.61181491096377,3.40508601891592,4.57580442423618,5.5791131794417,7.35381886841489,7.23344722616993,8.17987472746033,9.26164361272113,10.3370851608877,11.3032023995302,13.2831181017288,13.8131131610185,,,14.131621532086,15.2916829738185,16.9675978603147,17.4228463389649
1090.59999999984,0.064108668819848,1.17792272165617,2.63620207601882,3.39928097909688,4.54797842097954,5.57942314277209,7.35543162801927,7.22464904248168,8.17658911105136,9.25018482945655,10.3300552546964,11.2838018145058,13.2742641789451,13.7319309029833,,,14.1292094674466,15.2799268777144,16.949267165002,17.3831292616815
1091.19999999984,0.0682514029841753,1.17819951385794,2.66058924107386,3.39347593927784,4.52015241772291,5.57973310610248,7.35704438762364,7.21585085879342,8.17330349464235,9.2388690304766,10.323025348505,11.2644012294814,13.2654102561614,13.6507486449481,,,14.1267974028073,15.2681707816104,16.9309364696893,17.3434121843981
1091.79999999984,0.0723941371485022,1.1784763060597,2.68497640612892,3.3876708994588,4.49232641446627,5.58004306943286,7.35865714722802,7.20705267510517,8.17001787823333,9.22755323149669,10.3159954423136,11.2450006444569,13.2565563333776,13.5695663869129,,,14.124385338168,15.2564146855063,16.9126057743766,17.3036951071148
1092.39999999984,0.0765368713128295,1.17875309826146,2.70936357118397,3.38186585963976,4.46450041120964,5.58035303276325,7.36026990683239,7.1982544914169,8.16675954172109,9.21613190760596,10.3089655361223,11.2256000594325,13.2477024105939,13.4883841288778,,,14.1219732735287,15.2446585894022,16.8942750790639,17.2639780298314
1092.99999999984,0.0806796054771565,1.17902989046323,2.73375073623902,3.37606081982072,4.436674407953,5.58066299609364,7.36188266643677,7.18945630772865,8.16369020043529,9.20459221839947,10.3019356299309,11.2061994744081,13.2388484878101,13.4072018708426,,,14.1195612088894,15.2329024932981,16.8759443837512,17.224260952548
1093.59999999984,0.0848223396414832,1.17930668266499,2.75813790129407,3.37025578000168,4.40884840469637,5.58097295942402,7.36349542604115,7.1806581240404,8.16075611199068,9.19257367313855,10.2949057237395,11.1867988893837,13.2299945650264,13.3260196128074,,,14.1171491442501,15.2211463971941,16.8576136884385,17.1845438752646
1094.19999999984,0.08896507380581,1.17958347486675,2.78252506634912,3.36445074018264,4.38102240143974,5.58128292275441,7.36510818564553,7.17185994035214,8.15704357264585,9.17776690692407,10.2878758175482,11.1673983043593,13.2211406422427,13.2448373547722,,,14.1147370796107,15.20939030109,16.8392829931258,17.1448267979813
1094.79999999984,0.093107807970137,1.17986026706851,2.80691223140417,3.3586457003636,4.3531963981831,5.5815928860848,7.3667209452499,7.16306175666389,8.15404646993689,9.16159363923171,10.2808459113568,11.1479977193349,13.2122867194589,13.1636550967371,,,14.113819744762,15.1934765605344,16.820952297813,17.1051097206979
1095.39999999984,0.0971848529916144,1.17854542353822,2.83129939645922,3.35284066054456,4.32537039492647,5.57979866296593,7.36902355643286,7.15848098197698,8.1502652939187,9.14559166612524,10.2738160051654,11.1302055311911,13.2034327966752,13.0824728387019,,,14.1110839536809,15.1777821198824,16.8026216025003,17.0653926434145
1095.99999999984,0.0999782533523184,1.17392124686862,2.85568656151427,3.34703562072552,4.29511151936732,5.57635211601167,7.35704907777784,7.1501573664026,8.14366476907657,9.1322456565046,10.2649399753024,11.1080517243205,13.1945788738915,13.0012905806667,,,14.1135547038715,15.1651107380581,16.7749687059182,17.018846890498
1096.59999999984,0.0980512912455589,1.16766826717275,2.88007372656932,3.34123058090648,4.27344033617002,5.56416830433109,7.34434549962442,7.1485271548856,8.13722311415086,9.12382129782215,10.269805090233,11.0987684402988,13.1854533039704,13,,,14.1201025422147,15.172400282013,16.7516192630677,17.0046676176121
1097.19999999984,0.0973906426858152,1.16757952343607,2.88208782402217,3.35007505144667,4.26226001802558,5.55893419873521,7.33593170607517,7.15708534300855,8.13104891901319,9.11826519667193,10.2553687928187,11.1134103368934,13.201747510999,13.0747796501658,,,14.1265480415052,15.1823264652762,16.7274548111989,17
1097.79999999984,0.0941357133374456,1.16667324754634,2.88410192146887,3.35891952199089,4.25614996616943,5.54278175698567,7.33374965859346,7.16487527042993,8.12537977897377,9.11696745488835,10.248531619253,11.1283324616393,13.2180417180345,13.1507536376453,,,14.1342148267874,15.1943205347925,16.7237806063097,17.021605128981
1098.39999999984,0.0908386245428315,1.16563187440923,2.88611601891558,3.36776399253511,4.2515148663995,5.53061224713994,7.35702182637159,7.17808808653237,8.1206183706974,9.11744865401853,10.2466618262022,11.1437669464031,13.2343359250701,13.2267276251252,,,14.1430958424832,15.2081751526008,16.7201064014262,17.0432102579691
1098.99999999983,0.0875415357482052,1.16459050127208,2.88813011636228,3.37660846307933,4.24687976662997,5.5184427372953,7.3802939941567,7.1913009026363,8.11845237989134,9.12100225913214,10.2447920331528,11.159201431167,13.2506301321057,13.3027016126051,,,14.1499192691476,15.2186542213097,16.7164321965427,17.0648153869573
1099.59999999983,0.0842444469535794,1.16354912813494,2.89014421380898,3.38545293362355,4.24224466686045,5.50627322745067,7.40356616194183,7.20451371874021,8.11695963472933,9.12615326589807,10.2429222401034,11.174635915931,13.2669243391412,13.378675600085,,,14.1567113231311,15.2291013506837,16.7127579916591,17.0864205159455
1100.19999999983,0.0809473581589534,1.16250775499779,2.89215831125568,3.39429740416776,4.23760956709093,5.49410371760603,7.42683832972695,7.21772653484414,8.1156469631012,9.13203856196821,10.241052447054,11.1900704006949,13.2832185461768,13.4546495875649,,,14.1635033771146,15.2395484800578,16.7090837867756,17.1080256449337
1100.79999999983,0.0776502693643273,1.16146638186064,2.89417240870238,3.40314187471198,4.2329744673214,5.48193420776139,7.45011049751207,7.23093935094806,8.1146090893294,9.13779521488657,10.2391826540046,11.2055048854588,13.2995127532123,13.5306235750448,,,14.1702954310982,15.2499956094318,16.7054095818921,17.1296307739219
1101.39999999983,0.0743531805697014,1.1604250087235,2.89618650614909,3.4119863452562,4.22833936755188,5.46976469791676,7.47338266529719,7.24415216705199,8.11370153005391,9.14329377758724,10.2373128609552,11.2209393702227,13.3158069602479,13.6065975625247,,,14.1770874850817,15.2604427388058,16.7017353770085,17.1512359029101
1101.99999999983,0.0710560917750752,1.15938363558635,2.89820060359579,3.42083081580042,4.22370426778236,5.45759518807212,7.49665483308231,7.25736498315591,8.11279397077846,9.14873460670314,10.2354430679058,11.2363738549867,13.3321011672834,13.6825715500045,,,14.1838795390652,15.2708898681798,16.698061172125,17.1728410318982
1102.59999999983,0.0677590029804492,1.1583422624492,2.90021470104249,3.42967528634464,4.21906916801283,5.44542567822749,7.51992700086744,7.27057779925983,8.11188641150301,9.15417543581901,10.2335732748564,11.2518083397506,13.348395374319,13.7585455374844,,,14.1906715930487,15.2813369975539,16.6943869672415,17.1944461608864
1103.19999999983,0.064461914185823,1.15730088931206,2.90222879848919,3.43851975688886,4.21443406824331,5.43325616838285,7.54319916865256,7.28379061536376,8.11093015173156,9.15973035011953,10.2317034818069,11.2672428245145,13.3646895813546,13.8345195249643,,,14.1974636470322,15.2917841269279,16.6907127623579,17.2160512898746
1103.79999999983,0.0611648253911972,1.15625951617491,2.9042428959359,3.44736422743308,4.20979896847379,5.42108665853822,7.56647133643768,7.29700343146768,8.10988607366895,9.16518221990452,10.2298336887575,11.2826773092784,13.3809837883901,13.9104935124442,,,14.2042557010158,15.3022312563019,16.6870385574744,17.2376564188628
1104.39999999983,0.0578677365965709,1.15521814303776,2.9062569933826,3.45620869797729,4.20516386870426,5.40891714869358,7.5897435042228,7.31021624757161,8.10875706586105,9.1707857483556,10.2279638957081,11.2981117940424,13.3972779954257,13.9864674999241,,,14.2110477549993,15.3126783856759,16.6833643525909,17.259261547851
1104.99999999983,0.054570647801945,1.15417676990062,2.9082710908293,3.46505316852151,4.20052876893474,5.39674763884895,7.61301567200792,7.32342906367553,8.10873681836583,9.17853819166903,10.2260941026587,11.3135462788063,13.4135722024612,14.062441487404,,,14.2178398089828,15.3231255150499,16.6796901477073,17.2808666768392
1105.59999999983,0.0512735590073194,1.15313539676347,2.910285188276,3.47389763906573,4.19589366916522,5.38457812900431,7.63628783979304,7.33664187977945,8.10989797356467,9.19091615263479,10.2242243096093,11.3289807635702,13.4298664094968,14.1384154748838,,,14.2267701777755,15.3359836785194,16.6760159428238,17.3024718058274
1106.19999999983,0.0480280783676175,1.15378748645149,2.9122992857227,3.48274210960995,4.19125856939569,5.37313680234368,7.66068253456825,7.34956912290855,8.11161169095549,9.20316451756677,10.2223545165599,11.3429688898319,13.4461606165324,14.2143894623637,,,14.2309176155293,15.3491982262189,16.6723417379403,17.3240769348155
1106.79999999983,0.045845198160927,1.15726286643908,2.9143133831694,3.49158658015417,4.18689438409764,5.36247716378109,7.679145960144,7.37516952508804,8.11599711101957,9.21942388611216,10.2194233601968,11.3587174662315,13.4624548235679,14.2903634498436,,,14.2329434126423,15.3614228414901,16.6729003763414,17.3527298615678
1107.39999999983,0.0473469845966539,1.16277493992445,2.91632748061611,3.50043105069839,4.19629684138997,5.35885708067475,7.69066431133748,7.38938048322095,8.12065587182743,9.23738861713265,10.2192370289743,11.3676080779801,13.4804331908826,14.3078894124446,,,14.2327800170254,15.3651232421843,16.6806357324842,17.3703964891185
1107.99999999983,0.0502217442158015,1.16645862919321,2.90249783471328,3.51735824613053,4.22290415587456,5.35883452285361,7.69927518950134,7.3975096495158,8.12551653148464,9.25589274125038,10.2636051351268,11.3660212626519,13.5051163947173,14.2889410433966,,,14.2339352244803,15.3644690468298,16.7139094965489,17.3934512670326
1108.59999999983,0.0547655011176085,1.16883384295851,2.88866818880606,3.53428544156493,4.246633496339,5.36733212259712,7.70003933230717,7.40800216966881,8.13136425294867,9.27489489765535,10.3321690868044,11.3670853219309,13.5297995985538,14.2636298421863,,,14.2363375188098,15.366607286092,16.7501098987765,17.4151067203021
1109.19999999983,0.0594943826998078,1.17096601434104,2.87483854289883,3.55121263699932,4.26995227732584,5.37812095750931,7.68614557589447,7.41206926977143,8.13845195405223,9.29602197511741,10.3944995654628,11.3680087313584,13.5544828023904,14.2383186409743,,,14.2346215037482,15.3696419726076,16.7863103010048,17.4367621735711
1109.79999999983,0.0642232642820592,1.17309818572351,2.8610088969916,3.56813983243371,4.29327105831256,5.38890979242215,7.67225181947768,7.41613636987227,8.14666796883962,9.31865529602643,10.4568300441194,11.3689321407858,13.5791660062269,14.2130074397622,,,14.2347095484805,15.3759537666175,16.8225107032332,17.4584176268402
1110.39999999983,0.0689521458643097,1.17523035710598,2.84717925108438,3.58506702786811,4.31658983929928,5.39969862733498,7.65835806306089,7.4202034699731,8.15539697586133,9.34052574571751,10.519160522776,11.3698555502133,13.6038492100635,14.1876962385502,,,14.2353018546366,15.3830000311562,16.8587111054615,17.4800730801093
1110.99999999983,0.0736810274465603,1.17736252848844,2.83334960517715,3.6019942233025,4.33990862028601,5.41048746224781,7.64446430664411,7.42427057007393,8.16399828184169,9.36204737986153,10.5814910014327,11.3707789596407,13.6285324139,14.1623850373381,,,14.2358941607928,15.3900462956952,16.8949115076899,17.5017285333783
1111.59999999983,0.0784099090288112,1.17949469987091,2.81951995926993,3.61892141873689,4.36322740127273,5.42127629716064,7.63057055022733,7.42833767017476,8.1724228087589,9.38358990661249,10.6438214800893,11.3717023690682,13.6532156177366,14.1370738361261,,,14.236486466949,15.3970925602341,16.9311119099182,17.5233839866474
1112.19999999983,0.0831387906110618,1.18162687125338,2.8056903133627,3.63584861417129,4.38654618225945,5.43206513207347,7.61667679381055,7.4324047702756,8.18093983254651,9.40539990169866,10.7061519587459,11.3726257784956,13.6778988215731,14.111762634914,,,14.2370787731052,15.4041388247731,16.9673123121466,17.5450394399164
1112.79999999983,0.0878676721933124,1.18375904263584,2.79186066745547,3.65277580960568,4.40986496324617,5.44285396698631,7.60278303739376,7.43647187037643,8.18945685633414,9.42728881828469,10.7684824374026,11.3735491879231,13.7025820254097,14.086451433702,,,14.2376710792614,15.411185089312,17.0035127143749,17.5666948931855
1113.39999999983,0.0925965537755633,1.18589121401831,2.77803102154825,3.66970300504007,4.43318374423289,5.45364280189914,7.58888928097698,7.44053897047726,8.19797388012177,9.44917773487074,10.8308129160592,11.3744725973506,13.7272652292462,14.0611402324899,,,14.2382633854175,15.418231353851,17.0397131166033,17.5883503464546
1113.99999999983,0.097325435357814,1.18802338540078,2.76420137564102,3.68663020047447,4.45650252521962,5.46443163681197,7.57499552456019,7.44460607057809,8.20657337981828,9.47087356278245,10.8931433947158,11.375396006778,13.7519484330828,14.0358290312779,,,14.2388556915737,15.4252776183899,17.0759135188317,17.6100057997236
1114.59999999983,0.102054316940065,1.19015555678324,2.7503717297338,3.70355739590886,4.47982130620634,5.4752204717248,7.56110176814341,7.44867317067892,8.21502144257376,9.49259550598626,10.9554738733724,11.3763194162055,13.7766316369193,14.0105178300658,,,14.2394479977299,15.4323238829289,17.11211392106,17.6316612529927
1115.19999999983,0.106783198522315,1.19228772816571,2.73654208382657,3.72048459134325,4.50314008719306,5.48600930663763,7.54720801172663,7.45274027077975,8.22380468500286,9.51451936555585,11.0178043520291,11.3772428256329,13.8013148407559,13.9852066288538,,,14.2400403038861,15.4393701474678,17.1483143232884,17.6533167062617
1115.79999999983,0.111512080104566,1.19441989954818,2.72271243791935,3.73741178677764,4.52645886817978,5.49679814155047,7.53331425530985,7.45680737088059,8.23148054546905,9.53575298983382,11.0801348306857,11.3781662350604,13.8259980445924,13.9598954276417,,,14.2406326100423,15.4464164120068,17.1845147255167,17.6749721595308
1116.39999999983,0.116240961686817,1.19655207093064,2.70888279201212,3.75433898221204,4.5497776491665,5.5075869764633,7.51942049889306,7.46087447098142,8.23795084230792,9.55124617755497,11.1424653093423,11.3790896444879,13.850681248429,13.9345842264297,,,14.2434719358346,15.4524928635045,17.2207151277451,17.6966276127999
1116.99999999983,0.120996079026525,1.19801024608056,2.69505314610489,3.77126617764643,4.57309643015323,5.5193536855148,7.50314216980762,7.46063105659891,8.24268843690585,9.56398193207674,11.204795787999,11.379072289245,13.8753644522655,13.9092730252176,,,14.2511740663476,15.4569786620142,17.2569155299734,17.7182830660689
1117.59999999983,0.124862003570665,1.20113380485603,2.68122350019767,3.78819337308082,4.59742551888097,5.52929790149203,7.50211547198661,7.44649819684515,8.24395107613797,9.56809421592847,11.2698040813794,11.3850641593511,13.9000476561021,13.8839618240056,,,14.2557879368475,15.4557699929443,17.2905282281474,17.7274909872181
1118.19999999983,0.127522729780171,1.20448144905403,2.66739385429044,3.80512056851522,4.5807536134524,5.53373405223527,7.49464181543484,7.44768736553634,8.24383123103657,9.56299315878802,11.3172463103095,11.390480051962,13.9270371491944,13.8679325003597,,,14.259453359311,15.4523507214212,17.307655294098,17.7161637321816
1118.79999999983,0.125761577753081,1.20645587815917,2.65102599868365,3.80537388326771,4.54345076139878,5.52212022858438,7.47635135103686,7.45500620829807,8.24256392987933,9.55298417331926,11.3298856476359,11.3914733149306,13.9234604649081,13.841157214607,,,14.258702873223,15.445785245602,17.2596582953364,17.6877398060865
1119.39999999983,0.121829168439958,1.20727182010545,2.63465814307614,3.80562719801553,4.51022272400987,5.50031131704536,7.46729390074424,7.45182997525048,8.23904070575223,9.53601279782814,11.306065349073,11.3878494498656,13.9198837806133,13.8206462799531,,,14.2557747353766,15.433101769385,17.1833225408241,17.6522375108779
1119.99999999983,0.116607863423435,1.2060774209682,2.61829028746864,3.80588051276335,4.47612606394047,5.46820429971566,7.44221040379566,7.44569017009349,8.23150224009636,9.51390886238142,11.2883727579466,11.3828276182433,13.9163070963185,13.8001353453009,,,14.245193426674,15.4168865803069,17.1069867863039,17.6167352156673
1120.59999999983,0.111386558406551,1.20488302183039,2.60192243186113,3.80613382751117,4.44202940387082,5.43609728238307,7.41712690684257,7.43955036493566,8.21971229224772,9.48566948524971,11.2706801668219,11.3778057866207,13.9127304120237,13.7796244106488,,,14.2302032453098,15.3952357287097,17.0306510317837,17.5812329204567
1121.19999999983,0.106165253389666,1.20368862269258,2.58555457625363,3.80638714225899,4.40793274380118,5.40399026505047,7.39204340988948,7.43341055977784,8.20683374956459,9.45758531869282,11.2529875756972,11.372783954998,13.9091537277289,13.7591134759966,,,14.2150532834647,15.3729649102496,16.9543152772634,17.5457306252461
1121.79999999983,0.100943948372781,1.20249422355477,2.56918672064612,3.80664045700681,4.37383608373153,5.37188324771788,7.36695991293639,7.42727075462002,8.1942153207634,9.4301391776597,11.2352949845725,11.3677621233754,13.9055770434341,13.7386025413445,,,14.1999033216196,15.3506940917894,16.8779795227432,17.5102283300355
1122.39999999983,0.0957226433558959,1.20129982441696,2.55281886503861,3.80689377175463,4.33973942366189,5.33977623038528,7.34187641598331,7.42113094946219,8.18170211420525,9.40261618064349,11.2176023934478,11.3627402917527,13.9020003591393,13.7180916066923,,,14.1847533597744,15.3284232733291,16.801643768223,17.4747260348249
1122.99999999983,0.0905013383390116,1.20010542527914,2.53645100943111,3.80714708650245,4.30564276359224,5.30766921305269,7.31679291903022,7.41499114430437,8.16918129209605,9.37483255730879,11.1999098023231,11.3577184601301,13.8984236748445,13.6975806720402,,,14.1696033979293,15.3061524548688,16.7253080137028,17.4392237396143
1123.59999999983,0.0852800333221266,1.19891102614133,2.5200831538236,3.80740040125027,4.2715461035226,5.27556219572009,7.29170942207713,7.40885133914655,8.15666046998685,9.34693799231499,11.1822172111984,11.3526966285074,13.8948469905496,13.677069737388,,,14.1544534360842,15.2838816364085,16.6489722591825,17.4037214444037
1124.19999999983,0.080058728305242,1.19771662700352,2.5037152982161,3.80765371599808,4.23744944345295,5.2434551783875,7.26662592512405,7.40271153398872,8.14413964787765,9.31904342732116,11.1645246200737,11.3476747968847,13.8912703062548,13.6565588027358,,,14.139303474239,15.2616108179483,16.5726365046623,17.368219149193
1124.79999999983,0.0748374232883573,1.19652222786571,2.48734744260859,3.8079070307459,4.20335278338331,5.2113481610549,7.24154242817095,7.39657172883089,8.13157717427011,9.29142515896095,11.146832028949,11.3426529652621,13.88769362196,13.6360478680837,,,14.1241535123939,15.239339999488,16.4963007501421,17.3327168539824
1125.39999999983,0.0696161182714721,1.1953278287279,2.47097958700109,3.80816034549372,4.16925612331366,5.17924114372231,7.21645893121787,7.39043192367307,8.1191283684545,9.26393581112755,11.1291394378243,11.3376311336394,13.8841169376652,13.6155369334315,,,14.1090035505488,15.2170691810277,16.4199649956219,17.2972145587718
1125.99999999983,0.0643948132545877,1.19413342959009,2.45461173139358,3.80841366024154,4.13515946324402,5.14713412638972,7.19137543426478,7.38429211851525,8.10638641072403,9.23638752820108,11.1114468466996,11.3326093020168,13.8805402533704,13.5950259987794,,,14.0938535887036,15.1947983625675,16.3436292411017,17.2617122635612
1126.59999999983,0.0591735082377021,1.19293903045228,2.43824387578608,3.80866697498936,4.10106280317437,5.11502710905712,7.16629193731169,7.37815231335743,8.09397731654615,9.20804229124283,11.0937542555749,11.3275874703941,13.8769635690756,13.5745150641272,,,14.0787036268585,15.1725275441072,16.2672934865815,17.2262099683506
1127.19999999983,0.0539522032208178,1.19174463131447,2.42187602017857,3.80892028973718,4.06696614310473,5.08292009172453,7.14120844035861,7.3720125081996,8.08255676265856,9.1841390520666,11.0760616644502,11.3225656387715,13.8733868847808,13.5540041294751,,,14.0605998252933,15.1522381223721,16.1909577320612,17.19070767314
1127.79999999983,0.0487617892068137,1.19200684324248,2.40550816457106,3.809173604485,4.03286948303508,5.05096317089887,7.11730333851193,7.36411128640884,8.07413272957318,9.16483048346863,11.0583690733255,11.3182599641322,13.869810200486,13.5334931948229,,,14.0504346836922,15.1328721497465,16.114621977541,17.1552053779294
1128.39999999983,0.0451723746880515,1.19377759132365,2.38914030896356,3.80942691923282,4,5.02291229152874,7.08417244566782,7.36925484334775,8.06825632616234,9.15309285147874,11.044478012048,11.3062224343692,13.8662335161912,13.5129822601707,,,14.0405853738692,15.1223906277668,16.0478242319601,17.1351690112256
1128.99999999983,0.0416530815593601,1.19517543762195,2.37277245335605,3.80968023398064,4.00445593280423,5.00536406781759,7.05820152425467,7.36747174558683,8.06345412167038,9.1519503480368,11.0200953442043,11.2949622505938,13.8525622356767,13.5132547872383,,,14.0320904536731,15.120901939444,16,17.1374484146517
1129.59999999983,0.0425378274336251,1.19620828446107,2.40428990132569,3.78713566393163,4.03666264588513,5,7.04612411888044,7.35725212420198,8.05952281769228,9.15348260203317,10.9676934012257,11.2933946798964,13.8555269472061,13.5756909786843,,,14.027217082839,15.1245121907135,16.0263781227978,17.1497224965145
1130.19999999983,0.0452904886852614,1.19667167534315,2.43580734930888,3.76459109387617,4.06431949044627,5.00881540189272,7.03608358565116,7.35519175126732,8.05746738417328,9.16164936326807,10.9438727013172,11.2951331848213,13.8584916587402,13.6353786914043,,,14.0234028566754,15.1325211200736,16.0980488534613,17.1617638968699
1130.79999999983,0.0490460861343907,1.19695228907125,2.46732479729207,3.74204652382071,4.09153722865633,5.02542482416985,7.03070564029591,7.35294839503807,8.05799052471959,9.17227135785263,10.9150515718126,11.2949812207357,13.8614563702743,13.6950664041234,,,14.0305125738341,15.1404412890694,16.1697195841376,17.1738052972253
1131.39999999983,0.0528016835838038,1.1972329027993,2.49884224527526,3.71950195376525,4.11875496686627,5.0420342464492,7.02532769494198,7.35070503880876,8.06140224237838,9.18776225733588,10.8862304423066,11.2948292566497,13.8644210818084,13.7547541168426,,,14.0423589025566,15.148481261127,16.2413903148139,17.1858466975806
1131.99999999983,0.0565572810332172,1.19751351652736,2.53035969325845,3.69695738370979,4.1459727050762,5.05864366872854,7.01994974958804,7.34846168257946,8.06506974378713,9.2018514892099,10.8574093128006,11.2946772925636,13.8673857933425,13.8144418295618,,,14.0532819867407,15.156643554921,16.3130610454902,17.197888097936
1132.59999999983,0.0603128784826311,1.19779413025541,2.56187714124165,3.67441281365432,4.17319044328614,5.07525309100788,7.01457180423411,7.34621832635015,8.06827272548616,9.21592042400415,10.8285881832946,11.2945253284775,13.8703505048766,13.8741295422809,,,14.0642050709246,15.1648058487151,16.3847317761665,17.2099294982914
1133.19999999983,0.0640684759320439,1.19807474398346,2.59339458922484,3.65186824359886,4.20040818149607,5.09186251328722,7.00919385888017,7.34397497012085,8.07140881000928,9.23003086537328,10.7997670537886,11.2943733643914,13.8733152164107,13.9338172550001,,,14.0751281551085,15.1729681425091,16.4564025068428,17.2219708986467
1133.79999999983,0.0678240733814577,1.19835535771151,2.62491203720803,3.6293236735434,4.22762591970601,5.10847193556657,7.00381591352624,7.34173161389154,8.07440369890454,9.24428945203904,10.7709459242825,11.2942214003054,13.8762799279448,13.9935049677193,,,14.0860512392924,15.1811304363032,16.5280732375191,17.2340122990021
1134.39999999983,0.0715796708308706,1.19863597143956,2.65642948519122,3.60677910348794,4.25484365791594,5.12508135784591,6.99843796817231,7.33948825766224,8.07739858779976,9.25859255995671,10.7421247947765,11.2940694362193,13.8792446394789,14.0531926804384,,,14.0969743234763,15.1892927300972,16.5997439681954,17.2460536993574
1134.99999999983,0.0753352682802838,1.19891658516762,2.68794693317441,3.58423453343248,4.28206139612588,5.14169078012525,6.99306002281837,7.33724490143293,8.08039347669498,9.27289566787439,10.7133036652705,11.2939174721332,13.882209351013,14.1128803931576,,,14.1078974076602,15.1974550238913,16.6714146988717,17.2580950997128
1135.59999999983,0.0790908657296973,1.19919719889567,2.7194643811576,3.56168996337702,4.30927913433582,5.15830020240459,6.98768207746443,7.33500154520363,8.08337710293794,9.28692095241851,10.6844825357645,11.2937655080472,13.8851740625471,14.1725681058768,,,14.1188204918441,15.2056173176853,16.743085429548,17.2701365000681
1136.19999999983,0.0828464631791111,1.19947781262372,2.75098182914079,3.53914539332156,4.33649687254575,5.17490962468394,6.9823041321105,7.33275818897432,8.08644940244119,9.30099629662535,10.6556614062585,11.2936135439611,13.8881387740812,14.2322558185959,,,14.129743576028,15.2137796114793,16.8147561602243,17.2821779004235
1136.79999999983,0.0866020606285239,1.19975842635177,2.78249927712398,3.5166008232661,4.36371461075569,5.19151904696328,6.97692618675656,7.33051483274502,8.08958593623499,9.31526303819487,10.6268402767525,11.293461579875,13.8911034856153,14.2919435313151,,,14.1406666602119,15.2219419052734,16.8864268909006,17.2942193007789
1137.39999999983,0.0903576580779371,1.20003904007983,2.81401672510717,3.49405625321064,4.39093234896562,5.20812846924262,6.97154824140263,7.32827147651572,8.09317627308548,9.33031420597875,10.5980191472465,11.2933096157889,13.8940681971494,14.3516312440343,,,14.1515897443958,15.2301041990674,16.9580976215769,17.3062607011342
1137.99999999983,0.0941132555273502,1.20031965380788,2.84553417309036,3.47151168315517,4.41815008717556,5.22473789152196,6.9661702960487,7.32602812028641,8.09500260103985,9.34150693808667,10.5691980177405,11.2931576517029,13.8970329086835,14.4113189567534,,,14.1621681927058,15.2367293229482,17.0297683522532,17.3183021014896
1138.59999999983,0.0977877971353959,1.19958069312611,2.87705162107356,3.44896711309971,4.44536782538549,5.24060961949158,6.96005709080879,7.32986564003497,8.09393640124933,9.3488813184386,10.5403768882344,11.2940504823504,13.8999976202176,14.4710066694726,,,14.1599864412762,15.2418128651071,17.1014390829295,17.3303435018449
1139.19999999983,0.0991587041933408,1.19363690225242,2.90856906905675,3.42642254304425,4.46763451638515,5.25113463786447,6.96068997079627,7.32585688152099,8.09124598667167,9.34981807388924,10.5045935242039,11.2986045965554,13.9029623317517,14.5306943821918,,,14.1573587088846,15.2387622883573,17.1632064582172,17.3326618930617
1139.79999999983,0.100465687012659,1.1881277978544,2.94008651703994,3.40387797298879,4.46730213099061,5.25822618708045,6.95828505565974,7.31434893238833,8.08860143816863,9.34255892470627,10.4715198126035,11.2949907058455,13.9011681556746,14.5451554677184,,,14.1537263137184,15.2291088972204,17.1871778272022,17.3375630777904
1140.39999999983,0.0987358155979964,1.18468185256086,2.91581938558111,3.43120829498933,4.44809701354075,5.2637649595257,6.94483394819952,7.30793651971587,8.0859940227273,9.33527766401938,10.5047467032593,11.2828389320088,13.8632666930723,14.4922321725998,,,14.1495352515637,15.2134031831745,17.1705033847167,17.3358273009086
1140.99999999983,0.0934618008493347,1.18057253966092,2.89155225410634,3.45853861700411,4.43078980828314,5.26111221831514,6.9167794100993,7.30129735095472,8.0824727819594,9.32532078074684,10.5187526956717,11.2675421044377,13.8253652304598,14.4383109213054,,,14.1479268894065,15.1942902881772,17.1186892305227,17.3398994509584
1141.59999999983,0.0892976977205994,1.17857706301641,2.86728512263157,3.4858689390189,4.41632242368225,5.2582887029992,6.89624829054855,7.30256459830993,8.07883277612463,9.31585529916807,10.5377075424751,11.2565949201869,13.7874637678473,14.3843896700106,,,14.1423589555488,15.1777656622393,17.0668750763186,17.34397160101
1142.19999999983,0.0851335945921829,1.1765815863725,2.8430179911568,3.51319926103369,4.40185503908218,5.25546518768322,6.87571717099995,7.30383184566741,8.07293822403629,9.30251200226987,10.55666238928,11.2456477359373,13.7495623052348,14.3304684187159,,,14.1339554850307,15.1651255224407,17.0150609221145,17.3480437510615
1142.79999999983,0.080969491463765,1.1745861097286,2.81875085968203,3.54052958304848,4.3873876544821,5.25264167236724,6.85518605145136,7.30509909302488,8.06705467521251,9.28866346624462,10.5756172360849,11.2347005516878,13.7116608426222,14.2765471674212,,,14.1263333230209,15.1522759006289,16.9632467679104,17.352115901113
1143.39999999983,0.0768053883353478,1.1725906330847,2.79448372820726,3.56785990506326,4.37292026988203,5.24981815705125,6.83465493190276,7.30636634038235,8.06122619390844,9.27384480013746,10.5945720828897,11.2237533674382,13.6737593800097,14.2226259161265,,,14.1187111610114,15.139426278817,16.9114326137063,17.3561880511645
1143.99999999983,0.0726412852069307,1.17059515644079,2.77021659673249,3.59519022707805,4.35845288528196,5.24699464173526,6.81412381235416,7.30763358773982,8.05536859517812,9.2592726669605,10.6135269296946,11.2128061831886,13.6358579173972,14.1687046648317,,,14.1110889990018,15.1265766570052,16.8596184595022,17.360260201216
1144.59999999983,0.0684771820785134,1.16859967979689,2.74594946525772,3.62252054909284,4.34398550068188,5.24417112641928,6.79359269280556,7.30890083509729,8.04936950106011,9.24475542769493,10.6324817764994,11.201858998939,13.5979564547846,14.114783413537,,,14.1034668369922,15.1137270351933,16.8078043052981,17.3643323512675
1145.19999999983,0.0643130789500963,1.16660420315299,2.72168233378295,3.64985087110762,4.32951811608181,5.24134761110329,6.77306157325696,7.31016808245477,8.04337040694207,9.23020610442603,10.6514366233043,11.1909118146895,13.5600549921721,14.0608621622423,,,14.0958446749827,15.1008774133815,16.755990151094,17.3684045013191
1145.79999999983,0.0601489758216791,1.16460872650908,2.69741520230818,3.67718119312241,4.31505073148174,5.23852409578731,6.75253045370837,7.31143532981225,8.03737131282403,9.21565678115713,10.6703914701092,11.1799646304399,13.5221535295596,14.0069409109476,,,14.0882225129731,15.0880277915696,16.7041759968899,17.3724766513706
1146.39999999983,0.0559848726932612,1.16261324986518,2.67314807083341,3.7045115151372,4.30058334688166,5.23570058047132,6.73199933415977,7.31270257716972,8.03139766368348,9.2010535830403,10.689346316914,11.1690174461903,13.484252066947,13.9530196596529,,,14.0806003509635,15.0751781697578,16.6523618426858,17.3765488014221
1146.99999999983,0.0518207695648439,1.16061777322128,2.64888093935864,3.73184183715199,4.28611596228159,5.23287706515534,6.71146821461117,7.31396982452719,8.02538141363264,9.18639890255881,10.7083011637189,11.1580702619408,13.4463506043345,13.8990984083581,,,14.0729781889539,15.0623285479459,16.6005476884817,17.3806209514736
1147.59999999983,0.0476566664364268,1.15862229657737,2.62461380788387,3.75917215916677,4.27164857768152,5.23005354983935,6.69093709506257,7.31523707188466,8.01939795600945,9.17142175196042,10.7272560105237,11.1471230776912,13.408449141722,13.8451771570634,,,14.0653560269444,15.0494789261341,16.5487335342776,17.3846931015251
1148.19999999983,0.0434925633080095,1.15662681993347,2.6003466764091,3.78650248118156,4.25718119308144,5.22723003452337,6.67040597551397,7.31650431924213,8.01313924962648,9.15635744491839,10.7462108573286,11.1361758934416,13.3705476791094,13.7912559057687,,,14.0577338649348,15.0366293043222,16.4969193800735,17.3887652515767
1148.79999999983,0.0393284601795921,1.15463134328957,2.57607954493433,3.81383280319635,4.24271380848137,5.22440651920738,6.64987485596538,7.31777156659961,8.00884679573915,9.14388091326983,10.7651657041335,11.125228709192,13.3326462164969,13.737334654474,,,14.0506842787401,15.0239118513958,16.4451052258694,17.3928374016282
1149.39999999983,0.0351953544981267,1.15143240275929,2.55181241345956,3.84116312521113,4.2282464238813,5.22105763384348,6.63046989187162,7.31375170682164,8.00572593283192,9.1325097903635,10.7841205509383,11.1147225802703,13.2947447538844,13.6834134031792,,,14.0461950061784,15.0114409236515,16.3932910716653,17.3969095516797
1149.99999999983,0.0323268124025234,1.14539175225695,2.52754528198479,3.86849344722592,4.21679462415409,5.22270888433202,6.60973934171568,7.30097427006782,8.00454518484433,9.1258730572505,10.7983442190008,11.1022675948358,13.2568432912718,13.6294921518845,,,14.0415668899616,15.0046436726398,16.3529918549395,17.4067700418381
1150.59999999983,0.0279160357111686,1.1372785005368,2.50327815051002,3.89582376924071,4.22858673346881,5.23304970339629,6.59017026519478,7.29685507436289,8.00335613396752,9.12386779901902,10.8277076911071,11.1000600199604,13.2268562651444,13.6388049410873,,,14.0407781574556,15,16.3566984773579,17.4158735277944
1151.19999999983,0.0256380127833617,1.12712697154959,2.51203507504125,3.86282624893832,4.23663443131927,5.25011738125153,6.57826082937465,7.28950750707588,8.00192868536229,9.12272119148436,10.806465364702,11.1038345264876,13.2429885288093,13.6810222564542,,,14.0393586811744,15.0041134992391,16.3852622986071,17.424104820775
1151.79999999983,0.0278714906150088,1.12568599833062,2.52079199958202,3.82982872861852,4.24686547468481,5.26838384061629,6.584611250586,7.27998281869096,8.00065251173327,9.12229625602201,10.789771277123,11.1105387753904,13.2591207924877,13.7256914997302,,,14.0325707046885,15.0152932774197,16.4206658088392,17.4252277769522
1152.39999999983,0.0282153578268722,1.1248364639078,2.52954892412279,3.79683120829871,4.25353940877506,5.28545456892557,6.60100569383939,7.25938671094737,8,9.12283176440734,10.7703010635907,11.1213740632038,13.275253056166,13.7703607430069,,,14.0326392351072,15.0264432998164,16.4560693190734,17.4263507331274
1152.99999999983,0.0285592250381902,1.12398692948516,2.53830584866355,3.7638336879789,4.26021334286428,5.30252529723451,6.61740013709568,7.23879060320057,8.00252078813117,9.12866159154066,10.7508308500576,11.1322093510184,13.2913853198443,13.8150299862836,,,14.0342753206373,15.0393737704069,16.4914728293075,17.4274736893025
1153.59999999983,0.0289030922495075,1.12313739506251,2.54706277320432,3.73083616765909,4.2668872769535,5.31959602554344,6.63379458035197,7.21819449545376,8.00569069100151,9.13771924426303,10.7313606365245,11.1430446388329,13.3075175835226,13.8596992295604,,,14.0357632667331,15.0523076216783,16.5268763395416,17.4285966454777
1154.19999999983,0.0292469594608259,1.12228786063986,2.55581969774509,3.69783864733929,4.27356121104272,5.33666675385237,6.65018902360826,7.19759838770697,8.00940197375918,9.14748210787148,10.7118904229914,11.1538799266475,13.3236498472009,13.9043684728371,,,14.0372512128288,15.0652414729497,16.5622798497757,17.4297196016528
1154.79999999983,0.0295908266721432,1.12143832621721,2.56457662228585,3.66484112701948,4.28023514513194,5.35373748216131,6.66658346686456,7.17700227996017,8.01315750647973,9.1570321722384,10.6924202094583,11.1647152144621,13.3397821108792,13.9490377161138,,,14.0387391589246,15.0781753242211,16.5976833600099,17.430842557828
1155.39999999983,0.029934693883461,1.12058879179456,2.57333354682662,3.63184360669967,4.28690907922117,5.37080821047024,6.68297791012085,7.15640617221337,8.01705923773837,9.16633380973908,10.6729499959252,11.1755505022766,13.3559143745575,13.9937069593905,,,14.0402271050204,15.0911091754925,16.633086870244,17.4319655140031
1155.99999999983,0.030278561094779,1.11973925737191,2.58209047136739,3.59884608637987,4.29358301331039,5.38787893877918,6.69937235337714,7.13581006446657,8.02096096899705,9.17556167114252,10.6534797823921,11.1863857900912,13.3720466382358,14.0383762026672,,,14.0417150511161,15.1040430267638,16.6684903804781,17.4330884701783
1156.59999999983,0.0306224283060963,1.11888972294926,2.59084739590815,3.56584856606006,4.30025694739961,5.40494966708811,6.71576679663343,7.11521395671977,8.02486270025573,9.18478953254594,10.634009568859,11.1972210779057,13.3881789019141,14.0830454459439,,,14.0432029972119,15.1169768780352,16.7038938907122,17.4342114263534
1157.19999999983,0.0309662955174141,1.11804018852662,2.59960432044892,3.53285104574025,4.30693088148883,5.42202039539704,6.73216123988972,7.09461784897297,8.02877383420523,9.19413698190014,10.6145393553258,11.2080563657203,13.4043111655924,14.1277146892206,,,14.0446909433076,15.1299107293066,16.7392974009464,17.4353343825286
1157.79999999983,0.031310162728732,1.11719065410397,2.60836124498969,3.49985352542044,4.31360481557806,5.43909112370598,6.74855568314601,7.07402174122618,8.03266077285735,9.20326909685481,10.5950691417928,11.2188916535349,13.4204434292707,14.1723839324974,,,14.0461788894034,15.142844580578,16.7747009111805,17.4364573387037
1158.39999999983,0.0316540299400495,1.11634111968132,2.61711816953045,3.46685600510064,4.32027874966728,5.45616185201491,6.7649501264023,7.05342563347937,8.03644639257445,9.21206872074216,10.5755989282596,11.2297269413494,13.436575692949,14.2170531757741,,,14.0476668354991,15.1557784318494,16.8101044214146,17.4375802948789
1158.99999999983,0.0319978971513672,1.11549158525867,2.62587509407122,3.43385848478083,4.3269526837565,5.47323258032385,6.78134456965859,7.03282952573258,8.03983647849436,9.22069129420644,10.5561287147265,11.240562229164,13.4527079566273,14.2617224190508,,,14.0491547815949,15.1687122831208,16.8455079316487,17.4387032510541
1159.59999999983,0.0323417643626852,1.11464205083602,2.63463201861199,3.40086096446102,4.33362661784572,5.49030330863278,6.79773901291488,7.01223341798578,8.04166530334561,9.22845265133647,10.5366585011934,11.2513975169786,13.4688402203056,14.3063916623275,,,14.0500659477259,15.1817520092535,16.8809114418829,17.4398262072292
1160.19999999983,0.0326844666519942,1.11567888609224,2.64338894315275,3.36786344414122,4.34030055193494,5.50756207817579,6.812273116277,7,8.0431463787635,9.23499448366094,10.5171882876603,11.2586042117445,13.4849724839839,14.3510609056042,,,14.0577926674701,15.19756898712,16.916314952117,17.4409491634044
1160.79999999983,0.0331228946867411,1.12568533404337,2.65214586769352,3.33486592382141,4.34821201529866,5.52139405656304,6.83346406562992,7.01082383620171,8.04380928012444,9.23983651384671,10.511485848872,11.2685858169228,13.5011047476622,14.395730148881,,,14.0717920504885,15.2128652129242,16.9431817952788,17.4367652022082
1161.39999999983,0.0387678813629083,1.14257586268662,2.66090279223429,3.3018684035016,4.33908533870283,5.51830381007076,6.86140530289898,7.02245261349662,8.044132375664,9.24700923557496,10.4966325973614,11.2782204297005,13.5118203334077,14.4084661760433,,,14.0818615592755,15.2320032599671,16.9441005747676,17.4340429739137
1161.99999999983,0.0454437525215315,1.16239916067427,2.69821939277206,3.33235917184619,4.35218367914898,5.50802817291805,6.88572090440828,7.0388957286905,8.04487751176736,9.25616524559536,10.516657747492,11.2886570112574,13.5225147037852,14.4011684476665,,,14.0932323949403,15.25324632974,16.9327450421462,17.4397471078065
1162.59999999983,0.0501371267528813,1.17558295642981,2.73553599331816,3.36284994020929,4.35616458154081,5.50188754276827,6.90589953216536,7.0609596636437,8.04637046571942,9.26760683186927,10.5495887300635,11.2990491889615,13.5332090741627,14.3917846937606,,,14.1091698369051,15.2682464185323,16.923512219532,17.4534871660893
1163.19999999983,0.0545112798930122,1.1869366070317,2.77285259386425,3.39334070857238,4.36277368024458,5.49526403136663,6.90737692418509,7.09261134547726,8.04733439581329,9.27906627968715,10.5809084256972,11.3038042552553,13.5439034445402,14.3824009398541,,,14.1142856537007,15.2817727338956,16.9142793969184,17.4672272243745
1163.79999999983,0.058885433033051,1.19829025763305,2.81016919441035,3.42383147693548,4.36938277894911,5.48864051996485,6.90885431619937,7.12426302731362,8.04723843912287,9.28684011487965,10.6122281213304,11.3085593215476,13.5545978149176,14.3730171859476,,,14.1187545634453,15.2907112531531,16.9050465743047,17.4809672826597
1164.39999999983,0.0632595861730895,1.2096439082344,2.84748579495645,3.45432224529857,4.37599187765365,5.48201700856307,6.91033170821365,7.15591470914998,8.0464843569505,9.29209954690527,10.6435478169636,11.3133143878398,13.5652921852951,14.363633432041,,,14.1227007920567,15.2998359690095,16.8958137516911,17.4947073409449
1164.99999999982,0.0676337393131275,1.22099755883575,2.88480239550255,3.48481301366167,4.38260097635819,5.47539349716128,6.91180910022793,7.18756639098634,8.04537863428248,9.29663693336504,10.6748675125968,11.318069454132,13.5759865556726,14.3542496781345,,,14.126647020668,15.3089606848659,16.8865809290775,17.5084473992301
1165.59999999982,0.0720078924531656,1.23235120943711,2.92211899604864,3.51530378202476,4.38921007506273,5.4687699857595,6.9132864922422,7.2192180728227,8.04428433480487,9.30113396837421,10.70618720823,11.3228245204242,13.58668092605,14.344865924228,,,14.1305932492792,15.3180854007223,16.8773481064638,17.5221874575153
1166.19999999982,0.0763820455932041,1.24370486003846,2.95943559659474,3.54579455038786,4.39581917376726,5.46214647435772,6.91476388425648,7.25086975465906,8.04338599278157,9.30567927264979,10.7375069038632,11.3275795867164,13.5973752964275,14.3354821703214,,,14.1345394778905,15.3272101165787,16.8681152838502,17.5359275158004
1166.79999999982,0.0807561987332422,1.25505851063981,2.99675219714084,3.57628531875095,4.4024282724718,5.45552296295594,6.91624127627076,7.28252143649542,8.04248765075834,9.3104586301041,10.7688265994964,11.3323346530086,13.608069666805,14.3260984164149,,,14.1384857065018,15.3363348324351,16.8588824612366,17.5496675740856
1167.39999999982,0.0851303518732807,1.26641216124117,3.03406879768694,3.60677608711405,4.40903737117634,5.44889945155416,6.91771866828503,7.31417311833178,8.04158930873511,9.31523798755848,10.8001462951296,11.3370897193008,13.6187640371825,14.3167146625084,,,14.1424319351131,15.3454595482915,16.8496496386229,17.5634076323708
1167.99999999982,0.0895045050133187,1.27776581184252,3.07138539823303,3.63726685547714,4.41564646988088,5.44227594015238,6.91919606029931,7.34582480016814,8.04069432221613,9.32003154400674,10.8314659907628,11.341844785593,13.6294584075599,14.3073309086019,,,14.1463781637243,15.3545842641479,16.8404168160093,17.577147690656
1168.59999999982,0.0938786581533569,1.28911946244387,3.10870199877913,3.66775762384023,4.42225556858541,5.43565242875059,6.92067345231359,7.3774764820045,8.03992608429753,9.32499867971533,10.862785686396,11.3465998518853,13.6401527779374,14.2979471546953,,,14.1503243923356,15.3637089800044,16.8311839933956,17.5908877489412
1169.19999999982,0.0982528112933946,1.30047311304522,3.14601859932523,3.69824839220333,4.42886466728995,5.42902891734881,6.92215084432787,7.40912816384086,8.03925258831594,9.33047926395374,10.8941053820293,11.3513549181775,13.6508471483149,14.2885634007888,,,14.1542706209469,15.3728336958608,16.821951170782,17.6046278072263
1169.79999999982,0.102626964433433,1.31182676364658,3.18333519987132,3.72873916056642,4.43547376599449,5.42240540594703,6.92362823634214,7.44077984567722,8.03898163862419,9.3360687971512,10.9254250776625,11.3561099844697,13.6615415186923,14.2791796468823,,,14.1582168495581,15.3819584117172,16.8127183481684,17.6183678655115
1170.39999999982,0.107001117573472,1.32318041424793,3.22065180041742,3.75922992892952,4.44208286469903,5.41578189454525,6.92510562835642,7.47243152751358,8.03964737507317,9.3392255321579,10.9567447732957,11.3608650507619,13.6722358890698,14.2697958929757,,,14.1626074309506,15.3926604716736,16.8034855255547,17.6321079237967
1170.99999999982,0.111406223661472,1.33375449488796,3.25796840096352,3.78972069729261,4.44869196340356,5.4100536848994,6.92821176570567,7.48798069959556,8.04260965041757,9.34428329158331,10.9880644689289,11.3668712428135,13.6829302594473,14.2604121390692,,,14.1598109621218,15.4036523825217,16.7942527029411,17.6458479820819
1171.59999999982,0.116818402400238,1.33977991396506,3.29528500150962,3.82021146565571,4.45522512689659,5.40755467587003,6.90876491818411,7.48676274479993,8.04422289257501,9.34760371675212,11.0154326423791,11.3667816519387,13.6936246298248,14.2510283851627,,,14.1511696650772,15.410840799674,16.7833803405964,17.6630136011894
1172.19999999982,0.124021471413701,1.3432563027745,3.33260160205571,3.8507022340188,4.48492534540391,5.42547766948789,6.88868681798319,7.4833558753615,8.0466508544779,9.34660315743006,11.0665147290049,11.3678676955918,13.7199346322392,14.2211829420837,,,14.1451673639296,15.4159558105512,16.7760349164678,17.6710401662413
1172.79999999982,0.126822355453989,1.34409344060029,3.27625853537427,3.84047914780938,4.48459167867843,5.44879601673727,6.87821493609126,7.48067117960219,8.0487400770078,9.34058104518764,11.0929725109141,11.3628097370114,13.7082930951538,14.2343442516328,,,14.1370064409882,15.4102152426836,16.7603250268709,17.678013512356
1173.39999999982,0.131205807402181,1.3425539494122,3.21991546866528,3.830256061588,4.49398184543181,5.46131445940021,6.856682040052,7.4749077727243,8.04999304772046,9.33059216805984,11.1018849642447,11.3597767076399,13.6966515580573,14.248666037525,,,14.1259593803196,15.4058683833948,16.7463183392737,17.6815181398745
1173.99999999982,0.137667707605946,1.34154182285473,3.1635724019563,3.82003297536661,4.50179798133897,5.47214700814635,6.85091151051206,7.46105355483194,8.05077278678142,9.31549270250296,11.1070265215008,11.353646149291,13.6850100209607,14.2629878234175,,,14.1205254191186,15.4004526681846,16.7323116516771,17.685022767392
1174.59999999982,0.144129607810324,1.34052969629742,3.10722933524731,3.80980988914522,4.50961411724568,5.482979556892,6.84514098097676,7.4471993369372,8.05127089876729,9.29959131091031,11.1121680787558,11.3475155909412,13.6733684838642,14.27730960931,,,14.1133482411631,15.399750600859,16.7183049640805,17.6885273949095
1175.19999999982,0.150591508014702,1.33951756974011,3.05088626853833,3.79958680292383,4.51743025315239,5.49381210563764,6.83937045144145,7.43334511904246,8.05166123214298,9.28162932537048,11.1173096360108,11.3413850325914,13.6617269467677,14.2916313952025,,,14.1075977974216,15.3991957306578,16.7042982764839,17.692032022427
1175.79999999982,0.15705340821908,1.33850544318279,2.99454320182934,3.78936371670244,4.52524638905909,5.50464465438329,6.83359992190615,7.41949090114772,8.05170556647967,9.26411735061718,11.1224511932658,11.3352544742416,13.6500854096711,14.305953181095,,,14.1018473536804,15.3986408604566,16.6902915888873,17.6955366499445
1176.39999999982,0.163515308423457,1.33749331662548,2.93820013512035,3.77914063048105,4.5330625249658,5.51547720312893,6.82782939237085,7.40563668325298,8.05175947972726,9.24648524678444,11.1275927505208,11.3291239158918,13.6384438725746,14.3202749669875,,,14.0960969099393,15.3980859902555,16.6762849012907,17.699041277462
1176.99999999982,0.169977208627835,1.33648119006817,2.88185706841137,3.76891754425966,4.54087866087251,5.52630975187458,6.82205886283555,7.39178246535824,8.05153022215812,9.22908753159013,11.1327343077758,11.322993357542,13.6268023354781,14.33459675288,,,14.0903464661981,15.3975311200543,16.6622782136941,17.7025459049795
1177.59999999982,0.176439108832212,1.33546906351086,2.82551400170238,3.75869445803827,4.54869479677921,5.53714230062023,6.81628833330024,7.37792824746351,8.05130096458891,9.21151955156194,11.1378758650308,11.3168627991922,13.6151607983816,14.3489185387726,,,14.084596022457,15.3969762498531,16.6482715260975,17.706050532497
1178.19999999982,0.182901009036591,1.33445693695355,2.7691709349934,3.74847137181688,4.55651093268592,5.54797484936587,6.81051780376494,7.36407402956877,8.05107170701969,9.19395157153371,11.1430174222858,11.3107322408424,13.603519261285,14.3632403246651,,,14.0788455787158,15.3964213796519,16.6342648385009,17.7095551600145
1178.79999999982,0.189362909240968,1.33344481039623,2.71282786828441,3.73824828559549,4.56432706859262,5.55880739811152,6.80474727422964,7.35021981167403,8.0507902716639,9.17662736131372,11.1481589795408,11.3046016824926,13.5918777241885,14.3775621105576,,,14.0730951349747,15.3958665094507,16.6202581509042,17.713059787532
1179.39999999982,0.195824809445346,1.33243268383892,2.65648480157542,3.7280251993741,4.57214320449933,5.56963994685717,6.79897674469434,7.33636559377929,8.05021995894422,9.1592649107678,11.1533005367958,11.2984711241428,13.580236187092,14.3918838964501,,,14.0673446912336,15.3953116392496,16.6062514633076,17.7165644150495
1179.99999999982,0.202286709649723,1.33142055728161,2.60014173486644,3.71780211315271,4.57995934040604,5.58047249560281,6.79320621515904,7.32251137588455,8.04966697188771,9.1422211434936,11.1584420940508,11.292340565793,13.5685946499954,14.4062056823426,,,14.0615942474924,15.3947567690484,16.592244775711,17.720069042567
1180.59999999982,0.208748609854101,1.3304084307243,2.54379866815745,3.70757902693132,4.58777547631274,5.59130504434846,6.78743568562373,7.30865715798982,8.04905839047473,9.12502127853981,11.1635836513058,11.2862100074432,13.5569531128989,14.4205274682351,,,14.0558438037513,15.3942018988472,16.5782380881144,17.7235736700845
1181.19999999982,0.215210510058478,1.32939630416699,2.48745560144846,3.69735594070993,4.59559161221945,5.6021375930941,6.78166515608843,7.29480294009507,8.04848491171673,9.11044985904029,11.1687252085608,11.2800794490934,13.5453115758024,14.4348492541276,,,14.0513217089121,15.3920048705225,16.5642314005178,17.727078297602
1181.79999999982,0.221596233596349,1.32715891291278,2.43111253473948,3.68713285448854,4.60340774812616,5.61102479638877,6.77507891549034,7.28222247562829,8.04520785548477,9.09536192686369,11.1738667658158,11.2762497979467,13.5336700387058,14.4491710400201,,,14.0477493908376,15.3886414438334,16.5502247129212,17.7305829251195
1182.39999999982,0.225488168678544,1.32495101629126,2.37476946803049,3.67690976826716,4.60867478863074,5.61612576248246,6.79080746611904,7.27123511155067,8.04449491227247,9.08293494545284,11.1804994006967,11.2799875739069,13.5220285016093,14.4634928259126,,,14.0471686108514,15.3891489471961,16.5396539947398,17.7309925103513
1182.99999999982,0.216431734735937,1.31376267076899,2.31842640132151,3.66668668204577,4.57705190129105,5.5972618864381,6.7944755951281,7.25623302721753,8.04297723595572,9.07052146973376,11.1562250300354,11.2781627045407,13.4963178162653,14.5049035084784,,,14.044162886949,15.3789244080937,16.5410306374111,17.7264424637162
1183.59999999982,0.210182678333235,1.30202220945688,2.39276837315713,3.63733586480772,4.55635427183623,5.56498240357613,6.7882695013354,7.23646754750239,8.04135200823793,9.06059213626999,11.13113207649,11.281774297702,13.4949374033684,14.494799684456,,,14.0426448363021,15.375509979354,16.5466795204862,17.7098465394614
1184.19999999982,0.201093771517101,1.29537792309412,2.46711034503153,3.607985047564,4.53058207529872,5.54433430825374,6.79153856929179,7.21659305631799,8.04082179410548,9.05179083321769,11.1195082957827,11.2780684637462,13.4935569904787,14.4852601885081,,,14.0422554702822,15.3708317487343,16.5591724352001,17.6855847001575
1184.79999999982,0.190408485004876,1.28923933950789,2.54145231690593,3.57863423032028,4.50508981998972,5.53006337879866,6.78895366084179,7.20158053079028,8.04084319129427,9.0464132531697,11.1132386178765,11.2786529328378,13.492176577589,14.4757206925603,,,14.0375366699799,15.3674604125374,16.5716653499161,17.6613228608515
1185.39999999982,0.179723198492178,1.28310075592181,2.61579428878033,3.54928341307656,4.4795975646808,5.51579244934547,6.78636875239007,7.18656800526403,8.03956171079462,9.04064665646654,11.1069689399719,11.2792374019308,13.4907961646993,14.4661811966125,,,14.035452928356,15.3599146774473,16.584158264632,17.6370610215454
1185.99999999982,0.169037911979479,1.27696217233573,2.69013626065473,3.51993259583284,4.45410530937189,5.50152151989228,6.78378384393834,7.17155547973777,8.03840837699304,9.03830687916626,11.1006992620672,11.2798218710237,13.4894157518095,14.4566417006648,,,14.0327458368106,15.3519550852621,16.5966511793479,17.6127991822393
1186.59999999982,0.158352625466781,1.27082358874965,2.76447823252914,3.49058177858912,4.42861305406297,5.48725059043909,6.7811989354866,7.15654295421151,8.03787467679038,9.0354889699828,11.0944295841626,11.2804063401166,13.4880353389198,14.447102204717,,,14.030038745265,15.3439954930768,16.6091440940639,17.5885373429332
1187.19999999982,0.147667338954082,1.26468500516357,2.83882020440354,3.4612309613454,4.40312079875405,5.4729796609859,6.77861402703487,7.14153042868526,8.03728578669961,9.03290276571155,11.088159906258,11.2809908092095,13.4866549260301,14.4375627087692,,,14.0273316537195,15.3360359008915,16.6216370087798,17.5642755036271
1187.79999999982,0.136982052441383,1.25854642157749,2.91316217627794,3.43188014410168,4.37762854344513,5.45870873153271,6.77602911858314,7.126517903159,8.03694155265265,9.03039719376051,11.0818902283533,11.2815752783025,13.4852745131404,14.4280232128215,,,14.0246245621739,15.3280763087062,16.6341299234958,17.540013664321
1188.39999999982,0.126296765928685,1.25240783799141,2.98750414815234,3.40252932685796,4.35213628813622,5.44443780207952,6.77344421013141,7.11150537763274,8.03659731860578,9.02791809708765,11.0756205504487,11.2821597473954,13.4838941002507,14.4184837168737,,,14.0219174706283,15.3201167165209,16.6466228382117,17.5157518250149
1188.99999999982,0.115611479415986,1.24626925440533,3.06184612002674,3.37317850961424,4.3266440328273,5.43016687262633,6.77085930167968,7.09649285210648,8.03625308455889,9.02543900041479,11.069350872544,11.2827442164883,13.482513687361,14.408944220926,,,14.0192103790828,15.3121571243355,16.6591157529277,17.4914899857088
1189.59999999982,0.104926192903288,1.24013067081925,3.13618809190114,3.34382769237052,4.30115177751838,5.41589594317314,6.76827439322794,7.08148032658022,8.03597548971785,9.02258579040548,11.0630811946394,11.2833286855813,13.4811332744712,14.3994047249782,,,14.0165032875372,15.3041975321502,16.6716086676436,17.4672281464027
1190.19999999982,0.0942409063905891,1.23399208723318,3.21053006377554,3.3144768751268,4.27565952220947,5.40162501371995,6.76568948477621,7.06646780105396,8.03606386591498,9.01993383596024,11.0568115167347,11.2839131546742,13.4797528615815,14.3898652290304,,,14.0137961959916,15.2962379399649,16.6841015823595,17.4429663070966
1190.79999999982,0.0835556198778911,1.2278535036471,3.28487203564994,3.28512605788308,4.25016726690055,5.38735408426676,6.76310457632448,7.0514552755277,8.03604947726707,9.01727481590482,11.0505418388301,11.2844976237671,13.4783724486918,14.3803257330827,,,14.0110891044461,15.2882783477796,16.6965944970755,17.4187044677905
1191.39999999982,0.0728703333651919,1.22171492006102,3.35921400752435,3.25577524063936,4.22467501159163,5.37308315481357,6.76051966787275,7.03644275000145,8.03701551819523,9.01537321080161,11.0442721609255,11.2850820928601,13.4769920358021,14.3707862371349,,,14.0083820129005,15.2803187555942,16.7090874117914,17.3944426284845
1191.99999999982,0.0621850468524934,1.21557633647494,3.43355597939875,3.22642442339564,4.19918275628271,5.35881222536038,6.75793475942102,7.02143022447519,8.03815480798387,9.01393622326401,11.0380024830208,11.285666561953,13.4756116229124,14.3612467411872,,,14.0055515395898,15.2720016725371,16.7215803265074,17.3701807891784
1192.59999999982,0.0515522673422382,1.21120988449467,3.50789795127315,3.19707360615192,4.1736905009738,5.35150412898877,6.7559791194124,7.02969134934129,8.03890398029054,9.0119998030986,11.0317328051162,11.2847601347781,13.4742312100227,14.3517072452394,,,14.0060994587866,15.2632478043922,16.7340732412233,17.3459189498723
1193.19999999982,0.0423548487454908,1.20538841301666,3.58223992314755,3.1677227889082,4.14921908114044,5.34862805295527,6.74793870754412,7.03952793460021,8.03857229119704,9.00879331242839,11.0128594567979,11.2856674034263,13.4728507971329,14.3421677492916,,,14.004716863352,15.2535172516632,16.7517594113582,17.3230472078927
1193.79999999982,0.0418868982563201,1.2048333364368,3.65658189502195,3.13837197166448,4.14553942990149,5.35240879523478,6.74574015860755,7.05103774976613,8.03802763050991,9.00678853505737,10.9889418458043,11.2888640801563,13.4829937300115,14.3240126313485,,,14.0035234980648,15.2544591525058,16.7666376483462,17.3017763187799
1194.39999999982,0.043105024185833,1.20472248806379,3.61042242411538,3.12299730814249,4.1527460166736,5.36525685775233,6.74545944310329,7.06326448518545,8.03730219856775,9.00437312581281,10.9847307550914,11.2808101169456,13.5220932344416,14.3416532579167,,,14.0012569392873,15.2550112606908,16.7729750718242,17.3040628152499
1194.99999999982,0.0449582956112766,1.20004776193285,3.56426295317273,3.10762264462468,4.16064452450387,5.37182739800342,6.74413154176999,7.06952967373343,8.03487650362679,9.00212974920018,10.9643085090968,11.274619461555,13.5611927388804,14.3590883326293,,,14,15.2577959874395,16.7675985287689,17.3030553363273
1195.59999999982,0.0475754633786202,1.19444025059418,3.51810348223008,3.09224798110687,4.17095721311762,5.37026895087098,6.74830723343899,7.06894436899514,8.03247148348686,9,10.9465200648186,11.2657746777531,13.6002922433192,14.3765234073418,,,14.005190802641,15.2614171878194,16.7622219857102,17.3020478574037
1196.19999999982,0.0501926311461934,1.18883273925523,3.47194401128743,3.07687331758906,4.18126990173209,5.36871050373609,6.75248292510963,7.06835906425479,8.03186811106465,9.00074938687002,10.9287316205411,11.2569298939505,13.6393917477579,14.3939584820543,,,14.01049105664,15.26522386453,16.7568454426514,17.3010403784802
1196.79999999982,0.052809798913766,1.18322522791628,3.42578454034478,3.06149865407124,4.19158259034656,5.3671520566012,6.75665861678028,7.06777375951444,8.03148679637288,9.00149552993461,10.9109431762636,11.2480851101478,13.6784912521967,14.4113935567669,,,14.0153247363848,15.2692016409315,16.7514688995926,17.3000328995566
1197.39999999982,0.0554269666813393,1.17761771657733,3.37962506940213,3.04612399055343,4.20189527896103,5.36559360946632,6.76083430845092,7.06718845477409,8.03066663940882,9.00340151298994,10.8931547319861,11.2392403263452,13.7175907566355,14.4288286314794,,,14.0201584161295,15.273179417333,16.7460923565339,17.2990254206331
1197.99999999982,0.0580441344489119,1.17201020523838,3.33346559845948,3.03074932703562,4.2122079675755,5.36403516233143,6.76501000012157,7.06660315003375,8.02983991471494,9.00537907083436,10.8753662877086,11.2303955425425,13.7566902610742,14.4462637061919,,,14.0249920958741,15.2771571937346,16.7407158134751,17.2980179417095
1198.59999999982,0.0606613022164847,1.16640269389943,3.28730612751683,3.01537466351781,4.22252065618997,5.36247671519655,6.76918569179221,7.0660178452934,8.02878531139525,9.00707912080584,10.8575778434311,11.2215507587399,13.795789765513,14.4636987809044,,,14.0298257756188,15.2811349701361,16.7353392704164,17.2970104627859
1199.19999999982,0.0632784699840573,1.16079518256049,3.24114665657418,3,4.23283334480444,5.36091826806166,6.77336138346286,7.06543254055305,8.0277307080755,9.00871560210336,10.8397893991536,11.2127059749372,13.8348892699518,14.4811338556169,,,14.0346594553634,15.2851127465377,16.7299627273576,17.2960029838624
