Time (s),"Primary somatosensory area, barrel field (L)","Primary somatosensory area, barrel field (R)","Primary somatosensory area, lower limb (L)","Primary somatosensory area, lower limb (R)",Supplemental somatosensory area (L),Supplemental somatosensory area (R),Olfactory areas (L),Olfactory areas (R),Hippocampal formation (L),Hippocampal formation (R),Cortical subplate (L),Cortical subplate (R),Striatum (L),Striatum (R),Pallidum (L),Pallidum (R),Thalamus (L),Thalamus (R),Hypothalamus (L),Hypothalamus (R)
0.4,,,,,,,1.61589908321566,,2.5650892587307,3.74046469594722,4.58309988884607,,,,,,5.35560960836128,6.2732974520027,,
1,,,,,,,1.5256782913304,,2.9479570211964,3.15614753894661,5.02249416104707,,,,,,5.50866551046261,6.110399611403,,
1.600025,,,,,,,1.67897211147312,,3.40520192055464,3.57781974357869,3.50078372709709,,,,,,5.69541730043321,6.15654109366593,,
2.20005,,,,,,,1.2637906004025,,3.52345730631805,3.01901265321028,3.80948369681991,,,,,,6.36504791072588,6.45673500402602,,
2.80005,,,,,,,1.69646451012181,,3.11170926140932,2.39726874841552,4.75214224011077,,,,,,5.67369019339647,7.37966407347643,,
3.400075,,,,,,,1.32543894994777,,3.24938711128948,3.41630475453332,4.37051888803348,,,,,,5.55514420165778,6.50630867500928,,
4.0001,,,,,,,1.27245271006415,,2.67283030562074,3.49704374930377,4.86347985475741,,,,,,5.41450619188088,6.95057357016976,,
4.6001,,,,,,,1.90247500335362,,3.10320586713844,3.75992287347559,3.93899542947515,,,,,,4.84466865728015,6.67569467615795,,
5.200125,,,,,,,1.47415739055434,,3.00344392220305,3.30346610702497,4.85989468333101,,,,,,5.38286686793524,6.33412178652651,,
5.80015,,,,,,,1.84043582888725,,2.68439948330422,2.75166313918138,5.2615066008856,,,,,,5.69194230855195,5.96801851566242,,
6.40015,,,,,,,1.37055259876842,,2.67960821730283,4.01813728758885,4.61538311250072,,,,,,5.15886519564412,6.36723001408235,,
7.000175,,,,,,,1.20398882111338,,3.00420948244805,2.96084335525474,4.83870294440456,,,,,,5.96426936467157,6.72295499547437,,
7.600175,,,,,,,1.56604775694935,,3.47806981727645,2.97332888678213,3.89888791896345,,,,,,6.14288925884167,6.15771876509644,,
8.2002,,,,,,,1.6992250548241,,2.54821292019963,3.81461182384343,4.33152014785083,,,,,,5.08166232310106,6.93338008159521,,
8.800225,,,,,,,2.06760360976691,,2.3440693104449,3.75284346051652,4.1907725837591,,,,,,5.12857545459821,6.65902837532021,,
9.400225,,,,,,,1.92904752131883,,3.0283475347589,3.21460233244266,4.01367275445524,,,,,,5.49080512000767,6.61567094922222,,
10.00025,,,,,,,1.68341379340978,,2.24240916861098,4.01077670176114,4.30846915668749,,,,,,5.12937306521087,7.01644829491859,,
10.600275,,,,,,,1.61524937062309,,2.87182274865141,2.87093221744612,4.59405435692259,,,,,,5.84881963370321,6.79709617632586,,
11.200275,,,,,,,2.30861289790435,,2.70511132546434,3.04827024178987,4.54660536335879,,,,,,5.06284838542155,6.56906843515594,,
11.8003,,,,,,,1.54386135300234,,2.84488070436784,3.46232434914387,4.29201094851162,,,,,,5.82098205668244,6.17412877638081,,
12.400325,,,,,,,2.12959561783592,,2.71469083217875,3.67887626508046,4.40183264948708,,,,,,4.45628403369406,6.99204379219758,,
13.000325,,,,,,,1.27400186486054,,2.77416419514798,3.84620482615685,4.06708724708771,,,,,,5.60147214240875,6.9416522221001,,
13.60035,,,,,,,0.83526897730924,,2.87807143776468,4.11944711738676,4.45319945551455,,,,,,5.66563514087071,6.38799553419243,,
14.200375,,,,,,,1.40830459191157,,3.19216597822608,3.77269168963681,4.66203364973504,,,,,,5.14751684768475,5.83172981543341,,
14.800375,,,,,,,1.01833648136582,,3.11372444251855,2.9426928439455,4.30783147846929,,,,,,6.44916070812657,7.0016372404115,,
15.4004,,,,,,,1.81749432669127,,3.01675918853744,3.41986301944379,4.32015088805505,,,,,,5.06460079948277,6.75842700703021,,
16.0004,,,,,,,2.05630419316471,,2.94387160546008,3.06096990127343,5.3339481931559,,,,,,4.74824207805969,5.97308461600062,,
16.600425,,,,,,,1.91458705217834,,2.24119027428197,3.11905633513167,5.06302305033644,,,,,,5.25123386287904,6.99460964932866,,
17.20045,,,,,,,1.28217764939039,,3.09673286000007,4.26332021567934,4.07153656570944,,,,,,5.17323246393392,6.15083390171027,,
17.80045,,,,,,,1.62142809518101,,2.60484182381624,3.65211023527495,3.99022945814187,,,,,,5.89402208345608,6.35370679949504,,
18.400475,,,,,,,0.737682035925984,,2.85902556851918,3.74212993538017,5.15175388801465,,,,,,5.82165680394404,6.0226704779767,,
19.0005,,,,,,,1.65313175614756,,3.97478147851173,2.89481829794706,4.08804398872305,,,,,,5.76888082756585,5.60678711252266,,
19.6005,,,,,,,1.73478479896386,,3.51892901993117,2.65175693718092,3.92586578484848,,,,,,6.21842249430963,6.22435419528386,,
20.200525,,,,,,,1.35167542759311,,2.82254114876383,3.04457484900023,4.40857702544942,,,,,,6.11139976618305,6.94683352879568,,
20.80055,,,,,,,1.15437189693778,,3.36898424964811,3.33207540918988,4.36540308614805,,,,,,5.54547258224283,6.9705626116524,,
21.40055,,,,,,,1.41904243411151,,3.06333609471238,3.19767467991731,4.26348759514816,,,,,,5.94307729398531,6.54114489266696,,
22.000575,,,,,,,1.51220968536345,,2.92034943168899,3.78492097618213,4.59532756432094,,,,,,5.03237087844258,6.41111870320344,,
22.600575,,,,,,,1.44045752025187,,2.33189008834599,4.37187653181693,4.35473753813166,,,,,,4.98168261212386,6.81578220120604,,
23.2006,,,,,,,1.77045518725031,,2.57651271024304,3.57401348855053,4.51583116793105,,,,,,5.39817757965055,6.28873161712762,,
23.800625,,,,,,,1.31766838929012,,3.13254675201182,3.76929369426266,4.01050771920708,,,,,,5.34181520914069,6.97634707307274,,
24.400625,,,,,,,1.33438453607335,,2.95026473344946,3.94850904249231,4.19877152608444,,,,,,5.3352231848887,6.50621005312588,,
25.00065,,,,,,,1.48014488120692,,3.46433341440683,3.31084565802778,4.18218366098338,,,,,,5.62784216940301,6.13557697394398,,
25.600675,,,,,,,2.16771610273976,,2.54077994062867,3.50991212896611,5.21620406935385,,,,,,4.21237237031415,6.67272265462317,,
26.200675,,,,,,,1.47877003547572,,2.59234383192886,3.59894039338347,4.55832803268813,,,,,,5.40787336826957,6.87356205430365,,
26.8007,,,,,,,2.01806709853279,,2.96632685529683,3.18183634582191,3.97076059456036,,,,,,5.563610334401,6.50544924630477,,
27.400725,,,,,,,1.12960961815474,,4.12478672334374,3.80107525591766,4.12859214208573,,,,,,4.97972954570671,6.0336021793843,,
28.000725,,,,,,,1.13410965461717,,3.00523872980383,3.73195387306033,4.42623560736064,,,,,,6.08190357694721,5.49037553391758,,
28.60075,,,,,,,1.64096631129019,,3.19247717048578,3.67510888188094,4.21376655066617,,,,,,4.89570051526105,6.80215769314416,,
29.200775,,,,,,,1.90019399370608,,2.53599397637549,3.6054248869987,4.14233990378645,,,,,,4.95970948735976,7.54511623943874,,
29.800775,,,,,,,1.42931242278451,,2.34540528279269,4.02865942270926,4.83644892396304,,,,,,5.17632701808014,6.38757757950498,,
30.4008,,,,,,,1.5780856327752,,3.26117979386627,3.44090242332072,4.05417633795248,,,,,,5.52294217378537,6.39544432407019,,
31.0008,,,,,,,1.57300228379718,,2.2711100819909,2.99462352889736,5.81171012716265,,,,,,5.57380539646001,6.11237521950418,,
31.600825,,,,,,,1.51538126692406,,2.91124155662863,3.79735537912125,4.42570631270226,,,,,,5.50228320807794,5.71230029907792,,
32.20085,,,,,,,1.88849765993479,,3.01137777579319,3.67935270343795,4.01196193329538,,,,,,5.27296815176765,6.05815456930981,,
32.80085,,,,,,,1.8211304009453,,2.75982359745397,3.34410927119623,4.25688542235996,,,,,,5.96059511753749,5.66639080452465,,
33.400875,,,,,,,1.7717459121909,,2.94173327353581,3.14592305370386,4.34053237525655,,,,,,5.83940766731005,6.04356943442184,,
34.0009,,,,,,,0.993886056453966,,3.89897616599892,3.77929689957316,4.09982810383988,,,,,,5.47292859964299,5.90010322650437,,
34.6009,,,,,,,2.22737979400288,,2.52355674602303,3.22770721132893,4.3268880307586,,,,,,5.17377561198877,6.85483699658992,,
35.200925,,,,,,,1.7962001032178,,2.92339113711739,2.55282094412108,5.26233466882917,,,,,,5.74848002654457,6.00141895733669,,
35.80095,,,,,,,1.20590236072504,,3.98485800613534,2.78442419259401,4.18232435384758,,,,,,5.93103195287818,6.538903569258,,
36.40095,,,,,,,2.40988082112473,,2.57799462801042,2.88163300975328,4.66706410305473,,,,,,5.53593276635085,5.74694718640951,,
37.000975,,,,,,,1.03100773597003,,3.13546603545908,3.95603646451096,5.10289371851532,,,,,,5.27102535279384,5.42323486449904,,
37.600975,,,,,,,1.5162440370265,,3.36612243599999,3.17469388630741,4.62093873927085,,,,,,5.70562292603737,5.60422790260112,,
38.201,,,,,,,2.03487204059458,,2.69101142292149,2.83156232446789,4.46560709713203,,,,,,5.5784610744065,6.92935034741652,,
38.801025,,,,,,,1.67094490248693,,3.28237929496381,3.18434949250781,4.57266660372648,,,,,,5.15597052813084,6.57175024318182,,
39.401025,,,,,,,2.56343674768546,,3.1100779483656,2.19496273623472,4.16469267141315,,,,,,6.02324485568422,5.92054473801921,,
40.00105,,,,,,,1.43684410767359,,2.97198770749889,3.6488071536369,4.07110191988058,,,,,,5.86103689685318,6.06827450113637,,
40.601075,,,,,,,1.63005514375499,,2.85995309832234,3.89438139261015,4.67362206956609,,,,,,4.47833772750489,6.96129639494067,,
41.201075,,,,,,,2.09402744716699,,2.04711990638311,3.84395614207214,4.80527690916616,,,,,,5.10870235765406,5.85354140955438,,
41.8011,,,,,,,1.33243954875303,,2.51801318834678,3.83059646620869,4.65716445089601,,,,,,5.44605663071033,6.56765032434376,,
42.401125,,,,,,,1.81134317687087,,3.29490798086426,3.04655075863009,4.95176185354651,,,,,,5.19283995774089,5.74904403957957,,
43.001125,,,,,,,1.37973450598088,,2.74184761183626,3.81202072644653,4.3629016029636,,,,,,5.62311121497754,6.22296056377514,,
43.60115,,,,,,,1.86350261549419,,3.41132636882016,2.93509767162718,4.33839909817309,,,,,,5.46418905870801,6.21358889360301,,
44.201175,,,,,,,1.20976201129506,,3.16021199089215,3.29345510760276,4.52713872619671,,,,,,5.77299715868255,6.54846626280403,,
44.801175,,,,,,,1.33176727064229,,2.70126089208182,3.76369045942466,4.29302709361002,,,,,,5.73413122486682,6.44337871528335,,
45.4012,,,,,,,2.31308949757096,,2.78962991017136,3.24911661844721,4.22510323423391,,,,,,5.04390760959895,6.52028869554746,,
46.0012,,,,,,,2.04267685172186,,2.74303228478769,2.63814516631295,4.1788266369121,,,,,,6.12971066603596,6.65668941088272,,
46.601225,,,,,,,1.54259661926992,,2.27765013301104,4.06761440607059,5.0535792834316,,,,,,5.10941310642202,5.86407056920588,,
47.20125,,,,,,,1.2865953188225,,2.88970978943926,4.26750282422433,4.34390092180323,,,,,,4.77103649781485,6.87412263315529,,
47.80125,,,,,,,1.3935839159797,,3.07202252659966,3.74151746782667,3.90442208237037,,,,,,5.69740059798896,6.40733798997546,,
48.401275,,,,,,,1.54782128620342,,2.42971731830751,4.29320882021337,4.54352961265498,,,,,,5.1387770060319,5.86427050354755,,
49.0013,,,,,,,1.35298741206836,,3.05222044404021,3.95094827751426,4.52754573588078,,,,,,5.20164306422004,5.93530627308453,,
49.6013,,,,,,,2.35755798929578,,2.62713641422653,2.95177441626954,4.46005295082139,,,,,,5.71848568046148,5.61114731640152,,
50.201325,,,,,,,0.937897711493789,,3.2520418080889,3.74167668401987,4.50988077025706,,,,,,5.40926632062882,6.77231899520786,,
50.80135,,,,,,,1.86796360483142,,2.32666532181149,3.60215115267559,4.92965627796536,,,,,,4.81517220568679,6.90871401205125,,
51.40135,,,,,,,2.30096507936153,,2.77246670765662,3.16090757392779,4.04162486087783,,,,,,5.4752413094848,6.23469243157934,,
52.001375,,,,,,,1.40151349105351,,3.16195374617918,3.45978326642043,4.71982049599265,,,,,,5.24980480891473,6.36761518482045,,
52.601375,,,,,,,2.43364049515141,,2.44807961873711,3.90483869231151,3.92336924957503,,,,,,5.1062032828003,5.64205609930121,,
53.2014,,,,,,,1.26393843203341,,2.8343875233322,3.09864583738657,5.10390935858783,,,,,,5.44256265978218,7.1580012080241,,
53.801425,,,,,,,1.06350046782985,,2.97008326089236,4.30072105078836,5.01770128105656,,,,,,4.8352486188483,5.86591165541947,,
54.401425,,,,,,,1.26106083018828,,2.54176312420295,3.72010327335168,4.82668481792767,,,,,,5.63884082829727,6.27321647986888,,
55.00145,,,,,,,1.72516784928685,,2.72643807809648,3.2946392111568,4.68075107061949,,,,,,5.05616155749604,7.23411955657338,,
55.601475,,,,,,,1.08276227947731,,3.17681184290916,3.35521586452571,4.89341594814243,,,,,,5.60212789380619,6.39070281702174,,
56.201475,,,,,,,1.60782070451516,,2.81052725518328,3.63288876649549,4.32796337893219,,,,,,5.67127121098508,5.89375628783636,,
56.8015,,,,,,,2.38606114386745,,3.27631498108551,2.60003103859031,4.52768710073146,,,,,,5.30708078971735,5.90385645495879,,
57.401525,,,,,,,1.541426849045,,3.32746614444027,3.08444799508042,4.5195106696609,,,,,,5.67789281893481,6.07975635712141,,
58.001525,,,,,,,1.8164369955341,,2.15632667741382,3.71322029264909,4.88929607380104,,,,,,5.14932980972457,6.4686443263309,,
58.60155,,,,,,,2.39423402036368,,2.84306092025731,3.71265147066121,4.52007215291626,,,,,,4.4089886257876,5.84124214015809,,
59.201575,,,,,,,1.90573527791127,,3.02286970664494,3.4312004376223,4.2046327572437,,,,,,5.29563767329834,6.20967029080228,,
59.801575,,,,,,,2.22149748206221,,2.16343015613604,3.32418437007247,5.22236485781111,,,,,,4.98869539096653,6.07757540591753,,
60.4016,,,,,,,2.28454784504117,,3.33905577103122,2.94562408399596,4.19675577119612,,,,,,5.17425484586939,6.07415448069111,,
61.0016,,,,,,,2.2325831520316,,2.49255984845278,3.15347771885277,4.58838797334129,,,,,,5.35283191330249,6.23278907323279,,
61.601625,,,,,,,2.44994673987829,,2.60747002598311,3.08539009509674,4.62808520788899,,,,,,5.24675995853359,5.75402072549237,,
62.20165,,,,,,,2.01379026496238,,2.91823524217003,3.41807815881828,4.70910426051637,,,,,,4.5772670185387,6.74399886114465,,
62.80165,,,,,,,1.73117949834227,,2.84740904219795,3.29351927412766,4.8548605378652,,,,,,5.59542215227028,5.53886093910337,,
63.401675,,,,,,,2.1507438900728,,2.57319788680112,3.00954504166729,5.00290689763711,,,,,,5.0820196390814,6.46627046933216,,
64.0017,,,,,,,1.45188547165416,,2.98178977569592,3.837934217106,4.13443803318726,,,,,,5.39343819892671,6.40402568797084,,
64.6017,,,,,,,2.4125691497433,,2.50545693004583,2.91180549748912,5.13494236464122,,,,,,5.04933056952348,5.97199065053763,,
65.201725,,,,,,,0.531369789789282,,3.34877984510957,4.0144712609102,4.69700057819269,,,,,,5.42535884725519,6.61183849014571,,
65.80175,,,,,,,1.24880966453767,,3.13405858743956,3.49896000091007,4.20448590308728,,,,,,5.78226964772855,6.55188266369259,,
66.40175,,,,,,,1.47855002602009,,2.82586561860297,3.57821487826568,4.51706546921686,,,,,,5.51485470329949,6.32748110522055,,
67.001775,,,,,,,2.46616905087073,,3.15069902332133,3.16936944706984,3.98123724722503,,,,,,5.06674110529182,6.01477430101534,,
67.601775,,,,,,,1.47864074647989,,2.68160655814524,3.23519773738219,4.4125564097394,,,,,,5.65655887393952,7.35272012038173,,
68.2018,,,,,,,1.59145160445051,,2.66458606472099,3.3040891205649,4.53299415465396,,,,,,5.78747226901707,6.41945310365593,,
68.801825,,,,,,,1.30011022897621,,3.51278110240114,3.35750499040667,4.68681010423084,,,,,,4.92709787870436,6.9549826115975,,
69.401825,,,,,,,2.05135004497435,,2.67192577679542,2.6282430380485,5.01886190780579,,,,,,5.58482504582441,6.4064435445005,,
70.00185,,,,,,,1.61365240642161,,2.84607140198114,3.72220248148792,4.77232466076866,,,,,,4.97611390138712,6.2358598809168,,
70.601875,,,,,,,1.25381503749484,,2.70567672504565,3.55488282906325,5.50575013698068,,,,,,5.18762007117471,6.0974763958829,,
71.201875,,,,,,,1.74252740521187,,2.7324831479132,3.53975066488709,3.94820594528022,,,,,,5.62915221058039,6.69902243577237,,
71.8019,,,,,,,1.78246342447364,,3.17606545702588,4.37771613210727,4.26236773581645,,,,,,4.38831439460721,5.68288417213264,,
72.401925,,,,,,,1.70784382487149,,2.58717821048617,3.19562271472682,5.39138924100585,,,,,,5.02011893879895,6.57412033058442,,
73.001925,,,,,,,1.80359337103163,,2.4343364984233,3.68151769682728,4.19715094589424,,,,,,5.37099053998091,6.84447525491828,,
73.60195,,,,,,,1.03040190214678,,3.95581037718818,3.17415599667161,4.43896999138651,,,,,,5.71943546132336,6.06590086068084,,
74.201975,,,,,,,1.55012393655737,,3.05601746926732,3.55660549518616,4.4932122647694,,,,,,5.27117977621852,6.30351050285923,,
74.801975,,,,,,,1.75686256781513,,2.8287793046755,2.98388557343885,5.04435573856649,,,,,,5.66137356569924,5.79402384394004,,
75.402,,,,,,,0.727177925816252,,3.42760857699414,3.48321174234189,5.08070570448884,,,,,,5.51086886291701,6.38446813270231,,
76.002,,,,,,,1.5208027020728,,2.53774002543426,3.24537943328463,5.32601719541096,,,,,,5.430969539856,6.29920806412368,,
76.602025,,,,,,,2.05756029445103,,2.33645581981795,3.51992032203199,4.39059537158308,,,,,,5.38654681487613,6.37490894968849,,
77.20205,,,,,,,1.14583776346959,,3.13708934991936,4.24994582285028,4.12260709952867,,,,,,5.30653543274689,6.09599009480107,,
77.80205,,,,,,,1.76071700003484,,2.75594046285872,3.66420363643895,4.45867860461571,,,,,,5.10485653866831,6.46472852082812,,
78.402075,,,,,,,1.11366164142806,,2.36068743747728,3.96349517034684,5.34812375206809,,,,,,5.12115609628834,6.54202960850271,,
79.0021,,,,,,,1.68445618209462,,2.89138678346697,3.91392878796178,3.93917454965791,,,,,,5.31988474579537,6.2808766731861,,
79.6021,,,,,,,1.18427484659398,,3.00250571441008,3.60116963033272,4.84865577420816,,,,,,5.35945397898232,6.43409248488833,,
80.202125,,,,,,,1.21602854796481,,3.33719866487075,3.55646970326297,4.10970247201811,,,,,,5.67334529794018,6.50658151914381,,
80.80215,,,,,,,1.83526332483927,,1.90704615334205,4.23839062219929,5.62296516032796,,,,,,4.42016839999764,5.7812947630275,,
81.40215,,,,,,,2.0669555346683,,3.32495880495469,3.15157908685488,4.34052293560578,,,,,,5.30206921463135,5.63579218364759,,
82.002175,,,,,,,1.83437866213658,,2.71216437577262,3.22790525657766,4.927600850599,,,,,,4.88085178030032,7.05530714443462,,
82.602175,,,,,,,2.04776744096453,,2.40006783255658,3.47472832826179,3.96679123696609,,,,,,5.60431685696045,6.70720950857272,,
83.2022,,,,,,,1.44156046613874,,3.26763321883621,3.28588346162168,4.57852827099171,,,,,,5.19337197805067,6.86753931625007,,
83.802225,,,,,,,1.65847578898907,,3.0809113187217,3.24570207578259,4.45914131627059,,,,,,5.3892591710712,6.5568092122282,,
84.402225,,,,,,,1.85275092972998,,2.71513603223899,3.01299742127989,5.0823500859394,,,,,,5.38129280854272,6.20370030132079,,
85.00225,,,,,,,1.64973733130313,,2.84490957795681,3.76596419382115,4.26968469750333,,,,,,5.18378580558117,6.51407922775534,,
85.602275,,,,,,,1.86967976171178,,2.79721290672285,3.34741704415137,4.04527206237716,,,,,,5.9277376017604,5.9121751657006,,
86.202275,,,,,,,1.75044881127054,,2.93938600439038,2.95312899059567,3.84098752279507,,,,,,6.09271468977163,6.96470574377411,,
86.8023,,,,,,,1.95233908850972,,3.33578050288083,3.13031081001479,3.96985998842193,,,,,,5.99914802704396,5.18561936965267,,
87.402325,,,,,,,1.95573999765782,,2.41938390702815,3.13547973597787,5.16317866043986,,,,,,5.29852506937801,6.21970010601798,,
88.002325,,,,,,,1.11004189907069,,2.83381496520536,3.75130211389836,5.18077245860925,,,,,,5.09587861487739,6.52902690521488,,
88.60235,,,,,,,0.687178798912948,,2.77830971905757,4.1338845353921,5.0305800711316,,,,,,5.40288633658993,6.43576250447482,,
89.202375,,,,,,,2.3989891324506,,2.85110546197267,2.92878153390611,4.77846337069113,,,,,,5.29151555869706,5.44304201284515,,
89.802375,,,,,,,1.24080064280915,,3.16173054697258,4.1314293326206,3.92127797322148,,,,,,5.11428263911346,6.86234183499251,,
90.4024,,,,,,,1.7946229032621,,2.84440100199299,3.04755562788666,4.93510622028697,,,,,,5.24192039528994,6.58462247184148,,
91.0024,,,,,,,2.2935237188819,,2.60238244811568,3.01127677641147,5.0125061557702,,,,,,4.844505977313,6.50735907950215,,
91.602425,,,,,,,1.68648916404204,,2.86916834927543,3.38445437789734,5.02605931268275,,,,,,4.87140999015228,6.59654236639386,,
92.20245,,,,,,,1.46847742962384,,2.46924892048715,3.38824875641643,4.82256837004759,,,,,,5.57511670001443,6.82968762244953,,
92.80245,,,,,,,1.16100148087465,,3.62105936988069,3.54848823524567,4.09826896448882,,,,,,5.18382554882955,7.17521703140415,,
93.402475,,,,,,,1.13007730171689,,3.32192814832946,2.54894760894387,4.90165281942249,,,,,,6.08962324936316,6.95707221923859,,
94.0025,,,,,,,1.40519841405299,,3.04573273952447,3.46129741946869,4.65345741892772,,,,,,5.28307632053184,6.62874431899039,,
94.6025,,,,,,,1.47732352682874,,3.26900336682835,3.18596589187678,4.52114643738697,,,,,,5.6197080796745,6.22868802450897,,
95.202525,,,,,,,1.87137232125184,,2.28318153485386,3.7178992341465,4.66485317131878,,,,,,5.07881526906506,6.62444676687729,,
95.80255,,,,,,,1.16348533073965,,3.04235674527542,3.94408072446029,4.18800335229673,,,,,,5.52392779834401,6.4179566334073,,
96.40255,,,,,,,1.2808403746589,,3.43164435308673,3.56552925848411,4.56104644531106,,,,,,5.1817912750489,6.33858833474424,,
97.002575,,,,,,,0.660622217351156,,2.77747789106965,3.88774692222417,4.58008162478519,,,,,,5.56880235023314,7.59487247496775,,
97.602575,,,,,,,0.975207693536467,,2.5166270960187,4.20055687773455,5.1779130637071,,,,,,5.17733896599778,6.2119046842997,,
98.2026,,,,,,,2.15083526418705,,2.6643439180905,3.43819067685458,3.97244954082317,,,,,,5.47588955827682,6.27539182889185,,
98.802625,,,,,,,0.96584181488989,,3.01889063539491,3.45012886017998,4.31053582847531,,,,,,6.03105950281489,6.93149725111613,,
99.402625,,,,,,,1.54611304818079,,2.68561199857445,4.49420760686285,3.86545926334722,,,,,,5.04311775723175,6.31344147773342,,
100.00265,,,,,,,1.3633747558933,,2.74779141343596,3.97874287321729,4.22398720374065,,,,,,5.53571525373837,6.27632885989687,,
100.602675,,,,,,,1.84626616087444,,2.90266601932735,3.84649828375232,4.12885067547277,,,,,,5.00605548788696,6.30989352213978,,
101.202675,,,,,,,1.78998302491252,,2.62072067626994,3.91565369110368,4.80236498800955,,,,,,4.68095066178423,6.28312503947513,,
101.8027,,,,,,,2.19711323176578,,2.66666844266788,2.71593338967008,4.27963934473319,,,,,,5.61161555319477,7.10274533757531,,
102.402725,,,,,,,2.00489867115694,,2.87061158443655,3.85589828578221,3.86721814217722,,,,,,5.11453889459299,6.17601359587422,,
103.002725,,,,,,,1.15084813659088,,3.1718324114697,4.09953068175396,3.90177895166321,,,,,,5.22534346701374,6.96395752593843,,
103.60275,,,,,,,1.96225781659486,,2.22758792039695,3.42544174227101,4.47356590185411,,,,,,5.26360994310567,7.17970835640258,,
104.202775,,,,,,,1.48502912751502,,3.46620933856971,3.11636257311815,4.32848370654872,,,,,,5.12622047595052,7.38969426200761,,
104.802775,,,,,,,1.21532128390983,,2.22714892005114,4.04534315911327,4.96705368262276,,,,,,5.27212968283117,6.70284012423411,,
105.4028,,,,,,,1.94651388156537,,2.87736428620682,3.56190093740057,4.30806922601761,,,,,,5.22255877971967,6.02005309439598,,
106.0028,,,,,,,1.86571056620162,,2.66239647818874,3.3688564204076,4.80407442350862,,,,,,5.13166812081796,6.41531956855759,,
106.602825,,,,,,,2.1104440816717,,2.45575168335706,3.55836138979785,4.55225070955393,,,,,,5.04695225921894,6.32706768700477,,
107.20285,,,,,,,2.08922213824059,,3.04439095668534,3.47863391782913,4.39832912776366,,,,,,4.90631602099487,6.02622979511548,,
107.80285,,,,,,,1.56072402867293,,2.53036440829857,3.87940114723196,4.4212649400722,,,,,,5.16465586330351,6.83645134692926,,
108.402875,,,,,,,1.27279549871378,,2.44590116770815,4.11921112723918,4.3162775871874,,,,,,5.39138988829571,6.88208547260094,,
109.0029,,,,,,,2.12625010470385,,3.22083511632708,3.51271251802431,3.87736986629233,,,,,,5.27664685566948,5.67656350855875,,
109.6029,,,,,,,1.53709347152457,,2.52246268536076,3.56529392426561,4.69668447969482,,,,,,5.58534106918192,6.31191126511973,,
110.202925,,,,,,,1.65432905904367,,3.09486844106519,3.01397646535376,4.8359107599259,,,,,,5.75006128142001,5.67395810171401,,
110.80295,,,,,,,2.06784236115432,,3.51128982260623,3.29652028132392,3.84921224058289,,,,,,5.25942140838125,5.89960932591742,,
111.40295,,,,,,,0.964707197923739,,3.22685011707298,3.82829548736887,3.94828691978425,,,,,,6.03781367815075,6.23873589121638,,
112.002975,,,,,,,1.13667884893483,,2.88025934243521,3.87292543979841,4.68448916915746,,,,,,5.07706940546412,7.01053923071049,,
112.602975,,,,,,,1.97112446194395,,2.49779481071103,3.70994234297838,5.14671467637094,,,,,,4.6614118461447,5.96362298348893,,
113.203,,,,,,,1.28499054478162,,3.14055425930199,3.81078763657287,4.23505292118929,,,,,,5.47146017498496,6.2626896589021,,
113.803025,,,,,,,1.23428837375574,,2.59999721249215,4.45626722682702,4.86243371157037,,,,,,4.92636307129341,5.82793193758388,,
114.403025,,,,,,,1.63088057671285,,2.78636839009567,3.36405097295923,4.513144740604,,,,,,5.53162075376368,6.50426267957427,,
115.00305,,,,,,,1.61555122494158,,2.90648368350109,3.47240270981959,5.14220389809191,,,,,,5.05567516926059,5.89553008285381,,
115.603075,,,,,,,1.26533123306163,,3.32656441368997,4.12068977677341,3.71285517845254,,,,,,5.3790790641682,6.33133745409283,,
116.203075,,,,,,,1.74744515325103,,2.27174275110439,3.44922704871511,5.08692834596552,,,,,,4.83252050896339,7.39248387604209,,
116.8031,,,,,,,1.73463505425156,,2.69901431063794,3.71804603512151,4.64193910116822,,,,,,4.69045656928606,7.04484335096818,,
117.403125,,,,,,,1.46783174172205,,2.73375191682435,3.75192776295205,4.49104455136892,,,,,,5.20638760839846,6.79507449243657,,
118.003125,,,,,,,1.87154346224192,,2.40310731383704,3.64824896167945,4.03928404434445,,,,,,5.3550652831038,7.12822177318129,,
118.60315,,,,,,,1.90800493598743,,3.82936480555407,2.00129330045288,4.53508573892213,,,,,,5.98959299589997,6.15717185704293,,
119.203175,,,,,,,1.19559257821969,,3.06547303261943,3.30203767454666,4.85433028552162,,,,,,5.37995627932137,6.97505663617147,,
119.803175,,,,,,,1.60807104236194,,2.84101070135862,3.19353837414691,4.83268498920471,,,,,,5.7324970459568,5.88028700812075,,
120.4032,,,,,,,2.14556286422595,,2.78139254800491,3.25207936867589,4.90208917425975,,,,,,4.88094209084166,6.08119657219862,,
121.0032,,,,,,,1.15717219002072,,3.34443295194627,3.73695874669907,4.10288188140431,,,,,,5.74910693666715,6.0527047408027,,
121.603225,,,,,,,2.36738692343728,,3.01776615975295,3.09635546468581,3.86562791891485,,,,,,5.55720939819596,5.89632999996674,,
122.20325,,,,,,,1.51269428478041,,3.16350005258207,3.42685950530471,4.5792855693379,,,,,,5.40443056050573,6.08298694209208,,
122.80325,,,,,,,1.88015649409688,,2.57582365491085,3.04133172058885,4.90082473453679,,,,,,5.34375239101893,6.73803565713567,,
123.403275,,,,,,,1.10880675409183,,3.18534476507496,3.55154319393344,4.93950555828539,,,,,,5.57404887049961,5.79064260312138,,
124.0033,,,,,,,1.85633210256419,,2.78247989128803,3.72195792940398,4.63220614588065,,,,,,4.76511627096851,6.41219052472166,,
124.6033,,,,,,,1.29789189103914,,2.84006813455699,3.38225328418942,5.23911986040491,,,,,,5.32123020899174,6.3580517034578,,
125.203325,,,,,,,1.2506327371355,,2.79792545908906,4.08393292406077,4.27343062700401,,,,,,5.32047361625538,6.5790111555935,,
125.80335,,,,,,,1.6417708354613,,1.8515162682544,4.16074835815645,5.37202252792461,,,,,,4.7547742538027,6.35127708684818,,
126.40335,,,,,,,1.77958903552742,,2.64147056431535,3.54210419959986,4.77931024059061,,,,,,4.99506453014428,6.58457633727513,,
127.003375,,,,,,,1.45443258040842,,3.03342601566909,3.43569365583653,4.6159813122954,,,,,,5.44986125988198,6.30365014867436,,
127.603375,,,,,,,1.55850107190594,,2.85993635218215,3.38247358240405,4.20433775765586,,,,,,5.74796839493217,6.61844711349713,,
128.2034,,,,,,,2.11191179410748,,2.4607213646029,3.72674919251457,4.15093384461401,,,,,,5.48872257325806,5.6987310749328,,
128.803425,,,,,,,0.749130852376599,,3.73501793989375,4.00616255925049,4.4224659061904,,,,,,5.33585861552467,5.99969168992464,,
129.403425,,,,,,,1.19091461732629,,2.59892426261314,3.76047130587038,4.89981129013654,,,,,,5.28558495828228,6.85720666265129,,
130.00345,,,,,,,1.80951299860683,,2.73233436827963,3.83866114693042,4.19928308433353,,,,,,5.12812799310761,6.36994602704,,
130.603475,,,,,,,1.43078872695024,,2.52614233508226,4.30040784394648,4.3750707403817,,,,,,4.91355524229638,6.751976481863,,
131.203475,,,,,,,1.40162962429013,,2.54443518535298,3.78510648254745,4.80371997564618,,,,,,5.53073658040491,6.00125264221064,,
131.8035,,,,,,,1.40710924909137,,2.4786589333331,4.22087201110875,4.76587249492492,,,,,,4.85434709398577,6.51586750970743,,
132.403525,,,,,,,1.55801439417133,,3.10891314243568,3.34969006873938,4.72282354204289,,,,,,5.20735281045133,6.41165095097872,,
133.003525,,,,,,,1.80857596030198,,2.87331908249859,3.48527105233588,3.8759571524571,,,,,,5.5045414544015,6.78177258325066,,
133.60355,,,,,,,2.08301894347907,,2.32918305491318,3.82947590588415,4.92665360358229,,,,,,4.42188610187157,6.59669096406224,,
134.203575,,,,,,,1.72091772781269,,2.06098168786489,3.65504416478519,5.13130835301955,,,,,,4.83329681220727,7.2727350742153,,
134.803575,,,,,,,2.50908068673865,,1.8017602478738,3.52324678292443,4.87134188553052,,,,,,4.72299670002629,6.71052801751658,,
135.4036,,,,,,,1.9535327647656,,3.35533287712182,3.19939860752674,3.69692558717301,,,,,,5.49977083880496,6.51867390291027,,
136.0036,,,,,,,1.90464955865182,,2.9734571965504,2.97826909798329,3.84861126575263,,,,,,5.97515632756209,6.6595289307778,,
136.603625,,,,,,,1.8563986518036,,2.39385661654129,3.12161657099169,5.66697681742596,,,,,,5.03981898485876,6.1914192042404,,
137.20365,,,,,,,2.70639631601521,,3.17291089797348,2.92493743242286,4.40414009667652,,,,,,4.77396062889842,5.78587471910144,,
137.80365,,,,,,,0.967504279036773,,2.40334478888199,4.89789375043349,4.76958353247788,,,,,,4.75306332311474,6.3476233926463,,
138.403675,,,,,,,1.68149100253151,,3.12845589253156,3.24977126824178,4.19863385308593,,,,,,5.68187676119353,6.25507176637657,,
139.0037,,,,,,,1.56967089315974,,3.13832456949676,3.48856806187919,4.24277812400393,,,,,,5.3063809981386,6.64577797636535,,
139.6037,,,,,,,1.9216613615725,,2.61513032693136,3.12736012261052,4.45477708479019,,,,,,5.48460487348387,6.85571526648217,,
140.203725,,,,,,,2.05522298338944,,2.55789286079656,3.83500047891979,4.70862578852816,,,,,,4.5284475848365,6.39104753086766,,
140.80375,,,,,,,1.64614225680318,,3.00057608939777,3.47159135710177,4.4256827261476,,,,,,5.46125113123171,6.09102091127817,,
141.40375,,,,,,,1.67459684268137,,2.47810775174511,3.56534080909854,5.13047750342851,,,,,,4.82824700882945,6.8294375215708,,
142.003775,,,,,,,1.26942388347078,,2.92213154332137,3.90368358878969,4.7621036573066,,,,,,4.97386371638408,6.57559414189238,,
142.603775,,,,,,,1.56993654561262,,2.40440148078262,3.89792996318546,4.41394749610327,,,,,,5.21544957548079,6.91473594826696,,
143.2038,,,,,,,1.77797989865851,,2.4405475504682,3.42120346087226,4.79869260251053,,,,,,5.26336919853906,6.67801343249986,,
143.803825,,,,,,,1.63174981436729,,3.09832603878937,3.53943240891612,3.85773387731215,,,,,,5.52570143535109,6.67293420999627,,
144.403825,,,,,,,1.13834537391939,,3.26122953670289,3.10445912167265,4.6793059219322,,,,,,6.0090823028075,6.24197109814365,,
145.00385,,,,,,,1.54718066738364,,2.95942266371056,3.62984801732716,4.6470952797266,,,,,,5.31849067511255,5.93454228312147,,
145.603875,,,,,,,0.848416829536308,,3.66069146024905,3.50360213769941,4.43026876536873,,,,,,5.49246060792541,6.78829505658758,,
146.203875,,,,,,,2.48354858136815,,2.5054892995082,2.99809978789238,4.32982566181916,,,,,,5.43771996621182,6.22159092250057,,
146.8039,,,,,,,2.46952251924902,,2.35503636286773,3.82995854243998,4.8347205005614,,,,,,4,6.57169660268927,,
147.403925,,,,,,,2.07722643685027,,3.25698243749621,3.14625502354844,3.76317003440219,,,,,,5.51631622028804,6.35591352572697,,
148.003925,,,,,,,1.60642524153411,,2.17216655861232,3.73682893321164,4.97732416104937,,,,,,5.17325316364856,6.72675081962133,,
148.60395,,,,,,,1.82206775464764,,2.54161674022217,3.60982453384747,4.56227584267409,,,,,,5.32554228172733,6.19714156096619,,
149.203975,,,,,,,1.69340083777399,,2.54661381248434,4.0405138530001,4.63345019784509,,,,,,4.72822316064146,6.5800370027171,,
149.803975,,,,,,,1.5837670237247,,2.06046378038214,3.81696489286012,4.80738261511062,,,,,,5.41350551121691,6.6077600367119,,
150.404,,,,,,,1.57001319747378,,2.45902325966917,4.70719067593517,4.1881908576384,,,,,,4.42898451173651,6.85515846793378,,
151.004,,,,,,,1.75224789837098,,1.95954960014137,4.04175204204985,4.45034838881243,,,,,,5.39486146951113,6.48416857721894,,
151.604025,,,,,,,1.6495577693065,,3.16714342461955,3.32675714277806,4.35528702251741,,,,,,5.66842074725831,5.81618476798615,,
152.20405,,,,,,,1.77241613861911,,2.89581295691584,2.63827373039052,5.790329203422,,,,,,5.10854310234109,6.28478118194608,,
152.80405,,,,,,,1.79008773057935,,2.89779916328541,3.10518086897356,4.7247794330662,,,,,,5.49800192971504,6.19653406580643,,
153.404075,,,,,,,1.1449245736748,,2.63607464610561,4.264963047302,4.55002270449378,,,,,,5.29178278217777,6.27572047568475,,
154.0041,,,,,,,2.07207311309129,,2.09412059951738,4.28519907103301,4.95218604003776,,,,,,4.19080721646731,6.38045843850672,,
154.6041,,,,,,,2.35770598375005,,2.25924317532595,3.36614277382407,4.37124753243801,,,,,,5.11024177128676,6.72411705550134,,
155.204125,,,,,,,1.92077832771873,,2.39548592331853,3.09657585797368,5.3898448889045,,,,,,5.32551845956589,5.98542389691015,,
155.80415,,,,,,,1.69607671055171,,3.01025387026151,3.34215678446032,4.41688011280799,,,,,,5.39800670898977,6.41107591179407,,
156.40415,,,,,,,1.14942854264093,,2.8051407399839,4.13471702699954,4.39720438050174,,,,,,5.56392443616776,5.97080171200185,,
157.004175,,,,,,,1.4132022956431,,2.70167987938964,4.05623116335898,4.66880291522433,,,,,,5.22784134896218,5.87427446592725,,
157.604175,,,,,,,2.00222483503668,,2.45139551130907,3.11822695925273,5.47557483871275,,,,,,4.98838712512601,6.15871890755579,,
158.2042,,,,,,,1.30966476430144,,2.98508508123437,3.98346786583977,4.10108364168867,,,,,,5.45628630404201,6.34191665044134,,
158.804225,,,,,,,1.44488719152844,,2.8907293120975,3.77782430002755,4.36565374921117,,,,,,5.29335756716999,6.53584400219985,,
159.404225,,,,,,,1.59640529880472,,2.65873208355541,3.9374024222323,4.88700440161228,,,,,,5.04665416209666,5.74836238851594,,
160.00425,,,,,,,1.64887707653099,,3.07630729725227,3.1151760212852,4.58867600711819,,,,,,5.84926658708733,5.7146737497433,,
160.604275,,,,,,,1.42013394286739,,3.11164677155835,3.21643854748643,5.29097158963236,,,,,,5.09166066147002,6.31144930172995,,
161.204275,,,,,,,1.25678780441929,,2.70216753886596,3.58377641770593,5.02137801743246,,,,,,5.43375746910181,6.39121438738575,,
161.8043,,,,,,,2.00698289183926,,2.34415967272407,3.13093418174055,5.08697653157979,,,,,,5.32146136724603,6.33033563039251,,
162.404325,,,,,,,1.31123772124308,,2.9211008971934,3.75085832028091,4.32116770766004,,,,,,5.6619896675864,6.20728493861531,,
163.004325,,,,,,,1.09765854765359,,2.81055777424039,3.99753964679843,5.010956363851,,,,,,5.01103913347654,6.4808063274448,,
163.60435,,,,,,,1.28681721364747,,3.26014198919436,3.26872079555696,4.34227353720525,,,,,,6.03714253301997,5.9959353832785,,
164.204375,,,,,,,1.72167964090445,,3.14151387902627,2.91839568453999,4.58292288490736,,,,,,5.48564006414176,6.65993220129455,,
164.804375,,,,,,,1.34219375638421,,3.54796356291313,3.11863923297701,4.00084317302964,,,,,,5.71811749452858,6.96174197642321,,
165.4044,,,,,,,1.68591148748413,,3.20643363553473,2.63748299564243,4.42965797817423,,,,,,5.99955302809098,6.53116538404695,,
166.0044,,,,,,,1.36633674621482,,2.5189671512733,4.18993931917419,4.41421470301011,,,,,,4.85582990562294,7.26215342639423,,
166.604425,,,,,,,1.89615453658973,,2.50420504502308,3.76335045096989,4.5474569125675,,,,,,4.72969310829058,6.96721951705721,,
167.20445,,,,,,,2.68317490858956,,2.2486867485435,3.17459472330946,4.95389377605047,,,,,,4.94031616926001,5.65061994644273,,
167.80445,,,,,,,1.86353923249973,,2.79950868430382,4.21643686564979,4.13276908257982,,,,,,4.73199382094371,6.10845778639937,,
168.404475,,,,,,,1.51929334996225,,2.51973520245137,2.91404807667776,5.55876814217505,,,,,,5.51067202538371,6.57175539806293,,
169.0045,,,,,,,1.15626254969392,,2.86291195566823,3.26374971714105,4.80365344380895,,,,,,5.64221314773308,7.10649672578612,,
169.6045,,,,,,,1.5664495201164,,3.08187921601116,3.48228821980328,4.4377655930492,,,,,,5.03540697702141,6.99161494109702,,
170.204525,,,,,,,1.46515566058912,,2.87279124592278,4.16220924273696,3.91281205360899,,,,,,5.41193910369022,6.13560503447046,,
170.80455,,,,,,,1.63664528973288,,2.29877702117208,3.57882890138831,4.42579268377381,,,,,,5.47755199162546,7.16407230834384,,
171.40455,,,,,,,1.83444559355998,,2.75587985060046,3.63207152426096,4.70094360269338,,,,,,4.75961179853627,6.63170164230675,,
172.004575,,,,,,,1.18890039047497,,2.34850359939335,3.9012736963636,5.14060528719835,,,,,,5.04300337873302,7.06311744963657,,
172.604575,,,,,,,1.39747077937223,,2.78559939959799,2.98568217413673,5.23622832175824,,,,,,5.37316251225069,7.08274303755393,,
173.2046,,,,,,,1.78276302954947,,2.60916411850575,3.22670069941151,5.16438273408886,,,,,,5.31039226058559,6.06007518294899,,
173.804625,,,,,,,1.50031346296893,,2.98158041474102,3.69065215983393,4.14158810545292,,,,,,5.53306817356271,6.3366590080765,,
174.404625,,,,,,,2.0513472402035,,2.3441502552719,3.63983900604729,4.39339579195556,,,,,,5.02869770274886,6.82375278608631,,
175.00465,,,,,,,2.73344441736033,,2.61663697524129,3.35840663528837,4.58237440417306,,,,,,4.55995117349933,5.82741150286631,,
175.604675,,,,,,,1.61223858488712,,2.76178443983418,3.57377657278359,4.35603220239056,,,,,,5.36126058662306,6.72255428955012,,
176.204675,,,,,,,1.48200252196337,,2.82925000571572,3.71906194181016,5.34195064791799,,,,,,4.71552369538852,6.13386766696388,,
176.8047,,,,,,,1.51877172468411,,2.85929629563254,3.32473139924342,4.84760353774228,,,,,,5.43558691866128,6.3514890884395,,
177.404725,,,,,,,1.27959580189656,,2.9928589638312,4.01571376015876,3.80837592033952,,,,,,5.48532447905151,6.79949228886897,,
178.004725,,,,,,,1.8363292464964,,3.0012569735438,3.18291087454881,4.2884459776552,,,,,,5.0713386078058,7.37240631264802,,
178.60475,,,,,,,1.76953183096268,,2.61057179180017,3.58375543117173,4.19368891199133,,,,,,5.32287558547552,6.94707650334791,,
179.204775,,,,,,,1.87094380314312,,2.10057396311135,3.62413741787251,4.43199883778741,,,,,,5.20978552993821,7.36024195107689,,
179.804775,,,,,,,1.62451464759377,,3.06031890928764,4.02859784911269,4.15481797424697,,,,,,5.02638040881942,6.052269745076,,
180.4048,,,,,,,1.24167019645484,,2.68472792877297,4.20443858965471,4.97963129904106,,,,,,4.91776971568636,6.0772617139613,,
181.0048,,,,,,,1.38023178735658,,2.92338106050603,3.28422844843234,4.65741080634712,,,,,,5.54114685611188,6.82278718390692,,
181.604825,,,,,,,1.71339352196221,,2.89052009234665,2.69175552498358,5.71338335541028,,,,,,5.14312609051234,6.38631128620264,,
182.20485,,,,,,,1.97065698096203,,2.61264883748337,3.51213272748826,4.19732165289608,,,,,,5.63789020802725,5.91919741295817,,
182.80485,,,,,,,1.81445053452523,,2.97677298207322,2.65303370852265,5.15366896986114,,,,,,5.46985957251294,6.38352766135461,,
183.404875,,,,,,,1.91024587834206,,2.94516793670105,3.61202861182508,4.38839388442826,,,,,,4.89451934269179,6.40315383669852,,
184.0049,,,,,,,1.23408398133121,,2.99215779128729,3.90072952473572,3.99950778446822,,,,,,5.55315258402121,6.71737031786679,,
184.6049,,,,,,,2.36444527062764,,2.80261460058508,2.94559562051215,4.45831089099537,,,,,,5.28536349679515,6.183085218719,,
185.204925,,,,,,,1.46887725188869,,2.41836704476514,3.79147813914848,4.68780082184019,,,,,,5.18813922375424,6.97958459208937,,
185.80495,,,,,,,2.0176164705589,,3.01374097099015,3.30823332030554,4.18733487733431,,,,,,5.46710688930165,5.90797142011431,,
186.40495,,,,,,,1.65112651667074,,3.1006926090855,4.07691172585805,4.22690399888848,,,,,,4.86787827835449,5.98468970538856,,
187.004975,,,,,,,1.3831439910549,,2.40985291834947,3.63536993201832,4.97924349678545,,,,,,5.19836280052062,7.05981499703952,,
187.604975,,,,,,,1.63928018808448,,2.60600880541204,4.24434846286145,3.90415655107827,,,,,,5.23073410428289,6.37721207312243,,
188.205,,,,,,,2.03335426074715,,2.45246975651736,3.58935605965093,5.05990805017678,,,,,,4.80794406626323,6.03668907972726,,
188.805025,,,,,,,1.6615993735125,,2.84372421844083,3.95559258938266,4.04173094665529,,,,,,5.43513141196041,5.90047706862392,,
189.405025,,,,,,,2.10013171209583,,2.65812187856068,3.17762479392068,4.57571799741077,,,,,,5.33628804451419,6.26412542144773,,
190.00505,,,,,,,1.3132077822102,,3.48368714524114,4.36801801754276,3.70246226408369,,,,,,5.05928217213081,5.9757441824422,,
190.605075,,,,,,,1.11766764156902,,2.90616207360857,3.69332272064375,4.49643057911884,,,,,,5.89996153755785,6.07471186590808,,
191.205075,,,,,,,1.94869378289421,,2.82004674834165,3.30125280287849,4.79064634989321,,,,,,5.03807017767838,6.28104886792207,,
191.8051,,,,,,,2.01488551592372,,2.62471058910512,3.36491597385755,4.44893022769447,,,,,,5.29597225850206,6.40406054722811,,
192.405125,,,,,,,1.79036158862209,,2.47913047535412,3.81296249439916,4.12632294049098,,,,,,5.13580844668512,7.0887432472984,,
193.005125,,,,,,,2.24816024237683,,2.72589881215155,4.27595090344931,4.13991658702879,,,,,,4.33570569229404,5.89814614348969,,
193.60515,,,,,,,2.37395289000303,,2.87874070806988,2.657676038648,4.0812841857501,,,,,,5.7713691916695,6.39662658957194,,
194.205175,,,,,,,1.65816681238563,,3.24638185436031,3.0345711715792,4.21216233815162,,,,,,5.59884292030955,6.7762408444818,,
194.805175,,,,,,,2.06423097001305,,2.0451788775817,3.51117814866465,5.65238235059647,,,,,,4.65088958727405,6.18157297404644,,
195.4052,,,,,,,2.16327722821295,,2.68658703310778,2.98848025550132,4.71902385468332,,,,,,5.52935312942893,5.84632103444,,
196.0052,,,,,,,1.41635729437229,,2.81761060838511,3.7800243854152,4.67602627087333,,,,,,5.02453435267633,6.74489081042476,,
196.605225,,,,,,,1.53037477763041,,2.6210391344133,3.38998281285708,5.07959538342183,,,,,,5.4730841871102,6.11429868498469,,
197.20525,,,,,,,1.29156952273969,,2.50149949365793,3.80656597786671,5.16499812996028,,,,,,5.52303875550489,5.68001998610328,,
197.80525,,,,,,,1.34167355193022,,3.01571636954777,3.35432839684809,5.03740886213082,,,,,,5.34410431903124,6.29345053773075,,
198.405275,,,,,,,1.67674826504375,,3.16345230948204,3.54340869469345,4.49405711744084,,,,,,5.10111859243231,6.14866745462536,,
199.0053,,,,,,,1.97821096572112,,2.73606649054269,3.87700479249453,4.37831851885993,,,,,,5.322978792275,5.08327892597698,,
199.6053,,,,,,,1.17626144298673,,3.25845897405137,3.20155046302062,4.80758863641133,,,,,,5.62382579856279,6.47917770735816,,
200.205325,,,,,,,1.3719323697795,,3.08255806158084,3.02424572161586,4.97104754685959,,,,,,5.3505859231534,7.01458465977616,,
200.80535,,,,,,,1.38692470177403,,2.94389383320419,3.29014573801601,4.96002835734544,,,,,,5.30276946070573,6.69915028766903,,
201.40535,,,,,,,0.831444181882148,,3.24030859436794,3.55574645534047,5.02685918461257,,,,,,5.3352669674882,6.75352107850649,,
202.005375,,,,,,,1.88510690404189,,2.8033637017255,3.543480573422,4.63593133846018,,,,,,5.06088648871901,6.11276564576819,,
202.605375,,,,,,,1.19796723919384,,3.13889234342957,3.26191029120188,4.42136448208007,,,,,,6.09852255356659,6.20911222686705,,
203.2054,,,,,,,2.46269596467312,,2.57553665467496,3.41435742195249,4.55208440128087,,,,,,4.34766711142337,6.98743707226675,,
203.805425,,,,,,,1.51038893215275,,2.38716814919602,3.88611064889746,4.8671927897409,,,,,,5.03582748567426,6.68586593733036,,
204.405425,,,,,,,2.20093115523082,,2.29280435676995,3.46524911047015,4.56508097271937,,,,,,5.15739459925517,6.37673885995635,,
205.00545,,,,,,,1.51212211708801,,3.03383286385327,3.91160604407679,4.04560169128967,,,,,,5.62482598910588,5.6366193509963,,
205.605475,,,,,,,1.35476595570866,,2.77636529922142,3.14661148775897,4.74287802680038,,,,,,5.9842767903214,6.43014628321388,,
206.205475,,,,,,,1.35899834651179,,2.37460622101224,4.276949401582,4.76732612536171,,,,,,5.16919574928158,6.04056795179168,,
206.8055,,,,,,,1.28411905641386,,3.09664697617106,4.02016731338532,4.526498940571,,,,,,5.20153639752994,5.86254531898624,,
207.405525,,,,,,,1.72532848890107,,2.5931662926118,3.66851505785471,4.55948198864109,,,,,,5.38593801667608,6.08719731181227,,
208.005525,,,,,,,1.55281276189769,,2.61451451681243,3.3296398872633,4.94530935920373,,,,,,5.75743976805851,5.86570051597924,,
208.60555,,,,,,,1.87039408762889,,2.91896018965247,3.31845368438493,4.1343989857779,,,,,,5.24963229158453,7.00907492772488,,
209.205575,,,,,,,1.37627366768728,,2.48214674949388,4.15374323231897,4.72301207136781,,,,,,5.0878534994136,6.34648570494274,,
209.805575,,,,,,,1.55383646524497,,3.299115182504,4.14586841369615,4.28486893012398,,,,,,4.7626706612047,5.80496399311552,,
210.4056,,,,,,,1.81462949943125,,2.85081683973226,3.16792368457384,5.07945333384881,,,,,,4.60672413491635,7.2890580976314,,
211.0056,,,,,,,1.63696504401648,,2.87705127575407,3.68923940327677,4.32923290114313,,,,,,5.41487646735617,6.0837750028351,,
211.605625,,,,,,,1.23381932071247,,2.79872493137894,4.85985297625533,4.27951068113167,,,,,,4.30512522123941,6.80843778512815,,
212.20565,,,,,,,1.2525394094538,,2.69599960141773,3.60379213445387,4.73641871816919,,,,,,5.36850796850354,7.02122085727476,,
212.80565,,,,,,,1.68452591885523,,2.41522157808023,3.46209891679547,5.18565431600173,,,,,,4.77105155398445,7.20067742126309,,
213.405675,,,,,,,1.65959634869831,,2.61431893874369,3.82877905876465,4.20827602983601,,,,,,5.12989755046874,6.99984820946292,,
214.0057,,,,,,,1.67376967948602,,2.25162720904951,3.86461981313232,5.15292350198553,,,,,,4.70085441163407,6.74770462639348,,
214.6057,,,,,,,1.77245057492066,,2.6565446360765,3.69340586936269,4.38661523468033,,,,,,5.18851955465657,6.50773641833748,,
215.205725,,,,,,,1.59370626564191,,2.86583748502866,4.07133496589824,4.68623883168373,,,,,,4.71140807901202,6.09336951441736,,
215.80575,,,,,,,1.59189571397422,,2.71676327708853,3.63981191397784,4.73704402350996,,,,,,5.10483315457834,6.54185105653649,,
216.40575,,,,,,,1.8142105837999,,2.17198548710209,3.62812296860581,5.63214477987047,,,,,,4.60147368703424,6.45144157741815,,
217.005775,,,,,,,1.83366451412793,,2.79750609562822,4.0673901948678,4.50411663942074,,,,,,4.67822926805694,5.99865781054635,,
217.605775,,,,,,,1.12512189708402,,2.4570496165736,3.94977283922656,5.14219935292962,,,,,,5.10708224061273,6.76563412382254,,
218.2058,,,,,,,1.86447239045546,,3.27031228783857,2.9025132282303,4.51240972854754,,,,,,5.40884462604721,6.36213226124728,,
218.805825,,,,,,,1.05749090491281,,3.30519908021788,4.01981159280333,3.97713699650733,,,,,,5.39073467087952,6.6697161250324,,
219.405825,,,,,,,2.5275372329866,,2.63995115620491,2.90115249868508,4.56398749451752,,,,,,5.07962655762637,6.41222064890022,,
220.00585,,,,,,,0.991916053881058,,3.15677837678842,4.2234471226603,4.40262516998614,,,,,,4.9473323740094,6.77644720764307,,
220.605875,,,,,,,1.31474678104693,,2.6703046116452,3.73541143246207,4.29195202284985,,,,,,6.00202535673726,6.0582909696264,,
221.205875,,,,,,,1.76437546457179,,2.57247944617008,3.77430293162503,5.07070628313332,,,,,,5.09883675362775,5.42964410732725,,
221.8059,,,,,,,0.926700341902394,,2.77023262020288,4.75012703431047,4.59573145285833,,,,,,5.00991956470491,5.89685274471127,,
222.405925,,,,,,,1.84082856436834,,2.2489078687956,3.77214731333376,5.14202577065871,,,,,,4.83884777899377,6.26961483949955,,
223.005925,,,,,,,1.32483668260842,,2.83617076597257,3.59425797318865,4.36671477010575,,,,,,5.82881187850532,6.29150897120379,,
223.60595,,,,,,,1.51543421115025,,2.81808094713161,3.40251433949556,5.03666873011541,,,,,,5.38160842608944,6.01418873591886,,
224.205975,,,,,,,1.23069356486936,,2.49278637126712,4.107297220658,4.84946108081924,,,,,,5.12813222006472,6.51352219471798,,
224.805975,,,,,,,1.0175453031703,,3.28702179515587,3.53375839183126,4.22391489887111,,,,,,5.75203522874214,6.81371721859222,,
225.406,,,,,,,2.28352768004791,,2.12083130247766,3.46746807384306,4.99008442920285,,,,,,4.77348152266842,6.51293591189536,,
226.006,,,,,,,1.80702030670194,,2.67405225553761,3.28990651327848,4.59355249167053,,,,,,5.8027015135558,5.72121420431362,,
226.606025,,,,,,,1.53496264332078,,3.09938601833796,3.32271424417053,4.95378103241854,,,,,,5.10203433084221,6.35824416330127,,
227.20605,,,,,,,1.78764045171936,,2.89051439649214,3.14966809301328,4.55639225672626,,,,,,5.71397381610481,5.96001304507818,,
227.80605,,,,,,,1.31976719801841,,2.94294953461179,3.94896887999084,4.42221481318147,,,,,,5.08435719141359,6.67695646782114,,
228.406075,,,,,,,0.973552500638248,,2.47741058816173,4.31712194825584,4.95610296260755,,,,,,5.01952484877651,6.73704195121742,,
229.0061,,,,,,,2.25230554159149,,2.0578627720858,3.05709858711691,5.30956782467268,,,,,,4.7891946410565,7.12400221024038,,
229.6061,,,,,,,1.55334747948224,,2.77895210584498,3.68679196821677,4.80779788657143,,,,,,4.99148394554028,6.51649178873146,,
230.206125,,,,,,,2.04763509051539,,2.58425989517602,3.4182650896036,4.950750629227,,,,,,4.92795404274539,6.11893111752004,,
230.80615,,,,,,,2.18467087273913,,2.52807818147034,3.14280969990917,4.89769316537814,,,,,,5.2534372277013,5.96285295978526,,
231.40615,,,,,,,1.57155239619977,,3.16340168781836,3.96610803542614,4.27653827367808,,,,,,5.12743907071419,5.71641838159116,,
232.006175,,,,,,,1.11996389670635,,2.4909566798817,3.93342849493781,5.42239846309322,,,,,,5.2401949646903,5.96438209847785,,
232.606175,,,,,,,1.82078073622224,,2.47600197746735,3.78373852977086,4.64484681013448,,,,,,5.10278647625017,6.21023125802617,,
233.2062,,,,,,,2.29619967323053,,2.53999662218561,2.97322230665876,5.50650373965185,,,,,,4.27686596100564,7.0054016902766,,
233.806225,,,,,,,1.27315672663889,,2.27258636149637,4.37464861459428,4.8164681279059,,,,,,5.03881348508675,6.4054332159724,,
234.406225,,,,,,,1.77602706588475,,2.5349458372772,3.22901855892592,5.23776818572242,,,,,,5.14156442308874,6.43541379330853,,
235.00625,,,,,,,1.55966803794023,,3.14921538338986,3.0858125234756,4.92843262069587,,,,,,5.33330665257026,6.34799219163415,,
235.606275,,,,,,,1.58997441316374,,3.79519405806296,2.95013473193769,3.70251739792796,,,,,,5.95531713368207,6.29402657338979,,
236.206275,,,,,,,1.72418160131631,,3.24401821873942,3.22641157245687,3.94832652604074,,,,,,5.49852161540487,6.81903543495622,,
236.8063,,,,,,,1.77277338430854,,2.42411298726524,3.46745945750753,4.85018607307557,,,,,,5.12489381063133,6.80489529720087,,
237.406325,,,,,,,0.916748507852999,,3.45564583348893,3.47639616734558,4.32933554920873,,,,,,5.77192112893279,6.66630362670517,,
238.006325,,,,,,,1.47509737838762,,2.79164181293945,3.18892469315479,5.13486725086564,,,,,,5.60711282541474,6.05211698966498,,
238.60635,,,,,,,1.90020313116282,,2.11745161928775,4.50574297718208,4.60654392205882,,,,,,4.28582938828407,6.67378549963701,,
239.206375,,,,,,,1.40498310996513,,2.3351150284426,3.89727145008081,5.03306327640911,,,,,,5.08988536263222,6.62227687313247,,
239.806375,,,,,,,1.75171248391289,,3.38867507588075,3.2056544412513,3.86846733843872,,,,,,5.2808345763621,7.12201156499019,,
240.4064,,,,,,,1.24985525651434,,2.62260147910799,3.47080030401945,5.13166259400161,,,,,,5.38567494403711,6.74395657350336,,
241.0064,,,,,,,1.4657943308361,,2.91137159651114,3.4598035024636,4.02399797216714,,,,,,5.69284241303805,7.01787815379931,,
241.606425,,,,,,,1.11806307679132,,3.17926470924147,3.75432059855394,5.04398951610434,,,,,,5.23159536154463,5.8005621819391,,
242.20645,,,,,,,1.65783038797335,,2.36350432256301,4.2196705467253,4.47678812214494,,,,,,5.22441610682759,5.82446570526693,,
242.80645,,,,,,,1.17939186962691,,3.0167553320822,3.24006553137056,4.91304519628083,,,,,,5.59503563298632,6.70770836076221,,
243.406475,,,,,,,1.45625633941983,,3.46502870619111,3.3070982809475,4.66425739131496,,,,,,5.37913963458454,5.84974746832919,,
244.0065,,,,,,,1.6127686181437,,2.4569551565943,3.4834719841612,4.78793901966807,,,,,,5.2879703781566,6.89836584284553,,
244.6065,,,,,,,0.977902566111016,,3.00403518108937,3.90032324214416,4.49303833707343,,,,,,5.81878849640978,5.91866002140875,,
245.206525,,,,,,,1.30549626643501,,2.99605520939958,3.6706849765128,5.13180486759708,,,,,,5.01681603785801,6.15374601050124,,
245.80655,,,,,,,1.48885977841323,,2.3257450550034,3.64650506716895,4.58638101091987,,,,,,5.31148399649339,7.39198779293959,,
246.40655,,,,,,,2.29273621363089,,2.65194258813595,3.03788267170783,4.67513244830204,,,,,,5.31069042203168,5.98474820376466,,
247.006575,,,,,,,1.6682161103621,,3.04365180904138,3.45961892513776,4.47957563702358,,,,,,5.23924004643258,6.34704082334529,,
247.606575,,,,,,,1.63888452961509,,1.91182351826349,4.20563404392446,4.58019925332397,,,,,,5.12397084849423,6.80053763584111,,
248.2066,,,,,,,1.24295373826601,,3.06977964557551,3.82425398916323,4.44153505075218,,,,,,5.45844885931316,6.12762217861949,,
248.806625,,,,,,,1.50171050658412,,3.15750647337185,3.62198302120305,4.53056403404524,,,,,,5.16416984743438,6.23057258629255,,
249.406625,,,,,,,1.56074025845884,,2.56829177383699,3.50893531897588,4.43103446739999,,,,,,5.48171054013482,7.00347166663915,,
250.00665,,,,,,,1.11173956131551,,2.40951271252662,4.23756025627913,4.75847341273132,,,,,,5.24786068768123,6.57983313883673,,
250.606675,,,,,,,1.23867237552542,,3.3242353195424,4.64022083287982,3.53407880605116,,,,,,4.76455543246962,6.72781790256948,,
251.206675,,,,,,,1.54558413061296,,2.27431426586239,3.82744199190359,4.83524116193945,,,,,,4.89751533658435,7.30413323818384,,
251.8067,,,,,,,1.61970123500697,,3.44821641079166,2.42537439655907,5.36181725213291,,,,,,5.48425138901739,6.15210931547215,,
252.406725,,,,,,,1.83566524098312,,2.93464366146672,2.90565631378601,4.46901297756425,,,,,,5.83205243548016,6.26719557439296,,
253.006725,,,,,,,1.93082384740031,,3.10016986075729,3.28940502076102,3.84254679001752,,,,,,5.8119108565107,5.92458322116243,,
253.60675,,,,,,,1.23347264535533,,2.9076719340857,3.0322578963516,4.5990397217051,,,,,,6.28687403408415,6.41227686473744,,
254.206775,,,,,,,1.5900077755493,,3.26759384676438,3.48021045930323,4.36645392639605,,,,,,5.39069793762937,5.96141483692081,,
254.806775,,,,,,,1.71060511514593,,2.75426074284087,3.71880571593348,4.0617689830988,,,,,,5.74277235395766,5.85011686581898,,
255.4068,,,,,,,1.84139564254325,,2.87393869822448,3.63821489755471,4.21424436387632,,,,,,5.2361209057694,6.25851568876382,,
256.0068,,,,,,,0.904736868303102,,3.26529132898774,3.54498695384398,4.9665618440379,,,,,,5.47293718492403,6.35852027413118,,
256.606825,,,,,,,0.887218340814224,,2.59322071713085,3.41747095378885,5.44140924373285,,,,,,5.66799734319529,6.73963414795964,,
257.20685,,,,,,,1.80266117233177,,2.46178787803597,3.5979750414045,4.38040814951873,,,,,,5.70541605384493,5.96616640998557,,
257.80685,,,,,,,1.49107096344098,,2.49301699568967,3.72688801166871,4.85571568465717,,,,,,5.41656595705736,6.15228714805525,,
258.406875,,,,,,,1.91772110490379,,2.98642259822445,3.63434152922594,4.36406236108284,,,,,,4.90509217544892,6.27053871526257,,
259.0069,,,,,,,1.60765656399975,,2.34635931873546,3.91192147950511,4.13623639415305,,,,,,5.22721475287544,7.37308836156261,,
259.6069,,,,,,,1.58021511815702,,3.09955441029034,4.28246748213408,3.82896937246258,,,,,,5.44515325735678,5.1772571686117,,
260.206925,,,,,,,1.40543187412905,,2.69102337494773,3.15296061354146,5.14019956008072,,,,,,5.63912056667196,6.44348077558878,,
260.80695,,,,,,,1.83661777191083,,2.93481802391221,2.91587539168363,4.34029835725877,,,,,,5.39836018274849,7.38393355101107,,
261.40695,,,,,,,1.87874810614306,,2.29136477987788,3.34393483334988,4.90650328518032,,,,,,5.39456259318058,6.4175991602869,,
262.006975,,,,,,,1.59330167408563,,2.91520805895362,3.37896052736933,4.31738383315755,,,,,,5.54019597758667,6.65832129436625,,
262.606975,,,,,,,1.52183852097321,,2.77144629818425,3.46452397648523,4.39643331186886,,,,,,5.76604997532508,6.29321285478736,,
263.207,,,,,,,1.85027276728141,,2.55660286212448,3.67560065099559,4.05658585883641,,,,,,5.53160695982787,6.41932567045451,,
263.807025,,,,,,,1.9824549022066,,3.26311835547738,3.92662099440655,3.80691909383826,,,,,,4.81741114589682,6.03829865877581,,
264.407025,,,,,,,2.11851849961549,,2.23366491932388,3.5709037174903,4.30893429836179,,,,,,5.47644803136519,6.24374155797697,,
265.00705,,,,,,,1.48524117194963,,2.6991912634094,3.74797543301198,4.71265801992268,,,,,,5.33855907326798,6.14345302831997,,
265.607075,,,,,,,1.72327390778615,,2.53056922621398,3.81175822035893,5.02367456343746,,,,,,4.77312518874291,6.29556303772574,,
266.207075,,,,,,,1.76615487766459,,2.54322147689336,3.67013618030841,4.91124171711077,,,,,,4.9564610406062,6.33049347891327,,
266.8071,,,,,,,1.70980335828702,,2.48809468612148,3.57785318042103,4.54067022081934,,,,,,5.43900673650553,6.4793804050635,,
267.407125,,,,,,,1.23505799104871,,2.91280380336346,3.91325396944431,4.45453281233814,,,,,,5.33814685317552,6.45744366047583,,
268.007125,,,,,,,1.44112644932474,,3.09516238472282,3.23908394663744,5.24307763403121,,,,,,5.17562144592638,6.14204768188325,,
268.60715,,,,,,,1.38980783522627,,3.14191557157317,3.59451808951122,4.05773706659153,,,,,,5.64001846512056,6.49011952976525,,
269.207175,,,,,,,2.27685273087413,,3.22725094866806,2.84246366808464,4.53471666414034,,,,,,5.07324421113458,6.1622481367388,,
269.807175,,,,,,,1.037711042776,,3.20523268218684,3.49619012898763,4.97149501014164,,,,,,5.4767380280587,6.22521483012635,,
270.4072,,,,,,,1.82828260594286,,2.18057904002988,3.59416747127819,4.72908757944901,,,,,,5.43613789238884,6.3774742430979,,
271.0072,,,,,,,1.97418147870295,,2.75696787489134,3.0994578423703,4.80744673576298,,,,,,5.61872823848704,5.58811568762448,,
271.607225,,,,,,,1.02942013003963,,3.15238434289628,3.23276908617702,5.19365460446557,,,,,,5.78857467616192,5.9456244530549,,
272.20725,,,,,,,1.2095773238222,,2.69230379953922,4.01193590301466,3.92914263693218,,,,,,5.92629076258309,6.42710080178201,,
272.80725,,,,,,,1.39039912482897,,2.52876178832808,3.44280764384747,5.16129570303541,,,,,,5.50600060224829,6.31400856968074,,
273.407275,,,,,,,1.19485690608736,,2.80256793928485,3.42131825793402,5.04542121195067,,,,,,5.22270965449894,7.16676249816042,,
274.0073,,,,,,,1.21012818806934,,2.30549315903883,3.91018452155036,5.34407929409237,,,,,,5.19714745349581,6.37250582053598,,
274.6073,,,,,,,1.99198373220905,,2.4080725215004,3.61777973800363,4.51105935165423,,,,,,5.16315495393649,6.41675262343332,,
275.207325,,,,,,,1.52444215486029,,2.59588120771639,4.01119015185321,4.38823467096117,,,,,,5.15804477429281,6.55257803266547,,
275.80735,,,,,,,2.27165050636609,,2.26599558886632,3.23598916401487,5.0578454221463,,,,,,4.73820487594406,6.79271185095449,,
276.40735,,,,,,,1.12578227269852,,2.96861214382744,3.37879800345167,4.575188220011,,,,,,5.92624919952441,6.51809507817069,,
277.007375,,,,,,,1.66216753737406,,3.00942254780846,3.35169339298704,4.28637798860784,,,,,,5.70002316367989,6.08316648880556,,
277.607375,,,,,,,1.21775968261828,,3.09386167865702,3.63982935532894,4.07766358730499,,,,,,5.71579236543147,6.73148733230933,,
278.2074,,,,,,,0.981754067806286,,3.05985833005553,3.63041876059735,4.68528514498369,,,,,,5.59378160542501,6.59535063795583,,
278.807425,,,,,,,1.81448916693369,,2.18303815866469,4.4681038096552,4.43220058202348,,,,,,4.59442382565859,6.5395881468445,,
279.407425,,,,,,,1.52196015410004,,2.49595509777628,3.73613377650407,5.17389559986976,,,,,,5.21589196305581,5.88231483649785,,
280.00745,,,,,,,1.47573727985201,,2.54970919468854,4.1257438191752,4.44981757143191,,,,,,5.13757106835337,6.41596011006184,,
280.607475,,,,,,,0.914433362690011,,3.43412889783341,3.49833656529689,4.87844319917426,,,,,,5.65174056288211,5.90979356349742,,
281.207475,,,,,,,1.10971435857636,,3.25995212650806,3.86810182773453,3.95933490196947,,,,,,5.78119957156106,6.20892857323418,,
281.8075,,,,,,,1.57937220632033,,2.32744733876136,4.32731408577548,4.81895602526915,,,,,,4.83465876925751,6.02799505672018,,
282.407525,,,,,,,0.545847506442792,,3.18140735310374,3.94967683935652,4.52109069615866,,,,,,5.70314097404506,6.79450741134138,,
283.007525,,,,,,,1.18765513117786,,2.43544892717142,4.973840112952,4.10291702654292,,,,,,4.91573825994602,6.38607962392321,,
283.60755,,,,,,,1.84792791747567,,3.19136486318959,3.25094796846364,4.06749455845044,,,,,,5.51542082386707,6.27738860147403,,
284.207575,,,,,,,1.67729351146916,,2.46361725024223,3.27761179419001,5.22668566758894,,,,,,5.18060199814494,6.65216512219909,,
284.807575,,,,,,,1.09452330296594,,3.290775266549,3.9684139130787,3.98825573725801,,,,,,5.47768410806512,6.52433726301226,,
285.4076,,,,,,,2.01199374894937,,2.94229386835146,3.10112578738391,4.47628229268691,,,,,,5.53985818243333,5.8967040477392,,
286.0076,,,,,,,1.4593769361124,,3.46096880603985,3.22430406628457,4.15811314538557,,,,,,5.75023551859131,6.19993895805414,,
286.607625,,,,,,,1.42209003581374,,2.61013549946197,3.85235222334198,5.12980165042497,,,,,,4.75165505246974,6.69338715009417,,
287.20765,,,,,,,0.933340269523418,,2.73865848508321,4.10903672631021,4.27122397143504,,,,,,5.94108891653658,6.17513270482922,,
287.80765,,,,,,,1.28329999907815,,2.78954567045669,3.74640591427066,4.88892743120355,,,,,,5.46069825638601,5.93246923283732,,
288.407675,,,,,,,1.75257784543953,,3.23292524246457,2.92591356627339,4.18336846023221,,,,,,5.61545800118657,6.83963223701031,,
289.0077,,,,,,,2.15493931030508,,2.95852531509477,3.04656269897119,4.48389364949648,,,,,,4.94772055968536,6.85051661543953,,
289.6077,,,,,,,1.87473319908708,,2.65617065414654,3.15056675522765,4.28774516221165,,,,,,5.68186147545367,6.73434124793519,,
290.207725,,,,,,,1.07132026564172,,2.99461805801829,3.48976271653086,4.47404054601027,,,,,,6.182237858164,5.98348895412415,,
290.80775,,,,,,,1.81711421583474,,3.0510721218519,3.45710121537283,4.31461852199003,,,,,,5.27538365350417,6.16832363793114,,
291.40775,,,,,,,0.683197259856814,,3.20145316582421,3.75699111669555,4.50371672607179,,,,,,5.99395564118555,6.29241314263247,,
292.007775,,,,,,,2.34751889144444,,2.66629440402677,3.31354745974405,4.43407222502526,,,,,,5.33088407251232,5.52184731369178,,
292.607775,,,,,,,1.95677565520147,,2.59664223027727,3.3424763064481,4.13826377967269,,,,,,5.45266416386354,6.90619756267598,,
293.2078,,,,,,,1.23677997928099,,3.08189218217145,3.53022811251631,4.73751883614371,,,,,,5.68686318308101,5.83420372881232,,
293.807825,,,,,,,1.61503293654508,,2.50220976768757,3.65897344709195,4.72721427705984,,,,,,5.41936754015577,6.20290851150274,,
294.407825,,,,,,,1.77278445232015,,2.95000975891952,3.10889102634157,4.72465166725021,,,,,,5.50280615772198,6.12303127989415,,
295.00785,,,,,,,1.75399264355791,,3.25502851480795,3.16584608706426,4.56204425096728,,,,,,5.43695908959037,5.87932769752955,,
295.607875,,,,,,,1.83786182242851,,2.00049257204229,3.6596981825277,4.94746212243919,,,,,,5.20782417948319,6.61586810633375,,
296.207875,,,,,,,1.42682539973564,,3.16597360582281,3.72996913740101,4.41833751076259,,,,,,5.33373041520265,5.99301221821929,,
296.8079,,,,,,,1.89019264376083,,2.4602209096481,3.72289664614608,4.83915907338118,,,,,,4.73550044966983,6.6241900364976,,
297.407925,,,,,,,1.31851661527513,,2.84760490417483,2.81983452029989,5.06835358376467,,,,,,5.66765857830206,7.27478348671953,,
298.007925,,,,,,,2.19711918888912,,2.32487920548728,3.3728159104007,5.0760536819792,,,,,,4.78579723235144,6.40346893745002,,
298.60795,,,,,,,1.27481925836207,,2.39581470642107,4.45259671300443,4.33412798038165,,,,,,4.99521964146081,6.94111409866044,,
299.207975,,,,,,,2.49897080918466,,2.4698105728018,3.19905791660706,4.62356939126935,,,,,,5.22219979945791,5.66492520435379,,
299.807975,,,,,,,1.12115660631747,,2.41468958532812,4.06464712992364,4.63783348821055,,,,,,5.49885684148743,6.66902190218408,,
300.408,,,,,,,1.58495688489818,,3.07158225714747,3.61502759325543,4.18249175068463,,,,,,5.47999995964471,6.16387301711104,,
301.008,,,,,,,1.04916195039828,,3.07323475878432,3.37814097127826,4.86276306794445,,,,,,5.5697753102928,6.74586009052815,,
301.608025,,,,,,,1.51314432781109,,3.09605372122655,3.07228666839748,4.50611866214466,,,,,,5.89244784264699,6.20431066950339,,
302.20805,,,,,,,1.88406050801167,,3.33783051274478,2.72003525111533,4.54789271778741,,,,,,5.74022157980288,5.87475755722693,,
302.80805,,,,,,,1.89071891617297,,3.11212538206385,2.74103795052496,4.5590807664414,,,,,,5.62789300915715,6.45408594728395,,
303.408075,,,,,,,1.62310745090024,,2.82014760625435,2.96779711674867,4.55406366841386,,,,,,5.92407676582035,6.54915192568727,,
304.0081,,,,,,,1.49296054383782,,2.66611491195096,3.36299892115873,4.50738930466343,,,,,,5.81243951547661,6.52577364886094,,
304.6081,,,,,,,1.25446398497057,,3.12690993754923,3.44371309556857,4.5748474502568,,,,,,5.32016230175331,6.98265602223212,,
305.208125,,,,,,,1.94655891243478,,2.96408340409724,3.26545489838748,3.80100346284172,,,,,,6.06552344202609,5.74759354905572,,
305.80815,,,,,,,2.01192583133775,,2.45015245464911,3.35779042550184,4.68245477768509,,,,,,5.46911591621357,5.97596230300424,,
306.40815,,,,,,,1.64178851020406,,2.92419242281593,2.96753176260559,4.52947703255566,,,,,,5.71464926824188,6.78451517417524,,
307.008175,,,,,,,1.68748846979437,,2.56423104308602,3.60625167100912,4.40816291632766,,,,,,5.37240797593014,6.70300063777226,,
307.608175,,,,,,,2.30517227308569,,2.92236493881217,3.03945546845147,4.35662326678608,,,,,,5.3857198646763,5.85128095178697,,
308.2082,,,,,,,1.54963450352666,,2.50573469485045,3.1263551274381,5.11729368810907,,,,,,5.87971622259642,6.01959415605384,,
308.808225,,,,,,,1.13511627487921,,3.21071545360191,3.28284819219934,4.07121261658759,,,,,,6.45602842566,6.07419198170535,,
309.408225,,,,,,,1.38774489869647,,3.36117840514877,3.4011224170528,3.64744884012358,,,,,,5.92450225565939,6.70725235077548,,
310.00825,,,,,,,1.28188343111932,,3.05898926033379,2.77292469682757,4.74928981098865,,,,,,6.23881839376584,6.46575937324867,,
310.608275,,,,,,,1.79741925734561,,2.69184800597152,3.15284509117073,4.95999337531382,,,,,,5.72924707951249,5.53986680457313,,
311.208275,,,,,,,1.30981318449425,,2.64559892973361,3.55132918441208,4.5696922192793,,,,,,5.3541870867509,7.4308380785073,,
311.8083,,,,,,,1.44273045825235,,1.93702439194902,4.17341416672892,5.18025826609628,,,,,,5.29409016805275,5.90211714936529,,
312.408325,,,,,,,1.4196585698812,,2.39228223535128,4.09502320334653,4.09177620822337,,,,,,5.44922090732873,6.94324886274321,,
313.008325,,,,,,,1.75582508247429,,2.80203736500888,3.4122037311357,4.98134855451774,,,,,,4.71914800160754,6.87332628362307,,
313.60835,,,,,,,1.09165172606923,,2.7083631153926,3.84948746411069,4.5838736961367,,,,,,5.38580502393892,7.05468218536236,,
314.208375,,,,,,,2.2906920245092,,2.42941955755287,3.05422625894655,4.66436558523024,,,,,,5.21060671854433,6.60704588944931,,
314.808375,,,,,,,1.94862734806315,,2.67804371271219,3.44399220659436,5.16783971972779,,,,,,5.03768830547575,5.51131793725575,,
315.4084,,,,,,,1.43783038259975,,2.98373076387632,3.28850243104633,5.06483624525063,,,,,,5.37316149219938,6.15241811688457,,
316.0084,,,,,,,1.47245106137978,,2.34928447180198,3.93053970996318,5.30934128344043,,,,,,5.0098714561838,5.99679093693284,,
316.608425,,,,,,,1.48310618947439,,2.51930096510424,3.64883585051776,5.17958236750806,,,,,,5.17650917995262,6.23054827262248,,
317.20845,,,,,,,1.11537957232972,,2.88898426139595,3.63264623299223,5.09802884521316,,,,,,5.13264612189553,6.77823141624892,,
317.80845,,,,,,,1.34858375993788,,2.58048546926972,3.54765550304544,4.88349824928716,,,,,,5.49128479757898,6.60199160588023,,
318.408475,,,,,,,1.29794994825536,,3.57929911894046,2.94760894615322,4.23564170936318,,,,,,6.23459283668813,5.93299685501833,,
319.0085,,,,,,,1.83742067928101,,2.97936082034683,3.29558377275733,4.75683933299532,,,,,,4.7651806993728,6.91902554443194,,
319.6085,,,,,,,2.31546137813136,,2.62039522810009,3.06791124643493,4.34376868552986,,,,,,5.32816431278503,6.47792395197822,,
320.208525,,,,,,,1.61251515864698,,2.36861861662765,4.31091836118001,4.65279941550726,,,,,,5.13228722746454,5.57997841081879,,
320.80855,,,,,,,1.11057970002976,,3.1842271025924,3.1147065701523,4.80098200243137,,,,,,5.96932231747494,6.29980573529357,,
321.40855,,,,,,,1.50292030864538,,2.88453118820786,3.68713647891258,5.0530506155929,,,,,,4.78643165173387,6.42967834506707,,
322.008575,,,,,,,1.50514742870301,,2.3096711564282,3.6708741539544,4.88167051822596,,,,,,5.5236340189425,6.33495678741629,,
322.608575,,,,,,,1.15869592238015,,2.45634364570719,3.44157785868838,5.16902447242998,,,,,,5.737440763882,6.57229054770657,,
323.2086,,,,,,,1.67607179493006,,2.51455993610099,4.23438794982138,4.68538970615238,,,,,,4.90938892416438,5.72955585775156,,
323.808625,,,,,,,2.14648593724801,,2.3327935013555,3.82444708831035,4.27298331964298,,,,,,5.23168382147704,5.92622262624274,,
324.408625,,,,,,,1.31532530142931,,2.5639453481809,3.37034057207362,4.98048427446746,,,,,,5.52913926330427,6.9077420364776,,
325.00865,,,,,,,1.87666128942694,,2.64025542232417,2.99782573620826,4.82008667119231,,,,,,5.64969070321297,6.23698576156348,,
325.608675,,,,,,,1.38980376201737,,3.21315326918593,3.03104827426061,4.25396015777247,,,,,,6.09286054217618,6.4490420339049,,
326.208675,,,,,,,1.26920325224123,,3.42976483527021,3.19298975160163,4.66832633501277,,,,,,5.87568279248799,5.6494751706347,,
326.8087,,,,,,,1.14623800590523,,3.4149209846597,2.3226089051873,4.82953955921351,,,,,,6.58449008678448,6.39224238041271,,
327.408725,,,,,,,1.36694236411973,,3.04101703571394,2.90751839089724,4.58051596838336,,,,,,6.29684176052307,6.12486958481506,,
328.008725,,,,,,,0.804101112979309,,3.46854318464398,3.51872919193395,4.28759617211873,,,,,,6.02057729305203,6.38962596950086,,
328.60875,,,,,,,1.52855705909828,,2.24736357804209,3.84525109247489,4.46565572083976,,,,,,5.56424645098972,6.6315541413949,,
329.208775,,,,,,,1.61449448936038,,2.11473235787694,3.7034169749957,5.20674162131177,,,,,,5.09735060844492,6.63985604267144,,
329.808775,,,,,,,1.19223429189888,,2.81602490057771,4.14670894767787,5.13133218137565,,,,,,4.98770257242195,5.67656566139142,,
330.4088,,,,,,,1.98437627133847,,2.18862827583231,3.61751029894847,4.90251518912429,,,,,,5.43594670116987,5.5730005625181,,
331.0088,,,,,,,1.84630824981044,,3.03743007550595,3.02544998956532,3.76309908543387,,,,,,6.0655921770827,6.54015510596091,,
331.608825,,,,,,,1.63076875416665,,3.02185262302588,2.46787259065694,4.99380991308955,,,,,,6.04413072864161,6.33275247218903,,
332.20885,,,,,,,1.58928025456377,,2.71042248729836,3.54750367965435,4.83939303950512,,,,,,5.2949237539201,6.20537146578162,,
332.80885,,,,,,,1.49210796332625,,2.7786175296084,3.58017024593907,4.02998715120924,,,,,,5.71991889086505,6.8354728884942,,
333.408875,,,,,,,2.02205133351369,,2.36561931096015,2.92608129886577,5.14907862069276,,,,,,5.58483679431569,6.09347858695018,,
334.0089,,,,,,,1.72015253288798,,2.87523630763338,3.20578744290687,4.57436925478865,,,,,,6.00387879835952,5.3876216724618,,
334.6089,,,,,,,0.890318218826092,,2.96189278868746,3.53497904261742,5.28020498056217,,,,,,5.59433293537623,6.17828242241366,,
335.208925,,,,,,,1.07874573525185,,3.34604038216484,3.09639780380525,4.36266462944492,,,,,,6.19852118471011,6.43734348174139,,
335.80895,,,,,,,0.741027886108191,,3.03636703450486,2.84913680301551,5.10498723179516,,,,,,6.41401317507154,6.74031225367729,,
336.40895,,,,,,,1.76102668277589,,2.70302061824423,3.15216618234968,5.19692977651471,,,,,,5.10938509582663,6.48566134759895,,
337.008975,,,,,,,1.74152725707739,,2.49262943423005,2.68110297406363,5.65315374887267,,,,,,5.52433278420918,6.41292274576259,,
337.608975,,,,,,,1.24591633344742,,2.67434177409796,3.92525546959652,4.29187979839557,,,,,,5.72149937133925,6.34927014973755,,
338.209,,,,,,,1.08282175039813,,3.0578724511587,3.136257046674,3.91341512787304,,,,,,6.73699136457479,6.57053724246757,,
338.809025,,,,,,,2.20503690819965,,2.70611420500843,3.3426842593306,4.10399091920296,,,,,,5.53299700633003,5.92923086489706,,
339.409025,,,,,,,1.73276517776926,,2.33083070874035,3.19556268405802,4.80912481640587,,,,,,5.41352182094475,7.23732466903694,,
340.00905,,,,,,,1.46529751121061,,2.41795810905535,3.42502598558488,4.75238360521774,,,,,,5.75782734963897,6.58963344732404,,
340.609075,,,,,,,0.982835374592285,,3.28036987687784,2.95856729507114,4.42782643483367,,,,,,6.37163948320152,6.67982318896257,,
341.209075,,,,,,,1.59036272409757,,2.60043422786413,3.04039507445422,5.38472587200277,,,,,,5.18013039075887,6.92404695353855,,
341.8091,,,,,,,1.40201296636105,,2.34588206215736,4.02758408596282,4.62475158120794,,,,,,5.41052856393366,6.3564765800361,,
342.409125,,,,,,,1.51378039715551,,3.06820746184085,3.55505152650253,3.99866379641005,,,,,,5.81500677503225,6.14117398014752,,
343.009125,,,,,,,1.76699452607268,,3.07540796682232,3.24848330960596,4.42847141864513,,,,,,5.60451509433557,5.87616732981434,,
343.60915,,,,,,,1.24070994118766,,3.68185740535989,3.08940068112313,4.2085267580968,,,,,,6.07438054302503,5.920279802239,,
344.209175,,,,,,,1.26870511210053,,2.85129404466637,3.62033846559951,4.32549589978159,,,,,,5.56636142441884,6.97267148107036,,
344.809175,,,,,,,1.41788647943739,,3.11476773066383,3.01943423950656,4.97125632407545,,,,,,5.83019224243084,5.83545903377032,,
345.4092,,,,,,,2.39487161701259,,3.08032105540646,3.12911105478196,4.39010229233613,,,,,,5.00442269770707,5.82494273557402,,
346.0092,,,,,,,1.0283980166616,,3.49823175493932,3.24342415056885,4.1272103547059,,,,,,6.07396462397203,6.60300803451572,,
346.609225,,,,,,,1.34789044318017,,2.42144398095698,3.64928982544975,4.54555096257389,,,,,,5.88034101556632,6.45619365787503,,
347.20925,,,,,,,1.31631797184275,,2.77076125199485,3.32104998706489,4.85617959116413,,,,,,5.83302977963722,6.21915725784262,,
347.80925,,,,,,,1.12001876725621,,2.94049455760018,4.09858660683038,4.50564098947984,,,,,,5.1691799506174,6.5094892092633,,
348.409275,,,,,,,1.45010518278966,,2.64960403061967,3.56774511302627,5.06573928930188,,,,,,5.6197854668493,5.5470507565438,,
349.0093,,,,,,,1.64111815976323,,2.86490341463143,2.58646119293688,4.76592531450155,,,,,,6.17011842523561,6.46272775945453,,
349.6093,,,,,,,0.935282784985467,,3.09661862514619,3.1401189061205,4.06442522356607,,,,,,6.61691213575819,6.8551339662949,,
350.209325,,,,,,,1.77094704767275,,2.28721717399503,4.24507893910668,4.17038735078977,,,,,,5.12576386063148,6.37314285057455,,
350.80935,,,,,,,1.20698733450533,,2.58209142627523,3.86927977278962,4.39178294949604,,,,,,5.88964787770511,6.23446956736582,,
351.40935,,,,,,,0.996286065357204,,3.28570807752663,3.17130264655868,3.9886178117534,,,,,,6.36188534188311,6.92523903235595,,
352.009375,,,,,,,2.07731806941505,,2.82836633850001,2.38123717547839,4.31656762651388,,,,,,5.99787891571501,7.06626205523987,,
352.609375,,,,,,,1.34515513267747,,3.5579071556075,3.11985270889178,4.0029305728009,,,,,,6.02967535499078,6.27398066320188,,
353.2094,,,,,,,1.61850482305558,,2.91583700873216,3.01286771397402,4.66008445954894,,,,,,6.16585931233579,5.56418435750615,,
353.809425,,,,,,,1.68082355155912,,2.88893931315354,3.25582498806649,4.57605949581885,,,,,,5.60594639160993,6.17324734289579,,
354.409425,,,,,,,1.71310594781195,,2.52481544584321,3.7357826254391,3.56940417071917,,,,,,6.30651172932251,5.95721491067981,,
355.00945,,,,,,,1.0459580064843,,3.31981276059787,3.37508644603502,4.19665155447837,,,,,,5.92087685127599,6.76593801238579,,
355.609475,,,,,,,2.03319005277686,,2.23866668319687,3.66659875541571,3.66850438397011,,,,,,5.94363265342076,6.41001957635075,,
356.209475,,,,,,,1.91145121564654,,2.11138752372844,3.46588245336545,5.19941813916735,,,,,,5.40092317807978,5.82518687280667,,
356.8095,,,,,,,1.30766440870238,,2.25635513373835,3.73461103492104,5.03039463545334,,,,,,5.27157222216654,7.06129371533699,,
357.409525,,,,,,,1.23292242757428,,3.06463204014788,2.99629322676107,4.89563761849795,,,,,,5.79645171328727,6.6899020564458,,
358.009525,,,,,,,1.7657864085209,,2.88795798648977,2.97260468578393,4.7555330761693,,,,,,5.78062104037851,5.96116489114193,,
358.60955,,,,,,,1.57309147811732,,2.98348725358988,2.81627907468214,4.55702565296732,,,,,,5.70336449885344,7.20347913946015,,
359.209575,,,,,,,1.77420266409571,,2.7595870995037,3.68761025433874,4.37885561182286,,,,,,5.18582861025247,6.33918592351587,,
359.809575,,,,,,,1.33840458700895,,2.5724873480408,3.6462777942165,4.59768901381374,,,,,,5.66056861502538,6.56465562686405,,
360.4096,,,,,,,2.15712472248272,,2.91231567822001,2.24743029940571,5.22879505113323,,,,,,5.58218900644964,6.23474033174784,,
361.0096,,,,,,,1.31480733099792,,3.57949606003688,2.72878453172379,4.70809208181418,,,,,,5.77392590428354,6.53830335317635,,
361.609625,,,,,,,1.52741509242624,,3.05453400627871,3.4457355594629,4.25069250099969,,,,,,5.58187026337946,6.43328917254663,,
362.20965,,,,,,,1.63506418255043,,2.38449569184215,3.18396476018532,4.93583440033493,,,,,,5.73517810126681,6.51645427037794,,
362.80965,,,,,,,2.01826119678337,,2.75989388711455,3.19393108415331,4.08735305217348,,,,,,5.51361490091452,6.76400403779537,,
363.409675,,,,,,,1.15029191081684,,3.17770908276818,3.39137518968055,4.92710828180128,,,,,,5.23948947324873,6.81906979015164,,
364.0097,,,,,,,0.959772999155165,,2.91319197317496,3.26879808026331,4.35469142413074,,,,,,6.176005303684,7.21802088446659,,
364.6097,,,,,,,1.71227618883393,,2.18083140787915,4.13823021293742,3.9282196077782,,,,,,5.8064534294253,6.01295437706587,,
365.209725,,,,,,,1.57425119832806,,2.53203783478495,4.28141407401938,4.11218453065263,,,,,,5.28829695414859,6.0996363415449,,
365.80975,,,,,,,2.0502304555581,,2.72278572613557,3.74833495920716,4.25778430251672,,,,,,5.07851579868558,5.97104629304763,,
366.40975,,,,,,,1.88211999981588,,2.79627737288327,3.56070205950882,3.96318733191533,,,,,,5.24594831736157,6.93010776205156,,
367.009775,,,,,,,1.10243236016752,,2.67422276271165,3.53197945134464,5.06577903705507,,,,,,5.81582367106292,6.10137729079306,,
367.609775,,,,,,,2.16494513777736,,2.17147648540339,3.62803539896175,4.32284041288418,,,,,,5.20988944218813,6.63166328545858,,
368.2098,,,,,,,2.06797680824557,,2.63086483066109,3.44628628194674,4.20730779558825,,,,,,5.3942516563483,6.28277559883686,,
368.809825,,,,,,,1.65300501391201,,2.51214358288355,3.21357784758148,4.63340304268753,,,,,,5.63207064990578,6.91758304008344,,
369.409825,,,,,,,1.24980120911351,,3.19108818384578,2.61387280581657,4.91419079565181,,,,,,6.18611253255123,6.50324876222804,,
370.00985,,,,,,,1.43335185066645,,2.20703857755154,4.10286907382223,4.78065066170136,,,,,,5.19070649442081,6.52955590536115,,
370.609875,,,,,,,1.04780866855702,,3.17757230468312,4.02034454772826,3.86007883141377,,,,,,5.50360978498411,6.91613980378339,,
371.209875,,,,,,,1.63286860090846,,2.26018806512892,3.66127806478438,4.57946550147003,,,,,,5.49682250254437,6.72207309861539,,
371.8099,,,,,,,1.42682535606615,,2.6049969173693,3.6589535355569,4.67394163234545,,,,,,5.23710886349378,6.98526297088666,,
372.409925,,,,,,,2.17021319837138,,2.04823179976136,3.82083624999187,4.46519342507422,,,,,,5.13946812170306,6.26229042539928,,
373.009925,,,,,,,1.98324126842352,,1.81020041258715,2.8027378440163,5.62570613361068,,,,,,5.6433679941019,6.57979239154189,,
373.60995,,,,,,,0.707560861954464,,2.66145584143396,3.76874193182827,5.2817740208055,,,,,,5.89263702414742,6.03016367365491,,
374.209975,,,,,,,1.48789640569853,,2.37494779681132,4.24426704016312,4.44970230298419,,,,,,4.80028403875686,7.13245427061084,,
374.809975,,,,,,,1.72673644607409,,2.27953122728649,3.34181389850566,4.85430126032351,,,,,,5.63349646913671,6.443382729424,,
375.41,,,,,,,2.44522408337996,,1.94907751687559,3.29567523875844,5.15284385040157,,,,,,5.00951189165859,6.04928504922721,,
376.01,,,,,,,1.91484142691495,,2.69745341337548,3.09767943551337,4.46794624771056,,,,,,5.16426418182094,7.43786567530075,,
376.610025,,,,,,,1.5209440698255,,2.90885435291307,3.34762531425224,4.67831801106409,,,,,,5.52281885076956,6.31905731362684,,
377.21005,,,,,,,1.47133141196545,,2.44222706140551,3.22798625311892,5.65029551250579,,,,,,5.61564730062279,5.67857577009721,,
377.81005,,,,,,,2.00159569628332,,2.63289167159295,3.04501189276193,4.87255207122739,,,,,,5.18411255384847,6.68300129027985,,
378.410075,,,,,,,1.77224041458011,,2.18855746939991,4.04584056436633,4.68665181992851,,,,,,4.93433861089345,6.51605539087169,,
379.0101,,,,,,,1.87354123324213,,2.76442399661169,2.97562045587499,4.90320825438823,,,,,,5.74342534693444,5.71349459410994,,
379.6101,,,,,,,1.57463040425925,,2.8844090387344,3.56589240334929,3.81191202692008,,,,,,5.98921416323492,6.2808474661512,,
380.210125,,,,,,,1.67990664744514,,2.9190337830762,2.87915774670287,4.06145611381414,,,,,,6.46678496546326,6.18839123896674,,
380.81015,,,,,,,1.69656825465112,,3.12617886685566,2.98924311667858,4.10858644353434,,,,,,5.89976789088381,6.57558944620911,,
381.41015,,,,,,,1.7934993094146,,2.77743300865693,3.10503234222051,4.6571696368047,,,,,,5.99220673622166,5.50531174908516,,
382.010175,,,,,,,1.23220489974626,,2.56359135601434,3.57233339947138,4.12167439804411,,,,,,6.18224683818339,6.82163042978994,,
382.610175,,,,,,,1.41385637980255,,1.87952207685492,3.25527721652825,5.34291199006446,,,,,,6.08225966650895,6.42664563463025,,
383.2102,,,,,,,1.73897047709924,,2.61212755394923,3.19572570773752,4.91571913877496,,,,,,5.41215854516186,6.48794748682074,,
383.810225,,,,,,,1.48075299261195,,2.12195069064174,3.85389159998075,4.57744046515359,,,,,,5.58201357307814,6.73703859793421,,
384.410225,,,,,,,1.59908470622566,,1.99141399763653,3.7602735073478,5.53259455980391,,,,,,5.08995567787785,6.19738606554899,,
385.01025,,,,,,,1.67262669301791,,2.84938213069192,3.59876740074521,4.21912068536847,,,,,,5.57884992440546,6.12435653203655,,
385.610275,,,,,,,1.34905861646653,,2.91274545781069,3.15310720509124,4.50752900358473,,,,,,5.92563246817084,6.71926427615864,,
386.210275,,,,,,,1.67967964803188,,2.85267799121312,2.69566494151759,4.59619895626906,,,,,,6.19631944751823,6.36618016100499,,
386.8103,,,,,,,1.65610488188912,,2.73030802300088,3.37117657275043,4.67460198809306,,,,,,5.41953383566906,6.46801309119171,,
387.410325,,,,,,,1.53299844154083,,3.52639402147562,3.39065028289026,3.54303131589122,,,,,,5.90918716647518,6.2522024718859,,
388.010325,,,,,,,1.44105404818649,,2.92613628454531,2.70005824988849,4.56381455100686,,,,,,6.36655956474419,6.54996543941763,,
388.61035,,,,,,,2.09130106669463,,2.06934304542829,3.17506417148983,4.79079181310217,,,,,,5.25462972603764,7.20522440235882,,
389.210375,,,,,,,1.09982121682471,,3.30097475606914,3.71559980720865,3.51159830290811,,,,,,6.16342059414961,6.55085831649005,,
389.810375,,,,,,,1.88524433876758,,2.35884000034867,3.52582747790662,4.50524420970278,,,,,,5.76944745728927,5.76233088370355,,
390.4104,,,,,,,1.21865771023714,,2.40391232462182,3.32530815586048,5.70921701144479,,,,,,5.45248051447689,6.41627645057702,,
391.0104,,,,,,,2.05575086327949,,2.35140138435823,2.49776439915476,4.30941546782072,,,,,,5.98431538358261,7.79183993191984,,
391.610425,,,,,,,1.12754314619501,,3.49392294436393,3.20797692701988,3.74174713023639,,,,,,6.55546700194566,6.12859109114276,,
392.21045,,,,,,,1.88054333127921,,2.22441962091081,3.79593738140398,4.67696281465368,,,,,,5.39407211172915,5.83478390495583,,
392.81045,,,,,,,1.80641154839316,,2.64800389868585,2.93909798055914,4.06737266088416,,,,,,6.12080486843957,6.93932899823833,,
393.410475,,,,,,,1.92514767267764,,3.11317379525744,2.44621567725153,4.76004771284025,,,,,,6.02189457253133,5.9017718455744,,
394.0105,,,,,,,0.999479108148187,,3.26785320688307,2.98514640524644,4.72685301746895,,,,,,6.24696351215919,6.30965505759792,,
394.6105,,,,,,,1.7624451866453,,2.37980955691238,3.16832136367996,4.79134887203655,,,,,,5.72396856508841,6.51296811801659,,
395.210525,,,,,,,1.49094290346061,,2.44826313235963,3.5979856200143,4.9210119254312,,,,,,5.49836373579266,6.26914775344236,,
395.81055,,,,,,,1.16611159345321,,2.71166082164634,3.32035715490611,4.43622014931277,,,,,,6.25111118861481,6.62226808630939,,
396.41055,,,,,,,0.781775137028964,,3.00121301824079,3.97228729191405,5.31516655244384,,,,,,5.32225904634165,5.80858298122926,,
397.010575,,,,,,,0.869475544424925,,2.84071897191641,3.38176331723777,4.64630558566412,,,,,,6.31111244000314,6.50033855342095,,
397.610575,,,,,,,2.03116819779282,,2.33922619981153,3.12407399701781,4.98859639729367,,,,,,5.57877087313259,5.93201502509276,,
398.2106,,,,,,,1.36498288929852,,3.3180308100993,3.62857896164553,4.0171167875889,,,,,,5.71548485414122,6.04825758932398,,
398.810625,,,,,,,1.08624614991032,,2.77066726431925,3.76860926362302,3.87043531763095,,,,,,6.40805182192948,6.30654696272832,,
399.410625,,,,,,,1.36140109772602,,3.03996511233214,2.97247912511081,4.59077460021889,,,,,,6.33054492253411,5.89026966033123,,
400.01065,,,,,,,2.00058647717734,,2.56761193563834,2.57423794021604,4.4861249531959,,,,,,6.55931369819884,5.80290893613604,,
400.610675,,,,,,,1.01668188404919,,2.82004025756898,3.06926343122597,5.1590075605722,,,,,,6.12614012478496,6.38071163266079,,
401.210675,,,,,,,1.42278389766672,,2.59643087571226,4.69328152367884,3.80717528816555,,,,,,5.3252627631295,5.83069273304306,,
401.8107,,,,,,,1.39183880464996,,2.60579670447472,3.62350610463881,4.26626567266409,,,,,,5.94772257187071,6.4171578600584,,
402.410725,,,,,,,1.40627259108914,,2.85292536108591,3.29539881592355,4.28225462560656,,,,,,5.9301156135226,6.72910483818367,,
403.010725,,,,,,,1.22345683970668,,2.65973863409561,3.80240749613769,4.40165154282769,,,,,,5.52524454382665,6.95490588402524,,
403.61075,,,,,,,0.879730286752585,,2.27409842338425,4.39746742488378,4.69515876350537,,,,,,5.60146357166807,6.43164862060563,,
404.210775,,,,,,,1.56868346960171,,2.44671966526695,3.61871328474962,4.66461991369589,,,,,,5.55170943888378,6.36953924021384,,
404.810775,,,,,,,1.79610907064816,,2.91572722193674,3.28727607719099,3.86390888356184,,,,,,5.67570656550751,6.88952581975727,,
405.4108,,,,,,,1.48598061104716,,3.04049608182263,3.0362097592372,4.73584194735658,,,,,,5.93985698118104,5.95471368171043,,
406.0108,,,,,,,1.3879631288892,,3.04011592767473,3.45641899694522,4.87842163112584,,,,,,5.80414720148705,5.19347188365353,,
406.610825,,,,,,,1.44970373068012,,2.58179130762804,3.0934697508559,4.59921637834187,,,,,,6.37717511757257,6.12178283219181,,
407.21085,,,,,,,1.44497865816985,,2.81538912988545,3.79075437719931,4.50628481718812,,,,,,5.16182097710638,6.66781316155933,,
407.81085,,,,,,,1.37750814659651,,2.89173782099622,2.962329186551,4.66878996592483,,,,,,6.07056803471019,6.5611488170576,,
408.410875,,,,,,,1.24920015053355,,2.12467424781201,3.92090542489237,5.07394040605694,,,,,,5.66868272487142,6.09266564306661,,
409.0109,,,,,,,1.35827414428353,,2.70843909203107,3.24595849062585,4.17518000936857,,,,,,6.25562087351842,6.76982640882059,,
409.6109,,,,,,,1.83898294151074,,2.65482991740144,3.60768380972754,4.85544415982379,,,,,,5.43805172448388,5.16891366869052,,
410.210925,,,,,,,1.75841383822244,,2.64440060020072,3.26466658318649,4.29524078942551,,,,,,5.78598799585602,6.54954571564918,,
410.81095,,,,,,,1.68057161801372,,2.84433769272523,2.54047993917684,5.51486896228426,,,,,,5.57389284529521,6.39732087440462,,
411.41095,,,,,,,1.28847614576574,,2.67583221112793,3.80898243240498,4.41872730415058,,,,,,5.6484061057755,6.44510514528105,,
412.010975,,,,,,,1.32773073376793,,2.93204443174292,3.70474965811368,4.62391372526661,,,,,,5.23829289616234,6.59440033730509,,
412.610975,,,,,,,1.4664665700134,,2.3979961207607,3.82709570565221,4.75847400221965,,,,,,5.0642721880614,7.06747125648263,,
413.211,,,,,,,1.71612140063889,,2.37416772487087,3.49320505074267,4.73787769765191,,,,,,5.6973812113169,5.99059173528267,,
413.811025,,,,,,,1.42878443928868,,2.48335970941952,2.87484973414637,5.49920419789722,,,,,,5.55116001132587,7.00362207233985,,
414.411025,,,,,,,1.78165478941979,,2.49039362631915,3.60187101588627,4.63896092388216,,,,,,4.94314628485952,7.08561677353708,,
415.01105,,,,,,,1.525510437462,,2.4083244832119,3.29326731914777,4.96043502503719,,,,,,5.32684334817993,7.30159915965057,,
415.611075,,,,,,,1.24568310147804,,2.50151784870257,3.09532751223012,5.12928467037582,,,,,,6.26286945787113,6.08681281425671,,
416.211075,,,,,,,2.01836720672248,,2.31974140166561,3.33614083198619,5.02665891716144,,,,,,5.20546611395278,6.18909632187558,,
416.8111,,,,,,,1.60369101419307,,2.86277581817293,2.86716060393569,3.52500873296818,,,,,,6.7448767271718,6.92386094494278,,
417.411125,,,,,,,1.26632949707197,,3.98223507019087,3.61361785081751,3.29593802924786,,,,,,5.78796421727292,6.23390558537956,,
418.011125,,,,,,,1.26834641917112,,2.75416444435095,2.77697112423098,4.67124036124529,,,,,,6.27040152366031,7.15387717044917,,
418.61115,,,,,,,1.23520835631158,,2.46350793754725,3.79685961497549,4.69250346791455,,,,,,5.91182503835663,5.97289143996981,,
419.211175,,,,,,,0,,3.22997228943215,3.99632789440643,4.80424865439089,,,,,,6.28726639190335,6.29311614364037,,
419.811175,,,,,,,0.986698938660942,,2.71794878662625,3.6279164959172,4.56749864222755,,,,,,5.9632895347711,6.68517939580415,,
420.4112,,,,,,,1.69207956477219,,2.26120064286801,4.37886740761797,4.37043341911869,,,,,,5.57097181690407,5,,
421.0112,,,,,,,1.4848857817065,,2.42057082852252,3.76328713636623,4.33171950668267,,,,,,6.22600549827413,5.47416416925643,,
421.611225,,,,,,,1.54314534914977,,2.57764986048585,3.07971156424003,4.80210272680506,,,,,,5.90911541788721,6.52802510374999,,
422.21125,,,,,,,1.65631609676339,,2.81778532012193,3.56367529408283,4.32693330443436,,,,,,5.62303963431975,6.02651508049617,,
422.81125,,,,,,,1.82508796933464,,2.64646940956562,3.84335956994118,3.84643431610162,,,,,,5.84255143487987,5.6260439721621,,
423.411275,,,,,,,1.51316562147352,,2.67446247617991,2.79854379432948,5.22488269869967,,,,,,6.11537973608754,5.91817196434429,,
424.0113,,,,,,,1.10341884906134,,2.74955788277463,4.08209699447782,4.12887954805703,,,,,,5.86292458340668,6.19297330385231,,
424.6113,,,,,,,1.51890009162396,,2.28204078570757,4.00509110763008,4.57221252441603,,,,,,5.34224247710216,6.46378514245194,,
425.211325,,,,,,,1.33523396017174,,2.51423097585163,3.70482866171343,4.68091817997879,,,,,,5.64959246235272,6.41040365657183,,
425.81135,,,,,,,1.71059963156394,,2.8022878976845,3.03899259887512,3.88819450675278,,,,,,6.32317222904579,6.5504299016352,,
426.41135,,,,,,,1.53465080443903,,2.84747684121849,3.38887095146424,3.83443777539404,,,,,,5.98369636389076,6.86979800311867,,
427.011375,,,,,,,1.38262394854901,,3.18389962054404,2.7671785132924,3.93013653005031,,,,,,6.63045439738555,6.64430711314536,,
427.611375,,,,,,,2.2514539729477,,2.84924162239895,2.70030944037144,3.83984304184489,,,,,,5.98415854798449,6.66645930120254,,
428.2114,,,,,,,1.61372889578351,,2.89969295637429,4.00412188222128,3.58662472318525,,,,,,5.88989537510524,5.67476814734446,,
428.811425,,,,,,,1.33659733178373,,2.71125327477119,3.36884536986718,4.51163222424535,,,,,,5.87750299769917,6.69569792376684,,
429.411425,,,,,,,1.95494559638674,,2.64797182105487,3.3143291369649,4.46489277103116,,,,,,5.81166949876765,5.53319022580693,,
430.01145,,,,,,,1.52162089049633,,2.44197481328514,3.79211873086239,4.99814905134593,,,,,,5.41590473087465,5.74824750609657,,
430.611475,,,,,,,1.51599703804266,,2.95022252814189,2.91108447059556,4.96556933281792,,,,,,5.7045625944748,6.43519109466198,,
431.211475,,,,,,,1.25168732133309,,2.77944808781167,3.20066346051164,4.53370526212468,,,,,,5.8699559014312,7.18497465738235,,
431.8115,,,,,,,1.13172601042025,,2.35104071384497,3.89788067547459,4.81598754509634,,,,,,5.57509502569821,6.69395857801944,,
432.411525,,,,,,,1.47438665037765,,2.71422573326943,2.64795218303854,4.64342090995058,,,,,,6.32441082789413,6.94197409587479,,
433.011525,,,,,,,1.99462406087179,,2.30362392667023,3.24296516558056,4.79189225141457,,,,,,5.73000136169392,5.84267810198588,,
433.61155,,,,,,,1.62848980830174,,3.0520918338298,2.93681760009044,4.23407012863439,,,,,,6.07817697058113,6.42629371833823,,
434.211575,,,,,,,1.31551902863266,,3.31072679863485,3.62110624982543,3.97050521824157,,,,,,6.04867788372459,5.59806896886244,,
434.811575,,,,,,,1.47997865257257,,3.44290964256716,2.4197159905065,4.20406670676639,,,,,,6.60135060475977,6.314881100676,,
435.4116,,,,,,,1.27110422238737,,3.23343979353217,2.9113010425317,4.22047965291394,,,,,,6.35031063400715,6.54466187270986,,
436.0116,,,,,,,0.878604162785605,,3.30106907346165,3.61057778427656,4.42522072634366,,,,,,6.01960082369872,6.0357458362217,,
436.611625,,,,,,,1.89085671774284,,2.63622160851456,3.18637335494011,4.70119880954371,,,,,,5.60147959466143,6.05515776366674,,
437.21165,,,,,,,1.62911550170993,,2.29741047193611,3.35400791773787,4.49136581703782,,,,,,6.06318591158001,6.39820696189393,,
437.81165,,,,,,,2.06440168866484,,2.54004288111943,3.25749435196388,4.87503771876858,,,,,,5.22440589130363,6.07594509820936,,
438.411675,,,,,,,1.40162243431757,,2.77884233224493,3.787066953526,4.77130075097325,,,,,,5.1482683058901,6.40755413971944,,
439.0117,,,,,,,1.77909887206138,,2.30903670961085,3.87173153392796,3.8561651475984,,,,,,5.69863560086824,6.61073498446899,,
439.6117,,,,,,,1.99311657464547,,1.95562908637,2.90779425557467,5.59802056481202,,,,,,5.63905023644909,6.07163813144297,,
440.211725,,,,,,,1.88297895358241,,2.23133906444056,3.34135067264472,4.79107605502412,,,,,,5.93184470479913,5.61104703854145,,
440.81175,,,,,,,1.2159447077548,,2.8714283070668,3.54637424542495,3.61793254655834,,,,,,6.6901922827491,6.19032239721857,,
441.41175,,,,,,,1.33865694377567,,2.70920084979998,3.22038990328038,3.73495142618089,,,,,,6.40725718234258,7.36895643956434,,
442.011775,,,,,,,1.37233294556725,,2.21396093129043,3.25216179348603,4.95675080698156,,,,,,5.78061072810437,7.2392063468806,,
442.611775,,,,,,,0.977172796233889,,2.33719781370636,3.78943966761208,4.59748660558291,,,,,,6.04792133295573,6.80775241264703,,
443.2118,,,,,,,1.53416614032955,,2.91582976165639,3.34499567961386,4.61143186224165,,,,,,5.58803516767804,6.26217558384476,,
443.811825,,,,,,,0.97214760906964,,2.44277773725505,4.40345482952499,3.8979249395292,,,,,,5.78883521490307,6.90766637354855,,
444.411825,,,,,,,0.986233171131476,,3.10649133222357,2.61365523769795,4.38126393097134,,,,,,6.98913461686963,6.6536001196402,,
445.01185,,,,,,,1.29714145128921,,2.44505489545168,4.09464414678806,3.77279297266529,,,,,,5.92949642245827,6.74213453389413,,
445.611875,,,,,,,1.50175549401734,,2.63103495865051,3.20929287214364,4.40380219103112,,,,,,6.58301985819164,5.52448081414422,,
446.211875,,,,,,,1.6271089578582,,2.44516722759255,3.46306957611118,4.37115063956531,,,,,,5.86089846438044,6.49147899444249,,
446.8119,,,,,,,1.93062970965095,,2.11415727290289,3.20511838437042,5.12489398245018,,,,,,5.85418282598284,5.60335011569633,,
447.411925,,,,,,,1.73677838607223,,2.58173985433697,2.85545039429958,5.38143608369177,,,,,,5.9211203933538,5.48248058636473,,
448.011925,,,,,,,1.09183674219211,,3.03972083031035,3.643550786038,4.16185626564102,,,,,,6.11609759043088,6.16722226922251,,
448.61195,,,,,,,1.47767917272952,,2.50629059721176,3.59586508397586,4.63670012611515,,,,,,5.75415207942013,6.17982676665167,,
449.211975,,,,,,,1.71839850817735,,2.08205500282208,3.82091601468207,4.60416619985656,,,,,,5.65703307990065,6.05809385538837,,
449.811975,,,,,,,1.54911438849539,,2.60534410736262,3.67456893288806,4.30786333401166,,,,,,5.64360732329633,6.43518765153521,,
450.412,,,,,,,1.56982616113535,,2.37941050949024,3.67600097143313,4.63719017843767,,,,,,5.61111196389213,6.27850784340999,,
451.012,,,,,,,1.34777709733443,,2.86409541347525,3.33342802342403,4.26961252284493,,,,,,6.56806730344475,5.45236633838058,,
451.612025,,,,,,,1.23931389372765,,3.24783384741661,2.30130818735444,4.99855981594738,,,,,,6.62475470433337,6.12641901276952,,
452.21205,,,,,,,1.89449489782729,,3.62030970369767,2.65423920272955,3.83583180118756,,,,,,6.11177802681747,5.98680040249258,,
452.81205,,,,,,,1.66328793833415,,3.24974244046915,2.89605078460762,3.796821189559,,,,,,6.32968987145204,6.32500638410529,,
453.412075,,,,,,,1.0806911887843,,2.77810223063102,3.76591071823093,4.37006619359171,,,,,,6.00960395249142,6.23869494283916,,
454.0121,,,,,,,1.39562543789047,,2.65661294602977,3.04931317489502,4.13823036484666,,,,,,6.46205287352019,6.8944069793165,,
454.6121,,,,,,,1.57606521001656,,2.6639709742385,3.11159573161041,4.60084958762849,,,,,,6.13360366529905,6.09099245904861,,
455.212125,,,,,,,1.49800014793366,,2.04861873489193,3.58814107728925,5.14454024714739,,,,,,5.42321072757105,6.79341044208453,,
455.81215,,,,,,,1.75765951170991,,2.4516452874881,3.31000039382819,5.23761496575393,,,,,,5.2996137274158,6.11112976026547,,
456.41215,,,,,,,1.72496391851857,,1.89908585696065,3.11620544351592,4.4976951502248,,,,,,6.2913284491044,7.01165051824413,,
457.012175,,,,,,,2.18876661306569,,2.30888476826871,3.0048043955556,4.80199471757542,,,,,,5.58815054122893,6.18941573494796,,
457.612175,,,,,,,1.41356526373106,,2.85483505012262,3.37933622731645,5.01821665645831,,,,,,5.86189766308393,5.29759959790946,,
458.2122,,,,,,,1.44750521353895,,2.46225125158009,3.42994136073709,5.27895108963067,,,,,,5.65856097733816,5.7873616192821,,
458.812225,,,,,,,1.53300381500602,,2.50546302684301,3.75592712264511,4.46253541705597,,,,,,5.49629607151965,6.49436838728417,,
459.412225,,,,,,,1.61855606117694,,2.50721164014897,3.39420596131674,4.34577213513945,,,,,,5.59562697987154,7.16960947119262,,
460.01225,,,,,,,2.56828253913507,,2.247837547586,2.01223980741301,5.16484981826471,,,,,,6.02562007588633,6.19171542353789,,
460.612275,,,,,,,1.51393579607652,,2.30498734016087,3.0433237961676,4.83626815726115,,,,,,6.08833448336997,6.78216089326434,,
461.212275,,,,,,,2.13152368185098,,2.7785178751966,2,4.75640731877511,,,,,,5.94226635238176,7.28260844085048,,
461.8123,,,,,,,1.77143071457016,,2.89993453929981,3.24016043388407,3.54795373761758,,,,,,6.43674667349094,6.08186214479833,,
462.412325,,,,,,,1.97956318400015,,2.49138547791114,2.93727305726537,4.57921139575371,,,,,,6.15890155903499,5.77123255955729,,
463.012325,,,,,,,1.86164552250952,,2.38241340411739,2.77900199584045,4.56280643515706,,,,,,6.16208188573226,6.71188306180451,,
463.61235,,,,,,,1.86729064607023,,2.84852829171838,3.17815424477754,4.00317256567589,,,,,,5.74081296080737,6.71082832566092,,
464.212375,,,,,,,1.47487950928713,,2.40909397808309,3.36615931452709,4.75779828202042,,,,,,5.69780007783186,6.84403658824758,,
464.812375,,,,,,,1.12952292888795,,2.32629297376626,4.15522016599286,4.0448999542282,,,,,,5.85556816918915,6.92387035532022,,
465.4124,,,,,,,2.28005099147553,,2.15988206801886,3.4504271178121,4.34110643930169,,,,,,5.42584531793076,6.30406851792824,,
466.0124,,,,,,,1.67437528197571,,2.15281380180772,3.68675399755405,4.02981274916788,,,,,,6.08079727845021,6.5316111653885,,
466.612425,,,,,,,1.79525992696949,,2.56855315466525,3.9128390060256,3.64561221907594,,,,,,5.89331417102331,5.94175386197221,,
467.21245,,,,,,,1.7192284274985,,2.23257032709522,3.22308206407225,4.87684975909766,,,,,,5.52568172598868,7.03471280638026,,
467.81245,,,,,,,1.68923329641239,,2.6491585549662,3.71377326394308,4.475134166079,,,,,,5.8115627807508,5.2231718927399,,
468.412475,,,,,,,1.54600323718055,,3.23452671474312,2.81713130919095,4.38770852393449,,,,,,6.35364540218826,5.73458141374257,,
469.0125,,,,,,,1.40735056233731,,2.90435702765907,3.2478423572695,4.38214518246805,,,,,,6.34617382728761,5.69038030361193,,
469.6125,,,,,,,1.4552745750066,,3.10267189488374,2.47516691903537,4.78829055510076,,,,,,6.50642150244927,6.03017332828537,,
470.212525,,,,,,,1.02068635376037,,2.78807307791242,3.10886522556944,4.58398241237691,,,,,,6.46792895675813,6.66433320975971,,
470.81255,,,,,,,1.06238856505337,,2.88788555065916,3.21213929956843,5.04574350958281,,,,,,5.91529297084787,6.42184290594484,,
471.41255,,,,,,,1.11041421606723,,3.22733689389978,2.8202748762289,4.95036906705748,,,,,,6.08390612580466,6.43814913470595,,
472.012575,,,,,,,1.23069869990613,,3.12855266272827,3.46195326134886,4.19581333019308,,,,,,6.29861588159627,5.63488130835696,,
472.612575,,,,,,,1.54454065892709,,2.34337542259272,2.76689228751612,4.99299026011911,,,,,,6.4131993684019,6.34819426713996,,
473.2126,,,,,,,1.63869392105595,,2.80399037668965,3.07049188781961,4.63650300478655,,,,,,5.88588494207018,6.21264093175199,,
473.812625,,,,,,,1.64531115850485,,2.34389430491275,2.96710149941053,5.07750648130781,,,,,,5.85533177465819,6.597153228984,,
474.412625,,,,,,,1.2039434306363,,3.54169031756636,3.42835979909743,3.82470341334571,,,,,,6.43979420271435,5.37590130461471,,
475.01265,,,,,,,1.50384467218209,,2.8029510987879,2.70587186727795,4.52295571049463,,,,,,6.19265609371713,7.04499922155028,,
475.612675,,,,,,,1.77219333090541,,2.85298658749369,3.21531992501011,4.21006920031503,,,,,,5.93162506656345,6.08449271522671,,
476.212675,,,,,,,1.66187265824355,,2.50563379235989,2.95060306492712,4.8701481337889,,,,,,5.7610509397424,6.85936866871941,,
476.8127,,,,,,,1.64498464651645,,2.83970539456942,2.28068647947142,4.95617256258555,,,,,,6.45523751116722,6.31749978568787,,
477.412725,,,,,,,1.10260757505427,,2.53653901991602,3.27076650374996,4.64054286351403,,,,,,6.59765304932837,6.15132181710467,,
478.012725,,,,,,,1.79533324501264,,2.65593818262877,3.34885014843231,4.2032977880406,,,,,,5.77448186538514,6.41128783820051,,
478.61275,,,,,,,1.37640723171826,,2.44951767685265,3.46183767552079,4.72541442690033,,,,,,5.57083654027328,7.11513779673389,,
479.212775,,,,,,,1.56771212172282,,2.33216229918214,2.80798592844015,5.40392866380571,,,,,,6.04614567158961,6.22659530163991,,
479.812775,,,,,,,1.4905445514467,,2.58771302049354,3.19681269436419,4.67318536158563,,,,,,5.78844943588118,6.84506024457361,,
480.4128,,,,,,,1.39425568447778,,2.88640438312221,3.14633335562616,4.54917995341581,,,,,,6.09950074684916,6.22575782734979,,
481.0128,,,,,,,1.17432275879585,,2.394721117122,3.65025144319485,4.9203629841393,,,,,,5.84776463801017,6.35119815695294,,
481.612825,,,,,,,1.45231374720208,,2.57800754179769,2.84836635471326,4.5469319009412,,,,,,6.33156453405045,6.92408153481445,,
482.21285,,,,,,,1.4869016386543,,2.8837370583798,3.34116778624314,4.82252807703027,,,,,,5.39126856749977,6.48699583372085,,
482.81285,,,,,,,1.69881198292232,,2.41061307770448,2.82305740187596,5.38347360930655,,,,,,5.91597405721811,6.00026586228232,,
483.412875,,,,,,,1.83171334181619,,2.73112566611843,3.15177143308831,4.25745593325668,,,,,,6.11598478387012,5.84560506108936,,
484.0129,,,,,,,1.39492078037013,,2.84807944800254,2.97630394155683,4.18551437416108,,,,,,6.35485957518632,6.84880838969388,,
484.6129,,,,,,,2.03538545353952,,2.31177721244163,3.09765791405946,4.45552858908511,,,,,,6.27339978426115,5.55379597280894,,
485.212925,,,,,,,1.31847175241117,,3.36636495874718,2.45801858322968,4.29665758186499,,,,,,6.63057486070818,6.56564355372041,,
485.81295,,,,,,,1.08055437666826,,3.03658962478226,2.76629564743365,4.14714077325307,,,,,,6.80176846226479,6.97722730070514,,
486.41295,,,,,,,2.5400825736313,,2.65389610403073,2.17740638761969,4.13151053797521,,,,,,6.47232825642933,6.02149378540917,,
487.012975,,,,,,,1.90188129579514,,2.74829950096707,2.90002534595622,4.3544295512045,,,,,,6.25058036880809,5.79410234218501,,
487.612975,,,,,,,0.749562321439525,,2.65996377100991,3.03952681346954,5.02145905980686,,,,,,6.71789826519318,6.4814427769501,,
488.213,,,,,,,1.6306106010781,,2.82415646368315,3.00746444857625,4.39348564981281,,,,,,6.17820376824147,6.18215042704105,,
488.813025,,,,,,,1.22356420161028,,2.71160949084386,3.13641885226359,4.98018038965287,,,,,,5.97824185713105,6.508597673088,,
489.413025,,,,,,,1.26270570272319,,2.91389682953206,3.06649883184385,4.40487589204543,,,,,,6.34850622007258,6.46207836071977,,
490.01305,,,,,,,1.50000475278816,,2.96334892125169,3.01907713942636,4.12783683261938,,,,,,6.12933570662921,6.81982210292821,,
490.613075,,,,,,,1.75906955052439,,2.54597015554787,3.48554666776655,3.99339649756591,,,,,,5.87773616695767,6.54459899055963,,
491.213075,,,,,,,1.25907282695606,,2.32398226576397,4.19092822452036,3.85029225635536,,,,,,6.15638664995922,6.218572983389,,
491.8131,,,,,,,1.62722723600484,,2.39705084672539,3.45149255236121,4.22965107592725,,,,,,6.07892091624259,6.41303073357435,,
492.413125,,,,,,,1.5219244824574,,2.54480468350991,3.75426088850584,4.44919795197506,,,,,,5.71553215641131,6.01648596315782,,
493.013125,,,,,,,1.45730036581131,,2.66275594612659,3.65047800751228,4.5300201365879,,,,,,5.8173669926282,5.85892377497912,,
493.61315,,,,,,,0.971657917566426,,3.04941838985465,3.08296713070502,4.43787047552089,,,,,,6.75660534359451,6.0172556560276,,
494.213175,,,,,,,1.14965234143141,,3.2894400762122,2.95663103932065,4.69506937916657,,,,,,6.20881038967202,6.07812683377494,,
494.813175,,,,,,,1.56820017948876,,2.93213278369914,3.16804654377023,4.15767538600347,,,,,,6.15907970258673,6.21046688798074,,
495.4132,,,,,,,1.37656963287384,,1.80965708532399,3.32467054017813,5.44398439883274,,,,,,5.72317507726556,7.05647820022449,,
496.0132,,,,,,,1.61255326912289,,2.54955565852559,2.8592724283156,4.84064084964343,,,,,,6.3271548397464,5.99922522500355,,
496.613225,,,,,,,1.32336011773004,,2.83414573611924,3.32865008047932,4.92780115443495,,,,,,5.94401336086114,5.69602799103838,,
497.21325,,,,,,,0.973801351973313,,2.66225732371909,3.64571506434463,4.58776075558877,,,,,,6.0157518804037,6.63511599144329,,
497.81325,,,,,,,0.691701439388617,,2.69597666675839,3.48984860574242,5.15005152915937,,,,,,6.32848403839008,6.02646326622978,,
498.413275,,,,,,,2.42712656566934,,2.60319759688908,3.40807715499363,3.3675246843578,,,,,,5.48568655811805,6.81653031042645,,
499.0133,,,,,,,0.804508023885391,,2.87708294974339,3.70130766167001,3.97736566923093,,,,,,6.28411772287518,7.08355914936534,,
499.6133,,,,,,,2.15124734060731,,2.59137677239576,2.55104258218579,4.41581375152819,,,,,,6.23813030265157,6.21697531974496,,
500.213325,,,,,,,1.57013412495499,,2.18775332825139,3.60410609390383,4.65565826208129,,,,,,5.90585220594564,6.1730792501591,,
500.81335,,,,,,,1.59496556661497,,2.50678728021041,2.59310905523896,4.84245963817363,,,,,,6.55723724836586,6.30530877831953,,
501.41335,,,,,,,1.37574460021657,,2.58216707884827,3.79971661787577,4.0416035122874,,,,,,6.22972228714035,5.88411366230173,,
502.013375,,,,,,,1.32512542285295,,2.88425070920215,2.91249896517694,4.39365718154905,,,,,,6.58586696237878,6.25924541579696,,
502.613375,,,,,,,1.25575329952822,,2.43263529423331,3.03218460789452,5.03517803303135,,,,,,6.53918966367703,5.94154859271881,,
503.2134,,,,,,,1.86974321970038,,2.77728959640101,2.93889745467239,4.65081574668198,,,,,,5.96218240095839,5.79159725417317,,
503.813425,,,,,,,0.793752758439273,,2.6707108935611,3.64374253541005,4.64129791561226,,,,,,5.79524399947642,7.46749920294478,,
504.413425,,,,,,,1.43876350614441,,2.69671036773253,2.91675279180164,4.68825566266943,,,,,,6.32112009718039,6.32554634666579,,
505.01345,,,,,,,1.73880252701312,,2.66041276979694,3.12757506233105,4.66451758901929,,,,,,5.79812437612624,6.21348703676486,,
505.613475,,,,,,,1.87301641958615,,2.96428073881764,2.72846171640782,4.31380669270845,,,,,,6.08794486883841,6.29854918822085,,
506.213475,,,,,,,1.63471440126381,,2.82545821775786,2.72897696496838,4.42432281946704,,,,,,6.53289661442688,6.06207303069596,,
506.8135,,,,,,,1.74614993806893,,3.22712756488179,2.73751531229002,4.56710297183257,,,,,,6.05657939362737,5.71155923156059,,
507.413525,,,,,,,1.5007532433946,,3.48037316831931,3.13342265183747,4.2645496100965,,,,,,5.96934904353007,5.62510054013499,,
508.013525,,,,,,,1.24700075142322,,2.9342248866792,3.49947289783281,4.61810171582503,,,,,,5.85248445545925,6.03783347551745,,
508.61355,,,,,,,1.48607801347071,,2.73495739626813,3.51572102460755,4.01172537322827,,,,,,5.71168122337735,7.14667747103901,,
509.213575,,,,,,,1.62623055531508,,3.17687763506095,2.99043583427482,4.78787016385152,,,,,,5.71545849456935,5.80987228381967,,
509.813575,,,,,,,2.51671574277634,,2.72810103361077,2.67733056323145,4.19082873700706,,,,,,5.6914446109459,6.22580051871599,,
510.4136,,,,,,,1.56220774776777,,2.84154806862389,2.80429142137767,5.12008523037009,,,,,,6.19427858321641,5.47776565713633,,
511.0136,,,,,,,1.76291077047171,,2.84953851694957,2.35072725410415,4.86338608123209,,,,,,6.19811743283245,6.51952557442491,,
511.613625,,,,,,,1.98656285640217,,2.8491321408735,2.99901823752276,4.18258240697108,,,,,,5.95767629811515,6.05666985717178,,
512.21365,,,,,,,1.47919888814343,,2.81725288948429,3.406775838166,4.34180090818014,,,,,,6.37230771688458,5.28954544333676,,
512.81365,,,,,,,0.988427996700844,,2.73471834934107,3.72674507916918,3.95064333287226,,,,,,6.64371675811315,6.0990485361488,,
513.413675,,,,,,,1.70828200413202,,2.64493329889214,3.35717196461457,3.74864752581733,,,,,,6.27531628841727,6.42117618717431,,
514.0137,,,,,,,1.49872112930698,,2.5585628563058,3.00099531077068,4.78605371895772,,,,,,6.23921276235353,6.21540467569,,
514.6137,,,,,,,1.74653639110261,,2.34927887940494,3.38530430070906,4.96790414527522,,,,,,5.73335368660457,5.731438629866,,
515.213725,,,,,,,1.83296139947102,,2.45113928908862,3.2854216484839,3.71406888282891,,,,,,5.93340594949351,7.4219775107468,,
515.81375,,,,,,,1.23745675985302,,2.26956648195989,3.56858116446013,4.7529438502302,,,,,,5.85037026929616,6.92751116518916,,
516.41375,,,,,,,2.14633827299247,,2.14897484647953,3.44514673637039,5.01257889762607,,,,,,5.02414018089742,6.31193544341393,,
517.013775,,,,,,,1.25499898500319,,2.49371035688026,4.03844580358515,3.7169834508913,,,,,,5.93425259233399,6.99246177958327,,
517.613775,,,,,,,2.26412156141508,,2.03619245625098,2.94308126625355,5.04475239982734,,,,,,5.41575333336573,6.58636283724017,,
518.2138,,,,,,,1.13790342525547,,2.98346657011688,3.69283791593251,3.94583851165957,,,,,,6.35106604485569,5.93096654742151,,
518.813825,,,,,,,1.58987562040239,,2.28913991012,3.50078188914013,4.63734191783282,,,,,,6.04610171687019,5.92219796876619,,
519.413825,,,,,,,1.57204108057607,,2.16684855129108,3.91524609009224,3.93704011704245,,,,,,6.09341522690968,6.34989782007074,,
520.01385,,,,,,,2.01699649119502,,2.26149249498906,2.7600631106152,5.19057338740293,,,,,,5.74878965570716,6.30108110561721,,
520.613875,,,,,,,1.40436751437678,,2.57146672738746,3.5584369202332,5.2686688247415,,,,,,5.22149936634759,6.30788183725913,,
521.213875,,,,,,,1.839052768478,,2.13480262365817,2.856128402282,4.79177138977997,,,,,,5.89921211181344,7.18994218981502,,
521.8139,,,,,,,1.7540865860384,,2.45094364689814,3.35100607183357,4.76320512043305,,,,,,5.75274256117169,5.93404827258993,,
522.413925,,,,,,,1.69253463947365,,2.28341073742081,3.6259725826398,4.42122965962481,,,,,,5.65158286293642,6.57062433311355,,
523.013925,,,,,,,1.63281480116378,,2.75911007792141,3.60909948766448,3.97448547804593,,,,,,5.91676500237364,6.11497594576121,,
523.61395,,,,,,,1.56445965985009,,2.42049629132877,3.24392770102654,4.73728620122625,,,,,,5.96718146858085,6.36065121334101,,
524.213975,,,,,,,1.34164656709685,,2.84751522820928,2.86058803615638,4.56134647972083,,,,,,6.35311591111053,6.59799905486108,,
524.813975,,,,,,,1.5538734825632,,2.48885294588336,3.05568286313593,4.93764179786345,,,,,,5.72506128898666,6.86922805772317,,
525.414,,,,,,,2.2140609093674,,2.85918447304537,2.88340052412358,4.27349894096425,,,,,,5.89311121328517,5.69050502418693,,
526.014,,,,,,,1.61262713023585,,3.08033758160827,2.5775125057811,4.55383196402453,,,,,,6.52859770716361,5.78094764999793,,
526.614025,,,,,,,1.78512928410457,,2.8435715402489,3.77271070991385,3.74512089239721,,,,,,5.58498404710414,6.25473449164898,,
527.21405,,,,,,,0.813775073841134,,3.27750551048947,3.56405360210479,3.98853782028796,,,,,,6.03173805778853,7.14037616728182,,
527.81405,,,,,,,1.56987364428527,,2.94937919350073,3.32645064288101,3.86562875141943,,,,,,6.27320828560625,6.07123925010012,,
528.414075,,,,,,,1.77020901882365,,2.26350388255639,2.80190904457079,4.90903337327152,,,,,,6.03457340511628,6.76256175395614,,
529.0141,,,,,,,2.02025119587339,,2.55881855615069,3.19196918497505,4.59644951148076,,,,,,5.2979401977038,6.67431216297562,,
529.6141,,,,,,,2.01521201228929,,2.19067188006288,3.5081388790236,4.58939671612786,,,,,,5.36214921352677,6.48573723231065,,
530.214125,,,,,,,1.78554507178797,,2.34048324478338,3.71909135552671,4.71110971652932,,,,,,5.354100634208,6.07722936097437,,
530.81415,,,,,,,1.73748957139148,,3.19515575654773,2.88397777377905,4.17737687600146,,,,,,6.06424030182255,6.12584241233839,,
531.41415,,,,,,,1.49263361886399,,3.29715738608444,3.22710073850194,3.75943359900868,,,,,,5.90998883781334,6.81147543971955,,
532.014175,,,,,,,1.87066142587182,,2.57467317283293,2.83057551493359,4.55596094157949,,,,,,6.11890193178474,6.29280922621629,,
532.614175,,,,,,,0.799392626592926,,2.95451737876558,3.17489486409308,4.9898831103672,,,,,,6.46126526348997,6.04148573164443,,
533.2142,,,,,,,1.32824469953842,,2.83431974107779,2.9976787290327,4.25575912559373,,,,,,6.31945351147309,6.94539653377816,,
533.814225,,,,,,,2.09791502413142,,2.60131309726349,2.72787459141282,4.46356028677886,,,,,,5.94901717111919,6.41864725437762,,
534.414225,,,,,,,1.36660284061461,,2.59610821233437,3.571095799521,4.01448089417146,,,,,,6.24927345002661,6.45981871319287,,
535.01425,,,,,,,1.54564335715574,,2.81933150173024,3.07328628099521,4.34131830153577,,,,,,6.09480282313759,6.52342651655406,,
535.614275,,,,,,,2.14582082919982,,2.56092937285226,3.00423967133666,3.9323859648999,,,,,,5.89951846680294,6.75299601623914,,
536.214275,,,,,,,1.43074395635449,,2.3755735503241,3.19892276652132,4.87683779804688,,,,,,5.71650128098491,7.18620497134943,,
536.8143,,,,,,,2.00143068394318,,2.53903652014449,3.12357453040491,4.10252972615844,,,,,,6.15659079602442,6.0315240806512,,
537.414325,,,,,,,1.74657632520884,,1.76319433067372,3.60596869166768,4.67772726262368,,,,,,5.4941641073113,7.33970687432017,,
538.014325,,,,,,,1.81987754926234,,2.78398385770329,3.09977363465126,4.35913611907901,,,,,,5.72783436169188,6.53424249037292,,
538.61435,,,,,,,2.04286346452964,,2.08854128478648,3.21713888570545,4.7620768431608,,,,,,5.78748717961755,6.12613687618701,,
539.214375,,,,,,,1.40461557207555,,2.61652464891171,3.01020712543796,4.77280838689477,,,,,,6.16984992403223,6.50086135804761,,
539.814375,,,,,,,1.93085688577824,,1.89056355926759,3.70602329066918,4.77963456344826,,,,,,5.28621417604128,6.60622056784022,,
540.4144,,,,,,,1.58448621248178,,2.52220175077382,3.57321533855037,4.26953231806527,,,,,,5.65705299221194,6.79534186698067,,
541.0144,,,,,,,1.66430802706344,,2.00908324319649,3.79352535180407,3.97437746446707,,,,,,6.05326724541313,6.72754892532746,,
541.614425,,,,,,,1.1375972504923,,2.15756951144365,3.58606854423242,5.26353115991714,,,,,,6.08300697924728,5.94506876300016,,
542.21445,,,,,,,1.9281609258978,,2.60894414735669,2.2821954962265,5.27355973974506,,,,,,5.88066216647796,6.63187891736917,,
542.81445,,,,,,,0.912224801962082,,2.8691757681663,2.91639475678169,5.15315720209865,,,,,,6.34707439635923,6.49179468453356,,
543.414475,,,,,,,0.640752754444951,,3.59897786437872,3.11262798933893,4.05045204056848,,,,,,7.04962096050923,5.85775129493867,,
544.0145,,,,,,,0.95242685729137,,3.52129223062618,2.78672876936785,4.80099055632679,,,,,,6.2148051611394,6.37414815881216,,
544.6145,,,,,,,1.53110358372193,,2.50275047088806,3.26390218832066,4.65520357593642,,,,,,5.74650066286366,6.85427775283034,,
545.214525,,,,,,,1.73982639246085,,2.14463837790266,4.19624366911062,3.72340054977161,,,,,,5.72207848978902,6.41544162427417,,
545.81455,,,,,,,2.1409378994205,,2.3836043178856,3.12918370542945,3.99565651914552,,,,,,5.75476841505856,6.98397189929771,,
546.41455,,,,,,,1.62687322680425,,2.69993088681802,3.74782172725812,4.14778782793403,,,,,,5.88154677267793,5.65664011850051,,
547.014575,,,,,,,1.6855970528034,,2.56085325302002,3.86981836644187,3.84403078816787,,,,,,5.84109292880688,6.10292861537726,,
547.614575,,,,,,,1.47819433610832,,3.14227083571249,3.55405865023045,4.3270862016293,,,,,,5.61019040125756,5.92664708916997,,
548.2146,,,,,,,1.18715954926233,,3.17742833215938,3.49202183504438,4.58674370781,,,,,,5.83187355269496,5.84825905105533,,
548.814625,,,,,,,1.92248937699102,,2.70401515966457,3.10020201678122,4.71806266265018,,,,,,5.62266914690752,5.98024555330751,,
549.414625,,,,,,,1.34406154223,,1.99903669900462,4.09719876180777,4.37835833827799,,,,,,5.88845523026975,6.45025819244358,,
550.01465,,,,,,,0.896816749951979,,2.75553392593092,3.96549485040708,3.98964961469908,,,,,,6.36924450003296,6.21244029480117,,
550.614675,,,,,,,1.88784345427689,,2.25239772611847,4.0052259202762,4.283941281853,,,,,,5.26242365182889,6.23320266225529,,
551.214675,,,,,,,1.65612684130888,,2.32606525704024,3.26853891806988,4.83173342939308,,,,,,5.72075168275861,6.58221583276837,,
551.8147,,,,,,,2.09668884166138,,2.57735305334985,2.51266515773691,4.48146000832164,,,,,,6.48310211445022,5.85067541238757,,
552.414725,,,,,,,1.44057289527774,,2.98790204633741,3.05455529342907,4.27639341120426,,,,,,6.44479816217203,5.90904125494254,,
553.014725,,,,,,,0.881610282179651,,2.8326379631845,3.92324995910422,4.97318659905705,,,,,,5.75591090276971,5.70318722573605,,
553.61475,,,,,,,1.15099222044439,,2.30054856247415,3.70125061423803,4.74241063849528,,,,,,5.94437343085822,6.58901131751734,,
554.214775,,,,,,,1.79201362220374,,3.16159796463648,3.08944206217143,4.33669114094501,,,,,,5.37902372374903,6.6810078385982,,
554.814775,,,,,,,1.80908904930052,,2.57104021849429,3.49698222496961,3.67461207610678,,,,,,5.76961550907883,7.14336716858245,,
555.4148,,,,,,,1.38145371821366,,2.32424694669208,3.17920238955124,5.56495555128179,,,,,,5.53833926857962,6.58383399067078,,
556.0148,,,,,,,1.75025556000083,,2.39438370836868,3.66038292368719,4.46952889429085,,,,,,5.82077698395717,5.67483342971987,,
556.614825,,,,,,,1.43705116537169,,2.60588758854412,3.99144612180125,4.05538612630964,,,,,,5.74784340312037,6.18400987143174,,
557.21485,,,,,,,1.96101934737913,,1.81454737939009,3.36254828638663,4.87567697813432,,,,,,5.63682349414279,6.61715359979237,,
557.81485,,,,,,,1.00965565381651,,2.64953914010364,3.77518838596863,4.51934764523986,,,,,,5.82325134573341,6.77043188383615,,
558.414875,,,,,,,2.09638186750689,,2.84095132717613,3.14830541737967,4.16563688700129,,,,,,5.62613736910595,6.1352423521565,,
559.0149,,,,,,,1.91006861659165,,1.7280630779494,3.52905600395376,5.20421155979242,,,,,,5.3538976848292,6.49847053075455,,
559.6149,,,,,,,1.7126068639632,,2.3961874184207,3.44426346945369,4.47549101669876,,,,,,5.74788612445962,6.4521696343433,,
560.214925,,,,,,,0.994667113151481,,3.2436303143949,2.7765080799756,3.84678865600878,,,,,,6.95771422889211,7.0024784110272,,
560.81495,,,,,,,1.77010687413525,,3.18688859881154,3.41751181352296,3.88421275039017,,,,,,5.73708639384283,5.94677540200651,,
561.41495,,,,,,,2.09922792141393,,2.29555384298554,3.15282546541532,4.33747131714152,,,,,,5.96449467209459,6.14152979008,,
562.014975,,,,,,,1.04011365902956,,2.88223817198566,3.06083945514943,4.52495455637095,,,,,,6.61259557120007,6.35534549543421,,
562.614975,,,,,,,1.22983979147757,,2.37935383627663,4.41951619295194,4.79744257918519,,,,,,5.22359046043113,5.85031090834758,,
563.215,,,,,,,1.57905849196099,,2.47578173704399,3.25138182725814,4.84880342129064,,,,,,5.93048734009234,6.07056742729656,,
563.815025,,,,,,,1.78627636426684,,2.24733899660546,3.30828901318878,5.08442698203309,,,,,,5.7352992197102,5.79714609893835,,
564.415025,,,,,,,1.68371946382523,,2.16067888392574,3.78887130251779,4.68433782499621,,,,,,5.28407929427614,6.71550962210683,,
565.01505,,,,,,,1.8804903756478,,2.75820397505987,3.30198850711055,5.04943199554118,,,,,,5.00783559232779,6.17082727345659,,
565.615075,,,,,,,1.02037286235407,,3.38701814343644,3.33617490153841,3.42590628181757,,,,,,6.62098797824253,6.73809372080362,,
566.215075,,,,,,,1.33122049554624,,2.90410505187929,2.88582600394453,4.784156046872,,,,,,6.2579409907707,6.24734123178525,,
566.8151,,,,,,,1.72777613823231,,2.5583885796833,3.62397753322698,4.68976827679946,,,,,,5.28525535446489,6.23223898751463,,
567.415125,,,,,,,2.11253352807024,,2.50558030845713,3.86417823727531,4.20242018922345,,,,,,4.90702643919312,6.39533825563692,,
568.015125,,,,,,,2.0976294696856,,1.85902630551194,3.28432809380094,5.32693464597118,,,,,,5.09956512548511,6.66801978537882,,
568.61515,,,,,,,1.88106994413536,,2.91526341110182,2.9723011557065,4.63287244986204,,,,,,5.50203324973111,6.41148339548889,,
569.215175,,,,,,,1.60644463464278,,2.80029982443993,2.99815520189413,4.57240324018115,,,,,,5.70555577491677,6.98115286621211,,
569.815175,,,,,,,1.87365756687877,,2.28521519901156,3.82194274776711,4.4433937846627,,,,,,5.32330702054511,6.24594635015204,,
570.4152,,,,,,,2.08635320461649,,2.02897290663237,3.74009682475077,4.22531641285858,,,,,,5.62824359368008,6.13508086278894,,
571.0152,,,,,,,1.7713674452933,,2.06646535237286,4.09272837691671,4.70669932326411,,,,,,4.82784557769453,6.823243781582,,
571.615225,,,,,,,2.16486071024058,,2.92386515755529,2.43447827664238,4.56306263542245,,,,,,5.59728782026924,6.90845013918243,,
572.21525,,,,,,,1.40181421703707,,2.81858013204496,3.38497386417576,4.35593858678936,,,,,,5.74636522415875,6.83502927075343,,
572.81525,,,,,,,1.96810810043426,,2.26216451054965,3.81201984929813,4.58283803593067,,,,,,5.30978909921043,5.83798039552507,,
573.415275,,,,,,,1.96730295051233,,2.88910772041898,3.71512873338904,4.4397950818904,,,,,,5.25583622710266,5.25021298685022,,
574.0153,,,,,,,1.9709147156095,,2.7149685835658,2.70524610795073,4.24574196767468,,,,,,6.12069753039173,6.63101641612751,,
574.6153,,,,,,,2.12994025085921,,2.27622441403943,3.17626017908423,4.76840805485346,,,,,,5.51336864085155,6.19948884821794,,
575.215325,,,,,,,1.90921704035351,,2.82823519468873,3.18488788426044,4.31174977385872,,,,,,5.86412910668486,5.79993591299556,,
575.81535,,,,,,,1.42059510312418,,2.35814995822686,4.09200858157072,4.55539080076682,,,,,,5.17785078164109,6.73782924154402,,
576.41535,,,,,,,2.00434130136135,,2.16334608520517,2.90444380536259,4.92310098918576,,,,,,5.76477711810297,6.61794158572007,,
577.015375,,,,,,,1.89103401770537,,2.2130218763535,3.30966804943582,4.52610216825177,,,,,,5.82349887432552,6.41456025597354,,
577.615375,,,,,,,2.0091735321585,,3.14223285543016,2.88219191616268,4.55296645129171,,,,,,5.72650278943648,5.53374291273246,,
578.2154,,,,,,,2.40261181037412,,2.71836927161307,2.81291385620114,4.0407598119932,,,,,,6.03586351697307,5.76070647710547,,
578.815425,,,,,,,1.75190226983945,,2.67636884357174,3.33630576494013,4.24231653980152,,,,,,5.67754544803732,6.65098964794279,,
579.415425,,,,,,,1.51650076849815,,2.99280870556816,2.62419109977056,4.47724249647416,,,,,,5.97999778879844,7.37959126080628,,
580.01545,,,,,,,1.49980455459886,,3.16904133223603,3.35269138681745,3.9585345598596,,,,,,5.65369804089324,6.90053101149061,,
580.615475,,,,,,,1.84714922251863,,2.38898524716452,3.41727862267544,4.69972625383344,,,,,,5.72445068007709,5.81584381083555,,
581.215475,,,,,,,1.43140079681454,,2.52061659991924,3.96160778015701,4.02284834019938,,,,,,5.63660290004637,6.7301963671404,,
581.8155,,,,,,,1.80088120606528,,2.67830394862447,3.56401810896092,3.7859183750743,,,,,,5.61990709351404,6.90305371732226,,
582.415525,,,,,,,1.56124231613891,,2.5606859286029,3.10157028279056,5.1679219961739,,,,,,5.93210221504692,5.74254245550965,,
583.015525,,,,,,,1.48493439403345,,2.35383167065743,3.6982485311867,5.22183633487025,,,,,,5.28601361171125,6.11380495700531,,
583.61555,,,,,,,1.06508071673983,,2.70472041153027,4.06788218612976,3.83867217544684,,,,,,6.25466452607746,6.12363842823589,,
584.215575,,,,,,,1.82304285894513,,2.49380526452608,4.3166336200873,4.28264343258482,,,,,,5.11607943515397,5.47466437734908,,
584.815575,,,,,,,1.52696843728982,,2.75267313938475,3.06775817880483,4.70677473651195,,,,,,5.9427836504659,6.36747782148868,,
585.4156,,,,,,,1.46092816170579,,3.14270770246406,2.90856574761079,4.48658094373024,,,,,,6.13787843654711,6.18191241439264,,
586.0156,,,,,,,1.27486772761857,,3.28171641440664,3.51155082659527,3.92577093518397,,,,,,5.84806193016385,6.5376144642914,,
586.615625,,,,,,,1.51278554380892,,2.49162404513992,3.59010441555771,5.00484939028144,,,,,,5.47142823075543,6.05096676025148,,
587.21565,,,,,,,1.77685445007673,,2.25651081235267,3.25678731921434,4.77754866610963,,,,,,5.85304455833694,6.24553334352134,,
587.81565,,,,,,,2.17651902438904,,2.22763056699902,3.63509542747527,4.83525787832699,,,,,,4.97804959444114,6.02726032587273,,
588.415675,,,,,,,1.27753356601692,,2.60424565891489,3.86612866492689,4.80951203884213,,,,,,5.55853703615231,5.94523262152188,,
589.0157,,,,,,,1.2970959259953,,2.68195610053034,3.84961982940592,4.74791162610546,,,,,,5.68190662728973,5.63837224135751,,
589.6157,,,,,,,0.931217381804987,,2.40403551330893,4.17834989519345,4.29057711728601,,,,,,5.80824046678343,6.8950131827322,,
590.215725,,,,,,,2.19305207351527,,2.61858445450258,3.59606191354943,4.19481023878186,,,,,,5.22537096978464,5.97794293923604,,
590.81575,,,,,,,1.48021958535154,,2.49737324952533,3.60990714722169,4.57171409805961,,,,,,5.43316505548492,6.94749351790415,,
591.41575,,,,,,,1.39047945709987,,2.68439932037926,4.00619180777928,3.80043802465875,,,,,,6.15214605999151,5.73651128858738,,
592.015775,,,,,,,2.103451237666,,1.89407586193323,3.9113841901418,4.93917551259964,,,,,,4.94617069547738,6.05163772323447,,
592.615775,,,,,,,2.4133192017902,,2.56572243230524,2.99731773484368,4.39119897481929,,,,,,5.47714091401596,6.09968841463157,,
593.2158,,,,,,,1.94363709057594,,2.45019001695577,3.40896051217902,4.52139003739315,,,,,,5.63136104518224,5.98311659862976,,
593.815825,,,,,,,1.24780850055878,,2.55746025656804,3.86780420642405,4.21698695384659,,,,,,6.11634386411354,6.02003284644868,,
594.415825,,,,,,,1.9907246017966,,2.86625101727197,2.62572002593736,4.80261608150635,,,,,,5.81776038748638,6.10573101640089,,
595.01585,,,,,,,2.08092986894494,,2.18915549698817,3.30995472433832,4.69976787137978,,,,,,5.52237321811276,6.27028227939964,,
595.615875,,,,,,,1.87142233003488,,1.88665860146789,3.58040892742275,4.84937456808677,,,,,,5.33886538375206,6.84703878960079,,
596.215875,,,,,,,1.8601891781257,,2.8590824854077,2.8424386656461,4.03880753693146,,,,,,6.0018961751325,6.93309633491507,,
596.8159,,,,,,,1.88437806159021,,2.86945715440807,3.26337210365566,4.6297583464858,,,,,,5.61072561057981,5.5428956995918,,
597.415925,,,,,,,1.60069355911001,,2.46194785281587,3.3413362886987,4.90475383549666,,,,,,5.76587992703059,6.05891929137841,,
598.015925,,,,,,,1.31945296791328,,3.10427973137098,3.00594510205146,4.17776409011272,,,,,,6.00956641127961,7.22175652763196,,
598.61595,,,,,,,2.91905905829139,,1.58539372570281,4.1454072953063,4.1118232901635,,,,,,4.74879081159501,5.81760393402823,,
599.215975,,,,,,,1.22379528565294,,2.74685749708548,4.16257031360039,3.72175899114454,,,,,,6.02897314547327,6.07175129784231,,
599.815975,,,,,,,1.64317408775469,,2.2484548352207,3.63674844683178,4.66528151096369,,,,,,5.57855911243985,6.45028444408411,,
600.416,,,,,,,1.50134265842757,,2.21824360370168,3.79678372343241,4.93858360256605,,,,,,5.16819974803867,6.84929658670695,,
601.016,,,,,,,1.70788082620505,,2.1066204622694,3.35758532011252,5.22525427297031,,,,,,5.19246551717142,7.03573232197617,,
601.616025,,,,,,,2.31693223672308,,2.3640434818216,2.86024725780533,4.48220798076229,,,,,,5.62298749081828,6.6131651543169,,
602.21605,,,,,,,1.89022585942345,,3.16153821477007,2.81974455141486,4.63723116735584,,,,,,5.82736014703661,5.60300613753105,,
602.81605,,,,,,,1.51465632509621,,3.04098238008122,2.70770255193552,4.67619858232593,,,,,,6.13451256006848,6.39650562906192,,
603.416075,,,,,,,0.723539311324552,,2.86612093915604,3.64562189728115,4.41663216666492,,,,,,6.36216239012748,6.49356425983355,,
604.0161,,,,,,,1.53990947118853,,2.39151357014284,3.69746000370889,4.76730419248565,,,,,,5.74825000209046,5.75608928609481,,
604.6161,,,,,,,1.66647679805376,,2.35636091060911,4.00013904126124,4.55932504951933,,,,,,5.38124169699354,5.88262708832102,,
605.216125,,,,,,,1.93368265845973,,2.40375895473036,3.6861284451695,4.77455261837208,,,,,,5.21324086031089,5.82390733336863,,
605.81615,,,,,,,1.89470301534196,,2.66528399345442,2.64754131279295,5.26758741787353,,,,,,5.54598613856487,6.41529645560872,,
606.41615,,,,,,,2.20547074717876,,2.21781349659848,3.07279767337351,4.6312692835172,,,,,,5.73030522802296,6.16372479710795,,
607.016175,,,,,,,1.75035816274236,,2.1400104772189,3.48725709069842,5.56437343671373,,,,,,4.99999567054389,6.32085937526921,,
607.616175,,,,,,,1.26568792686785,,2.64898946049645,3.16988179173298,4.75601511886769,,,,,,6.16976283724473,6.4405550251752,,
608.2162,,,,,,,1.07426320328834,,2.62211156515635,3.94872151025169,3.96906603361996,,,,,,5.96333692038429,6.92868684838904,,
608.816225,,,,,,,1.40258522094964,,2.74441184325223,4.16053059135115,3.80886600113611,,,,,,5.4855236697805,6.58810895041227,,
609.416225,,,,,,,1.38914392152342,,2.59125453128432,2.8378359444561,5.39634595500698,,,,,,5.71979845657558,6.82741841916408,,
610.01625,,,,,,,1.83480530106899,,2.83719695937062,2.53346475422111,4.96249661819089,,,,,,6.13179427083453,5.85516816990178,,
610.616275,,,,,,,1.8581842338781,,2.51251018019633,2.81949449651112,4.93771859383996,,,,,,5.75507409497371,6.54041979281402,,
611.216275,,,,,,,1.9405526022075,,2.46470178858265,3.46419429159763,3.98127144538137,,,,,,5.82589510030984,6.40265253936861,,
611.8163,,,,,,,2.33381092342294,,1.99266996368617,3.22828243070626,4.44801125024706,,,,,,5.62680619465498,6.4195461999209,,
612.416325,,,,,,,1.80409416367546,,2.43452593438755,3.62505883208145,4.36209337946354,,,,,,5.88275097946675,5.60847407333016,,
613.016325,,,,,,,2.11407436573589,,1.70936203537881,3.96682761700296,4.94924647871097,,,,,,5.22201017594366,5.64307205652215,,
613.61635,,,,,,,2.23192733899244,,2.12932841640359,3.14296545063172,4.64760734833283,,,,,,5.50635550285942,6.52893206524331,,
614.216375,,,,,,,2.54303354419545,,2.01013595149408,3.29301051910819,4.65717293113261,,,,,,5.42253724107427,5.71577640131937,,
614.816375,,,,,,,1.41504630750645,,3.17854672572666,2.7612963588663,4.44908289809366,,,,,,6.27954340643056,6.37303075245175,,
615.4164,,,,,,,1.83103098460114,,2.41825674617284,3.64118829390004,5.04573222817696,,,,,,5.08288793356772,5.95981924509381,,
616.0164,,,,,,,1.54572255392796,,2.63269821744372,3.15060117034065,4.71444161634802,,,,,,5.81446804925548,6.59720684485045,,
616.616425,,,,,,,1.78988430119989,,1.90659784775237,3.76137211894116,5.02592289201712,,,,,,5.54086163579657,5.8284007374369,,
617.21645,,,,,,,1.7658865618436,,1.85185733358054,3.617188785589,5.01589706786739,,,,,,5.47803671086483,6.50693632033732,,
617.81645,,,,,,,1.3668223763912,,2.20008347492317,4.3013158494567,4.52354462344485,,,,,,4.99000490075998,7.11541688961043,,
618.416475,,,,,,,1.63371050253481,,2.42615926590352,3.08157341474394,5.20817867307781,,,,,,5.7067080229958,6.2581042526782,,
619.0165,,,,,,,1.53998938277698,,2.86749584209836,3.66995695217074,4.29274274275976,,,,,,5.37740574446435,6.55316393403888,,
619.6165,,,,,,,1.96394142698193,,2.82921997631859,3.57825688755275,4.17564586166647,,,,,,5.36472492660409,5.96869842091277,,
620.216525,,,,,,,2.29249491593518,,2.28933390316322,3.09418190721232,4.58344460969503,,,,,,5.61461905531084,6.07165670270187,,
620.81655,,,,,,,1.5220165696536,,2.68730074683201,3.14120848093635,5.39292520180327,,,,,,5.57365820563144,5.84647305824869,,
621.41655,,,,,,,1.8406443422382,,2.32446156109472,3.37607505464439,4.53575925868738,,,,,,5.54774442876191,6.72987489392133,,
622.016575,,,,,,,1.59342385231085,,2.03256784360829,4.14072517284112,4.93850702646632,,,,,,5.12002411588355,6.20566355203746,,
622.616575,,,,,,,1.16667124932095,,2.42715994587191,3.79387964890581,4.69676713312522,,,,,,5.60695914560329,6.8644897590176,,
623.2166,,,,,,,1.38762984887462,,2.89619922511977,2.97072392017199,4.33807613081652,,,,,,6.16080822604941,6.91858180615253,,
623.816625,,,,,,,1.77056591738193,,2.22834842102709,3.76282131035321,4.6495580936356,,,,,,5.51953465874823,5.98871994020264,,
624.416625,,,,,,,1.68359563715681,,2.86367802573566,3.34423370503182,4.54375249012358,,,,,,5.81410790681116,5.61613231540239,,
625.01665,,,,,,,1.19633573044153,,2.24908742833438,3.35419780159495,5.10184054294754,,,,,,6.06843203211915,6.51637303212592,,
625.616675,,,,,,,2.10452832726094,,2.46582103628007,2.75707861728821,5.07880733630325,,,,,,5.41039695527024,6.59709880820588,,
626.216675,,,,,,,2.09051117506137,,1.89291392364655,2.94288946982213,5.57408356035255,,,,,,5.80181225356504,5.54794078254736,,
626.8167,,,,,,,1.69607656057375,,2.86107586358238,2.65865588705661,4.78697779101813,,,,,,6.01325321002597,6.43493649467257,,
627.416725,,,,,,,1.88315225607664,,2.79787137091051,3.11177973822178,4.06472557635496,,,,,,5.99153292938394,6.29297894587118,,
628.016725,,,,,,,2.98863063347838,,1.54859840257256,3.25732298957028,4.23165725643381,,,,,,5.57411769569784,5.96587536742152,,
628.61675,,,,,,,2.401197676486,,1.81079980926341,3.45840718305502,4.68126889069219,,,,,,4.88902643928678,7.13970238410119,,
629.216775,,,,,,,1.65481654494264,,2.59765011776733,3.24307677884403,4.84605832463843,,,,,,5.83309588735873,5.86499479920978,,
629.816775,,,,,,,1.84353487614362,,2.36419947400602,3.56143158969012,4.44347949808467,,,,,,5.51903349861617,6.4124140154251,,
630.4168,,,,,,,1.85375575464854,,2.13458263115337,3.91600616586537,4.63866658389028,,,,,,5.31685390377415,6.01141940717672,,
631.0168,,,,,,,2.51381824819128,,1.89272400490722,2.72758973709391,4.59069668912669,,,,,,6.02897364698131,6.27675157416334,,
631.616825,,,,,,,1.7915209790962,,2.775837714027,2.97385113232925,4.85078220464951,,,,,,5.94247840142367,5.59178682343229,,
632.21685,,,,,,,2.32772937292176,,2.74032046593141,2.72091925855128,4.58080149520478,,,,,,5.48638668329776,6.31503963230317,,
632.81685,,,,,,,1.5093231217962,,2.99206502390036,3.14305767274848,4.28007290865779,,,,,,5.80785568387385,6.82792322048172,,
633.416875,,,,,,,1.69808180708524,,2.56621504245337,3.19464260729872,4.60463889893298,,,,,,5.74517338541452,6.55606478562761,,
634.0169,,,,,,,1.96218766286572,,1.94744816440741,2.95329990479705,5.31054177207059,,,,,,5.5472856824375,6.77315086739615,,
634.6169,,,,,,,1.59955748303802,,2.52945727106032,2.59574525499228,5.55513277348013,,,,,,5.75205673925343,6.63299701451267,,
635.216925,,,,,,,2.19347669141643,,2.53690852157965,2.93611378690603,5.00028608843093,,,,,,5.81794426358772,5.06560732909515,,
635.81695,,,,,,,1.5759989854417,,2.29763600199245,3.99067492971747,4.38566040701196,,,,,,5.56858918085181,6.18316122166974,,
636.41695,,,,,,,1.83793944552706,,2.71128351475743,3.25932963413094,4.51358329630649,,,,,,5.6284318458964,6.15529676164548,,
637.016975,,,,,,,1.79574829503425,,1.83789311705374,4.15511036207356,4.46056552090132,,,,,,5.11994763173167,6.87835451573022,,
637.616975,,,,,,,1.36790483400491,,2.49704145990149,3.75915409102248,4.38017173128917,,,,,,5.69510719505988,6.67427898315684,,
638.217,,,,,,,2.16457712308768,,2.46813268329716,3.48620291583286,3.90948919328996,,,,,,5.50966160789597,6.54046193485722,,
638.817025,,,,,,,1.19716797524401,,2.20694162280629,4.12568832577944,5.3458604630956,,,,,,4.81274910660689,6.86294582728755,,
639.417025,,,,,,,1.10903221338057,,2.47183178846677,3.71644773343921,4.91519169865842,,,,,,5.71959796380452,6.48992532559891,,
640.01705,,,,,,,2.37293243560266,,2.79767795501037,2.56020418109,3.73854568605187,,,,,,6.28760930748247,6.33976287732783,,
640.617075,,,,,,,2.55783886993814,,2.37583536250582,2.425263976476,4.91087582032849,,,,,,5.61920507450449,6.26029351359053,,
641.217075,,,,,,,1.87063223601822,,2.0645710760424,4.28021682383635,4.49842891782712,,,,,,4.73906530504962,6.66202876112944,,
641.8171,,,,,,,2.26691313449191,,2.67694746914469,3.31667410343952,3.68896956085599,,,,,,5.74937872329742,6.18853545962553,,
642.417125,,,,,,,1.9969712529787,,1.94072763342917,3.69489267509469,5.09990850420713,,,,,,5.21430969312618,5.92849845535488,,
643.017125,,,,,,,1.75772967617241,,2.35857434390878,4.09092749717514,4.1640538051476,,,,,,5.29387462140775,6.31394308062611,,
643.61715,,,,,,,2.04716115527378,,2.60402494963103,3.2068991690174,4.4162013030155,,,,,,5.72500496969378,5.91105806538743,,
644.217175,,,,,,,1.80605541705677,,2.56124884733065,3.17226270402349,4.16589958921036,,,,,,5.8028793371433,7.01357792400485,,
644.817175,,,,,,,1.78164620944315,,2.15073773684277,3.84911380328414,4.22713734363073,,,,,,5.35219646820788,7.01519956478171,,
645.4172,,,,,,,1.69368544995602,,2.08181670344977,3.84583431387763,4.89066823117971,,,,,,5.31283101977536,6.26199157134119,,
646.0172,,,,,,,2.08743197920502,,2.03148728954275,3.20271018707838,4.66603717593123,,,,,,6.00014181265911,5.88218331039383,,
646.617225,,,,,,,1.46450343638531,,2.25776402160531,3.79825423744249,4.91836318575492,,,,,,5.27895175888785,6.67197493817084,,
647.21725,,,,,,,2.32460051911816,,2.37690590611629,3.18740555085504,4.21022753467771,,,,,,5.58800248905048,6.32223500834604,,
647.81725,,,,,,,1.68760156640068,,2.2458230000408,4.0923547447843,4.49405752949088,,,,,,5.15095648058745,6.41161391690111,,
648.417275,,,,,,,1.41247321075063,,1.97553977441604,3.94144359227783,4.44543691531909,,,,,,5.15858636714205,8.11137727316531,,
649.0173,,,,,,,2.15328906159422,,1.8358337743396,3.50731829877301,4.47576756388679,,,,,,5.65499817039198,6.39570447088753,,
649.6173,,,,,,,2.92197333083517,,1.63984995472822,3.7986831781734,4.32486521751655,,,,,,5.04313938846011,5.56284472953194,,
650.217325,,,,,,,1.38487545493431,,2.21412644802104,3.21254061125077,5.26095736509444,,,,,,5.97423288705415,6.34300524173269,,
650.81735,,,,,,,1.82186550963441,,2.63484645811876,2.76515127037278,4.8726237298914,,,,,,5.93554483660058,6.27708889361521,,
651.41735,,,,,,,2.35493606675483,,2.84122881756931,2.87100435803536,4.44739214278616,,,,,,5.5324260893563,5.8213572214605,,
652.017375,,,,,,,1.26974812058434,,3.1681922043457,3.15165006020516,3.8546630164093,,,,,,6.51289521640181,6.40074298189472,,
652.617375,,,,,,,1.94362218267696,,2.55950609614398,3.19926843150275,4.18124673737022,,,,,,5.61104889634937,6.95863297749306,,
653.2174,,,,,,,1.9514381591099,,2.61150233214962,3.66875339910738,3.97326837974209,,,,,,5.8576350051916,5.52960599662924,,
653.817425,,,,,,,2.04865692770776,,2.44416817642228,3.60606076713941,4.04662373679405,,,,,,5.64985768427793,6.0515264764612,,
654.417425,,,,,,,1.75721288714954,,1.69150371436208,3.37977575739714,5.16107118972869,,,,,,5.64499453329815,6.81478345313517,,
655.01745,,,,,,,2.0343828678102,,1.82192076200247,3.85923628426973,4.72921322476301,,,,,,5.58787059632698,5.54002676673713,,
655.617475,,,,,,,2.43673740927091,,2.08787913600305,3.28188359075962,4.83462655488725,,,,,,4.70822012397348,7.05215196213619,,
656.217475,,,,,,,2.21993299696601,,1.93314078142869,3.06175674948896,5.67917602349198,,,,,,4.65323171074345,7.04944979803724,,
656.8175,,,,,,,2.20015592143332,,2.17982997486369,3.74458164706205,4.38314373781494,,,,,,5.40749806605084,5.70678948983464,,
657.417525,,,,,,,1.92596289512455,,2.40092763762844,2.74178679431564,4.96806234472496,,,,,,6.23854346131101,5.69838295085705,,
658.017525,,,,,,,2.31128518339052,,2.13785996876626,3.56578327207694,4.21330528944271,,,,,,5.82471354038916,5.37182416465872,,
658.61755,,,,,,,1.55560761112618,,2.53409665790324,3.2455354332727,5.21108734108487,,,,,,5.46625532361658,6.3488950284861,,
659.217575,,,,,,,1.53648779858476,,1.9660207525939,3.8569639601943,5.05901177277165,,,,,,5.55218916803386,6.06526408779138,,
659.817575,,,,,,,0.969295297135197,,2.64243214218219,3.50423610043819,5.36791897871199,,,,,,5.78081992134659,6.10786001830854,,
660.4176,,,,,,,2.3621241289254,,2.13346211072986,3.05278113890158,4.43564144657428,,,,,,5.30870895710154,7.20118284352092,,
661.0176,,,,,,,1.28345311837623,,2.83404627223487,3.17492351115355,4.73833484074185,,,,,,5.79012624629256,6.85400771357821,,
661.617625,,,,,,,1.19893504326397,,2.65816885468543,3.42776969432801,4.94680093228311,,,,,,5.67443248420366,6.64926449073194,,
662.21765,,,,,,,1.60148020377922,,2.0969749169615,3.86332365737039,4.87277610179779,,,,,,5.46926216759552,6.13862505366127,,
662.81765,,,,,,,2.09875320408222,,2.26410485632824,3.60839062809719,4.80681957608964,,,,,,5.16354821468781,5.8928956955882,,
663.417675,,,,,,,1.50123940103093,,2.31716972050456,3.72628723568337,4.76450544243858,,,,,,5.29812094984929,6.87987501411658,,
664.0177,,,,,,,0.956467621581163,,2.73278461634403,3.81306303338227,4.57053729205323,,,,,,6.09207263801989,5.99972396025081,,
664.6177,,,,,,,1.59042248386052,,2.61248381416909,3.78404400350579,5.10523530809664,,,,,,5.28703785212923,5.332784633333,,
665.217725,,,,,,,1.9356841058564,,2.05824662698035,3.15619664988382,4.73911950072871,,,,,,5.93750336002429,6.34814495594182,,
665.81775,,,,,,,1.33477213686511,,2.74967380189446,3.70400790983836,4.28125423470521,,,,,,5.56886415689173,6.859400790364,,
666.41775,,,,,,,1.46624361129362,,2.39008881902389,4.21642646773805,4.45113377430646,,,,,,4.93992312578054,6.93457182156308,,
667.017775,,,,,,,1.84124962223233,,2.37252345163381,3.95475831763625,4.99846277067596,,,,,,4.93816004687443,5.62910434862183,,
667.617775,,,,,,,1.21379322634072,,2.13814477002579,3.96316627163481,4.99996033443877,,,,,,5.59902407327916,6.33669946305987,,
668.2178,,,,,,,2.11130706422765,,2.92425433536995,2.696349932429,3.89948768913797,,,,,,6.19239792939757,6.35870366409477,,
668.817825,,,,,,,1.48666039876045,,3.22519188746012,2.96638878584996,4.10328066744947,,,,,,5.97206711316109,6.85799288949583,,
669.417825,,,,,,,1.67314464657849,,2.93022164113759,3.60080899206701,3.77869995795872,,,,,,5.92447514825895,6.04035886286577,,
670.01785,,,,,,,2.09901846999926,,2.43846403005434,3.02477166292204,4.68879887274589,,,,,,5.9070181474044,5.66622073797747,,
670.617875,,,,,,,1.44647692522102,,2.33813326349117,4.06349034957902,4.52395842743967,,,,,,5.40327877021425,6.36277998687036,,
671.217875,,,,,,,1.76202096352422,,2.41049394858598,3.89660024118168,4.47002386205905,,,,,,5.36376693351893,5.98220309424039,,
671.8179,,,,,,,1.92974321683314,,2.25969049586847,3.78276175398579,4.38013021377084,,,,,,5.58618565911197,5.80724036897074,,
672.417925,,,,,,,1.60650184221158,,2.53231863919493,3.74388889095716,4.49053551744114,,,,,,5.50661625866709,6.20464583934633,,
673.017925,,,,,,,2.53788677615983,,2.23831467869265,3.49169525438825,4.46242439094847,,,,,,5.25159541812192,5.50955101641309,,
673.61795,,,,,,,2.09853812148294,,2.14370756430932,3.55773304917687,4.70094425227696,,,,,,4.88115875697774,7.03706864085941,,
674.217975,,,,,,,1.25884947331376,,2.8486744382122,3.19391919426042,4.58476702362513,,,,,,6.0535635021928,6.57111241953837,,
674.817975,,,,,,,2.64243000221407,,1.90005962267127,2.56152428703713,4.80143790829944,,,,,,5.7279897384662,6.58202474138997,,
675.418,,,,,,,2.91615225241987,,2.48388000789551,3.55944254683581,3.44881005796901,,,,,,5.42746037152431,5.34289880859142,,
676.018,,,,,,,2.01380886699992,,2.32833903658415,3.31779180329437,4.13954455373469,,,,,,5.56222035988517,7.09976191666292,,
676.618025,,,,,,,2.17587385893973,,2.3918544136887,3.00143508371538,4.39367244571252,,,,,,5.56866964260337,6.85823371862215,,
677.21805,,,,,,,1.96137399786945,,2.64530809496063,2.82259602438536,4.16325011886551,,,,,,6.34633961025486,6.17472388825207,,
677.81805,,,,,,,2.17574118998415,,2.29030235562214,3.46653228264002,4.4048621973734,,,,,,5.29992223130307,6.43839784067227,,
678.418075,,,,,,,1.53278005031836,,2.18164135448762,4.03819459982965,4.83364888273614,,,,,,5.20098117415334,6.35707027976215,,
679.0181,,,,,,,2.72280061099522,,1.58830932511353,3.66442216552937,4.68399208873117,,,,,,4.73757021391002,6.51223682945694,,
679.6181,,,,,,,2.41604895430766,,2.13482850678089,3.68371776535171,4.61834414045836,,,,,,4.74674117254616,6.32905391401045,,
680.218125,,,,,,,2.27149160133339,,2.83884483425636,3.12724960188085,3.82545375104538,,,,,,5.82464787988579,5.93020525243614,,
680.81815,,,,,,,2.05815212978252,,2.10289700413589,3.88009020472039,4.50788443593972,,,,,,5.16001910670336,6.18633836106066,,
681.41815,,,,,,,1.36760338176323,,2.60798324836866,3.10342628071381,4.89162419534565,,,,,,5.45807341072353,7.66057607233744,,
682.018175,,,,,,,1.63257534616937,,2.16419420970753,3.74513296389518,5.3191852624061,,,,,,5.19375838761365,5.98526546886761,,
682.618175,,,,,,,1.3312283842448,,2.48970124683619,4.06128937587015,4.13125431613713,,,,,,6.03210099830305,5.77959682587736,,
683.2182,,,,,,,1.22778823268826,,2.3013372072249,4.53288569157319,3.85538088409015,,,,,,5.6287704417878,6.59117515017039,,
683.818225,,,,,,,1.81198064350314,,2.40738443856806,3.19357034277983,5.22084326039451,,,,,,5.51961087038921,5.91086549589929,,
684.418225,,,,,,,2.83156617043208,,1.46321283963442,3.62354668779919,4.7305161790943,,,,,,4.79400031011059,6.36226435554236,,
685.01825,,,,,,,2.17766261663659,,2.54692026294312,3.28464733394816,4.01561941780955,,,,,,5.41171950075577,6.86849192171687,,
685.618275,,,,,,,2.27468682120652,,3.07589480754393,2.46379224663896,4.2130682129379,,,,,,5.83964303202492,6.38087721867424,,
686.218275,,,,,,,1.48731225077324,,2.80505384616333,3.14559053633837,4.308489422701,,,,,,6.12180038376718,6.52893446244206,,
686.8183,,,,,,,1.48634866799634,,2.71025920211963,2.94965994077497,4.78299907008897,,,,,,5.8106741443975,6.98957728026422,,
687.418325,,,,,,,1.27118615063487,,2.68293660021757,3.40530580058038,4.71637317518328,,,,,,5.58528981006159,7.07300887034228,,
688.018325,,,,,,,1.04197290499747,,2.86896319080791,3.11133276477654,5.0762159871001,,,,,,5.98682971332083,6.55799060988731,,
688.61835,,,,,,,2.63935622804441,,2.1531017328415,3.34557842160094,4.64585051373059,,,,,,4.95970533043666,6.04594681964432,,
689.218375,,,,,,,2.23316764992427,,2.58662450582834,2.8606528181534,4.1075787324083,,,,,,5.69840383491911,6.93184499396883,,
689.818375,,,,,,,1.81418888565425,,2.39908142657507,3.18430507268574,5.35692208155972,,,,,,5.28678365143067,6.1845246734415,,
690.4184,,,,,,,1.84673552593229,,1.62298997361848,3.98822794265838,5.63052540450649,,,,,,4.76099887158141,6.19130908293941,,
691.0184,,,,,,,2.47372136328522,,1.4778551273533,4.23209581712861,4.83957985174111,,,,,,4.51309072712799,6.15923687156089,,
691.618425,,,,,,,2.18089704943802,,2.25166568570363,2.82705909254522,5.35858865919073,,,,,,5.08524618472661,6.80363951272522,,
692.21845,,,,,,,2.27914088004681,,2.2851096371697,3.64318740332668,3.94989966871779,,,,,,5.46702925709221,6.21242761480185,,
692.81845,,,,,,,2.55378893367837,,1.92788070841188,3.81642202673742,4.62838128482447,,,,,,4.82514520715799,5.84729302071593,,
693.418475,,,,,,,2.54605907884196,,1.92496845396617,3.04878715233219,5.00215533891175,,,,,,5.45731572614429,5.77789822055632,,
694.0185,,,,,,,1.89744214675801,,2.65464515204359,3.09818512265494,4.54974229855546,,,,,,5.83764701363857,6.00258187036165,,
694.6185,,,,,,,2.4237254135666,,2.46271920600549,3.1330314614807,4.25240193106915,,,,,,5.51995026518652,6.09518432718432,,
695.218525,,,,,,,2.62855011735764,,2.02722228123518,3.65854511533795,4.08788602075258,,,,,,4.67529628259421,7.15145136183416,,
695.81855,,,,,,,1.12968036567541,,2.39063010744062,3.4673963423693,5.30625650381077,,,,,,5.81178330824416,6.30506486350456,,
696.41855,,,,,,,2.28365375884277,,1.79265868879981,3.56780379823949,4.78889609905766,,,,,,5.02575860459551,6.73105052837662,,
697.018575,,,,,,,2.02295891679408,,2.37429233591411,3.92433096224121,4.24984352256341,,,,,,5.36162534001857,5.6952803813083,,
697.618575,,,,,,,1.79920191122244,,2.43490454631997,3.46540316226557,4.89972865879251,,,,,,5.17132912162138,6.53119187812781,,
698.2186,,,,,,,2.40406322651959,,2.10402822877939,3.78844030167787,4.43484585960988,,,,,,4.85403003489365,6.26866363817444,,
698.818625,,,,,,,1.64839205922822,,2.63036809864991,3.27464432561016,4.52472449940228,,,,,,5.51227864739723,6.99998977634883,,
699.418625,,,,,,,1.47356620700174,,2.81810167567026,3.93999180407041,4.011450064152,,,,,,5.62937995706784,6.13591699536084,,
700.01865,,,,,,,1.38956052622233,,2.33700225274457,4.625845411904,3.97604896182723,,,,,,5.36310050031738,6.19846212559768,,
700.618675,,,,,,,1.84284898818388,,2.26880199466319,3.29287212455244,5.2627904752219,,,,,,5.35225743185639,6.12256555866637,,
701.218675,,,,,,,2.17120503558581,,2.49484185167897,3.44381809615343,4.58760338273896,,,,,,4.91545281449195,6.58739796458751,,
701.8187,,,,,,,2.37768748778283,,2.06848621820559,3.11317292414894,4.91590909044262,,,,,,5.12389788451338,6.64611439081208,,
702.418725,,,,,,,2.08645006970535,,2.43024691815326,3.00474426068168,4.21221654823955,,,,,,5.82674019996466,6.80315467313239,,
703.018725,,,,,,,2.58850324480323,,2.67508368564643,2.50556241716258,3.58870986597042,,,,,,5.98332823130404,7.0506930333905,,
703.61875,,,,,,,2.28609622728324,,1.78351925098755,3.96776974506606,4.65821228653362,,,,,,4.57321786621932,6.93354898940516,,
704.218775,,,,,,,1.86182656960472,,3.08503530364364,3.15419862470364,3.8966335042989,,,,,,5.87291785782834,6.24733137874723,,
704.818775,,,,,,,1.9864456944059,,2.61711798751455,3.09527905601968,4.25461083574123,,,,,,5.87745175822137,6.30021632018358,,
705.4188,,,,,,,2.13970143457508,,2.33607230630417,2.51743028123206,5.3658314828758,,,,,,5.39025703096584,6.86908877710052,,
706.0188,,,,,,,1.81039286243639,,2.75426832467008,3.4369753641377,4.45176331232077,,,,,,5.31299648309911,6.47796155759995,,
706.618825,,,,,,,1.19343249871922,,2.69973729495392,3.5275867242465,4.80845141200853,,,,,,5.73751834692997,6.45513563431359,,
707.21885,,,,,,,2.0641568443897,,2.07027210557814,3.63436627582634,4.44563076377727,,,,,,5.27315456376175,6.72160705866753,,
707.81885,,,,,,,2.20473488474588,,1.671044040638,3.96803971795703,5.05278677545935,,,,,,4.37485990239025,7.06201263305632,,
708.418875,,,,,,,1.93043048048883,,2.33247556750847,3.90233714009839,4.37282940546376,,,,,,5.15435139240034,6.28715202851583,,
709.0189,,,,,,,1.4774082898818,,2.02666032806038,3.61119628262125,6.03850333778244,,,,,,5.10575091651861,5.86858468513903,,
709.6189,,,,,,,2.42530680704039,,2.04772650560549,3.47686032304016,4.62541146564586,,,,,,5.1224423728288,6.18601232144909,,
710.218925,,,,,,,1.4426170082394,,2.55932740541573,3.467637509154,4.72631702583511,,,,,,5.54978708853502,6.75608798936201,,
710.81895,,,,,,,0.903184775822558,,2.67763013932888,3.71894075521404,5.07295555438045,,,,,,5.73463025040558,6.31577763455915,,
711.41895,,,,,,,2.2553267311815,,2.25438627682783,3.30786863083946,4.80491241161999,,,,,,5.11575174721723,6.34820307332875,,
712.018975,,,,,,,2.85433820107622,,1.90809827566114,3.67012369974909,4.06724834149852,,,,,,4.8588562686865,6.40390546225528,,
712.618975,,,,,,,1.84411139676966,,2.65678396762047,3.54166648440225,4.754673729037,,,,,,5.17574378665895,6.05043412269383,,
713.219,,,,,,,1.97998923683884,,2.43193579253114,3.46136756041738,4.52533524848286,,,,,,5.37531907630315,6.32120482004323,,
713.819025,,,,,,,1.49893245539158,,2.67457964036268,3.22900268200463,4.88786192425128,,,,,,5.57874079589929,6.62408529995014,,
714.419025,,,,,,,2.55335478765405,,2.16559864804638,3.19381401518588,4.43646755398283,,,,,,5.22928862583769,6.44482293475813,,
715.01905,,,,,,,1.80750779062087,,2.43588080314027,3.76995434234016,4.78005757745013,,,,,,5.2326367224468,5.83783168320502,,
715.619075,,,,,,,2.39067119396511,,2.08979107774947,3.56101279322313,4.03690515373193,,,,,,5.2321166214188,6.83073097439305,,
716.219075,,,,,,,1.99461132703831,,1.79567048292778,4.20864294096013,4.71013223661102,,,,,,4.71529415571149,6.69168770486642,,
716.8191,,,,,,,3.28405387987246,,1.86423914671298,3.37188496481014,4.68938805658191,,,,,,4.47452131472808,5.76126096939641,,
717.419125,,,,,,,1.88581350981274,,2.69606483206553,3.78100660631139,3.9629975487565,,,,,,5.6683557814487,5.67768006826235,,
718.019125,,,,,,,1.45455916894927,,2.03335274378688,3.65088064768266,5.37899814751752,,,,,,5.18997247882584,6.84374836281534,,
718.61915,,,,,,,2.98726042339043,,2.51724023055686,2.54469178384113,4.1037305623745,,,,,,5.34964748555376,6.58746166816179,,
719.219175,,,,,,,1.94912398967386,,2.5253726827688,2.88478566094689,5.01633842280223,,,,,,5.70100957988208,6.0813284528068,,
719.819175,,,,,,,1.86776614585831,,1.99017958811456,3.60752990512323,5.11525415462627,,,,,,5.27753906635821,6.23384244936879,,
720.4192,,,,,,,2.09143401815076,,2.11372916037248,4.28325468909013,4.53870284207605,,,,,,4.7410570292302,5.89542478683256,,
721.0192,,,,,,,2.08962188956349,,1.778928435327,4.21564770871245,4.47513194636516,,,,,,4.96763110853152,6.35291514524979,,
721.619225,,,,,,,1.56332309237457,,2.51954360769237,3.18926355716275,4.74892754278733,,,,,,5.62306779251393,7.01048640007968,,
722.21925,,,,,,,1.8561415349578,,2.32576935326973,3.11401253639255,5.03726165138721,,,,,,5.35993789616541,6.81871271517334,,
722.81925,,,,,,,1.95896034212247,,2.75671049343428,3.73769950533561,4.13897607508437,,,,,,5.42233338034583,5.66996850638361,,
723.419275,,,,,,,1.59115764843863,,2.85206248220275,3.14409579399646,4.61422594274081,,,,,,6.00037600320711,5.86343651497086,,
724.0193,,,,,,,2.28275074346497,,2.50763506711139,3.14973271459906,4.72212911173257,,,,,,5.37226046854262,5.79506338653341,,
724.6193,,,,,,,2.38700384690567,,1.93206636835368,3.41414282877338,4.54717423086829,,,,,,5.63198786610763,5.73973595868435,,
725.219325,,,,,,,1.58572965391444,,2.25686268679841,3.34647340564465,5.05945205876747,,,,,,5.54965906242605,6.65189867321938,,
725.81935,,,,,,,1.71527762305102,,2.37373084503339,3.79174052945845,4.30802304287639,,,,,,5.4542084936415,6.54413787584754,,
726.41935,,,,,,,2.28983587685585,,1.84324926213377,3.39863100702564,4.39378030855213,,,,,,5.61214429533912,6.52889253438831,,
727.019375,,,,,,,1.77351740678032,,2.59857768840308,3.30090183224921,3.98635654740829,,,,,,6.18358066774993,6.23611393622129,,
727.619375,,,,,,,2.10457845143697,,3.06601667546063,2.68930634426058,4.33335280302486,,,,,,5.78309751773611,6.18924222199115,,
728.2194,,,,,,,1.69015560769497,,2.50286738981548,4.09273257409337,4.58511291777214,,,,,,4.97652522454067,6.10964245819584,,
728.819425,,,,,,,2.39986829001358,,2.18883207426762,4.15318187472533,4.14380361883712,,,,,,4.69292718388888,6.07674457412863,,
729.419425,,,,,,,2.23385788950766,,2.24538738466835,2.99714304672073,4.58424900217006,,,,,,5.54635574836507,6.69566802502486,,
730.01945,,,,,,,1.51104937270095,,2.46682629766013,3.83653662894583,4.32752475975106,,,,,,5.49551741291817,6.67401940103287,,
730.619475,,,,,,,2.49165302537142,,2.01800913353359,3.61789501293538,4.82758811640459,,,,,,4.86805209274238,5.88048726148701,,
731.219475,,,,,,,1.9259115595815,,2.65684090132978,3.44967337598311,4.60172969161937,,,,,,5.56039719987522,5.53379803736277,,
731.8195,,,,,,,1.58346190426369,,2.57286521638067,3.74478681522979,4.13726391584204,,,,,,5.67030516236026,6.48649742317721,,
732.419525,,,,,,,1.66851969608628,,1.76226508204,4.21681347837516,5.19025313402266,,,,,,4.8369498070466,6.47115335855512,,
733.019525,,,,,,,1.7335042547779,,2.33407821732844,3.68084084019672,4.73270693225507,,,,,,5.22281131850122,6.55936546856533,,
733.61955,,,,,,,2.22413507400424,,2.49087062731412,3.09514393883594,4.32701104358947,,,,,,5.56851385059803,6.42794029427137,,
734.219575,,,,,,,2.24915972885375,,2.42791724277084,3.57359514450867,4.08472202880947,,,,,,5.12861349436279,6.65533646488026,,
734.819575,,,,,,,1.49149352466669,,1.93064314402538,3.87304270082744,5.7493617370241,,,,,,5.12989321266369,5.83993500407669,,
735.4196,,,,,,,2.00312297684675,,2.91361677607015,3.15528887710049,3.5536851517285,,,,,,6.00183939678307,6.55364830204528,,
736.0196,,,,,,,1.3329635800626,,2.80371644099506,3.82789982084429,4.14034395215093,,,,,,5.67336696270781,6.48920656695706,,
736.619625,,,,,,,1.99168277753639,,2.30801452221848,3.79628455116691,4.56869238047159,,,,,,5.36133715300096,5.64397998410752,,
737.21965,,,,,,,1.69386691772327,,2.51286627200257,3.67685696289319,4.55087643956185,,,,,,5.54045787973872,5.9958076191879,,
737.81965,,,,,,,1.40433864168169,,2.72146593021481,3.79635997282089,4.20881283331496,,,,,,5.57714141713991,6.61334326188483,,
738.419675,,,,,,,1.6972154518523,,1.62852788759393,4.65290824164993,5.26265160009331,,,,,,4.42593495187412,6.2958253684192,,
739.0197,,,,,,,1.58214100342431,,2.15759163414083,3.70260875453778,4.80256714119122,,,,,,5.29187879482399,6.97438762567536,,
739.6197,,,,,,,2.03932600606367,,1.76080441951706,3.45921166405381,5.30539379319448,,,,,,4.73237643206769,7.38599713564173,,
740.219725,,,,,,,2.05276762983797,,2.85014231189239,2.99471501361916,4.48751770366154,,,,,,5.61027514588125,6.06243657786999,,
740.81975,,,,,,,2.50657927012698,,2.68080189512222,3.326578706332,4.2002432890972,,,,,,5.04660273654712,6.06191650460474,,
741.41975,,,,,,,2.22556200204588,,1.94262057771579,3.75803319489899,4.8026795797522,,,,,,4.86639127216819,6.43235199384431,,
742.019775,,,,,,,1.53602353643289,,2.67106281138622,3.14367313467432,5.16515272706951,,,,,,5.22643464092748,6.97859522522137,,
742.619775,,,,,,,1.79343748826115,,2.51136508246928,3.39562596817414,4.64572271298206,,,,,,5.37985934153115,6.59902198893146,,
743.2198,,,,,,,1.83109630982593,,2.07933274776901,4.2890364574023,4.53878609757082,,,,,,4.80465082270598,6.50547115034061,,
743.819825,,,,,,,1.35210916181679,,2.53907124215428,3.77788032134881,4.83018868127128,,,,,,5.43692891218492,6.30981068684728,,
744.419825,,,,,,,2.120605923978,,2.38146397517436,3.13879725442102,5.10103218277377,,,,,,5.12480686559876,6.32413603416234,,
745.01985,,,,,,,2.29258786934461,,2.18371727890105,4.02020720199162,4.38806184734145,,,,,,4.85311208742401,5.92136307677793,,
745.619875,,,,,,,1.40643393394257,,2.14419841493906,4.51238086895559,4.48435975616596,,,,,,5.27853592372319,6.0574401976167,,
746.219875,,,,,,,2.27338455191066,,1.86847981743565,3.92602819343552,4.58097880526438,,,,,,4.81798770484069,6.53511896638327,,
746.8199,,,,,,,2.48342008827871,,2.14267781702421,3.56357852376813,4.3408186268894,,,,,,4.82495160319926,6.77637837972857,,
747.419925,,,,,,,2.38798682266581,,1.52439071090576,4.05997087235738,4.58623701359349,,,,,,4.74586068450381,6.70014842109339,,
748.019925,,,,,,,2.43709910323595,,2.42859438332453,3.79687287890586,3.62500431162727,,,,,,5.04068387293346,6.62116594669544,,
748.61995,,,,,,,1.76513295739813,,2.26162102488419,4.42437838441324,4.02321758900596,,,,,,4.66249905910536,7.23176501195021,,
749.219975,,,,,,,2.59871602156942,,1.67939556935041,4.26895390345464,4.17614492602137,,,,,,4.84828849539999,5.85420786025171,,
749.819975,,,,,,,1.73843256369285,,2.10244921202662,4.12347606228374,4.34226907093119,,,,,,5.22703822803473,6.59182411705626,,
750.42,,,,,,,1.4804367530559,,2.2024925782633,3.58648676000726,5.69321177860426,,,,,,5.30834888313081,5.78860582180103,,
751.02,,,,,,,1.95773195090436,,2.10498878409537,3.76564786297031,4.8650263711268,,,,,,4.86521267473146,6.7017662455492,,
751.620025,,,,,,,0.717303678444378,,2.84068873642619,3.91069362231054,5.07599877765878,,,,,,5.33229571224658,6.85730916894238,,
752.22005,,,,,,,1.91470083325805,,3.14501039745551,2.4535043019152,4.20534648316984,,,,,,5.97161228420402,6.96750493994959,,
752.82005,,,,,,,1.40222117478199,,2.5127620742077,3.48207265555758,4.88083865391703,,,,,,5.27094912886183,7.22042337127783,,
753.420075,,,,,,,1.59280541215038,,2.4809226236391,3.82121855960886,4.76228133638255,,,,,,5.28624632287874,6.11401333239953,,
754.0201,,,,,,,1.23072203319276,,2.43393295631916,3.41659297856415,5.66038296318391,,,,,,5.46036863478646,6.17150065800299,,
754.6201,,,,,,,1.58344584268847,,2.49528510685474,4.00620380786964,4.34275738170708,,,,,,5.30024182801167,6.3861082698447,,
755.220125,,,,,,,2.89057902335263,,2.15106996101545,3.5346568517193,4.13929011319705,,,,,,4.81443649543622,6.13981354674826,,
755.82015,,,,,,,1.79394607897241,,2.64743116311027,3.82064288084669,4.33257428992962,,,,,,5.37127407007203,5.86600848344039,,
756.42015,,,,,,,2.07019438281017,,2.24408408527236,3.11439652172685,4.87156517517136,,,,,,5.75842973965945,5.87173633311367,,
757.020175,,,,,,,3.25138661743785,,1.72291351240212,3.66516349243976,3.82229743910994,,,,,,4.54781302177258,6.81671626429873,,
757.620175,,,,,,,1.77432629711337,,2.50506076378846,3.95062995624277,4.6575651563591,,,,,,5.31371862669246,5.39596029259145,,
758.2202,,,,,,,1.69193394564139,,2.73368288879991,3.47672025449102,4.24873328471254,,,,,,5.70348028329019,6.28408277900099,,
758.820225,,,,,,,1.9504711168023,,2.55772419646658,2.85800612382648,5.5217087019763,,,,,,5.35934978545988,5.87757198608327,,
759.420225,,,,,,,1.9553504278517,,2.73147922271799,3.2487954527967,4.39123483526371,,,,,,5.86283501099904,5.56182792292287,,
760.02025,,,,,,,1.70536442786852,,2.85238437504782,3.42207724478285,4.58231314309574,,,,,,5.52989781805472,5.9121851253868,,
760.620275,,,,,,,1.70954774211402,,2.58624794344175,3.89586223239192,4.2793888677126,,,,,,5.2180618375929,6.43910866420993,,
761.220275,,,,,,,1.60874990500259,,2.31725959152282,3.82902761652148,4.61489057430673,,,,,,5.33823404976611,6.52661141471707,,
761.8203,,,,,,,1.72897061641566,,2.30047429665312,3.93542604820106,5.03897107001276,,,,,,5.01383989387643,5.88151547549569,,
762.420325,,,,,,,1.61106884098696,,2.2183916951468,3.19844506699651,5.68738791259178,,,,,,5.20201197209518,6.61173886052822,,
763.020325,,,,,,,1.63054313433782,,1.75465255277,4.6030674413393,5.11637656176043,,,,,,4.52400452825631,6.41569700032468,,
763.62035,,,,,,,1.76440581385605,,1.88647051506617,3.68862575994411,5.40597811116486,,,,,,4.93354246955781,6.69759829161269,,
764.220375,,,,,,,2.05291203945929,,2.32778717542924,3.76322763533071,4.49992363722485,,,,,,4.89118974581592,6.637850035209,,
764.820375,,,,,,,1.26296989964181,,2.65639519415584,3.66606416659089,5.03456869780571,,,,,,5.46492478653425,6.16823912794147,,
765.4204,,,,,,,1.7152986424133,,3.12087796108326,3.32498262592038,4.72167317966018,,,,,,5.07585508368303,6.31028112122592,,
766.0204,,,,,,,2.68971032019633,,2.4933639463228,2.80161512048465,4.44578189413972,,,,,,5.32570480213168,6.21024092952895,,
766.620425,,,,,,,2.26265347705322,,2.4362449431027,3.61422281067077,3.87972767382506,,,,,,5.13928904678044,6.85372036583062,,
767.22045,,,,,,,1.74981002003908,,2.31171058816603,3.69365483931413,4.95170793672798,,,,,,5.21953723423391,6.13450177621354,,
767.82045,,,,,,,2.60258989012843,,2.01097931907756,3.37211487938793,5.26111611188701,,,,,,4.41082475149037,6.38059582333584,,
768.420475,,,,,,,1.90406197614461,,2.65800757801106,3.50747070088293,3.84058491585872,,,,,,5.71345617332101,6.51270098819381,,
769.0205,,,,,,,1.26777943738296,,2.08295522873202,4.25275829141512,4.96141089993499,,,,,,5.08506756897956,6.72667696917556,,
769.6205,,,,,,,2.4660499803355,,2.38549952327563,3.94210848643383,4.03292190858788,,,,,,4.75249404342864,6.1259449773452,,
770.220525,,,,,,,1.60127341933538,,2.16638478690462,4.27619630694526,4.94918637759616,,,,,,5.09243742808442,5.6282805711506,,
770.82055,,,,,,,1.86391678339498,,2.0561082161003,3.67700297832319,5.20276943571234,,,,,,4.97397059246163,6.4216915015436,,
771.42055,,,,,,,2.700914488405,,2.04527580671299,3.4373234491812,4.54797437896321,,,,,,4.92175234986169,6.11921292624086,,
772.020575,,,,,,,2.14675194504309,,1.73739812225503,3.99010645496023,4.60554783313311,,,,,,5.0439933377446,6.4448656326228,,
772.620575,,,,,,,1.87053534597527,,2.31178620516304,3.92934001416,4.80661025769262,,,,,,4.67053347481967,6.64308712662708,,
773.2206,,,,,,,1.74837578330064,,3.04996256463787,3.32632311004983,3.97562128785013,,,,,,5.73605301149444,6.33052638731008,,
773.820625,,,,,,,2.21948445127876,,2.69330459349414,3.5202954899298,3.96567129482128,,,,,,4.98445808524439,6.87646147882818,,
774.420625,,,,,,,2.16061437081968,,2.20306901312756,3.33976100017992,4.91763759836897,,,,,,4.96971559210088,6.72003285710617,,
775.02065,,,,,,,1.76171038011848,,2.57485183220865,3.43428725122386,4.72851336796869,,,,,,5.27374056831053,6.53663753193637,,
775.620675,,,,,,,2.1140188220199,,2.09355320422952,3.6511822928675,5.08091097925721,,,,,,4.84214668865278,6.2482660787215,,
776.220675,,,,,,,1.47276608476562,,2.63617705721725,3.75487539288382,4.25992167114381,,,,,,5.35682356370602,7.06806834236137,,
776.8207,,,,,,,1.88199883629899,,2.64302736405796,3.18315399255242,4.42281188420081,,,,,,5.81240562691812,6.13871456904578,,
777.420725,,,,,,,1.99039830363901,,2.49568048349172,3.42758525307508,4.23759291826862,,,,,,5.34698090079424,6.83949857919495,,
778.020725,,,,,,,2.02906028735301,,2.45302324068319,2.90955287021317,4.64505759387955,,,,,,5.50987039955835,7.02469016165905,,
778.62075,,,,,,,2.03433399288224,,2.61474251135293,3.30804154173917,4.11002918881485,,,,,,5.42158840963493,6.86779921318142,,
779.220775,,,,,,,2.25694930976593,,2.17666500760624,3.55829304392214,4.57475177703979,,,,,,5.44815570581544,5.5913582044591,,
779.820775,,,,,,,2.04885491026884,,1.6736685291002,3.70490977005974,5.50035946657176,,,,,,4.85443935571988,6.30405361759907,,
780.4208,,,,,,,2.16403567059376,,1.85542102987662,4.60682024443265,4.46883022965655,,,,,,4.71283256007093,5.57944848198228,,
781.0208,,,,,,,2.0810966836697,,1.80716420788256,4.50846438715337,4.70169930169213,,,,,,4.44602083397059,6.27306007772123,,
781.620825,,,,,,,1.09934790740545,,2.31491391009169,3.86166368602674,5.51236605649745,,,,,,5.2457352649744,6.36080835286918,,
782.22085,,,,,,,2.05090078543438,,2.30461783638468,3.80178281532532,4.35183963861406,,,,,,5.24610591301552,6.11682997377678,,
782.82085,,,,,,,1.69306309227416,,1.95393780682326,4.11406805181218,4.57839351328591,,,,,,5.48521936810943,6.04881917311069,,
783.420875,,,,,,,2.01612000311494,,2.09745046392363,4.22413771342559,3.89628299982214,,,,,,4.95445052070175,6.99815383364822,,
784.0209,,,,,,,2.03163364403433,,2.14025734880092,3.5152471092294,4.35444658490713,,,,,,5.59651485972442,6.45796431818439,,
784.6209,,,,,,,2.26768666094676,,2.25846757283682,4.25599888767066,4.29606095685817,,,,,,4.63354461071799,5.88483343901062,,
785.220925,,,,,,,2.14770628501569,,2.08492929812114,4.42662930020174,4.42699846877648,,,,,,4.69121302288938,5.75229032295791,,
785.82095,,,,,,,1.43311649144416,,3.16016039696013,3.6206249365904,4.34910262434818,,,,,,5.72899235490538,5.55664331913998,,
786.42095,,,,,,,1.11686558788353,,2.53429650440137,3.89418736403507,4.74933150556538,,,,,,5.41174251357313,6.85472906031567,,
787.020975,,,,,,,2.32104661898707,,1.83541941835494,3.17621889820283,5.19524218721601,,,,,,4.97319726703133,6.89448458945316,,
787.620975,,,,,,,2.27564802347967,,1.65513751498807,3.83504864438323,4.75679833861248,,,,,,5.37338136699559,5.67964219394785,,
788.221,,,,,,,2.17337637148279,,2.29100976379347,3.53750667011956,4.51842016220221,,,,,,5.07530126428588,6.53076429167456,,
788.821025,,,,,,,1.55195428640345,,2.45921367972982,3.90843319890321,4.60759791990075,,,,,,5.36370713635797,6.1665427481525,,
789.421025,,,,,,,2.46326915935932,,1.91565471473923,3.72778556770184,4.16171988018197,,,,,,5.07730636165662,6.65424839994354,,
790.02105,,,,,,,2.29030733370224,,1.80807997545174,3.65324254333898,4.93214494104694,,,,,,4.86962412334476,6.53719889130445,,
790.621075,,,,,,,1.93087623325378,,1.89450977536374,4.27078625061247,4.77279642533056,,,,,,4.76783348399687,6.29157430583639,,
791.221075,,,,,,,1.35487141047079,,2.12219941374023,4.05918347731758,4.90669973552447,,,,,,5.26523268637261,6.62381222605969,,
791.8211,,,,,,,1.79916426492916,,2.27432841109431,3.8567653738672,4.65578527250204,,,,,,5.42590306193714,5.77533056057701,,
792.421125,,,,,,,2.14916735564927,,1.80087673068271,4.04605808772991,4.45711137792664,,,,,,4.74142245609328,7.08277091962514,,
793.021125,,,,,,,1.34830915105915,,2.63148678732977,3.65850837716478,4.55481607139718,,,,,,5.5532581926718,6.69783927223627,,
793.62115,,,,,,,1.75006263773955,,2.32931888256816,3.33583231674671,4.80099372084156,,,,,,5.29358742119962,7.11123721959891,,
794.221175,,,,,,,1.40640167404653,,2.77539709052607,3.36032545042804,4.13710045974723,,,,,,6.01137959093119,6.81023106256576,,
794.821175,,,,,,,2.1619774119497,,2.39226497284528,3.01714162550994,4.57805428175902,,,,,,5.59543292476141,6.4627361501548,,
795.4212,,,,,,,1.70151709590148,,2.24417615626135,3.90812647635007,4.31310064686724,,,,,,5.12909217146633,7.2129045543353,,
796.0212,,,,,,,1.81361367038469,,2.33237249983457,3.21039679259788,4.67713489841881,,,,,,5.81414057643109,6.38239198064949,,
796.621225,,,,,,,0.984587914686133,,3.3489036980804,3.65001884754666,3.65979255922462,,,,,,6.37128563270933,6.22180547835037,,
797.22125,,,,,,,1.72142095524476,,2.22383548589151,4.07097127740627,4.35099132816781,,,,,,5.29211074254075,6.38198769969227,,
797.82125,,,,,,,2.14415958863938,,2.15435744737263,3.01511417116197,4.71972551826845,,,,,,5.59810050111539,6.70860132783433,,
798.421275,,,,,,,1.74791754981076,,2.1821037793613,3.77062386685358,4.8765833059244,,,,,,5.35799051526555,6.04335534520047,,
799.0213,,,,,,,1.95959249906981,,1.7226710170785,3.71410532788045,4.92374522560684,,,,,,5.27435527840358,6.59456598822268,,
799.6213,,,,,,,2.86738998391783,,1.83005963112836,3.05776273456341,4.90373281656094,,,,,,4.80902745085419,6.62421073097601,,
800.221325,,,,,,,1.68362733550677,,2.43974729781038,3.53295755573731,4.58471685347365,,,,,,5.58457716460729,6.36792469496141,,
800.82135,,,,,,,1.158413031688,,2.48793770622874,3.66217246344613,5.09649131156923,,,,,,5.77700146959413,6.01178587633907,,
801.42135,,,,,,,1.72966885043514,,2.52124558189912,3.54600699805306,4.43538824870665,,,,,,5.65207561479662,6.18702753539069,,
802.021375,,,,,,,1.70232334087869,,2.34443831707737,3.74755425401518,4.49587042430172,,,,,,5.31054536172788,6.70391098061762,,
802.621375,,,,,,,1.49547776438421,,3.16380668149433,2.78066539291707,4.62613400918949,,,,,,6.2643946730657,5.84816839324945,,
803.2214,,,,,,,1.41460201205825,,2.89637476300618,3.66238866768716,3.95415820132112,,,,,,5.860763608875,6.45282524629772,,
803.821425,,,,,,,2.19595222769197,,1.91757224938737,4.49674189949148,4.40088746792698,,,,,,4.78202473294598,5.62815196308707,,
804.421425,,,,,,,1.18278192352203,,1.67673572367126,4.44875520912646,5.0039306161011,,,,,,5.08245336139446,7.17316470295667,,
805.02145,,,,,,,1.84076231522385,,2.78722933836813,3.67465416057957,3.48797835327571,,,,,,5.95636978614947,6.14912140335521,,
805.621475,,,,,,,1.5111083774715,,2.14182986494007,4.20724993922382,5.11976415692699,,,,,,5.28359794470646,5.37459824698998,,
806.221475,,,,,,,2.09949603719271,,2.180065349097,3.65961466683337,3.76127050140638,,,,,,5.73820399373524,6.62584545090188,,
806.8215,,,,,,,1.51432110594597,,2.02861825612885,4.31531903086486,5.33339410982465,,,,,,4.87295674917828,5.7866512739216,,
807.421525,,,,,,,2.24629598264578,,2.01543611387506,3.59961947189165,4.20406699487163,,,,,,5.15415310649441,7.11994831770851,,
808.021525,,,,,,,2.36664528743541,,1.85242254471754,4.0870803733419,4.08592547792948,,,,,,4.78041348179161,6.89861427374582,,
808.62155,,,,,,,2.39799098451253,,1.63062426414198,3.56994376728985,5.14019347212772,,,,,,4.94734891039307,6.25718517855977,,
809.221575,,,,,,,1.87419894924089,,2.14487818897005,4.1926549271115,4.2867593302679,,,,,,5.12353411841177,6.29547802087763,,
809.821575,,,,,,,1.29510357352386,,2.51350061288379,3.82847404405666,4.45505230938818,,,,,,5.89404747575713,6.10921604303602,,
810.4216,,,,,,,2.47916881848547,,2.11162251370541,2.90270541532127,4.47831248558194,,,,,,5.66731403495248,6.47559060455282,,
811.0216,,,,,,,2.01305175171369,,2.42568861172123,4.06957644558872,4.24046653978168,,,,,,5.10011341390051,5.82679560558636,,
811.621625,,,,,,,1.54624627237561,,2.87296327824375,3.12794572596769,4.91552173334399,,,,,,5.83594626754193,5.77840860032084,,
812.22165,,,,,,,1.72475432667498,,2.23160403568119,3.90610001699591,4.88317139966265,,,,,,5.35128539067159,5.67415404240703,,
812.82165,,,,,,,1.95578223502831,,2.65248750530174,3.84280167666264,3.73366270573147,,,,,,5.35698460345919,6.49336610052978,,
813.421675,,,,,,,2.05263900711231,,2.35213215890895,3.39485984652,4.53186933251215,,,,,,5.54757207305664,6.07385223211522,,
814.0217,,,,,,,2.1906378770021,,2.70768399406477,2.6277906533887,4.95132456992047,,,,,,5.47312876097866,6.32623670407454,,
814.6217,,,,,,,1.3367120381799,,3.09010778820768,3.60619410579727,3.98337711334858,,,,,,6.13781464089467,5.7925614757613,,
815.221725,,,,,,,1.42803651264713,,2.67106482739041,3.93046954574156,4.46677567808506,,,,,,5.20504771305573,6.6234975776462,,
815.82175,,,,,,,1.78828880323358,,2.13499649968581,3.74008627942807,5.01384853221286,,,,,,4.95197861737957,6.70455250406159,,
816.42175,,,,,,,2.08618754441216,,2.10639724416077,3.71759744668373,4.63410067753889,,,,,,5.16288127440706,6.27382976424125,,
817.021775,,,,,,,1.76494897908552,,2.49137365722393,3.67563413222072,4.45033604409031,,,,,,5.44922797105905,6.22613315967971,,
817.621775,,,,,,,2.8140988787616,,2.02053811258234,3.26295465518449,4.83367855688009,,,,,,4.8729299733157,5.88185107092568,,
818.2218,,,,,,,1.99166400935652,,2.17922606969726,4.15957348252018,4.4492106909926,,,,,,4.85896771349831,6.25865408456909,,
818.821825,,,,,,,1.544897948215,,2.73420748635475,3.00239134784496,4.88723359209543,,,,,,5.76665810933689,6.55874709020004,,
819.421825,,,,,,,2.04982529574691,,3.12240408746415,3.41153143852841,3.73543788335281,,,,,,5.84738270577797,5.38209018515824,,
820.02185,,,,,,,1.41418919184768,,2.37830834416855,4.30678034310359,4.24424880488477,,,,,,5.59014122440395,5.88300489333528,,
820.621875,,,,,,,2.85044510275224,,1.85548557185628,3.41894352689514,4.40799793123079,,,,,,4.98863061137346,6.24748604705781,,
821.221875,,,,,,,1.41118227509572,,2.54912104894288,3.68869746947376,4.25298164929528,,,,,,5.86863495198981,6.50248440834934,,
821.8219,,,,,,,1.83184182941986,,2.73054254074277,3.3258775680415,4.42097050688375,,,,,,5.6284392550987,6.1375332142885,,
822.421925,,,,,,,2.15178153708016,,2.06447873182477,4.13474789097732,4.17261455455015,,,,,,4.79253211922061,6.75957259092568,,
823.021925,,,,,,,1.90236246706659,,2.51993920892823,3.57035763964919,3.87142863153641,,,,,,5.77192816522238,6.44699025897272,,
823.62195,,,,,,,1.32948595469503,,2.67082072001269,3.41374492472749,5.2190268553096,,,,,,5.38358751345366,6.42680624109984,,
824.221975,,,,,,,1.81620896039734,,2.24462089679459,4.00916563096078,4.71609494499863,,,,,,5.05115303902799,6.08389951178788,,
824.821975,,,,,,,1.46444241458854,,2.33985213197119,4.32244602758087,4.42644532244931,,,,,,5.40601466729653,5.83847295678595,,
825.422,,,,,,,2.35052909381048,,2.40275108859981,3.87797688516135,3.55097129990251,,,,,,5.47627432501301,5.91958918845709,,
826.022,,,,,,,1.69148603263183,,2.10278080595985,3.72563518523604,4.73210754922324,,,,,,5.12246114289632,7.21588855213977,,
826.622025,,,,,,,1.78509851575587,,1.93170345148355,3.6773257166673,4.84996470295193,,,,,,5.10791071694782,7.23200176822263,,
827.22205,,,,,,,2.88862123400233,,2.41639086089295,2.90255556896201,4.3619488677087,,,,,,5.17014961878856,6.05741961452538,,
827.82205,,,,,,,2.0909049211981,,2.6572233930021,3.4107307425113,3.33011590848737,,,,,,5.87252593015529,6.85595465483679,,
828.422075,,,,,,,1.54027386242423,,3.33317156515105,2.82256841288038,4.07849746521948,,,,,,6.41660612012251,5.97844607978979,,
829.0221,,,,,,,2.2644746613768,,1.49113588391336,3.38527016400036,5.60745050498825,,,,,,4.43618972755138,7.56110763139194,,
829.6221,,,,,,,2.57607077612122,,2.20244734828471,3.45162982058883,4.59577670365592,,,,,,5.00667683219041,5.84770794146245,,
830.222125,,,,,,,1.27094879764556,,2.50776697364471,3.15184532174796,5.7554463942678,,,,,,5.70880261778562,5.88757492147743,,
830.82215,,,,,,,1.41452270171047,,2.38914000198404,3.62833637802079,4.49165791193936,,,,,,5.93002493235313,6.3874527808096,,
831.42215,,,,,,,2.16543576143466,,2.65969387700187,2.83693963145004,4.28573541821004,,,,,,5.78057778266461,6.53301558099531,,
832.022175,,,,,,,1.64686614901009,,2.08172522440048,4.01869905591196,4.90954497800673,,,,,,4.92310720190169,6.73935762170618,,
832.622175,,,,,,,1.93445780622047,,2.47052692253055,3.05215321554964,4.69981553741701,,,,,,5.33781652084754,7.14832704207066,,
833.2222,,,,,,,2.46534421204878,,1.67859013448354,3.90565080266605,4.92380863657737,,,,,,4.65220128527042,6.16346696570607,,
833.822225,,,,,,,2.28225819872102,,2.09479114236743,3.82709609315491,4.51904962480751,,,,,,4.85077790679125,6.36706189829166,,
834.422225,,,,,,,1.58617641192579,,2.58902834737806,3.91647870917418,4.63993694278615,,,,,,4.97235888066435,6.5683371043304,,
835.02225,,,,,,,1.36287352876184,,2.38380554087809,3.50294308933824,4.93948435483646,,,,,,5.51852001241803,6.89435299813312,,
835.622275,,,,,,,1.70327837843647,,2.1572303461551,3.46149913220457,4.92126607337807,,,,,,5.60909387952912,6.37169010976484,,
836.222275,,,,,,,1.5855922984491,,2.5840804228683,3.47876284060089,4.55898593528423,,,,,,5.52881448764102,6.64999541162142,,
836.8223,,,,,,,1.78717780812234,,2.87664303548368,3.55588661221727,4.17367716346005,,,,,,5.454935537948,6.21732243545236,,
837.422325,,,,,,,1.81756366139992,,2.0933952984284,3.81885280346351,4.94430656716173,,,,,,5.01081242174945,6.51379427065194,,
838.022325,,,,,,,1.41100886168078,,2.43401837974127,4.0265455654844,4.66411900254959,,,,,,5.36016183569707,6.19958538971501,,
838.62235,,,,,,,2.45988984542177,,2.16030698533863,3.08819612614355,5.01783664031525,,,,,,5.27457416347425,5.81113556454546,,
839.222375,,,,,,,1.78057217488095,,2.2015333309526,3.38676261203685,5.07593182225214,,,,,,5.22680163078342,6.78760802601867,,
839.822375,,,,,,,2.20956423044272,,2.59411058208287,3.23644241081344,4.66335896442847,,,,,,5.00423247266653,6.48686498874754,,
840.4224,,,,,,,2.3272670817509,,2.07232470391421,3.24508971527766,4.74791946560566,,,,,,5.03902551233963,6.92854161538578,,
841.0224,,,,,,,2.11769254476305,,2.30371959878937,3.14453468740955,4.91579225179765,,,,,,5.6289329837055,5.74683913101774,,
841.622425,,,,,,,1.73638398777583,,2.32179124785405,4.04759380819441,4.91808649196599,,,,,,4.82631580861926,6.15537365570284,,
842.22245,,,,,,,2.13181118913093,,2.29912906841983,4.18615723807959,3.82362097198022,,,,,,5.09347942402071,6.23823869537858,,
842.82245,,,,,,,2.15004922073291,,2.22618219452685,3.83414696884569,4.60642979809566,,,,,,5.29725077963654,5.35173131297687,,
843.422475,,,,,,,2.11348197712166,,2.39991140515564,3.35426075552381,4.86371813075085,,,,,,4.97897861198988,6.50957103584142,,
844.0225,,,,,,,2.46837909239486,,2.63030026855618,3.64197521347669,3,,,,,,5.4469861615564,6.82345890730691,,
844.6225,,,,,,,2.25850312344799,,2.06198980136565,3.16283914378614,5.01419209910799,,,,,,5.36290356998178,6.17067304638287,,
845.222525,,,,,,,1.85231953770934,,2.18225574380999,3.68415197821371,5.00243633316038,,,,,,5.09880378489809,6.29553458416292,,
845.82255,,,,,,,1.25635427617674,,3.05122785269464,4.08868496688808,4.1810731672536,,,,,,5.54061536691726,5.77129075028999,,
846.42255,,,,,,,1.66155142306167,,2.16847168005033,3.93992874864607,5.08065703301329,,,,,,4.91993349971096,6.42437790824474,,
847.022575,,,,,,,2.35132982655729,,2.53675842801239,3.66405974965463,3.73338416196936,,,,,,5.27956094508338,6.27306616245228,,
847.622575,,,,,,,1.56409710011514,,2.35929105699209,4.1829786255977,4.50440321753766,,,,,,5.27186814602793,6.02317388400266,,
848.2226,,,,,,,2.11133934834627,,2.29278885806409,3.26701709085817,4.44710242667769,,,,,,5.43994162495136,6.73108865457419,,
848.822625,,,,,,,2.36649447588094,,2.74270752341315,3.28943085800467,3.89932250874894,,,,,,5.48254875631902,6.04166720656362,,
849.422625,,,,,,,1.58165466179901,,2.25830047697693,3.92095139723137,4.73716676555383,,,,,,5.32405715758859,6.28961999052644,,
850.02265,,,,,,,1.6909399115502,,2.67542886915535,3.51150062364402,4.22973463283074,,,,,,5.85812499174299,6.02212659793392,,
850.622675,,,,,,,1.95985449175938,,2.73575410985756,3.10097520773763,4.46953009532153,,,,,,5.76793812535868,5.96640617611837,,
851.222675,,,,,,,2.55754805660399,,1.82132759745218,3.63576583581672,5.15056893722285,,,,,,4.30391392024546,6.633954214401,,
851.8227,,,,,,,2.15426191727591,,2.16281031717785,3.68192609807556,4.1906228745151,,,,,,5.20214426958295,6.79984356442344,,
852.422725,,,,,,,1.65752380056295,,2.42056961524304,3.27535776346114,4.7335145272869,,,,,,5.80111546482599,6.39026644370238,,
853.022725,,,,,,,2.33467380548922,,2.19529922659028,3.54855109220631,4.28549595317276,,,,,,5.11233761434107,6.60570354957297,,
853.62275,,,,,,,2.02339692359431,,1.79795383516529,3.903830332388,4.42290177292844,,,,,,4.69358373225807,7.93995012585033,,
854.222775,,,,,,,1.67018496482718,,2.13560465674226,3.69043805068312,5.28279561247192,,,,,,4.8587725493122,6.84607999685742,,
854.822775,,,,,,,1.92742102929971,,2.0598758678142,3.85809971648494,4.78343286222061,,,,,,5.03976248983111,6.42112835076289,,
855.4228,,,,,,,2.32469638908815,,1.82291767777588,3.96212382194919,5.0116471802394,,,,,,4.30759090657633,6.68211044478097,,
856.0228,,,,,,,1.89029031400423,,2.30848776078947,3.73640430664838,4.42453244567951,,,,,,5.25133829950394,6.55563168894671,,
856.622825,,,,,,,1.44243116750747,,2.66981517000772,3.86205708094551,4.76972249884341,,,,,,5.27566595876444,6.05732409393573,,
857.22285,,,,,,,2.27257089604856,,2.11259230678422,3.37816922341296,4.98714378806442,,,,,,5.34579108265769,5.58458098134937,,
857.82285,,,,,,,3.22930386155354,,1.25884112217601,4.17895458182394,4.38041128212776,,,,,,4.37417872842076,5.83369201467537,,
858.422875,,,,,,,1.90963235177703,,2.61443329610446,3.85832465896253,4.02053747679761,,,,,,5.61415426029759,5.58745489617203,,
859.0229,,,,,,,2.42492617639078,,2.26897267072045,3.47747577981399,4.15305304358035,,,,,,5.68769179777513,5.43525063622621,,
859.6229,,,,,,,1.67439300196487,,2.36709761510657,3.59078813327719,5.31129094999876,,,,,,5.03533164944104,6.21554778240676,,
860.222925,,,,,,,1.71805939652348,,2.17989785578295,3.98458054556484,4.63016039161222,,,,,,5.29156265117435,6.18264403098801,,
860.82295,,,,,,,2.43351910550599,,2.2024591929981,3.35416398301203,4.03740798137347,,,,,,5.47012475496493,6.51523467406576,,
861.42295,,,,,,,2.37507191439767,,2.47816635086225,3.192301175251,4.74572080965678,,,,,,5.46533256637255,5.26187483018291,,
862.022975,,,,,,,1.49093592167852,,2.50223114402218,3.60772488591526,4.78585969294573,,,,,,5.60178106706377,6.17057965490291,,
862.622975,,,,,,,2.43762324543382,,1.96366186042617,3.42154124778142,4.84253538645372,,,,,,4.9909497105888,6.33273830370255,,
863.223,,,,,,,2.57328772271264,,1.73087716244638,3.44607128665322,4.75392126729553,,,,,,4.94005459189769,6.62710769734167,,
863.823025,,,,,,,2.08969901785919,,2.36123084230213,3.59933898090529,4.6362055117692,,,,,,5.24849306174261,5.88567428378446,,
864.423025,,,,,,,1.54531635601289,,2.58639733455512,3.22259815493338,4.31175291371597,,,,,,5.82729670999841,7.21548844117539,,
865.02305,,,,,,,1.65575702804945,,2.87939841161874,4.02454982007312,3.91150601049284,,,,,,5.31224203309231,6.17102456128197,,
865.623075,,,,,,,1.81954381419842,,2.63067483131615,3.1808524831738,4.31356108328898,,,,,,5.74484591199273,6.67528461917954,,
866.223075,,,,,,,1.73267341668593,,2.3968503222492,3.46545975943918,5.17245489631005,,,,,,5.17248867399643,6.28114554371729,,
866.8231,,,,,,,2.28675341942821,,2.19695718923318,3.11797608381993,4.98903336989732,,,,,,5.19710781477777,6.34175329530249,,
867.423125,,,,,,,2.09595814482011,,2.47672130131652,3.44681790132463,3.82490390041285,,,,,,5.99309275638546,5.9440858256402,,
868.023125,,,,,,,1.80367219392313,,2.36749161364505,3.00164986915977,5.57917304880358,,,,,,5.12065807560707,6.67172681994011,,
868.62315,,,,,,,1.74889299702639,,2.78679603104118,3.47477426477342,4.5187792290056,,,,,,5.47512413120306,6.02213352325767,,
869.223175,,,,,,,2.14674619934833,,2.53843095326206,3.8093053105558,3.87637711851779,,,,,,5.4270845211506,5.8811517127858,,
869.823175,,,,,,,2.06823156948548,,2.12975741271719,3.01609612002636,5.22130573425618,,,,,,5.38362756202615,6.49051346737424,,
870.4232,,,,,,,1.90646469618922,,2.36533055087269,3.98148187688848,4.32973478376162,,,,,,4.93425320339143,6.6310038480434,,
871.0232,,,,,,,2.2793332434232,,1.5167501700593,4.52077055039235,4.73281714370095,,,,,,4.52523440791096,6.05091262288587,,
871.623225,,,,,,,2.12953937638061,,1.61586011580506,4.00911795233109,4.77357014579316,,,,,,4.87619025310271,6.72266144790201,,
872.22325,,,,,,,2.50881283177567,,1.64692576364771,3.96594123329933,5.42864938061827,,,,,,4.24182282891766,5.89905488184022,,
872.82325,,,,,,,2.56762032388651,,2.04308821587977,3.50591592863353,4.23691393649343,,,,,,5.1267787368309,6.44380876761046,,
873.423275,,,,,,,1.59806814451163,,2.05876390186169,3.99009558450201,5.30106817707492,,,,,,5.06597788293042,5.9704564089627,,
874.0233,,,,,,,1.75059935145632,,2.39089117015335,3.42840038933962,4.80333175366064,,,,,,5.29599265615101,6.75139869735124,,
874.6233,,,,,,,1.67865188637001,,2.43472353883923,4.00356372869567,4.34999951959463,,,,,,5.09820233341386,6.66695199864247,,
875.223325,,,,,,,1.82342650933224,,2.02954072612538,4.0735802819354,4.52654302602228,,,,,,4.95989234620699,6.85506088192846,,
875.82335,,,,,,,1.48845579353365,,2.59710259049588,3.92616010106146,4.04279901558807,,,,,,5.70661819611459,6.3364721596988,,
876.42335,,,,,,,1.01049012629747,,2.61140577875981,3.5756921368193,5.47585201173405,,,,,,5.47312399309544,6.32889929867961,,
877.023375,,,,,,,2.76752781149493,,2.57713344658141,2.96892986951,3.83329639023894,,,,,,5.54306171750671,6.08633965573275,,
877.623375,,,,,,,1.83366862617738,,2.68470661311059,3.44038246643193,4.64438145648318,,,,,,5.14103207789329,6.55095914211569,,
878.2234,,,,,,,1.7926034189841,,2.18903930584574,3.4055564212047,5.2247452217184,,,,,,5.3179400874471,6.27007794527278,,
878.823425,,,,,,,2.64313832013117,,1.74217892782339,3.00533154761804,5.10947055140643,,,,,,4.93375545449609,6.88282653337578,,
879.423425,,,,,,,2.02141352821435,,2.41438019539884,3.25092330260363,4.68702256058602,,,,,,5.79893476097049,5.5852714437061,,
880.02345,,,,,,,1.8979668657909,,2.10528088545595,3.36048044484165,5.44792919534519,,,,,,5.22679826445685,6.04763169880918,,
880.623475,,,,,,,2.21758649661484,,2.18442619022724,4.03842927764427,4.24172714650849,,,,,,4.89916761170492,6.24418738019788,,
881.223475,,,,,,,1.91277195036183,,2.14704883646061,3.07283434161964,5.13897068832506,,,,,,5.24387088739491,7.17257530865643,,
881.8235,,,,,,,1.24459335866963,,2.9427325718924,3.36796927049427,5.07022999539907,,,,,,5.5956147206637,6.07005125610608,,
882.423525,,,,,,,2.21352694608303,,2.46302901175777,4.09827415691959,3.58027962347116,,,,,,5.37063837489709,5.78704470407778,,
883.023525,,,,,,,2.07175521859888,,1.90716185037744,3.40847784422273,5.12088762877679,,,,,,5.19894499442671,6.50207170344334,,
883.62355,,,,,,,1.80833457807849,,2.21374486395005,3.77443967090052,4.47448662272108,,,,,,5.15682233758394,6.96811019707291,,
884.223575,,,,,,,1.81704548194659,,2.32516659155518,3.28415179574728,4.6165351531431,,,,,,5.65389984029854,6.65018363427933,,
884.823575,,,,,,,1.56453564682111,,2.37439640431787,3.6002494855766,4.30560608286412,,,,,,5.55974886292732,7.20364031892152,,
885.4236,,,,,,,2.11771941944607,,3.06204358286656,2.80351410305176,5.0007192807742,,,,,,5.2244701224724,5.83252160736069,,
886.0236,,,,,,,2.55255172684291,,2.56987221588623,2.93061632236934,4.17795686584799,,,,,,5.68246001472833,5.84589871803611,,
886.623625,,,,,,,1.39437306391811,,2.44292938611034,3.4545487173824,5.22190277258813,,,,,,5.37577607830048,6.6020123574083,,
887.22365,,,,,,,1.38074029213917,,2.19395910752502,4.1221876572025,4.46008305056027,,,,,,5.66226478650253,6.24136346189315,,
887.82365,,,,,,,2.00521541601076,,1.96566466827191,3.85358248750137,4.7750181137062,,,,,,5.01431589443757,6.47553628619933,,
888.423675,,,,,,,1.82707657290237,,2.2809364877343,4.19198169075578,4.72385175901143,,,,,,5.10730975740764,5.39754432588801,,
889.0237,,,,,,,1.88135921955923,,1.71822807232959,4.38709413185629,4.43914515499174,,,,,,5.22833115391814,6.11433812253812,,
889.6237,,,,,,,2.68254735103205,,1.73549810904678,3.94823420899838,3.65671743162476,,,,,,5.36158981812454,6.19291150691256,,
890.223725,,,,,,,2.57939759868777,,1.74888518085195,4.03023126257517,4.78621061357939,,,,,,4.64909689356422,5.67217623529127,,
890.82375,,,,,,,1.3352364636288,,2.41671182477062,3.89839331913253,4.79735481641843,,,,,,5.51856867053007,6.17812838542069,,
891.42375,,,,,,,1.89438417601451,,2.68752266292781,3.48242648809731,4.14320841029507,,,,,,5.4217114827943,6.60443178614457,,
892.023775,,,,,,,1.80018251988823,,2.40492601324101,3.7692020129028,4.70367277799525,,,,,,5.10000677640677,6.33641093503125,,
892.623775,,,,,,,1.62858413859467,,2.16564054612653,3.97810983183785,4.41340456926877,,,,,,5.307996367932,6.82488377620113,,
893.2238,,,,,,,2.01128717026292,,2.10602896422512,3.88400673231943,4.62851986649989,,,,,,5.1695900472196,6.0549807643384,,
893.823825,,,,,,,1.72161825142317,,2.84946695854869,3.28849006124614,4.69007352167501,,,,,,5.55265040240566,5.9632075468663,,
894.423825,,,,,,,1.7405890735913,,2.45728322044939,3.3145048468174,5.15417627176537,,,,,,5.31394437942658,6.256552155486,,
895.02385,,,,,,,1.43904247294382,,2.13072118280845,3.66706184029901,5.39360697623438,,,,,,5.27178556161043,6.45906577277815,,
895.623875,,,,,,,1.56557903717531,,2.00354455577531,4.12307152235313,4.98748603721103,,,,,,5.01692828872831,6.50652753571639,,
896.223875,,,,,,,2.18841415515516,,2.00985206318314,4.10070155651967,4.60973618535887,,,,,,4.99738076527566,5.6247993433442,,
896.8239,,,,,,,2.18265188444437,,2.17341911223573,3.10718647605511,4.87805731478264,,,,,,5.57289035411273,6.10428050343683,,
897.423925,,,,,,,3.26698809262107,,1.6401088725879,3.51541459804485,3.98228432471804,,,,,,4.89736147106436,6.28218010392558,,
898.023925,,,,,,,2.72775765365576,,1.98434822496323,3.81508871430101,3.54136219977791,,,,,,4.8667023706289,7.17521509932731,,
898.62395,,,,,,,1.5786834609928,,1.97818037975452,3.90289943778478,4.99017603670257,,,,,,5.19384204057726,6.69295551335877,,
899.223975,,,,,,,1.6904047245028,,2.54951747524414,3.3263138326174,4.2931188969383,,,,,,5.76645079998891,6.80399395843175,,
899.823975,,,,,,,1.50682558899041,,1.88892467774799,4.2190337802037,4.85483390193237,,,,,,5.00137619357886,6.91853705085684,,
900.424,,,,,,,1.74637455573316,,2.31731151125673,4.47908447705906,4.48282731865005,,,,,,4.84578769589285,5.8151269090052,,
901.024,,,,,,,2.331775274564,,2.2592207234932,3.4823547437174,4.32689451411195,,,,,,5.53741361925358,5.68775200176459,,
901.624025,,,,,,,1.60971638760131,,2.83158693020558,3.92767983657029,4.39911250255079,,,,,,5.45955402379903,5.42813117922142,,
902.22405,,,,,,,2.71958045112022,,2.33937693659213,2.70002783524908,4.79856104697188,,,,,,5.4164671131653,5.8461346598629,,
902.82405,,,,,,,2.52936501361316,,2.36618930589031,3.11896312260532,3.82430058377059,,,,,,5.61872740625426,6.60864412408389,,
903.424075,,,,,,,2.1591358376162,,2.52070074993864,3.34121749683421,4.61411110285891,,,,,,5.34702672451267,5.87126265251546,,
904.0241,,,,,,,1.00089297818281,,2.73884094556208,3.56775436742143,4.92918180836819,,,,,,5.82085488162165,6.39644503904462,,
904.6241,,,,,,,1.57522983909999,,2.21692112652533,3.59378849419978,4.92607055418251,,,,,,5.4222162947017,6.65103089042557,,
905.224125,,,,,,,2.09492431506971,,2.26908895179939,3.79335621924689,4.59950846125907,,,,,,4.83720340732281,6.49563374105405,,
905.82415,,,,,,,1.86315826936569,,1.85279362287934,4.1550312390021,5.04891163224577,,,,,,4.6510384112803,6.58175794644818,,
906.42415,,,,,,,1.49308444384099,,1.78926706175893,4.49334577584947,4.43081486572968,,,,,,4.81839328311077,7.62054591979209,,
907.024175,,,,,,,2.05202467814832,,2.09865685685191,3.26928964336981,5.1641577122965,,,,,,5.16359607653568,6.52844597705278,,
907.624175,,,,,,,2.25248105944744,,1.1817344812931,3.64382125332234,5.66146576807343,,,,,,4.68542781794599,6.92189992286988,,
908.2242,,,,,,,1.92291527717276,,2.12653751860448,3.68135405762671,4.79034020549272,,,,,,5.32797351289711,6.12787910373012,,
908.824225,,,,,,,1.97238470981885,,2.09752001656005,3.52566154597149,4.9406085363892,,,,,,5.11951294627513,6.60366083753072,,
909.424225,,,,,,,1.34518067033574,,2.55683574994021,3.72952380354565,4.68376040170641,,,,,,5.58693568859752,6.36682354470902,,
910.02425,,,,,,,2.61476779519728,,1.8836780890815,4.13530430000246,4.22900611168713,,,,,,4.73923538624097,5.88428964960481,,
910.624275,,,,,,,1.7859986500241,,2.72671095984654,3.65163406211839,4.40596414553819,,,,,,5.60599678161585,5.52936113651309,,
911.224275,,,,,,,2.00628674504087,,2.52503213403449,3.43680635168468,4.48868970537394,,,,,,5.0986652920714,6.78102780603062,,
911.8243,,,,,,,2.39722758440509,,2.81322950066131,3.40741261228122,3.69308078325427,,,,,,5.71032336729604,5.4284526355566,,
912.424325,,,,,,,1.38050265352736,,2.19844896798227,4.39420478344802,4.45183443063385,,,,,,5.37553988765514,6.17229115926154,,
913.024325,,,,,,,2.40045495460118,,1.86843287925746,3.64707418071569,4.6083932742145,,,,,,5.17846581269128,6.08606776110459,,
913.62435,,,,,,,1.97968206596873,,2.03148826278279,3.53603650181795,5.00625116251278,,,,,,5.00131836579833,6.81372631665567,,
914.224375,,,,,,,2.03151271918289,,2.33176331466815,3.15168264398208,4.58064276281608,,,,,,5.66177437618332,6.44655778039442,,
914.824375,,,,,,,2.99631989087075,,1.44522370877387,3.38225234534176,4.34359853502185,,,,,,5.43805032635517,5.91427077434223,,
915.4244,,,,,,,1.85992002193492,,2.05117312257954,3.99669043667997,4.54664295387248,,,,,,5.27767632407486,6.20442684683548,,
916.0244,,,,,,,1.76685024016396,,2.36731657120091,3.62622122380633,4.5691162615791,,,,,,5.54485046504688,6.16540969905319,,
916.624425,,,,,,,1.92278454265101,,1.75397690660257,3.50960517907177,5.80044924939306,,,,,,4.89212144982689,6.34497915476857,,
917.22445,,,,,,,1.05738602489062,,2.28805654151099,4.79530915907797,3.94456757556123,,,,,,5.04565540754993,7.47683382358657,,
917.82445,,,,,,,2.67212737839508,,2.22165354879186,3.57740966614542,4.21421826737086,,,,,,5.08292453387735,5.7779450311963,,
918.424475,,,,,,,2.03321275830222,,2.28599912819708,3.67428732418297,4.45839027853818,,,,,,5.11345075488017,6.60147224827786,,
919.0245,,,,,,,1.74942445572458,,3.02426929604528,2.87646847348633,4.14442680172583,,,,,,5.92139547773823,6.80135700788525,,
919.6245,,,,,,,1.47564326954719,,2.96439173853767,2.85659923629139,4.9746162679025,,,,,,5.92981099739506,6.16170809792398,,
920.224525,,,,,,,2.08088600250859,,2.27327107631364,2.94500307160012,5.48279141106387,,,,,,5.0576670500847,6.56529994482142,,
920.82455,,,,,,,1.47400163843952,,2.30788211809503,3.85784726657783,4.56588654682433,,,,,,5.46067362963669,6.6633568297668,,
921.42455,,,,,,,1.79939295381673,,2.6917681749843,2.92041246735646,5.05151588089767,,,,,,5.48464242013688,6.46051715845393,,
922.024575,,,,,,,1.03329112494446,,2.47793371709042,3.97530538294519,4.70355623022134,,,,,,5.34885208407624,7.19857370885923,,
922.624575,,,,,,,1.77332638460461,,2.69632077241448,2.90081264734218,4.45010130688033,,,,,,6.00853729303111,6.56729305034442,,
923.2246,,,,,,,2.89729326204199,,1.44406695497901,3.62664396045832,4.80332515953409,,,,,,4.66624941267588,6.35199795134148,,
923.824625,,,,,,,1.94947782114846,,2.23198991845673,3.2393832951197,5.42221571155605,,,,,,4.88060011286521,6.74242533619125,,
924.424625,,,,,,,2.4220365494958,,2.3392663718709,3.35205187506792,4.35562677363176,,,,,,5.42477150460923,5.80269340047602,,
925.02465,,,,,,,2.40654666109552,,1.81221187467171,4.26341326417961,4.25694296088337,,,,,,4.77707960143445,6.12546897947701,,
925.624675,,,,,,,1.84548692269096,,2.89663838339166,3.115810966907,3.889185771676,,,,,,5.7180971896119,7.08724180335058,,
926.224675,,,,,,,1.41268661429168,,2.20317145705302,3.97116641753063,4.99031222661053,,,,,,5.08078829567912,6.76842642975607,,
926.8247,,,,,,,2.03580827793837,,2.07681811371448,3.85306244820935,4.6255831491701,,,,,,4.92426555652403,6.64337221676743,,
927.424725,,,,,,,1.70751441912106,,2.85034391557512,2.94269446019386,5.01413859903145,,,,,,5.55239783634747,6.27022726051655,,
928.024725,,,,,,,1.9814937806326,,2.42147080614079,3.02280448936173,4.24383621711845,,,,,,6.08028704716118,6.46412753856767,,
928.62475,,,,,,,1.81309187634607,,2.31008786153432,3.68825859262961,5.30065029240971,,,,,,5.02823198878593,5.74791805526423,,
929.224775,,,,,,,2.38338921139307,,1.70604040468811,3.63511909888024,5.28928320773128,,,,,,4.66096225688551,6.31770109476594,,
929.824775,,,,,,,1.6966052162057,,2.69934691920416,3.37987896446663,4.0579824236661,,,,,,5.83710256731058,6.64652147217665,,
930.4248,,,,,,,2.05912751796923,,2.14246793221659,3.86288197521648,4.03632603674671,,,,,,5.47716977901771,6.34501843162646,,
931.0248,,,,,,,1.89888948344163,,2.10116837971468,3.68702559343385,5.01537552817479,,,,,,4.97958497665516,6.54714806451952,,
931.624825,,,,,,,1.68724528765231,,1.80476077733276,4.16993893643185,5.01162797555358,,,,,,4.84047222848587,6.77492141231409,,
932.22485,,,,,,,1.61701199827082,,2.0471514038498,4.07409848241192,4.56851787690615,,,,,,5.02754777156763,7.14996174741989,,
932.82485,,,,,,,1.61422442318855,,2.3241468027221,3.59103236588542,5.21961949928845,,,,,,5.52854150532662,5.58945169537593,,
933.424875,,,,,,,1.69149303577655,,2.70690059871185,3.67273684824392,4.49531058008889,,,,,,5.33718047800614,6.16729841693411,,
934.0249,,,,,,,2.25521361064378,,2.42047097571748,3.57222298350824,4.53121207015757,,,,,,5.1236085248033,5.85306232301191,,
934.6249,,,,,,,1.45669065405604,,2.35112080564605,3.34846860801913,5.36556694268306,,,,,,5.25733589314418,6.86383991654006,,
935.224925,,,,,,,2.35150770439133,,2.60221208496137,3.43781721840098,3.48536663975989,,,,,,5.6609788668369,6.36241411587698,,
935.82495,,,,,,,2.3117462976264,,2.8504016639673,2.59091066646976,4.27832179115225,,,,,,5.65749365555456,6.66245977611773,,
936.42495,,,,,,,1.15402366693134,,2.67755237939812,3.40559443188328,4.70426597721467,,,,,,5.72388707681463,7.12522486865513,,
937.024975,,,,,,,1.99231121849339,,1.96029371045863,3.47797094215499,5.11789015010033,,,,,,5.47711742963894,5.85946698729642,,
937.624975,,,,,,,1.76735989049091,,2.23796167813576,3.7071607317479,4.6816092147032,,,,,,5.44952091243162,6.20596596271123,,
938.225,,,,,,,2.23536662007684,,2.31511742711837,3.34342186530985,4.50307883592909,,,,,,5.35604919474679,6.24206445433436,,
938.825025,,,,,,,2.14657397593476,,2.66296008676488,2.74379343519651,4.56942860498679,,,,,,5.812877795411,6.22373966602072,,
939.425025,,,,,,,2.4701908908526,,2.1252167211385,3.63554934422674,4.07651336983776,,,,,,5.19474610952368,6.37168466956519,,
940.02505,,,,,,,1.43310627863543,,2.48473313490788,3.73279104126538,4.97942629805453,,,,,,5.25925239241089,6.41210135926124,,
940.625075,,,,,,,1.88706028422692,,2.6261925780965,3.06283039348992,4.54235750928283,,,,,,5.56435385198416,6.760092816233,,
941.225075,,,,,,,2.01103987448168,,1.80603169857568,3.58760042836889,5.48478212780557,,,,,,5.16111179349713,5.8271340348749,,
941.8251,,,,,,,2.27624937269012,,1.82531576627506,3.70540753776844,4.14809352026686,,,,,,5.10992060407942,7.33720837076135,,
942.425125,,,,,,,2.03937858893889,,2.07723427302912,3.95544467772656,4.37252150445837,,,,,,5.12271346445478,6.42299422454185,,
943.025125,,,,,,,1.58646445033817,,2.45047982314289,4.22505649341682,3.80993704846168,,,,,,5.6193682682774,6.22088279023246,,
943.62515,,,,,,,1.69579063879526,,1.98822561553526,4.01103650456931,4.71064335017595,,,,,,5.26786341920215,6.4473996270365,,
944.225175,,,,,,,2.03086729295378,,2.39503317135834,3.55229325872889,4.43996970791245,,,,,,5.32194727705243,6.29806435906231,,
944.825175,,,,,,,2.44858077504787,,2.16220126529653,3.20229423933202,4.34831351789378,,,,,,5.16796894304399,6.99820197886763,,
945.4252,,,,,,,2.61390651925635,,1.68081214978198,3.02544891574381,5.00051589813192,,,,,,4.9522752448854,7.18825434140315,,
946.0252,,,,,,,1.54366844756895,,2.52091412037539,3.33722206448471,5.14560065481219,,,,,,5.33614162199054,6.57002296162172,,
946.625225,,,,,,,1.62148833954463,,1.73535813447613,4.08949716420414,5.05886391682647,,,,,,5.19997651425101,6.44289393098285,,
947.22525,,,,,,,1.48614413103438,,2.34201906556439,3.55397150983269,4.78473498221014,,,,,,5.281751926282,7.29912318127396,,
947.82525,,,,,,,2.26991068474699,,1.62182235861375,3.35343084608448,5.22109415418708,,,,,,5.27781503769303,6.31294095714979,,
948.425275,,,,,,,1.27393683404931,,2.39947725420576,3.97157250410989,4.74341366498566,,,,,,5.50546985870259,6.31770123166368,,
949.0253,,,,,,,1.93538842666449,,2.15117565854316,3.8338753336697,4.69576355214976,,,,,,5.16005252459275,6.19219920252445,,
949.6253,,,,,,,1.95068137728159,,2.18659383794953,3.59753402340042,4.72865129745209,,,,,,5.23971755838778,6.44526537530443,,
950.225325,,,,,,,1.82866493505153,,2.45285058631248,3.52073288710595,4.55155566042579,,,,,,5.12680158311758,7.00902984002535,,
950.82535,,,,,,,1.41202922113494,,2.48630256563807,3.94151448891075,4.98792190838942,,,,,,5.06510487195161,6.33692040856402,,
951.42535,,,,,,,2.14777925735998,,2.259096870482,3.37919956190955,4.83274348932576,,,,,,5.10615910714937,6.4165880286455,,
952.025375,,,,,,,2.33050555623407,,2.40470553007505,3.05679415953655,4.52202378939682,,,,,,5.58991524651322,6.00584782161369,,
952.625375,,,,,,,1.96741099907728,,2.23411988686218,2.80732310102953,5.18866079194397,,,,,,5.73404944902393,6.40215212212722,,
953.2254,,,,,,,2.32593138316329,,1.84930265556731,3.73521633586109,4.48327003514849,,,,,,5.24697021874789,6.1857034243111,,
953.825425,,,,,,,1.33045858195562,,2.56724918227818,3.75557334871935,4.12916991141349,,,,,,5.88427739724099,6.70851724089706,,
954.425425,,,,,,,1.69196475355022,,2.64027902705093,3.37057745139263,4.62818813844706,,,,,,5.56683830710101,6.32279156839675,,
955.02545,,,,,,,2.60691136187659,,1.94513592622856,3.42485516934927,4.48913623360697,,,,,,5.03118253495923,6.4703326034472,,
955.625475,,,,,,,1.9722378456646,,2.10739893560194,3.10223944183876,5.38044729317832,,,,,,5.60396021651379,5.82120905537766,,
956.225475,,,,,,,2.83243105272855,,1.74262290480917,3.29866481049335,4.66488825836258,,,,,,4.95663582881533,6.41072177700495,,
956.8255,,,,,,,1.96036411822988,,2.52206300924846,3.00309910807838,4.37585778556123,,,,,,5.8944448345809,6.52522365234999,,
957.425525,,,,,,,1.88918307929598,,2.71252570850181,3.38533943327937,4.19425943627622,,,,,,5.59110678564948,6.36347239607006,,
958.025525,,,,,,,1.86252868124761,,2.2972727214853,3.52560473078575,4.93214306042293,,,,,,5.16924136217854,6.42274798510935,,
958.62555,,,,,,,1.12934205456336,,2.85875104950734,3.54032712482505,4.94227324209445,,,,,,5.69831816583773,6.12613999977725,,
959.225575,,,,,,,1.73673568150559,,2.57748638740727,3.41125509560937,4.61098373790222,,,,,,5.55237434257687,6.2849019248999,,
959.825575,,,,,,,2.06592973414842,,2.48051375972479,3.00567825210548,4.69127147719992,,,,,,5.65689884391225,6.24136731732178,,
960.4256,,,,,,,1.79174714109667,,2.3333838521567,3.72898356462318,4.03850556193246,,,,,,5.76643075671476,6.41116448323323,,
961.0256,,,,,,,2.3312823624216,,1.77056363182774,3.87704919726127,4.88431349198305,,,,,,5.03146654424461,5.69020432360699,,
961.625625,,,,,,,3.03637314664782,,1,3.18693248343034,5.52268811154638,,,,,,5.0003658864803,5.91864927350032,,
962.22565,,,,,,,2.23657412033107,,1.99909644892947,3.38367946121274,4.85667915431468,,,,,,5.11686289701786,6.60324399056713,,
962.82565,,,,,,,2.04259185203149,,2.14546462005098,3.98733388073868,4.17123028760162,,,,,,5.12893530730907,6.55788748339886,,
963.425675,,,,,,,1.55282248545226,,2.65102551361114,2.88787533089018,4.95171133403248,,,,,,6.01629443546646,6.34145551207364,,
964.0257,,,,,,,1.63733530057958,,2.39458311265765,3.84420583470179,4.58853237631976,,,,,,5.45424840110431,6.06869522643176,,
964.6257,,,,,,,1.69427490727056,,2.08914907611289,4.13621025253849,4.52123595273463,,,,,,5.04968665680152,6.74882914732384,,
965.225725,,,,,,,1.94714051522954,,2.34278991431353,2.96652416380905,5.3488250953545,,,,,,5.59064806389704,5.85913966247895,,
965.82575,,,,,,,1.61318737463883,,2.57876267264899,3.72756754204826,4.36589632143401,,,,,,5.37461493876548,6.64265768184154,,
966.42575,,,,,,,2.00198410671577,,2.63020831142837,3.80805367504911,4.34528952638771,,,,,,5.36067676721049,5.37661133274612,,
967.025775,,,,,,,1.15542827889076,,2.3056696346881,3.54062385873012,5.46094560152646,,,,,,5.64314079655065,6.28930542572498,,
967.625775,,,,,,,1.99048869819244,,1.84733291795504,3.8983417256384,3.95431338841977,,,,,,5.65172949986078,6.7897994695206,,
968.2258,,,,,,,1.82491931795608,,1.92477297181466,4.29820458934544,4.36726212243456,,,,,,5.38664521383595,5.88754756455612,,
968.825825,,,,,,,1.90614715999318,,3.20253057551624,3.07097906596305,4.10270528296519,,,,,,5.98874704826501,5.4919989350878,,
969.425825,,,,,,,1.50811811302921,,2.91187335190876,2.87933791013488,4.19568789642332,,,,,,6.15979688050966,7.05780290311124,,
970.02585,,,,,,,1.8375751580272,,2.52115566808149,3.51208973133734,3.90478625021694,,,,,,5.48671834701068,7.29985436739442,,
970.625875,,,,,,,1.64994410197293,,2.16777322134729,4.08769864840332,4.76314867030557,,,,,,4.85934226343631,6.79462651132108,,
971.225875,,,,,,,2.08285005525371,,2.642331345737,3.50887559821396,3.5569896335849,,,,,,5.57048776883495,6.88152329311891,,
971.8259,,,,,,,2.1735349637385,,2.20542136295524,3.35196360267753,4.34723700405143,,,,,,5.47352186701321,6.63375024622744,,
972.425925,,,,,,,1.99413129076531,,1.75245224875485,3.50410043824585,4.32648670451926,,,,,,5.67799906229088,7.21110084629921,,
973.025925,,,,,,,2.67618192702804,,1.75539461613909,4.06704955881474,4.16513608959867,,,,,,4.97047286327326,5.76899308802725,,
973.62595,,,,,,,1.9625141820642,,2.48335359381004,3.79458388770695,4.51785045429287,,,,,,4.96736889495189,6.30823696480425,,
974.225975,,,,,,,1.77871182501243,,2.19337343875076,4.16086387314934,4.69460170729038,,,,,,4.98738283717756,6.07709173726021,,
974.825975,,,,,,,1.84144922860605,,2.90812231305726,3.37211683266088,4.04239181638685,,,,,,5.88684748051907,5.8034627650348,,
975.426,,,,,,,1.39105187808774,,3.08384930222467,3.48445518428989,4.23263472642718,,,,,,6.09103679682226,5.60709103285062,,
976.026,,,,,,,2.29088851461941,,2.44781989045954,3.12829285374341,3.91799043643731,,,,,,5.77216600594838,6.56931345624554,,
976.626025,,,,,,,1.6376107433576,,2.36852507118165,3.45046420831809,4.99371245891007,,,,,,5.50663924233385,6.25032887640041,,
977.22605,,,,,,,1.61014533135919,,2.67237034910526,3.34560922869536,4.4472519176621,,,,,,5.77230176678513,6.43956227413187,,
977.82605,,,,,,,1.72823355701707,,2.40344956959004,3.28949495935606,4.85431363956537,,,,,,5.21130699971924,7.21763630646724,,
978.426075,,,,,,,2.19573020178553,,2.11746236349346,2.97748427623611,4.94792337381856,,,,,,5.17474199933946,7.20861296301014,,
979.0261,,,,,,,0.96917918604825,,2.21484771229278,4.11712455176062,5.07482495101959,,,,,,5.64285326710049,6.22710889636628,,
979.6261,,,,,,,2.00887205296653,,2.14913066015524,3.69715511049444,4.54764284926562,,,,,,5.43851502073463,6.02726911626204,,
980.226125,,,,,,,1.78132921006756,,1.64174013125173,4.20906115380166,4.78192124814747,,,,,,5.18246344748374,6.44201201760378,,
980.82615,,,,,,,2.20716378774577,,1.8297329247075,3.36338230400486,4.75714115569142,,,,,,5.60697148204369,6.21052714665405,,
981.42615,,,,,,,1.41722809981878,,2.34386536176614,4.29822872046709,4.73514903160027,,,,,,5.10886247630478,6.07720705389945,,
982.026175,,,,,,,1.12407185252945,,2.89591142573218,3.22455496557744,5.20502277957075,,,,,,5.930630798085,5.88879172762865,,
982.626175,,,,,,,1.63274596269803,,2.03087497975025,3.86504035401359,4.91809100818203,,,,,,5.47857401703767,6.07614705764677,,
983.2262,,,,,,,1.80854654255508,,2.56155598939613,4.03257333235076,3.25828669143069,,,,,,5.44738753014511,7.26396346694854,,
983.826225,,,,,,,1.62338563152524,,2.30974651959966,3.49624741727266,4.38633997310394,,,,,,5.89201934537886,6.58606100078652,,
984.426225,,,,,,,1.16626425292371,,2.4447199002825,3.28995911017429,5.7270620397553,,,,,,5.59325907085126,6.23712669980085,,
985.02625,,,,,,,1.72127244588145,,1.78308997456215,3.96669153955159,5.57853645546308,,,,,,4.88856699136952,6.09766773691364,,
985.626275,,,,,,,1.92757792380696,,2.28432721490144,3.96958595387654,4.2168042046232,,,,,,5.50421644412078,5.76997587850781,,
986.226275,,,,,,,2.2168466571128,,2.17080629028748,3.62728761411112,5.00906127619075,,,,,,4.95762903468482,5.77463307148137,,
986.8263,,,,,,,2.21366991916727,,2.11253322211974,3.50341451444266,4.31961148060616,,,,,,5.53517759439292,6.24921838675747,,
987.426325,,,,,,,2.18896622081247,,2.29603707093809,3.80794485956076,3.98369790423842,,,,,,5.3173626971776,6.27296296071751,,
988.026325,,,,,,,2.34431154437553,,2.39650591933128,3.04598023474328,4.91157766017984,,,,,,5.43416320356253,5.62821203698828,,
988.62635,,,,,,,1.91816999536423,,2.00300665334173,3.61217794570864,4.78379180199976,,,,,,5.74943725638573,5.67775382104387,,
989.226375,,,,,,,2.1698591366843,,1.85494650164637,4.56995073726806,4.22002124738173,,,,,,4.70109538942583,6.13524978901766,,
989.826375,,,,,,,2.07219465582707,,2.22254888491967,3.63181945480298,4.87566521194763,,,,,,5.38569460212209,5.39315407641584,,
990.4264,,,,,,,2.1526612249182,,2.06152429868916,3.87026108626,4.40809986105301,,,,,,5.25880466069544,6.01386620899599,,
991.0264,,,,,,,2.02746365474692,,2.0182399345661,3.87393745366969,4.8954430737641,,,,,,4.69033898435138,6.72491876003836,,
991.626425,,,,,,,1.43422199673631,,2.60517062070667,3.90464640439235,4.87052425119904,,,,,,5.04459282500984,6.3984422773257,,
992.22645,,,,,,,2.45323611907491,,1.8102067766335,3.6921678824826,4.60995525662236,,,,,,5.02296554830007,6.26889520142259,,
992.82645,,,,,,,1.11364977496694,,2.85614032767657,3.4263234241781,4.4190702334076,,,,,,5.80553379431032,7.18631109551431,,
993.426475,,,,,,,1.84046884273499,,2.6146910396861,3.53210770160647,4.06011299199535,,,,,,5.53692711186026,6.6737042535345,,
994.0265,,,,,,,1.74396798968293,,2.81358690681572,2.46683954455149,5.60750588216351,,,,,,5.43659749726861,6.59067856410352,,
994.6265,,,,,,,0.881931924224937,,3.00736983708556,3.29656355430756,5.01059802067177,,,,,,5.99725647015708,6.35338552610303,,
995.226525,,,,,,,1.40770760860537,,2.46865492739175,4.0823169843753,4.23263943004749,,,,,,5.4051509615262,6.69537934169437,,
995.82655,,,,,,,1.87333692545047,,2.15516682498561,3.89935045741474,4.1512777061417,,,,,,5.35218426183836,6.77617688618741,,
996.42655,,,,,,,1.97829826754592,,2.36982420854895,3.67711376560474,4.42666232899984,,,,,,5.26660703416644,6.31560685404759,,
997.026575,,,,,,,2.90772310308691,,1.37419692349303,3.72453195728445,3.97823008617862,,,,,,4.85662546266166,7.32011030929808,,
997.626575,,,,,,,2.02997285705291,,1.94368464466827,3.99238540238254,4.54366660103699,,,,,,5.03213857768912,6.49066087009643,,
998.2266,,,,,,,1.66880030069868,,2.30617145696185,3.83930712470616,4.85251468439102,,,,,,4.97300014392564,6.69586551841705,,
998.826625,,,,,,,1.33290399702123,,2.58493212932028,4.11011967112064,4.30410044664631,,,,,,5.42391960580003,6.43157479631934,,
999.426625,,,,,,,2.11647215403383,,1.93453194893478,3.60711706897766,4.64449143883511,,,,,,5.12727725729265,6.8549363795907,,
1000.02665,,,,,,,1.8245622244972,,2.9325864273845,3.57833587323361,3.85738867426658,,,,,,5.67730921689144,6.06462106363354,,
1000.626675,,,,,,,1.66091634769967,,2.09611470776784,3.66225699004045,4.86000080249858,,,,,,5.315119871067,6.83024817313322,,
1001.226675,,,,,,,2.2205157579574,,1.74539267737976,3.9121366430205,4.60098544794338,,,,,,4.87634369568304,6.78796401524587,,
1001.8267,,,,,,,1.74244126570002,,1.72886674718866,3.78610059249449,4.96235278583026,,,,,,5.18116478131377,7.10556198155263,,
1002.426725,,,,,,,1.28594746777896,,2.95424651124851,3.27885878384307,4.6409633822392,,,,,,6.00399785261025,6.08592440377226,,
1003.026725,,,,,,,2.34932689137111,,2.64959988549046,2.7872549117145,4.64466074875469,,,,,,5.44735911630494,6.23219059496685,,
1003.62675,,,,,,,1.85090239555545,,2.7885274655804,3.69143165071986,4.42151984825699,,,,,,5.39255584343859,5.55842597786535,,
1004.226775,,,,,,,1.78249157844648,,2.38227670170296,4.12448752245302,3.70127424345405,,,,,,5.67833335452564,6.15610039346311,,
1004.826775,,,,,,,1.12918115188084,,2.10271530098488,5.06299238763563,4.20696233988626,,,,,,5.0438650860182,6.50040487679497,,
1005.4268,,,,,,,1.80468268493023,,2.71808543078728,2.98485341190856,4.4405610161815,,,,,,5.66764421105408,6.96556365318919,,
1006.0268,,,,,,,1.80165843151727,,2.43487496311076,3.79454788578769,4.48764444263743,,,,,,5.61640288495202,5.52190211422092,,
1006.626825,,,,,,,1.65606581470571,,2.34138558616517,3.5598930219314,5.44911493249709,,,,,,5.14902118846917,5.90067251898648,,
1007.22685,,,,,,,1.59348334985109,,2.13924893933783,4.56543693793409,4.55985525447405,,,,,,5.21537138221197,5.43244372174515,,
1007.82685,,,,,,,2.90399947077797,,2.35771060516307,2.43793778559067,4.44110791617018,,,,,,5.56416476653016,6.31591952899173,,
1008.426875,,,,,,,2.85802181071913,,2.18030689876322,3.31580260745305,3.86725816485133,,,,,,5.26273432189145,6.27082263450639,,
1009.0269,,,,,,,1.62635944091208,,2.01572105259732,4.46142628037811,4.92534756053217,,,,,,4.84641503532681,5.94954538228806,,
1009.6269,,,,,,,1.80055654848352,,2.38887247240218,3.38900847508521,4.95105578963471,,,,,,5.12714395309944,6.80561765707017,,
1010.226925,,,,,,,1.9501205686106,,2.01553341701409,4.15831402466622,4.34688638749096,,,,,,5.02626224439485,6.52248095179292,,
1010.82695,,,,,,,1.94030436426344,,3.08135860002366,2.79286610037246,4.59179423934265,,,,,,5.92999402095041,5.55852673863542,,
1011.42695,,,,,,,2.26751853125929,,2.33229040453285,2.7010472874792,3.88356279398482,,,,,,6.65592046577779,6.12623720516192,,
1012.026975,,,,,,,2.50750908284315,,1.82073420500867,3.36511130197801,5.06711006649168,,,,,,4.97432325903586,6.1877210266524,,
1012.626975,,,,,,,2.18495473180268,,2.44665426180617,3.51778069706342,4.17583688944896,,,,,,5.2382300292398,6.53278234969451,,
1013.227,,,,,,,2.29377763982943,,2.17880979565713,3.76064805396418,4.00584964224934,,,,,,5.27968968473569,6.37634448790685,,
1013.827025,,,,,,,1.63357022546176,,2.60000550799253,3.37268221943901,4.88324060321848,,,,,,5.70892291801043,5.78673541212889,,
1014.427025,,,,,,,1.85244091429086,,2.13075043608298,4.547821569901,4.12562114488048,,,,,,5.04898646642205,5.94571094631852,,
1015.02705,,,,,,,1.72305339317194,,1.97976470443072,4.27069634646857,4.27896586984355,,,,,,5.19242933477158,6.68981215466717,,
1015.627075,,,,,,,2.66478034847228,,1.33601022452817,3.97529294909027,4.30120668917203,,,,,,4.76528518709826,7.01688169542929,,
1016.227075,,,,,,,1.89699896428729,,2.29735521374499,3.60024181912589,4.2012460675828,,,,,,5.25111966713668,7.30630492062456,,
1016.8271,,,,,,,1.59546541974202,,1.99903342708785,3.60259618754959,5.50878145976396,,,,,,5.44366540922674,5.88634875738226,,
1017.427125,,,,,,,2.41216013751145,,1.85135046838176,3.81684465565025,4.42693278423936,,,,,,5.24752417904386,5.85074292703259,,
1018.027125,,,,,,,1.61767141486956,,1.92579288271046,4.00055098186097,5.32472093829333,,,,,,4.69516264045252,6.88315622311389,,
1018.62715,,,,,,,2.20952237325328,,2.10211644840331,3.38240181530657,4.86139876934294,,,,,,4.93089712114779,6.8619519558151,,
1019.227175,,,,,,,1.7415337478812,,2.32537505733921,3.54317382368608,4.82298374014761,,,,,,5.55239308799803,6.04141876558053,,
1019.827175,,,,,,,1.49028604981869,,2.19902452456964,4.06101903102184,4.17852332871943,,,,,,5.70392549672,6.51905110206981,,
1020.4272,,,,,,,1.95951143512557,,2.21708890461774,3.81136779650336,4.30841760475708,,,,,,5.26188989080843,6.55022781973165,,
1021.0272,,,,,,,1.73562278315389,,1.77015058242484,4.65472847782001,4.91157648345865,,,,,,4.4606220746062,6.48445929059904,,
1021.627225,,,,,,,1.56236776680694,,2.12799285041687,4.11381051750112,4.40131602510815,,,,,,5.25612791332224,6.86599135721057,,
1022.22725,,,,,,,1.73478091122806,,2.19733536795589,3.63543473087637,5.14005780709211,,,,,,5.14907399347298,6.3438123105581,,
1022.82725,,,,,,,1.49867165579872,,2.41392699632953,3.66346188842861,4.91834554584276,,,,,,5.08316897769565,7.02777615850287,,
1023.427275,,,,,,,2.46253367394983,,2.06978334307958,3.83631446764421,4.4404139792793,,,,,,4.77966815193316,6.20571549613381,,
1024.0273,,,,,,,1.87509942621217,,1.75565737819006,4.14264274261897,4.94139873325427,,,,,,4.89848959628145,6.44440563703672,,
1024.6273,,,,,,,1.96775234843393,,2.40456356875027,3.68118505031334,4.78808573593675,,,,,,5.14939592964018,5.85344790398275,,
1025.227325,,,,,,,2.34709391653448,,1.87950602761506,3.9033035361,4.44366153812963,,,,,,4.76545393117363,6.73538179813664,,
1025.82735,,,,,,,0.782550423198817,,3.11517968695835,3.43733741490177,4.7708313948832,,,,,,5.99440527917479,6.50271463009222,,
1026.42735,,,,,,,1.89745924623531,,1.97494601443664,3.45632496259533,5.27338649150811,,,,,,5.18062576898657,6.47602379535568,,
1027.027375,,,,,,,2.19955523115858,,2.30074570842171,3.90504177531182,4.5308078468918,,,,,,4.89353001757151,5.88540652016397,,
1027.627375,,,,,,,2.72084737176999,,2.44526277874149,3.26792448207196,4.06110210488505,,,,,,4.94324255871132,6.5622636961765,,
1028.2274,,,,,,,2.69738204274185,,2.41853314950664,3.17083951460465,4.34824463749406,,,,,,5.0792257793933,6.10880307291944,,
1028.827425,,,,,,,1.66339233897502,,2.64958934980041,3.59077478689023,4.54306554863927,,,,,,5.33790013194793,6.46784058886537,,
1029.427425,,,,,,,2.80075682852004,,1.99456635498176,3.4567332315101,4.80220061286995,,,,,,4.9675026904751,5.34322733659959,,
1030.02745,,,,,,,2.06272283223483,,2.48582320351112,3.21875808362792,4.81796556682191,,,,,,5.21374808796642,6.40767941077056,,
1030.627475,,,,,,,1.50784063580264,,2.71343882633594,3.51950244723847,4.78250388063783,,,,,,5.50419209255673,6.15034375138913,,
1031.227475,,,,,,,2.50949151478892,,2.2277625525572,3.19343717430781,4.49248411382509,,,,,,5.22624039358038,6.34703084986026,,
1031.8275,,,,,,,2.3031192738934,,1.1074058840387,4.10014490926463,4.74731673167729,,,,,,5.05926672731579,6.67577380575689,,
1032.427525,,,,,,,2.4037965134235,,2.29355646382645,3.78642669548836,4.29646353653629,,,,,,4.71917988867732,6.44540728125104,,
1033.027525,,,,,,,2.4249479990667,,1.79037884638087,3.77330025924,5.20262664838141,,,,,,4.52644863215904,6.1410901999589,,
1033.62755,,,,,,,1.39763478818586,,2.28482511851379,3.84791940100043,4.96867143765666,,,,,,5.5457973385373,6.02203492554237,,
1034.227575,,,,,,,2.16510033277055,,2.03910259365481,3.61117560305897,4.39809832785241,,,,,,4.95555787350583,7.32435931414116,,
1034.827575,,,,,,,1.97736612822706,,2.26019102663884,3.56274975658474,4.84475843175333,,,,,,5.13240426358423,6.33296766423677,,
1035.4276,,,,,,,2.00483659216366,,2.16337115427778,3.79038571116508,4.59414024509505,,,,,,4.94943607483095,6.71998693870448,,
1036.0276,,,,,,,1.70368556625155,,2.90252633838485,2.99566465909409,4.651843148889,,,,,,5.82154036383688,6.14398738292129,,
1036.627625,,,,,,,1.70906687756777,,2.67786552346652,3.85796276631193,4.08000568892471,,,,,,5.56082449494708,6.00292346181859,,
1037.22765,,,,,,,1.97159683952861,,2.19531943897194,4.40707255902814,3.98113083468341,,,,,,5.02510232803294,6.16932062668169,,
1037.82765,,,,,,,2.66052376621758,,2.2439001648758,3.80337372983785,3.53629471707663,,,,,,5.15918055326798,6.27937221920321,,
1038.427675,,,,,,,1.46693518796657,,2.46283588958803,3.93823521590204,4.27800185406994,,,,,,5.45634801966082,6.71803225784707,,
1039.0277,,,,,,,1.1978277938585,,2.46962005624969,3.68345510371336,5.46669393679942,,,,,,5.02676174125534,6.78863443450617,,
1039.6277,,,,,,,2.47343486748939,,2.10152816943969,3.78587709351649,4.27224539985248,,,,,,5.06107544248741,5.95749781189869,,
1040.227725,,,,,,,1.92674021364122,,1.97306585422458,3.89449875291812,4.92805004361232,,,,,,4.94753277315992,6.42894187313576,,
1040.82775,,,,,,,2.05389910978013,,2.09646471421474,3.66828438922227,4.88925604792358,,,,,,5.1244252564885,6.11694413406273,,
1041.42775,,,,,,,1.96021256913876,,2.46546489487709,3.24429369961466,4.76125536860029,,,,,,5.28331189338789,6.61307881463598,,
1042.027775,,,,,,,2.94516031659362,,1.86146123695835,2.75997404046035,4.41434114271858,,,,,,5.14616068669233,7.28434866426297,,
1042.627775,,,,,,,1.71751509327289,,1.87299546603377,3.94967192005163,5.25944968068209,,,,,,5.14130367760622,6.02875095767913,,
1043.2278,,,,,,,2.30892044992007,,1.70569113580448,3.58879121669765,4.35544032124181,,,,,,5.16385978274713,7.27960545658326,,
1043.827825,,,,,,,2.22839344622248,,2.5115082494533,3.45348900001259,4.23858975566747,,,,,,5.21470268185607,6.38776733019359,,
1044.427825,,,,,,,1.58920802432678,,2.90934429555252,3.55134373849766,4.12723241800136,,,,,,5.83847575115063,5.97163719928888,,
1045.02785,,,,,,,2.34140639383073,,2.16415979934941,3.32201762157245,4.55836245836255,,,,,,5.3803340678056,6.15203068666122,,
1045.627875,,,,,,,2.23241119939716,,2.03904507988881,3.69340499333814,4.09179211810468,,,,,,5.46533047707039,6.42937612458416,,
1046.227875,,,,,,,1.60182837835453,,2.59918599502136,3.79948295081817,4.18868483590673,,,,,,5.51388363951691,6.48527626722495,,
1046.8279,,,,,,,1.80518714410833,,2.67690134024417,3.16770329781232,4.1946640528716,,,,,,5.75616274535295,6.85044776282367,,
1047.427925,,,,,,,2.15028001591008,,2.83306353845654,2.8148035180246,4.67354831673631,,,,,,5.53970030120533,6.09328340717656,,
1048.027925,,,,,,,1.72844090133426,,2.27147370081526,4.35602210484046,4.70997340459221,,,,,,5.05787566671845,5.39814761862308,,
1048.62795,,,,,,,2.1347044522454,,2.3066634477588,3.43139874153912,4.32435243882222,,,,,,5.66409188016137,5.98605760059262,,
1049.227975,,,,,,,1.87647607354945,,2.76057803999456,3.00040289207611,4.82106941514477,,,,,,5.67381872520065,5.94725174170849,,
1049.827975,,,,,,,1.84112941441856,,1.89326814907038,3.77858740349223,5.06706235721139,,,,,,5.1318873624414,6.45829161862127,,
1050.428,,,,,,,1.44565517864028,,2.40978817161729,4.04470893820724,4.69743796090685,,,,,,5.276013748238,6.22466933987999,,
1051.028,,,,,,,1.76460651069939,,1.60938607836067,3.9661961845634,5.48217877186393,,,,,,4.57330841695784,7.15520826451398,,
1051.628025,,,,,,,2.15878500360479,,1.89594823307535,3.2356878330364,5.43087090479429,,,,,,5.15350780818591,6.25289358880279,,
1052.22805,,,,,,,2.12050982155619,,2.34438465812429,3.00663742806528,4.73537528355194,,,,,,5.82401655964732,5.92445506751212,,
1052.82805,,,,,,,2.69448160281889,,2.25826938378584,3.17383245871585,4.32891484883257,,,,,,5.15664125467696,6.28999256563243,,
1053.428075,,,,,,,2.13273257146447,,2.80247246835994,3.11244568991077,4.75842911088534,,,,,,5.47013868831879,5.44812711123716,,
1054.0281,,,,,,,1.52748532204268,,1.86869262683012,4.23200875882808,5.14691308357514,,,,,,4.6534389939761,7.06771762029483,,
1054.6281,,,,,,,1.53656802524066,,2.63960031777568,3.95356654861507,4.40092557493298,,,,,,5.44243561363751,5.95982809101106,,
1055.228125,,,,,,,2.59230144461901,,1.93300571888061,3.86725548639162,3.97770433268513,,,,,,5.10963752694349,6.19813518081527,,
1055.82815,,,,,,,2.52875442602826,,2.08496354976266,3.92682100361228,4.54658361842211,,,,,,4.96756275188486,5.18691701896644,,
1056.42815,,,,,,,3.21184463016655,,1.74651408280223,3.62835253607481,4.20006262828351,,,,,,4.84493658317682,5.65546461820467,,
1057.028175,,,,,,,2.28034053929108,,2.11407624585045,3.11578232519489,4.79742401495314,,,,,,5.90487278805896,5.3875957677338,,
1057.628175,,,,,,,1.14481656075656,,2.43820394429282,3.6781386448521,5.20034610943376,,,,,,5.22986817973728,7.06272127654582,,
1058.2282,,,,,,,2.36906012202278,,2.18205277656961,3.25454701796957,4.66991484228302,,,,,,5.25561038531406,6.27058443592144,,
1058.828225,,,,,,,2.97357458038508,,1.52048454959371,3.22639364322049,4.94065805659682,,,,,,5.08382165855941,5.87286914330037,,
1059.428225,,,,,,,2.40498641598759,,1.64432738292761,4.06372087294927,4.42540829144769,,,,,,5.04337484517443,6.08389476931591,,
1060.02825,,,,,,,2.29443383366286,,2.14445699941164,3.6382815278223,4.34639635454127,,,,,,5.26338147682286,6.15867432990614,,
1060.628275,,,,,,,1.95022257153635,,2.26117047307535,3.34047880843453,5.10094590413404,,,,,,5.2249952119485,6.29553646723833,,
1061.228275,,,,,,,1.82349514111673,,2.8214022922757,3.03050988147494,4.19348325882754,,,,,,5.78392883955496,6.80972072237826,,
1061.8283,,,,,,,2.07837629411814,,2.3710130649026,2.93836190977953,5.34418998161921,,,,,,5.35276352374999,6.03400548917615,,
1062.428325,,,,,,,1.81548063837586,,2.5160513890206,3.46622443009462,4.53461611979465,,,,,,5.49590146981058,6.31457582862223,,
1063.028325,,,,,,,2.23864618422808,,2.1635312987929,3.09748174269756,4.83523954296221,,,,,,5.37115147595568,6.50019232077002,,
1063.62835,,,,,,,2.45088549064528,,2.35020096850933,3.51725666616735,4.21337255618795,,,,,,4.96448691770811,6.51884635636405,,
1064.228375,,,,,,,1.81321629081386,,2.11895202393231,3.42797106215582,4.59363332723242,,,,,,5.70960748105002,6.62330616084737,,
1064.828375,,,,,,,1.27892888363587,,3.11997744917241,3.25394135422361,4.47158331560528,,,,,,6.07840499486502,6.00078080158858,,
1065.4284,,,,,,,1.54172041169418,,2.48893119025623,2.93261895020084,5.05159754968989,,,,,,5.43290949864149,7.61342705425367,,
1066.0284,,,,,,,1.44868315736337,,2.82934303346106,3.39627572766215,4.88915617445434,,,,,,5.80026844331494,5.57583180890484,,
1066.628425,,,,,,,1.71183743346414,,2.60525547397511,3.51912375700098,4.21646398105673,,,,,,5.76820024459577,6.29547319620071,,
1067.22845,,,,,,,1.64036804501921,,2.54531319891912,3.49775911454556,4.22616837009359,,,,,,5.68699259552273,6.80668636828658,,
1067.82845,,,,,,,2.38389436647262,,2.20219466912574,3.29850917674896,4.45121190545646,,,,,,5.19135560143389,6.61665649916144,,
1068.428475,,,,,,,2.03104309531488,,2.17988244570673,3.37742308710567,4.83000801869872,,,,,,5.22637344203362,6.63627525075909,,
1069.0285,,,,,,,1.9909124213504,,2.39462722916838,3.11015044978946,4.64602199646774,,,,,,5.45406865929748,6.85379958004782,,
1069.6285,,,,,,,1.96464714401712,,2.18161570340541,3.89143288536492,4.96974666147184,,,,,,4.70658205699513,6.36449245168155,,
1070.228525,,,,,,,1.9839243067224,,2.49667908085692,2.96098234073327,5.21002227710339,,,,,,5.0962355811182,6.77019397878203,,
1070.82855,,,,,,,1.84195198586621,,1.85400037599154,3.76900382100453,5.17744069529748,,,,,,5.16975879116594,6.27467099013418,,
1071.42855,,,,,,,2.053990911869,,2.44115674847976,3.21513596627229,4.75757288432832,,,,,,5.49694094284574,6.04156220681266,,
1072.028575,,,,,,,1.86400914248729,,2.05391197526375,3.68083592384704,4.75898532317896,,,,,,5.30133058615881,6.53850205380939,,
1072.628575,,,,,,,1.31270780304107,,2.61724520790295,4.2384288669272,4.14708190307209,,,,,,5.46376382467188,6.30612375606619,,
1073.2286,,,,,,,2.28317356591773,,2.03835252794953,4.02351038044507,4.48021547558769,,,,,,4.94868470434088,5.84897963386078,,
1073.828625,,,,,,,1.81243901608936,,2.09412343580857,3.62592094145066,4.52036552256662,,,,,,5.56806141421697,6.61051683453855,,
1074.428625,,,,,,,1.75140105637908,,2.30937731720491,4.13537723477211,3.63340736799462,,,,,,5.45919261121342,6.93552793233285,,
1075.02865,,,,,,,1.97041203136586,,2.48506319692082,3.48395939335797,4.1245158854319,,,,,,5.6945310045988,6.24931439842362,,
1075.628675,,,,,,,2.15177616284288,,2.20992377066718,3.4037255141484,4.55637054503461,,,,,,4.92015616920958,7.33392422939309,,
1076.228675,,,,,,,2.51870296779395,,1.73248129524079,3.64032909311506,5.03987722748946,,,,,,4.60380959706187,6.46911811120656,,
1076.8287,,,,,,,2.43776113641905,,2.56122708258294,3.46900340635496,3.46144143197525,,,,,,5.41992069907503,6.68385467157635,,
1077.428725,,,,,,,1.46610082624765,,2.57737380299253,3.51240744786683,4.76176291964793,,,,,,5.37646481791065,6.84652775034413,,
1078.028725,,,,,,,1.40143915754669,,2.33673335507896,3.58602899827912,5.33514632767436,,,,,,5.40565891710508,6.19046947640387,,
1078.62875,,,,,,,1.98673258942792,,2.04190864059616,3.45770814219614,4.78261450927549,,,,,,5.23666605817657,6.88411217047882,,
1079.228775,,,,,,,1.45327427697873,,2.0833205601425,3.79120573022115,5.52701560054135,,,,,,4.98573116425734,6.56005155396748,,
1079.828775,,,,,,,1.3811357849036,,2.58222153251889,3.52719898158655,4.95720905690014,,,,,,5.51832800894909,6.3719014554743,,
1080.4288,,,,,,,2.22657144933642,,1.57878340307875,3.72519861838115,5.50086792306852,,,,,,4.62143340109958,6.4517298107619,,
1081.0288,,,,,,,2.3671179746854,,1.9501912467187,3.80711949864026,4.68576616030268,,,,,,4.72941556194562,6.41998106827308,,
1081.628825,,,,,,,2.12334167597274,,2.07178084582099,4.01828275993393,4.64958846026019,,,,,,5.03224861537572,5.73820057456366,,
1082.22885,,,,,,,1.79672581154373,,2.33577034636179,4.05722088138729,4.56554786329308,,,,,,5.25848020783759,5.68008984896186,,
1082.82885,,,,,,,1.67613936869919,,2.63252912356485,3.79412420179661,4.44771453142341,,,,,,5.27727778527256,6.26113864702244,,
1083.428875,,,,,,,2.41736262221383,,1.88401239841523,3.67478827992283,5.05966700185954,,,,,,4.72712358071804,6.06628422177064,,
1084.0289,,,,,,,1.93589712535193,,2.54055145706988,3.70172387971379,4.34223708976944,,,,,,5.4345796024194,5.84011353604756,,
1084.6289,,,,,,,2.13748814809341,,2.16935135664066,3.01439843095902,5.12916305766954,,,,,,5.16558255327505,6.86026930379285,,
1085.228925,,,,,,,1.72455618473501,,3.20489164329321,3.79901227325502,3.79702046476527,,,,,,5.68196773562287,5.35716975100022,,
1085.82895,,,,,,,2.0987426514038,,2.41243003539549,3.13208415632232,5.23623204389895,,,,,,5.12305888556322,6.09648765193891,,
1086.42895,,,,,,,3.14397907006976,,1.99244993245821,2.25661560644656,4.87537091563401,,,,,,5.18961338481221,6.82637228198224,,
1087.028975,,,,,,,2.17354735694542,,1.92724472013033,4.26553743506954,4.56807270561071,,,,,,4.65238498850568,6.21246705005876,,
1087.628975,,,,,,,2.01482377246696,,1.97065577229198,4.44881173833451,3.90524701527381,,,,,,4.90212493909756,6.77894729951235,,
1088.229,,,,,,,1.47878510955812,,2.428351136344,4.09170216786201,4.80665325801769,,,,,,5.07165127213767,6.21352764338631,,
1088.829025,,,,,,,2.11050849514861,,1.9116898126664,3.85396530238779,4.88852277719838,,,,,,5.00047852542416,6.12051779085788,,
1089.429025,,,,,,,2.89300374272381,,1.77954643184438,3.30653104782925,5.0557080420824,,,,,,4.5091570966766,6.38546795935096,,
1090.02905,,,,,,,2.41261341221684,,2.1368177609754,3.35086527790438,4.82481671164352,,,,,,5.17470124705527,5.88903062875522,,
1090.629075,,,,,,,1.7680531349209,,2.23819819391948,3.53367063114432,4.93492177444334,,,,,,5.48206349183222,6.10568429098402,,
1091.229075,,,,,,,1.6012645549744,,2.47926349504457,3.98547122005441,3.98263017054719,,,,,,5.65485995390941,6.33380372941486,,
1091.8291,,,,,,,2.25718469130652,,1.87091348157507,3.50691763809549,5.10853771631565,,,,,,4.71821018981308,6.86514456880736,,
1092.429125,,,,,,,1.9063969390686,,2.0644663522336,3.47825093228397,5.09219016081405,,,,,,4.82715858985185,7.29790211606029,,
1093.029125,,,,,,,2.00765669552687,,1.9434805918665,3.77454808111152,4.67021170392409,,,,,,4.93158166238817,7.07350501829283,,
1093.62915,,,,,,,2.17230614294221,,1.71420255298111,4.16363747467908,4.45748291887245,,,,,,4.93792783154675,6.48177156718286,,
1094.229175,,,,,,,2.70463383168503,,2.50685596638143,2.69763320908544,4.44490088861235,,,,,,5.71175182839872,5.59510159333607,,
1094.829175,,,,,,,2.67318857584522,,2.0779434282147,2.72182370653874,5.11904556738292,,,,,,5.23334977184624,6.21759316938193,,
1095.4292,,,,,,,1.88217386191224,,2.44752937616003,2.75125323528444,5.0329465536608,,,,,,5.73070388639516,6.64913248011225,,
1096.0292,,,,,,,1.95666758983109,,2.18631480688046,3.7984590618289,4.28374632773547,,,,,,5.32363883739705,6.56452876248106,,
1096.629225,,,,,,,2.11413427499519,,1.96302995890902,3.76880276251528,4.74956548131918,,,,,,5.1944666839459,6.07070427040428,,
1097.22925,,,,,,,2.38606189222529,,2.04203740084014,4.03634737184736,4.49308079302653,,,,,,4.73499215549709,5.96149493757489,,
1097.82925,,,,,,,2.36889890087205,,2.15436339300027,4.07225666927124,4.56809016532789,,,,,,4.75004466051874,5.53321026445187,,
1098.429275,,,,,,,2.56359957279362,,1.82801092268305,3.61635771852992,4.7382090121415,,,,,,4.91710425130621,6.11851634311948,,
1099.0293,,,,,,,2.38502699496511,,1.57694302735814,3.96004895058959,4.89181266886587,,,,,,4.74654744203201,6.29716069146671,,
1099.6293,,,,,,,2.13760669889157,,2.15904652842641,3.65362108661354,4.41091873072446,,,,,,5.23699537168799,6.44690735995589,,
1100.229325,,,,,,,2.27691410766946,,1.8251167024814,3.54227228457786,4.95878667773044,,,,,,5.0737612922717,6.33953524907184,,
1100.82935,,,,,,,1.92126026429382,,2.63796720770461,3.4704271991879,4.11703617811505,,,,,,5.77012027208017,5.97464779328017,,
1101.42935,,,,,,,2.43019114117154,,2.29477078466239,3.27670018774049,4.67865826427122,,,,,,4.93572719445434,6.49161341786681,,
1102.029375,,,,,,,1.82563635242554,,2.50685717127764,3.87636189041994,4.40260928181383,,,,,,5.04786667171947,6.46428454354558,,
1102.629375,,,,,,,1.87626141107382,,2.32582360969377,3.15625076030929,4.96653201939925,,,,,,5.64260934085344,6.19557242036208,,
1103.2294,,,,,,,1.91777891242446,,2.56839878859566,3.19756385030335,4.9938830834313,,,,,,5.36534280322896,6.04788798400065,,
1103.829425,,,,,,,1.66127592335709,,2.24627866063911,3.00946959991735,5.68969540480675,,,,,,5.45197057383458,6.36678839185015,,
1104.429425,,,,,,,2.46427050535117,,1.92250186045318,4.12903919509549,4.20670727451126,,,,,,4.71822759674609,6.31002163851189,,
1105.02945,,,,,,,2.28734711798732,,2.38541656342801,3.62235825140326,3.58824722688397,,,,,,5.48597769831784,6.66955408084942,,
1105.629475,,,,,,,2.52960665480057,,1.25432395682886,3.88441532249693,5.16405359520451,,,,,,4.74336995810627,6.23182950673369,,
1106.229475,,,,,,,1.86126435263756,,1.97511130679811,4.25079036757635,4.75869210400192,,,,,,4.484171316835,6.99255456019173,,
1106.8295,,,,,,,2.31502039593177,,2.13240123289514,3.81278055332939,3.80405819264205,,,,,,5.02172557887438,7.18872520412846,,
1107.429525,,,,,,,2.05775120146233,,2.02263968647924,3.24757204384072,5.91711929075498,,,,,,4.77002181138178,6.16615786877968,,
1108.029525,,,,,,,2.56170528510685,,1.97149552426241,2.80403087405025,5.39697148559664,,,,,,5.1106125443065,6.26437228708077,,
1108.62955,,,,,,,2.67888410998272,,1.95315119585902,3.11713756771697,4.16767068387396,,,,,,5.47733399871175,6.68046473931424,,
1109.229575,,,,,,,2.26348899288173,,1.88358327869962,3.90214636951489,4.33868427954779,,,,,,5.2730184663019,6.07878044109094,,
1109.829575,,,,,,,1.97503259117495,,2.60488693359698,3.5767071613987,4.5024703375075,,,,,,5.38721619990288,5.73109400251279,,
1110.4296,,,,,,,1.88386877817209,,2.20916268543926,3.85657164111067,4.8355534995929,,,,,,5.128506405412,5.97229167279177,,
1111.0296,,,,,,,2.44704935729867,,2.69516885711137,3.24448831223653,3.55068877448505,,,,,,5.61786910568078,6.38288431396832,,
1111.629625,,,,,,,1.94535217886771,,2.27538811691417,3.0214812230066,4.87613581854244,,,,,,5.6177677305797,6.66182702402027,,
1112.22965,,,,,,,2.10594743370917,,1.55449723544958,3.85131075296453,5.08221426275669,,,,,,4.77515694686461,6.94572852207415,,
1112.82965,,,,,,,2.01834636916749,,1.88474955467266,3.62970285138139,4.97654900918676,,,,,,5.10869712433112,6.58848372153471,,
1113.429675,,,,,,,1.67271075105991,,1.9714750316765,3.48953142556917,5.27241096299291,,,,,,5.25512740639827,6.84269958325717,,
1114.0297,,,,,,,1.96015515919679,,2.1328977794753,2.94398268535282,4.96934306081808,,,,,,5.57450154826267,7.01041801367482,,
1114.6297,,,,,,,2.35672033880044,,1.94695356953823,3.38462763269909,4.92075765187238,,,,,,5.31371029664127,5.85175999566969,,
1115.229725,,,,,,,2.48690329685619,,2.22543817747447,3.30118055847077,4.50441462045367,,,,,,5.20972609651344,6.1559151410639,,
1115.82975,,,,,,,1.68429407652517,,2.25561262913054,3.58506399175925,4.6094270410025,,,,,,5.55357011435887,6.61037119385997,,
1116.42975,,,,,,,1.9175774683278,,2.41067197711451,3.32524830203574,4.65829990520034,,,,,,5.48050098282837,6.40391197253157,,
1117.029775,,,,,,,2.42783818181932,,1.78791175248952,3.5120526576224,4.61180210803585,,,,,,5.01706680835234,6.83717334360997,,
1117.629775,,,,,,,2.56864396255446,,2.3595746149838,3.32514804527731,4.13055870739645,,,,,,5.09109702373096,6.55192692820288,,
1118.2298,,,,,,,1.59619390779225,,2.28123461740247,3.3947319765487,5.54366069202433,,,,,,5.32246241046791,6.05059110841644,,
1118.829825,,,,,,,1.81069134765426,,2.65429027831384,3.23336469181242,4.73755785529143,,,,,,5.23704310606087,6.8149750242271,,
1119.429825,,,,,,,1.25814258493408,,3.03143874215185,2.99433681833043,4.74950559479039,,,,,,5.8945367666422,6.7522537168352,,
1120.02985,,,,,,,1.49299780552604,,2.76665123722068,2.98635149057395,4.78344972218018,,,,,,5.87032697538457,6.64599546171113,,
1120.629875,,,,,,,1.589478505094,,2.18905892915471,4.55827288281468,4.53268899878293,,,,,,4.93063037843718,6.01236759861519,,
1121.229875,,,,,,,2.61828548204622,,2.42965181549362,3.52289741737556,3.71007097425749,,,,,,5.43069538899825,5.84659982996123,,
1121.8299,,,,,,,1.85402515264346,,2.17471527116364,3.74097849527693,4.61955624747357,,,,,,5.37551334114327,6.28147982837932,,
1122.429925,,,,,,,1.7843510797627,,2.14982826903035,3.93055237187021,4.7094259056404,,,,,,5.12598154302555,6.40187824501165,,
1123.029925,,,,,,,1.58682367408334,,2.49501215183131,3.76893909088377,4.80433812327166,,,,,,5.19737546066842,6.34293169533131,,
1123.62995,,,,,,,1.82557072558393,,1.83272881451965,3.86058157947229,4.83448172338019,,,,,,5.00311044722578,7.10624230461274,,
1124.229975,,,,,,,2.1299043857786,,2.27236391037878,3.43975767996636,4.67707385106454,,,,,,5.30364206554369,6.15710952688205,,
1124.829975,,,,,,,0.81567828950242,,2.16430880160039,4.2887166324569,5.09984331902404,,,,,,5.32141282292629,6.93367385213558,,
1125.43,,,,,,,2.34629540379334,,1.76811479996128,2.81292933093296,4.98716090710653,,,,,,5.74972190170745,6.61188392236526,,
1126.03,,,,,,,2.64598170605957,,1.76235205627188,3.6667707441209,4.63367087811972,,,,,,4.98952220222207,5.93885262918842,,
1126.630025,,,,,,,2.11745601850765,,1.44595545547479,4.01517387886856,5.13542316072998,,,,,,4.62110476225656,6.94175665794963,,
1127.23005,,,,,,,1.8751704895747,,2.40092064127546,3.90880945646548,3.90625079168961,,,,,,5.55522498977639,6.29594736968157,,
1127.83005,,,,,,,1.20817778510423,,2.79921909739725,3.53714258690653,4.32493861909044,,,,,,6.14954313380343,6.21798362663213,,
1128.430075,,,,,,,1.70022248566384,,2.14934131846427,3.849848973095,4.52033316278897,,,,,,5.46262052447821,6.46588629636155,,
1129.0301,,,,,,,2.91104570456211,,2.01963518126406,2.87331941714936,4.51558717621816,,,,,,4.98132111857076,6.94969270252069,,
1129.6301,,,,,,,1.87311210771295,,2.0984275731736,3.49571693387528,4.813678373899,,,,,,5.3645189257145,6.65767791448976,,
1130.230125,,,,,,,1.56564923031157,,2.01062954629304,3.77231380063707,5.29728807621003,,,,,,4.97321169661731,6.89354844852547,,
1130.83015,,,,,,,1.80043358234398,,2.51903577560877,3.2387707947052,4.86481177907376,,,,,,5.28140797913091,6.76360768750426,,
1131.43015,,,,,,,2.3542815220384,,1.74924252141784,4.02809826794093,4.55993584877304,,,,,,4.86707209859662,6.23036147676659,,
1132.030175,,,,,,,2.39405916401778,,1.02041313182206,3.55204005306424,5.831564543635,,,,,,5.01358779927156,6.08549139166825,,
1132.630175,,,,,,,2.16909606564854,,2.26073019831917,3.61842359162336,4.05054237870088,,,,,,5.46322576252521,6.43791422248549,,
1133.2302,,,,,,,1.58885174693442,,2.6055995085846,4.04214262778089,3.92138305234944,,,,,,5.86271940243872,5.65806219244789,,
1133.830225,,,,,,,1.57861713646023,,2.39526672395664,3.77324137268303,4.41962603810532,,,,,,5.46939361087867,6.67661429970637,,
1134.430225,,,,,,,2.32609099781739,,1.20385500947203,3.28368089365727,6.06602604003132,,,,,,4.78543596249834,6.63341986022757,,
1135.03025,,,,,,,2.93332882012103,,1.67604309184426,3.53862242851662,3.72336033433446,,,,,,5.47066208322865,6.31104523492068,,
1135.630275,,,,,,,2.39257082517386,,1.57194862770525,3.37039438081279,5.21809147120051,,,,,,5.03200219225931,6.56197094715941,,
1136.230275,,,,,,,1.7263602199207,,2.56805909588077,3.14784139017225,4.84472125684591,,,,,,5.53604528434327,6.59501744083322,,
1136.8303,,,,,,,1.9427314175446,,2.9029711092956,3.34007594920242,4.11779221847363,,,,,,5.83621470149401,5.5927651996196,,
1137.430325,,,,,,,1.59113609488103,,2.34515032789953,3.55828584511463,4.77657861663804,,,,,,5.80078559107493,5.92875647120594,,
1138.030325,,,,,,,2.53441050895217,,1.81496394968242,3.06309877967572,4.96219694184422,,,,,,5.24407507728817,6.50518168254432,,
1138.63035,,,,,,,1.87255275055685,,1.58845925415608,3.90483847583872,5.53724863959735,,,,,,5.1307026734402,5.79107613833013,,
1139.230375,,,,,,,2.08437757088309,,2.10848195916887,3.66267429420352,4.28934692233154,,,,,,5.27909126549263,6.79645009474502,,
1139.830375,,,,,,,1.03294199328723,,2.06124659376462,4.06289309881358,5.58547649658034,,,,,,5.33093074482368,6.21139352501773,,
1140.4304,,,,,,,2.50362164931344,,1.60011677115335,3.65877475356337,4.7117420582714,,,,,,5.31888092354287,5.81541006057302,,
1141.0304,,,,,,,2.44373544847839,,1.37125618813081,4.42680322875241,4.43171305905578,,,,,,4.81515155754872,6.06862806083091,,
1141.630425,,,,,,,2.17171843658988,,1.55200904272379,3.89108779395395,4.21206253651973,,,,,,5.56066508463901,6.61505488731512,,
1142.23045,,,,,,,1.56440654760405,,2.35717820416274,3.3973553689613,4.6229643741164,,,,,,5.96056478614092,6.32258636419686,,
1142.83045,,,,,,,2.54305809369612,,2.13162241185686,3.07501031567035,4.56691297303692,,,,,,5.38280667014813,6.27344579592022,,
1143.430475,,,,,,,1.40847228336127,,2.37998447393201,3.37457220761018,5.32949138598759,,,,,,5.5810198671713,6.25785453275016,,
1144.0305,,,,,,,2.84270705080895,,2.18936534092621,2.91854430159568,4.64695757079826,,,,,,5.10866615848472,6.1853275382489,,
1144.6305,,,,,,,1.79063653170278,,2.34416551687525,3.38154023560685,4.59176958178986,,,,,,5.956828039644,5.85047620809823,,
1145.230525,,,,,,,1.68418902525299,,2.14772487803302,3.1505104208458,5.23505757895659,,,,,,5.72809715909402,6.39360798513046,,
1145.83055,,,,,,,1.23922586711484,,2.54800114591785,3.71489976121461,4.62510011006344,,,,,,5.85311410586356,6.25018358513603,,
1146.43055,,,,,,,2.36280079774245,,2.22848213117577,2.9860578672579,4.51593586198503,,,,,,5.28807119156731,7.07981612695906,,
1147.030575,,,,,,,2.40540791305518,,1.79506918472483,3.25428732784001,4.7906122031389,,,,,,5.08619505775972,7.05418359933361,,
1147.630575,,,,,,,2.79520736011094,,1.76034730843182,3.11227784594098,4.41043705517964,,,,,,5.44385642368911,6.38159039273889,,
1148.2306,,,,,,,1.56735848927048,,2.67744007570038,3.96353442298811,3.9092835009543,,,,,,5.74984363298229,6.03194589126464,,
1148.830625,,,,,,,1.9814878486745,,1.85168722834941,3.51705723198528,5.18256828312629,,,,,,5.1627999234955,6.54141389942296,,
1149.430625,,,,,,,2.06714161392396,,2.19445065318401,3.64123334359198,4.30407687475342,,,,,,5.18219111068579,6.90690656426582,,
1150.03065,,,,,,,2.10328820545649,,2.00141940236679,3.14799627450475,5.65982110489532,,,,,,5.18780109604451,5.92653640290749,,
1150.630675,,,,,,,2.08390341553797,,1.72411968732181,3.83976468812504,5.31307986158744,,,,,,4.98213570834405,5.85138044784729,,
1151.230675,,,,,,,3.11465723523211,,1.78573791006561,3.648374634708,3.59979981188067,,,,,,5.17380037431885,6.19311019815077,,
1151.8307,,,,,,,2.59759264705353,,1.52499377606937,3.44620109280103,5.03050799570123,,,,,,4.89781620693522,6.54222007308124,,
1152.430725,,,,,,,1.76807802750986,,2.57146776298357,3.42952293309313,4.11462586318957,,,,,,5.95779559109483,6.22208153262291,,
1153.030725,,,,,,,1.73263334053667,,2.58795003972985,3.09179859596121,4.76236269465175,,,,,,5.85385050786879,6.16294468183078,,
1153.63075,,,,,,,2.32027084161645,,2.66829742851852,2.68812485462827,4.40720845519784,,,,,,5.85657834072048,6.09472653468158,,
1154.230775,,,,,,,2.98163313924317,,1.73032057694931,2.92626456911716,4.96588681679576,,,,,,5.33398191146902,5.62486357681371,,
1154.830775,,,,,,,1.59371753900823,,2.25535252789508,3.59725201035868,4.37726997742445,,,,,,5.80846434316719,6.70970184642801,,
1155.4308,,,,,,,1.4409686444609,,2.76946671679545,3.25166025233544,4.77921628246372,,,,,,5.8860537595953,6.09236849126452,,
1156.0308,,,,,,,2.17229824043175,,2.11331979350863,3.59732875351751,4.30390121435958,,,,,,5.38813492208826,6.4608987889107,,
1156.630825,,,,,,,1.53277089951602,,2.63380140301991,3.32739295506497,4.9825795475611,,,,,,5.88160272591401,5.55889001971743,,
1157.23085,,,,,,,2.0855183702224,,2.44224707286378,3.06751833339998,4.30282113591201,,,,,,5.63853433385835,6.85587016477025,,
1157.83085,,,,,,,2.24060323476482,,1.51632390605849,3.92964359803407,4.85414422654201,,,,,,5.18821127657257,6.01505151306576,,
1158.430875,,,,,,,2.44774860592197,,1.75105496652317,4.44902859920506,3.82440770548131,,,,,,4.79562960056794,6.42099701688306,,
1159.0309,,,,,,,2.43797041472589,,1.92576362392606,3.49173394645457,4.61662972796111,,,,,,5.30056173931572,5.99196566823187,,
1159.6309,,,,,,,1.73474374081734,,1.67231085769936,4.32595492812984,4.55660033382908,,,,,,5.24795298164158,6.48926104192446,,
1160.230925,,,,,,,2.26786958338158,,2.09392567429945,3.23478300541836,4.95830357879938,,,,,,5.12307072958937,6.51040401930459,,
1160.83095,,,,,,,2.74220550106782,,1.62436258265128,3.10780180590694,4.98605444176201,,,,,,5.08216822404144,6.50429716132475,,
1161.43095,,,,,,,2.67007975253245,,2.05228476727044,3.62300157940331,3.95621201196842,,,,,,5.28366430798459,6.04472139358653,,
1162.030975,,,,,,,1.97970770666852,,2.46860027396882,3.544841180804,4.4009578777091,,,,,,5.28846569098879,6.45258644947386,,
1162.630975,,,,,,,2.29757723949545,,2.18986573945845,3.10640598944692,4.76631627720139,,,,,,5.51657075132757,6.09117670585409,,
1163.231,,,,,,,1.75335643516751,,1.87712765566407,4.05580832458648,4.96126387313705,,,,,,5.34872126675875,5.76958132856258,,
1163.831025,,,,,,,2.28921896440537,,1.63227378633162,4.0514041963498,4.25553095006083,,,,,,5.491857774682,5.81399770834943,,
1164.431025,,,,,,,2.24295866421836,,2.47394426469104,2.93416215216389,4.38081246521057,,,,,,5.65364341750018,6.53484398593297,,
1165.03105,,,,,,,1.93639803296476,,2.64664835874351,3.6204428582408,3.76183804613045,,,,,,5.77452324038665,6.18250855246098,,
1165.631075,,,,,,,2.02062412434251,,2.37890554879783,3.26225701106311,4.83854260221432,,,,,,5.44508872103997,6.09365282194553,,
1166.231075,,,,,,,1.69372299412423,,1.56160379218737,4.03817838756513,4.86793450564135,,,,,,5.47757186700511,6.47852765592563,,
1166.8311,,,,,,,2.37435275124761,,1.82210943620243,4.0940719480708,3.95234778470078,,,,,,5.14342126822666,6.40071963838493,,
1167.431125,,,,,,,1.9268272692235,,2.32626939773347,3.93334845264439,4.38051126821566,,,,,,5.05539109779696,6.4250736033798,,
1168.031125,,,,,,,2.32020195388057,,1.73414216956958,3.48048574511742,4.92004799816594,,,,,,5.18825579395774,6.38374874099796,,
1168.63115,,,,,,,2.16991547596262,,2.42111165884079,3.27107840228023,4.54384916102231,,,,,,5.62678097310219,5.74989237216607,,
1169.231175,,,,,,,2.20430316118397,,2.26560002660159,3.6285166017582,4.19123920498564,,,,,,5.61346654906639,5.73783467429427,,
1169.831175,,,,,,,2.18072570621522,,2.95061634638257,3.04338936349265,3.96500587604447,,,,,,5.80597435536837,5.95016708755378,,
1170.4312,,,,,,,2.41553047225094,,2.30845942796131,3.04239350992743,3.95950990108183,,,,,,5.8192831880253,6.54545774690669,,
1171.0312,,,,,,,2.18593101342043,,2.29533298205782,3.3211478033294,4.20791419107953,,,,,,5.579314766658,6.53679479139545,,
1171.631225,,,,,,,1.61707474592136,,2.01567229381312,3.51669290000777,5.22688611284446,,,,,,5.5358966044004,6.33161921664509,,
1172.23125,,,,,,,1.74509447086352,,1.97919179011334,3.81980931804377,4.75307513716205,,,,,,5.22410120586451,6.82476652345543,,
1172.83125,,,,,,,1.71228821529136,,2.42691893901821,3.65418020316555,4.53855789679181,,,,,,5.73994308591594,5.77239410652111,,
1173.431275,,,,,,,3.0563400145113,,2.07247374883365,2.56270571535394,4.74800480966124,,,,,,5.02732347798338,6.71553815034463,,
1174.0313,,,,,,,2.65334381423848,,1.71015551690391,3.03679039351654,5.35184664092989,,,,,,4.96615136001916,6.32876978288562,,
1174.6313,,,,,,,1.92368945114655,,2.6103529123099,3.37959712400755,4.29427234886825,,,,,,5.5983272924291,6.28495206506665,,
1175.231325,,,,,,,2.15850596147698,,3.06152703737298,2.88331652944409,3.92379471999582,,,,,,6.04485920599499,5.76866397254325,,
1175.83135,,,,,,,2.57360827102425,,1.71671669266996,3.00191428992288,5.44259867125003,,,,,,5.03738007716079,6.29995863259037,,
1176.43135,,,,,,,2.47897486134269,,1.71949710018777,3.4661969022015,4.57999111339702,,,,,,4.95688066859383,7.13144779857154,,
1177.031375,,,,,,,2.41278512738261,,1.81681278799168,3.89234897748437,4.69036118272579,,,,,,5.23796069637574,5.2668818217641,,
1177.631375,,,,,,,0.975673724177015,,2.43387508108694,4.01971963299012,4.7651642443554,,,,,,5.73025987808141,6.41281781658603,,
1178.2314,,,,,,,2.05269453686344,,2.54629233697352,3.32461778125871,4.48109148067828,,,,,,5.70948187199562,5.6281998080497,,
1178.831425,,,,,,,2.31725748031018,,2.43935882846081,2.69301816373782,4.62457080211177,,,,,,5.8399590313401,6.16916505416774,,
1179.431425,,,,,,,2.31933730958308,,1.47607882056394,3.87983832820094,5.15282708127076,,,,,,4.76077140438052,6.3596489060617,,
1180.03145,,,,,,,2.56693086349762,,1.97332931390536,3.41061108669905,4.13261434192822,,,,,,5.17488998421744,6.90656994043103,,
1180.631475,,,,,,,1.73503502211378,,2.35135833716598,3.69140170452181,4.35125633679682,,,,,,5.51599934125135,6.57615849035257,,
1181.231475,,,,,,,1.76807554389979,,2.12693525076144,3.87339142702621,4.51848792134014,,,,,,5.54498832241796,6.10043384140917,,
1181.8315,,,,,,,1.68275025659746,,2.16709407985854,3.61229113924642,4.99316846630228,,,,,,5.20388579160855,6.75082327407203,,
1182.431525,,,,,,,1.65993159040844,,2.71867759764547,3.27602809460403,4.19084257144977,,,,,,5.82346730338488,6.75191976888133,,
1183.031525,,,,,,,2.17142767409429,,1.44919652675063,4.2017050847545,4.15879551818475,,,,,,5.40593332605436,6.46132634979648,,
1183.63155,,,,,,,1.4888266092426,,2.04538421706869,4.56344992753093,4.41042890720664,,,,,,5.26326855035115,6.06808335096332,,
1184.231575,,,,,,,2.29031559710098,,1.84464640953002,3.22725671256842,5.16655625479215,,,,,,5.16043289761742,6.49055351695082,,
1184.831575,,,,,,,1.30792152782503,,2.34687010761532,3.4684221809851,5.16466859658995,,,,,,5.79924323848195,6.1974970721284,,
1185.4316,,,,,,,2.73730126969538,,1.26703560491059,3.18295760898182,5.29334703882804,,,,,,5.05636894564398,6.51075732775949,,
1186.0316,,,,,,,2.40594112311461,,2.17806475023025,3.04714702157752,4.4962326658955,,,,,,5.49824291537058,6.50465719640366,,
1186.631625,,,,,,,1.87992754183635,,2.20641063196085,3.18942425563098,5.06525615165107,,,,,,5.31487826394982,6.84057588456137,,
1187.23165,,,,,,,1.49797716866026,,2.35048174514381,3.77278020792879,4.91676360919898,,,,,,5.7775812479748,5.42453625484896,,
1187.83165,,,,,,,2.44144251932451,,1.93923595133587,4.00920200571899,4.56926939425625,,,,,,4.67273191452327,6.0713360429937,,
1188.431675,,,,,,,2.80257992748769,,2.16296974151707,3.20614854404282,4.13287462922965,,,,,,5.18181304753531,6.41014847702222,,
1189.0317,,,,,,,2.07360184146131,,1.91150584170895,3.95066890777689,4.67944144330636,,,,,,5.13421997150391,6.07862048804864,,
1189.6317,,,,,,,1.56107027674569,,2.71094541734248,3.21994408619477,4.99754886190372,,,,,,5.59473959894329,6.17792265956139,,
1190.231725,,,,,,,1.72536522509713,,1.9114905752833,3.86432889453802,5.09020012466098,,,,,,5.17872399299866,6.37673903553201,,
1190.83175,,,,,,,2.76998568276002,,1.76954370591638,3.05430797375377,4.84925881310993,,,,,,5.09773308531646,6.50146672080496,,
1191.43175,,,,,,,1.66650412036423,,2.03732765023556,4.43934357872821,4.06263096163764,,,,,,5.16251725060738,6.76650876193094,,
1192.031775,,,,,,,2.76575669788344,,2.10623307448115,3.0394469570078,3.95174698524496,,,,,,5.28755341528143,7.14102609062361,,
1192.631775,,,,,,,1.53037345537533,,2.62908884768281,3.96177684234678,4.27849564119222,,,,,,5.65137513191828,5.76081376547426,,
1193.2318,,,,,,,1.98054052354587,,2.38937745342516,2.90351890699622,4.78486602291612,,,,,,5.47006856238145,7.11959364753639,,
1193.831825,,,,,,,2.56363564074537,,1.37747629692037,3.99581714531528,4.36661397742457,,,,,,5.1171971124046,6.29688038909808,,
1194.431825,,,,,,,2.64000041138052,,1.63180601835257,3.45932268336731,4.92484153834955,,,,,,5.01742548721547,6.13310551493456,,
1195.03185,,,,,,,2.07399960917953,,2.24454579862616,3.47984320950517,4.25285686252081,,,,,,5.46848338193087,6.68709527492621,,
1195.631875,,,,,,,1.7145813053228,,2.46709097346314,3.39877836606793,4.66051292880721,,,,,,5.6296980383983,6.33451792610625,,
1196.231875,,,,,,,1.66553172876426,,2.03130554355416,4.24021092645306,4.72558700491086,,,,,,5.01889717041236,6.36913285854995,,
1196.8319,,,,,,,1.9453873803116,,1.55809361385314,4.35347506491189,5.17866369379893,,,,,,4.62104052974964,6.2615979746556,,
1197.431925,,,,,,,3.01163821724457,,1.75339667929336,2.9766267712774,4.78923962210021,,,,,,5.08097406688392,6.22848777082227,,
1198.031925,,,,,,,1.94883622490641,,1.96879644198851,3.78676054534722,4.18467901023883,,,,,,5.63666267806853,6.55645435730573,,
1198.63195,,,,,,,2.35755401884493,,1.90743306119774,3.84800919740365,4.00015870285846,,,,,,5.17978424289675,6.73101394530448,,
1199.231975,,,,,,,2.08443131290687,,2.22951066775634,3.26426285153816,4.38976448137507,,,,,,5.37764210950753,7.16649894381884,,
1199.831975,,,,,,,2.04872008213262,,2.17105974450075,3.15377743906748,5.23694407964676,,,,,,5.2535498662337,6.36431633329602,,
